task,model_seed,checkpoint_step,history_regime,trajectory_id,pair_id,generation_seed,hue_u,input_r,input_g,input_b,true_gravity_band,gravity_true,gravity_hat_e3,gravity_hat_e0,fit_rmse,valid,invalid_reasons,outcome,future_r,future_g,future_b,future_color_coordinate,detector_coverage,max_missing_run,max_adjacent_y_jump,output_video_path,output_video_sha256
free_fall,3407,100000,Short,eval_50000,eval_50000_low,17050000,0.0,235,48,48,low,0.023113878874517577,0.024090579962015267,0.021854821413522303,0.0007083325476469011,True,,E3_pass,205.9667230873392,50.95641007599212,51.27336759946697,-0.6013578796168797,1.0,0,0.00587778640346015,videos/behavior/eval_50000_low__short__u00.mp4,f277005bd15f338fdfb6c254b2861e423551aa6fb9910545234b1fffd2fd7aa5
free_fall,3407,100000,Short,eval_50000,eval_50000_low,17050000,0.3,179,65,104,low,0.023113878874517577,0.0248767092793911,0.025051369989245374,0.0015917978710214904,True,,E3_pass,168.49674083769634,64.39683012803899,76.55543900543901,-0.3751907119990163,1.0,0,0.0058215583817730066,videos/behavior/eval_50000_low__short__u03.mp4,f929f9f2daef840534b29a0626972d32fe86dfdbfa04550da76d2404af76c99d
free_fall,3407,100000,Short,eval_50000,eval_50000_low,17050000,0.6,123,83,160,low,0.023113878874517577,0.024642226971825713,0.030640470384430563,0.005682514319946769,True,,E3_pass,106.95595023078467,86.5804666958808,127.08450216450217,0.08600458479596912,1.0,0,0.006853847216466535,videos/behavior/eval_50000_low__short__u06.mp4,0562d71876c25d3ae1956d05ac18383009734408688bdde821358cacf0cfee83
free_fall,3407,100000,Short,eval_50000,eval_50000_low,17050000,0.9,67,100,216,low,0.023113878874517577,0.02439157416617326,0.034699161294764774,0.003975407196752079,True,,E3_pass,55.08065742775055,88.40247028336432,184.66744687565748,0.5405122589995984,1.0,0,0.006605853888071778,videos/behavior/eval_50000_low__short__u09.mp4,9f10f7ccf0288dbc0c1c992f3ebbf62a2083f0251a1234d962232d29ccf7c410
free_fall,3407,100000,Short,eval_50001,eval_50001_low,17050001,0.1,216,54,67,low,0.02276558972269709,0.02422648881701326,0.022520816321398452,0.0007045401130846329,True,,E3_pass,197.12794563766533,55.317945984363895,58.93726221832016,-0.5396698933697581,1.0,0,0.0043119610048742985,videos/behavior/eval_50001_low__short__u01.mp4,8ddff88c095427cab4d738bddaa58887578c96ba871eb25cfa8c1d27d6bbbbe4
free_fall,3407,100000,Short,eval_50001,eval_50001_low,17050001,0.4,160,71,123,low,0.02276558972269709,0.02384388958671837,0.026445223464040046,0.0029466316482112103,True,,E3_pass,147.31034482758622,72.84850758180367,91.08423913043478,-0.23585311697790953,1.0,0,0.006561679790026198,videos/behavior/eval_50001_low__short__u04.mp4,21432c8cb35fd8efdf698adcf81f220e3cfc7fffe8868ebc80e5a43718950ed5
free_fall,3407,100000,Short,eval_50001,eval_50001_low,17050001,0.7,104,89,179,low,0.02276558972269709,0.02481260821290678,0.03226845916326735,0.005948641961581881,True,,E3_fail,87.6849233252623,86.78209947946789,149.56192839418645,0.26081275523982606,1.0,0,0.00722943572450796,videos/behavior/eval_50001_low__short__u07.mp4,9860aabbd854dc42654ed1d62bb029bdde186a1a16974cbf0eb9322e82233775
free_fall,3407,100000,Short,eval_50001,eval_50001_low,17050001,1.0,48,106,235,low,0.02276558972269709,0.02331965214305128,0.035513491499262244,0.0037620085512752033,True,,E3_pass,47.935329560721414,90.33052111873695,194.217277486911,0.6040899154862897,1.0,0,0.006463701631748919,videos/behavior/eval_50001_low__short__u10.mp4,2d172950e8c1071cca689f55084ba89027140c2e4fd270d1fb03800ded62fdde
free_fall,3407,100000,Short,eval_50002,eval_50002_low,17050002,0.2,198,60,85,low,0.01784931609265929,0.01925196035423423,0.017985642856615084,0.0006385152494187925,True,,E3_pass,188.1582286432161,58.80809691546078,65.58040404040403,-0.48308695962609116,1.0,0,0.003800576908084552,videos/behavior/eval_50002_low__short__u02.mp4,daebabe37f8d58692ad5a1ec25840cc6f3bc41659c4bb85fbb85b29f0480f525
free_fall,3407,100000,Short,eval_50002,eval_50002_low,17050002,0.5,142,77,142,low,0.01784931609265929,0.020848919912472584,0.02366165602744522,0.0027580022434914643,True,,E3_fail,132.0203488372093,79.35912164758318,103.52586206896552,-0.12097195984865097,1.0,0,0.004491888178407288,videos/behavior/eval_50002_low__short__u05.mp4,d3c7c5916854ee819b3940399e8f6cc5670252b488636571f29daf9d29d51f9f
free_fall,3407,100000,Short,eval_50002,eval_50002_low,17050002,0.8,85,94,198,low,0.01784931609265929,0.021195765549869655,0.031282298131833614,0.004593726413684937,True,,E3_fail,71.28892423577594,87.44243490728974,166.2259397396519,0.3997097862207786,1.0,0,0.006135021571362698,videos/behavior/eval_50002_low__short__u08.mp4,67d12d6e49961f909d4966d7e8b8278b4a70464505ef7f727c69ccd2ba038800
free_fall,3407,100000,Short,eval_50003,eval_50003_low,17050003,0.0,235,48,48,low,0.023332338981242467,0.024162864150991146,0.02199012654617212,0.0007341088142979533,True,,E3_pass,205.54091255807504,51.095923813029074,51.09592822636301,-0.601803637621293,1.0,0,0.004822420983481068,videos/behavior/eval_50003_low__short__u00.mp4,7281aaad10908c4baf3855c87a72aa916170bebc4ee6ec60e1deb7a40ee68837
free_fall,3407,100000,Short,eval_50003,eval_50003_low,17050003,0.3,179,65,104,low,0.023332338981242467,0.024468022065270163,0.025208136329165274,0.001574889301968839,True,,E3_pass,167.70435938330675,65.02631578947368,77.0670425560478,-0.3702937357433415,1.0,0,0.004980091657390995,videos/behavior/eval_50003_low__short__u03.mp4,010da8ccd943f31dee7fa51b00026777085d94607e72ba203aa29d9a5a314d57
free_fall,3407,100000,Short,eval_50003,eval_50003_low,17050003,0.6,123,83,160,low,0.023332338981242467,0.023778426278392696,0.030961605701466065,0.006515466412309798,True,,E3_pass,107.01686217008799,84.87674150147282,127.18121449408875,0.08609956414336788,1.0,0,0.010676699171727755,videos/behavior/eval_50003_low__short__u06.mp4,48bc651cceea605717678a21342ea2fef8073b6952c6be7d3f97a60de28369b1
free_fall,3407,100000,Short,eval_50003,eval_50003_low,17050003,0.9,67,100,216,low,0.023332338981242467,0.02290663934072383,0.03465621227911068,0.004499334094000405,True,,E3_pass,56.55187074829932,89.83333333333333,187.52271781642673,0.5366017324388308,1.0,0,0.0062087330498632465,videos/behavior/eval_50003_low__short__u09.mp4,3e97f15920a7d0d17678b16768ec9cd25bc32941c83c7c91217d693c021bac46
free_fall,3407,100000,Short,eval_50004,eval_50004_low,17050004,0.1,216,54,67,low,0.011105217056557454,0.009561255601202221,0.009664226140746593,0.000458584217321033,True,,E3_pass,196.59229137199435,54.09628328943518,58.111755578542926,-0.5436919336438473,1.0,0,0.0027779476400535685,videos/behavior/eval_50004_low__short__u01.mp4,e8d62bdb4bac5643e324b7a539e057537a384ee762e47edbbbcc2b11325791a1
free_fall,3407,100000,Short,eval_50004,eval_50004_low,17050004,0.4,160,71,123,low,0.011105217056557454,0.014247267113331654,0.012714619248040562,0.0011034077085166458,True,,E3_fail,150.54724880382776,67.94076655052265,83.16823529411764,-0.2882950343224699,1.0,0,0.004760809393207777,videos/behavior/eval_50004_low__short__u04.mp4,a717950a2ad1b44a5b5c49e29d20665790078c02a6f1a1a09754aa0fa7746079
free_fall,3407,100000,Short,eval_50004,eval_50004_low,17050004,0.7,104,89,179,low,0.011105217056557454,0.018886361224946344,0.023698490485636572,0.0023404981668213912,True,,E3_fail,83.89590330928914,77.39763095551461,121.87862690108942,0.18458418324642775,1.0,0,0.005104534346999756,videos/behavior/eval_50004_low__short__u07.mp4,f142939fae3b5c88f69c946567f4cb6f0a199badd25d14b1e4d83ffc13ec23f5
free_fall,3407,100000,Short,eval_50004,eval_50004_low,17050004,1.0,48,106,235,low,0.011105217056557454,0.013390509125719655,0.032590741542440765,0.005708132266703318,True,,E3_fail,44.491918787150205,79.62615252383185,168.415625,0.5820540879318926,1.0,0,0.013796276032711052,videos/behavior/eval_50004_low__short__u10.mp4,9525674525b55264a2e6c27b2343caf2d4f92c73246b94df732fca5ea4ae148a
free_fall,3407,100000,Short,eval_50005,eval_50005_low,17050005,0.2,198,60,85,low,0.007266470942510986,0.005465297826161324,0.0059991213673276905,0.0005116952149633879,True,,E3_pass,183.86747487437185,56.21287878787879,63.93727272727273,-0.48397055870733735,1.0,0,0.0017108463536299467,videos/behavior/eval_50005_low__short__u02.mp4,998a834b32745c9fe6de1d35904728c4828d7fdc69996e743283e9068017dddb
free_fall,3407,100000,Short,eval_50005,eval_50005_low,17050005,0.5,142,77,142,low,0.007266470942510986,0.009697329150870385,0.010465255507141726,0.0016729443979734341,True,,E3_fail,121.91776315789474,71.65716778133178,92.39033481994275,-0.13778027343141,1.0,0,0.0034033649379603403,videos/behavior/eval_50005_low__short__u05.mp4,bf68e4668efd8529116270ba454ecb3a5eb6fc94e6f9a8164935f7842609c964
free_fall,3407,100000,Short,eval_50005,eval_50005_low,17050005,0.8,85,94,198,low,0.007266470942510986,0.019426972767888018,0.025491612703178453,0.0028992636265780117,True,,E3_fail,62.93497267759563,69.79516806722688,124.47701597195169,0.32837836969670503,1.0,0,0.005474680671531007,videos/behavior/eval_50005_low__short__u08.mp4,d368dc9bbc17ac748cf95007ca5bdc9d75c1a34c289b7a108d9405f0ea8ed924
free_fall,3407,100000,Short,eval_50006,eval_50006_low,17050006,0.0,235,48,48,low,0.024835897363773504,0.0248135240194381,0.023553801555970456,0.0006330851558961783,True,,E3_pass,204.16046649301444,50.59473914243651,50.944729542302355,-0.6005982603721653,1.0,0,0.004924620271522628,videos/behavior/eval_50006_low__short__u00.mp4,40207b68ff50dfec255955aa88f1c3667c4da1b480611703819d674c1f4680ff
free_fall,3407,100000,Short,eval_50006,eval_50006_low,17050006,0.3,179,65,104,low,0.024835897363773504,0.025058251705467806,0.026693710972869544,0.0022651634257530003,True,,E3_pass,165.8861638632664,64.73785729636793,77.20575048732944,-0.364801986988504,1.0,0,0.0052189242638642774,videos/behavior/eval_50006_low__short__u03.mp4,bf98ef6a3d1e4fc0e62c1b579fffb4baf54277a6e1f7ddea47432e125160e56f
free_fall,3407,100000,Short,eval_50006,eval_50006_low,17050006,0.6,123,83,160,low,0.024835897363773504,0.024270955197031877,0.03214277335645321,0.007076437347485432,True,,E3_pass,103.67134250018482,86.49157955865273,128.21858288770053,0.105857295639106,1.0,0,0.00821638054483953,videos/behavior/eval_50006_low__short__u06.mp4,a54cd576300d5ae40911beb64ad24609104362f9bfde3b85acfc7c45b6159fde
free_fall,3407,100000,Short,eval_50006,eval_50006_low,17050006,0.9,67,100,216,low,0.024835897363773504,0.024510326242199114,0.03508249954825801,0.004234580987774825,True,,E3_pass,55.80490268609151,89.45103092783505,184.1841575091575,0.5349379455822668,1.0,0,0.006517845800972255,videos/behavior/eval_50006_low__short__u09.mp4,8d6afc4225932cb47891661993f7a97fd4567bba31d1f577db01003b1abb6058
free_fall,3407,100000,Short,eval_50007,eval_50007_low,17050007,0.1,216,54,67,low,0.019135497844274294,0.020639621679990006,0.019049139820087938,0.0006982412311182905,True,,E3_pass,197.2483897703055,54.30344827586207,58.36132576672301,-0.5433559663872098,1.0,0,0.003980171399125654,videos/behavior/eval_50007_low__short__u01.mp4,0efbcfa87f79b83b00565fa03d9a5c8a32bc9b8a3b647a99a308219b58ddea88
free_fall,3407,100000,Short,eval_50007,eval_50007_low,17050007,0.4,160,71,123,low,0.019135497844274294,0.021353130804886038,0.02342554998748154,0.0019883594340534324,True,,E3_fail,150.12787267080745,71.34273772204807,89.58763169949611,-0.2525503768742083,1.0,0,0.004235786316184265,videos/behavior/eval_50007_low__short__u04.mp4,1cf8653e56de7d9b6fbbc863ce1ed508077f4b5a3e28f851be086cac7e4b4753
free_fall,3407,100000,Short,eval_50007,eval_50007_low,17050007,0.7,104,89,179,low,0.019135497844274294,0.02182284061683786,0.029860994769994917,0.005391842848944269,True,,E3_fail,86.62829131652661,85.51410256410256,145.93340699815838,0.25500809510508604,1.0,0,0.00623579770649485,videos/behavior/eval_50007_low__short__u07.mp4,f8bd4bad5b785a230bddd2c55d325597d8677837ad1746767b356dd7bdfa4a32
free_fall,3407,100000,Short,eval_50007,eval_50007_low,17050007,1.0,48,106,235,low,0.019135497844274294,0.017961124463304296,0.034839525619068855,0.005168735796793903,True,,E3_pass,46.67413263065437,88.78315552086045,190.27422369177688,0.6060396167750401,1.0,0,0.006198821210803507,videos/behavior/eval_50007_low__short__u10.mp4,d9a08b3cda964d86245820fb040090e732ddb345217f42c2c2122e870859196a
free_fall,3407,100000,Short,eval_50008,eval_50008_low,17050008,0.2,198,60,85,low,0.012716991647999366,0.013150734543203606,0.012163785146506416,0.0006966892188762826,True,,E3_pass,186.41379396984925,58.01270053475936,65.14030150753769,-0.48209707034252114,1.0,0,0.00293545749451507,videos/behavior/eval_50008_low__short__u02.mp4,6007547edf31f06faf934097e52e32752524ab5cf49d75f4d999b555468b5575
free_fall,3407,100000,Short,eval_50008,eval_50008_low,17050008,0.5,142,77,142,low,0.012716991647999366,0.018703219899138156,0.01825040077749372,0.001401029178952698,True,,E3_fail,131.4480418045896,76.83781124649965,98.80742842063597,-0.1417582537866566,1.0,0,0.004196962225470946,videos/behavior/eval_50008_low__short__u05.mp4,a3258859fdc1f45cf3202155af5973cf778feb5a205de7a3af2d75eab78ee8f7
free_fall,3407,100000,Short,eval_50008,eval_50008_low,17050008,0.8,85,94,198,low,0.012716991647999366,0.02001155981239334,0.028358605180176136,0.0040691843513588075,True,,E3_fail,67.9150824713447,81.22173524150267,145.8310570381999,0.3645257628775821,1.0,0,0.00666666666666671,videos/behavior/eval_50008_low__short__u08.mp4,e635d5034517c0103443e35c2903a7143267ce4bf2b17a8dbc95742a7e4cfad5
free_fall,3407,100000,Short,eval_50009,eval_50009_low,17050009,0.0,235,48,48,low,0.020923718886327523,0.022049041583461052,0.020000008086341683,0.0006797784494730906,True,,E3_pass,207.09063568010936,50.66105769230769,50.949391490152365,-0.6051047424783061,1.0,0,0.004492816588077431,videos/behavior/eval_50009_low__short__u00.mp4,eadc2d95e7f76a17268e53001a063fa7eebdc83a85f7b1df6020cdc987e62965
free_fall,3407,100000,Short,eval_50009,eval_50009_low,17050009,0.3,179,65,104,low,0.020923718886327523,0.023225496828884428,0.02324483341970602,0.0013585817834311893,True,,E3_fail,169.70547767018354,63.01015228426396,75.46791443850267,-0.38437108701381695,1.0,0,0.004410075522455648,videos/behavior/eval_50009_low__short__u03.mp4,0ec008dd5357c7ad652519cd8a0298accaec4256d330cddea44f49f20066a0a2
free_fall,3407,100000,Short,eval_50009,eval_50009_low,17050009,0.6,123,83,160,low,0.020923718886327523,0.022295995029987165,0.028952142236937987,0.0061862666604762875,True,,E3_pass,107.74951267056531,86.31264367816092,125.9687133675573,0.07795370094080772,1.0,0,0.0072657348608571315,videos/behavior/eval_50009_low__short__u06.mp4,3a6b97739844e90f8aca545b5253d80d37ce8ef57179bf71edff6e0a3775e905
free_fall,3407,100000,Short,eval_50009,eval_50009_low,17050009,0.9,67,100,216,low,0.020923718886327523,0.022012929310859516,0.034276564133740674,0.004932377881909517,True,,E3_pass,56.49276300644567,89.2865910109004,185.4951769449007,0.5330943929040078,1.0,0,0.007449068866391628,videos/behavior/eval_50009_low__short__u09.mp4,8194a8f2d4ba21976b0c8ad6dcecbfe1adcd023b851a6c3c6d4fad3b7993e35a
free_fall,3407,100000,Short,eval_50010,eval_50010_low,17050010,0.1,216,54,67,low,0.007786734993212159,0.006234544854481425,0.006501727509303133,0.00042119517303177876,True,,E3_pass,196.2439024390244,55.29591104734577,59.22303921568627,-0.5363545761961448,1.0,0,0.0017978094929614885,videos/behavior/eval_50010_low__short__u01.mp4,22b8d4729d95a07875461ca5270a0cfb89da9948d25d6ff57982b0f60f904bf6
free_fall,3407,100000,Short,eval_50010,eval_50010_low,17050010,0.4,160,71,123,low,0.007786734993212159,0.008656411490932629,0.008416357336974071,0.0011816261668760716,True,,E3_pass,148.2194958908419,66.90112701972285,82.23055364905056,-0.2863481364987423,1.0,0,0.002736662745694507,videos/behavior/eval_50010_low__short__u04.mp4,a10657be5ec67df6eea9655c9498d09cd43794c72a413bfc2959161886859676
free_fall,3407,100000,Short,eval_50010,eval_50010_low,17050010,0.7,104,89,179,low,0.007786734993212159,0.017598740622773636,0.021051504785586962,0.0022771824599948534,True,,E3_fail,81.02916666666667,73.75716918740174,119.37250288129081,0.19133241904178913,1.0,0,0.007139208876922654,videos/behavior/eval_50010_low__short__u07.mp4,78941c2a36f7cc43c25ba7c5c0ec30b664fe015b643bfec0b187f8d46af4ccf7
free_fall,3407,100000,Short,eval_50010,eval_50010_low,17050010,1.0,48,106,235,low,0.007786734993212159,0.011259054066017843,0.030985592541261285,0.004748216823902795,True,,E3_fail,42.25148828108738,74.19849673202614,158.74804183164053,0.5795861984613448,1.0,0,0.0060095936283826035,videos/behavior/eval_50010_low__short__u10.mp4,428bbd179d74133480fed5b101e57409f04ffeca904758b6325e210086f9b866
free_fall,3407,100000,Short,eval_50011,eval_50011_low,17050011,0.2,198,60,85,low,0.013599032933182768,0.01429104538232338,0.013280560444422126,0.0005967861439553115,True,,E3_pass,186.6004797979798,57.676759431676146,64.37522470127948,-0.4870003466692553,1.0,0,0.0028071015530810595,videos/behavior/eval_50011_low__short__u02.mp4,80c64671aa24bb7732d6d61f0cff8823c3e309673463bb6704242143549d28cb
free_fall,3407,100000,Short,eval_50011,eval_50011_low,17050011,0.5,142,77,142,low,0.013599032933182768,0.019082221429970448,0.01914893636633498,0.0016708544841900087,True,,E3_fail,130.68921417565485,77.06395348837209,98.34258774227344,-0.14123203049754823,1.0,0,0.004563034812699707,videos/behavior/eval_50011_low__short__u05.mp4,8b2b7cb2398a64010e45d686fc5153f631f34502d108254ec6f65f5830333358
free_fall,3407,100000,Short,eval_50011,eval_50011_low,17050011,0.8,85,94,198,low,0.013599032933182768,0.01912143643103112,0.028975651388265373,0.004319147726231786,True,,E3_fail,67.83768391077362,81.57626988984089,149.13461342309262,0.37468806161563994,1.0,0,0.008060940911797765,videos/behavior/eval_50011_low__short__u08.mp4,a2580f380b77dddfd958643c05a5fa0050b4aa461e68a29d49ff2e156007e77f
free_fall,3407,100000,Short,eval_50012,eval_50012_low,17050012,0.0,235,48,48,low,0.012525382764279998,0.010822304270864027,0.0111547520423629,0.0004402096295130688,True,,E3_pass,204.43523124013583,51.03389850382253,51.56934643618281,-0.5971216850552944,1.0,0,0.0028703308638143854,videos/behavior/eval_50012_low__short__u00.mp4,95c799a476c3ca50a6eca94b03d8e34555a25b159a83a2f85241f03ec657bd1a
free_fall,3407,100000,Short,eval_50012,eval_50012_low,17050012,0.3,179,65,104,low,0.012525382764279998,0.014533084867728918,0.013131303539127177,0.0008734537981420903,True,,E3_fail,169.11844665750914,63.07135511547276,73.82549857549857,-0.39224253146385124,1.0,0,0.00314965061991368,videos/behavior/eval_50012_low__short__u03.mp4,6ee74dcce19a2fcbe52b9e393fe2d7432f17d7b4363e04274a521eeb4a38a2e3
free_fall,3407,100000,Short,eval_50012,eval_50012_low,17050012,0.6,123,83,160,low,0.012525382764279998,0.019395001811707883,0.0216786116386166,0.0024944575504850137,True,,E3_fail,106.62880874505078,81.70536540240518,114.11886179788083,0.03393038320362855,1.0,0,0.0050553443672232135,videos/behavior/eval_50012_low__short__u06.mp4,3d732d92d55ae067a27356288fb15ded38e92c067bb7c13a7f0a609f23298cd2
free_fall,3407,100000,Short,eval_50012,eval_50012_low,17050012,0.9,67,100,216,low,0.012525382764279998,0.015950902096979046,0.03099313573920617,0.005106819150719747,True,,E3_fail,50.762288675908025,79.34529801324504,163.0212362030905,0.5251057002204473,1.0,0,0.007643622860395549,videos/behavior/eval_50012_low__short__u09.mp4,a0cd9dd4e13f66960bc2cf67ead9a2eb5d65cf8f6237a510faf86f8af5bdff4c
free_fall,3407,100000,Short,eval_50013,eval_50013_low,17050013,0.1,216,54,67,low,0.017414317598493944,0.017477865757217163,0.016658076709028056,0.0004742407071361492,True,,E3_pass,197.07819225251075,54.124378109452735,58.48009950248756,-0.5423345562306995,1.0,0,0.0032949101443455753,videos/behavior/eval_50013_low__short__u01.mp4,23ce215e098b54717ad8611088ebd52e5cd17bc0112632f1d2e3e3ef4764497c
free_fall,3407,100000,Short,eval_50013,eval_50013_low,17050013,0.4,160,71,123,low,0.017414317598493944,0.019810046669160822,0.020765776489262994,0.0015475031335498524,True,,E3_fail,151.2556786294491,71.08505828785482,88.46407185628743,-0.2619375610308653,1.0,0,0.004512663972786823,videos/behavior/eval_50013_low__short__u04.mp4,9e2cf73bbedbf1beb93c43072b312a7dcaa05599ea7f0b55a66897d78ac2ef8f
free_fall,3407,100000,Short,eval_50013,eval_50013_low,17050013,0.7,104,89,179,low,0.017414317598493944,0.020413943626683133,0.028291055954196828,0.004812199496508617,True,,E3_fail,87.78137580181377,85.31320240043644,140.67397383638257,0.23152269412090518,1.0,0,0.010350802422989025,videos/behavior/eval_50013_low__short__u07.mp4,39c53f348fa942bb52d4870c7c7a71db9a59c88297624a14cb60119292c652e2
free_fall,3407,100000,Short,eval_50013,eval_50013_low,17050013,1.0,48,106,235,low,0.017414317598493944,0.01599432940855949,0.03436374723119281,0.005735521090792066,True,,E3_pass,45.33736559139785,86.59031491384432,188.24728260869566,0.6118121123049044,1.0,0,0.007197841770107738,videos/behavior/eval_50013_low__short__u10.mp4,541193c2edcd473eae60af3a29b2e3a84009c8c67964f4c122035b5393fa4b78
free_fall,3407,100000,Short,eval_50014,eval_50014_low,17050014,0.2,198,60,85,low,0.022614128595001778,0.02393850704391239,0.02311484624733369,0.0008183222379743181,True,,E3_pass,186.67871925029283,57.94642857142857,65.28827812158718,-0.48177119382640454,1.0,0,0.004225266283553242,videos/behavior/eval_50014_low__short__u02.mp4,062c79ecc48761e22d85066a108901d4fa8f391103f30486d2735a57ca559644
free_fall,3407,100000,Short,eval_50014,eval_50014_low,17050014,0.5,142,77,142,low,0.022614128595001778,0.02168740180019292,0.027578912133703337,0.0045116572423203076,True,,E3_pass,127.10874318778174,79.27378048780488,106.38478464757233,-0.08875602990941418,1.0,0,0.006234950399986228,videos/behavior/eval_50014_low__short__u05.mp4,a1fd2d3cbfea4b1c60e5b02159503b635ab2f11a768c02a0e35c7a113e8c8440
free_fall,3407,100000,Short,eval_50014,eval_50014_low,17050014,0.8,85,94,198,low,0.022614128595001778,0.024537367286602316,0.033656092133439085,0.0050840513740519335,True,,E3_pass,70.77839015637016,87.97568085922516,171.12368421052633,0.41481783203711,1.0,0,0.007202229680033256,videos/behavior/eval_50014_low__short__u08.mp4,ee647acfaa8443f5f4def716d452d71d768d1ede59aae1081c4007bb15ddc608
free_fall,3407,100000,Short,eval_50015,eval_50015_low,17050015,0.0,235,48,48,low,0.02469411667584542,0.024306703678021045,0.023358486105007414,0.0005343853039025038,True,,E3_pass,205.8313127090301,51.62227381454903,51.532195588771415,-0.5995376661625038,1.0,0,0.004505206080009261,videos/behavior/eval_50015_low__short__u00.mp4,7be379426bd7f0fd18bef41911085dfcc4b33036fa131fc6100f7ac6a0e9a231
free_fall,3407,100000,Short,eval_50015,eval_50015_low,17050015,0.3,179,65,104,low,0.02469411667584542,0.024368435671738478,0.026541179210800604,0.002139836408350977,True,,E3_pass,166.97877422140658,65.00027418293485,78.1642397469459,-0.36229682027947213,1.0,0,0.0047839072199308275,videos/behavior/eval_50015_low__short__u03.mp4,106d9f2f226ab5d2436ce0f6f4c44736358b9ec202a42b9d65b4a5affaf72c90
free_fall,3407,100000,Short,eval_50015,eval_50015_low,17050015,0.6,123,83,160,low,0.02469411667584542,0.022963194561869064,0.03174422950594647,0.007074206853365719,True,,E3_pass,105.9256968641115,86.15846877673225,129.27216748768473,0.09926310635479556,1.0,0,0.007449784435992646,videos/behavior/eval_50015_low__short__u06.mp4,a7086f1a4be10d15f8ba6c084d2512b38713d37bb7346051681631a032ee80c5
free_fall,3407,100000,Short,eval_50015,eval_50015_low,17050015,0.9,67,100,216,low,0.02469411667584542,0.023699494476343806,0.0350263111076268,0.0043716049407858636,True,,E3_pass,56.60475641869651,90.60338241946022,189.15987096091808,0.5393579863609619,1.0,0,0.0066195287279614545,videos/behavior/eval_50015_low__short__u09.mp4,8a72edcda91faea25026926604acedcf579ff69beb37e0afd80aea1c9bf71f37
free_fall,3407,100000,Short,eval_50016,eval_50016_low,17050016,0.1,216,54,67,low,0.024402419060996557,0.024780992456493435,0.024100539167416866,0.0006439775515397735,True,,E3_pass,196.06239128333976,53.78269697535474,57.73991849796245,-0.5450008429969265,1.0,0,0.004337541179772808,videos/behavior/eval_50016_low__short__u01.mp4,25f617675fa77ee4a31f31d314edc7e4e5044eed532410db2674e90d3e5f5cbd
free_fall,3407,100000,Short,eval_50016,eval_50016_low,17050016,0.4,160,71,123,low,0.024402419060996557,0.024101847647761708,0.028120637030561953,0.003431571656586627,True,,E3_pass,143.7533068783069,71.98776116511124,91.25591787439615,-0.22338437590759597,1.0,0,0.005514338797538043,videos/behavior/eval_50016_low__short__u04.mp4,d92898751a6d56dcf0bef4b656ed446c4c617d9b9360509bde4ff6f06d6a0d74
free_fall,3407,100000,Short,eval_50016,eval_50016_low,17050016,0.7,104,89,179,low,0.024402419060996557,0.026391705505377457,0.033416124424987446,0.006206131722216047,True,,E3_pass,86.55035317155046,86.68509839220312,150.96742995923324,0.2712094898267585,1.0,0,0.0072641936825308395,videos/behavior/eval_50016_low__short__u07.mp4,2e99865805ce806ca5969d120df848722c1746d8ccb8db1b3fecf410a9c34ac4
free_fall,3407,100000,Short,eval_50016,eval_50016_low,17050016,1.0,48,106,235,low,0.024402419060996557,0.023848351290759698,0.0360777229758648,0.0035552452575860266,True,,E3_pass,46.95276809910956,90.85749089603529,194.8992642195767,0.6117231875294674,1.0,0,0.006716678020881162,videos/behavior/eval_50016_low__short__u10.mp4,9c7c86e5ffa1ecc2e5912b7cd9335d81ee4a488844af61c356ca34403a6fdf5d
free_fall,3407,100000,Short,eval_50017,eval_50017_low,17050017,0.2,198,60,85,low,0.0075862333014470144,0.006046263317653605,0.006367659656944419,0.00045781060425234516,True,,E3_pass,185.7381858788894,57.884736180904525,65.22906197654942,-0.48017868838309413,1.0,0,0.0017000226068919488,videos/behavior/eval_50017_low__short__u02.mp4,9c53ec5ae60250f81a232e5c123dbc8de6ae6572e05360a9d93ef0142d745110
free_fall,3407,100000,Short,eval_50017,eval_50017_low,17050017,0.5,142,77,142,low,0.0075862333014470144,0.010676588163854273,0.010939398097237376,0.0014971551010824133,True,,E3_fail,124.34319707138499,72.69769330734243,94.28127738825592,-0.13750482308730952,1.0,0,0.004317546330274258,videos/behavior/eval_50017_low__short__u05.mp4,e7216de11ccb3e2b84c7a394249f015d5f6ace368402ef240f4ba7db259cae8b
free_fall,3407,100000,Short,eval_50017,eval_50017_low,17050017,0.8,85,94,198,low,0.0075862333014470144,0.01742935133625441,0.025137658632949967,0.0032736876662851537,True,,E3_fail,64.22428087558768,72.18258696905632,125.72460075809359,0.32377300331312137,1.0,0,0.006563842585049606,videos/behavior/eval_50017_low__short__u08.mp4,48dda38582a74b9ae83bcad4f9b1749152e52427152ec2ed4d75e7702a7a2d24
free_fall,3407,100000,Short,eval_50018,eval_50018_low,17050018,0.0,235,48,48,low,0.010997093215728306,0.008325466019587604,0.009244845480079266,0.00048333402075579517,True,,E3_fail,205.32846340552652,50.9640686036567,51.297560975609755,-0.6002154411321599,1.0,0,0.002994452198491926,videos/behavior/eval_50018_low__short__u00.mp4,7949dfe57e3e1b9c31c2a2af644d14a6da31c56532525f6d2bbbb5e1d9dafdb0
free_fall,3407,100000,Short,eval_50018,eval_50018_low,17050018,0.3,179,65,104,low,0.010997093215728306,0.011505876299581741,0.010603300302710582,0.0009340820850687531,True,,E3_pass,170.17287234042553,62.84086446686665,73.30451097697772,-0.3978536324138467,1.0,0,0.0030927522586404743,videos/behavior/eval_50018_low__short__u03.mp4,b27c608556b5fe5863c21436741a29b9b9b3d8cce020b76fe642c8e05afa147c
free_fall,3407,100000,Short,eval_50018,eval_50018_low,17050018,0.6,123,83,160,low,0.010997093215728306,0.018803003752275428,0.02004060230201768,0.0021892613097030237,True,,E3_fail,106.318506006006,81.01652372334567,113.01978021978022,0.03055223202973287,1.0,0,0.00622620083429648,videos/behavior/eval_50018_low__short__u06.mp4,ecce1d1dec6fce794011ac710920482d7748295080243cf6900062a373615ed5
free_fall,3407,100000,Short,eval_50018,eval_50018_low,17050018,0.9,67,100,216,low,0.010997093215728306,0.01546610675927403,0.030396406550863293,0.004660959076359425,True,,E3_fail,52.273757309941516,77.81631388253243,157.1289569031274,0.5007346728395048,1.0,0,0.006699085626614698,videos/behavior/eval_50018_low__short__u09.mp4,419fbe8dcc8d809e349ff662dd937260f557bbf53578b4e87357f18e4ec8b3dc
free_fall,3407,100000,Short,eval_50019,eval_50019_low,17050019,0.1,216,54,67,low,0.020048734694221228,0.02181343135511625,0.020134744681289313,0.0006800453116534317,True,,E3_pass,197.38590611974232,54.70436280137773,58.66588308457712,-0.5417654899668418,1.0,0,0.0038612961841308913,videos/behavior/eval_50019_low__short__u01.mp4,6fe59ea7c40077aea621149d77d0d9d45208215e32020b7d2f85191fad272c96
free_fall,3407,100000,Short,eval_50019,eval_50019_low,17050019,0.4,160,71,123,low,0.020048734694221228,0.02238023257362978,0.024371057066914992,0.0023879672659962033,True,,E3_fail,149.0278246929837,71.49089782691576,89.01524557829728,-0.2521080703853048,1.0,0,0.004526139823870512,videos/behavior/eval_50019_low__short__u04.mp4,36ad3aea73f2d0bc7fa928978f6d385b770ddecdf88cccb8a3aa863a5ffee3f4
free_fall,3407,100000,Short,eval_50019,eval_50019_low,17050019,0.7,104,89,179,low,0.020048734694221228,0.024695290122176524,0.031072929818419377,0.005572393996153782,True,,E3_fail,87.35901246404602,85.47570294895661,148.16291024843582,0.2581666160165359,1.0,0,0.007079826228617914,videos/behavior/eval_50019_low__short__u07.mp4,d4b675911a8737ccc9c3b4b0a21547abb26600bcaf7fd505b4f5def51447f0f2
free_fall,3407,100000,Short,eval_50019,eval_50019_low,17050019,1.0,48,106,235,low,0.020048734694221228,0.019978473897913056,0.03521476804993529,0.005431611276163887,True,,E3_pass,46.09965449669967,89.13890869126121,191.14581689605797,0.6113758949659155,1.0,0,0.005936881652169768,videos/behavior/eval_50019_low__short__u10.mp4,7f08384ba2fc9e013861534ad3548a1f808e17347dbf6caf333a269067477c0c
free_fall,3407,100000,Short,eval_50020,eval_50020_low,17050020,0.2,198,60,85,low,0.016127420481205825,0.01653038770914225,0.015613216382281348,0.0006451601282128085,True,,E3_pass,187.33333333333331,58.10050251256281,64.88693467336684,-0.4854740645058439,1.0,0,0.004407509406151977,videos/behavior/eval_50020_low__short__u02.mp4,6a4a1c1d495146b221b300fe9894aa6546220e168e883f71b2013c1b32fe879a
free_fall,3407,100000,Short,eval_50020,eval_50020_low,17050020,0.5,142,77,142,low,0.016127420481205825,0.019663373396046464,0.021303199567628817,0.0021783550544231004,True,,E3_fail,132.20758325437765,78.04410489366094,100.67017410266172,-0.13542473746586212,1.0,0,0.004163272694361564,videos/behavior/eval_50020_low__short__u05.mp4,24a3b52c877661adcff45c47c5330323cbc886a19e8aa5bebc3be96d6aaf1026
free_fall,3407,100000,Short,eval_50020,eval_50020_low,17050020,0.8,85,94,198,low,0.016127420481205825,0.02073606347478695,0.029594821290776212,0.0032513495894951317,True,,E3_fail,68.96875,84.55380598195917,160.44207746478872,0.3987315179307663,1.0,0,0.006025017878107719,videos/behavior/eval_50020_low__short__u08.mp4,115eb6dec65fe1a5f76e6bc4549cc271069e5fa27ae045c1fe5e65ae5b1a518a
free_fall,3407,100000,Short,eval_50021,eval_50021_low,17050021,0.0,235,48,48,low,0.012432922066907742,0.01066306148948143,0.011066177059000978,0.0004015754361877314,True,,E3_pass,203.45753013460907,50.07281553398059,51.04580081753995,-0.5988594677596756,1.0,0,0.002663846123712288,videos/behavior/eval_50021_low__short__u00.mp4,d123bb0e6a290b998002cdf32ac37cbd84035a554854d1a678d7760ac00e2156
free_fall,3407,100000,Short,eval_50021,eval_50021_low,17050021,0.3,179,65,104,low,0.012432922066907742,0.014286112804153399,0.012987086183956147,0.0007863856714668036,True,,E3_pass,168.98165858229524,62.61695988346033,73.40588942307693,-0.3943097322685059,1.0,0,0.0033724970317655645,videos/behavior/eval_50021_low__short__u03.mp4,3b195dd5ba275f87c2b825680d4b6d7178d71a65fec01d37597cedd55a51410d
free_fall,3407,100000,Short,eval_50021,eval_50021_low,17050021,0.6,123,83,160,low,0.012432922066907742,0.01928124745363941,0.021876980465829088,0.0026461887507670985,True,,E3_fail,105.5778801843318,81.23823529411764,114.41002594514455,0.04014832413384785,1.0,0,0.00606468916713554,videos/behavior/eval_50021_low__short__u06.mp4,7a2261e83fd9ff3cec68e0974157c10c13993ab584fbd96d697ed07f517f1156
free_fall,3407,100000,Short,eval_50021,eval_50021_low,17050021,0.9,67,100,216,low,0.012432922066907742,0.017475474508570538,0.031568156130491666,0.004950755283538674,True,,E3_fail,54.18966334755808,80.43538369525211,165.38525947736474,0.5064130033577082,1.0,0,0.006203721915904681,videos/behavior/eval_50021_low__short__u09.mp4,8c5c1040540877b8490513daebdd4bf507b363faf6303db6868930757614c17e
free_fall,3407,100000,Short,eval_50022,eval_50022_low,17050022,0.1,216,54,67,low,0.016146214477300393,0.015316593074703693,0.01493674139685851,0.0005231711120278083,True,,E3_pass,197.45755619320897,54.60711281989667,58.652664531159004,-0.5419732616272062,1.0,0,0.0038735693856555287,videos/behavior/eval_50022_low__short__u01.mp4,000a1c98dffd49893499a035d0b243a08af8dcdd60ce1b3996d304ac3f913936
free_fall,3407,100000,Short,eval_50022,eval_50022_low,17050022,0.4,160,71,123,low,0.016146214477300393,0.01883267093956339,0.018944207504423716,0.001294821100786783,True,,E3_fail,151.13747020769495,70.15217391304347,87.52033235581622,-0.266562153713574,1.0,0,0.0038407910875547513,videos/behavior/eval_50022_low__short__u04.mp4,47940b6f755be5075d692c7a998f971d07b7deb18e497df84932aabf6a5d5cd1
free_fall,3407,100000,Short,eval_50022,eval_50022_low,17050022,0.7,104,89,179,low,0.016146214477300393,0.020137684986963545,0.02702501510450771,0.004221577505486202,True,,E3_fail,89.34488892745574,85.64187043505875,138.69988632993972,0.21642678437502674,1.0,0,0.006440727167168481,videos/behavior/eval_50022_low__short__u07.mp4,663ad541f439248dc466710094179e586da89a8b599b761dd9a5c901612e328c
free_fall,3407,100000,Short,eval_50022,eval_50022_low,17050022,1.0,48,106,235,low,0.016146214477300393,0.013631349575564397,0.03386846797048216,0.006044002633668271,True,,E3_fail,46.098626373626374,85.49432234432234,183.9080543733723,0.5991540226230738,1.0,0,0.0079170230125728,videos/behavior/eval_50022_low__short__u10.mp4,e39fd959839d0411eea0f1c5bc119fbf73875670110556d77a54ec1d08165102
free_fall,3407,100000,Short,eval_50023,eval_50023_low,17050023,0.2,198,60,85,low,0.01567001929571491,0.01588438102836789,0.014857828222199835,0.0006012442865564877,True,,E3_pass,186.67963214231872,57.92202692123141,64.53103482937127,-0.48623969191050487,1.0,0,0.0033660728865224643,videos/behavior/eval_50023_low__short__u02.mp4,71d4441e2c87039b036203d2a1ceaed3da68aa5c8a054eb85618e059f09134c4
free_fall,3407,100000,Short,eval_50023,eval_50023_low,17050023,0.5,142,77,142,low,0.01567001929571491,0.019398403125754124,0.020788754697496328,0.0020976732751932315,True,,E3_fail,132.12224558452482,78.30681138222192,99.94701309328968,-0.13864495743447172,1.0,0,0.005220189892956029,videos/behavior/eval_50023_low__short__u05.mp4,f42cb694223f008eecf08e5f8ed37148911c131c7f1e4a00f815442dd05b3c3a
free_fall,3407,100000,Short,eval_50023,eval_50023_low,17050023,0.8,85,94,198,low,0.01567001929571491,0.019366971813533737,0.029527406135230454,0.00457285899595455,True,,E3_fail,67.93165115139638,81.96775477707007,153.32951812800593,0.38595957553117316,1.0,0,0.007290548198520597,videos/behavior/eval_50023_low__short__u08.mp4,725ee407c0e567cb0ae395b4bc6d8170019eeac5d535ea05e224ae12d93eecae
free_fall,3407,100000,Short,eval_50024,eval_50024_low,17050024,0.0,235,48,48,low,0.005389165559386035,0.00377207784288151,0.004518390567706172,0.0003948544710162296,True,,E3_pass,201.6549141858004,50.573520531400966,51.18598756575801,-0.5951130753674208,1.0,0,0.0011467013225288092,videos/behavior/eval_50024_low__short__u00.mp4,29d4eb795599755d0909707a7c81dec3e0b16973771114c58c45306136ab371c
free_fall,3407,100000,Short,eval_50024,eval_50024_low,17050024,0.3,179,65,104,low,0.005389165559386035,0.005089978480538345,0.005234009212103617,0.0005872275166650232,True,,E3_pass,166.82622159975102,61.78259320175438,73.68607630186577,-0.3872573091293007,1.0,0,0.002180889976165612,videos/behavior/eval_50024_low__short__u03.mp4,e71877cc51f6860fe1a0ea87efbcbdd6ddd542015fc9bacf05a202db3f19b468
free_fall,3407,100000,Short,eval_50024,eval_50024_low,17050024,0.6,123,83,160,low,0.005389165559386035,0.012766274775041669,0.014181993910140285,0.0019976933480586,True,,E3_fail,95.85162815126051,74.47753716871364,105.83810375670842,0.04951405067068406,1.0,0,0.004426891160102975,videos/behavior/eval_50024_low__short__u06.mp4,3709501eee5f58cf1be51e44c87f40c3b326aca2d9c0b3a41af36636105e8b57
free_fall,3407,100000,Short,eval_50024,eval_50024_low,17050024,0.9,67,100,216,low,0.005389165559386035,0.018758008669711022,0.02828607850766952,0.004864761632114375,True,,E3_fail,49.837543321780856,70.65165289256198,135.8117768595041,0.46310017970316125,1.0,0,0.00784210484327752,videos/behavior/eval_50024_low__short__u09.mp4,af4018efb1e8c097105d39a4ded6fb335301f5158dd377a72326e88dc3af5b2c
free_fall,3407,100000,Short,eval_50025,eval_50025_low,17050025,0.1,216,54,67,low,0.019320798479742846,0.020987044540122436,0.0194407982437859,0.00056206411522197,True,,E3_pass,196.79074451562803,54.33835292396235,58.101908866995075,-0.5441068379497175,1.0,0,0.00418853634297367,videos/behavior/eval_50025_low__short__u01.mp4,9205f2401c1b248118bbf3c9575eed8aead5f6eff55bbfbda14b92df62385bba
free_fall,3407,100000,Short,eval_50025,eval_50025_low,17050025,0.4,160,71,123,low,0.019320798479742846,0.021652066231901287,0.023714877456505568,0.0023267491808429486,True,,E3_fail,149.67791876631657,71.25493711061479,89.13903348113874,-0.25349492452465816,1.0,0,0.005059933687919349,videos/behavior/eval_50025_low__short__u04.mp4,2cca3d4e43793d65b1e245371e25fd2771da24e8a64206fc49870417590d6912
free_fall,3407,100000,Short,eval_50025,eval_50025_low,17050025,0.7,104,89,179,low,0.019320798479742846,0.02290870833254885,0.03023759967946011,0.005726910147232064,True,,E3_fail,88.85901933426351,86.6034546633324,148.17800486822227,0.2502519837714721,1.0,0,0.006678142504914275,videos/behavior/eval_50025_low__short__u07.mp4,7d59f0ec3dc67e399a6c75d3c1407376ad2b381992cd9fc01cdcf874673f8077
free_fall,3407,100000,Short,eval_50025,eval_50025_low,17050025,1.0,48,106,235,low,0.019320798479742846,0.018349347389990073,0.03504360241134214,0.00561439039881411,True,,E3_pass,46.36759706075894,87.59502474825055,189.7325482164192,0.6072209357912564,1.0,0,0.006685577346310034,videos/behavior/eval_50025_low__short__u10.mp4,672c1c335dfffa1b14ab4d57baca5b9220c54144456f338b6081aa818c1fc7f7
free_fall,3407,100000,Short,eval_50026,eval_50026_low,17050026,0.2,198,60,85,low,0.020955334314552404,0.023145721656994456,0.021922338519570535,0.0007127770078195724,True,,E3_fail,187.73580845771144,58.47994804942587,65.85029398462234,-0.4806474538596047,1.0,0,0.004424311275880277,videos/behavior/eval_50026_low__short__u02.mp4,8238724a1b5a5a0d14a54ddcacde646ccda19385642561deba28ffc72d52fb8c
free_fall,3407,100000,Short,eval_50026,eval_50026_low,17050026,0.5,142,77,142,low,0.020955334314552404,0.02189875899321616,0.026978478303892987,0.004699316337316245,True,,E3_pass,128.12740935015194,80.78081293706293,106.67902800150804,-0.09134494603536546,1.0,0,0.005790063388302902,videos/behavior/eval_50026_low__short__u05.mp4,f748e40c85aff0d1a564702531903dc0804bc5beb0732c521ba8f68277971d3c
free_fall,3407,100000,Short,eval_50026,eval_50026_low,17050026,0.8,85,94,198,low,0.020955334314552404,0.024913376339986956,0.03354994892861441,0.005576806767077116,True,,E3_fail,69.80303030303031,88.29613274454704,173.48043326345214,0.42615885782179075,1.0,0,0.006688049349935943,videos/behavior/eval_50026_low__short__u08.mp4,bd4fe43063570866aa6bfe229b6713fc16f9c6862dd6169dc8e505ea9efb71cf
free_fall,3407,100000,Short,eval_50027,eval_50027_low,17050027,0.0,235,48,48,low,0.004705016266898658,0.003666769559819954,0.0040586990103389994,0.00037907305495281894,True,,E3_pass,201.30279575945212,50.189320388349515,51.053257351906566,-0.5953870991207945,1.0,0,0.001560073165137954,videos/behavior/eval_50027_low__short__u00.mp4,3dacfee3b312cc0978eecaee415f337597fb06463a27cd18c24a2a2c64160397
free_fall,3407,100000,Short,eval_50027,eval_50027_low,17050027,0.3,179,65,104,low,0.004705016266898658,0.004852067766911589,0.0049264028359536916,0.0006312045314746281,True,,E3_pass,165.791985645933,60.374481074481075,71.87442735602095,-0.3951654636582559,1.0,0,0.0021024858803644353,videos/behavior/eval_50027_low__short__u03.mp4,f3c3dbe61aa7ef1d482c180015e8208f3f07a6f4eb0a76ac539cb363d0a40613
free_fall,3407,100000,Short,eval_50027,eval_50027_low,17050027,0.6,123,83,160,low,0.004705016266898658,0.011560566310519571,0.013504281565000173,0.0017486181657167144,True,,E3_fail,93.78374831258438,73.28957627118643,102.46369047619048,0.04422958188487981,1.0,0,0.004224370739082772,videos/behavior/eval_50027_low__short__u06.mp4,d984fcb9e576b945e67e1ab004f08c3aa26ba59f9ca412dace72d992543bdf9f
free_fall,3407,100000,Short,eval_50027,eval_50027_low,17050027,0.9,67,100,216,low,0.004705016266898658,0.019742514700740815,0.02785293540601308,0.005300545009808741,True,,E3_fail,48.92301727957466,70.31677876106195,136.20099115044246,0.4714568067699401,1.0,0,0.008566024314055731,videos/behavior/eval_50027_low__short__u09.mp4,a2a2d191889c504c6d25d8865b82d30b366098117599aa9ce73332893e7b9f06
free_fall,3407,100000,Short,eval_50028,eval_50028_low,17050028,0.1,216,54,67,low,0.012439960016839068,0.01208675001585298,0.011464853224862494,0.0005323488368126155,True,,E3_pass,195.5416101473073,53.65848063363276,57.48889217279937,-0.545597138323893,1.0,0,0.0027792141653935065,videos/behavior/eval_50028_low__short__u01.mp4,2c14be19b10c056d741fab8cc8d63b9c2e1371286ff278691e2e275fadc0fd21
free_fall,3407,100000,Short,eval_50028,eval_50028_low,17050028,0.4,160,71,123,low,0.012439960016839068,0.016332893289874986,0.014984361870105599,0.0010790889580718705,True,,E3_fail,150.2060606060606,68.51783993944399,84.90688723041664,-0.2777353351932779,1.0,0,0.0033843115600475926,videos/behavior/eval_50028_low__short__u04.mp4,5c7dabf568c63bce2c73ee7794ddfd56d7cb1bbbe81d7182935d7ae1874fd492
free_fall,3407,100000,Short,eval_50028,eval_50028_low,17050028,0.7,104,89,179,low,0.012439960016839068,0.018288853393374348,0.02501200593003786,0.0030223575993761367,True,,E3_fail,85.17518248175182,79.91991657977059,124.61730562871915,0.1880054119297065,1.0,0,0.005876082198820298,videos/behavior/eval_50028_low__short__u07.mp4,1ade7e823e19a79c927dcb4ef01c1af0869178d4d897eec3e361a717ee45d63e
free_fall,3407,100000,Short,eval_50028,eval_50028_low,17050028,1.0,48,106,235,low,0.012439960016839068,0.01343896166520796,0.03303543976564784,0.005551080612328247,True,,E3_pass,44.10916079678861,80.81372440304577,174.86305595408896,0.5971255033968857,1.0,0,0.006248255947975734,videos/behavior/eval_50028_low__short__u10.mp4,7a122a018539e63eedefd429c0d338c15b57c7af98ef60191be2342205e236f6
free_fall,3407,100000,Short,eval_50029,eval_50029_low,17050029,0.2,198,60,85,low,0.014681276865603991,0.014552046982910932,0.014111172804731708,0.0005685594072273354,True,,E3_pass,185.21090452261308,57.666094527363185,64.73319831983198,-0.4820185986893438,1.0,0,0.003791579623975583,videos/behavior/eval_50029_low__short__u02.mp4,5b81037d7c23e59301791395be064f3720518598c98e25f9c3ec1e5084a5ab46
free_fall,3407,100000,Short,eval_50029,eval_50029_low,17050029,0.5,142,77,142,low,0.014681276865603991,0.02005371064621388,0.02025968022904714,0.001838381732040746,True,,E3_fail,131.26138254676164,77.47826774142564,98.53104038818324,-0.14243438378229006,1.0,0,0.005550112442211708,videos/behavior/eval_50029_low__short__u05.mp4,6d61fcbea37088385929c1cebe92d0a948ea7d8b304713ac1a04cc78dc7b5492
free_fall,3407,100000,Short,eval_50029,eval_50029_low,17050029,0.8,85,94,198,low,0.014681276865603991,0.01986763342918042,0.029676447948792806,0.004071486972900367,True,,E3_fail,68.56909323116219,82.22950191570881,151.8,0.3776886565555276,1.0,0,0.00584329910460657,videos/behavior/eval_50029_low__short__u08.mp4,50e2386edca1fdb053c5ab9abb2d7bd0e919b8062a0ff442027cf6bdd5736880
free_fall,3407,100000,Short,eval_50030,eval_50030_low,17050030,0.0,235,48,48,low,0.01939035744066626,0.020216400929973736,0.018480519754171882,0.0007068080155199372,True,,E3_pass,205.66662449392712,50.38845693779904,50.78155339805825,-0.6039624549841996,1.0,0,0.003862017247843963,videos/behavior/eval_50030_low__short__u00.mp4,20e0617ffc072985bf15bfad5284923ed120080a6e121fbbd8e9ace6ff631d00
free_fall,3407,100000,Short,eval_50030,eval_50030_low,17050030,0.3,179,65,104,low,0.01939035744066626,0.021870309944836915,0.02184988657315165,0.001185390685733351,True,,E3_fail,170.42661122661121,63.4817649281935,75.7094572368421,-0.3848162302301196,1.0,0,0.004612931448085056,videos/behavior/eval_50030_low__short__u03.mp4,59c0258edff9c0e88ff9506b56dc0b4c6988d48a0aec1da873ecabd8db507765
free_fall,3407,100000,Short,eval_50030,eval_50030_low,17050030,0.6,123,83,160,low,0.01939035744066626,0.021384067193042117,0.02788974746286607,0.004950377006341067,True,,E3_pass,108.90446678602581,86.64127447612503,124.7889668027694,0.06797152907896307,1.0,0,0.007078158854304295,videos/behavior/eval_50030_low__short__u06.mp4,ac6c007dd6e97757499d791e04157460103e07377d3ef7fc62f5bac0292b1c4d
free_fall,3407,100000,Short,eval_50030,eval_50030_low,17050030,0.9,67,100,216,low,0.01939035744066626,0.019838958813753443,0.033642910163509294,0.005367438173540272,True,,E3_pass,57.33758241758242,89.81058738216099,186.33014055046806,0.5293789286560474,1.0,0,0.007842445210951898,videos/behavior/eval_50030_low__short__u09.mp4,b606c3734ae552fc38b64f6ca708eccb2e5322a5fd17f829fb0109beab2cafe6
free_fall,3407,100000,Short,eval_50031,eval_50031_low,17050031,0.1,216,54,67,low,0.00775534148743192,0.005986911608498636,0.00645911686929913,0.0004353881235319836,True,,E3_pass,195.1232617400801,54.24750631081048,58.52722772277228,-0.5385206798006674,1.0,0,0.0018811881188118829,videos/behavior/eval_50031_low__short__u01.mp4,0995d1dcd31efbdc2f33496449acba37f9af5cd5f75fa7700eaf96b811bd6acd
free_fall,3407,100000,Short,eval_50031,eval_50031_low,17050031,0.4,160,71,123,low,0.00775534148743192,0.008593597204143294,0.008455382753732673,0.0011807230507695204,True,,E3_pass,146.0840721040189,65.90662572721396,82.06051495282264,-0.28062711448527466,1.0,0,0.0026595588594903186,videos/behavior/eval_50031_low__short__u04.mp4,6364412509930e31f1f8b9e159ed25664e791b604ec3607d862f647521f8aac6
free_fall,3407,100000,Short,eval_50031,eval_50031_low,17050031,0.7,104,89,179,low,0.00775534148743192,0.01800758351571297,0.02138265532476035,0.0020706631086872223,True,,E3_fail,79.85398391812865,73.06145038167938,116.1967933382407,0.18537447251528888,1.0,0,0.010812347372341491,videos/behavior/eval_50031_low__short__u07.mp4,32d0954aa30286fdb754877028d3cb988e6322a24d1edcac2642df7d1a80b886
free_fall,3407,100000,Short,eval_50031,eval_50031_low,17050031,1.0,48,106,235,low,0.00775534148743192,0.01211499608539864,0.031390015486942736,0.00503149903304455,True,,E3_fail,43.4234327449787,74.08576658241088,160.3891548753901,0.5738886076471236,1.0,0,0.008163501621121005,videos/behavior/eval_50031_low__short__u10.mp4,cfe4869946aec5c5bd93dbeb6c11bcf9bec4767c49a3dbfc16585d8661d6e907
free_fall,3407,100000,Short,eval_50000,eval_50000_high,17050000,0.2,198,60,85,high,0.06511387887451758,0.05466485540406226,0.04390881691081351,0.005559263279874155,True,,E3_fail,147.6283422459893,58.49987116058544,68.51296589901378,-0.36603542851650966,1.0,0,0.02325911911683176,videos/behavior/eval_50000_high__short__u02.mp4,3dab04ea5bbe16234b01f47e251f23b1eec7d5439e73ae9b4c4c6c9bbaa5bccb
free_fall,3407,100000,Short,eval_50000,eval_50000_high,17050000,0.5,142,77,142,high,0.06511387887451758,0.05624114372304174,0.057512694110129804,0.0054098240919478085,True,,E3_fail,96.45542711598746,81.49357282502444,123.38,0.12247604145171165,1.0,0,0.015900286076876213,videos/behavior/eval_50000_high__short__u05.mp4,084896f0dfc5d46a42b80bc7004039f35e31a16b25724e018b8af15dc56344e0
free_fall,3407,100000,Short,eval_50000,eval_50000_high,17050000,0.8,85,94,198,high,0.06511387887451758,0.06335724190734546,0.06535529502698448,0.002200028715933576,True,,E3_pass,62.82764397905759,94.06281407035176,191.25939054726368,0.5054635975725126,1.0,0,0.01224344212398476,videos/behavior/eval_50000_high__short__u08.mp4,3a2978360413a134e0425ae1ea3d141eb71efc8e166a54abdaaf2bb8e417ae1f
free_fall,3407,100000,Short,eval_50001,eval_50001_high,17050001,0.0,235,48,48,high,0.0647655897226971,0.04278849309529772,0.038414410442627285,0.006912580793844615,True,,E3_fail,165.51636815920398,50.12426460037308,53.30155788167285,-0.5128227486104957,1.0,0,0.014086515047687986,videos/behavior/eval_50001_high__short__u00.mp4,a700eaec9fc0e58316cdfee62693d5e19c1f10ce5c3ce41718f5e5132f3f3eb4
free_fall,3407,100000,Short,eval_50001,eval_50001_high,17050001,0.3,179,65,104,high,0.0647655897226971,0.059860757953098566,0.04756882895491366,0.004691681066290062,True,,E3_fail,131.94269052271616,67.83738668793016,84.90707820934291,-0.2169041386965486,1.0,0,0.02154858847772223,videos/behavior/eval_50001_high__short__u03.mp4,6335af42b15a0c8483fc2a0aacf4cccefb0f5e26bf282f575c4233390532ef53
free_fall,3407,100000,Short,eval_50001,eval_50001_high,17050001,0.6,123,83,160,high,0.0647655897226971,0.057375761793235835,0.06166782605582002,0.004162829156590936,True,,E3_fail,85.68160248718229,88.45858662613982,151.17936855890224,0.2765240967410211,1.0,0,0.013419295170842171,videos/behavior/eval_50001_high__short__u06.mp4,1752ebeb9f70a28b4d93b19629422226fa2779d60e43060b858decd4ddc4751a
free_fall,3407,100000,Short,eval_50001,eval_50001_high,17050001,0.9,67,100,216,high,0.0647655897226971,0.06339412820133919,0.06534940154753026,0.0013234846225169562,True,,E3_pass,55.49026225655641,96.23568965517242,201.7934605867798,0.5686453721726848,1.0,0,0.010446091292488524,videos/behavior/eval_50001_high__short__u09.mp4,5e2e7bb1b76e24f2c2a09337ee88aeb74dd9a06da15f0c03de5100c3b16e673c
free_fall,3407,100000,Short,eval_50002,eval_50002_high,17050002,0.1,216,54,67,high,0.05984931609265929,0.04430518276248163,0.04073779834996324,0.006670139367561293,True,,E3_fail,165.04455445544556,54.607951103032896,61.53989024905023,-0.4568039273012865,1.0,0,0.021788684852936724,videos/behavior/eval_50002_high__short__u01.mp4,56c5845d56984a2ddefd8205241bacb55466ffb1b49028478079f7767e602445
free_fall,3407,100000,Short,eval_50002,eval_50002_high,17050002,0.4,160,71,123,high,0.05984931609265929,0.05784527752633037,0.050195960939423016,0.005701228462958432,True,,E3_fail,121.45177964850096,76.0020105165481,103.44699378522908,-0.08005728794504605,1.0,0,0.01732497401788735,videos/behavior/eval_50002_high__short__u04.mp4,7086d9fa64ce5da8576d50af6cb2cf407e90e8273e7158b38b64e86ce3575605
free_fall,3407,100000,Short,eval_50002,eval_50002_high,17050002,0.7,104,89,179,high,0.05984931609265929,0.05780409089567232,0.0596099409240229,0.002503968787202206,True,,E3_fail,74.16016967353951,90.82092207860171,172.49981691172326,0.39868504251373726,1.0,0,0.009946084928085241,videos/behavior/eval_50002_high__short__u07.mp4,65b66f706821760a209280224077b4ff8e71bbdf54fb6a3eb91c4a40227f310b
free_fall,3407,100000,Short,eval_50002,eval_50002_high,17050002,1.0,48,106,235,high,0.05984931609265929,0.061438385688884524,0.06065109642604844,0.0007660630105091025,True,,E3_pass,48.65625,96.66746411483254,205.72808088059344,0.617458749667728,1.0,0,0.01056973141515205,videos/behavior/eval_50002_high__short__u10.mp4,212ff617a8799c5aa498169197abe88f28d9ae49f34f35733903e35006c38f70
free_fall,3407,100000,Short,eval_50003,eval_50003_high,17050003,0.2,198,60,85,high,0.06533233898124247,0.05441358569600668,0.043805976484642704,0.005636499273342982,True,,E3_fail,150.07207207207207,58.20836683417085,68.37218702206685,-0.3740079294773141,1.0,0,0.023187506682339043,videos/behavior/eval_50003_high__short__u02.mp4,14c3b159a672c7540045ba8473ba2839af86eeb8accb2be7fbecf5d0a794859e
free_fall,3407,100000,Short,eval_50003,eval_50003_high,17050003,0.5,142,77,142,high,0.06533233898124247,0.055862503296661474,0.05773803458356449,0.0057890798778437065,True,,E3_fail,97.94067465303957,82.35526822134996,124.89426687425589,0.1209576560860614,1.0,0,0.013221252748811807,videos/behavior/eval_50003_high__short__u05.mp4,afb130628946e978d60e716e5e5ee452d30c32a2ee97caa51500406c0c14c19c
free_fall,3407,100000,Short,eval_50003,eval_50003_high,17050003,0.8,85,94,198,high,0.06533233898124247,0.06194147850895617,0.06532575951607117,0.002521448504575266,True,,E3_fail,63.04161664665867,93.77328389520417,190.7788944723618,0.5032582956457944,1.0,0,0.011970905131423737,videos/behavior/eval_50003_high__short__u08.mp4,3d529df2c83d7a5071bbc6391a988bfaff39d629b063a289caa14ad29370599d
free_fall,3407,100000,Short,eval_50004,eval_50004_high,17050004,0.0,235,48,48,high,0.05310521705655745,0.04038467925672284,0.03843216605797575,0.005975008778564977,True,,E3_fail,178.3982492997199,50.84103641456583,53.55911330049261,-0.5381986353000221,1.0,0,0.01262175278114519,videos/behavior/eval_50004_high__short__u00.mp4,b0fc4f109cbfe38a440dddf15de5a363120c449799fb5754aebb6f58c97973f3
free_fall,3407,100000,Short,eval_50004,eval_50004_high,17050004,0.3,179,65,104,high,0.05310521705655745,0.0525561104632119,0.04435474556380526,0.0053440048705412375,True,,E3_pass,143.7995522995523,66.73234953703704,82.56671960840472,-0.27050334033881707,1.0,0,0.014372563396234161,videos/behavior/eval_50004_high__short__u03.mp4,ccc86567c7099e4627c8513388ce93b5e828928658c1f1e88f3e1260359873c1
free_fall,3407,100000,Short,eval_50004,eval_50004_high,17050004,0.6,123,83,160,high,0.05310521705655745,0.05310823043097052,0.05120880851280659,0.0043868776748880916,True,,E3_pass,89.17536015896673,84.16264390876262,140.76644091962217,0.22436582004079614,1.0,0,0.011267788113759059,videos/behavior/eval_50004_high__short__u06.mp4,ee9c6bff18f0448a2174d5d6748470d2e00d1f5bc8c6db8d758f62d860783404
free_fall,3407,100000,Short,eval_50004,eval_50004_high,17050004,0.9,67,100,216,high,0.05310521705655745,0.055006609774199834,0.05396058056493729,0.000548273292653487,True,,E3_pass,54.72167745620716,94.55258249641321,198.3383910891089,0.5675202510552683,1.0,0,0.008980431705671643,videos/behavior/eval_50004_high__short__u09.mp4,ac4262f276bd0f51db494d66e9279524c0595a877848188e41879b895861284a
free_fall,3407,100000,Short,eval_50005,eval_50005_high,17050005,0.1,216,54,67,high,0.049266470942510986,0.043341282714054116,0.03992879426707866,0.0061853579141895,True,,E3_fail,172.2375,54.43161006561396,61.375564692147606,-0.47455366185938447,1.0,0,0.008948913363599487,videos/behavior/eval_50005_high__short__u01.mp4,b7bd81fe171eb4862fbdba2b704822556ebfe5f0a51a20f01380572f3a8a3bdc
free_fall,3407,100000,Short,eval_50005,eval_50005_high,17050005,0.4,160,71,123,high,0.049266470942510986,0.052564486213506297,0.04524915009649736,0.007066547256441224,True,,E3_fail,125.72437926753568,75.32080706179067,98.97397339502604,-0.11905029812426643,1.0,0,0.012079169834327885,videos/behavior/eval_50005_high__short__u04.mp4,eba04a949879f3a17fad254367f9cf23f68fdeeed2794ecafd0323a4ae26f556
free_fall,3407,100000,Short,eval_50005,eval_50005_high,17050005,0.7,104,89,179,high,0.049266470942510986,0.0508589460123876,0.04863775286981152,0.0024654369736856825,True,,E3_pass,75.57319587628865,88.31888960481099,163.390625,0.3674925718951154,1.0,0,0.009319618660498685,videos/behavior/eval_50005_high__short__u07.mp4,7f5253bfe8772e8afdb093eb8d626b853eea79504f0ea669317cfd8aa99f9818
free_fall,3407,100000,Short,eval_50005,eval_50005_high,17050005,1.0,48,106,235,high,0.049266470942510986,0.051247116120494624,0.0503635027941896,0.0005860766211475681,True,,E3_pass,47.96145717205499,95.59754738015607,204.77294685990339,0.6204596097174759,1.0,0,0.008950847256624872,videos/behavior/eval_50005_high__short__u10.mp4,2fa9d92caee6235f412adcfcf7820fdf2b055a66b180fb9e1ea762c26de0d39e
free_fall,3407,100000,Short,eval_50006,eval_50006_high,17050006,0.2,198,60,85,high,0.0668358973637735,0.05655207332133071,0.0441181003218845,0.0049390749835567715,True,,E3_fail,146.09901800327333,59.47501169043723,68.85224719101123,-0.35936876548478064,1.0,0,0.022353459796968567,videos/behavior/eval_50006_high__short__u02.mp4,2aea92032a9f7245dcb07ea7e78e73268f43227bda715b1f786b79952a2986b0
free_fall,3407,100000,Short,eval_50006,eval_50006_high,17050006,0.5,142,77,142,high,0.0668358973637735,0.05612192314926009,0.05840193320841352,0.00533761121898812,True,,E3_fail,96.22896825396825,81.21532372131222,123.11992160601727,0.12259443560080882,1.0,0,0.01436223306626061,videos/behavior/eval_50006_high__short__u05.mp4,6ac86111ee3e2fcab50e5bce8033fcbfbad88f66164d7f5f1e3fd7e4b540f3cf
free_fall,3407,100000,Short,eval_50006,eval_50006_high,17050006,0.8,85,94,198,high,0.0668358973637735,0.06439155128595321,0.06664990647069069,0.0019779999620711812,True,,E3_fail,62.13665176654797,93.04907852564102,188.73473541383987,0.5046334102512123,1.0,0,0.012452270535027399,videos/behavior/eval_50006_high__short__u08.mp4,e174798c521523a32a248c1ab41a075d6981b33eaef139d752cee661518fef4b
free_fall,3407,100000,Short,eval_50007,eval_50007_high,17050007,0.0,235,48,48,high,0.0611354978442743,0.04121706254718987,0.038817044992316564,0.0069178397117472005,True,,E3_fail,168.71929907648592,49.64529280075409,53.336593375214164,-0.519611096230506,1.0,0,0.017282452743921484,videos/behavior/eval_50007_high__short__u00.mp4,0ff11bd8afedef338b52f7e4e66d8383231647c187b609244dcab918f65d1e69
free_fall,3407,100000,Short,eval_50007,eval_50007_high,17050007,0.3,179,65,104,high,0.0611354978442743,0.056481551809418065,0.04684354535882688,0.005327125350490007,True,,E3_fail,136.37706043956044,66.74199084668192,83.22279792746114,-0.24205053185080513,1.0,0,0.020311158602694168,videos/behavior/eval_50007_high__short__u03.mp4,0c9777cb46ed2592447e2aeede436721572cafde48c0fd234527d06fb649dd0c
free_fall,3407,100000,Short,eval_50007,eval_50007_high,17050007,0.6,123,83,160,high,0.0611354978442743,0.055928485180073324,0.05878860746041813,0.004202793493207147,True,,E3_fail,84.29053189013035,86.50786967418546,148.9418079096045,0.27719687619215566,1.0,0,0.011612117199305438,videos/behavior/eval_50007_high__short__u06.mp4,48eae3f88a44eed0af1343c2bb9267b9ce019e64240a5f30bb2eb5e847a3adc7
free_fall,3407,100000,Short,eval_50007,eval_50007_high,17050007,0.9,67,100,216,high,0.0611354978442743,0.06162462825924176,0.06198514671617771,0.001172757083074038,True,,E3_pass,54.02934037692747,95.82284670672794,200.8994494349464,0.5761220973370719,1.0,0,0.010888701467189232,videos/behavior/eval_50007_high__short__u09.mp4,50de3e5aa416d1b07abb24fe6ee5ec5bca071779e4ffcace53222cb20ecbe441
free_fall,3407,100000,Short,eval_50008,eval_50008_high,17050008,0.1,216,54,67,high,0.05471699164799937,0.043398514789559174,0.04003765351814693,0.005814031835399889,True,,E3_fail,168.00988808646994,54.713235294117645,61.701534653465345,-0.46279088851998323,1.0,0,0.01491128057896729,videos/behavior/eval_50008_high__short__u01.mp4,8ccbb0a902b9db7d33b9c0d4b70823f286e4388eb312671f97bd98492ae39fad
free_fall,3407,100000,Short,eval_50008,eval_50008_high,17050008,0.4,160,71,123,high,0.05471699164799937,0.0570741585820067,0.047594576572607794,0.005898170238240926,True,,E3_fail,123.66363506363507,75.79401569056742,100.66765060623374,-0.10250903875816351,1.0,0,0.013900666262870898,videos/behavior/eval_50008_high__short__u04.mp4,57a0d7fae5dece44d6319066cebbe2880d044467ba5cc61dd5da9c873e3e9ecd
free_fall,3407,100000,Short,eval_50008,eval_50008_high,17050008,0.7,104,89,179,high,0.05471699164799937,0.05556460287835555,0.054945335137382346,0.0025578536334440356,True,,E3_pass,73.48429319371728,89.41494845360825,167.93873972889517,0.39124041062583553,1.0,0,0.011860939144763827,videos/behavior/eval_50008_high__short__u07.mp4,1cc3eb0f220b71447dcdd1726344b06ab5cbabd3fb48a6ecf232aaf2fb63db2c
free_fall,3407,100000,Short,eval_50008,eval_50008_high,17050008,1.0,48,106,235,high,0.05471699164799937,0.056795109606936255,0.0558817338193705,0.0007238388541670248,True,,E3_fail,48.089479088872295,95.84116473149493,204.07546971641966,0.6185871246839729,1.0,0,0.01066946775417077,videos/behavior/eval_50008_high__short__u10.mp4,e0bf7cb0a6f56960c822f3a44a7baa12d6c2573d097432728f0825043b651c7f
free_fall,3407,100000,Short,eval_50009,eval_50009_high,17050009,0.2,198,60,85,high,0.06292371888632753,0.05161876864437942,0.043414964133289644,0.006323216605193234,True,,E3_fail,153.42147667147668,58.32174905137934,69.6572867608582,-0.3754915466708053,1.0,0,0.01912301723154175,videos/behavior/eval_50009_high__short__u02.mp4,1290ebe9ee52fc449b45be1886c1baaa869ff4d9365ca20e92be2a7a911fdd62
free_fall,3407,100000,Short,eval_50009,eval_50009_high,17050009,0.5,142,77,142,high,0.06292371888632753,0.056383543082438585,0.05665164181495892,0.005700560336144051,True,,E3_fail,97.84298827285565,82.23831508213041,125.20427680717023,0.12267036103086786,1.0,0,0.014874644105912882,videos/behavior/eval_50009_high__short__u05.mp4,94cfd45461004f48e4fa4c11d465fe66bc84b08c80fdf75d54102454e385009c
free_fall,3407,100000,Short,eval_50009,eval_50009_high,17050009,0.8,85,94,198,high,0.06292371888632753,0.061325518711162486,0.06356444900172427,0.0018916261975534465,True,,E3_pass,62.75927135678392,93.91624365482234,190.987324120603,0.505339007692207,1.0,0,0.01092148549304639,videos/behavior/eval_50009_high__short__u08.mp4,e7cee32402a22040528a6edb3ad79bb8d2f9579b2706323e7b9dc97624476d8b
free_fall,3407,100000,Short,eval_50010,eval_50010_high,17050010,0.0,235,48,48,high,0.04978673499321216,0.03928876187295708,0.03778418730755915,0.006007568516294885,True,,E3_fail,182.5594372613077,51.272916228588066,54.07574042023195,-0.5429611019794648,1.0,0,0.009012152123921147,videos/behavior/eval_50010_high__short__u00.mp4,0b833f478c72fc79c8abc72651f226820dcd444ffe61b28cf41cc74d9cbdf730
free_fall,3407,100000,Short,eval_50010,eval_50010_high,17050010,0.3,179,65,104,high,0.04978673499321216,0.05025202119098433,0.04342225809829396,0.005545746227704092,True,,E3_pass,146.27930146223198,67.39912268289231,83.50874638910541,-0.27316718889459407,1.0,0,0.011876876962117255,videos/behavior/eval_50010_high__short__u03.mp4,bbc42cd3e2424f36bead90f09f11c9ed0333cbf0caf55c13819e97bc40228575
free_fall,3407,100000,Short,eval_50010,eval_50010_high,17050010,0.6,123,83,160,high,0.04978673499321216,0.05223899174765919,0.04787351561698354,0.004698754136500297,True,,E3_fail,92.51881720430107,85.96315249222594,141.08422684980061,0.2078971609387579,1.0,0,0.01113680719979937,videos/behavior/eval_50010_high__short__u06.mp4,7242d384358df0cd4c08f523516605c33aed73550920afcf8171ed93b6d25b04
free_fall,3407,100000,Short,eval_50010,eval_50010_high,17050010,0.9,67,100,216,high,0.04978673499321216,0.05170513082595303,0.05077573264117721,0.0008582409930382555,True,,E3_pass,56.51597363083164,95.97819085957849,199.14713444671392,0.5578871425306308,1.0,0,0.00992600729105697,videos/behavior/eval_50010_high__short__u09.mp4,c9ad29f5536b2f392497dce0cec3ce2c6ee185e33b901605e485cacb2b937038
free_fall,3407,100000,Short,eval_50011,eval_50011_high,17050011,0.1,216,54,67,high,0.05559903293318277,0.044745007541299675,0.04050726392230268,0.00585889078540519,True,,E3_fail,168.70870040043684,54.907846534653466,61.19132277549363,-0.46767014696064346,1.0,0,0.016667541303787337,videos/behavior/eval_50011_high__short__u01.mp4,f329ef2bbef0b914267d79ca42fc98e268bde623da8bcf2c7049e7b2fe241cf3
free_fall,3407,100000,Short,eval_50011,eval_50011_high,17050011,0.4,160,71,123,high,0.05559903293318277,0.05774889587748499,0.04795348357657727,0.0056699188225880146,True,,E3_fail,126.54961401682714,76.75595238095238,100.83154630039877,-0.11310553469138888,1.0,0,0.016813191647133463,videos/behavior/eval_50011_high__short__u04.mp4,545b2df9b5b3448b02c344233d8a556d3956db268ce16cf80740c82f84d39839
free_fall,3407,100000,Short,eval_50011,eval_50011_high,17050011,0.7,104,89,179,high,0.05559903293318277,0.05526573884212652,0.05551498735212291,0.002634915978246259,True,,E3_pass,75.16402116402116,90.27526618218693,168.22899094033113,0.38236500288845154,1.0,0,0.012624671916010355,videos/behavior/eval_50011_high__short__u07.mp4,5bc50a84fdc49d15c7b104344f45830e6c4f6ae1431dbebe20f46c0f4c7c28bf
free_fall,3407,100000,Short,eval_50011,eval_50011_high,17050011,1.0,48,106,235,high,0.05559903293318277,0.05740258453532237,0.056499255802313686,0.0007208838352890978,True,,E3_pass,49.35563909774436,97.4987684729064,206.70334928229664,0.6144978982382655,1.0,0,0.010922312595540995,videos/behavior/eval_50011_high__short__u10.mp4,34921603bc070b16165dc61759ffe9a6b8dd0ff0b6b221df1892927a1642e7ea
free_fall,3407,100000,Short,eval_50012,eval_50012_high,17050012,0.2,198,60,85,high,0.05452538276428,0.04819464174379916,0.042383208854731104,0.005678843849267586,True,,E3_fail,159.89843596059114,59.26001836594138,70.25190355329948,-0.38951292705731894,1.0,0,0.018300652753217683,videos/behavior/eval_50012_high__short__u02.mp4,1a95fbf8d2e29fa0478b7fe66bdddb5528ebb8f4725dbb1c63423b5b07aff9bc
free_fall,3407,100000,Short,eval_50012,eval_50012_high,17050012,0.5,142,77,142,high,0.05452538276428,0.054881507662272074,0.05012916877107523,0.006523970970898125,True,,E3_pass,108.87910980859053,81.66435715146403,120.95219609582963,0.0525302079267647,1.0,0,0.014903854731073474,videos/behavior/eval_50012_high__short__u05.mp4,8b245ca5f8fd5ce0d92421b4235cc22c11496f861253b909acba93b8e76ec4e0
free_fall,3407,100000,Short,eval_50012,eval_50012_high,17050012,0.8,85,94,198,high,0.05452538276428,0.05555513486404955,0.0552176233300837,0.0014954698137775284,True,,E3_pass,64.39593698175787,93.4748743718593,186.855,0.4873974381521722,1.0,0,0.011031493760097377,videos/behavior/eval_50012_high__short__u08.mp4,2d11845f7cab8c2768498d231f1d25b8c61d14f6f59349d99d85f66a03c51fe1
free_fall,3407,100000,Short,eval_50013,eval_50013_high,17050013,0.0,235,48,48,high,0.05941431759849394,0.04088595633972076,0.03855129983625233,0.006734338805181841,True,,E3_fail,170.76470588235293,49.61993543179984,53.099514563106794,-0.5256096355420606,1.0,0,0.015360040076075832,videos/behavior/eval_50013_high__short__u00.mp4,8b01e540574356f3aa03171edf5a8f2d613337b7cf25662915b504ed673c1dcd
free_fall,3407,100000,Short,eval_50013,eval_50013_high,17050013,0.3,179,65,104,high,0.05941431759849394,0.057415755374909186,0.046292214074832985,0.0050005813356374575,True,,E3_pass,139.38889211811207,66.76595744680851,83.27242441209407,-0.2520261201204432,1.0,0,0.018829855233305492,videos/behavior/eval_50013_high__short__u03.mp4,a8c80a190bc07313927c56601d600a90c05b8e040993cbccd449287d17b40c83
free_fall,3407,100000,Short,eval_50013,eval_50013_high,17050013,0.6,123,83,160,high,0.05941431759849394,0.05599922374448703,0.057631304273110036,0.003989496894641645,True,,E3_fail,85.60014255167498,86.68328045126036,147.04761661906707,0.2641223551278439,1.0,0,0.0118100264062736,videos/behavior/eval_50013_high__short__u06.mp4,c12f903c0ea244a4a21624867ad82852effe84bbfb065ced79f690200bb03b38
free_fall,3407,100000,Short,eval_50013,eval_50013_high,17050013,0.9,67,100,216,high,0.05941431759849394,0.06017336132674711,0.06044368762307779,0.0008350899931909257,True,,E3_pass,55.07881066302119,95.64940587867417,200.84463296806882,0.569568071751826,1.0,0,0.010728732437856991,videos/behavior/eval_50013_high__short__u09.mp4,951c8e85494cb5655e628fee90997991506879caa07328826493475ce0645601
free_fall,3407,100000,Short,eval_50014,eval_50014_high,17050014,0.1,216,54,67,high,0.06461412859500178,0.04798977994162176,0.041282438899533806,0.006532596296594625,True,,E3_fail,159.06198984339687,53.95478562801932,61.1951702902249,-0.4443297983765858,1.0,0,0.02206622765788624,videos/behavior/eval_50014_high__short__u01.mp4,284f9ec448fe32211f2e05db58f1963b4d1cf2c44904aeeb5aefe72c88f3735b
free_fall,3407,100000,Short,eval_50014,eval_50014_high,17050014,0.4,160,71,123,high,0.06461412859500178,0.0618118569532262,0.05322549870702743,0.005072107799162521,True,,E3_fail,111.14117511823437,75.42008859688417,103.09402371648025,-0.037562228081682185,1.0,0,0.021310173501246976,videos/behavior/eval_50014_high__short__u04.mp4,1613ca50591e7eb1ec694ef9f6d07aa2e5bb9e0abdff187f0c896ef3ff9f4bd5
free_fall,3407,100000,Short,eval_50014,eval_50014_high,17050014,0.7,104,89,179,high,0.06461412859500178,0.060315924024764545,0.06409332531487713,0.003184674629541108,True,,E3_fail,73.27025313039724,90.99459459459459,173.49785599428265,0.406161084669352,1.0,0,0.013098229438761155,videos/behavior/eval_50014_high__short__u07.mp4,e72e71a4cf993b54f891e4f834d26c60d5d175b8bc8a1a86a688abf168e3159d
free_fall,3407,100000,Short,eval_50014,eval_50014_high,17050014,1.0,48,106,235,high,0.06461412859500178,0.0651052502039771,0.06550000022574631,0.0009155370185093761,True,,E3_pass,49.018979266347685,97.04569597069596,205.3975376356634,0.6146556845974923,1.0,0,0.011346254712649606,videos/behavior/eval_50014_high__short__u10.mp4,fd53f2866c6e64e6ed9e426a4b1a617e5743c228358705dcab96b9b328f64d8c
free_fall,3407,100000,Short,eval_50015,eval_50015_high,17050015,0.2,198,60,85,high,0.06669411667584542,0.0545485086521661,0.0437409196693636,0.005051718864601752,True,,E3_fail,148.80901434099704,59.50164482204839,69.19974226804123,-0.36516547918174297,1.0,0,0.019941492583476217,videos/behavior/eval_50015_high__short__u02.mp4,a5221cba7e09270fbe6536853c42a674f00a264465bf6ae6632f4a43d506b1a4
free_fall,3407,100000,Short,eval_50015,eval_50015_high,17050015,0.5,142,77,142,high,0.06669411667584542,0.05630575117251179,0.05854374956926204,0.005064063920689801,True,,E3_fail,99.38872832369943,85.09254922369676,126.29520686963309,0.11922194870841857,1.0,0,0.013649771611060846,videos/behavior/eval_50015_high__short__u05.mp4,f7c480a974405551562da14ac9c61b15d42973f6313157f1e9ccac8f65684762
free_fall,3407,100000,Short,eval_50015,eval_50015_high,17050015,0.8,85,94,198,high,0.06669411667584542,0.06364788066272586,0.06665197478304144,0.002276073848790109,True,,E3_fail,63.97278447056529,94.69995177909752,191.6171250340372,0.499410719346778,1.0,0,0.012573486988977312,videos/behavior/eval_50015_high__short__u08.mp4,87fce413c251071d16b0aa656b609e5cf8d802cce460a2d896436c070214521a
free_fall,3407,100000,Short,eval_50016,eval_50016_high,17050016,0.0,235,48,48,high,0.06640241906099656,0.04365865064913346,0.03853658530484139,0.0064993974864389755,True,,E3_fail,164.22943953700883,49.44241037376049,52.812496769191,-0.5133429265514468,1.0,0,0.015215301057664776,videos/behavior/eval_50016_high__short__u00.mp4,2df867ba7049fcfd123eb3a7cabd7fd5222241beb734b4214aec479ffe11b5b2
free_fall,3407,100000,Short,eval_50016,eval_50016_high,17050016,0.3,179,65,104,high,0.06640241906099656,0.06127818671364381,0.048158225866880615,0.004597558253910445,True,,E3_fail,130.71232772752109,65.98862525165373,82.1891891891892,-0.22791354068799105,1.0,0,0.02272479869635058,videos/behavior/eval_50016_high__short__u03.mp4,8c767b2e00297c4a515e84cf8dec3880daa486095a7e0d9138c54801b44dfb6a
free_fall,3407,100000,Short,eval_50016,eval_50016_high,17050016,0.6,123,83,160,high,0.06640241906099656,0.05886590925003557,0.06286943027716742,0.004747910595616869,True,,E3_fail,82.5078495305377,85.5568407960199,148.56708472686734,0.2858779789708516,1.0,0,0.01442270211273089,videos/behavior/eval_50016_high__short__u06.mp4,4507d53bbf00ecbd02a32d89ed3dac088fdf5900f6fd37c3f43ff662fe39492a
free_fall,3407,100000,Short,eval_50016,eval_50016_high,17050016,0.9,67,100,216,high,0.06640241906099656,0.0646421173555448,0.06678347784294243,0.0017713975645408436,True,,E3_pass,54.41383327266108,95.21699505044737,200.1607529568549,0.5725116628601437,1.0,0,0.01062841078514476,videos/behavior/eval_50016_high__short__u09.mp4,bc78c28b92b34368a60534d0b80c594ac30f833b56485fc12ff70e15dd013537
free_fall,3407,100000,Short,eval_50017,eval_50017_high,17050017,0.1,216,54,67,high,0.049586233301447014,0.041449106609064264,0.03953183614063978,0.0057980493092972376,True,,E3_fail,174.62904688380758,54.654153475049,61.82317073170732,-0.477076837297964,1.0,0,0.01222770544606544,videos/behavior/eval_50017_high__short__u01.mp4,691104b2f87d2b37377aede87fb382992636ee11dee044288eaca5f2d178f50c
free_fall,3407,100000,Short,eval_50017,eval_50017_high,17050017,0.4,160,71,123,high,0.049586233301447014,0.0535087626459875,0.045229403697797696,0.006159242483859779,True,,E3_fail,127.3843166625059,75.5042547497993,99.34940392706872,-0.12364686056638599,1.0,0,0.009219080455375561,videos/behavior/eval_50017_high__short__u04.mp4,fe7ad8a3c6b8a68ca1755925d3202ec3938ec7cba7cc8ea9597739a5d2573dda
free_fall,3407,100000,Short,eval_50017,eval_50017_high,17050017,0.7,104,89,179,high,0.049586233301447014,0.05157685150569171,0.04915762246665346,0.002368377266010951,True,,E3_pass,75.30820197702377,89.2639458182904,165.15678923865704,0.37364518971098293,1.0,0,0.00963351186431638,videos/behavior/eval_50017_high__short__u07.mp4,3696b230c9a26e40f4172fef6e05e8b3946d8728ae4abbb280a1816586bc3177
free_fall,3407,100000,Short,eval_50017,eval_50017_high,17050017,1.0,48,106,235,high,0.049586233301447014,0.05173880259255618,0.05080445175935481,0.0005316736734526249,True,,E3_fail,48.757844378781485,96.58390167661267,205.38949175824177,0.6163025344283438,1.0,0,0.008927078940235922,videos/behavior/eval_50017_high__short__u10.mp4,9bdd9f239c6fa085ff94fec47505ca0aad63e870d107e6763c1ae65c93f08f3a
free_fall,3407,100000,Short,eval_50018,eval_50018_high,17050018,0.2,198,60,85,high,0.052997093215728305,0.04718688032070495,0.04197647460556374,0.00541523763878223,True,,E3_fail,159.5754763918603,59.1172979304959,70.12550515255607,-0.38941919463242364,1.0,0,0.015286136444584986,videos/behavior/eval_50018_high__short__u02.mp4,375fe19421f92be7d6e683ef8a98085702e1697f1e8773829f96239f3c239342
free_fall,3407,100000,Short,eval_50018,eval_50018_high,17050018,0.5,142,77,142,high,0.052997093215728305,0.05435000123375024,0.048957740855142776,0.006223928479296795,True,,E3_pass,108.13930767550019,82.01508712282192,118.95981230847804,0.047646616304550984,1.0,0,0.014299268929411912,videos/behavior/eval_50018_high__short__u05.mp4,3c640d9ee696ff50bbb47c5ae29cd1407e72182e14314d327a14e94b45f8c895
free_fall,3407,100000,Short,eval_50018,eval_50018_high,17050018,0.8,85,94,198,high,0.052997093215728305,0.053864809876678,0.05347858505345415,0.0015801500469017123,True,,E3_pass,63.81094527363184,92.35015989036089,186.93532338308458,0.49103174603174415,1.0,0,0.009424958243855919,videos/behavior/eval_50018_high__short__u08.mp4,a05a1a008078e4baaf3726d6fb367017b05b7d9dc56b61ae90254763cb7ecdbe
free_fall,3407,100000,Short,eval_50019,eval_50019_high,17050019,0.0,235,48,48,high,0.06204873469422123,0.04228656746623736,0.03897014113600461,0.006808365427699103,True,,E3_fail,166.20098039215685,49.88730261734804,52.99038461538461,-0.5164920423433497,1.0,0,0.016159028403311293,videos/behavior/eval_50019_high__short__u00.mp4,73674d91ddc40619919f384b3808d6e21f2d1b73f79340ac2d3389a058347231
free_fall,3407,100000,Short,eval_50019,eval_50019_high,17050019,0.3,179,65,104,high,0.06204873469422123,0.05925872609005042,0.04734670312394563,0.004760988603451846,True,,E3_fail,132.15999113867966,66.83499340229005,83.52319623708598,-0.22550109488533238,1.0,0,0.019621865750823586,videos/behavior/eval_50019_high__short__u03.mp4,e37199541d00e156656ee225e99925bddea17d10a41cdef911fa5c94a5ac70cf
free_fall,3407,100000,Short,eval_50019,eval_50019_high,17050019,0.6,123,83,160,high,0.06204873469422123,0.0565570162306151,0.0596211163336583,0.004243219513508667,True,,E3_fail,84.06242424242424,86.08847549909255,147.89915110356537,0.27520388566909487,1.0,0,0.012425237670434353,videos/behavior/eval_50019_high__short__u06.mp4,320d7c9e49145495e4128036892141c730e7da439d5dca21ab0f3a2809639d17
free_fall,3407,100000,Short,eval_50019,eval_50019_high,17050019,0.9,67,100,216,high,0.06204873469422123,0.06245897997598133,0.06303187664120387,0.0011008620489262341,True,,E3_pass,54.968149210903874,95.97327626641652,200.15291262135923,0.5690818404711361,1.0,0,0.009798520361511076,videos/behavior/eval_50019_high__short__u09.mp4,bfd66b6f8a877e560377f4e5a0b30afe50aa5d0a05e1ad812b46d2a87e8b7e7a
free_fall,3407,100000,Short,eval_50020,eval_50020_high,17050020,0.1,216,54,67,high,0.058127420481205824,0.04521764334099238,0.040917896659216996,0.006294387776383971,True,,E3_fail,166.47091747146618,54.95055418719212,61.51794175027871,-0.46034256269999757,1.0,0,0.018612296706845277,videos/behavior/eval_50020_high__short__u01.mp4,c81b32304c2136da85e1beb769cd993432306b53446789ee6c0c6491d518712a
free_fall,3407,100000,Short,eval_50020,eval_50020_high,17050020,0.4,160,71,123,high,0.058127420481205824,0.05747901423877042,0.049464002467361136,0.006070530164109452,True,,E3_pass,123.43097026506922,76.15917602996255,102.91594290920133,-0.09063533082102483,1.0,0,0.015969472865586698,videos/behavior/eval_50020_high__short__u04.mp4,4662e4df94d0fcf244e9f291a3886f3277bb4172530e0791db0307a621d7ff0e
free_fall,3407,100000,Short,eval_50020,eval_50020_high,17050020,0.7,104,89,179,high,0.058127420481205824,0.05675976539759364,0.058092349374773526,0.0026876085388049965,True,,E3_pass,73.54688990281753,90.24043497912845,170.13662478522338,0.3963736939942689,1.0,0,0.011422210967084623,videos/behavior/eval_50020_high__short__u07.mp4,e089abf86a89dc6df316fd6b0b6b552c4333d9a132fe0a19ded972e6d17c0c38
free_fall,3407,100000,Short,eval_50020,eval_50020_high,17050020,1.0,48,106,235,high,0.058127420481205824,0.06005792163074744,0.05920314301844172,0.0006626186828872913,True,,E3_pass,48.2566019506809,96.90625,206.2908826945412,0.6208440085908584,1.0,0,0.010468427490253007,videos/behavior/eval_50020_high__short__u10.mp4,e397d43cbb1abe79d5d9a6c2cff653764880ed0671e30c9bc0b58f3e82d3db00
free_fall,3407,100000,Short,eval_50021,eval_50021_high,17050021,0.2,198,60,85,high,0.05443292206690774,0.0496760242922273,0.042501302464114855,0.00522661562413704,True,,E3_fail,157.5450795079508,59.261480394212626,69.34528798624544,-0.3887330806318214,1.0,0,0.017405820595954857,videos/behavior/eval_50021_high__short__u02.mp4,6cdfc45d0cd4a3c2cf8ca4428a11beb3c4c91b25cdf5371a9aebd60f32814147
free_fall,3407,100000,Short,eval_50021,eval_50021_high,17050021,0.5,142,77,142,high,0.05443292206690774,0.05527831468170006,0.050189522400153494,0.006349092234836556,True,,E3_pass,106.52626483844347,81.95715920038535,120.30005810930666,0.060723963126783805,1.0,0,0.015112135373322233,videos/behavior/eval_50021_high__short__u05.mp4,e64d8cab4fac3569c3b36bbdf63adbb9396f8034fda211409f4d60c1f25f5aac
free_fall,3407,100000,Short,eval_50021,eval_50021_high,17050021,0.8,85,94,198,high,0.05443292206690774,0.055976402179779755,0.05518056250154021,0.0015179354498775816,True,,E3_pass,63.38492795980106,92.42713567839196,186.59465346534654,0.492879157582069,1.0,0,0.010776004784232907,videos/behavior/eval_50021_high__short__u08.mp4,2283621c51fd30d0847f8c4b2bc5f9420737f824d42d2f39a90519ed839b6e57
free_fall,3407,100000,Short,eval_50022,eval_50022_high,17050022,0.0,235,48,48,high,0.058146214477300395,0.04164898140425542,0.03901182444634686,0.00629701388553034,True,,E3_fail,173.02434218430855,50.92689470154259,53.78292682926829,-0.525738949521507,1.0,0,0.016762119654187724,videos/behavior/eval_50022_high__short__u00.mp4,067eae6216ae55f441dadfb96ff14609898c96db912428d9a18e91a77d4973a4
free_fall,3407,100000,Short,eval_50022,eval_50022_high,17050022,0.3,179,65,104,high,0.058146214477300395,0.05595672686387563,0.046123828369481125,0.005404544538241072,True,,E3_fail,143.26116655759162,66.87852657231231,84.27854251012145,-0.2592190360492963,1.0,0,0.01873006720841819,videos/behavior/eval_50022_high__short__u03.mp4,b4cad60ea2c6aa41ac3691e38ac4603519db2d80879beb48ade57ff448dda254
free_fall,3407,100000,Short,eval_50022,eval_50022_high,17050022,0.6,123,83,160,high,0.058146214477300395,0.05511236644753335,0.05639320574340333,0.0040466127446286415,True,,E3_fail,88.78798535224367,85.04480340445936,144.96914040648892,0.2403398607503037,1.0,0,0.011461915851110338,videos/behavior/eval_50022_high__short__u06.mp4,41a4550c0e81502f881955fec14181aeeedd92cdf31cdf265fed3275b7e214b9
free_fall,3407,100000,Short,eval_50022,eval_50022_high,17050022,0.9,67,100,216,high,0.058146214477300395,0.059031102359193864,0.05928072715586145,0.0008324323546556023,True,,E3_pass,55.78352875875946,96.6162774172154,200.92321879246748,0.5653910207589856,1.0,0,0.009614692833446514,videos/behavior/eval_50022_high__short__u09.mp4,f073ed2bf7f62457dcc7010d7d6dda4c5c57ab4cdb225feeb2a57a2f1476fe11
free_fall,3407,100000,Short,eval_50023,eval_50023_high,17050023,0.1,216,54,67,high,0.057670019295714914,0.045692636215946096,0.04102145508087141,0.006444435346023496,True,,E3_fail,166.93673669397396,55.59226032359334,62.30445544554455,-0.4564287956797428,1.0,0,0.01915519180792069,videos/behavior/eval_50023_high__short__u01.mp4,b56471de3699b5132a905ae900c1e48642d7b8e896367888000f1621cec08584
free_fall,3407,100000,Short,eval_50023,eval_50023_high,17050023,0.4,160,71,123,high,0.057670019295714914,0.05796697411705433,0.04946791646502336,0.006047878417810811,True,,E3_pass,123.00837988826817,77.84816849816849,102.0953823817189,-0.09290381153854879,1.0,0,0.017642781052427225,videos/behavior/eval_50023_high__short__u04.mp4,9d90d278667c3b6e2eaa5096e010cb6c0d670bf330581694c0a25f25dc8faf7d
free_fall,3407,100000,Short,eval_50023,eval_50023_high,17050023,0.7,104,89,179,high,0.057670019295714914,0.05646838982511495,0.05782396044475499,0.0024908307973535875,True,,E3_pass,73.98066267730496,90.10330971766945,170.5477520509499,0.3949115258484779,1.0,0,0.011816896487634732,videos/behavior/eval_50023_high__short__u07.mp4,816b2b1c9717907f8bbf404796ae3dbc8030751d14171062f01a00a554ef247e
free_fall,3407,100000,Short,eval_50023,eval_50023_high,17050023,1.0,48,106,235,high,0.057670019295714914,0.05944596767680367,0.05882087571286339,0.0007077228523776608,True,,E3_pass,48.627170868347335,96.91300422138838,205.6561611538728,0.6175355224297719,1.0,0,0.009918231374924313,videos/behavior/eval_50023_high__short__u10.mp4,f550d990b2f4c91d2aa46e0f9cd54846ed8102bd3447220300c13774eb32c318
free_fall,3407,100000,Short,eval_50024,eval_50024_high,17050024,0.2,198,60,85,high,0.047389165559386034,0.04421262498404599,0.04072973054551604,0.005727104382741316,True,,E3_fail,164.43758249568486,58.80105090311987,68.90323931131928,-0.4094197596654626,1.0,0,0.011244195713705829,videos/behavior/eval_50024_high__short__u02.mp4,a34025629efbbfa71fb9645764effea99b0132458ce7e5234f1cd6b40e12f8f8
free_fall,3407,100000,Short,eval_50024,eval_50024_high,17050024,0.5,142,77,142,high,0.047389165559386034,0.05126613964143169,0.045359003567355644,0.00674893749153773,True,,E3_fail,112.49152542372882,83.84981702619413,117.84583224457799,0.023245499015229328,1.0,0,0.015345479412856022,videos/behavior/eval_50024_high__short__u05.mp4,2a0029168498f4b5368f0cd0df0bc9b4049374dad6b46469e30721c0aff57dcf
free_fall,3407,100000,Short,eval_50024,eval_50024_high,17050024,0.8,85,94,198,high,0.047389165559386034,0.049381999851782474,0.04761034069368169,0.001495728462110719,True,,E3_pass,64.52487562189054,92.46994699469947,184.75661335364305,0.4823131401608103,1.0,0,0.009842919665520311,videos/behavior/eval_50024_high__short__u08.mp4,3a717296795142a43dc1091b50fc056615094afa41abb496a2b59b3dc8b5da47
free_fall,3407,100000,Short,eval_50025,eval_50025_high,17050025,0.0,235,48,48,high,0.06132079847974285,0.04173000744040102,0.038806966323975366,0.006864624790511012,True,,E3_fail,168.4656862745098,49.97601242521859,52.86514441842311,-0.5222975104470039,1.0,0,0.01815977933829316,videos/behavior/eval_50025_high__short__u00.mp4,668ec9f6a0c0ae38ecfd70b4e4d7856890b7c418f76dbcb55fbd27cfb00461ab
free_fall,3407,100000,Short,eval_50025,eval_50025_high,17050025,0.3,179,65,104,high,0.06132079847974285,0.058153046815864154,0.046928808354943986,0.005354905337525135,True,,E3_fail,136.65422609305585,66.55173878061862,83.82417847938144,-0.23961552024165284,1.0,0,0.020529754609341255,videos/behavior/eval_50025_high__short__u03.mp4,3f23677483b7c14b7d8125bb64ee466448dd236b754fa0f22cd4c47c18fee351
free_fall,3407,100000,Short,eval_50025,eval_50025_high,17050025,0.6,123,83,160,high,0.06132079847974285,0.05609315074879709,0.05884013505163885,0.004222288315545997,True,,E3_fail,83.75997036671194,85.21182266009853,147.57201214195757,0.27584617173656006,1.0,0,0.013865857953166194,videos/behavior/eval_50025_high__short__u06.mp4,17a6fa624a4b82fdc83a52be97ec0734775b4ab18ea5ae0003715e2ae00a1993
free_fall,3407,100000,Short,eval_50025,eval_50025_high,17050025,0.9,67,100,216,high,0.06132079847974285,0.061254292683186606,0.06219083049952706,0.0011239253740069018,True,,E3_pass,54.894040042737025,96.18350756252977,201.36749014707294,0.571577989079532,1.0,0,0.010726920004564655,videos/behavior/eval_50025_high__short__u09.mp4,6f31343b1372d9e8d73f08e735888f647a936b61652594aca4edbac19f35827e
free_fall,3407,100000,Short,eval_50026,eval_50026_high,17050026,0.1,216,54,67,high,0.06295533431455241,0.04788600869810228,0.04122310207080476,0.005932539136544943,True,,E3_fail,158.52955665024632,54.882037726781206,62.03117964352721,-0.4375138505077744,1.0,0,0.021978395916590898,videos/behavior/eval_50026_high__short__u01.mp4,8505e19eee13769ad3e294414cc7b3b9805397f2a6510284c6855409181ef81d
free_fall,3407,100000,Short,eval_50026,eval_50026_high,17050026,0.4,160,71,123,high,0.06295533431455241,0.05986154225490151,0.05224431166503175,0.005346619029250759,True,,E3_fail,113.39011971268954,77.75722729024798,104.21253762078251,-0.042175873237809365,1.0,0,0.019920523433122117,videos/behavior/eval_50026_high__short__u04.mp4,76839eefb1e064eb737b144ac4ea52c455997ce12efce70e5709b7aacbf1b691
free_fall,3407,100000,Short,eval_50026,eval_50026_high,17050026,0.7,104,89,179,high,0.06295533431455241,0.05897715869396884,0.06276263621895324,0.0031921454309179202,True,,E3_fail,71.8862433862434,90.75646346621551,173.9886346492331,0.41526158377293537,1.0,0,0.01254921259842523,videos/behavior/eval_50026_high__short__u07.mp4,0cd46c3bee22ff9a01e404b5a432ada2948b00cf8dc7612efa4023ec26915e8d
free_fall,3407,100000,Short,eval_50026,eval_50026_high,17050026,1.0,48,106,235,high,0.06295533431455241,0.06341983339273385,0.06390439058041275,0.0010062636234544728,True,,E3_pass,48.87636385059503,97.375,206.6139860963827,0.6173917029685174,1.0,0,0.010224571443132713,videos/behavior/eval_50026_high__short__u10.mp4,8de84b07d0e35c091630518605451c8a7a05a8aedbb72e64c3157a5c57fa56a6
free_fall,3407,100000,Short,eval_50027,eval_50027_high,17050027,0.2,198,60,85,high,0.04670501626689866,0.043355337957200125,0.04001485452347034,0.005680706545198835,True,,E3_fail,164.13261421319797,58.565924170616114,68.12855038922785,-0.4133453131878725,1.0,0,0.01253141229686705,videos/behavior/eval_50027_high__short__u02.mp4,0256993a008f2b5d8948701f800817a54b8b353e77524894bd5fe524543e1841
free_fall,3407,100000,Short,eval_50027,eval_50027_high,17050027,0.5,142,77,142,high,0.04670501626689866,0.05090065638334081,0.04505973362460618,0.007290550785873986,True,,E3_fail,112.47832731314253,83.51552366274963,117.328856290087,0.02110695105736585,1.0,0,0.01541198727538673,videos/behavior/eval_50027_high__short__u05.mp4,bab581d48766ed1358ff41638db06ad38370704a0f86e236f3666608516f39be
free_fall,3407,100000,Short,eval_50027,eval_50027_high,17050027,0.8,85,94,198,high,0.04670501626689866,0.04857790265221836,0.046922214159127916,0.0014357946878238907,True,,E3_pass,65.45886934673368,92.20557788944724,184.93982587064676,0.4771628559014125,1.0,0,0.007674167632599205,videos/behavior/eval_50027_high__short__u08.mp4,e18bdb334d27b6a1900be6ec94aa8b49566aee05f2506c810a6555ed7cfc28ca
free_fall,3407,100000,Short,eval_50028,eval_50028_high,17050028,0.0,235,48,48,high,0.05443996001683907,0.04035664236704811,0.03835737793996719,0.006150209036587514,True,,E3_fail,175.13655471943514,50.51306366047746,53.64195224207073,-0.5310577645207138,1.0,0,0.014217495014125836,videos/behavior/eval_50028_high__short__u00.mp4,8e8e587c56bb83677bedbee89c38700ddde796d0c4a6fc1e2b47d01ae214a2dd
free_fall,3407,100000,Short,eval_50028,eval_50028_high,17050028,0.3,179,65,104,high,0.05443996001683907,0.05384907586020553,0.04487739943506813,0.005311950816101391,True,,E3_pass,143.1009047631572,66.12280341036818,83.33677534460847,-0.26393191005183264,1.0,0,0.01797170192831432,videos/behavior/eval_50028_high__short__u03.mp4,b12e5d07be2d9b58966c271d0e39079b8825c0e8e35294889ce59cca6b6a3dde
free_fall,3407,100000,Short,eval_50028,eval_50028_high,17050028,0.6,123,83,160,high,0.05443996001683907,0.053866986715103975,0.052803504358710215,0.004429752500571237,True,,E3_pass,88.60964599667379,85.13606333606333,143.00735653235654,0.23486061015259202,1.0,0,0.011622516257632665,videos/behavior/eval_50028_high__short__u06.mp4,69169a20edc22de759d6e98b3d2de29fb73ec2c0e9be2f617553bef9b8a7aeab
free_fall,3407,100000,Short,eval_50028,eval_50028_high,17050028,0.9,67,100,216,high,0.05443996001683907,0.05628047300140963,0.055420219386244945,0.000964533705707926,True,,E3_pass,55.07859212750543,94.70549086897904,198.09885174665598,0.5649012701551579,1.0,0,0.010598071522151198,videos/behavior/eval_50028_high__short__u09.mp4,2cd47d27ba6ea7515383fa5676f2d769b0536a176971ea0a6c8ef33e6ca5a0a9
free_fall,3407,100000,Short,eval_50029,eval_50029_high,17050029,0.1,216,54,67,high,0.056681276865603994,0.04418314702355443,0.04069705722689253,0.0063601465195772516,True,,E3_fail,166.12800565770863,54.57283048237822,61.082914572864325,-0.4623241302761522,1.0,0,0.018550381550738182,videos/behavior/eval_50029_high__short__u01.mp4,0b1f4b9ac5093ab7f867980b3cd2d77446a3888dacadd195516960f1911ca8ff
free_fall,3407,100000,Short,eval_50029,eval_50029_high,17050029,0.4,160,71,123,high,0.056681276865603994,0.05759249551879458,0.048755898983247156,0.005852977456997218,True,,E3_pass,122.84890109890111,76.01055117670077,100.98756159474391,-0.09766656978527107,1.0,0,0.01696360535578223,videos/behavior/eval_50029_high__short__u04.mp4,97ae686cd1960071391969f3bbd868b4eb03d7958e3785e62d2bb3bdc0205593
free_fall,3407,100000,Short,eval_50029,eval_50029_high,17050029,0.7,104,89,179,high,0.056681276865603994,0.05617803770213365,0.05674260751103887,0.0028159527040176884,True,,E3_pass,73.98027203540778,89.70680628272251,168.81776178010472,0.390602379493558,1.0,0,0.012445319335083083,videos/behavior/eval_50029_high__short__u07.mp4,c0970e2bddee22d46b1543ac53fb56515926e30e1e5b78a782322a4d066d6795
free_fall,3407,100000,Short,eval_50029,eval_50029_high,17050029,1.0,48,106,235,high,0.056681276865603994,0.058648701368357405,0.05781446633225679,0.0005792125630271607,True,,E3_pass,48.40541312575876,96.57146709816612,205.96368603724028,0.619408070516136,1.0,0,0.010847406295972917,videos/behavior/eval_50029_high__short__u10.mp4,9a5d5a22ef4511574a1c71d533fd56805b1d981b17645bc5b1828fb7a887b421
free_fall,3407,100000,Short,eval_50030,eval_50030_high,17050030,0.2,198,60,85,high,0.06139035744066626,0.052318500747774534,0.04342408519057572,0.005399667574196435,True,,E3_fail,153.9597937313673,58.633397435897436,69.14003886010363,-0.38018744293090045,1.0,0,0.020265860702100347,videos/behavior/eval_50030_high__short__u02.mp4,a9e4f3a72bc8ab608d8c06ebc0cfc95c60d584fd85c7fce31fcabbd9993183de
free_fall,3407,100000,Short,eval_50030,eval_50030_high,17050030,0.5,142,77,142,high,0.06139035744066626,0.05581494275073256,0.05552629011687129,0.0057174084801587775,True,,E3_fail,100.18484769212881,82.09476068247018,122.23038859476107,0.0991188430733044,1.0,0,0.012850309033951346,videos/behavior/eval_50030_high__short__u05.mp4,2bb76ed471b7cf9d15ed12c254d15d8e2b0b467f6a005543134258d1e4bebe8b
free_fall,3407,100000,Short,eval_50030,eval_50030_high,17050030,0.8,85,94,198,high,0.06139035744066626,0.05986974541455582,0.06190296896237961,0.001880048282371954,True,,E3_pass,62.630634517766495,94.05975691264203,190.42895833333333,0.5050127615227882,1.0,0,0.010106431806127802,videos/behavior/eval_50030_high__short__u08.mp4,9c51f80b7fe1aa7c524e9808a913b2e845d8aac972844a87f0795376b554e4bd
free_fall,3407,100000,Short,eval_50031,eval_50031_high,17050031,0.0,235,48,48,high,0.04975534148743192,0.04076798398260907,0.03816698068497036,0.00593178948369025,True,,E3_fail,182.59899829497016,51.14556300461361,54.056372549019606,-0.5431637798353164,1.0,0,0.010177984814486063,videos/behavior/eval_50031_high__short__u00.mp4,630201d795d48ef6bef8c731ffb401d33c165bccaccff00e219aedce91b08a92
free_fall,3407,100000,Short,eval_50031,eval_50031_high,17050031,0.3,179,65,104,high,0.04975534148743192,0.05181192637980995,0.04407642660179831,0.0060564059145199614,True,,E3_fail,147.5785340314136,66.217277486911,82.52754202259575,-0.2827000187233175,1.0,0,0.011309699021267106,videos/behavior/eval_50031_high__short__u03.mp4,2e9d7feef68696fdccc0f70788b0c2a0aa9eae15a1d6d96a4fe348d997aac4a6
free_fall,3407,100000,Short,eval_50031,eval_50031_high,17050031,0.6,123,83,160,high,0.04975534148743192,0.05244620471134023,0.04805002892367778,0.004787050034219642,True,,E3_fail,92.01782244352684,85.91351351351352,142.69977967097532,0.21592738154645988,1.0,0,0.011736994414159763,videos/behavior/eval_50031_high__short__u06.mp4,7923e393090a27aab5ccf5b4cea83afde2774e31a8177921ece6438f56cbb6f4
free_fall,3407,100000,Short,eval_50031,eval_50031_high,17050031,0.9,67,100,216,high,0.04975534148743192,0.05214080247776082,0.0507087164086599,0.0007448715769752034,True,,E3_fail,55.49166314900802,95.32246165793049,199.33246237458195,0.564470883320102,1.0,0,0.00933543181710439,videos/behavior/eval_50031_high__short__u09.mp4,2818f6435981b4da9520cffb641424db8b3cf3cf780819e9ff20846cb431ad68
free_fall,3407,100000,Long,eval_50000,eval_50000_low,17050000,0.1,216,54,67,low,0.023113878874517577,-0.027036761748618007,0.041879102718541686,0.01686022523604036,True,,E3_fail,128.36845868644068,48.48177723177723,57.496484237665534,-0.381308994228749,1.0,0,0.02211662679719617,videos/behavior/eval_50000_low__long__u01.mp4,0ea03a1261ee30587ff88abcf54bc66e52974cd153a6eb2ac6cc9a5eada6d652
free_fall,3407,100000,Long,eval_50000,eval_50000_low,17050000,0.4,160,71,123,low,0.023113878874517577,-0.038749556391560476,0.047181149213829175,0.023330747684169865,True,,E3_fail,87.86954365079364,62.65525172501917,86.72067354173382,-0.006580380776964827,1.0,0,0.024468816397950177,videos/behavior/eval_50000_low__long__u04.mp4,968446340731e96248d46ca7027b70edc6d9602c7e0c2b192abd181af2448f28
free_fall,3407,100000,Long,eval_50000,eval_50000_low,17050000,0.7,104,89,179,low,0.023113878874517577,-0.044565171316864625,0.05577918778418063,0.021724426594076418,True,,E3_fail,58.065156062424975,64.08838383838383,118.49166666666667,0.3422496489810515,1.0,0,0.02127989615043735,videos/behavior/eval_50000_low__long__u07.mp4,3451a61bf6b34648fe994777194f353592c92e27e912a2bf7b7759f6756a9a4a
free_fall,3407,100000,Long,eval_50000,eval_50000_low,17050000,1.0,48,106,235,low,0.023113878874517577,-0.05081377232258863,0.0620546396153665,0.023665220390635892,True,,E3_fail,36.94422196796339,70.84404929770909,154.2308186396553,0.6135037099974714,1.0,0,0.01614739078013272,videos/behavior/eval_50000_low__long__u10.mp4,e0d0fbeaa675484d2579f668b502a7052cd32e2948926ba8dedbd80a4d1207c5
free_fall,3407,100000,Long,eval_50001,eval_50001_low,17050001,0.2,198,60,85,low,0.02276558972269709,-0.0316453895971746,0.042908808285640775,0.018302490335664966,True,,E3_fail,124.02462539432176,54.16373650828975,65.5144247183339,-0.30869734042252006,1.0,0,0.025897214280344416,videos/behavior/eval_50001_low__long__u02.mp4,3f1cf511517a2b9bb93f6c4139ee3daae12ba24b428fccde8516a1d9f69301e6
free_fall,3407,100000,Long,eval_50001,eval_50001_low,17050001,0.5,142,77,142,low,0.02276558972269709,-0.04687044756383429,0.048770337200658695,0.022348003729989574,True,,E3_fail,79.57346848179935,65.92991594946902,99.8037668428497,0.11278074569739058,1.0,0,0.02988875382512679,videos/behavior/eval_50001_low__long__u05.mp4,15ed51b60c507a549a6dab943771140969ab6e21ee713b4291c6b9317bc68458
free_fall,3407,100000,Long,eval_50001,eval_50001_low,17050001,0.8,85,94,198,low,0.02276558972269709,-0.05505189326237252,0.05734206643561451,0.02265628898417199,True,,E3_fail,52.552114427860694,66.68092812676853,132.77487791644057,0.43287144777886033,1.0,0,0.02028997828759771,videos/behavior/eval_50001_low__long__u08.mp4,9253ffbd91268e7c026555ad95a15385b50fb08aba4a32c2c38f5a9c7eb77980
free_fall,3407,100000,Long,eval_50002,eval_50002_low,17050002,0.0,235,48,48,low,0.01784931609265929,-0.038805735027010846,0.036420953762111574,0.011586932085557451,True,,E3_fail,149.70559487698011,42.66464510332435,47.6,-0.5174997441944936,1.0,0,0.013472092212249764,videos/behavior/eval_50002_low__long__u00.mp4,7994b94ea5afd47405215c709146af42fdd3a5a2dfc10a308164aee416b620e6
free_fall,3407,100000,Long,eval_50002,eval_50002_low,17050002,0.3,179,65,104,low,0.01784931609265929,-0.052157362643694874,0.0381691279726838,0.016100827963577577,True,,E3_fail,112.83460764587525,58.56580923248053,75.0975767444088,-0.20080132109302098,1.0,0,0.014135731430527598,videos/behavior/eval_50002_low__long__u03.mp4,5f5ec320405b6acf8aadbdf62aab9113734b965588ae4e1520bd0a0edde0b65a
free_fall,3407,100000,Long,eval_50002,eval_50002_low,17050002,0.6,123,83,160,low,0.01784931609265929,-0.0666620863094273,0.04384487995536308,0.017452571094247832,True,,E3_fail,70.76189001003127,66.00120989304813,111.10463552724698,0.22182611889699408,1.0,0,0.025209789486185685,videos/behavior/eval_50002_low__long__u06.mp4,e1ecf0db6bc846a4dee5063087a2d0dfa679a9a09e1af5dccf2eda22abb3e3d3
free_fall,3407,100000,Long,eval_50002,eval_50002_low,17050002,0.9,67,100,216,low,0.01784931609265929,-0.0812070064995009,0.052571381348812514,0.020443321847758746,True,,E3_fail,45.61118421052632,71.0366089965398,146.25869080089262,0.5245612766692835,1.0,0,0.020748280838654543,videos/behavior/eval_50002_low__long__u09.mp4,135fc158e5a35c5a2a86259a35c1b3f606df14b35bdd25423fa4872b77c03b51
free_fall,3407,100000,Long,eval_50003,eval_50003_low,17050003,0.1,216,54,67,low,0.023332338981242467,-0.026692193314471233,0.041715779053038374,0.016200282546647474,True,,E3_fail,129.44115778967426,48.96229379418696,57.20492371705964,-0.3870225053184846,1.0,0,0.0232568696078711,videos/behavior/eval_50003_low__long__u01.mp4,7773772da71fbc0e60df819c1836647e0be6fbe4ad4f7cdd1afd8bc7d18da628
free_fall,3407,100000,Long,eval_50003,eval_50003_low,17050003,0.4,160,71,123,low,0.023332338981242467,-0.03802959847532408,0.04681290618891541,0.023097359917059225,True,,E3_fail,89.93981983937488,62.96500781657113,89.13072663198523,-0.004518293060098803,1.0,0,0.025640847757466556,videos/behavior/eval_50003_low__long__u04.mp4,a0170fc8a178799f1965e33fe653467097fc603d136a75a604bff975a0d31a85
free_fall,3407,100000,Long,eval_50003,eval_50003_low,17050003,0.7,104,89,179,low,0.023332338981242467,-0.04605597424723106,0.05530008391595046,0.022236612994898514,True,,E3_fail,58.98395969498911,64.03058542413382,117.57253559199856,0.33184038798331955,1.0,0,0.023470927115418982,videos/behavior/eval_50003_low__long__u07.mp4,6c530461ebf9b1c12160c434b86f15a4930b3ba8b7176187ae8ff5f960416e5e
free_fall,3407,100000,Long,eval_50003,eval_50003_low,17050003,1.0,48,106,235,low,0.023332338981242467,-0.05042047709162883,0.06151617211299993,0.023774213037620597,True,,E3_fail,38.03050002569505,69.62559449958644,154.98803827751198,0.6059394049917176,1.0,0,0.017981059577584113,videos/behavior/eval_50003_low__long__u10.mp4,c99ce558ff016b7350d11a61ede2532e8f5867f50b6e2fa52c6471f853c392a9
free_fall,3407,100000,Long,eval_50004,eval_50004_low,17050004,0.2,198,60,85,low,0.011105217056557454,-0.043282255788242546,0.030351996918694467,0.007554437170864452,True,,E3_fail,142.246751627021,48.74243799153055,56.340753835091085,-0.4325851094812168,1.0,0,0.007358395743511825,videos/behavior/eval_50004_low__long__u02.mp4,3d4661f36efaae66b961accd14888b17de17f21ae2b2300bdf5d6b9f945749a6
free_fall,3407,100000,Long,eval_50004,eval_50004_low,17050004,0.5,142,77,142,low,0.011105217056557454,-0.03950760822081653,0.0325280116589201,0.007179785638595591,True,,E3_fail,92.93668343863462,68.9325,94.20284237726099,0.006765855225432133,1.0,0,0.00980799994142978,videos/behavior/eval_50004_low__long__u05.mp4,7087b0ada817869ee38ea75c3f487ba37df87080062513f85b6954b28a4f8176
free_fall,3407,100000,Long,eval_50004,eval_50004_low,17050004,0.8,85,94,198,low,0.011105217056557454,-0.044044425622263614,0.03759275994596078,0.011052362472468472,True,,E3_fail,53.30443479741233,73.78142755681819,153.61624441132636,0.484783879491911,1.0,0,0.010186792029285963,videos/behavior/eval_50004_low__long__u08.mp4,5bf0f580251985b8c28f9f5f5198173efe115850edbb87c8eabc76e6144dd4c4
free_fall,3407,100000,Long,eval_50005,eval_50005_low,17050005,0.0,235,48,48,low,0.007266470942510986,-0.03659203715367176,0.02141019633065914,0.006056521113511481,True,,E3_fail,173.27892120668741,42.986647002551024,46.91804214929215,-0.5738538676081306,1.0,0,0.007765032831103635,videos/behavior/eval_50005_low__long__u00.mp4,9b5ab5b33951be0a2187779eca4861809b491f7e9dabe1e00ccf512abe369537
free_fall,3407,100000,Long,eval_50005,eval_50005_low,17050005,0.3,179,65,104,low,0.007266470942510986,-0.03751146343216616,0.02298140854689236,0.004906752308256665,True,,E3_fail,141.35756921513843,59.249654934437544,72.10181121560433,-0.3244446688629077,1.0,0,0.00816505079722174,videos/behavior/eval_50005_low__long__u03.mp4,0ac7d7d79768a7ddea3f89ddf78b430082f8cbad5512184ae55fc8b049349ec9
free_fall,3407,100000,Long,eval_50005,eval_50005_low,17050005,0.6,123,83,160,low,0.007266470942510986,-0.02915010635820346,0.027470604824980475,0.003686672103504898,True,,E3_fail,92.65421509592494,78.84943139861173,116.0970919105634,0.11230050317198595,1.0,0,0.0062548102539814465,videos/behavior/eval_50005_low__long__u06.mp4,b9ae81fa00d909b120db256eae3ff375ef7e2cf3aea7023cd04bf75140437513
free_fall,3407,100000,Long,eval_50005,eval_50005_low,17050005,0.9,67,100,216,low,0.007266470942510986,-0.032467886195467185,0.034005613245790704,0.0075336760708116296,True,,E3_fail,52.57028575824007,80.22227200955916,167.32883597883597,0.5218690702994588,1.0,0,0.005971618286520153,videos/behavior/eval_50005_low__long__u09.mp4,43e191d460a7c34ccb1a247b8a36e359457109fb5cb25cf39938615a83efc743
free_fall,3407,100000,Long,eval_50006,eval_50006_low,17050006,0.1,216,54,67,low,0.024835897363773504,-0.02560576997363312,0.04317973488347847,0.017560978890677603,True,,E3_fail,127.36029899330882,50.38170026566651,59.581469194312795,-0.3625665385328459,1.0,0,0.02362932946556351,videos/behavior/eval_50006_low__long__u01.mp4,43cd0960b6382d25ae13d1695415951d18e0e0fe91d9e8ba57fe0d0324256d1e
free_fall,3407,100000,Long,eval_50006,eval_50006_low,17050006,0.4,160,71,123,low,0.024835897363773504,-0.03268182811475199,0.04946849340731357,0.023161965344506093,True,,E3_fail,88.56944086944087,61.77660497397339,88.12916559856447,-0.0024916737017737388,1.0,0,0.029945802229266794,videos/behavior/eval_50006_low__long__u04.mp4,c08ac326fc381eaf624cf3fc0c3cba834492941365045296d4f4e4fcf91bdc78
free_fall,3407,100000,Long,eval_50006,eval_50006_low,17050006,0.7,104,89,179,low,0.024835897363773504,-0.03792578334894195,0.05703152020520909,0.022524377581562522,True,,E3_fail,58.67203907203907,63.3552534562212,118.78536045997348,0.3387478997577099,1.0,0,0.027127718628371267,videos/behavior/eval_50006_low__long__u07.mp4,a9193302e93ec8ab84e71e9be3e539761874d7dd05c13d49da0f1ad2e2fc0682
free_fall,3407,100000,Long,eval_50006,eval_50006_low,17050006,1.0,48,106,235,low,0.024835897363773504,-0.043744327199897105,0.06324416838958552,0.025304946993700613,True,,E3_fail,37.19896913817391,69.12762180467556,155.02533131389623,0.6129628870991831,1.0,0,0.02019271265630429,videos/behavior/eval_50006_low__long__u10.mp4,28c3d731c7504f10f10f9174bbddb5bb8576913dd05c2d4e0b5352990111866b
free_fall,3407,100000,Long,eval_50007,eval_50007_low,17050007,0.2,198,60,85,low,0.019135497844274294,-0.043524187065168064,0.03898043389568924,0.01572913680913898,True,,E3_fail,121.59417576288743,52.07297457828463,64.2590877816639,-0.3084965358570596,1.0,0,0.015819070561836956,videos/behavior/eval_50007_low__long__u02.mp4,c7f683a09e48647c5b66f9820157307de9f9c78819cc72ecd2839ca0941efdd3
free_fall,3407,100000,Long,eval_50007,eval_50007_low,17050007,0.5,142,77,142,low,0.019135497844274294,-0.06516930044785266,0.043590126171322546,0.0193149764026717,True,,E3_fail,79.33077788492446,65.32689624556063,100.54326364692218,0.11792966667867939,1.0,0,0.01698676157836143,videos/behavior/eval_50007_low__long__u05.mp4,210d49c752f112b4281b2bdb7a598f9db01b686402729c43be1c3c4de0d9cc69
free_fall,3407,100000,Long,eval_50007,eval_50007_low,17050007,0.8,85,94,198,low,0.019135497844274294,-0.07353876837127667,0.052386849273044704,0.019909300580599185,True,,E3_fail,52.60231433054393,68.1036180358431,138.67792737658098,0.44999740839845676,1.0,0,0.018222580756915074,videos/behavior/eval_50007_low__long__u08.mp4,d6e1515cc063c7a65d26e2f1a97ebaac23389413f5c6fd95575e81b6348d945b
free_fall,3407,100000,Long,eval_50008,eval_50008_low,17050008,0.0,235,48,48,low,0.012716991647999366,-0.04140185900017651,0.031175746469998888,0.00792900545959254,True,,E3_fail,160.25885416666665,41.28788990825688,44.20795795795796,-0.5675781560969119,1.0,0,0.007799390808853945,videos/behavior/eval_50008_low__long__u00.mp4,32c9b471b6b4592688c138f1e303dd6ea12445d8037cdb0c0ab83f548e8fd658
free_fall,3407,100000,Long,eval_50008,eval_50008_low,17050008,0.3,179,65,104,low,0.012716991647999366,-0.04885706754810813,0.032722747691346886,0.009925216921651187,True,,E3_fail,120.5071293305113,54.875124875124875,69.19304078014184,-0.27050101494604567,1.0,0,0.011111432762081264,videos/behavior/eval_50008_low__long__u03.mp4,37e1dda76c8a0307c0eb9e857383a46dca8f9d6f3acfc3b617c4d034c1705646
free_fall,3407,100000,Long,eval_50008,eval_50008_low,17050008,0.6,123,83,160,low,0.012716991647999366,-0.05470709572854396,0.03612893545170206,0.013345385049477123,True,,E3_fail,72.58601717659688,68.73254985754986,115.36368708634754,0.22760168778932388,1.0,0,0.019956503663992375,videos/behavior/eval_50008_low__long__u06.mp4,5e2b26ff6333f87b9fc1bfd87b4131e98d2107837bf5e4e240afa071bbae129f
free_fall,3407,100000,Long,eval_50008,eval_50008_low,17050008,0.9,67,100,216,low,0.012716991647999366,-0.062343304635472226,0.04194846671070052,0.01504326628113935,True,,E3_fail,45.38613053613054,73.76315441565309,160.3118305744888,0.5587109343128271,1.0,0,0.012528181216090672,videos/behavior/eval_50008_low__long__u09.mp4,3e58606f13f47480f520e313499228d5c61e234e1549a10688031e7f503060d6
free_fall,3407,100000,Long,eval_50009,eval_50009_low,17050009,0.1,216,54,67,low,0.020923718886327523,-0.03511960123777891,0.03969458283321088,0.015525983408444084,True,,E3_fail,131.7398440975452,48.36762332620927,56.506449948400416,-0.39965405178591207,1.0,0,0.02127007923548241,videos/behavior/eval_50009_low__long__u01.mp4,e2b586c545342cb29673842bc516996f6548c7ea1a6223cbc25114158a58e7cb
free_fall,3407,100000,Long,eval_50009,eval_50009_low,17050009,0.4,160,71,123,low,0.020923718886327523,-0.050832840066301135,0.04325568529930606,0.02213153002350786,True,,E3_fail,90.21082726300239,62.00198599471932,86.88209882308985,-0.018796507085180162,1.0,0,0.027789845234863053,videos/behavior/eval_50009_low__long__u04.mp4,cc5c49e0d35d1786516ff9793f269650b504f4b5b3f1509514e8d9d43040c5d7
free_fall,3407,100000,Long,eval_50009,eval_50009_low,17050009,0.7,104,89,179,low,0.020923718886327523,-0.05759184892885208,0.05207364239929564,0.020662545427977148,True,,E3_fail,58.8057681514363,65.14356098211508,122.62519607843137,0.3517559871761327,1.0,0,0.017825732802889904,videos/behavior/eval_50009_low__long__u07.mp4,0a0feb4e5355cc910fa349a62ef477b276f5e280ed9b889916a9eee25e0a9df4
free_fall,3407,100000,Long,eval_50009,eval_50009_low,17050009,1.0,48,106,235,low,0.020923718886327523,-0.06163154018663529,0.05972882798012879,0.02214352167723657,True,,E3_fail,38.01626449935989,71.44740105351616,156.20665677579237,0.6085295777679792,1.0,0,0.01640888638920146,videos/behavior/eval_50009_low__long__u10.mp4,25af1a95bc5c1e0414f3f2af538b015c95a0538543fc3eb709144661994a88cc
free_fall,3407,100000,Long,eval_50010,eval_50010_low,17050010,0.2,198,60,85,low,0.007786734993212159,-0.039500019980819125,0.023714606938132533,0.005868609500141657,True,,E3_fail,155.22859076714815,50.28981298010369,57.34353546910755,-0.46047925958669333,1.0,0,0.007235582038731647,videos/behavior/eval_50010_low__long__u02.mp4,28b595839c24582505d28c20fc752ebb07c77b162465febc1612734091c3a075
free_fall,3407,100000,Long,eval_50010,eval_50010_low,17050010,0.5,142,77,142,low,0.007786734993212159,-0.03536468616450421,0.02572594471399008,0.004025309067227016,True,,E3_fail,105.66714980674396,72.63116535994298,96.75503711558855,-0.04402735108565379,1.0,0,0.009349792468898666,videos/behavior/eval_50010_low__long__u05.mp4,dc683f203c6936cfcbe658b469b78ce4dec6c25f638df4bb0e5b6de8806c4ab8
free_fall,3407,100000,Long,eval_50010,eval_50010_low,17050010,0.8,85,94,198,low,0.007786734993212159,-0.03333860169147172,0.03276018768932506,0.008091277841845284,True,,E3_fail,64.64006176631743,79.1097377558041,154.35534793814435,0.40966742770042025,1.0,0,0.014552741718096174,videos/behavior/eval_50010_low__long__u08.mp4,aa85e3a21bd2fb18830557ef920f55f285e2d72ba0cd8e2d1dab421cfd7618b5
free_fall,3407,100000,Long,eval_50011,eval_50011_low,17050011,0.0,235,48,48,low,0.013599032933182768,-0.044460895225393635,0.03255219075713728,0.009081804667772767,True,,E3_fail,158.62898036627618,41.326052127701146,43.867850930367396,-0.5667304949961971,1.0,0,0.009078733948763462,videos/behavior/eval_50011_low__long__u00.mp4,655fc2f371f5b2983f6c8a5841ca6508661ecad1e9ae32ff796f6f72a169f90d
free_fall,3407,100000,Long,eval_50011,eval_50011_low,17050011,0.3,179,65,104,low,0.013599032933182768,-0.0540491713853808,0.03417770179618521,0.011900539825862325,True,,E3_fail,119.11470377247025,56.285176892073444,71.5206462585034,-0.24966018897457218,1.0,0,0.011205772307247508,videos/behavior/eval_50011_low__long__u03.mp4,27561dce328ec895de4ebe06de09115b8628594f73f20a25092af70616f5ecc1
free_fall,3407,100000,Long,eval_50011,eval_50011_low,17050011,0.6,123,83,160,low,0.013599032933182768,-0.06356545431250411,0.03794373189746877,0.014764717796197062,True,,E3_fail,71.0793854691193,68.15241290113977,111.95578063241106,0.22332536437624906,1.0,0,0.023120629974531237,videos/behavior/eval_50011_low__long__u06.mp4,32d45f5ca8e4a700c63316f692f865d2b64907276d5912ca75ca07ae86b1fdee
free_fall,3407,100000,Long,eval_50011,eval_50011_low,17050011,0.9,67,100,216,low,0.013599032933182768,-0.07076833180145935,0.0440402992530173,0.01625940266249334,True,,E3_fail,45.48173413068085,74.87345629510826,155.61670801290003,0.5476669670249565,1.0,0,0.022536669654268482,videos/behavior/eval_50011_low__long__u09.mp4,ff5661b40be5c5d1c753bd4c5305941ff082f26ba0c56195b1ac6ad0cec7ae0e
free_fall,3407,100000,Long,eval_50012,eval_50012_low,17050012,0.1,216,54,67,low,0.012525382764279998,-0.04636772947750424,0.031831113739305805,0.00906575885903148,True,,E3_fail,149.08677888543878,43.72213640184951,50.95669398907104,-0.4905437977370333,1.0,0,0.00998475860561554,videos/behavior/eval_50012_low__long__u01.mp4,3748d4ef44ed9475b19c4ec7d15d3d12ce72528ae3ff840992d8dd88db8dc287
free_fall,3407,100000,Long,eval_50012,eval_50012_low,17050012,0.4,160,71,123,low,0.012525382764279998,-0.051194062164413516,0.03336329331283646,0.010527651472262253,True,,E3_fail,103.23901143790849,62.14077060931899,83.10617159215289,-0.10804057029211021,1.0,0,0.014044989065587932,videos/behavior/eval_50012_low__long__u04.mp4,d1c9d916df106cc2eca306180b6d8a34b32d490ffaadd73c629bde37a2a8181a
free_fall,3407,100000,Long,eval_50012,eval_50012_low,17050012,0.7,104,89,179,low,0.012525382764279998,-0.057713090136714044,0.03890309933706852,0.014227129675318502,True,,E3_fail,61.565073124311326,70.65991160582746,133.37563036362027,0.3683712839568891,1.0,0,0.022154750626869668,videos/behavior/eval_50012_low__long__u07.mp4,6e98aef761a23ecbdf141214804475d897c7ee3d388d5457bbdf28472b894452
free_fall,3407,100000,Long,eval_50012,eval_50012_low,17050012,1.0,48,106,235,low,0.012525382764279998,-0.0649337437623692,0.042236799819838196,0.01593629347552162,True,,E3_fail,40.228112752487185,77.75282403349888,171.1082236632971,0.619297718179968,1.0,0,0.016241073881564705,videos/behavior/eval_50012_low__long__u10.mp4,101ad04af2d8da08b59623449e5900c8eae503c422714cb0aa40e6b369aae00e
free_fall,3407,100000,Long,eval_50013,eval_50013_low,17050013,0.2,198,60,85,low,0.017414317598493944,-0.049001736893425976,0.03767340770043239,0.015183498525039058,True,,E3_fail,129.08267441860465,50.84306878306879,63.26845912538627,-0.3421566282486516,1.0,0,0.014228265735189427,videos/behavior/eval_50013_low__long__u02.mp4,c85ea9eab98e30441a764a6ab091d550e019f3c28ef182da65bf00d64df059fe
free_fall,3407,100000,Long,eval_50013,eval_50013_low,17050013,0.5,142,77,142,low,0.017414317598493944,-0.07061474106288934,0.040918763341183585,0.018386754071056218,True,,E3_fail,77.48209348761007,64.54907463592232,99.57250019333385,0.12476607495161085,1.0,0,0.019203428898310948,videos/behavior/eval_50013_low__long__u05.mp4,2e688a0241059a366f4017ee3e33a0dfa0f9bc432ee125b0a533808589f3cea4
free_fall,3407,100000,Long,eval_50013,eval_50013_low,17050013,0.8,85,94,198,low,0.017414317598493944,-0.07811338878597067,0.04959022107874831,0.01864564251036471,True,,E3_fail,52.53011412025209,68.88919876568447,141.10546393469932,0.45743323982181716,1.0,0,0.021410952969393326,videos/behavior/eval_50013_low__long__u08.mp4,ca020789e8c03d6d2d545ee75edc3c964ba08685cf6a14759cd25f18f55fbe0f
free_fall,3407,100000,Long,eval_50014,eval_50014_low,17050014,0.0,235,48,48,low,0.022614128595001778,-0.029462358189099494,0.04000026477985521,0.0146145809998298,True,,E3_fail,139.94415699608248,44.88612168945819,50.024839743589745,-0.47333680124507355,1.0,0,0.022895768165965613,videos/behavior/eval_50014_low__long__u00.mp4,1c0aed798f67a39fd6ea65cdea2393ebf37444736d45c270104a2809b6ed70cf
free_fall,3407,100000,Long,eval_50014,eval_50014_low,17050014,0.3,179,65,104,low,0.022614128595001778,-0.03782535806455325,0.04421352160445241,0.020977218669582395,True,,E3_fail,106.97469937469938,60.03172168364216,78.84371530347892,-0.15138964628420057,1.0,0,0.026357818707495206,videos/behavior/eval_50014_low__long__u03.mp4,9eb35dde60e50c8a9e1f9d8a1900d696c443df78339323db45da99665cbf6386
free_fall,3407,100000,Long,eval_50014,eval_50014_low,17050014,0.6,123,83,160,low,0.022614128595001778,-0.04288625282325006,0.05189092024665043,0.02025363143711217,True,,E3_fail,68.67477015016856,65.23871703853956,111.9324494949495,0.2395124593013466,1.0,0,0.024206175398078678,videos/behavior/eval_50014_low__long__u06.mp4,5d91c9655ff373d60eb6b9c20e91b8b2e2730e7aeeb21fd6d29e9916721b2f80
free_fall,3407,100000,Long,eval_50014,eval_50014_low,17050014,0.9,67,100,216,low,0.022614128595001778,-0.054112446355173906,0.05986703538806917,0.02197803984491867,True,,E3_fail,44.89167019027484,69.42744360902256,146.31485423116615,0.5304378830574972,1.0,0,0.017716619647142995,videos/behavior/eval_50014_low__long__u09.mp4,00658fea37b30688842a4e7e66ad51b1ce95729dbfb0b593c40b3fc456348519
free_fall,3407,100000,Long,eval_50015,eval_50015_low,17050015,0.1,216,54,67,low,0.02469411667584542,-0.025570556327059516,0.04312501937370089,0.01756204031612041,True,,E3_fail,127.8195218373494,49.40364597451884,58.83366925450383,-0.3695937485949374,1.0,0,0.02586612420590917,videos/behavior/eval_50015_low__long__u01.mp4,7fc32f1d7ead3c036b1d8654511a02dfd0e4cf982277e76ed1e2e295c0780361
free_fall,3407,100000,Long,eval_50015,eval_50015_low,17050015,0.4,160,71,123,low,0.02469411667584542,-0.036443357058509075,0.049052152742736284,0.023692733274674603,True,,E3_fail,88.93120815581253,63.78545454545454,87.52524599583424,-0.00796775706923134,1.0,0,0.02927807265944249,videos/behavior/eval_50015_low__long__u04.mp4,0a2a15094b2b6ebd11c306bcfe74cddd6ccdeca9ef0675f2356abc3f64c37e05
free_fall,3407,100000,Long,eval_50015,eval_50015_low,17050015,0.7,104,89,179,low,0.02469411667584542,-0.041190430990440716,0.05721314788511968,0.021974547299505414,True,,E3_fail,60.00926352792024,66.49183840032646,121.24254138170284,0.33783541015944524,1.0,0,0.0207873585495989,videos/behavior/eval_50015_low__long__u07.mp4,5ffde8941fcd2c12b321ac96071712036fb4d65735f4324d85f0d6f2f8a0752c
free_fall,3407,100000,Long,eval_50015,eval_50015_low,17050015,1.0,48,106,235,low,0.02469411667584542,-0.044495336425013084,0.0633964023455813,0.024698458870532767,True,,E3_fail,38.22983257229832,71.65722889981852,155.66431779898932,0.6056628578108997,1.0,0,0.01716640564957006,videos/behavior/eval_50015_low__long__u10.mp4,c4ec6d9f440d3631912dc5d532e4919b3df4548f75a7efa62fe37d6a5a08f818
free_fall,3407,100000,Long,eval_50016,eval_50016_low,17050016,0.2,198,60,85,low,0.024402419060996557,-0.026383912117120798,0.045436789222518925,0.020456289846000557,True,,E3_fail,121.60971388780797,53.90914611108113,68.0482233502538,-0.28241101489110165,1.0,0,0.02105559522942768,videos/behavior/eval_50016_low__long__u02.mp4,6faf51502b18efa1e1d3a84fb8c9af3ca4e5f9f01ac8afac173ed0185aa53138
free_fall,3407,100000,Long,eval_50016,eval_50016_low,17050016,0.5,142,77,142,low,0.024402419060996557,-0.03241579832752279,0.05217931042348079,0.022967535532780567,True,,E3_fail,77.83382948321028,63.51576117713639,96.80183524074647,0.10861473106033893,1.0,0,0.02353479338130393,videos/behavior/eval_50016_low__long__u05.mp4,bb2035873b35a4d21df5d3053d845d3506c9050a751a7da0bcc4763502e06806
free_fall,3407,100000,Long,eval_50016,eval_50016_low,17050016,0.8,85,94,198,low,0.024402419060996557,-0.043016862159907826,0.05939117775062428,0.023700849063060386,True,,E3_fail,53.05103416659925,67.12022091790985,135.77298117789923,0.43809018074516703,1.0,0,0.0175049197653816,videos/behavior/eval_50016_low__long__u08.mp4,d288410224b7a92bec06f4a68ae348f3e2270bdbfde68a6d77fd64e7a46895cb
free_fall,3407,100000,Long,eval_50017,eval_50017_low,17050017,0.0,235,48,48,low,0.0075862333014470144,-0.03705787701955159,0.02246524080119481,0.006335684393623692,True,,E3_fail,172.03071909021565,41.69787972675351,45.12952756614614,-0.5843665840225335,1.0,0,0.006733478872632315,videos/behavior/eval_50017_low__long__u00.mp4,814be91e158a7bfe14ddef5fc37ca32566f37fad02365277986046648656cd07
free_fall,3407,100000,Long,eval_50017,eval_50017_low,17050017,0.3,179,65,104,low,0.0075862333014470144,-0.0382831043982917,0.02376544240159421,0.005273741795593027,True,,E3_fail,141.65385601786198,59.03284189389136,71.28670719065121,-0.3304544130387517,1.0,0,0.0068417982839864555,videos/behavior/eval_50017_low__long__u03.mp4,67412ae76a499ec7d901c33f363be42c1f247264627a017372210b1d60818afd
free_fall,3407,100000,Long,eval_50017,eval_50017_low,17050017,0.6,123,83,160,low,0.0075862333014470144,-0.030434457657737682,0.027805941126427015,0.004269992327032892,True,,E3_fail,92.67005582137162,78.71173762945915,115.83506826934298,0.11110044680673084,1.0,0,0.0068044918234100304,videos/behavior/eval_50017_low__long__u06.mp4,5d0ef8842981dacaa7bea9408c7fdcb795a686dbd77d8df05464877e6dbb6084
free_fall,3407,100000,Long,eval_50017,eval_50017_low,17050017,0.9,67,100,216,low,0.0075862333014470144,-0.03353801554541395,0.03403118529785714,0.007889107161741465,True,,E3_fail,54.21924065087069,81.52238657090743,168.00823502477914,0.5120383698188052,1.0,0,0.007683919575260378,videos/behavior/eval_50017_low__long__u09.mp4,278a6b2049b0bd823e5023079c81cb23c318701f9371e089c44237bdbdc3c101
free_fall,3407,100000,Long,eval_50018,eval_50018_low,17050018,0.1,216,54,67,low,0.010997093215728306,-0.04192847567937419,0.02982416841349777,0.007057781560169999,True,,E3_fail,152.382425378878,44.495864197530864,49.93769957387154,-0.5063496566588777,1.0,0,0.007130402516563827,videos/behavior/eval_50018_low__long__u01.mp4,fb9b370e0fd56e9bbfc4e468bb0bc4f73845ba6d4799a64583d45b40eb7b3991
free_fall,3407,100000,Long,eval_50018,eval_50018_low,17050018,0.4,160,71,123,low,0.010997093215728306,-0.04089513548172133,0.031242126178928988,0.006367191259373769,True,,E3_fail,105.56237329484932,62.25235849056604,80.68550654662161,-0.13356859025403178,1.0,0,0.008214063552038908,videos/behavior/eval_50018_low__long__u04.mp4,c98d5e37444a150191d00556e01efcd72ed4fb62c0bf0ba9a3affa697c2bd477
free_fall,3407,100000,Long,eval_50018,eval_50018_low,17050018,0.7,104,89,179,low,0.010997093215728306,-0.04240132670677419,0.035718561347228284,0.009219919792578296,True,,E3_fail,64.52310106716885,73.62805018416206,134.47643688999955,0.3515251167964356,1.0,0,0.008129525339249377,videos/behavior/eval_50018_low__long__u07.mp4,165fd5f07b6e07f640a2cf5046771791ff5dbed7831ace1839414fa5dd9086e0
free_fall,3407,100000,Long,eval_50018,eval_50018_low,17050018,1.0,48,106,235,low,0.010997093215728306,-0.04873397873970694,0.03912185599391365,0.011834844046068157,True,,E3_fail,40.52898889538282,77.44409573382323,167.46013184743367,0.6102777996210852,1.0,0,0.008492978326162914,videos/behavior/eval_50018_low__long__u10.mp4,4a0043ec61d4e8f6b51da4c1264d0adf85615b590d95785e67a73f83c5711c30
free_fall,3407,100000,Long,eval_50019,eval_50019_low,17050019,0.2,198,60,85,low,0.020048734694221228,-0.041393332041515164,0.0405040408984926,0.017919824485456426,True,,E3_fail,120.88477682719729,52.580396265955414,65.85811092321643,-0.2946653902960149,1.0,0,0.020936977956809155,videos/behavior/eval_50019_low__long__u02.mp4,103c7c706c052c3dae148992c226643b8579e9bba83e10353e10aef0abf2e8ac
free_fall,3407,100000,Long,eval_50019,eval_50019_low,17050019,0.5,142,77,142,low,0.020048734694221228,-0.05834630032293464,0.04619277393846573,0.020625282801619745,True,,E3_fail,77.80534709193245,63.855557978520416,98.90175079158129,0.11938628358638761,1.0,0,0.018945852911974592,videos/behavior/eval_50019_low__long__u05.mp4,29f89e75dfa2e9f8cf990b004866b976dd200f8088591797553d8f3c553f85c1
free_fall,3407,100000,Long,eval_50019,eval_50019_low,17050019,0.8,85,94,198,low,0.020048734694221228,-0.06692111743831734,0.05500333789137486,0.02149110102054078,True,,E3_fail,51.61177773786001,67.02853457172343,134.906045751634,0.446575380601443,1.0,0,0.019020181508779377,videos/behavior/eval_50019_low__long__u08.mp4,9bbfbb8e6a998553bca730968264fdf877746352e954b61ed3d42487662d7bb3
free_fall,3407,100000,Long,eval_50020,eval_50020_low,17050020,0.0,235,48,48,low,0.016127420481205825,-0.04095098018384703,0.035093944506017195,0.011269096075193922,True,,E3_fail,159.35409452275275,40.819438018568206,45.40398009950249,-0.5565109685342998,1.0,0,0.01055867600153193,videos/behavior/eval_50020_low__long__u00.mp4,bb826dea5c6f7acfb3527dc352ddcf95d0b41b7dc6ab87e78c049cd01904bb5a
free_fall,3407,100000,Long,eval_50020,eval_50020_low,17050020,0.3,179,65,104,low,0.016127420481205825,-0.05636484606827397,0.03692565518761511,0.015363190678602307,True,,E3_fail,113.30219146482122,55.756651958818026,73.15637860082305,-0.21530687943098725,1.0,0,0.01657361011691727,videos/behavior/eval_50020_low__long__u03.mp4,fb0d5f6551312eacbee7a652a67cf2da357faf59305c0f6cc60df08d3c71a2ca
free_fall,3407,100000,Long,eval_50020,eval_50020_low,17050020,0.6,123,83,160,low,0.016127420481205825,-0.07137780884297748,0.04218241765489301,0.016257024524749822,True,,E3_fail,69.16079990928529,65.492323269514,109.7330779054917,0.2267952290587265,1.0,0,0.025151683557398274,videos/behavior/eval_50020_low__long__u06.mp4,6c3d37741fde8df8a544bbdad47e718dfd24c8352852bcd13dc618a9acb75775
free_fall,3407,100000,Long,eval_50020,eval_50020_low,17050020,0.9,67,100,216,low,0.016127420481205825,-0.08417884328668378,0.05012105772474221,0.019508579596419138,True,,E3_fail,45.15324948323582,72.09494977041061,149.0055048859935,0.5348831977221208,1.0,0,0.019802044781680905,videos/behavior/eval_50020_low__long__u09.mp4,a0da7517135b0d2c66d6a0889b8d26c0d086d17ab7a7bacee05dce9732a4490c
free_fall,3407,100000,Long,eval_50021,eval_50021_low,17050021,0.1,216,54,67,low,0.012432922066907742,-0.04488837503522622,0.03150569110700338,0.008505330043371813,True,,E3_fail,146.1044765802135,43.53684545599236,50.37476109577405,-0.487225605192474,1.0,0,0.010175687002850431,videos/behavior/eval_50021_low__long__u01.mp4,572642a2a65f576150cd260b29bf55eb8809e432b3f579e4e761f47d2f88be00
free_fall,3407,100000,Long,eval_50021,eval_50021_low,17050021,0.4,160,71,123,low,0.012432922066907742,-0.04945570194583085,0.03312749846556072,0.01018277490519293,True,,E3_fail,100.42433421129647,61.412259158751695,82.94283319864715,-0.09533604766641139,1.0,0,0.014798300505691864,videos/behavior/eval_50021_low__long__u04.mp4,33d86b9b077bd278639c9981cdb8b8ba64a43a8ab27b88e7b58dbe010b38f16b
free_fall,3407,100000,Long,eval_50021,eval_50021_low,17050021,0.7,104,89,179,low,0.012432922066907742,-0.05394833579919741,0.03891906066505959,0.013460421124708643,True,,E3_fail,62.429996060277745,70.69289989835485,130.5184562145535,0.3528841996477474,1.0,0,0.018944324894935582,videos/behavior/eval_50021_low__long__u07.mp4,98c19215a0dce4b43ca91784141e7a8889734d39bc454923b1c2461906ecf66f
free_fall,3407,100000,Long,eval_50021,eval_50021_low,17050021,1.0,48,106,235,low,0.012432922066907742,-0.061367918303416404,0.0424743350799031,0.014698412380847417,True,,E3_fail,40.11766241515626,77.5264078154922,165.6380576443866,0.61004571436899,1.0,0,0.011011600942331778,videos/behavior/eval_50021_low__long__u10.mp4,b5aa5bbe61685478f14dcfcee431421e4baeab32d04680fb219891e60d04ccd3
free_fall,3407,100000,Long,eval_50022,eval_50022_low,17050022,0.2,198,60,85,low,0.016146214477300393,-0.05183639624489265,0.03672913234194747,0.014383113731348615,True,,E3_fail,134.04115805946793,50.50564517953707,62.65603577215505,-0.36291886476234997,1.0,0,0.013807680819558632,videos/behavior/eval_50022_low__long__u02.mp4,51363685c5c244b9d59a5c4274b8ad779e306711cd55d60dcebf4df0a9c714cf
free_fall,3407,100000,Long,eval_50022,eval_50022_low,17050022,0.5,142,77,142,low,0.016146214477300393,-0.07289918038429394,0.03978520932765134,0.01830146775559233,True,,E3_fail,78.92572512876117,65.52134146341463,97.7571051888125,0.10658296579358209,1.0,0,0.016825967665084374,videos/behavior/eval_50022_low__long__u05.mp4,d5bbdc7e8d4518577bf53d0a9c49a40eb07e5a546688fd46f1d043c90bd822dd
free_fall,3407,100000,Long,eval_50022,eval_50022_low,17050022,0.8,85,94,198,low,0.016146214477300393,-0.07868939075130452,0.04755609494841537,0.017937830089819702,True,,E3_fail,52.583569437637834,70.03202767153044,140.359573295544,0.4549319691516056,1.0,0,0.014264912091467963,videos/behavior/eval_50022_low__long__u08.mp4,7638f199662bb216d856917a521e5b1250903396bd1ad203c610ba30be244bf2
free_fall,3407,100000,Long,eval_50023,eval_50023_low,17050023,0.0,235,48,48,low,0.01567001929571491,-0.04316758713315307,0.03476097162784687,0.011094499139856278,True,,E3_fail,160.2322009569378,42.294300144300145,46.00268300248139,-0.5538806809081473,1.0,0,0.009664731857550568,videos/behavior/eval_50023_low__long__u00.mp4,508ff3797375141c238b77193c7aec0baca970d96d31f89ecf1dad485bc9c876
free_fall,3407,100000,Long,eval_50023,eval_50023_low,17050023,0.3,179,65,104,low,0.01567001929571491,-0.05898022019453258,0.036698849177843544,0.01578872560695193,True,,E3_fail,117.19806266130877,56.818237310419306,72.26780733748123,-0.23714168321774387,1.0,0,0.014232904640537059,videos/behavior/eval_50023_low__long__u03.mp4,bedb4eb1742cf4a8434aa3df4e21194c41fbd77bdb15164df881975673b31640
free_fall,3407,100000,Long,eval_50023,eval_50023_low,17050023,0.6,123,83,160,low,0.01567001929571491,-0.07064906349746154,0.04134513353068856,0.0163970820818574,True,,E3_fail,70.2683465959328,66.35845007451564,110.1720147443981,0.2211460221651976,1.0,0,0.01673733091055929,videos/behavior/eval_50023_low__long__u06.mp4,1850f30d6096de86fe1ad4703cf0b2992c2ed72e34bc8a0eeb19415c4fc442ec
free_fall,3407,100000,Long,eval_50023,eval_50023_low,17050023,0.9,67,100,216,low,0.01567001929571491,-0.080803008846883,0.047972521473039834,0.018053795507906284,True,,E3_fail,46.153519232626735,73.71287781162137,152.8010136790142,0.536039530668803,1.0,0,0.016820336617638154,videos/behavior/eval_50023_low__long__u09.mp4,31c0e1739a477fe05be65c40ce49aa43e56dc0bb19900a68a0406a37141dd032
free_fall,3407,100000,Long,eval_50024,eval_50024_low,17050024,0.1,216,54,67,low,0.005389165559386035,-0.026367209738676272,0.017567607492543175,0.004576676246415725,True,,E3_fail,182.39131906252643,47.68464689432432,56.729642683519685,-0.5255151010661409,1.0,0,0.004852784962678269,videos/behavior/eval_50024_low__long__u01.mp4,8b84ad79c657bfddce0c054115ac3606807ad7bf8009f0d9a6a857191f2a9419
free_fall,3407,100000,Long,eval_50024,eval_50024_low,17050024,0.4,160,71,123,low,0.005389165559386035,-0.02548093746526392,0.01953895289583505,0.0036509624838007917,True,,E3_fail,139.83071649133825,69.39649209486166,91.71961462450594,-0.20777816051907183,1.0,0,0.004440695551462648,videos/behavior/eval_50024_low__long__u04.mp4,159b3f33a0bb6bab22d9f01c119923c286c0bdbc3e985827e1c3d812400d8955
free_fall,3407,100000,Long,eval_50024,eval_50024_low,17050024,0.7,104,89,179,low,0.005389165559386035,-0.030322637806009883,0.02696569305319559,0.006697652812420411,True,,E3_fail,81.01246926589393,81.98678561205992,141.65865613968134,0.2723576609375177,1.0,0,0.008919081475461166,videos/behavior/eval_50024_low__long__u07.mp4,6a25405a35bbd8c837c1bbd0aaf9b1cabad7df95691bd3f3fda8b3f701ed55fc
free_fall,3407,100000,Long,eval_50024,eval_50024_low,17050024,1.0,48,106,235,low,0.005389165559386035,-0.03291780324934372,0.03333513850694097,0.0075527572159259,True,,E3_fail,45.508306100217865,81.7785493949221,176.86850880360214,0.5907099746895745,1.0,0,0.007925365976375165,videos/behavior/eval_50024_low__long__u10.mp4,ae9a61d21af0ec58044437589e4d7936dd141de82e6dab16eaaeab648856e8b9
free_fall,3407,100000,Long,eval_50025,eval_50025_low,17050025,0.2,198,60,85,low,0.019320798479742846,-0.044444121847339854,0.039604723564142144,0.016728412900745625,True,,E3_fail,122.8808712628718,52.20547693585485,65.56563413321027,-0.3041459272974815,1.0,0,0.016845614802971087,videos/behavior/eval_50025_low__long__u02.mp4,c63f200168068ee63d895c5b0cf2917672a31bae13bfacfa6397001069b4daa2
free_fall,3407,100000,Long,eval_50025,eval_50025_low,17050025,0.5,142,77,142,low,0.019320798479742846,-0.06199298535679318,0.04474749165008264,0.0200276272940947,True,,E3_fail,79.64057971014492,65.55126728110599,101.15627927988221,0.1190048305591636,1.0,0,0.01511914932920777,videos/behavior/eval_50025_low__long__u05.mp4,6d594a17113332ef9b901750f251535cf5bdbd508de558f3bb9cbe035575847d
free_fall,3407,100000,Long,eval_50025,eval_50025_low,17050025,0.8,85,94,198,low,0.019320798479742846,-0.06858446346190679,0.05324432823700226,0.019885585978925664,True,,E3_fail,52.75798948220064,69.09251248638094,139.26986267898155,0.45051731935305456,1.0,0,0.015442938558511421,videos/behavior/eval_50025_low__long__u08.mp4,d95ab2980e7bf1a4757f06ab33125fd736e391f163f61c89cba4faf9bb8622cc
free_fall,3407,100000,Long,eval_50026,eval_50026_low,17050026,0.0,235,48,48,low,0.020955334314552404,-0.032724510682396686,0.03895376309108774,0.013570559146035815,True,,E3_fail,140.74562833206397,44.351394063213554,49.40418164390127,-0.4803657006005302,1.0,0,0.022718067030818467,videos/behavior/eval_50026_low__long__u00.mp4,5a47b6cfd185a1f9223fbc0e26c829f26ec5a9b8e58aa403e90c9607ed0d995a
free_fall,3407,100000,Long,eval_50026,eval_50026_low,17050026,0.3,179,65,104,low,0.020955334314552404,-0.044430276498789764,0.042208561876212775,0.020488964842872052,True,,E3_fail,105.37073625349487,58.44,77.68497776872688,-0.15124225229815536,1.0,0,0.01982347391346506,videos/behavior/eval_50026_low__long__u03.mp4,e1dea6f90a5f42750fdb9d536131dd8590d2246fb979f740db2cda74f9847862
free_fall,3407,100000,Long,eval_50026,eval_50026_low,17050026,0.6,123,83,160,low,0.020955334314552404,-0.051120746102282455,0.049744034940351255,0.020922633824023398,True,,E3_fail,68.67820191569334,66.00330275229358,113.7918759811617,0.2472387505143147,1.0,0,0.02245437961950314,videos/behavior/eval_50026_low__long__u06.mp4,6bf783a8a263b46405dff4346d729aa35ae06be2118de4ad3b1dc79056cc810b
free_fall,3407,100000,Long,eval_50026,eval_50026_low,17050026,0.9,67,100,216,low,0.020955334314552404,-0.06245537326943919,0.05773620390756255,0.022324331642008276,True,,E3_fail,44.28138754696725,70.14908810380979,148.4921326754386,0.5405864094209683,1.0,0,0.017354319576865396,videos/behavior/eval_50026_low__long__u09.mp4,49e47db6e487b9aed259a7c79458179f141de5f71d7a1818a078a46ebd554962
free_fall,3407,100000,Long,eval_50027,eval_50027_low,17050027,0.1,216,54,67,low,0.004705016266898658,-0.02404379753640865,0.015924940028046404,0.004332055316333132,True,,E3_fail,188.4601008310686,48.62255522724075,57.38187855787476,-0.5331807960503612,1.0,0,0.004190414709488222,videos/behavior/eval_50027_low__long__u01.mp4,fcfb5d2aaada15b3f39688974d56abf482abc9b358dd79217dfad709493c5ec0
free_fall,3407,100000,Long,eval_50027,eval_50027_low,17050027,0.4,160,71,123,low,0.004705016266898658,-0.023834224592762125,0.018138098593923985,0.0038891959273210227,True,,E3_fail,143.2486033519553,68.22282591725215,88.32648648648649,-0.23716763708819008,1.0,0,0.0039576204806859305,videos/behavior/eval_50027_low__long__u04.mp4,538a48ab1f850dc510a1c74f532aa52f59cdeb0d0ee5a0badd5682b8d36cdc05
free_fall,3407,100000,Long,eval_50027,eval_50027_low,17050027,0.7,104,89,179,low,0.004705016266898658,-0.033468422451433145,0.023752947338805286,0.0075918886245362515,True,,E3_fail,82.67866610265088,83.80817822899041,144.55582346305698,0.27230530664014024,1.0,0,0.009195165902769586,videos/behavior/eval_50027_low__long__u07.mp4,4ad3cd1077d24a93552114489ec7ef693c1fee6d6c6e919122497dce01cdb797
free_fall,3407,100000,Long,eval_50027,eval_50027_low,17050027,1.0,48,106,235,low,0.004705016266898658,-0.03283578878792694,0.03244266384251169,0.007724083475998208,True,,E3_fail,46.21936606981371,81.33168859649123,175.24454099821747,0.582601366681245,1.0,0,0.007328891580860031,videos/behavior/eval_50027_low__long__u10.mp4,8f0e2a59963e798eb5fb66687b3c62160f9940bbc0422c3736e3851588c16d32
free_fall,3407,100000,Long,eval_50028,eval_50028_low,17050028,0.2,198,60,85,low,0.012439960016839068,-0.04726670176970349,0.031988660507866744,0.009228210746916987,True,,E3_fail,139.3294517742998,47.44743250653163,58.56144534719253,-0.40814412184669857,1.0,0,0.010730866624970803,videos/behavior/eval_50028_low__long__u02.mp4,44d1992e590ee1f127fa61a36854634f382124ee1fd2561e1a638537d059133b
free_fall,3407,100000,Long,eval_50028,eval_50028_low,17050028,0.5,142,77,142,low,0.012439960016839068,-0.051559428817100496,0.03381969893084164,0.010557145059177408,True,,E3_fail,88.80046192609183,68.72032224532225,98.93664772727273,0.05399138092567939,1.0,0,0.011004920910940852,videos/behavior/eval_50028_low__long__u05.mp4,bbc2524515540392fd6c8354441c0f077962215d7e29f50eba62c356d7dbd8b4
free_fall,3407,100000,Long,eval_50028,eval_50028_low,17050028,0.8,85,94,198,low,0.012439960016839068,-0.059412259654429804,0.040289818991524735,0.013741565516098663,True,,E3_fail,53.17561560601215,72.3097981848579,148.16811169056933,0.4717926769311852,1.0,0,0.011059415877290535,videos/behavior/eval_50028_low__long__u08.mp4,f6a013496df11061c2672a981e6eaf3d89eb29d81bf0e83ca7ce411b8c9623f1
free_fall,3407,100000,Long,eval_50029,eval_50029_low,17050029,0.0,235,48,48,low,0.014681276865603991,-0.04324449278927914,0.033947368049949765,0.009981104003435073,True,,E3_fail,160.5019204851752,41.60830899192277,45.02190661020936,-0.5618813911117492,1.0,0,0.007629444046766798,videos/behavior/eval_50029_low__long__u00.mp4,3321c27d3915cee37a692495123cb52c3ffed159eba95a0f8701e6b0da719462
free_fall,3407,100000,Long,eval_50029,eval_50029_low,17050029,0.3,179,65,104,low,0.014681276865603991,-0.05593807461932746,0.03550205312839735,0.013265740185519041,True,,E3_fail,120.62359447004609,56.49345123204572,72.79601286173633,-0.24727369819476702,1.0,0,0.014802502537722084,videos/behavior/eval_50029_low__long__u03.mp4,ecef4000cd867c4accf12316dd78ba20ad4efcf2f9d43df6f96c1a149a4d0886
free_fall,3407,100000,Long,eval_50029,eval_50029_low,17050029,0.6,123,83,160,low,0.014681276865603991,-0.06657293918997756,0.03986697777693195,0.015068628068629547,True,,E3_fail,68.38272351108839,66.12456140350878,113.88149350649351,0.24963084219112464,1.0,0,0.014372359911575483,videos/behavior/eval_50029_low__long__u06.mp4,26be80285cb14cac2bcd755ea4b386719c6569c0483e6ec66666158075375c33
free_fall,3407,100000,Long,eval_50029,eval_50029_low,17050029,0.9,67,100,216,low,0.014681276865603991,-0.07743012451893495,0.04634340356029987,0.018483186393791998,True,,E3_fail,45.32550032680756,72.63146057015919,150.04463598583962,0.5360038009670601,1.0,0,0.023412473651644117,videos/behavior/eval_50029_low__long__u09.mp4,3d7cfce6ce250dd5d3ae97eef3e61292834d0d9ee0010ee8fccce2a37d2948a9
free_fall,3407,100000,Long,eval_50030,eval_50030_low,17050030,0.1,216,54,67,low,0.01939035744066626,-0.04246815006807133,0.03885102685513108,0.014459200844300269,True,,E3_fail,136.66078629032256,46.399914420196836,56.32320574162679,-0.41629142242738515,1.0,0,0.014000789168369665,videos/behavior/eval_50030_low__long__u01.mp4,1fecacdade433bdb348b554970fa8fc4035fdb57761fd7f62d015c83443d6609
free_fall,3407,100000,Long,eval_50030,eval_50030_low,17050030,0.4,160,71,123,low,0.01939035744066626,-0.06076487252555506,0.04197326028711387,0.0203291469120808,True,,E3_fail,89.22005809800467,62.15702479338843,87.39345238095237,-0.010342389504057374,1.0,0,0.018080448000425076,videos/behavior/eval_50030_low__long__u04.mp4,4d886b71b24014e7fa0d19f076a430cf5eef10255c7bd42b7b87a32ae61a201d
free_fall,3407,100000,Long,eval_50030,eval_50030_low,17050030,0.7,104,89,179,low,0.01939035744066626,-0.06659221351871067,0.050563763350948115,0.019016771771241104,True,,E3_fail,60.31793525204713,65.34056956115779,128.08080350790962,0.3596779293846568,1.0,0,0.020694691389382736,videos/behavior/eval_50030_low__long__u07.mp4,fb730aa0b7748fe052088b7139417e5cf6107e4aa0c08bb4fec9d272c3ebbdf6
free_fall,3407,100000,Long,eval_50030,eval_50030_low,17050030,1.0,48,106,235,low,0.01939035744066626,-0.07430289029544104,0.05801144186854819,0.02145051569615888,True,,E3_fail,39.584283843440424,72.30901315789474,156.5142105263158,0.5962816137812661,1.0,0,0.017871190943616333,videos/behavior/eval_50030_low__long__u10.mp4,53edc1597f4f7ad46ae34d8d6fcf7c92690a9e60e2f022fa9ff9ea236d86e92c
free_fall,3407,100000,Long,eval_50031,eval_50031_low,17050031,0.2,198,60,85,low,0.00775534148743192,-0.03912252654274617,0.02413538915926888,0.0058328991034379335,True,,E3_fail,155.7353843987609,50.014828716023935,59.01439364790654,-0.45038924664143504,1.0,0,0.006078250895446891,videos/behavior/eval_50031_low__long__u02.mp4,8fe47b2b8c1dbc77e366cf2019396b34f0089fe1567fc8be41acdaf16e1478f5
free_fall,3407,100000,Long,eval_50031,eval_50031_low,17050031,0.5,142,77,142,low,0.00775534148743192,-0.03396022452030864,0.026152535511549176,0.004200112804351956,True,,E3_fail,105.88220164609054,72.32770562770563,97.68621399176955,-0.040261587872753676,1.0,0,0.007267240633382466,videos/behavior/eval_50031_low__long__u05.mp4,2b8eef64facf3cc4f4e21899e5a6c95faa2bcb270e7511cd50c06d35487f3ee2
free_fall,3407,100000,Long,eval_50031,eval_50031_low,17050031,0.8,85,94,198,low,0.00775534148743192,-0.030301259249155107,0.03322951331466025,0.008258776925730292,True,,E3_fail,62.78814432989691,77.6756504663721,154.60573583536365,0.42235591653117166,1.0,0,0.010428992402700121,videos/behavior/eval_50031_low__long__u08.mp4,05723f85577625533ef0ef5a357555d1ee5448db3f5ef340345f9c3fcb280e95
free_fall,3407,100000,Long,eval_50000,eval_50000_high,17050000,0.0,235,48,48,high,0.06511387887451758,-0.0197865693635859,0.05010952035526785,0.017483084811895436,False,detected_frames_below_58,E3_fail,123.70182887470415,44.16861734156255,48.056356911206734,-0.4404184383839835,0.6875,20,0.08171487947088674,videos/behavior/eval_50000_high__long__u00.mp4,1e8b9210fe02d9da11a0726564eab164cd201693260504f026b85e5661413ec6
free_fall,3407,100000,Long,eval_50000,eval_50000_high,17050000,0.3,179,65,104,high,0.06511387887451758,-0.00830043286889253,0.06202255698217291,0.018465552061314464,False,detected_frames_below_58,E3_fail,93.09009009009009,56.65371024734982,70.17142857142858,-0.14038005836621795,0.796875,13,0.08827797001880489,videos/behavior/eval_50000_high__long__u03.mp4,f428310ae6a304627f6c5d038c8d5479769bc3bdfda56301e84bc6ea749df55b
free_fall,3407,100000,Long,eval_50000,eval_50000_high,17050000,0.6,123,83,160,high,0.06511387887451758,0.015202651189079023,0.07186386965416153,0.023359447492614375,False,detected_frames_below_58,E3_fail,63.99473684210526,62.354838709677416,103.31782945736434,0.2350277297455063,0.890625,7,0.11974806368923185,videos/behavior/eval_50000_high__long__u06.mp4,f3c23bdaa74002b6f594edd9d7655df5b9b190f3dfa93e80b125e6c13793b1e6
free_fall,3407,100000,Long,eval_50000,eval_50000_high,17050000,0.9,67,100,216,high,0.06511387887451758,0.031193093402009243,0.07576276609666616,0.026260362502005346,False,detected_frames_below_58,E3_fail,39.57746478873239,71.28063241106719,148.35754189944134,0.5788175339318177,0.859375,9,0.1767998896995635,videos/behavior/eval_50000_high__long__u09.mp4,c1af0fd14b3a0140fa4a1a27873ad2ed30721337b26ce4934a52367fd3a3f223
free_fall,3407,100000,Long,eval_50001,eval_50001_high,17050001,0.1,216,54,67,high,0.0647655897226971,-0.011872591840956279,0.05231291820876383,0.01849531688519864,False,detected_frames_below_58,E3_fail,114.88170942998684,48.354458853666344,53.287108301264425,-0.3662664812638197,0.6875,20,0.15219235197780123,videos/behavior/eval_50001_high__long__u01.mp4,7b13567009401b1c1cd9337c4a8dc3353a59b335f2a6d126b5cbaa126fa848a1
free_fall,3407,100000,Long,eval_50001,eval_50001_high,17050001,0.4,160,71,123,high,0.0647655897226971,-0.02360119596199822,0.07056630164036924,0.02314560319359992,True,,E3_fail,80.23650385604113,58.298611111111114,79.1947194719472,-0.00653438117294454,0.984375,1,0.05235769442544669,videos/behavior/eval_50001_high__long__u04.mp4,034939c159b45431f9feb71403086143d78daa4c1a29254cdeae9f22b431e987
free_fall,3407,100000,Long,eval_50001,eval_50001_high,17050001,0.7,104,89,179,high,0.0647655897226971,0.022299914895835122,0.07380934691998241,0.021579124854879426,False,detected_frames_below_58,E3_fail,55.29896907216495,64.18930041152264,122.0372340425532,0.37633750919554265,0.859375,9,0.13672016959418531,videos/behavior/eval_50001_high__long__u07.mp4,5120bc7d919be6f129da7a0e71c968df711d011199dfc5d9089247edcf72fc93
free_fall,3407,100000,Long,eval_50001,eval_50001_high,17050001,1.0,48,106,235,high,0.0647655897226971,0.014153290346453004,0.07780357516697105,0.033778898411165534,False,detected_frames_below_58,E3_fail,36.13122171945702,70.31636363636363,154.66836734693877,0.6212652040158836,0.859375,9,0.17640249039868772,videos/behavior/eval_50001_high__long__u10.mp4,0d6420cfa5912a3e9d3e3140e24b2321e9e1ad1dc328cca2604d96b61ac58c1f
free_fall,3407,100000,Long,eval_50002,eval_50002_high,17050002,0.2,198,60,85,high,0.05984931609265929,-0.026441019184917244,0.056593920519842474,0.014011478362577514,False,detected_frames_below_58,E3_fail,108.0030303030303,53.004629629629626,60.194945848375454,-0.2842369780455589,0.734375,17,0.06954690976761213,videos/behavior/eval_50002_high__long__u02.mp4,b979420115ba0de7adab505b0e9bd7bd1ec6404d7b30cd8f93c1f2e5158c4eb0
free_fall,3407,100000,Long,eval_50002,eval_50002_high,17050002,0.5,142,77,142,high,0.05984931609265929,-0.012523606794246517,0.07013469631113665,0.019465863477391925,True,,E3_fail,72.36961240310077,63.291157595952114,90.35283069718866,0.11051467733313422,0.90625,6,0.07717211340803742,videos/behavior/eval_50002_high__long__u05.mp4,6361dad60e08cdb6b02f411eab31dabbd20612727658c85c3b0d3caf4908c5c2
free_fall,3407,100000,Long,eval_50002,eval_50002_high,17050002,0.8,85,94,198,high,0.05984931609265929,0.020885003946550525,0.07418809484185696,0.021376239291436366,False,detected_frames_below_58,E3_fail,47.020348958987896,65.61534173976608,131.6934731624114,0.4737916922055702,0.875,8,0.11352508544345619,videos/behavior/eval_50002_high__long__u08.mp4,50d0f695fa077314ffd929d570909655db1440e09b155f80206d5c193dff9897
free_fall,3407,100000,Long,eval_50003,eval_50003_high,17050003,0.0,235,48,48,high,0.06533233898124247,-0.013751014627336777,0.049302802080170724,0.01822279543125753,False,detected_frames_below_58,E3_fail,123.06544502617801,44.56581426233052,49.01480898112975,-0.4303261665449606,0.6875,20,0.13980489630804815,videos/behavior/eval_50003_high__long__u00.mp4,02df344e3c4146c90115de23ae94fa5658678b8d36246ed1e2baba674cd0b840
free_fall,3407,100000,Long,eval_50003,eval_50003_high,17050003,0.3,179,65,104,high,0.06533233898124247,-0.008279324040557886,0.06323164037384943,0.017914404685505116,False,detected_frames_below_58,E3_fail,91.70559202730246,56.80527296386112,69.3057972405263,-0.13911931875524572,0.875,6,0.03441155346313218,videos/behavior/eval_50003_high__long__u03.mp4,935e00fcdd8ed7900f73365b94e6406eee48a70df34c48616908f2ef61cad5e7
free_fall,3407,100000,Long,eval_50003,eval_50003_high,17050003,0.6,123,83,160,high,0.06533233898124247,0.006867572794608928,0.07283404940393444,0.030378953602411683,False,detected_frames_below_58,E3_fail,61.08039368774694,61.329334393293344,103.11514341523593,0.25600421588270506,0.875,8,0.156656698676101,videos/behavior/eval_50003_high__long__u06.mp4,b883d316f7e8c5305188c28cbc66e4f6b8a08703627978d1cece30ffa6688905
free_fall,3407,100000,Long,eval_50003,eval_50003_high,17050003,0.9,67,100,216,high,0.06533233898124247,0.027497404322305675,0.07642580752779508,0.02747957078231472,False,detected_frames_below_58,E3_fail,40.144676857066244,71.26078431372548,148.6544340463458,0.5747365899662082,0.8125,12,0.19700085260043132,videos/behavior/eval_50003_high__long__u09.mp4,1f9862bef576765d514d27fbd7b2b01b494a1138d920392a59cf708f9e6aea5f
free_fall,3407,100000,Long,eval_50004,eval_50004_high,17050004,0.1,216,54,67,high,0.05310521705655745,-0.02211571533925558,0.0549022332526319,0.012894770393878027,False,detected_frames_below_58,E3_fail,116.13590507464707,50.35413848823987,56.10005850058501,-0.3485674264993923,0.8125,12,0.062498506818581934,videos/behavior/eval_50004_high__long__u01.mp4,3872d126d16fae88dc78f798f1637101c4e4947e31250219f192fa4f06941835
free_fall,3407,100000,Long,eval_50004,eval_50004_high,17050004,0.4,160,71,123,high,0.05310521705655745,-0.019606215780868956,0.06760843108208883,0.016222456446410117,True,,E3_fail,84.6648735594259,60.45827562941657,81.42120308227692,-0.019530056599184567,1.0,0,0.02077097605934841,videos/behavior/eval_50004_high__long__u04.mp4,5db364702995d62ef561cea4f684cfd4430b70dd9036f8c3f6ebe679f0836d8f
free_fall,3407,100000,Long,eval_50004,eval_50004_high,17050004,0.7,104,89,179,high,0.05310521705655745,-0.0034669693467906156,0.07380113882052562,0.02115251461792512,True,,E3_fail,51.41489361702128,59.77142857142857,112.63983050847457,0.3731982557516484,0.921875,5,0.11839049274463564,videos/behavior/eval_50004_high__long__u07.mp4,79deb1e453e67bbb8570254b4a20d8b60c49eb697fdb3863fd5faa8489d675ec
free_fall,3407,100000,Long,eval_50004,eval_50004_high,17050004,1.0,48,106,235,high,0.05310521705655745,0.0024983732135833293,0.07542086724491631,0.022463577588769445,True,,E3_fail,35.66001716001716,64.49232173031429,143.39298701298702,0.6016820010954731,0.90625,5,0.10355820745283206,videos/behavior/eval_50004_high__long__u10.mp4,5cf24e4bb91d1a55f8e643e2e034d0421733c16d98eb19317de3100e6644b7f4
free_fall,3407,100000,Long,eval_50005,eval_50005_high,17050005,0.2,198,60,85,high,0.049266470942510986,-0.019590902213479828,0.057202605442149265,0.010457932248420026,True,,E3_fail,108.51073907836704,51.02685432776855,60.81464214168639,-0.2816830920031713,1.0,0,0.02600740256831069,videos/behavior/eval_50005_high__long__u02.mp4,fbe73ddce2bf3372f195389df96f26a3614333d1d6f510ec9455f9637a9deeb4
free_fall,3407,100000,Long,eval_50005,eval_50005_high,17050005,0.5,142,77,142,high,0.049266470942510986,-0.007155396348238837,0.06820491397695679,0.01795928978228332,True,,E3_fail,76.24240768126192,62.74257563334677,92.76650782845473,0.09777058267818252,1.0,0,0.03232683098673739,videos/behavior/eval_50005_high__long__u05.mp4,7323dc227599c829c383da77739b2f96625b57910b8097f544cc9c13362d190a
free_fall,3407,100000,Long,eval_50005,eval_50005_high,17050005,0.8,85,94,198,high,0.049266470942510986,-0.00028708116229306957,0.07397359324324403,0.01664735556429156,False,detected_frames_below_58,E3_fail,46.10830548440177,63.95058479532164,128.02440660474716,0.47042339223664753,0.875,8,0.11413564924496167,videos/behavior/eval_50005_high__long__u08.mp4,e225bfede33ca32d62fe5a69966b03d7e160c1453ed6eb98a702a71258bb8d72
free_fall,3407,100000,Long,eval_50006,eval_50006_high,17050006,0.0,235,48,48,high,0.0668358973637735,-0.016616599973522064,0.04964354477926685,0.018390713843444297,False,detected_frames_below_58,E3_fail,123.26404494382022,45.155893536121674,49.064516129032256,-0.4305701176453242,0.703125,19,0.0807248231902048,videos/behavior/eval_50006_high__long__u00.mp4,c5ba8d94112683c75d2f731f5ccecaea787ce393089ec79ae338511fa62a1557
free_fall,3407,100000,Long,eval_50006,eval_50006_high,17050006,0.3,179,65,104,high,0.0668358973637735,-0.005780960991576689,0.06267548763793093,0.01805386370330959,False,detected_frames_below_58,E3_fail,92.08214285714286,55.68079745596869,69.38319892473118,-0.14058090536281084,0.875,8,0.0474364377938038,videos/behavior/eval_50006_high__long__u03.mp4,7ca73a7a748f9b7e41152d9df690624a905d3f7ca3535096b66b99a4b705a785
free_fall,3407,100000,Long,eval_50006,eval_50006_high,17050006,0.6,123,83,160,high,0.0668358973637735,0.02802641209570434,0.0724244654993002,0.019013355680064566,True,,E3_fail,62.24696194762684,63.30777156663035,105.63533125756788,0.2584451789499277,0.90625,6,0.10885728391175098,videos/behavior/eval_50006_high__long__u06.mp4,587f8be0119d7aa2af9587347d884d60b858a6527fcc220e4d4d8e5ed1ff8ed0
free_fall,3407,100000,Long,eval_50006,eval_50006_high,17050006,0.9,67,100,216,high,0.0668358973637735,0.02636830894497813,0.07874171383301674,0.030873701037641022,False,detected_frames_below_58,E3_fail,39.8,69.58378378378379,140.19245283018867,0.5577592351880551,0.859375,9,0.19677916640428572,videos/behavior/eval_50006_high__long__u09.mp4,735037986810812f0c944aaa53a10515ed9c0b8cc05822498b6d6ec701865fd5
free_fall,3407,100000,Long,eval_50007,eval_50007_high,17050007,0.1,216,54,67,high,0.0611354978442743,-0.021520485532254684,0.05305155739520687,0.013662476226284494,False,detected_frames_below_58,E3_fail,116.27956888472352,48.24469692851318,53.0908512772742,-0.3730800074004117,0.6875,18,0.06687935559779168,videos/behavior/eval_50007_high__long__u01.mp4,6608d43731fd4abfddd1a8eba63831c1afe05469c0035dd4c05a2530818817bc
free_fall,3407,100000,Long,eval_50007,eval_50007_high,17050007,0.4,160,71,123,high,0.0611354978442743,-0.01351012178606177,0.06777693204435783,0.01544027522220443,False,detected_frames_below_58,E3_fail,84.52970297029702,60.82312925170068,81.9065934065934,-0.015760441807498807,0.859375,9,0.0427352104242783,videos/behavior/eval_50007_high__long__u04.mp4,7335734ad6d046a17b410720651e2292ca8eeee38f2fd9669dde01822f55230a
free_fall,3407,100000,Long,eval_50007,eval_50007_high,17050007,0.7,104,89,179,high,0.0611354978442743,0.02228776278442632,0.07344152207345128,0.019643257949564247,False,detected_frames_below_58,E3_fail,55.32833820662768,63.53430735930736,122.08114035087719,0.37626401186119335,0.875,8,0.10161539952240173,videos/behavior/eval_50007_high__long__u07.mp4,7bae966e508405681aa712fd70d105d041e5772849e1415df5fd8e523d8e0ad9
free_fall,3407,100000,Short,eval_50000,eval_50000_low,17050000,0.1,216,54,67,low,0.023113878874517577,0.024618786720918055,0.022785215161813758,0.0006936225234778213,True,,E3_pass,197.8863528179741,54.51225490196079,58.86911033069944,-0.5414383039116739,1.0,0,0.004206685702748625,videos/behavior/eval_50000_low__short__u01.mp4,c6af733d44e50871ccc812d704418624f91d20483b84b11bf36d767f50e32e19
free_fall,3407,100000,Short,eval_50000,eval_50000_low,17050000,0.4,160,71,123,low,0.023113878874517577,0.024217869777516197,0.026579563103008907,0.002712018818848691,True,,E3_pass,146.28052773497689,71.71976511744128,90.27317841435874,-0.23676377864593948,1.0,0,0.005461545038964677,videos/behavior/eval_50000_low__short__u04.mp4,62285e625892f253de0687f6af6f9a764e0bf56f80fb6b0b9e3d38b2e0e7b043
free_fall,3407,100000,Short,eval_50000,eval_50000_low,17050000,0.7,104,89,179,low,0.023113878874517577,0.026047231064800447,0.03245690705746702,0.005456672007345939,True,,E3_fail,86.43253296664551,87.12771294579562,150.62469327134187,0.2707876124402639,1.0,0,0.007399480744420095,videos/behavior/eval_50000_low__short__u07.mp4,95aae1fe38c7e614aed8eed0ba87d34cfb02dddd6a36c86d34479b229c64e3a9
free_fall,3407,100000,Short,eval_50000,eval_50000_low,17050000,1.0,48,106,235,low,0.023113878874517577,0.023384800024683506,0.035365433060384616,0.0035265817302011005,True,,E3_pass,45.41626794258373,88.72518189835739,192.8130191148026,0.6187180131916874,1.0,0,0.0076403961031416,videos/behavior/eval_50000_low__short__u10.mp4,9a55e090bdeb7ef4b1d8fdd7bbd084f24f34a5a5bea1ae08f5a1bf94c4e06a8a
free_fall,3407,100000,Short,eval_50001,eval_50001_low,17050001,0.2,198,60,85,low,0.02276558972269709,0.024576300695721476,0.023480563150362777,0.000832307691488295,True,,E3_pass,186.7632988173189,58.9070351758794,66.01096592427075,-0.47770817577688307,1.0,0,0.004544979998961862,videos/behavior/eval_50001_low__short__u02.mp4,74243cc691fa5194d06f79b9bb010e20ee1b0ba8388a0708c7679a4fbfc540a4
free_fall,3407,100000,Short,eval_50001,eval_50001_low,17050001,0.5,142,77,142,low,0.02276558972269709,0.023572312472324896,0.02813837346334426,0.00447553932958441,True,,E3_pass,126.48613986657465,80.73650602409639,106.98794040315512,-0.08351333664487899,1.0,0,0.005466537399047122,videos/behavior/eval_50001_low__short__u05.mp4,17a49be1e41ba7db6709407586be10e872e886721dec88714e0e8cf034fc1988
free_fall,3407,100000,Short,eval_50001,eval_50001_low,17050001,0.8,85,94,198,low,0.02276558972269709,0.025196736150776524,0.033580113613102425,0.005117194208745255,True,,E3_fail,70.31383147853737,86.96882596882597,171.15449410848183,0.41761445268151154,1.0,0,0.006942957192166532,videos/behavior/eval_50001_low__short__u08.mp4,da841d51e81290c5e6d3b8da54a486fff518006e4e3297e3b47e50d571775701
free_fall,3407,100000,Short,eval_50002,eval_50002_low,17050002,0.0,235,48,48,low,0.01784931609265929,0.017519197770305344,0.016434451523258873,0.0005562443238028721,True,,E3_pass,206.30464068379246,51.5153809695766,51.489036230168125,-0.6005407359362577,1.0,0,0.003977387441954416,videos/behavior/eval_50002_low__short__u00.mp4,1074c8b2450537bfd6cbf54b1d77831e97cdb3167b2b465e0ced5cbe25341d06
free_fall,3407,100000,Short,eval_50002,eval_50002_low,17050002,0.3,179,65,104,low,0.01784931609265929,0.020281366165299276,0.019451001647001323,0.0010779086772220612,True,,E3_fail,170.2738782051282,64.38166278166278,75.99399038461539,-0.3828347090524133,1.0,0,0.004259762580438808,videos/behavior/eval_50002_low__short__u03.mp4,24c9325d48b15c149e25e54cf1c05b683035e3c6ff0c1b0ef5b87cdb96962f1c
free_fall,3407,100000,Short,eval_50002,eval_50002_low,17050002,0.6,123,83,160,low,0.01784931609265929,0.021526471973354673,0.026228104375890876,0.0036632593855424295,True,,E3_fail,109.80994043186895,85.51029962546816,124.20469912102772,0.06151221443522089,1.0,0,0.006546968980391643,videos/behavior/eval_50002_low__short__u06.mp4,5b8f52b7a243f79d311be3253b1d35a5dc4d6be6d6b6d8676620b86c42350aec
free_fall,3407,100000,Short,eval_50002,eval_50002_low,17050002,0.9,67,100,216,low,0.01784931609265929,0.018682035007153548,0.033149846793174294,0.00504146343576897,True,,E3_pass,56.0912003014886,87.57311098549087,181.5664708854364,0.5279664231215039,1.0,0,0.00686932576050947,videos/behavior/eval_50002_low__short__u09.mp4,a3ff6d5481be104b3eadf9ec43767b3db8edc43dc9ab6091c2b1de19d08d8392
free_fall,3407,100000,Short,eval_50003,eval_50003_low,17050003,0.1,216,54,67,low,0.023332338981242467,0.024471983697850676,0.022918707899078274,0.0005523012094232403,True,,E3_pass,197.20451492537313,55.01742574257426,58.60591133004926,-0.5418020118419058,1.0,0,0.004307228586717948,videos/behavior/eval_50003_low__short__u01.mp4,c4e099722d22c2b561d51e3c33fb601f654e963f76c80713ac02f1b329e9ca9d
free_fall,3407,100000,Short,eval_50003,eval_50003_low,17050003,0.4,160,71,123,low,0.023332338981242467,0.023448671016437887,0.02681967216721214,0.0030521515513573633,True,,E3_pass,146.3504738858641,72.85949788263764,91.04242424242423,-0.23298106253183226,1.0,0,0.006239045700682677,videos/behavior/eval_50003_low__short__u04.mp4,ad6ce47ed779cdcebd10ced924ce9d8d713be7ea74daf6a9e0033e2d6ff76186
free_fall,3407,100000,Short,eval_50003,eval_50003_low,17050003,0.7,104,89,179,low,0.023332338981242467,0.024623834346136155,0.03249865591880394,0.006080173687418599,True,,E3_pass,86.9635063559322,86.75051124744377,148.88489906832297,0.26254742999429403,1.0,0,0.007905704700298388,videos/behavior/eval_50003_low__short__u07.mp4,6085ba8dd6759342926fe79fd68364a7def6fe14a5709f1971f24f7ae43b8900
free_fall,3407,100000,Short,eval_50003,eval_50003_low,17050003,1.0,48,106,235,low,0.023332338981242467,0.02173963374324661,0.035374263717419696,0.004217582464911267,True,,E3_pass,47.794182306721495,90.64201362404987,196.2421875,0.6083027923700461,1.0,0,0.0057602065476081155,videos/behavior/eval_50003_low__short__u10.mp4,a9aea4329c2ee0d17ea08e2b50fc32a426e3cce05ca94f645100fe58a4160c00
free_fall,3407,100000,Short,eval_50004,eval_50004_low,17050004,0.2,198,60,85,low,0.011105217056557454,0.010297769930436532,0.009974717844855385,0.0006164020469152688,True,,E3_pass,186.43467336683415,57.331615254457894,64.47501380815865,-0.48606995182938584,1.0,0,0.0024083378577279824,videos/behavior/eval_50004_low__short__u02.mp4,6be8fc2769009f6e02ea8e6a01d4b9667f94490a8871a899072e9d4abe52f7f6
free_fall,3407,100000,Short,eval_50004,eval_50004_low,17050004,0.5,142,77,142,low,0.011105217056557454,0.016925799268354084,0.015534877376993819,0.0012147079814134264,True,,E3_fail,127.85582771658721,75.28169715067811,97.08885467980295,-0.1367757295216589,1.0,0,0.003766177934654724,videos/behavior/eval_50004_low__short__u05.mp4,e90eeb577239235cc2762b910d69b1369bada298356e1b318013ee028257beb7
free_fall,3407,100000,Short,eval_50004,eval_50004_low,17050004,0.8,85,94,198,low,0.011105217056557454,0.01951210005677477,0.027134772356722275,0.004082206592307335,True,,E3_fail,66.04880952380952,76.36339285714286,135.9767857142857,0.34613424159479855,1.0,0,0.008178022484434777,videos/behavior/eval_50004_low__short__u08.mp4,62bc5218e697f54401da388574be3f1489da9842d10f57d095489dcfde737e56
free_fall,3407,100000,Short,eval_50005,eval_50005_low,17050005,0.0,235,48,48,low,0.007266470942510986,0.00517554095118225,0.0059941722757977395,0.0003971724338308187,True,,E3_fail,202.09324381926683,49.60683398138329,50.72324731942972,-0.5987346625137443,1.0,0,0.0018788544213739211,videos/behavior/eval_50005_low__short__u00.mp4,7ac736c044aed3a1e121a7562a85430c9cb19da327968056f9a9bc93838dc6f4
free_fall,3407,100000,Short,eval_50005,eval_50005_low,17050005,0.3,179,65,104,low,0.007266470942510986,0.0060719847286373274,0.006583365352069388,0.0006049366530104847,True,,E3_pass,167.28150681076215,60.213065767469914,71.61737677527151,-0.4004377442016765,1.0,0,0.0021028365550668227,videos/behavior/eval_50005_low__short__u03.mp4,36e5e46daca349d40392f7052513b3943efce0950ece45caeeccbaf83c197a1f
free_fall,3407,100000,Short,eval_50005,eval_50005_low,17050005,0.6,123,83,160,low,0.007266470942510986,0.011346176948129479,0.015014147108146478,0.0019768435455887546,True,,E3_fail,99.25853597601599,77.94299633577614,109.97761151079136,0.05122955886697911,1.0,0,0.004325647310615244,videos/behavior/eval_50005_low__short__u06.mp4,ef2a3c423955cfd927f6e47f47f29ab402a04a1f7eedd7bb9021fc97dab5a46c
free_fall,3407,100000,Short,eval_50005,eval_50005_low,17050005,0.9,67,100,216,low,0.007266470942510986,0.017357087413485146,0.028973517245472737,0.004142618726928261,True,,E3_fail,50.05216613672496,70.66039597657245,139.19604074572362,0.47104210960566645,1.0,0,0.008641662969945618,videos/behavior/eval_50005_low__short__u09.mp4,3b4e991fb6efaee10ddfc6771a85683dee9e4c809c181f006ad605c4dc996d98
free_fall,3407,100000,Short,eval_50006,eval_50006_low,17050006,0.1,216,54,67,low,0.024835897363773504,0.02512674195438582,0.02447111996292491,0.0007917751506697794,True,,E3_pass,195.72772277227722,54.44942203579964,58.3084387454514,-0.5409437900723245,1.0,0,0.005015881438578007,videos/behavior/eval_50006_low__short__u01.mp4,c7a1989313cd822a40bd5cddb2891d1ce75479cbcf1dae55ee13b5088fd9bc37
free_fall,3407,100000,Short,eval_50006,eval_50006_low,17050006,0.4,160,71,123,low,0.024835897363773504,0.024355825069646377,0.02832628306017811,0.0036956548348357557,True,,E3_pass,142.18208092485548,72.61842758706314,91.86740331491713,-0.2149745288837857,1.0,0,0.005273831187894817,videos/behavior/eval_50006_low__short__u04.mp4,d71881697543c92238946af45149989e6e1b4fcf38872f21c83bc88b67b90c03
free_fall,3407,100000,Short,eval_50006,eval_50006_low,17050006,0.7,104,89,179,low,0.024835897363773504,0.025265986090497794,0.03322045845331408,0.006115401883205363,True,,E3_pass,85.56889163968768,86.46475562475196,150.04435286935285,0.2736495622901664,1.0,0,0.0071674264401160315,videos/behavior/eval_50006_low__short__u07.mp4,3144082794901af4ebebc795e9f86942679e4772fb64a2d446bf23c757f792ff
free_fall,3407,100000,Short,eval_50006,eval_50006_low,17050006,1.0,48,106,235,low,0.024835897363773504,0.02320448303466588,0.03576845374975105,0.0038634930717610047,True,,E3_pass,46.73574879227053,90.51415321287287,192.9011869997837,0.6099453647427212,1.0,0,0.006135596686777767,videos/behavior/eval_50006_low__short__u10.mp4,bd06aad1079e957fc0f7f8ebd88e23331a0d8ed02e972f14f9f85c7deefedb5d
free_fall,3407,100000,Short,eval_50007,eval_50007_low,17050007,0.2,198,60,85,low,0.019135497844274294,0.021324595391503515,0.01997509904091748,0.0006405410806594381,True,,E3_fail,187.65812975769938,57.70398009950249,65.58100746268656,-0.4820626212636814,1.0,0,0.0046841722224157945,videos/behavior/eval_50007_low__short__u02.mp4,74ffb2b2a3c072c98cdb12cfe554f8e990e23bf78dda8f2c1ee3ae2fbdc8438f
free_fall,3407,100000,Short,eval_50007,eval_50007_low,17050007,0.5,142,77,142,low,0.019135497844274294,0.021186416615712914,0.02523028153375132,0.003425987269823813,True,,E3_fail,129.43099647266314,78.90309671471672,104.33988323457652,-0.10733207347942177,1.0,0,0.005524712006840904,videos/behavior/eval_50007_low__short__u05.mp4,e71c245ec9a021d51a6f78f102ebe630efef2fc0a0dfee708d61458436a7ae85
free_fall,3407,100000,Short,eval_50007,eval_50007_low,17050007,0.8,85,94,198,low,0.019135497844274294,0.020684567944037256,0.03196460262584415,0.005493041889378481,True,,E3_pass,69.20331146625725,86.69526397515529,167.14235891985254,0.41438900612647245,1.0,0,0.00687075276696647,videos/behavior/eval_50007_low__short__u08.mp4,b17c18cac801cfffcc01f84eebbf9e6f79a8f8fc25a06374904917768bfb2fd4
free_fall,3407,100000,Short,eval_50008,eval_50008_low,17050008,0.0,235,48,48,low,0.012716991647999366,0.011172563360313656,0.011321654722380907,0.0004383987477264423,True,,E3_pass,204.334142394822,50.68981003752346,51.586575133485894,-0.5968550289190238,1.0,0,0.0028787449541394228,videos/behavior/eval_50008_low__short__u00.mp4,260e88ddb1c676deb9991903253650f34b9c89003b92c1fbdc0c510e57089f95
free_fall,3407,100000,Short,eval_50008,eval_50008_low,17050008,0.3,179,65,104,low,0.012716991647999366,0.014825706638109415,0.013367298633676658,0.0009588320585223571,True,,E3_fail,170.25064102564102,63.32652916073968,73.74195961106955,-0.3955393776808271,1.0,0,0.003374578177727794,videos/behavior/eval_50008_low__short__u03.mp4,6b12a6e71838c17639cb78ae78c45d6d60f77a66f955e92855b902b06a586c3b
free_fall,3407,100000,Short,eval_50008,eval_50008_low,17050008,0.6,123,83,160,low,0.012716991647999366,0.018936762901919313,0.022034173901668012,0.002568240608026089,True,,E3_fail,106.10007974481658,81.88776552287581,117.12763504611331,0.04940047570537934,1.0,0,0.004991007316035967,videos/behavior/eval_50008_low__short__u06.mp4,ad8bbc07767ee5a855385b89f84a376b01098046f0f9141a0f4ff3df29d9c807
free_fall,3407,100000,Short,eval_50008,eval_50008_low,17050008,0.9,67,100,216,low,0.012716991647999366,0.01650634212699497,0.030973307952790612,0.004799772777871591,True,,E3_fail,53.32718120805369,82.7910598961631,167.5614352090862,0.5171577234442217,1.0,0,0.00629610033923611,videos/behavior/eval_50008_low__short__u09.mp4,188595e3e135c3b9f77c9c0e20d59c158cacd3eb19549651166a08ea4a86d590
free_fall,3407,100000,Short,eval_50009,eval_50009_low,17050009,0.1,216,54,67,low,0.020923718886327523,0.02284420019463578,0.020932685552333283,0.0006307338488942361,True,,E3_pass,198.97029702970298,54.529314696175504,58.47219387755102,-0.5457455863522044,1.0,0,0.0045372081272223586,videos/behavior/eval_50009_low__short__u01.mp4,a2903452a790b16b02f6cd8f398827cde131b30181dc535b69c11cc41d05bb0a
free_fall,3407,100000,Short,eval_50009,eval_50009_low,17050009,0.4,160,71,123,low,0.020923718886327523,0.022579562370819643,0.025046042547321103,0.0027281043985983703,True,,E3_pass,148.28305374339857,71.17145177964849,89.53682519666125,-0.24701984042950204,1.0,0,0.004779526542134649,videos/behavior/eval_50009_low__short__u04.mp4,6b80270932d8e9828884c9618a24b7abf1b3a7f2872e31381a31e2ab61768505
free_fall,3407,100000,Short,eval_50009,eval_50009_low,17050009,0.7,104,89,179,low,0.020923718886327523,0.02375453111360203,0.030984306998591015,0.006012771062623199,True,,E3_fail,87.89575358851675,86.6310654552963,149.0965011999495,0.25823944190099735,1.0,0,0.008100606129269883,videos/behavior/eval_50009_low__short__u07.mp4,4a624344b7ef072905c883a9d511cd71de5c0db8e7ffdf8be0e7944ef32d5ef7
free_fall,3407,100000,Short,eval_50009,eval_50009_low,17050009,1.0,48,106,235,low,0.020923718886327523,0.020866980048740016,0.03525656068367467,0.0045485182013954946,True,,E3_pass,46.2683886551348,89.965506508206,192.54408950182943,0.6125128049236666,1.0,0,0.006749156355455477,videos/behavior/eval_50009_low__short__u10.mp4,ea3d6de505f6accc388a936e250cd889d56963a9fb0c1199996aeb65cbfa448e
free_fall,3407,100000,Short,eval_50010,eval_50010_low,17050010,0.2,198,60,85,low,0.007786734993212159,0.006426915067638966,0.006512083059540411,0.00043873665365270445,True,,E3_pass,185.84156565656565,58.5342368407695,65.70388888888888,-0.4775982813315646,1.0,0,0.0019685039370078705,videos/behavior/eval_50010_low__short__u02.mp4,f240ea0ae7b18c84c6d3d5dc5b24f35f4b587740645e1f72dcd3f052ecfda67e
free_fall,3407,100000,Short,eval_50010,eval_50010_low,17050010,0.5,142,77,142,low,0.007786734993212159,0.011110748569129327,0.010875905377636847,0.0016645007751876898,True,,E3_fail,126.339135493109,75.14939024390245,96.23907489322758,-0.13523363561795013,1.0,0,0.0038087178788275278,videos/behavior/eval_50010_low__short__u05.mp4,f756112581a8c501824cb1297e2744cbf4cf8c4da55347b9414836d5f072e380
free_fall,3407,100000,Short,eval_50010,eval_50010_low,17050010,0.8,85,94,198,low,0.007786734993212159,0.01889257145414515,0.024915815646178806,0.002593093499373964,True,,E3_fail,63.9139344262295,71.62210973628297,126.99982778415614,0.33044183210011907,1.0,0,0.005865744054720401,videos/behavior/eval_50010_low__short__u08.mp4,1d30245fdabcf9523718bfe6c32f82109d5d4e8808be2aaa92386d090d83861e
free_fall,3407,100000,Short,eval_50011,eval_50011_low,17050011,0.0,235,48,48,low,0.013599032933182768,0.012401306649341044,0.012302573157061295,0.00043696828066580747,True,,E3_pass,204.68103606919396,50.70971349704931,51.31717555461751,-0.5990817652271085,1.0,0,0.002894858730894012,videos/behavior/eval_50011_low__short__u00.mp4,b4cc243daa94f68f5dea7ebd7070d1b77ec671cfd4adab2ab2f184072bb7a615
free_fall,3407,100000,Short,eval_50011,eval_50011_low,17050011,0.3,179,65,104,low,0.013599032933182768,0.015405962382024402,0.014361665804222329,0.0007942888399231973,True,,E3_pass,170.24767280649633,62.91816774556713,74.06186902409058,-0.39370465460208703,1.0,0,0.003012071970451169,videos/behavior/eval_50011_low__short__u03.mp4,e02a33709b41965490ab4f6f370443f4930b55f1b8a1d5aeb59dd9784f237a9b
free_fall,3407,100000,Short,eval_50011,eval_50011_low,17050011,0.6,123,83,160,low,0.013599032933182768,0.019284175718945532,0.02266570343837618,0.0030624046228066196,True,,E3_fail,106.91339234014393,82.34873556675882,114.8279355220349,0.03569268416580489,1.0,0,0.0068196639777102774,videos/behavior/eval_50011_low__short__u06.mp4,30651f49b92da8d9488a9b6b5275e3e2094aec1218851d0c8b03f5241768a877
free_fall,3407,100000,Short,eval_50011,eval_50011_low,17050011,0.9,67,100,216,low,0.013599032933182768,0.016016167214237983,0.03172668663982113,0.005298071336399999,True,,E3_fail,53.96131380856402,82.94185513765672,169.3623068432671,0.516743337305177,1.0,0,0.008036631290653906,videos/behavior/eval_50011_low__short__u09.mp4,8c1dcdb74162c9353de45e85a1bd3b6cc1879063b9db60fb36667a95a74b5e34
free_fall,3407,100000,Short,eval_50012,eval_50012_low,17050012,0.1,216,54,67,low,0.012525382764279998,0.011930893690576112,0.011577868964571405,0.0005560029816393443,True,,E3_pass,196.09438819714336,54.87960011590843,58.66089108910891,-0.539472616595351,1.0,0,0.002913385826771586,videos/behavior/eval_50012_low__short__u01.mp4,11dfceb4d7834e6bdbf3dd4d58eba28e0737644f9c24e969c23e7bcbef626531
free_fall,3407,100000,Short,eval_50012,eval_50012_low,17050012,0.4,160,71,123,low,0.012525382764279998,0.01663865373667586,0.01525041586527141,0.0012383530986443067,True,,E3_fail,149.079137770072,69.86783625730993,85.70117507065298,-0.2699458141637897,1.0,0,0.0037251260752169113,videos/behavior/eval_50012_low__short__u04.mp4,2a9250346ddb26b5f7efd0919149c10827cb84d692669a907ad23d5b0e7559a2
free_fall,3407,100000,Short,eval_50012,eval_50012_low,17050012,0.7,104,89,179,low,0.012525382764279998,0.01925271685439917,0.024714546565588934,0.00310231383643902,True,,E3_fail,83.74316487158244,79.35714285714286,124.54411764705883,0.19588787314378928,1.0,0,0.006244531933508268,videos/behavior/eval_50012_low__short__u07.mp4,6e3800aa5ea6a9488f3b7afe28f997804bf3c554673ab84b09f0912cd8081ff2
free_fall,3407,100000,Short,eval_50012,eval_50012_low,17050012,1.0,48,106,235,low,0.012525382764279998,0.012738492132236084,0.03295550984173991,0.006073446871483128,True,,E3_pass,42.66379790940766,80.77551913716427,175.29093292704533,0.6085077140039538,1.0,0,0.00789100129818121,videos/behavior/eval_50012_low__short__u10.mp4,3c2e2611bb9343fdd3c64ff863ecd46bd0a8d3a8bfbbd29919e988ceb24e6847
free_fall,3407,100000,Short,eval_50013,eval_50013_low,17050013,0.2,198,60,85,low,0.017414317598493944,0.0182998996287721,0.017396674835076186,0.0006554613269186471,True,,E3_pass,187.6221070902588,57.78043532338309,65.47813766220443,-0.48259127345970354,1.0,0,0.003701667344833126,videos/behavior/eval_50013_low__short__u02.mp4,126032ab5aaab5c212bc0e7a91c2d7db613d6782f64147b070c2418b00be1379
free_fall,3407,100000,Short,eval_50013,eval_50013_low,17050013,0.5,142,77,142,low,0.017414317598493944,0.019872115558530867,0.023122969009654493,0.0028314454938428695,True,,E3_fail,132.46262768580488,78.29829432045,102.46310473152579,-0.12769790114344184,1.0,0,0.0049240897791743565,videos/behavior/eval_50013_low__short__u05.mp4,2435177e73bca841a3a028549a49534075679aa34b8d0b806efd4d44ace53041
free_fall,3407,100000,Short,eval_50013,eval_50013_low,17050013,0.8,85,94,198,low,0.017414317598493944,0.019829365583440853,0.030838100593986565,0.005192332907976318,True,,E3_fail,68.81176470588235,85.88600091199271,164.0180035650624,0.4089092196681132,1.0,0,0.008072090197317694,videos/behavior/eval_50013_low__short__u08.mp4,f78b1a8488fd4f3bccf468141038d1d86102be79ae70bfc2fb83c6ff02613034
free_fall,3407,100000,Short,eval_50014,eval_50014_low,17050014,0.0,235,48,48,low,0.022614128595001778,0.02312558138356429,0.02125743581572059,0.0006155972774064155,True,,E3_pass,205.73543689320388,50.32918064777135,50.88780487804878,-0.6034045511481057,1.0,0,0.0041227157926013724,videos/behavior/eval_50014_low__short__u00.mp4,8fe5ac59fdf39a8b6bf1c8c95f72491eea020144f4aee97c29d29880a9507f7a
free_fall,3407,100000,Short,eval_50014,eval_50014_low,17050014,0.3,179,65,104,low,0.022614128595001778,0.02371394527539658,0.024391391898735636,0.0016349417278428101,True,,E3_pass,169.2012487050984,64.18795641423725,76.99488611830742,-0.37452400563855065,1.0,0,0.005321010175973306,videos/behavior/eval_50014_low__short__u03.mp4,df23feafc2cd27f1eb6107dc06b8149d10aedad48b8d1a63e8f16f74c0ce5ef0
free_fall,3407,100000,Short,eval_50014,eval_50014_low,17050014,0.6,123,83,160,low,0.022614128595001778,0.022682732424494506,0.030106117272139018,0.006250352547167213,True,,E3_pass,106.92053036783575,86.32791058789542,127.5210713805619,0.08787067166873622,1.0,0,0.008824163817947484,videos/behavior/eval_50014_low__short__u06.mp4,48c11bd5cbd30dffdd5bc5a2595e40cc825ff6b4a1d16aaaf87871a280f76621
free_fall,3407,100000,Short,eval_50014,eval_50014_low,17050014,0.9,67,100,216,low,0.022614128595001778,0.023211016597310837,0.03490174191471598,0.004396273133813359,True,,E3_pass,56.20123250590336,89.0052861350726,187.05094254340486,0.5379179446637103,1.0,0,0.006278673892684772,videos/behavior/eval_50014_low__short__u09.mp4,ea6440cb1c58e35f32e9317c0212de032fa2adc7ced16801aedf0d333858fb8b
free_fall,3407,100000,Short,eval_50015,eval_50015_low,17050015,0.1,216,54,67,low,0.02469411667584542,0.024651896228219745,0.024273932510810798,0.0005762239883310377,True,,E3_pass,196.89643805843997,55.523945485000766,59.03217821782178,-0.5386824726618312,1.0,0,0.004663987109901013,videos/behavior/eval_50015_low__short__u01.mp4,dc28ef5c8525d331efbf7d036ba7e0af2275958f0973b3e6ff9c46a94edd6995
free_fall,3407,100000,Short,eval_50015,eval_50015_low,17050015,0.4,160,71,123,low,0.02469411667584542,0.023452193820217033,0.02811653670726105,0.003780008217311485,True,,E3_pass,144.74362691796546,73.15358926342073,92.53328573371414,-0.22003970213863755,1.0,0,0.005230730851957244,videos/behavior/eval_50015_low__short__u04.mp4,dfb7b5dee9a2f73eb064ed5331c10766a141d6257dbcb5acdde1470f457c2451
free_fall,3407,100000,Short,eval_50015,eval_50015_low,17050015,0.7,104,89,179,low,0.02469411667584542,0.024168847930311266,0.03294461204642512,0.006236877914220271,True,,E3_pass,87.72352647352648,87.66085847853805,151.96472645002058,0.26801980986938373,1.0,0,0.008219274604097215,videos/behavior/eval_50015_low__short__u07.mp4,f6eae2ab5c1fc8cda489dade942cadb98752c34743960bdb9c4618b44858b711
free_fall,3407,100000,Short,eval_50015,eval_50015_low,17050015,1.0,48,106,235,low,0.02469411667584542,0.023077155611475855,0.0357896771975569,0.0037943708636793776,True,,E3_pass,46.86517357222844,91.92388663967611,198.05010046531302,0.6172948073051167,1.0,0,0.007052799381672359,videos/behavior/eval_50015_low__short__u10.mp4,a684248b1b5611b6812a53bfa96842a837be1c9ce6011c83f89443fe409205e3
free_fall,3407,100000,Short,eval_50016,eval_50016_low,17050016,0.2,198,60,85,low,0.024402419060996557,0.02499156750900004,0.025035464755158197,0.0010373761460560147,True,,E3_pass,184.41687176331845,57.2195145631068,65.06542713567839,-0.47839644397360287,1.0,0,0.00450141079480082,videos/behavior/eval_50016_low__short__u02.mp4,9bca68c0f88b251012b48c02efcef0301e42345f679cd2749007b6dd19470aa4
free_fall,3407,100000,Short,eval_50016,eval_50016_low,17050016,0.5,142,77,142,low,0.024402419060996557,0.024549832738658874,0.02998446795383361,0.0052600765544796564,True,,E3_pass,124.18214081894706,79.78230042981522,106.29857954545454,-0.07759243916461919,1.0,0,0.006204730880799314,videos/behavior/eval_50016_low__short__u05.mp4,2a19f1cff77fd4773ca39e6ea65b965f4d8450e93cca7e537a4088381da9533d
free_fall,3407,100000,Short,eval_50016,eval_50016_low,17050016,0.8,85,94,198,low,0.024402419060996557,0.025797964786157077,0.03441453132208693,0.005019363969289512,True,,E3_pass,69.6207620082722,87.12154255319149,172.85998372219206,0.42576255447794464,1.0,0,0.006799301435696958,videos/behavior/eval_50016_low__short__u08.mp4,ed175d20ba9b8869396f5868b47f639d01eff676182422dc832dfa417a5f79e9
free_fall,3407,100000,Short,eval_50017,eval_50017_low,17050017,0.0,235,48,48,low,0.0075862333014470144,0.005623560289995778,0.00633878715476655,0.0004275766928592362,True,,E3_pass,203.76984800282784,50.83177310866098,51.51720278072346,-0.5963978382561728,1.0,0,0.0018455661435312631,videos/behavior/eval_50017_low__short__u00.mp4,3614c37478772d7752d79d87a4205146e23dc825a07ee3ac0a97750b99e6a4ea
free_fall,3407,100000,Short,eval_50017,eval_50017_low,17050017,0.3,179,65,104,low,0.0075862333014470144,0.0065731885688871125,0.006879615172311364,0.0005186937940458963,True,,E3_pass,168.12354643152383,61.5578947368421,72.60824742268042,-0.39677060300016076,1.0,0,0.0018335858306729458,videos/behavior/eval_50017_low__short__u03.mp4,0bc416b3d4458f9dc8496ebf5a5c0992d2e8b84d80508f31ce2131a1aa4c5a3b
free_fall,3407,100000,Short,eval_50017,eval_50017_low,17050017,0.6,123,83,160,low,0.0075862333014470144,0.012381685416273583,0.015812500275407256,0.0013853431194177461,True,,E3_fail,99.57451084082496,77.2446962391514,108.55045894196604,0.043127684825654336,1.0,0,0.004165729283839514,videos/behavior/eval_50017_low__short__u06.mp4,f152b9564fdc3491fd8646349596fb111add40c8901b2827d3e14d2f96e13ed9
free_fall,3407,100000,Short,eval_50017,eval_50017_low,17050017,0.9,67,100,216,low,0.0075862333014470144,0.016634660846248282,0.028562618108205956,0.004378550638444012,True,,E3_fail,50.762531328320804,72.96793454223794,141.96600458365162,0.47322246715445904,1.0,0,0.008331092759746528,videos/behavior/eval_50017_low__short__u09.mp4,f0cf9659ae2b3381647a1834e4e234a718d7af13f3df8788663dd323276a44d9
free_fall,3407,100000,Short,eval_50018,eval_50018_low,17050018,0.1,216,54,67,low,0.010997093215728306,0.008990524704037085,0.009464504948635145,0.0004408792880714057,True,,E3_fail,196.68264326432643,54.9035675282126,58.61898092248249,-0.5407864629988397,1.0,0,0.0030106530801297104,videos/behavior/eval_50018_low__short__u01.mp4,c6b2afeb53050d5dae3d34e3bf475e91fb4ae2dcb19036b105224088e43584ba
free_fall,3407,100000,Short,eval_50018,eval_50018_low,17050018,0.4,160,71,123,low,0.010997093215728306,0.01379926838145788,0.012431034262683924,0.001192266582146459,True,,E3_fail,149.266813392986,67.97623224728488,83.44110662890166,-0.2828683559970487,1.0,0,0.0037409617720154387,videos/behavior/eval_50018_low__short__u04.mp4,c1292a8fc4c23a01d355f3983f1a73ff91b7195116156d642dcc5d05d4487d34
free_fall,3407,100000,Short,eval_50018,eval_50018_low,17050018,0.7,104,89,179,low,0.010997093215728306,0.019114364052665245,0.023710740196084944,0.002168055180983503,True,,E3_fail,83.68417931688805,77.85245444921156,123.12007874015748,0.19069191221580709,1.0,0,0.005177435012404197,videos/behavior/eval_50018_low__short__u07.mp4,c8bc287c750175b1201a5dd5aea59dd51dc5a48bc304275f814e85e93d6b2dcd
free_fall,3407,100000,Short,eval_50018,eval_50018_low,17050018,1.0,48,106,235,low,0.010997093215728306,0.011105713404566654,0.03263570163400272,0.00581981619440929,True,,E3_pass,43.75022423133498,80.64562883435583,173.9726610429448,0.5981109273265394,1.0,0,0.0061658331865143134,videos/behavior/eval_50018_low__short__u10.mp4,0e8425754466427fa1a25d5ea23e49d892d6a8f6966337c18e6a75fba0bd7d6d
free_fall,3407,100000,Short,eval_50019,eval_50019_low,17050019,0.2,198,60,85,low,0.020048734694221228,0.022461810748963407,0.021001071611010697,0.000669410334252893,True,,E3_fail,187.2838783878388,58.508267528116775,65.68359995898066,-0.48069530211367,1.0,0,0.00448312349930835,videos/behavior/eval_50019_low__short__u02.mp4,cdcee3892ae13cae75abf3eb2e3e3eb6ad54ba8448e6ab1d0b4fa8ee525c0c4b
free_fall,3407,100000,Short,eval_50019,eval_50019_low,17050019,0.5,142,77,142,low,0.020048734694221228,0.021873154186578044,0.026249738505340316,0.003950251676892908,True,,E3_pass,128.47620112445694,80.36293859649123,105.12069027374162,-0.09998211325039633,1.0,0,0.005554177388381598,videos/behavior/eval_50019_low__short__u05.mp4,7773b00fb7fa77820e10228c7a867c84b658d3b32c49884b182ffb86d08332a2
free_fall,3407,100000,Short,eval_50019,eval_50019_low,17050019,0.8,85,94,198,low,0.020048734694221228,0.02359080362725089,0.03273557244662603,0.005530973638225191,True,,E3_fail,69.48117283950617,87.00409493565101,168.74131944444446,0.41666991917213336,1.0,0,0.0069076592698640304,videos/behavior/eval_50019_low__short__u08.mp4,34b619f588368b8e22d7c48df2344eb4d7f623ee6a7110fa9f2b7fc9a7c74772
free_fall,3407,100000,Short,eval_50020,eval_50020_low,17050020,0.0,235,48,48,low,0.016127420481205825,0.014952720452786311,0.014496851538322877,0.0005789678310313188,True,,E3_pass,204.94185037523454,50.275392083644505,51.15903706800446,-0.6004774713688298,1.0,0,0.0032994934997674363,videos/behavior/eval_50020_low__short__u00.mp4,3ad25f8d4e99384352f8e75bd66932bd5d574814f45e1bb09310fd5e6c74ef6c
free_fall,3407,100000,Short,eval_50020,eval_50020_low,17050020,0.3,179,65,104,low,0.016127420481205825,0.017686609249932855,0.016869456396515544,0.0009665834910584123,True,,E3_pass,170.86678685897436,63.58804078258473,75.3498423145482,-0.3879386411269146,1.0,0,0.004359796520280179,videos/behavior/eval_50020_low__short__u03.mp4,dd45891dd8157ee08aaf877754b3a724ebe34b26a52d6b3257000b875b86d3cc
free_fall,3407,100000,Short,eval_50020,eval_50020_low,17050020,0.6,123,83,160,low,0.016127420481205825,0.01997257547383401,0.02418264668313688,0.003072017137107067,True,,E3_fail,109.0965367965368,83.6499187432286,119.79408388520972,0.04673650260028317,1.0,0,0.006915001009489163,videos/behavior/eval_50020_low__short__u06.mp4,8f3aab81d854a66f7cd6fff2b5c202fc6baae00df4e80b4ce541e764d4ccff21
free_fall,3407,100000,Short,eval_50020,eval_50020_low,17050020,0.9,67,100,216,low,0.016127420481205825,0.018470673436151004,0.032056715035103545,0.004199997201563114,True,,E3_fail,54.50476190476191,84.92106625258799,177.70012191623636,0.5305459471147151,1.0,0,0.005715184072679125,videos/behavior/eval_50020_low__short__u09.mp4,aa1f9596cef49b43088ade7f5e1227b3184dbe1bbc3a62753da6b74da0a31002
free_fall,3407,100000,Short,eval_50021,eval_50021_low,17050021,0.1,216,54,67,low,0.012432922066907742,0.011684830674091977,0.011452528234763075,0.0004397557777422611,True,,E3_pass,195.64365401332947,54.012159718256235,58.16583380925186,-0.5416575297617606,1.0,0,0.003031496062992134,videos/behavior/eval_50021_low__short__u01.mp4,adc1f93c0ef43c645268f40ac1076afbf3bb8ad0a9bd829b88c85ff71f352555
free_fall,3407,100000,Short,eval_50021,eval_50021_low,17050021,0.4,160,71,123,low,0.012432922066907742,0.016206388266942963,0.015055969898370998,0.001021116664454066,True,,E3_fail,148.9541499330656,68.91463257135477,84.35901149768554,-0.27686024242808105,1.0,0,0.0033217857423629704,videos/behavior/eval_50021_low__short__u04.mp4,5e210bc2eca8087bcaebd66f63271eaad94f86e417ce6bb30926ab63ee65e794
free_fall,3407,100000,Short,eval_50021,eval_50021_low,17050021,0.7,104,89,179,low,0.012432922066907742,0.020054581199709712,0.02512048559935579,0.003003052758638346,True,,E3_fail,84.54653012527342,80.45169839492348,124.3975276728309,0.19072568020127179,1.0,0,0.0059492563429570655,videos/behavior/eval_50021_low__short__u07.mp4,3a24477a0880ac2192de91ceef9bcdb6e8d2509619c201a1fb19779b5bf7c145
free_fall,3407,100000,Short,eval_50021,eval_50021_low,17050021,1.0,48,106,235,low,0.012432922066907742,0.014347146588631923,0.03351380471285562,0.00570342377545889,True,,E3_pass,45.478456197672045,81.91416586591765,177.85322988090942,0.592727239056707,1.0,0,0.006040565095683181,videos/behavior/eval_50021_low__short__u10.mp4,377e126a0e32d02d8331c893c8629bf598c7fa0aa815b01ae870d4519f815f1b
free_fall,3407,100000,Short,eval_50022,eval_50022_low,17050022,0.2,198,60,85,low,0.016146214477300393,0.016237992095999867,0.01551702489102205,0.0006612574871397981,True,,E3_pass,187.40901894758002,57.945,65.34,-0.48296535217371733,1.0,0,0.003947142745770682,videos/behavior/eval_50022_low__short__u02.mp4,efa4f438912376af82f796ce595dd5e969e8dce4c34a8747d30f190dee02add0
free_fall,3407,100000,Short,eval_50022,eval_50022_low,17050022,0.5,142,77,142,low,0.016146214477300393,0.0199640737697412,0.021461213708359326,0.0021147411394131944,True,,E3_fail,132.3351375979588,78.52886721786446,100.64888143176734,-0.13600184380950406,1.0,0,0.004500172823105997,videos/behavior/eval_50022_low__short__u05.mp4,a469e4a28fafc87dc4e2269e7ed62efb1e37fa1ee4dd51b46e2f78f8e1ffec5c
free_fall,3407,100000,Short,eval_50022,eval_50022_low,17050022,0.8,85,94,198,low,0.016146214477300393,0.018977655699682388,0.02998665022863166,0.004874997923845478,True,,E3_fail,70.56872008062484,85.85359361135758,161.20097604259095,0.39104446128187037,1.0,0,0.008142870415534409,videos/behavior/eval_50022_low__short__u08.mp4,0162bb2563f19a9e26e8c340a3f0220ff979a35da975421f2f52a23df4646d84
free_fall,3407,100000,Short,eval_50023,eval_50023_low,17050023,0.0,235,48,48,low,0.01567001929571491,0.014335627655727462,0.013824538819855821,0.0004868050167792845,True,,E3_pass,205.27644230769232,51.13083451202263,51.210144927536234,-0.6006797432992409,1.0,0,0.0032219940612490117,videos/behavior/eval_50023_low__short__u00.mp4,5781588f25cc675026ee6877a57f18a206bcd6e975f6d2dc8baad4d9502f766d
free_fall,3407,100000,Short,eval_50023,eval_50023_low,17050023,0.3,179,65,104,low,0.01567001929571491,0.016923936253675106,0.016131494842789088,0.0008771529983487465,True,,E3_pass,170.31056391797557,63.407558384178415,74.38611983254842,-0.39201366612399524,1.0,0,0.0034573974956426667,videos/behavior/eval_50023_low__short__u03.mp4,02b044ce43bde7afee06952d4b0e1d4e9bfdf87f7f163e6ee2a59dc27a721da7
free_fall,3407,100000,Short,eval_50023,eval_50023_low,17050023,0.6,123,83,160,low,0.01567001929571491,0.01938632152675018,0.02365537719977979,0.003316974544758033,True,,E3_fail,109.35726364637407,83.38825757575758,117.50877926421404,0.03593096398764533,1.0,0,0.006722928864661193,videos/behavior/eval_50023_low__short__u06.mp4,50e7433f67684ef637ee6bbfe24b6725954489258e9f2f33ed962a6a403187cc
free_fall,3407,100000,Short,eval_50023,eval_50023_low,17050023,0.9,67,100,216,low,0.01567001929571491,0.016480671281454445,0.03190323144899068,0.0053550028853277575,True,,E3_pass,53.3632446090478,82.65689004157291,171.41017964071855,0.5251819045141985,1.0,0,0.0073154071053372904,videos/behavior/eval_50023_low__short__u09.mp4,a058ed1e5c0f99f70014e5551877698cb1b9609c96dd5354a460d122c23d343d
free_fall,3407,100000,Short,eval_50024,eval_50024_low,17050024,0.1,216,54,67,low,0.005389165559386035,0.004167005258399542,0.004411432362427453,0.00033847081547759333,True,,E3_pass,194.30245098039217,54.29664179104478,59.04402258800913,-0.5338871565380757,1.0,0,0.0012535746464528152,videos/behavior/eval_50024_low__short__u01.mp4,09615b92cd767bee22ec0b45adab4a48a1e0f50a5538bbfaaa39c2f214f122f7
free_fall,3407,100000,Short,eval_50024,eval_50024_low,17050024,0.4,160,71,123,low,0.005389165559386035,0.006750698169273019,0.006609102027624348,0.0011159000695144196,True,,E3_pass,144.7199012867971,66.00911854103343,81.66497354497355,-0.2785297727539446,1.0,0,0.0029637867722855926,videos/behavior/eval_50024_low__short__u04.mp4,e1221656eeab24e233ad140dca00db5875e286445f03eae04e09068d19b35486
free_fall,3407,100000,Short,eval_50024,eval_50024_low,17050024,0.7,104,89,179,low,0.005389165559386035,0.016170134903992016,0.020124887271293503,0.00236168082866087,True,,E3_fail,79.65957046979867,72.92007739735013,117.1883116883117,0.19064843780421956,1.0,0,0.00716169125271926,videos/behavior/eval_50024_low__short__u07.mp4,221f9fa58b012959a2d9ef80e295b64441e0cb6b9af269c7b331af001282b47b
free_fall,3407,100000,Short,eval_50024,eval_50024_low,17050024,1.0,48,106,235,low,0.005389165559386035,0.011798164026960968,0.03114924646635143,0.004921664132820896,True,,E3_fail,41.791521080829256,71.90893637688198,150.24545454545455,0.564755475402211,1.0,0,0.009026812824867392,videos/behavior/eval_50024_low__short__u10.mp4,3abd84db552eb7579230acfad5befa5c410591b3034afc0c218687c37fb485d1
free_fall,3407,100000,Short,eval_50025,eval_50025_low,17050025,0.2,198,60,85,low,0.019320798479742846,0.021711996546169926,0.02028706792732774,0.0006891934922965055,True,,E3_fail,187.23425973580373,57.91684432262322,65.19975499387485,-0.48343130331548323,1.0,0,0.004427457375856925,videos/behavior/eval_50025_low__short__u02.mp4,d6f52c32300b80748f3e7df5470fc959a19c18f25bd40d9e9f8d012fa18b281c
free_fall,3407,100000,Short,eval_50025,eval_50025_low,17050025,0.5,142,77,142,low,0.019320798479742846,0.020952536229685466,0.02550221419205451,0.003892908704943857,True,,E3_pass,129.65743724241287,80.11284080158254,104.51108981380065,-0.10738568391206382,1.0,0,0.005570603988731437,videos/behavior/eval_50025_low__short__u05.mp4,43fdf6e9dab6525fd55de21a55f7c086e59d0e78c39a2831df66a17151534fa0
free_fall,3407,100000,Short,eval_50025,eval_50025_low,17050025,0.8,85,94,198,low,0.019320798479742846,0.021652569359876268,0.032425798431731614,0.005771323844918517,True,,E3_fail,70.77986897623806,88.10788855539606,170.11753096501974,0.4123650235038008,1.0,0,0.006835618559382972,videos/behavior/eval_50025_low__short__u08.mp4,bcbdf15411012fbc052136695f08053d019f99d1ea0c94475b080be8797c89cc
free_fall,3407,100000,Short,eval_50026,eval_50026_low,17050026,0.0,235,48,48,low,0.020955334314552404,0.022069448245178962,0.02010356523515788,0.0007021673445703502,True,,E3_pass,206.78155339805824,51.12019230769231,51.259482698841964,-0.6027028609543081,1.0,0,0.00438270687862119,videos/behavior/eval_50026_low__short__u00.mp4,69a03100e7c42555ed33ab75f08283a684423fdd0efdd2a17ea51a3865ab479d
free_fall,3407,100000,Short,eval_50026,eval_50026_low,17050026,0.3,179,65,104,low,0.020955334314552404,0.02328521753493173,0.023399315281886553,0.0014429702607068196,True,,E3_fail,170.66894563885484,64.43689394712666,76.85638297872342,-0.37900187097648336,1.0,0,0.00453477346745268,videos/behavior/eval_50026_low__short__u03.mp4,b2b66bd03492ca377de6b57a8428fdd99898a28198c6de60ce0129d0a9d9b5af
free_fall,3407,100000,Short,eval_50026,eval_50026_low,17050026,0.6,123,83,160,low,0.020955334314552404,0.02400712033859396,0.029728132811090335,0.006549943789504061,True,,E3_fail,108.3107760635811,86.6099025974026,127.79016999260901,0.0825045145070782,1.0,0,0.00983838005307447,videos/behavior/eval_50026_low__short__u06.mp4,5b02b206cd0e650fa33acfa25eb6233b41e6ac11d70fd2fb43f5c25e68ef2ef4
free_fall,3407,100000,Short,eval_50026,eval_50026_low,17050026,0.9,67,100,216,low,0.020955334314552404,0.0237487517678935,0.03491416860799277,0.0049880905686077205,True,,E3_fail,55.73527695897813,89.72058275258826,187.61466143562916,0.5419330916895476,1.0,0,0.0074834664817774454,videos/behavior/eval_50026_low__short__u09.mp4,1ec68c16a10c6e7d8d11c1be2de9d6dbadbd19c05c0f3bdb8366382411106184
free_fall,3407,100000,Short,eval_50027,eval_50027_low,17050027,0.1,216,54,67,low,0.004705016266898658,0.0036643703477682392,0.003978897167702513,0.0003866360698769478,True,,E3_pass,194.34915112386417,53.93901243424199,58.46323529411765,-0.5374970655317576,1.0,0,0.0012024359024087605,videos/behavior/eval_50027_low__short__u01.mp4,29113e22b78f473d6bf4627bd4492b1e5259df3d75a6f1b5bc7077763b461e6a
free_fall,3407,100000,Short,eval_50027,eval_50027_low,17050027,0.4,160,71,123,low,0.004705016266898658,0.006460605903714927,0.0063180987786052205,0.0010691721414991333,True,,E3_pass,143.62433862433863,64.84396468699839,80.30737054225696,-0.28275123839195226,1.0,0,0.0029054239087438205,videos/behavior/eval_50027_low__short__u04.mp4,89cb42954a1fbf0c31ebc560264f83e1437e677d0a9eccd194c0c530cb61de19
free_fall,3407,100000,Short,eval_50027,eval_50027_low,17050027,0.7,104,89,179,low,0.004705016266898658,0.015451596164516896,0.01953973151106208,0.0024584771698307095,True,,E3_fail,76.30500955500955,70.53973889143381,111.31765725902895,0.18661203520106592,1.0,0,0.009651096244548407,videos/behavior/eval_50027_low__short__u07.mp4,407bda2b13d6bdac73ccd69c8155dfb661f6431e134ebb94a4b40545938541f4
free_fall,3407,100000,Short,eval_50027,eval_50027_low,17050027,1.0,48,106,235,low,0.004705016266898658,0.013994556055795963,0.03156358243127688,0.0040871230792042705,True,,E3_fail,41.75111635352599,72.29383420872345,152.94245820404763,0.5711094580455208,0.96875,2,0.006483649003334091,videos/behavior/eval_50027_low__short__u10.mp4,a8ea700e57b5e2d2c0a5f1f0d74f2dbade653c8f042d5fee15561819199b3324
free_fall,3407,100000,Short,eval_50028,eval_50028_low,17050028,0.2,198,60,85,low,0.012439960016839068,0.012832509452008159,0.011890278913185634,0.0006565618290930261,True,,E3_pass,185.33103015075378,57.32901515151515,64.05550505050505,-0.4862954008418177,1.0,0,0.0026552624977822514,videos/behavior/eval_50028_low__short__u02.mp4,475ea6eb4de9155bbbc331b01779170e1a8fcbbd4d503300fa6fd71ca0ba7f30
free_fall,3407,100000,Short,eval_50028,eval_50028_low,17050028,0.5,142,77,142,low,0.012439960016839068,0.018705505209012114,0.017810207722907256,0.0018101201987003926,True,,E3_fail,129.0935906219076,75.43834900731451,98.17707270625043,-0.13603391420130811,1.0,0,0.004746612459110011,videos/behavior/eval_50028_low__short__u05.mp4,59882704eba18ae219fb71e7262df2b9c1049ee41b90c978ea04904294c4706e
free_fall,3407,100000,Short,eval_50028,eval_50028_low,17050028,0.8,85,94,198,low,0.012439960016839068,0.019114637555855282,0.02819549542624425,0.004146825204602133,True,,E3_fail,66.94103604678921,78.47982812127,142.57298878013847,0.360987541506235,1.0,0,0.007324515470048976,videos/behavior/eval_50028_low__short__u08.mp4,37cdd4d8899ef7206df5d79ca281ec71683ca1980b1230c4078a15aa9b8c18de
free_fall,3407,100000,Short,eval_50029,eval_50029_low,17050029,0.0,235,48,48,low,0.014681276865603991,0.01313989559150233,0.013196491048728857,0.00045421215240976174,True,,E3_pass,203.0795011148272,50.20852311939268,51.09201022466113,-0.5979721727631423,1.0,0,0.0031081839303802594,videos/behavior/eval_50029_low__short__u00.mp4,f6ceb971c96ba853e0e43c7adfcb55dfd1ab0f4803e5cb6ba69bdd097b920287
free_fall,3407,100000,Short,eval_50029,eval_50029_low,17050029,0.3,179,65,104,low,0.014681276865603991,0.016125427607619244,0.01542071466916023,0.0008816659847614934,True,,E3_pass,168.65303636923596,62.95088348611665,73.94054235467848,-0.39041632722828745,1.0,0,0.0032623753190768046,videos/behavior/eval_50029_low__short__u03.mp4,1e0e0b86d6d495342b9cfaf97776c76159fa5da545f7f7475d65c9ab26fcb3f2
free_fall,3407,100000,Short,eval_50029,eval_50029_low,17050029,0.6,123,83,160,low,0.014681276865603991,0.020768459388991422,0.023480375815612565,0.002726741677247925,True,,E3_fail,107.33430824559123,82.40669230769231,115.67560083594566,0.03740323748262077,1.0,0,0.0051927422115713995,videos/behavior/eval_50029_low__short__u06.mp4,765a9a86c683ae506b3153930d9f419f10a143999589918e096af4ef47032072
free_fall,3407,100000,Short,eval_50029,eval_50029_low,17050029,0.9,67,100,216,low,0.014681276865603991,0.016306271561481234,0.03204381471730351,0.005146664237665808,True,,E3_pass,53.8378354978355,82.78848484848484,171.2857575757576,0.521704191348473,1.0,0,0.0065969909101167845,videos/behavior/eval_50029_low__short__u09.mp4,e39f5554acc26e4b6a2ee7d7c4287ba23bfc4707a3ff0ffd832464a47f28bd29
free_fall,3407,100000,Short,eval_50030,eval_50030_low,17050030,0.1,216,54,67,low,0.01939035744066626,0.020919723594090348,0.01942105874139709,0.0006225802043085917,True,,E3_pass,197.70544469922427,54.14567380383359,57.883623753155405,-0.5470571249103299,1.0,0,0.004184620777482051,videos/behavior/eval_50030_low__short__u01.mp4,d23c1fd500b39d38346c7f74f7bd37690315cb0fc57ad76fb960ec0a25993eb7
free_fall,3407,100000,Short,eval_50030,eval_50030_low,17050030,0.4,160,71,123,low,0.01939035744066626,0.02140244808093557,0.023724643068793322,0.002370221790953534,True,,E3_fail,149.88278503264692,71.09170574795574,89.07186895551257,-0.2544872638477565,1.0,0,0.004547173321362563,videos/behavior/eval_50030_low__short__u04.mp4,a4deb53c35de7a7d8f5f7ce8a28c945f1ddb26594f499f3996579e08e917e1d6
free_fall,3407,100000,Short,eval_50030,eval_50030_low,17050030,0.7,104,89,179,low,0.01939035744066626,0.02233705104102158,0.03003863834185996,0.005403577357755049,True,,E3_fail,89.99431336963097,87.77757775156745,147.96976095317095,0.24363109325861998,1.0,0,0.007079663591861851,videos/behavior/eval_50030_low__short__u07.mp4,553205e8bdff813a19f2997ecd43743302f8c035bf376f9a0c11a81133be51ba
free_fall,3407,100000,Short,eval_50030,eval_50030_low,17050030,1.0,48,106,235,low,0.01939035744066626,0.018399897170957698,0.03471805233259645,0.0051624652038705175,True,,E3_pass,46.80222780859917,89.77041103603604,193.64459978070175,0.6107062149429496,1.0,0,0.0066002779064380235,videos/behavior/eval_50030_low__short__u10.mp4,980faeebb540995c553fdd2d2dbe3a5ff33fbcf4d3bfeefd902636070c8af87c
free_fall,3407,100000,Short,eval_50031,eval_50031_low,17050031,0.2,198,60,85,low,0.00775534148743192,0.006209548518759748,0.006488037164901198,0.0005021429029656972,True,,E3_pass,184.43913010704057,57.29814044843506,64.76633165829145,-0.48021739813006303,1.0,0,0.0022814844750760344,videos/behavior/eval_50031_low__short__u02.mp4,0cd1a8e852bc0cca2115060c668317dd361b9c8bef7b9d414fac1942fdd7b270
free_fall,3407,100000,Short,eval_50031,eval_50031_low,17050031,0.5,142,77,142,low,0.00775534148743192,0.010715003575519667,0.010925027344719153,0.001578451401340526,True,,E3_fail,124.69029988893001,73.28125,95.26734209565535,-0.13376647216165596,1.0,0,0.0037088917198937477,videos/behavior/eval_50031_low__short__u05.mp4,87ee64f05adfffba778ccee08d60899ca4b032eda514429a4b70dae8ee6c8ce3
free_fall,3407,100000,Short,eval_50031,eval_50031_low,17050031,0.8,85,94,198,low,0.00775534148743192,0.01895500440845753,0.02497876323973914,0.003212816679168358,True,,E3_fail,63.253846153846155,71.40096153846153,125.36780626780626,0.3293045062244908,1.0,0,0.007417337918967037,videos/behavior/eval_50031_low__short__u08.mp4,27a46a7827a68b31ab692f81763f7e941c6cb17943c0c64bc46965cbd367b224
free_fall,3407,100000,Short,eval_50000,eval_50000_high,17050000,0.0,235,48,48,high,0.06511387887451758,0.0444344898249304,0.0386830297682931,0.006428982968330893,True,,E3_fail,164.56443144314431,49.48058227324439,53.06824074074074,-0.5123136594499755,1.0,0,0.016136252807278706,videos/behavior/eval_50000_high__short__u00.mp4,b4650500765840d3cf8467c5471d670ba13974e2788e0bd37383eb0618693c18
free_fall,3407,100000,Short,eval_50000,eval_50000_high,17050000,0.3,179,65,104,high,0.06511387887451758,0.06045539075390656,0.04780465412893026,0.004818714380764943,True,,E3_fail,129.33666333666332,66.78609625668449,82.52040170349909,-0.22098041254507564,1.0,0,0.02384197167661739,videos/behavior/eval_50000_high__short__u03.mp4,8d5f0e54a690722b70b2bfee134351700f9f0b104b5445ee24bb7acff4135bfa
free_fall,3407,100000,Short,eval_50000,eval_50000_high,17050000,0.6,123,83,160,high,0.06511387887451758,0.059127552459419606,0.061849749197483365,0.00432835868883852,True,,E3_fail,83.50170454545454,86.97135849570788,149.75060975609756,0.28402249902221827,1.0,0,0.011852362602214672,videos/behavior/eval_50000_high__short__u06.mp4,4867e1f15a6ba33d6b35e0832e448af253a7e78b0c4c2b38dbaad482446566af
free_fall,3407,100000,Short,eval_50000,eval_50000_high,17050000,0.9,67,100,216,high,0.06511387887451758,0.06497783240595624,0.06570017030395178,0.001130067772807019,True,,E3_pass,54.67685391692222,95.92377693651719,201.27763836772982,0.5727611308645031,1.0,0,0.010841036174825902,videos/behavior/eval_50000_high__short__u09.mp4,46caeb07d08d974065f41e6c36a4f807623c00c0ff658bd093c521f70c9bf38e
free_fall,3407,100000,Short,eval_50001,eval_50001_high,17050001,0.1,216,54,67,high,0.0647655897226971,0.046896929589405806,0.04082076432885166,0.0065351973001793245,True,,E3_fail,159.18844221105527,54.566873777755774,61.096683914622616,-0.44529451453053864,1.0,0,0.020333263426817405,videos/behavior/eval_50001_high__short__u01.mp4,b3516acb74884f101dd3bde9fd00666bd139d67c8ac253e7aedbd2597ab20995
free_fall,3407,100000,Short,eval_50001,eval_50001_high,17050001,0.4,160,71,123,high,0.0647655897226971,0.06030314763721946,0.05293445442171956,0.004434798799236461,True,,E3_fail,112.27516388413473,77.55612808244388,104.71790674603174,-0.034827181882610476,1.0,0,0.013438015015564853,videos/behavior/eval_50001_high__short__u04.mp4,9690096e6fdbfe9c5ae9ee5de3b624e4752fa0c2fc3eb8e28905716f6854062e
free_fall,3407,100000,Short,eval_50001,eval_50001_high,17050001,0.7,104,89,179,high,0.0647655897226971,0.06000031316729643,0.0640045774105481,0.00331427318607745,True,,E3_fail,72.976775085034,91.01017831576206,174.2930610626487,0.4097397707543382,1.0,0,0.01414426973324967,videos/behavior/eval_50001_high__short__u07.mp4,953645c9282515fb8c41ed1a83e2e55bdc8e8fd75c62e38a0a49aa4b27b310fc
free_fall,3407,100000,Short,eval_50001,eval_50001_high,17050001,1.0,48,106,235,high,0.0647655897226971,0.06431388609526072,0.06527833249678773,0.0009089406072748614,True,,E3_pass,48.69565217391305,97.09540688397539,206.34613761080624,0.6181358967483929,1.0,0,0.010279076763848649,videos/behavior/eval_50001_high__short__u10.mp4,2289b572fa1fb70babd96ab19c70ba248fe71cfffa0861b9ea29d604e9074296
free_fall,3407,100000,Short,eval_50002,eval_50002_high,17050002,0.2,198,60,85,high,0.05984931609265929,0.050140151669856414,0.04297135741397706,0.005849704370047627,True,,E3_fail,156.73746081504703,58.902945713290535,69.66154078094377,-0.3846126503220625,1.0,0,0.020934008852459107,videos/behavior/eval_50002_high__short__u02.mp4,58bbf8ea121846beacdff03015aebb68d2229437a09dce29a87396e9a7e49df5
free_fall,3407,100000,Short,eval_50002,eval_50002_high,17050002,0.5,142,77,142,high,0.05984931609265929,0.05580529563908427,0.05427901213406105,0.006273023059600678,True,,E3_fail,103.43499163879599,82.17374231732302,123.38095238095238,0.08793897108229591,1.0,0,0.016067823793390223,videos/behavior/eval_50002_high__short__u05.mp4,e78a04e3f5eb5b5f1d9b6b7e9ca49c3d24d178a3f2884769783fd6a81dc9a2e7
free_fall,3407,100000,Short,eval_50002,eval_50002_high,17050002,0.8,85,94,198,high,0.05984931609265929,0.05944749142632702,0.060435086505628295,0.0015745397672854127,True,,E3_pass,64.0625,94.12466843501326,189.45864321608042,0.49461808835881843,1.0,0,0.010092866198288308,videos/behavior/eval_50002_high__short__u08.mp4,6909fe89af9ae47abb0c23c9252857c045e8b1758879eb0e9a7d77a68b491ae0
free_fall,3407,100000,Short,eval_50003,eval_50003_high,17050003,0.0,235,48,48,high,0.06533233898124247,0.04369870290256496,0.03865443728945348,0.006715148429687106,True,,E3_fail,166.79529411764707,49.57805440738248,52.702768610194354,-0.5197883028649644,1.0,0,0.018740100297920392,videos/behavior/eval_50003_high__short__u00.mp4,22998fefe0683b3d916e0fca02db27d2d74abc7fc487b80dfef8d40515d13d0b
free_fall,3407,100000,Short,eval_50003,eval_50003_high,17050003,0.3,179,65,104,high,0.06533233898124247,0.060539250696773676,0.0477021550897605,0.004782495955665437,True,,E3_fail,132.160883424408,65.60588235294118,82.73438631678644,-0.23000272256875326,1.0,0,0.02212769285071925,videos/behavior/eval_50003_high__short__u03.mp4,50ea95b09390d0a7818fdcc20d7c897aecee2b2f2af0d0f63419ef9ca76a72c7
free_fall,3407,100000,Short,eval_50003,eval_50003_high,17050003,0.6,123,83,160,high,0.06533233898124247,0.058127696576086164,0.06212057672517604,0.00496458044860401,True,,E3_fail,84.90630057480887,86.92504127996355,150.5563401860828,0.2788129760166079,1.0,0,0.013154202382378966,videos/behavior/eval_50003_high__short__u06.mp4,8c44422e42cf841053242c79f4aab59d7a783d9e76af2800a781da99bfd0528f
free_fall,3407,100000,Short,eval_50003,eval_50003_high,17050003,0.9,67,100,216,high,0.06533233898124247,0.06352211710196856,0.0656642803200603,0.0017082854807627629,True,,E3_pass,55.238687999234706,96.10539215686273,201.2581739592389,0.5692837130445826,1.0,0,0.010961460274096724,videos/behavior/eval_50003_high__short__u09.mp4,358ff54df16d877b6fcd8203b5ad2426b02e264217c5a8126810a7a082e8cf1c
free_fall,3407,100000,Short,eval_50004,eval_50004_high,17050004,0.1,216,54,67,high,0.05310521705655745,0.04333384033654052,0.04029174673771496,0.005790447229643138,True,,E3_fail,170.66336633663366,55.17561648280338,61.64700402079043,-0.4692703220614484,1.0,0,0.015685014555117505,videos/behavior/eval_50004_high__short__u01.mp4,2f222252d7ea340c0dd06ec9bbcc87b7143bc6cccd72baa17a26bd2ab5d65a09
free_fall,3407,100000,Short,eval_50004,eval_50004_high,17050004,0.4,160,71,123,high,0.05310521705655745,0.05492623499560667,0.04666623665343866,0.00594776648767527,True,,E3_pass,126.05394265232975,76.10726113594967,100.26234786718658,-0.11396260837404867,1.0,0,0.013259111053741224,videos/behavior/eval_50004_high__short__u04.mp4,a1f3f74760cf85ab959c950291c246ceb8b27684e1446e74fcb82442ded0b343
free_fall,3407,100000,Short,eval_50004,eval_50004_high,17050004,0.7,104,89,179,high,0.05310521705655745,0.05370281630544364,0.05282561328633236,0.0025240661387147508,True,,E3_pass,74.07226471475175,89.32458881578947,164.79519968262366,0.37980448780143017,1.0,0,0.009237549680458645,videos/behavior/eval_50004_high__short__u07.mp4,1d45c90113ff030323dc2aedacba379e3cfe05fc9044562a2e8b2d535923d338
free_fall,3407,100000,Short,eval_50004,eval_50004_high,17050004,1.0,48,106,235,high,0.05310521705655745,0.055202425294041915,0.054146746510406824,0.0005551019194109155,True,,E3_fail,47.743431744312026,95.73490338164251,204.53243616287094,0.6214982262046718,1.0,0,0.00878466440806902,videos/behavior/eval_50004_high__short__u10.mp4,96792009daa5ad6d697ef9f787bea767d11203d8714f52158d7ac06ccc4c7ae2
free_fall,3407,100000,Short,eval_50005,eval_50005_high,17050005,0.2,198,60,85,high,0.049266470942510986,0.04664080707595922,0.04163806453244631,0.00591454334052222,True,,E3_fail,161.545724326435,58.69035901155261,69.1611544298498,-0.4004413322854514,1.0,0,0.009610930986567734,videos/behavior/eval_50005_high__short__u02.mp4,76dc10a099a5219e3d9fb227011271ca2088dae54ef014fa297444ddcacf8dc2
free_fall,3407,100000,Short,eval_50005,eval_50005_high,17050005,0.5,142,77,142,high,0.049266470942510986,0.05333126362250196,0.046420550405649144,0.006464427819856713,True,,E3_fail,110.3895875591616,81.50997889378607,118.06533222591362,0.03359850894860633,1.0,0,0.018796060024998118,videos/behavior/eval_50005_high__short__u05.mp4,b901c8eb4b1a6e64758d9ee26666561f7f90068107292042a160bbca8f441368
free_fall,3407,100000,Short,eval_50005,eval_50005_high,17050005,0.8,85,94,198,high,0.049266470942510986,0.051293048494710204,0.04957546705188952,0.0014283266517175284,True,,E3_fail,64.17673114021727,92.11752287121746,184.48580700558125,0.48382469173873943,1.0,0,0.011187339206361613,videos/behavior/eval_50005_high__short__u08.mp4,6342c38e978f2833605cbc5d368c557a7060c5f723a3d188c4cdeff5b9acf876
free_fall,3407,100000,Short,eval_50006,eval_50006_high,17050006,0.0,235,48,48,high,0.0668358973637735,0.04522776780425216,0.038305705527194416,0.006403116332630266,True,,E3_fail,162.1909559512652,49.57415344541795,52.71735118044521,-0.5093968038365619,1.0,0,0.020174839177434012,videos/behavior/eval_50006_high__short__u00.mp4,e8610227fbd100f384c076aa7a99ccf739bd600b8b3a10c0de831bd9acb67b55
free_fall,3407,100000,Short,eval_50006,eval_50006_high,17050006,0.3,179,65,104,high,0.0668358973637735,0.0627709444814538,0.04830848352422694,0.004653713552000875,True,,E3_fail,127.41079365079364,66.29295758212265,83.44838494838496,-0.20849179530371048,1.0,0,0.023197414130765037,videos/behavior/eval_50006_high__short__u03.mp4,7899628af59eae95060f8eb3c812d0e3761fe3a95b1e16a0b516b11a3645fd60
free_fall,3407,100000,Short,eval_50006,eval_50006_high,17050006,0.6,123,83,160,high,0.0668358973637735,0.05917656238571339,0.06281926768123956,0.004260162338221719,True,,E3_fail,83.6680412371134,85.87383977900552,148.90724163476972,0.2805078836928421,1.0,0,0.012923503277174064,videos/behavior/eval_50006_high__short__u06.mp4,7103716093aa963eb44d401af7513fba4523dbf63f44f5bd795e1355e1404331
free_fall,3407,100000,Short,eval_50006,eval_50006_high,17050006,0.9,67,100,216,high,0.0668358973637735,0.06579669242694725,0.06702034521171572,0.0012779235292250453,True,,E3_pass,54.259216876461515,95.04898890588207,198.6971284392647,0.5709993611052656,1.0,0,0.011651449462265928,videos/behavior/eval_50006_high__short__u09.mp4,c611371c3ac2ea5326bb10d4f929799ffdb8efcb48260278276594df705f9378
free_fall,3407,100000,Short,eval_50007,eval_50007_high,17050007,0.1,216,54,67,high,0.0611354978442743,0.0449692445182824,0.040886591592880585,0.006563308411118011,True,,E3_fail,161.82059113300494,54.32356240550163,60.9898302604624,-0.4525405959108266,1.0,0,0.019502124260331266,videos/behavior/eval_50007_high__short__u01.mp4,de5bcb8bf16218c2dbbe7d9c6c84ba40cb35df9c557df2248642199ae9bde008
free_fall,3407,100000,Short,eval_50007,eval_50007_high,17050007,0.4,160,71,123,high,0.0611354978442743,0.057519283416911544,0.05104529704232312,0.00550244825499522,True,,E3_fail,115.29463939077198,76.43807272372783,102.68403461749604,-0.05785247034211042,1.0,0,0.018477506691727763,videos/behavior/eval_50007_high__short__u04.mp4,cdcb468c8842a15fc870041be01cc6f859ae6805f118c3e1caebb05322a6e7d1
free_fall,3407,100000,Short,eval_50007,eval_50007_high,17050007,0.7,104,89,179,high,0.0611354978442743,0.0587276435842679,0.060988355814419436,0.0027252828724740885,True,,E3_fail,72.22611683848797,89.9324900944834,172.2156330958549,0.4090525300372123,1.0,0,0.011299246375916505,videos/behavior/eval_50007_high__short__u07.mp4,2936fda41341f8efe5376fbdbda39d0d1982319e3dc865a8ba7798a85ceb6144
free_fall,3407,100000,Short,eval_50007,eval_50007_high,17050007,1.0,48,106,235,high,0.0611354978442743,0.06247559474623621,0.06202985063126715,0.000870115064652032,True,,E3_pass,47.691070068545315,96.35787753532635,206.03827751196172,0.6240791968030935,1.0,0,0.009844805984617788,videos/behavior/eval_50007_high__short__u10.mp4,2d0b3dc145cb57cfef7d193d0d5c400b976277766b949f2f7588144e27b09695
free_fall,3407,100000,Short,eval_50008,eval_50008_high,17050008,0.2,198,60,85,high,0.05471699164799937,0.04812255932394241,0.04198120205189929,0.005460018223592123,True,,E3_fail,158.54119402985074,58.73855670103093,69.96915024630542,-0.3876062769241863,1.0,0,0.01567655706126858,videos/behavior/eval_50008_high__short__u02.mp4,215a77283ca0a1403197c2bbb3331323a92db19b45208cb40cb197ce1850dd09
free_fall,3407,100000,Short,eval_50008,eval_50008_high,17050008,0.5,142,77,142,high,0.05471699164799937,0.05564089672414372,0.05033270651046994,0.005997087083162234,True,,E3_pass,106.16890406890407,81.7259012539185,120.07653061224491,0.061471412950015986,1.0,0,0.014457277837752969,videos/behavior/eval_50008_high__short__u05.mp4,6aaf8fa1c077ba3ae9cf5ade31438fb938475fbc563c9d167d3039245e42a32e
free_fall,3407,100000,Short,eval_50008,eval_50008_high,17050008,0.8,85,94,198,high,0.05471699164799937,0.05633305922538756,0.05560450730845096,0.001538526964347138,True,,E3_pass,63.49861559760037,92.79979499487487,186.48273309681207,0.4919731737648639,1.0,0,0.012492973292356213,videos/behavior/eval_50008_high__short__u08.mp4,75402a5a03d165e4bb86607c9cc635bf779888146651111a90b0732febe15ec3
free_fall,3407,100000,Short,eval_50009,eval_50009_high,17050009,0.0,235,48,48,high,0.06292371888632753,0.04246383102195235,0.03860762234026246,0.007081921305762616,True,,E3_fail,170.22885572139302,49.54372569812655,53.54646341463415,-0.5214265485454639,1.0,0,0.014043619934505092,videos/behavior/eval_50009_high__short__u00.mp4,38bbdf234d33f3a5f9e34edf89b792a0e114ed49bc4c52d5cb0df9a992b51a06
free_fall,3407,100000,Short,eval_50009,eval_50009_high,17050009,0.3,179,65,104,high,0.06292371888632753,0.05913796224994,0.047664922968481245,0.005312018586645031,True,,E3_fail,136.70317711328352,66.81779273664091,83.87356990498351,-0.2395066928968931,1.0,0,0.020865798569214,videos/behavior/eval_50009_high__short__u03.mp4,9851e585a10ce7427a83533f7cea874d411b57a7c2dc6776610299c748a33966
free_fall,3407,100000,Short,eval_50009,eval_50009_high,17050009,0.6,123,83,160,high,0.06292371888632753,0.05680440250136485,0.06030864476049247,0.004422001534195863,True,,E3_fail,84.60441385140234,87.45823679676826,149.1078792341679,0.27599517565448867,1.0,0,0.011855970870883858,videos/behavior/eval_50009_high__short__u06.mp4,e45b37ae9bfefca47cffad5b04b38f51c3a6e7756240dbe4a84630d38f5f3dbe
free_fall,3407,100000,Short,eval_50009,eval_50009_high,17050009,0.9,67,100,216,high,0.06292371888632753,0.0629887986600411,0.06394792729869468,0.0011578674334267475,True,,E3_pass,54.940532486084436,96.18740854550776,201.66181624437604,0.5717846484422073,1.0,0,0.011892839610859407,videos/behavior/eval_50009_high__short__u09.mp4,ab5747506e088cba824d99107a1b5e8143fb81bf9e42097412c681b70d181641
free_fall,3407,100000,Short,eval_50010,eval_50010_high,17050010,0.1,216,54,67,high,0.04978673499321216,0.04059841152812365,0.039397379817394995,0.005822164611986259,True,,E3_fail,175.00568722634682,55.31800899134344,61.84,-0.47780345317496553,1.0,0,0.01256502534213988,videos/behavior/eval_50010_high__short__u01.mp4,b94fbfe10a13b64604f73cc6315253888878ecde245d0e5a4ae594ea5b0e8fb5
free_fall,3407,100000,Short,eval_50010,eval_50010_high,17050010,0.4,160,71,123,high,0.04978673499321216,0.05303554384387026,0.04532363728147997,0.006554674918406856,True,,E3_fail,128.4456827648317,76.9320072585148,100.39652830829301,-0.12256984550623697,1.0,0,0.010268385113370027,videos/behavior/eval_50010_high__short__u04.mp4,533e2ae91861ffbcb2024da56ba1215a16a8f185eb191191c829622945706b1e
free_fall,3407,100000,Short,eval_50010,eval_50010_high,17050010,0.7,104,89,179,high,0.04978673499321216,0.051516372172479716,0.04932714188841544,0.0026628456739246384,True,,E3_pass,76.7843246100978,90.25216090425532,165.8809286347518,0.36715847379581384,1.0,0,0.009011435936865708,videos/behavior/eval_50010_high__short__u07.mp4,94c2641f0436101f8538b851a5420ae4ce6e5b5d7cfae0d0dcafb1949bf43329
free_fall,3407,100000,Short,eval_50010,eval_50010_high,17050010,1.0,48,106,235,high,0.04978673499321216,0.05128071907197978,0.0510076302158314,0.00047155245592430544,True,,E3_pass,49.49271844660194,96.9954361761427,206.10972301541977,0.6127367315937313,1.0,0,0.008824853831070123,videos/behavior/eval_50010_high__short__u10.mp4,7a229e674e8157ac97385e7879843175dd6ee31ed2350ccb19e750d1f46203b5
free_fall,3407,100000,Short,eval_50011,eval_50011_high,17050011,0.2,198,60,85,high,0.05559903293318277,0.049645220857704314,0.0424829167290946,0.005195700808856628,True,,E3_fail,160.16716891356066,59.308012836459525,69.07766331658291,-0.3973459497901821,1.0,0,0.01751276065366203,videos/behavior/eval_50011_high__short__u02.mp4,4e52472b86c31065c4cce4cd8d7219901acc33a5b127014075ffa2c0dc81b4df
free_fall,3407,100000,Short,eval_50011,eval_50011_high,17050011,0.5,142,77,142,high,0.05559903293318277,0.05595806997805077,0.050744270415782666,0.00567350746052413,True,,E3_pass,108.66292028413577,82.8784192977681,121.15812646370023,0.05436928582643863,1.0,0,0.015063580414517164,videos/behavior/eval_50011_high__short__u05.mp4,58f75c49348b0a37fe1e4c36830e1921808e99128bf9d743f0ef1df16fb8aec7
free_fall,3407,100000,Short,eval_50011,eval_50011_high,17050011,0.8,85,94,198,high,0.05559903293318277,0.056583575336276073,0.05622682701201242,0.0016364655678040513,True,,E3_pass,64.32234069560803,94.3480245807832,188.43653465346534,0.4910379261121832,1.0,0,0.01212870196262772,videos/behavior/eval_50011_high__short__u08.mp4,6b4ad8f663bbb804fc4605cc56359c9a76514032bd9e49a7bbfd31765a8ec678
free_fall,3407,100000,Short,eval_50012,eval_50012_high,17050012,0.0,235,48,48,high,0.05452538276428,0.03982767596662642,0.038625809495070974,0.0064595133971020865,True,,E3_fail,175.88687209793162,50.8103093027662,53.86757200145826,-0.531085701409494,1.0,0,0.013985248852481647,videos/behavior/eval_50012_high__short__u00.mp4,58ab4476f1ecbf4b1aea32aa569d0dae16f9a5c1f0c6f981395d81eecd37b87e
free_fall,3407,100000,Short,eval_50012,eval_50012_high,17050012,0.3,179,65,104,high,0.05452538276428,0.054052672599627566,0.04487393986148314,0.0052039974444716645,True,,E3_pass,144.39120499535008,66.71733339910224,83.59534939630302,-0.2666642151826503,1.0,0,0.01832324150970488,videos/behavior/eval_50012_high__short__u03.mp4,82bc85596fef1d14da90dee846b97ab0530d304686a0ae1aaa9aa33e7423f031
free_fall,3407,100000,Short,eval_50012,eval_50012_high,17050012,0.6,123,83,160,high,0.05452538276428,0.053744414825833316,0.05290418042124693,0.004606558740787655,True,,E3_pass,89.61600496277916,84.37464812054975,142.66533200841712,0.22838394051527286,1.0,0,0.010138036869102751,videos/behavior/eval_50012_high__short__u06.mp4,daa4a389c79ae7a9d977609085af03d24fcf0437eaed91bf431c8a9e0685b055
free_fall,3407,100000,Short,eval_50012,eval_50012_high,17050012,0.9,67,100,216,high,0.05452538276428,0.056324385658557276,0.05550375606798906,0.0007363795396807411,True,,E3_pass,55.55890904721855,95.60749387211158,199.04149115918233,0.5635599236907874,1.0,0,0.009742606157760902,videos/behavior/eval_50012_high__short__u09.mp4,552e37f0bb5c77717063ddeb299c87049cd1d99bb693d4a85a88e7ee409a4345
free_fall,3407,100000,Short,eval_50013,eval_50013_high,17050013,0.1,216,54,67,high,0.05941431759849394,0.04467742495874136,0.040607573008281085,0.006336373356203434,True,,E3_fail,164.065,53.99543343653251,60.959074973031285,-0.458199528380798,1.0,0,0.018565398477662143,videos/behavior/eval_50013_high__short__u01.mp4,240365bab49da0a1184682d21923ae88cde7f00d9bac9b37c4f2738326916024
free_fall,3407,100000,Short,eval_50013,eval_50013_high,17050013,0.4,160,71,123,high,0.05941431759849394,0.05896726019259143,0.05031129753157739,0.00550572033247587,True,,E3_pass,120.1286020894486,76.95673952641167,102.85782587578169,-0.07745214079289091,1.0,0,0.017851878453926995,videos/behavior/eval_50013_high__short__u04.mp4,515dac81e3962186afeed2a376fc20247d1ac5f79824b7bbd366d6cf4cd222dc
free_fall,3407,100000,Short,eval_50013,eval_50013_high,17050013,0.7,104,89,179,high,0.05941431759849394,0.05754007082637362,0.059450907855683986,0.0023542482407094027,True,,E3_pass,73.19435106089833,90.16719389146441,172.08070837982433,0.40316515484455184,1.0,0,0.009683088657469807,videos/behavior/eval_50013_high__short__u07.mp4,46ae52add1908227eec52a10cb879368ba2276afa013a5da75849447a320fe98
free_fall,3407,100000,Short,eval_50013,eval_50013_high,17050013,1.0,48,106,235,high,0.05941431759849394,0.06097197040421671,0.06044214815815566,0.0006802385653965434,True,,E3_pass,48.409675771088814,96.43560339571314,205.83934486566065,0.6191947906044998,1.0,0,0.010242387915947004,videos/behavior/eval_50013_high__short__u10.mp4,0f1e40ed2a37a196999a5d3137f88b4ac2e2435b58a6bec877ac996fade6ee78
free_fall,3407,100000,Short,eval_50014,eval_50014_high,17050014,0.2,198,60,85,high,0.06461412859500178,0.054202123665517146,0.04408209419226866,0.005589877786937855,True,,E3_fail,149.36202065940284,58.81047847679085,69.6119832548404,-0.36419865362554443,1.0,0,0.023410514592036025,videos/behavior/eval_50014_high__short__u02.mp4,cd5f8e61ed55050c666a9f55cffca6509d35f42fddd48ff14c7c5e7c2b394fe1
free_fall,3407,100000,Short,eval_50014,eval_50014_high,17050014,0.5,142,77,142,high,0.06461412859500178,0.055669673265445536,0.05765504847179328,0.005390034957445261,True,,E3_fail,96.38983892321271,80.80926956434551,123.69326449898861,0.12405961725920253,1.0,0,0.015630621929834443,videos/behavior/eval_50014_high__short__u05.mp4,929e69a415f2006439072165855f6accefa94a104b8b9a255d78f62e6edf68fa
free_fall,3407,100000,Short,eval_50014,eval_50014_high,17050014,0.8,85,94,198,high,0.06461412859500178,0.06229314452103286,0.06509552443139328,0.0019882990640790804,True,,E3_fail,64.06072839927793,94.32741992792243,190.62103233830845,0.4969350909641015,1.0,0,0.012556088440746294,videos/behavior/eval_50014_high__short__u08.mp4,f3aa55ec81cca0fd7953aaed9c0ec0d0179189435ac4e8b0f283a5a183826ba3
free_fall,3407,100000,Short,eval_50015,eval_50015_high,17050015,0.0,235,48,48,high,0.06669411667584542,0.04443235165777616,0.038161050288718315,0.006108123147828398,True,,E3_fail,164.4401354679803,50.23441142191142,53.139481786418514,-0.5115398909422022,1.0,0,0.015598050243719519,videos/behavior/eval_50015_high__short__u00.mp4,587320b63f7cad3b8b6d51fba8628e00eddfbf880f15c5bb3052787ff6324084
free_fall,3407,100000,Short,eval_50015,eval_50015_high,17050015,0.3,179,65,104,high,0.06669411667584542,0.06148654558809318,0.04811419929215105,0.004318227878637965,True,,E3_fail,131.26927562922037,67.98307291666666,85.01081081081082,-0.21388221902359744,1.0,0,0.019354954212411846,videos/behavior/eval_50015_high__short__u03.mp4,6c82559b6e8251bce3c26acc1a756a9ce00fc9dec93be9a67067ab91bee313b9
free_fall,3407,100000,Short,eval_50015,eval_50015_high,17050015,0.6,123,83,160,high,0.06669411667584542,0.058949603585534194,0.0630618766285018,0.004499400884320373,True,,E3_fail,85.81632044258828,88.25732600732601,150.70569391052425,0.274348134762035,1.0,0,0.014125041122341475,videos/behavior/eval_50015_high__short__u06.mp4,7158075cc19a2e854f6daca1838ac6acc81ab4cba98ed1b8807413e11f2ec5d9
free_fall,3407,100000,Short,eval_50015,eval_50015_high,17050015,0.9,67,100,216,high,0.06669411667584542,0.06509945057600984,0.06700966859094745,0.001684461761602653,True,,E3_pass,55.605769230769226,96.80089548721574,201.5698681293033,0.5675658098755624,1.0,0,0.010666770102013001,videos/behavior/eval_50015_high__short__u09.mp4,dd837f1619f05414030c919e9d54f80f4f9df2b0c030f64b2784b5d01af89eb3
free_fall,3407,100000,Short,eval_50016,eval_50016_high,17050016,0.1,216,54,67,high,0.06640241906099656,0.04967180599114603,0.041311682832750496,0.00586752036130227,True,,E3_fail,157.00785340314138,53.755468477882275,60.65756180037313,-0.4426531955601742,1.0,0,0.021226322669495645,videos/behavior/eval_50016_high__short__u01.mp4,3a06edab446c135658a5d37ec8c5bcc41039d53574b67965a848b6bec4788839
free_fall,3407,100000,Short,eval_50016,eval_50016_high,17050016,0.4,160,71,123,high,0.06640241906099656,0.06115910803928107,0.05353839195474164,0.004815958330799481,True,,E3_fail,110.20862948788044,73.02961651196873,101.32926829268293,-0.04197527387933291,1.0,0,0.019607604752764685,videos/behavior/eval_50016_high__short__u04.mp4,f25e3e5d66c8a79bb8b00f22f266e46f64ef1a538e32793760a1af2c3dfe11d0
free_fall,3407,100000,Short,eval_50016,eval_50016_high,17050016,0.7,104,89,179,high,0.06640241906099656,0.0611805319561807,0.06525915521522102,0.003538008123791164,True,,E3_fail,71.67005076142132,90.1405558043489,172.89311951754385,0.4138933455951699,1.0,0,0.013028321382785646,videos/behavior/eval_50016_high__short__u07.mp4,cd40c3d865ba108c104bd5b947a7e2b6637124a7a46eac0650246625760ffc54
free_fall,3407,100000,Short,eval_50016,eval_50016_high,17050016,1.0,48,106,235,high,0.06640241906099656,0.06555114233426212,0.06675410631847228,0.00168377522429449,True,,E3_pass,47.66423158891783,95.7840909090909,203.45236823361824,0.6203816743090468,1.0,0,0.01143616874934672,videos/behavior/eval_50016_high__short__u10.mp4,6c467de1971c6ad1f7258a79d6ca40bdc01e7697e9b2b717a94130658ea674c2
free_fall,3407,100000,Short,eval_50017,eval_50017_high,17050017,0.2,198,60,85,high,0.049586233301447014,0.04449692481547095,0.041116707665425564,0.0056753851649389625,True,,E3_fail,162.87046939988116,58.70376275510204,69.62399362295736,-0.40106966232466174,1.0,0,0.013258693698391166,videos/behavior/eval_50017_high__short__u02.mp4,7c674a7ff36076e9b6796305a88be38af67199231f7e96d3d39404a2a1a4b258
free_fall,3407,100000,Short,eval_50017,eval_50017_high,17050017,0.5,142,77,142,high,0.049586233301447014,0.05403410727913176,0.04651766831811624,0.005961891258227892,True,,E3_fail,110.21215088282504,82.83864168618267,118.60588940249957,0.03668302774207803,1.0,0,0.01738655242149889,videos/behavior/eval_50017_high__short__u05.mp4,632e4d49fb02417cf70bc4eed5b58be62aae921484894ffe9707aaa28b5aab40
free_fall,3407,100000,Short,eval_50017,eval_50017_high,17050017,0.8,85,94,198,high,0.049586233301447014,0.05185478182132848,0.050058518863613746,0.0012438556977800227,True,,E3_fail,64.53282828282829,92.73240581014525,185.75290632265808,0.4843267565005365,1.0,0,0.00904985407607628,videos/behavior/eval_50017_high__short__u08.mp4,c458b406de59ad5e0d5379b11bc69cd2f22a7922e47675a50865120b867afbad
free_fall,3407,100000,Short,eval_50018,eval_50018_high,17050018,0.0,235,48,48,high,0.052997093215728305,0.040555702699820485,0.03831810891710405,0.005790392321059739,True,,E3_fail,178.19026032007693,50.58619281045752,53.74814940194087,-0.5365308448362716,1.0,0,0.011030012988648474,videos/behavior/eval_50018_high__short__u00.mp4,656491ec1016db20b53edf44acbc9856de2ff895306f7f3743f2f09cff9a3cca
free_fall,3407,100000,Short,eval_50018,eval_50018_high,17050018,0.3,179,65,104,high,0.052997093215728305,0.05309692454791467,0.044387213599592905,0.00504017880565024,True,,E3_pass,143.93081299075905,66.57615779071631,83.24956374894455,-0.2671060331559401,1.0,0,0.014036111559495135,videos/behavior/eval_50018_high__short__u03.mp4,df43faf2f30346cd344b84958bdf64c4d200cc6f11fb6c3a79dd34a2b93b6dff
free_fall,3407,100000,Short,eval_50018,eval_50018_high,17050018,0.6,123,83,160,high,0.052997093215728305,0.05261284348280789,0.05113997990071872,0.004702927493806494,True,,E3_pass,88.56613756613757,85.03343343343343,141.65986816824807,0.23061569622749356,1.0,0,0.01205727996871675,videos/behavior/eval_50018_high__short__u06.mp4,0744c76febfb34f72f15d17e6a87e7181d9253c912f7818151203749c9005ac6
free_fall,3407,100000,Short,eval_50018,eval_50018_high,17050018,0.9,67,100,216,high,0.052997093215728305,0.05437895364759762,0.05383973396634217,0.0007453908354551792,True,,E3_pass,54.78953753400485,94.95874867444327,199.22875023795928,0.5686173777913935,1.0,0,0.009103754062881442,videos/behavior/eval_50018_high__short__u09.mp4,b34f09e6cdac4209f6bf088757b915fb5a065cd0ff404e5dfd8e1f149c5e0505
free_fall,3407,100000,Short,eval_50019,eval_50019_high,17050019,0.1,216,54,67,high,0.06204873469422123,0.04706797185279634,0.04128538986986578,0.006050393249653935,True,,E3_fail,159.1219588039206,54.05154763049121,61.044365182556135,-0.4454704599936375,1.0,0,0.018827531012404863,videos/behavior/eval_50019_high__short__u01.mp4,3a56a6fd4af4c92de23e21f239713d63484de3301b40754ecb42fe44cf003452
free_fall,3407,100000,Short,eval_50019,eval_50019_high,17050019,0.4,160,71,123,high,0.06204873469422123,0.06019251262416138,0.051767691153434846,0.005426523531717315,True,,E3_pass,112.36491436944775,75.82646198830409,101.85240533829919,-0.04907403867012501,1.0,0,0.01868058959304908,videos/behavior/eval_50019_high__short__u04.mp4,e8a7a3be8ffaa85f641f6a3c28bbaa9af858abc59ced74a843ede07c0d17412d
free_fall,3407,100000,Short,eval_50019,eval_50019_high,17050019,0.7,104,89,179,high,0.06204873469422123,0.05912184977049152,0.06175740371211059,0.00288879586561731,True,,E3_fail,72.64583333333334,90.21670673076923,171.2833554964539,0.40436949196739636,1.0,0,0.012328161950053262,videos/behavior/eval_50019_high__short__u07.mp4,e8889390d3e286bd1f47be749a9cd7058ea41cbcb1bf434708173139c04276aa
free_fall,3407,100000,Short,eval_50019,eval_50019_high,17050019,1.0,48,106,235,high,0.06204873469422123,0.06362350159599267,0.06304343514008746,0.0008348303430594306,True,,E3_pass,48.64404812157028,96.59755899293943,204.42627126790347,0.6155689198249465,1.0,0,0.01059111380281974,videos/behavior/eval_50019_high__short__u10.mp4,c752960ac237f7efd888e8bf7f45846d96fba6f61a1e18f4332f4d756329b61e
free_fall,3407,100000,Short,eval_50020,eval_50020_high,17050020,0.2,198,60,85,high,0.058127420481205824,0.05048077193745211,0.04303526133226717,0.005622220882203362,True,,E3_fail,157.26416666666665,58.91783505154639,69.69325757575757,-0.38584729881922686,1.0,0,0.018560333708207644,videos/behavior/eval_50020_high__short__u02.mp4,a3f04d9d77c60dbb867b3506d472daf1ea43be6c934354e8c6ea99de480e51ea
free_fall,3407,100000,Short,eval_50020,eval_50020_high,17050020,0.5,142,77,142,high,0.058127420481205824,0.05560198733001399,0.0528239123400313,0.005909640960776875,True,,E3_fail,105.6840782122905,81.98285033015406,121.59385878024622,0.07000142987252692,1.0,0,0.01393570720506565,videos/behavior/eval_50020_high__short__u05.mp4,b6650e1b09cd68d17a8673bab9f6dfb348d23180dad0ef1178594464fc10e632
free_fall,3407,100000,Short,eval_50020,eval_50020_high,17050020,0.8,85,94,198,high,0.058127420481205824,0.05821045273121259,0.05887258981873595,0.0016492383003032629,True,,E3_pass,63.4479207920792,94.04211538461539,188.8440190078121,0.49702776202518395,1.0,0,0.010791545793617963,videos/behavior/eval_50020_high__short__u08.mp4,2991cb1dbfcac2527d52f354cc3e3cebb665cb43abdc4e661624db8232701ae3
free_fall,3407,100000,Short,eval_50021,eval_50021_high,17050021,0.0,235,48,48,high,0.05443292206690774,0.04115757519601892,0.038616169303886456,0.00622089927514378,True,,E3_fail,175.14617078715543,50.793470845899755,53.75551138857728,-0.5303179000029516,1.0,0,0.013715127559820295,videos/behavior/eval_50021_high__short__u00.mp4,6fd23ede639a686b3894af5743028237e424a48505009735af5bd7c3d0413c58
free_fall,3407,100000,Short,eval_50021,eval_50021_high,17050021,0.3,179,65,104,high,0.05443292206690774,0.05492534166521447,0.04495583349156213,0.005022899775058196,True,,E3_pass,142.9346926713948,67.31355572532044,82.38809444629199,-0.268710497502762,1.0,0,0.017587645294338317,videos/behavior/eval_50021_high__short__u03.mp4,d5a5c3fb8728219b8d627e66f64a080ec6d2706f30319ff0430a1dc7374a1754
free_fall,3407,100000,Short,eval_50021,eval_50021_high,17050021,0.6,123,83,160,high,0.05443292206690774,0.05449907143932731,0.052886967904337924,0.004746845696771346,True,,E3_pass,87.65489130434783,85.49166666666667,142.40250455373405,0.23797371540777923,1.0,0,0.01130310656248057,videos/behavior/eval_50021_high__short__u06.mp4,e3198e366349bb0c95fc13421e62a9e0edb8366de685e11818f85ba2a99a013c
free_fall,3407,100000,Short,eval_50021,eval_50021_high,17050021,0.9,67,100,216,high,0.05443292206690774,0.05646441874246832,0.05544962745744633,0.0008390276027820733,True,,E3_fail,55.12162130316955,94.60882352941177,198.2502297631672,0.564895460397942,1.0,0,0.01106325712797751,videos/behavior/eval_50021_high__short__u09.mp4,e6c8357da0846a883db1f6b7d165bbb60ddd5c856563d873085a8d423e4ed0f7
free_fall,3407,100000,Short,eval_50022,eval_50022_high,17050022,0.1,216,54,67,high,0.058146214477300395,0.04577426483502943,0.04119312110758615,0.006174158326784424,True,,E3_fail,166.11732587064677,54.57669902912622,61.63170792079208,-0.4587752413717677,1.0,0,0.018589167950644803,videos/behavior/eval_50022_high__short__u01.mp4,88c1a855d71bf84df5276af0ef57b3047304d00d5571c48b0f636f5e4b135d71
free_fall,3407,100000,Short,eval_50022,eval_50022_high,17050022,0.4,160,71,123,high,0.058146214477300395,0.05692297482312892,0.049552050789246606,0.005516969351360576,True,,E3_pass,124.61049723756906,75.33973715051063,102.33725154626794,-0.0981426156930767,1.0,0,0.018891492258791942,videos/behavior/eval_50022_high__short__u04.mp4,0d9be39586cc3fdec49729b1fd33858a966e90ff846574b43e624a5d1ba73ad5
free_fall,3407,100000,Short,eval_50022,eval_50022_high,17050022,0.7,104,89,179,high,0.058146214477300395,0.05613762534286113,0.05825778265875099,0.002692988348858035,True,,E3_fail,74.12667281956622,90.73262593283582,171.3394505316565,0.3960333767645564,1.0,0,0.011338200974412627,videos/behavior/eval_50022_high__short__u07.mp4,a0412af3469e5ba5b3a13c6ce22061118998f393d4d326e5f1ea45585ed7aab7
free_fall,3407,100000,Short,eval_50022,eval_50022_high,17050022,1.0,48,106,235,high,0.058146214477300395,0.05948205140034118,0.059342321101882825,0.0005533995425215036,True,,E3_pass,48.87081339712918,97.48291504654176,206.5062247410229,0.6172654068398138,1.0,0,0.010188396464788974,videos/behavior/eval_50022_high__short__u10.mp4,b3e4bfa13160017433939869e202a88aa12e3fa6c94e5675b4db78be554c03cb
free_fall,3407,100000,Short,eval_50023,eval_50023_high,17050023,0.2,198,60,85,high,0.057670019295714914,0.05046237725788854,0.0430019755910236,0.0059755781548290745,True,,E3_fail,156.02811173974538,59.17934343434344,69.98779556650246,-0.38068256875680584,1.0,0,0.020005121311055696,videos/behavior/eval_50023_high__short__u02.mp4,14efda2d53f2e8bdd791c575a1566829966e69db335a8e5b9fd44d549baba321
free_fall,3407,100000,Short,eval_50023,eval_50023_high,17050023,0.5,142,77,142,high,0.057670019295714914,0.05666509717576383,0.05292186599618386,0.0056516943126793725,True,,E3_pass,105.13414950964474,83.2691817022052,122.43984518876611,0.07604425849295926,1.0,0,0.01696390990565555,videos/behavior/eval_50023_high__short__u05.mp4,1db3337123b8a63806bcb2054d1d5e7308f5ca132649502ffa8a221b1da494bd
free_fall,3407,100000,Short,eval_50023,eval_50023_high,17050023,0.8,85,94,198,high,0.057670019295714914,0.05795288337290134,0.05853588099805355,0.0015520948317031937,True,,E3_pass,63.97979797979798,93.55416743378659,188.55445316105215,0.493298056079421,1.0,0,0.011145852062318884,videos/behavior/eval_50023_high__short__u08.mp4,5dd8c82d724149ad5d6f20287404c034ca50174c2c2d8547654e4002a8f02b52
free_fall,3407,100000,Short,eval_50024,eval_50024_high,17050024,0.0,235,48,48,high,0.047389165559386034,0.03977701323559324,0.037485364778868824,0.005567084960438585,True,,E3_fail,184.13447975819747,50.886759581881535,53.30890362301681,-0.5509758759002361,1.0,0,0.01024122608316036,videos/behavior/eval_50024_high__short__u00.mp4,d7d7ea4132f2131e50d838afb617d53053557bd63e1b99c54e75e3312d686c12
free_fall,3407,100000,Short,eval_50024,eval_50024_high,17050024,0.3,179,65,104,high,0.047389165559386034,0.049147620412937604,0.04306962933152861,0.006057390168498854,True,,E3_pass,146.43627763605443,65.68181220237312,81.83143187830689,-0.2830222719419835,1.0,0,0.01063913457735588,videos/behavior/eval_50024_high__short__u03.mp4,6d3456248cc4d9b2c11ebd8300fdc3b6abfbcc99b5e49e48f18ab06147fb983e
free_fall,3407,100000,Short,eval_50024,eval_50024_high,17050024,0.6,123,83,160,high,0.047389165559386034,0.05050781284457781,0.04581661871851359,0.004850545798930014,True,,E3_fail,93.09882449425916,86.70501010341138,140.79180835559873,0.20391147469319587,1.0,0,0.010929499111451468,videos/behavior/eval_50024_high__short__u06.mp4,b0936563622b4cade9913f9c53ddc378c29fab785f6274d3c9cb0eb84b1a01ce
free_fall,3407,100000,Short,eval_50024,eval_50024_high,17050024,0.9,67,100,216,high,0.047389165559386034,0.049148519696192196,0.04823093551288927,0.0008591563729900471,True,,E3_pass,55.27841095633413,94.58525581622202,197.82556145858487,0.563196022338873,1.0,0,0.010162199513024994,videos/behavior/eval_50024_high__short__u09.mp4,59b27084e779308cad8676b61c00205cbb1280243deb50747a83e206fee41953
free_fall,3407,100000,Short,eval_50025,eval_50025_high,17050025,0.1,216,54,67,high,0.06132079847974285,0.046045667836927776,0.04110102036215377,0.006516104591375955,True,,E3_fail,162.47598484848484,54.68605256926356,61.110243902439024,-0.45336307836278816,1.0,0,0.019998719672236098,videos/behavior/eval_50025_high__short__u01.mp4,9fbefb55420907b4178709fb0244097846d6083445cf70ea1af4a513e6527c91
free_fall,3407,100000,Short,eval_50025,eval_50025_high,17050025,0.4,160,71,123,high,0.06132079847974285,0.05888947521912772,0.05108854646966747,0.0057634408642296695,True,,E3_fail,117.20138888888889,74.86575066340069,102.55900182910895,-0.06662887252766744,1.0,0,0.019922891969140988,videos/behavior/eval_50025_high__short__u04.mp4,05009455edc9540073c7a332355d551e8743303205fd26cfe57fb5155f18a7a6
free_fall,3407,100000,Short,eval_50025,eval_50025_high,17050025,0.7,104,89,179,high,0.06132079847974285,0.058468258623134615,0.061043089721454606,0.002851471049265605,True,,E3_fail,72.66493955094992,90.33510638297872,172.93557478564622,0.4082672037782247,1.0,0,0.012047753612679957,videos/behavior/eval_50025_high__short__u07.mp4,933c94d7734b9ad7fa55b88ca6a2ec9d4ba9c2f105e326e6ba11975c8ae84616
free_fall,3407,100000,Short,eval_50025,eval_50025_high,17050025,1.0,48,106,235,high,0.06132079847974285,0.062521860992633,0.06220803340418785,0.0009210659037456109,True,,E3_pass,48.198564593301434,96.61904761904762,206.2674664374971,0.6211787923279382,1.0,0,0.010238786721245896,videos/behavior/eval_50025_high__short__u10.mp4,3829bb65205096ec724884402c57c563c9ff0980add33a77a215ebf4db195108
free_fall,3407,100000,Short,eval_50026,eval_50026_high,17050026,0.2,198,60,85,high,0.06295533431455241,0.054525908673444326,0.043929425324269085,0.005141961110223436,True,,E3_fail,150.52626329787233,60.015,70.25081134840872,-0.36360411097065637,1.0,0,0.02386926908861664,videos/behavior/eval_50026_high__short__u02.mp4,031c970e3e6e1797dd8376b60c5032aa2c67c09b2027c603acc7f23bee64cee3
free_fall,3407,100000,Short,eval_50026,eval_50026_high,17050026,0.5,142,77,142,high,0.06295533431455241,0.05471618999384722,0.056810267033489736,0.005327608464373321,True,,E3_fail,96.18783753375337,82.00960735171262,123.65246449456976,0.12492990005662319,1.0,0,0.016402673657300193,videos/behavior/eval_50026_high__short__u05.mp4,4fd0a4b37da6bcfd2a506e3bcce11ac5e96f14ddfee762cc876a449967bd45b5
free_fall,3407,100000,Short,eval_50026,eval_50026_high,17050026,0.8,85,94,198,high,0.06295533431455241,0.060444913486143795,0.06347870002122215,0.0021911752523720305,True,,E3_fail,63.169324344494754,94.29104056869714,190.9925,0.5029204365571884,1.0,0,0.010574597452277623,videos/behavior/eval_50026_high__short__u08.mp4,51bd8a6ea0808e684cff6de7d37efb98ddc7bd6eb2ddb8040539712e7000320e
free_fall,3407,100000,Short,eval_50027,eval_50027_high,17050027,0.0,235,48,48,high,0.04670501626689866,0.03987654532705872,0.03697837896875795,0.005551199120969405,True,,E3_fail,184.6247771836007,50.327370904957114,52.81036874349786,-0.5551596328564358,1.0,0,0.0124496666892151,videos/behavior/eval_50027_high__short__u00.mp4,51ba5e0ce15365a1596918c6aa07de96f691d93570f06d0f79434b4e14b816e0
free_fall,3407,100000,Short,eval_50027,eval_50027_high,17050027,0.3,179,65,104,high,0.04670501626689866,0.049477655395607514,0.04278048131388439,0.006277051925155061,True,,E3_fail,146.2929292929293,65.68332032266458,80.69499881206937,-0.2889930360107774,1.0,0,0.01284044657461303,videos/behavior/eval_50027_high__short__u03.mp4,8e62176051aef58f120ed20d041069634934b400695d2589910f5263e6fa9a41
free_fall,3407,100000,Short,eval_50027,eval_50027_high,17050027,0.6,123,83,160,high,0.04670501626689866,0.050287044311891224,0.04544153118314946,0.005298085737778016,True,,E3_fail,94.90934065934066,86.07588824779836,140.4012773837173,0.19332717368517627,1.0,0,0.012024932018073975,videos/behavior/eval_50027_high__short__u06.mp4,ef90b2a4d2882b28ba1f675dee1978a4f813369ab18e9aea624bedbb9af4da26
free_fall,3407,100000,Short,eval_50027,eval_50027_high,17050027,0.9,67,100,216,high,0.04670501626689866,0.0483275697690028,0.04752625875161903,0.0007105140862425016,True,,E3_pass,56.04230392156863,94.71558332332091,198.35151646865643,0.5594051472193519,1.0,0,0.008184321787362836,videos/behavior/eval_50027_high__short__u09.mp4,c1ff3cb2e51c35437835d523c8045525955f797140c4a27cfdb7034678d5401c
free_fall,3407,100000,Short,eval_50028,eval_50028_high,17050028,0.1,216,54,67,high,0.05443996001683907,0.04327578830474831,0.0402707191558144,0.0062027425147257184,True,,E3_fail,167.6828794695714,54.66460144927537,61.928201970443354,-0.4605817665065773,1.0,0,0.017048794826572622,videos/behavior/eval_50028_high__short__u01.mp4,96f8d2837c8802b42543eef292a97979c7dee394fa04ef1799ac97685821b561
free_fall,3407,100000,Short,eval_50028,eval_50028_high,17050028,0.4,160,71,123,high,0.05443996001683907,0.055604593948329936,0.04758246415225681,0.006170566858590963,True,,E3_pass,124.76370383356709,76.37391798145988,101.43769841269841,-0.10312051644787575,1.0,0,0.017286866549370616,videos/behavior/eval_50028_high__short__u04.mp4,1bdf82df3b6850bef15d36c303e6e9bf231a261b999066fe951964b9ad951602
free_fall,3407,100000,Short,eval_50028,eval_50028_high,17050028,0.7,104,89,179,high,0.05443996001683907,0.05509886348460817,0.05456001019368653,0.0027063374052168805,True,,E3_pass,73.3419961734694,89.07928527227722,166.96822916666667,0.3896056976380341,1.0,0,0.011461104045780046,videos/behavior/eval_50028_high__short__u07.mp4,c7cf6ab4b7eab044634fe3ce0cb7363ac7dd8145fd9f426671e1088c0f4da210
free_fall,3407,100000,Short,eval_50028,eval_50028_high,17050028,1.0,48,106,235,high,0.05443996001683907,0.05643471956248023,0.05555909832909613,0.000754128851986823,True,,E3_pass,48.201965427421264,96.0409815124489,204.43696044481294,0.6184122042080047,1.0,0,0.010077307242462141,videos/behavior/eval_50028_high__short__u10.mp4,def8d619719c61249a9f41c3d5bf931c516e37d75e1ae2bab6b0b0427b747e57
free_fall,3407,100000,Short,eval_50029,eval_50029_high,17050029,0.2,198,60,85,high,0.056681276865603994,0.04907518564559357,0.042611315796027,0.005781812175988701,True,,E3_fail,157.35935993096797,58.74115713098028,69.6588347141111,-0.3863149619085279,1.0,0,0.019484935250862256,videos/behavior/eval_50029_high__short__u02.mp4,4d3a2c2c0d3614c0ab3ffb22ed83e36ea6fc7522ba24da7e2f3f2bc712bfbe55
free_fall,3407,100000,Short,eval_50029,eval_50029_high,17050029,0.5,142,77,142,high,0.056681276865603994,0.05559718536514152,0.05199189580941361,0.005703921632937689,True,,E3_pass,105.54539797219356,82.65070145369137,119.89872674160158,0.06366690100098965,1.0,0,0.01345228265904097,videos/behavior/eval_50029_high__short__u05.mp4,3bf82ee566e08e63a0bd7a2f11fb1392b85647ee71001809e90cabe50035f2c8
free_fall,3407,100000,Short,eval_50029,eval_50029_high,17050029,0.8,85,94,198,high,0.056681276865603994,0.05707701838169868,0.05737968073194866,0.0017349396977169387,True,,E3_pass,63.77758193954849,93.565,187.6112452443664,0.49259811858790875,1.0,0,0.012009279718109944,videos/behavior/eval_50029_high__short__u08.mp4,3925e27bc3e0381af1ea1f4a4aa2c5b035413202823b88c91a9f7507e8d5aebf
free_fall,3407,100000,Short,eval_50030,eval_50030_high,17050030,0.0,235,48,48,high,0.06139035744066626,0.04223612005702237,0.03876492305653901,0.006478267226552624,True,,E3_fail,171.33488521036554,50.14190981432361,53.51353339720777,-0.5240034710619433,1.0,0,0.016900021287973077,videos/behavior/eval_50030_high__short__u00.mp4,ffc7dab93bcfe48dd9a167e6e1a1b0cd94fd965bb1cdb8933f713607d2609fc4
free_fall,3407,100000,Short,eval_50030,eval_50030_high,17050030,0.3,179,65,104,high,0.06139035744066626,0.058420251304709805,0.0468802903958393,0.004991829842553688,True,,E3_fail,137.92846634240078,66.6488545389069,83.52058531746032,-0.24569028684985766,1.0,0,0.017279593977454377,videos/behavior/eval_50030_high__short__u03.mp4,55e82765368b4adb485a4ee43a124146a60ff57b5798936f44106f5f86843766
free_fall,3407,100000,Short,eval_50030,eval_50030_high,17050030,0.6,123,83,160,high,0.06139035744066626,0.05539466712645673,0.058850924886513355,0.004234858721892916,True,,E3_fail,84.94606588154974,86.2995652173913,148.06586725215334,0.2708865615667201,1.0,0,0.01151897927555201,videos/behavior/eval_50030_high__short__u06.mp4,b16772dbf4ec8b48275dc715835a4bbdf2d2d27f77dc6d650952d2486b9156f3
free_fall,3407,100000,Short,eval_50030,eval_50030_high,17050030,0.9,67,100,216,high,0.06139035744066626,0.061158933433737496,0.06220603260307705,0.001265076114283969,True,,E3_pass,55.09875453564774,96.22186893203883,201.21601941747574,0.570069616465223,1.0,0,0.01015236534216124,videos/behavior/eval_50030_high__short__u09.mp4,d79e6a49e1fbd12a303791a6e034729d3c8c9afdbe03066b20342e8d0f5e16aa
free_fall,3407,100000,Short,eval_50031,eval_50031_high,17050031,0.1,216,54,67,high,0.04975534148743192,0.04287098376233794,0.04002523271897278,0.006072592640658657,True,,E3_fail,174.60950836462956,54.89427265585945,61.785335820895526,-0.47727002224798104,1.0,0,0.011275458463067878,videos/behavior/eval_50031_high__short__u01.mp4,059ff5ca139971de232952249c07e460b6dcd6e910dc94d1aa37daf652acfac3
free_fall,3407,100000,Short,eval_50031,eval_50031_high,17050031,0.4,160,71,123,high,0.04975534148743192,0.05363981454236578,0.04555197421563651,0.007040678380980466,True,,E3_fail,129.75200071667462,76.44607934438443,100.6010897994769,-0.1265488162189586,1.0,0,0.009932995958548352,videos/behavior/eval_50031_high__short__u04.mp4,177ad3557fe53127beb25c2cb426966ef21ab9c9962fed1d1fd4067d50c95f0a
free_fall,3407,100000,Short,eval_50031,eval_50031_high,17050031,0.7,104,89,179,high,0.04975534148743192,0.05173551983563214,0.04928587857044749,0.002760016832447916,True,,E3_pass,76.10015860428231,89.35142692655646,166.6963249516441,0.37313623747970487,1.0,0,0.010553127019757969,videos/behavior/eval_50031_high__short__u07.mp4,0cd666a4d84000401ad1c273a27b42bbdd346346f4e4821d14a086788aa4c188
free_fall,3407,100000,Short,eval_50031,eval_50031_high,17050031,1.0,48,106,235,high,0.04975534148743192,0.05186576435385543,0.05092565680386515,0.0005877467821216522,True,,E3_fail,48.43583790628957,96.4348861090366,205.58128517823639,0.6186411583744099,1.0,0,0.008927078940235922,videos/behavior/eval_50031_high__short__u10.mp4,70d98ab8e060593bcefb690bb168655751f93d4f0047a143bcbd5b0a65a3041c
free_fall,3407,100000,Long,eval_50000,eval_50000_low,17050000,0.2,198,60,85,low,0.023113878874517577,-0.02876754551382655,0.04344280120797222,0.01926380831042194,True,,E3_fail,118.7410475821402,53.5234514955757,65.13783125190375,-0.29151372180496393,1.0,0,0.021438013678947154,videos/behavior/eval_50000_low__long__u02.mp4,53851c42bdb3d7df37c9dc08ae538aeb4697defb590fd9db731fbaa63eb85f4f
free_fall,3407,100000,Long,eval_50000,eval_50000_low,17050000,0.5,142,77,142,low,0.023113878874517577,-0.0397665222353692,0.05020013354211173,0.022147741817927082,True,,E3_fail,77.32321527489268,64.17855673738026,97.16240763546799,0.11370101461463837,1.0,0,0.02565405130810272,videos/behavior/eval_50000_low__long__u05.mp4,790a62ca8e89317f3b37574b39eec70e1128afbcbee023458fd44ad9b60b324d
free_fall,3407,100000,Long,eval_50000,eval_50000_low,17050000,0.8,85,94,198,low,0.023113878874517577,-0.049016088933414526,0.05827165065404536,0.022523604859168333,True,,E3_fail,49.96218302948923,66.14438007644529,132.51062082247648,0.4523876218833995,1.0,0,0.018061664982771952,videos/behavior/eval_50000_low__long__u08.mp4,d29baa3674d57afde1b8d0ce08250c1665332fbec9e559337d598208f4200c42
free_fall,3407,100000,Long,eval_50001,eval_50001_low,17050001,0.0,235,48,48,low,0.02276558972269709,-0.028499799621537064,0.040048279571090445,0.014037416766134927,True,,E3_fail,138.62012012012013,44.797151647479154,49.43837462295406,-0.47422343574006504,1.0,0,0.024812187530310226,videos/behavior/eval_50001_low__long__u00.mp4,aaae845cd7e6a64ffab5c6bb06efee7d2005b2fe371c01e70464791e5248e3c6
free_fall,3407,100000,Long,eval_50001,eval_50001_low,17050001,0.3,179,65,104,low,0.02276558972269709,-0.03678257570445148,0.04430651397728499,0.020783646410932246,True,,E3_fail,109.56762649603033,59.99317484662576,79.64982648571606,-0.15811332167757405,1.0,0,0.02405990369624844,videos/behavior/eval_50001_low__long__u03.mp4,1074b053b3cc82b1e420992e37693c57a81137a853379e6089c2043ebe0284bb
free_fall,3407,100000,Long,eval_50001,eval_50001_low,17050001,0.6,123,83,160,low,0.02276558972269709,-0.045367903839804845,0.05176213493239095,0.021242155061901823,True,,E3_fail,69.44249312358994,65.56936805780222,111.34550438596492,0.23177982963255137,1.0,0,0.02137571432333496,videos/behavior/eval_50001_low__long__u06.mp4,1c71cf483a003aa8a3818df05b015bf3e4bea261f5affb0fbb490754e365aa01
free_fall,3407,100000,Long,eval_50001,eval_50001_low,17050001,0.9,67,100,216,low,0.02276558972269709,-0.05845714150200781,0.05965476717906463,0.023812221547708658,True,,E3_fail,45.5243949044586,69.0169022027601,146.10918557971303,0.5248808190147128,1.0,0,0.017932854547027754,videos/behavior/eval_50001_low__long__u09.mp4,a1d6587a8a7df0524b03abc91aa10affb35edd1f8a304cf4d4a6a609ceef5684
free_fall,3407,100000,Long,eval_50002,eval_50002_low,17050002,0.1,216,54,67,low,0.01784931609265929,-0.04236004884559695,0.03721136072465593,0.013167549203675069,True,,E3_fail,138.29649831649832,47.36872053872054,55.74155881061252,-0.42545746297493137,1.0,0,0.013477868010618343,videos/behavior/eval_50002_low__long__u01.mp4,43a0ee7ec5c19d18252b9207b608a8d803e0e821a8df09405c398a5dbc4f1086
free_fall,3407,100000,Long,eval_50002,eval_50002_low,17050002,0.4,160,71,123,low,0.01784931609265929,-0.059929731047254395,0.039140697905073484,0.017679877249485318,True,,E3_fail,95.13757675956542,63.790178467822415,88.08091977757249,-0.038514981376689364,1.0,0,0.0168499770861974,videos/behavior/eval_50002_low__long__u04.mp4,0d699cee35aa0a50ae96ff071590d2462b48bcefccc8a1993094a303b2cd4519
free_fall,3407,100000,Long,eval_50002,eval_50002_low,17050002,0.7,104,89,179,low,0.01784931609265929,-0.06996893950728278,0.047045132789252375,0.017288757674920427,True,,E3_fail,60.342945584881065,67.19874279582227,127.79560487340073,0.3585265174214064,1.0,0,0.020439268448352754,videos/behavior/eval_50002_low__long__u07.mp4,4e2dd32f32c1a3eceab1837ce4eaec6d1b9135d1a240257c431513c250886d22
free_fall,3407,100000,Long,eval_50002,eval_50002_low,17050002,1.0,48,106,235,low,0.01784931609265929,-0.08215633203405352,0.05485900602314439,0.02073161010175705,True,,E3_fail,39.60048068202431,73.46923076923076,155.51133056133057,0.5940739780983062,1.0,0,0.022626725125869163,videos/behavior/eval_50002_low__long__u10.mp4,16d1342a0adbd017fb9c314422fc415639a4e8312637aa79b0f5e275df9d5026
free_fall,3407,100000,Long,eval_50003,eval_50003_low,17050003,0.2,198,60,85,low,0.023332338981242467,-0.028589821531573065,0.04323209080696413,0.01856755647934348,True,,E3_fail,120.12912335226665,53.05158474867044,64.87358778625955,-0.2986741936156417,1.0,0,0.02256838912914183,videos/behavior/eval_50003_low__long__u02.mp4,508c3197a0a79acdb7a920abe3da4c927c22b11c4a8ca9a0df22f1c4d98d138a
free_fall,3407,100000,Long,eval_50003,eval_50003_low,17050003,0.5,142,77,142,low,0.023332338981242467,-0.04122903628810284,0.04944065828878307,0.022937990911687814,True,,E3_fail,77.71875,64.63113482941068,99.07379717660618,0.1207915577757558,1.0,0,0.022094887060318258,videos/behavior/eval_50003_low__long__u05.mp4,f89852b2f61537724764769ff26eeb39776cec7fceeb7eac098c022dd6287e7b
free_fall,3407,100000,Long,eval_50003,eval_50003_low,17050003,0.8,85,94,198,low,0.023332338981242467,-0.049850945959727846,0.057792927571089274,0.02317305934309647,True,,E3_fail,51.61359198355601,65.35287591739205,131.45427059712773,0.43612613097715613,1.0,0,0.022216688030275322,videos/behavior/eval_50003_low__long__u08.mp4,f7a301032a9f42678266b9f0f358a7293b1ef1ee1dbf310cd99af6f3b26bea85
free_fall,3407,100000,Long,eval_50004,eval_50004_low,17050004,0.0,235,48,48,low,0.011105217056557454,-0.04124931324659128,0.029398904950100484,0.00755717943603119,True,,E3_fail,163.77528161802354,40.9579879837563,42.29205865272938,-0.5895316686558683,1.0,0,0.0070147112165401815,videos/behavior/eval_50004_low__long__u00.mp4,0ad478be0008a88d13981f1f8c4de80a0b1036e0ba056a5d7fea43d9d484c483
free_fall,3407,100000,Long,eval_50004,eval_50004_low,17050004,0.3,179,65,104,low,0.011105217056557454,-0.042419067228253386,0.030831821177115224,0.007186539617504614,True,,E3_fail,121.93442034558785,55.86117223947789,67.56000193671775,-0.28694469079339824,1.0,0,0.007435525020339062,videos/behavior/eval_50004_low__long__u03.mp4,f154952eac7b3d2f7c252d3934cd110200f48555af93e954aa13229843e1ee96
free_fall,3407,100000,Long,eval_50004,eval_50004_low,17050004,0.6,123,83,160,low,0.011105217056557454,-0.038298864459257155,0.03395027234184899,0.008068378071580399,True,,E3_fail,78.81353096794274,71.03408065865219,111.6471388975448,0.17239048856013456,1.0,0,0.00732017812496033,videos/behavior/eval_50004_low__long__u06.mp4,d00fc17283f126d2fce547f3ecc45d3a5377a72b3981112342c7df7a15de04fb
free_fall,3407,100000,Long,eval_50004,eval_50004_low,17050004,0.9,67,100,216,low,0.011105217056557454,-0.04706775081631491,0.03865069359624429,0.012437659293092956,True,,E3_fail,44.79041641151255,76.66041501976284,166.24970773906944,0.5755270085080708,1.0,0,0.013160408378612765,videos/behavior/eval_50004_low__long__u09.mp4,c06faa1140414f7ffb188454082b9718ba3117b439aebbbb46d60fa5585736e1
free_fall,3407,100000,Long,eval_50005,eval_50005_low,17050005,0.1,216,54,67,low,0.007266470942510986,-0.03766964607985176,0.022071857172897492,0.005855016592729641,True,,E3_fail,166.2077731092437,47.246088094442584,53.69986634986635,-0.5116143624482711,1.0,0,0.00760639326189072,videos/behavior/eval_50005_low__long__u01.mp4,31be15a843628aee56825b2de694b7a94a30bfdf0bd15729028469eb81368f39
free_fall,3407,100000,Long,eval_50005,eval_50005_low,17050005,0.4,160,71,123,low,0.007266470942510986,-0.0354964720460235,0.023745586528743385,0.004421561689398363,True,,E3_fail,123.19926641617462,66.2029469164715,83.41468304135813,-0.1925551661892683,1.0,0,0.007844483574574235,videos/behavior/eval_50005_low__long__u04.mp4,49196e288d7e218f0e061f1f4fac03917b9d67eca54b8ff6f4371daf92be39d8
free_fall,3407,100000,Long,eval_50005,eval_50005_low,17050005,0.7,104,89,179,low,0.007266470942510986,-0.027169831068508885,0.03100273105508915,0.005167833215723669,True,,E3_fail,76.8428674500103,79.66433673469388,134.51322043969103,0.2728587265476659,1.0,0,0.007073855634484594,videos/behavior/eval_50005_low__long__u07.mp4,360d0b76d4ed21b45931b8f066f4acb0c4cd2938b41dd37278201c9b11919802
free_fall,3407,100000,Long,eval_50005,eval_50005_low,17050005,1.0,48,106,235,low,0.007266470942510986,-0.033188509275296756,0.034789459214169226,0.007355606821976137,True,,E3_fail,44.06732537627144,81.14250380517504,175.1889503225266,0.5980290622393956,1.0,0,0.007888828309311258,videos/behavior/eval_50005_low__long__u10.mp4,f6b82cd2ffcbc56ae63d3fa7db37d1ee63e9988c7a02fc5e7669f3eac7e696c4
free_fall,3407,100000,Long,eval_50006,eval_50006_low,17050006,0.2,198,60,85,low,0.024835897363773504,-0.02835551104553629,0.0451683517907928,0.020278819730753884,True,,E3_fail,117.90426170468187,55.208849329205364,67.0,-0.2753006406417115,1.0,0,0.027086957829125624,videos/behavior/eval_50006_low__long__u02.mp4,a340d5c971e9a95e6a47de764f25ad4d4d52f9c5de7daa91973aa9f8a4b4f269
free_fall,3407,100000,Long,eval_50006,eval_50006_low,17050006,0.5,142,77,142,low,0.024835897363773504,-0.03225791514543297,0.05208412220728646,0.022561191014149162,True,,E3_fail,76.52149440533279,62.36828571428572,97.40764682482279,0.12008426116387144,1.0,0,0.025415842665275412,videos/behavior/eval_50006_low__long__u05.mp4,86884864ae55710fbc6a3603f9b48066a6549f317ff3b6e8a901ace18a1d0fe2
free_fall,3407,100000,Long,eval_50006,eval_50006_low,17050006,0.8,85,94,198,low,0.024835897363773504,-0.041503200536212405,0.05937100449968883,0.023327640680825656,True,,E3_fail,50.776397816020456,65.07675136486556,133.80154573731988,0.4498107754532758,1.0,0,0.02051254715017481,videos/behavior/eval_50006_low__long__u08.mp4,c451dd6d91482a80e00966a0eda6432d3301a245bb459153c6b1b52f0d1b8724
free_fall,3407,100000,Long,eval_50007,eval_50007_low,17050007,0.0,235,48,48,low,0.019135497844274294,-0.035305733165761716,0.03749402686309687,0.012314689505353213,True,,E3_fail,144.49824069850786,42.8066300682831,48.34214743589744,-0.49863046944082773,1.0,0,0.011130924772036144,videos/behavior/eval_50007_low__long__u00.mp4,cfe2f4c878bc37d251c1e2e4c3e34c64ae1df256e2c9c8060885a39a53f277da
free_fall,3407,100000,Long,eval_50007,eval_50007_low,17050007,0.3,179,65,104,low,0.019135497844274294,-0.05009281939827405,0.04003255095825702,0.01796878433883123,True,,E3_fail,105.55352394827901,57.88220241518114,76.66796008869179,-0.1585189804168563,1.0,0,0.014911984237119702,videos/behavior/eval_50007_low__long__u03.mp4,d4cb053357227308f41b3a38745693ab671610ab702a08fa0db54d12aac94418
free_fall,3407,100000,Long,eval_50007,eval_50007_low,17050007,0.6,123,83,160,low,0.019135497844274294,-0.06299684568852135,0.04690910450188663,0.01757931413852794,True,,E3_fail,69.64126078301261,66.06474012765659,112.27677255608319,0.2343666045113714,1.0,0,0.018935985274567857,videos/behavior/eval_50007_low__long__u06.mp4,7e0eaebede18822bfcd72823861f3361d4027368775330e635a42d0660f48277
free_fall,3407,100000,Long,eval_50007,eval_50007_low,17050007,0.9,67,100,216,low,0.019135497844274294,-0.07606661452111789,0.054999085836411006,0.021203811727305278,True,,E3_fail,45.183003737153534,70.93818782098313,150.1929063209551,0.5374762044745895,1.0,0,0.017965805048895667,videos/behavior/eval_50007_low__long__u09.mp4,18cc2b0ec34762543b62cf9c64adeddca70c8f8f7a03be99068e4f9d19eb429b
free_fall,3407,100000,Long,eval_50008,eval_50008_low,17050008,0.1,216,54,67,low,0.012716991647999366,-0.04501815918340681,0.03186317112408057,0.008900458667661558,True,,E3_fail,149.95699603317706,44.84985243482538,51.07978577044025,-0.49183641608093626,1.0,0,0.007725691265335954,videos/behavior/eval_50008_low__long__u01.mp4,ec14557ca26094059a99957675a6818a2d6b54a28e18015325c4c5c4b1dd32bc
free_fall,3407,100000,Long,eval_50008,eval_50008_low,17050008,0.4,160,71,123,low,0.012716991647999366,-0.05091557430347842,0.033289641859471114,0.010704963277006598,True,,E3_fail,104.46755123489228,61.01398843930636,81.95381877753925,-0.12076798092327923,1.0,0,0.01488275777334902,videos/behavior/eval_50008_low__long__u04.mp4,c8851f595dc70175ab3eb5d5618cb081698494182f934f829fcdd9708d3e6c16
free_fall,3407,100000,Long,eval_50008,eval_50008_low,17050008,0.7,104,89,179,low,0.012716991647999366,-0.056925416621690816,0.03903251390527606,0.013889112768159632,True,,E3_fail,60.97097818143857,70.64408936651583,133.77548666095112,0.37384251641452704,1.0,0,0.020367770270111052,videos/behavior/eval_50008_low__long__u07.mp4,205a3d8f0b0fc7b494d7ae463d0d4df7e986929ed113cbf2b22f6736bc75cc0e
free_fall,3407,100000,Long,eval_50008,eval_50008_low,17050008,1.0,48,106,235,low,0.012716991647999366,-0.06414325098868072,0.04262881794207657,0.015452210541264402,True,,E3_fail,39.959580838323355,76.41131209030041,166.8328366058906,0.6135295352490041,1.0,0,0.013204907111568631,videos/behavior/eval_50008_low__long__u10.mp4,1114e1fab4a73c2cf75ec68597a805c49fa865539d2c09a35314173c21da0815
free_fall,3407,100000,Long,eval_50009,eval_50009_low,17050009,0.2,198,60,85,low,0.020923718886327523,-0.03844620366684012,0.040634658699219395,0.01759531512659373,True,,E3_fail,121.59565359477125,52.87925234831175,64.71444723618092,-0.305303932019236,1.0,0,0.021445895212465538,videos/behavior/eval_50009_low__long__u02.mp4,94e4d8f353ec06e343f19882b83aedd7b0fbf43317f75925edae6e23607dbf29
free_fall,3407,100000,Long,eval_50009,eval_50009_low,17050009,0.5,142,77,142,low,0.020923718886327523,-0.05360841384107124,0.04570400604895528,0.021862383971811946,True,,E3_fail,76.35755747126436,62.84222222222222,96.63175230566534,0.1171991197637849,1.0,0,0.025398728208812726,videos/behavior/eval_50009_low__long__u05.mp4,10530a3240f117c9b4e9091816fe44d66e9959ac925189981259575c0d645bfa
free_fall,3407,100000,Long,eval_50009,eval_50009_low,17050009,0.8,85,94,198,low,0.020923718886327523,-0.05948729079224966,0.05514152176983915,0.021256535169304286,True,,E3_fail,50.98052434456929,66.7474186229569,134.70418123543124,0.4508915078888387,1.0,0,0.017867472507325566,videos/behavior/eval_50009_low__long__u08.mp4,6beda67b0c2623d7bac7e023537f358bc8817e11c249c173f5d7f7f7fab12179
free_fall,3407,100000,Long,eval_50010,eval_50010_low,17050010,0.0,235,48,48,low,0.007786734993212159,-0.038074062436628746,0.02287961141040186,0.006344515766789484,True,,E3_fail,170.25186882083432,40.89448215183509,43.745708387657544,-0.5911569751554934,1.0,0,0.007086614173228423,videos/behavior/eval_50010_low__long__u00.mp4,a65ea063ffb36e05d25eb6eeee2ffd972e7b57d2854095d73eadfecd27b7b85c
free_fall,3407,100000,Long,eval_50010,eval_50010_low,17050010,0.3,179,65,104,low,0.007786734993212159,-0.039346680725728625,0.024084407086090706,0.005086805700896498,True,,E3_fail,136.6520427705075,57.81414272861642,70.24185448939139,-0.3209866949226236,1.0,0,0.0061109065781781435,videos/behavior/eval_50010_low__long__u03.mp4,ab5712899345444077cc1d2bc4d5bafa09c89eed6df9f461dd8a8e30fe9c5f16
free_fall,3407,100000,Long,eval_50010,eval_50010_low,17050010,0.6,123,83,160,low,0.007786734993212159,-0.03085446889260815,0.028281380024649253,0.004242262735576169,True,,E3_fail,90.44220790839148,76.73166497766768,115.74028954802259,0.12269752259150353,1.0,0,0.009725961394855376,videos/behavior/eval_50010_low__long__u06.mp4,a74c571b8ddc7e5a4f90a44b4471af1737b4987160f5939204af5d78410610ba
free_fall,3407,100000,Long,eval_50010,eval_50010_low,17050010,0.9,67,100,216,low,0.007786734993212159,-0.03493828901285445,0.033953077997805683,0.008456437542847021,True,,E3_fail,54.29656961126378,80.96129918981481,168.66824722040548,0.5129584085702986,1.0,0,0.013061936114871275,videos/behavior/eval_50010_low__long__u09.mp4,74739bb4009ee0e01fcb5e931aadd6e1349d72ad6ad36cd4768e418521095bfa
free_fall,3407,100000,Long,eval_50011,eval_50011_low,17050011,0.1,216,54,67,low,0.013599032933182768,-0.047483427232587125,0.0332472690057032,0.0098436208454533,True,,E3_fail,148.02512230965272,45.119361887466596,51.577185792349724,-0.4832005072206624,1.0,0,0.01010578548309049,videos/behavior/eval_50011_low__long__u01.mp4,4ee1deb381b6c24869e4a3c13f860b01e282cd14ec98b4637e6ded2e07a53ddb
free_fall,3407,100000,Long,eval_50011,eval_50011_low,17050011,0.4,160,71,123,low,0.013599032933182768,-0.05836750297270128,0.03485800969426424,0.013563512635262882,True,,E3_fail,100.10491889063317,63.40402196790318,85.54075339025616,-0.07845141403749381,1.0,0,0.017206226185077722,videos/behavior/eval_50011_low__long__u04.mp4,ee49a3801e65770e63fec1478ac1cdd53c5139521c337e2774f4624ec3760080
free_fall,3407,100000,Long,eval_50011,eval_50011_low,17050011,0.7,104,89,179,low,0.013599032933182768,-0.06405148976438799,0.040827795497885996,0.014416463792609588,True,,E3_fail,61.58840560193913,68.87238453163916,129.60521355666987,0.35574831552461744,1.0,0,0.018067245904606732,videos/behavior/eval_50011_low__long__u07.mp4,adf8a9119834c8c3c981bb041e0ec601b6bc45e12527ca2e0d36578cdf77c746
free_fall,3407,100000,Long,eval_50011,eval_50011_low,17050011,1.0,48,106,235,low,0.013599032933182768,-0.07385794626956868,0.044955710987871725,0.017140334993919707,True,,E3_fail,39.64089089089089,77.02044840784131,163.0456447034215,0.6088453456007114,1.0,0,0.022840707377480785,videos/behavior/eval_50011_low__long__u10.mp4,d1319c3f629f6e7cd0ac0aba4b4d5e0d5cd451d599ed6aaf5ec613d83e232b95
free_fall,3407,100000,Long,eval_50012,eval_50012_low,17050012,0.2,198,60,85,low,0.012525382764279998,-0.04770775818421253,0.032205098337380896,0.009394475294343644,True,,E3_fail,136.59991985038738,47.91929280397022,57.712961630695446,-0.4059790458481339,1.0,0,0.00812936572350087,videos/behavior/eval_50012_low__long__u02.mp4,7aa5fab46e7d502ac825870e79b51c2b169a03e91e49e22dce82b8ca61d8f47a
free_fall,3407,100000,Long,eval_50012,eval_50012_low,17050012,0.5,142,77,142,low,0.012525382764279998,-0.05197113912711706,0.03446453224758922,0.011635190361907452,True,,E3_fail,87.99937077237692,67.80282839871157,96.99079535660418,0.04860487869370365,1.0,0,0.01704012350568851,videos/behavior/eval_50012_low__long__u05.mp4,a42c19f70637e900048bfd0335b3ad3566f7fd6df7ada8b6fa0fedcf6a0fc263
free_fall,3407,100000,Long,eval_50012,eval_50012_low,17050012,0.8,85,94,198,low,0.012525382764279998,-0.059767480845394336,0.04046178802744067,0.014583027578817177,True,,E3_fail,52.90306805074971,73.35003745318352,149.96434619506965,0.47844686395375435,1.0,0,0.015347748960188867,videos/behavior/eval_50012_low__long__u08.mp4,be77dba43ba75a7b39cbf5f8774359832d984682dd64cad684b8e3832616e105
free_fall,3407,100000,Long,eval_50013,eval_50013_low,17050013,0.0,235,48,48,low,0.017414317598493944,-0.03978899788957348,0.03620542388059228,0.01218740925599488,True,,E3_fail,152.72325429424944,42.17856510969568,46.5708538369464,-0.5326419403599333,1.0,0,0.011701598841794225,videos/behavior/eval_50013_low__long__u00.mp4,2248b3357b7f99825dec38cc237cfeeeb46be474063fd33b769a6ec6b7635ad2
free_fall,3407,100000,Long,eval_50013,eval_50013_low,17050013,0.3,179,65,104,low,0.017414317598493944,-0.056200223377260675,0.03847333324516072,0.016916331952140196,True,,E3_fail,110.77491408934708,57.507509227440494,74.61111111111111,-0.19507297240518423,1.0,0,0.017322834645669305,videos/behavior/eval_50013_low__long__u03.mp4,540b9e663b41565e0437ebdef079a0c83c706ca5fa91f7a93d7095b56c65ba1e
free_fall,3407,100000,Long,eval_50013,eval_50013_low,17050013,0.6,123,83,160,low,0.017414317598493944,-0.06988030851837296,0.043894989227411016,0.017080741717731433,True,,E3_fail,69.1390261810107,66.25848929191588,112.25656950764564,0.2376989538414194,1.0,0,0.022250561696834148,videos/behavior/eval_50013_low__long__u06.mp4,10cdfe0cf84405241cf4f623b318ac0d79a9903fb9161fdd0d4f66ce2fb037a4
free_fall,3407,100000,Long,eval_50013,eval_50013_low,17050013,0.9,67,100,216,low,0.017414317598493944,-0.08132758985759007,0.052542782996520036,0.019821955162943737,True,,E3_fail,45.33948449509674,70.4125985493535,149.13584577393647,0.5337250803752303,1.0,0,0.022535518983588743,videos/behavior/eval_50013_low__long__u09.mp4,035a8fa7120ecd08eac748b785e94616e0e9ca60a91634b5c676447c380a976d
free_fall,3407,100000,Long,eval_50014,eval_50014_low,17050014,0.1,216,54,67,low,0.022614128595001778,-0.03096628061237167,0.04172284117074782,0.016801611378326243,True,,E3_fail,133.48125,49.20716112531969,57.74479347248226,-0.396057227102625,1.0,0,0.022475606862701447,videos/behavior/eval_50014_low__long__u01.mp4,d3636a847d5d145487e9fdef240b29a04afe5196d3d12216f020d6418b735188
free_fall,3407,100000,Long,eval_50014,eval_50014_low,17050014,0.4,160,71,123,low,0.022614128595001778,-0.0440286975816712,0.04612048098053102,0.02202227646010609,True,,E3_fail,90.42669226684097,62.350996376811594,88.80423280423281,-0.009052341062039207,1.0,0,0.02622432635974392,videos/behavior/eval_50014_low__long__u04.mp4,3cc2c21b4f4d3f2f07312dbf046d67edae18977534fe530ef2a398105e6dbaa4
free_fall,3407,100000,Long,eval_50014,eval_50014_low,17050014,0.7,104,89,179,low,0.022614128595001778,-0.046798919837400706,0.05486693014878419,0.02046931162208125,True,,E3_fail,59.92784845272351,65.16728843112608,118.85145888594164,0.32958853745639394,1.0,0,0.01968586364418179,videos/behavior/eval_50014_low__long__u07.mp4,c8ece3c95b1e918e56cdfd610328f719d704b618c8e1cf30deeeee873fdd74e7
free_fall,3407,100000,Long,eval_50014,eval_50014_low,17050014,1.0,48,106,235,low,0.022614128595001778,-0.054916784244084915,0.061417379218273414,0.022444832841999964,True,,E3_fail,38.02154705580574,71.48834898160067,154.44469170646983,0.6049016461243543,1.0,0,0.016868985126859082,videos/behavior/eval_50014_low__long__u10.mp4,0571b43b4c1a93dfc6c7c16eb060c16cb3bf88d86e8791163fe7d8069bab1530
free_fall,3407,100000,Long,eval_50015,eval_50015_low,17050015,0.2,198,60,85,low,0.02469411667584542,-0.02805897303857425,0.04503437555265626,0.020509279445116792,True,,E3_fail,118.93705110908297,54.46077551194904,66.43620702625442,-0.2832169246574845,1.0,0,0.02674006143276575,videos/behavior/eval_50015_low__long__u02.mp4,a2b1e380f2082d4dff019e1531b82cd43c66ff56c80f9288dc710f6cbbb84c6d
free_fall,3407,100000,Long,eval_50015,eval_50015_low,17050015,0.5,142,77,142,low,0.02469411667584542,-0.03721973477186234,0.05193067466719435,0.02253969416182605,True,,E3_fail,77.91821992664121,65.68328092243186,97.79783214559603,0.11313486721624133,1.0,0,0.025502803690892084,videos/behavior/eval_50015_low__long__u05.mp4,cbfcc2e17f2305c535415e8ec6bc8d2f498a29a705c981d823be80a8db5a8ad3
free_fall,3407,100000,Long,eval_50015,eval_50015_low,17050015,0.8,85,94,198,low,0.02469411667584542,-0.043532003393212115,0.059643116255067116,0.02266387662292127,True,,E3_fail,52.24824570196982,67.98398912915042,136.2592664092664,0.44566404684033034,1.0,0,0.016776239436895102,videos/behavior/eval_50015_low__long__u08.mp4,f1934524c7bd6db85403e481a8339d6f99b98027118a0bf28a81bd6b615f0349
free_fall,3407,100000,Long,eval_50016,eval_50016_low,17050016,0.0,235,48,48,low,0.024402419060996557,-0.024526536834440296,0.04128204887738823,0.014972670502736598,True,,E3_fail,138.2972972972973,44.88187882156754,51.174131546464466,-0.45982218154207394,1.0,0,0.02171548338718854,videos/behavior/eval_50016_low__long__u00.mp4,22b07d88c66d117a2bac1bfa12d4724783330e75c6c5727a004a82887cc63d21
free_fall,3407,100000,Long,eval_50016,eval_50016_low,17050016,0.3,179,65,104,low,0.024402419060996557,-0.029803014312786716,0.0472448158127374,0.023075891335097944,True,,E3_fail,105.99204446381866,58.94512195121951,78.3049831081081,-0.1502306451736168,1.0,0,0.023588202514269963,videos/behavior/eval_50016_low__long__u03.mp4,17a3d06357ca19152e07fa80cdb7d2bab978697715a830b028a80d376a3d473f
free_fall,3407,100000,Long,eval_50016,eval_50016_low,17050016,0.6,123,83,160,low,0.024402419060996557,-0.033967429722403714,0.054571655697555836,0.022097268105698658,True,,E3_fail,68.7379120879121,64.14995366079702,108.21162926702478,0.22307894599135197,1.0,0,0.027522217617534595,videos/behavior/eval_50016_low__long__u06.mp4,0a8f42170a1aa441de608bf7416f9acc70d5122e3d9609a0a704cd3d23a2a14b
free_fall,3407,100000,Long,eval_50016,eval_50016_low,17050016,0.9,67,100,216,low,0.024402419060996557,-0.044246876917505215,0.06136296104096802,0.02425908861016517,True,,E3_fail,46.06161616161616,69.14914502458672,150.5600879335613,0.5314696678722747,1.0,0,0.018337666955694942,videos/behavior/eval_50016_low__long__u09.mp4,a604ad730b0feeb756556be744db564d55e39917e639c3bce240dcb2c622f4a8
free_fall,3407,100000,Long,eval_50017,eval_50017_low,17050017,0.1,216,54,67,low,0.0075862333014470144,-0.03846532917356416,0.023065915450930462,0.006224964633247196,True,,E3_fail,166.11192307692306,45.76603944515401,51.03650793650793,-0.529938966647643,1.0,0,0.007579444097087329,videos/behavior/eval_50017_low__long__u01.mp4,fca69906e0ec72a98470dd08148b67c3bbb5d63ef14e6a2825c8d039ac6cd545
free_fall,3407,100000,Long,eval_50017,eval_50017_low,17050017,0.4,160,71,123,low,0.0075862333014470144,-0.03699183981542509,0.024502087911746923,0.004637824136181786,True,,E3_fail,123.58631942209348,66.50466118684844,84.15614444843695,-0.1898031545357529,1.0,0,0.008890691011219198,videos/behavior/eval_50017_low__long__u04.mp4,998c580923d8e62c29975d66b4aedab87e1daf706fe4494521ca9ebdbe2af555
free_fall,3407,100000,Long,eval_50017,eval_50017_low,17050017,0.7,104,89,179,low,0.0075862333014470144,-0.02822791134845153,0.031040735966864595,0.005600853321897531,True,,E3_fail,77.81303127506015,79.6331001182499,133.5078590785908,0.26355571240649067,1.0,0,0.00795871018078409,videos/behavior/eval_50017_low__long__u07.mp4,efa6c57d7685f9fb56b437bde573274df1a4ec866883d8bfb6803fd595e101f1
free_fall,3407,100000,Long,eval_50017,eval_50017_low,17050017,1.0,48,106,235,low,0.0075862333014470144,-0.03449234840294712,0.034782456341360145,0.007637726757455473,True,,E3_fail,44.46483905579399,81.2247821461141,173.95922746781116,0.5928576940857481,1.0,0,0.010136319158687401,videos/behavior/eval_50017_low__long__u10.mp4,02b1b7f515103a83a0045e69f8e53b73b4d9d6da2abb8019f87358f6da848c72
free_fall,3407,100000,Long,eval_50018,eval_50018_low,17050018,0.2,198,60,85,low,0.010997093215728306,-0.042735478079935975,0.030165871224690638,0.007017460703891503,True,,E3_fail,140.16013196422125,48.33753576931543,56.95915418965065,-0.4220844109065171,1.0,0,0.00761492731726332,videos/behavior/eval_50018_low__long__u02.mp4,d982990954f96fa84ff0421e8b62a3582ed7771122e7214bb0d32a00b57373f4
free_fall,3407,100000,Long,eval_50018,eval_50018_low,17050018,0.5,142,77,142,low,0.010997093215728306,-0.03961751133124143,0.03231494108318469,0.006474592686811362,True,,E3_fail,92.96448585037825,69.1662225267753,93.78926601347021,0.004416404783627877,1.0,0,0.008149877816997053,videos/behavior/eval_50018_low__long__u05.mp4,ad84fbc0296c762bdc382ccaa2eb490defa992b787aea577c497647f4497ffef
free_fall,3407,100000,Long,eval_50018,eval_50018_low,17050018,0.8,85,94,198,low,0.010997093215728306,-0.04405652404376269,0.03736001677767302,0.01013961051478674,True,,E3_fail,55.2835043152581,74.70260063192926,150.47978243021345,0.4626494824254647,1.0,0,0.008986416313081613,videos/behavior/eval_50018_low__long__u08.mp4,6a9add404aef0264e2c08aad39f75f6a28064983b0b7590fa4b67134f3dcbfe6
free_fall,3407,100000,Long,eval_50019,eval_50019_low,17050019,0.0,235,48,48,low,0.020048734694221228,-0.03449535544709433,0.03843767868460227,0.013949685826359845,True,,E3_fail,139.74989029313673,44.08620689655172,49.13905060456784,-0.479704313327904,1.0,0,0.018803488060264772,videos/behavior/eval_50019_low__long__u00.mp4,45b27b7b26bf960c13417ba721f75d26a7ce5b7d474020b6c8d583e2eefc5f40
free_fall,3407,100000,Long,eval_50019,eval_50019_low,17050019,0.3,179,65,104,low,0.020048734694221228,-0.04797825890616866,0.04149421430687367,0.019955415035681347,True,,E3_fail,105.8367365967366,58.104729729729726,77.11961722488039,-0.15696158549298234,1.0,0,0.02198045854955144,videos/behavior/eval_50019_low__long__u03.mp4,d84cae2cac06316e949df6bcf7943f32f8a3f2fd540574421b850ab7fb26d64a
free_fall,3407,100000,Long,eval_50019,eval_50019_low,17050019,0.6,123,83,160,low,0.020048734694221228,-0.05742363550918756,0.049504977584353196,0.0199847787801093,True,,E3_fail,68.56182746110804,64.76367829587386,113.01436388508893,0.24481478598274214,1.0,0,0.02638586711938895,videos/behavior/eval_50019_low__long__u06.mp4,9bbf47323f98fb1fcc1798c26153a2d18c3ef99c442f8959580092e7ba6797f6
free_fall,3407,100000,Long,eval_50019,eval_50019_low,17050019,0.9,67,100,216,low,0.020048734694221228,-0.06867232366563167,0.05743957391322517,0.02202949176816529,True,,E3_fail,44.38444846292947,70.20715465465466,146.59798508185605,0.535198629118719,1.0,0,0.019003695966575584,videos/behavior/eval_50019_low__long__u09.mp4,78e07a3b034e34db46f40ee0c34a19b4aaf8f1633c0894574da2737d52334275
free_fall,3407,100000,Long,eval_50020,eval_50020_low,17050020,0.1,216,54,67,low,0.016127420481205825,-0.04507488344836049,0.03576652029717711,0.012689725811738406,True,,E3_fail,147.08333333333331,45.036616161616166,53.278137983129795,-0.4681798088917076,1.0,0,0.012537535032697167,videos/behavior/eval_50020_low__long__u01.mp4,45950579c954311fc196230cdde4d97747c5e5b6828e01f5273695d98a870839
free_fall,3407,100000,Long,eval_50020,eval_50020_low,17050020,0.4,160,71,123,low,0.016127420481205825,-0.06482828095243813,0.03795303518851962,0.017289422949960866,True,,E3_fail,95.24839901477833,61.63038003663004,85.7346256684492,-0.05256721376483195,1.0,0,0.019859593743032478,videos/behavior/eval_50020_low__long__u04.mp4,4575830d9a5418eb1121b3945d3be2778d8c207dba83532cfc7327259ec21f16
free_fall,3407,100000,Long,eval_50020,eval_50020_low,17050020,0.7,104,89,179,low,0.016127420481205825,-0.07319935481162729,0.045599207307132746,0.01639485125552096,True,,E3_fail,60.368445547626436,66.60102739726028,123.74174741062478,0.3442139777528152,1.0,0,0.016137302956334865,videos/behavior/eval_50020_low__long__u07.mp4,9ff9f6768705532bb1f10bdb63f2c5303101981c8972996b9c78eb206a88c52b
free_fall,3407,100000,Long,eval_50020,eval_50020_low,17050020,1.0,48,106,235,low,0.016127420481205825,-0.08641581531909447,0.05220170116992984,0.020447701534797,True,,E3_fail,38.529652144545764,74.28523294992448,158.98791722803088,0.6098610137119729,1.0,0,0.02113259088614927,videos/behavior/eval_50020_low__long__u10.mp4,bd19358db6898d0d6f6920c99f79b052332b9f6a31728989451796af5cd1d80d
free_fall,3407,100000,Long,eval_50021,eval_50021_low,17050021,0.2,198,60,85,low,0.012432922066907742,-0.04659395377069014,0.031982513480403166,0.008977179042199246,True,,E3_fail,135.62642837235228,47.42633879781421,57.36203703703704,-0.40553921794906966,1.0,0,0.010565643580266793,videos/behavior/eval_50021_low__long__u02.mp4,589dfde2cf60bb16bc30f54246c2886e5c54cda10a3fe59c1b332c47e9e5b5dc
free_fall,3407,100000,Long,eval_50021,eval_50021_low,17050021,0.5,142,77,142,low,0.012432922066907742,-0.04977601683025347,0.03401923556779484,0.010735612457782063,True,,E3_fail,86.74144219977553,67.00040709982088,95.61925882121034,0.04868272918304425,1.0,0,0.010338312210247946,videos/behavior/eval_50021_low__long__u05.mp4,f1ac2983191092b3a80921ffbcb1cbd641327689ef8c2a291b0547812611d306
free_fall,3407,100000,Long,eval_50021,eval_50021_low,17050021,0.8,85,94,198,low,0.012432922066907742,-0.05604598639033064,0.04062110921489892,0.01402463217217337,True,,E3_fail,53.505169835505235,74.31864904552128,147.05234743127494,0.4664356583120914,1.0,0,0.016492005573340518,videos/behavior/eval_50021_low__long__u08.mp4,5db2c5f45ae2de7cc331f91b16be918e44ac8de96613fd506094b12171f6be0d
free_fall,3407,100000,Long,eval_50022,eval_50022_low,17050022,0.0,235,48,48,low,0.016146214477300393,-0.04271867411347232,0.03534318222647387,0.011271825648049119,True,,E3_fail,159.8509421034601,41.248825935464325,45.63962329961632,-0.5557983578458409,1.0,0,0.01027385379738699,videos/behavior/eval_50022_low__long__u00.mp4,54cd786584af930c064c2c4f053220aa8286db3283a4765c1a95557adfcabbe1
free_fall,3407,100000,Long,eval_50022,eval_50022_low,17050022,0.3,179,65,104,low,0.016146214477300393,-0.05941172903427789,0.0373616037221395,0.016340614136524396,True,,E3_fail,113.79906343124733,56.7865489957395,74.36025038148921,-0.20960329972827682,1.0,0,0.016395652917091885,videos/behavior/eval_50022_low__long__u03.mp4,b54647e89a28d97778cbff01e03b2c09a40cd9e34d5779c8bd4985e54fb019ab
free_fall,3407,100000,Long,eval_50022,eval_50022_low,17050022,0.6,123,83,160,low,0.016146214477300393,-0.0722494404994129,0.042203820393595555,0.016684749138422494,True,,E3_fail,69.23250212224109,67.43056402081672,110.60954017243533,0.23007433368887423,1.0,0,0.014603227788015816,videos/behavior/eval_50022_low__long__u06.mp4,dba8dbed9484ae3769e088a1454d9fa8759b81c3a8e390be7269b1315e6d1f09
free_fall,3407,100000,Long,eval_50022,eval_50022_low,17050022,0.9,67,100,216,low,0.016146214477300393,-0.08321439459407846,0.04976477570116853,0.019259908693341293,True,,E3_fail,45.97617040957911,71.92935947712418,150.34622876185114,0.5316258297207073,1.0,0,0.01786934167475629,videos/behavior/eval_50022_low__long__u09.mp4,2f07b35a6006947dd6c37cf5e444c9a4cf4f145220720f4076b9c476ee9ffae4
free_fall,3407,100000,Long,eval_50023,eval_50023_low,17050023,0.1,216,54,67,low,0.01567001929571491,-0.04784164943749329,0.03548036014063406,0.012740213733766504,True,,E3_fail,148.13980463980465,46.12406197171484,53.2910209432884,-0.47087521694830825,1.0,0,0.010213796257850905,videos/behavior/eval_50023_low__long__u01.mp4,6bf08dc12983511f1ca6996190bed4a35828a1deeafb34a5418448551d12b7fd
free_fall,3407,100000,Long,eval_50023,eval_50023_low,17050023,0.4,160,71,123,low,0.01567001929571491,-0.06659008699538431,0.03766015623172858,0.01763082046990152,True,,E3_fail,96.63012749445676,62.55294473109283,84.99217372134038,-0.0640777795194243,1.0,0,0.015901735377900406,videos/behavior/eval_50023_low__long__u04.mp4,0d0223f6162bb9fbadca22ea64d7330760eebe4f7ee4f28823fd60265e1946b3
free_fall,3407,100000,Long,eval_50023,eval_50023_low,17050023,0.7,104,89,179,low,0.01567001929571491,-0.07011934451424545,0.04422526526362135,0.015568385959957213,True,,E3_fail,61.17115592560553,67.84119496855345,125.91350574712644,0.34605910095812475,1.0,0,0.013894932514863956,videos/behavior/eval_50023_low__long__u07.mp4,0a2f31f39389e123846a3621fb9d7886df29dc00dca1d70cd6b0ab3933804d71
free_fall,3407,100000,Long,eval_50023,eval_50023_low,17050023,1.0,48,106,235,low,0.01567001929571491,-0.0839679858507106,0.04960354725191063,0.01880077274737782,True,,E3_fail,40.78525992801086,75.2579456537203,162.58078436951678,0.5988980356195384,1.0,0,0.01872487483623575,videos/behavior/eval_50023_low__long__u10.mp4,5540cb3812f7c63b21e11d12a9e49bd46873cb6d78b9f9c4a4b10eabbf9a3be1
free_fall,3407,100000,Long,eval_50024,eval_50024_low,17050024,0.2,198,60,85,low,0.005389165559386035,-0.02631795064671598,0.018047844780432254,0.004399910728431167,True,,E3_fail,174.4800268149375,52.500849881016656,63.83877570449353,-0.46425733068804975,1.0,0,0.005513185677209265,videos/behavior/eval_50024_low__long__u02.mp4,0f0394f8c26eab22c859930f6669ad4c015afa528fabac774757ee85bba04620
free_fall,3407,100000,Long,eval_50024,eval_50024_low,17050024,0.5,142,77,142,low,0.005389165559386035,-0.026405663987753437,0.02077428594190337,0.0038652546525736143,True,,E3_fail,122.21583196215549,77.70312161674485,106.92383900928792,-0.06673655804792211,1.0,0,0.005432409184146003,videos/behavior/eval_50024_low__long__u05.mp4,1fba3fd7122d744e766bc76757ae856a69744f65d2037431c4d672ace8bc88d5
free_fall,3407,100000,Long,eval_50024,eval_50024_low,17050024,0.8,85,94,198,low,0.005389165559386035,-0.029822675622416344,0.030734871533591612,0.00779215644423061,True,,E3_fail,65.88520840393087,79.35,154.21428571428572,0.4013143131665375,1.0,0,0.006923041869233426,videos/behavior/eval_50024_low__long__u08.mp4,87d74f86452f14abd273fde9cad3080668d8912222b106444be18cdcc7182f0c
free_fall,3407,100000,Long,eval_50025,eval_50025_low,17050025,0.0,235,48,48,low,0.019320798479742846,-0.03746295353409987,0.037953414813881654,0.012748296877897494,True,,E3_fail,144.51765225066197,43.57380090416239,49.279674369747895,-0.4914308135295172,1.0,0,0.011667159219367451,videos/behavior/eval_50025_low__long__u00.mp4,10b0cd81696833ecd0ca7a8457fbc3c62dc71bb3c3c7ff07053f1703c562ad41
free_fall,3407,100000,Long,eval_50025,eval_50025_low,17050025,0.3,179,65,104,low,0.019320798479742846,-0.051147078232867356,0.04066758757930704,0.018777325120208035,True,,E3_fail,106.81078650699654,58.2100623417105,77.17086466165414,-0.16110259722678638,1.0,0,0.016437007874015808,videos/behavior/eval_50025_low__long__u03.mp4,9fbe0fd8007a371bbd70b58087e70c2ad756a33923aa23cdd794d586e374b703
free_fall,3407,100000,Long,eval_50025,eval_50025_low,17050025,0.6,123,83,160,low,0.019320798479742846,-0.06009326666322612,0.04793638417136403,0.01855398115422008,True,,E3_fail,69.98558381875128,67.0941039440919,114.13421765126162,0.2397821064330252,1.0,0,0.020187143812430475,videos/behavior/eval_50025_low__long__u06.mp4,3382313c2a2dfbc17f21084d0d1aca083653900f9196fc7ff0b2a2a78b6979b3
free_fall,3407,100000,Long,eval_50025,eval_50025_low,17050025,0.9,67,100,216,low,0.019320798479742846,-0.07147782505085977,0.05582792868606485,0.020901704551204034,True,,E3_fail,45.308197109897634,71.84943765321673,150.45003770598294,0.5371004734231252,1.0,0,0.014818989019022566,videos/behavior/eval_50025_low__long__u09.mp4,18859b5f9e2c2af52b538f8e6754c7a8c36c6707070d48682037c002c7ad73d0
free_fall,3407,100000,Long,eval_50026,eval_50026_low,17050026,0.1,216,54,67,low,0.020955334314552404,-0.03522959601316317,0.040075739327299506,0.015639767057312022,True,,E3_fail,130.19824592733693,48.45009881422925,57.47936156537885,-0.3874670256800886,1.0,0,0.02260334557475885,videos/behavior/eval_50026_low__long__u01.mp4,b60d169a8411c7bdce9f779b0fa6ef8aecc527ab5c807382507ea261dd1e7b47
free_fall,3407,100000,Long,eval_50026,eval_50026_low,17050026,0.4,160,71,123,low,0.020955334314552404,-0.05047932947692688,0.04411927232206288,0.02225104363044504,True,,E3_fail,88.43939393939394,62.53580383480826,88.51465311004785,0.00042530347233527623,1.0,0,0.02092231837765557,videos/behavior/eval_50026_low__long__u04.mp4,0604148ccaf87f742da2ca6193e83f3101ede31700133c98878b832f185ac056
free_fall,3407,100000,Long,eval_50026,eval_50026_low,17050026,0.7,104,89,179,low,0.020955334314552404,-0.05519293967255736,0.05253121895630968,0.020132869955095528,True,,E3_fail,59.46495518808382,65.97023606855068,126.19717366272374,0.35942827375562164,1.0,0,0.020318482916908187,videos/behavior/eval_50026_low__long__u07.mp4,470267492d920de0feb359788f8422e98e95c7b91ca5387ff8f387dc241f4816
free_fall,3407,100000,Long,eval_50026,eval_50026_low,17050026,1.0,48,106,235,low,0.020955334314552404,-0.06375130388934454,0.059590688853575234,0.022982470214281677,True,,E3_fail,38.28263215177047,71.77338362068966,153.68447712418302,0.6011542571416302,1.0,0,0.019460572354995875,videos/behavior/eval_50026_low__long__u10.mp4,1807e297ed8a6915b4ed38b4f0ace6549d41b795f79ffd51f041785e582a2f13
free_fall,3407,100000,Long,eval_50027,eval_50027_low,17050027,0.2,198,60,85,low,0.004705016266898658,-0.024161307101580338,0.016426469191395687,0.004307689844843448,True,,E3_fail,177.44273273273274,52.6994560994561,65.24449400613327,-0.4623162093624544,1.0,0,0.003633873014817879,videos/behavior/eval_50027_low__long__u02.mp4,906be301536fe6e8b107707d6b23300b5a2ef648a14ae32a28ccf033d6bff2b9
free_fall,3407,100000,Long,eval_50027,eval_50027_low,17050027,0.5,142,77,142,low,0.004705016266898658,-0.025101179752183126,0.019345153227838398,0.00409864202429812,True,,E3_fail,125.56229924193755,75.31308229813665,105.0994822485207,-0.08871351318451186,1.0,0,0.00483871862740215,videos/behavior/eval_50027_low__long__u05.mp4,ecfb67346d3909572c31d81d06b5259472c4572afde8695338e6a2d486d2f7ac
free_fall,3407,100000,Long,eval_50027,eval_50027_low,17050027,0.8,85,94,198,low,0.004705016266898658,-0.032465734785180715,0.028551833568465315,0.008800708852786141,True,,E3_fail,67.168746410484,81.07048696507624,153.2969073690441,0.3906647565370446,1.0,0,0.010093507585087869,videos/behavior/eval_50027_low__long__u08.mp4,614a1e409f816fad01fcc29b3d65fa8533654a31ef7ac15d693a56e1160565a3
free_fall,3407,100000,Long,eval_50028,eval_50028_low,17050028,0.0,235,48,48,low,0.012439960016839068,-0.04204297870963115,0.031050157671514433,0.008328733148248935,True,,E3_fail,163.0197992003953,40.371229416167665,44.22767295597484,-0.5731897475438935,1.0,0,0.00663516558757915,videos/behavior/eval_50028_low__long__u00.mp4,b15f27f498a6f5fd25870ba43e9fb326693f3198480bc97bdfa3533d1e986213
free_fall,3407,100000,Long,eval_50028,eval_50028_low,17050028,0.3,179,65,104,low,0.012439960016839068,-0.04838729494340113,0.032264015781309746,0.008891580659143247,True,,E3_fail,122.28127210480152,54.73184046345811,69.79478450271836,-0.27325887739007243,1.0,0,0.010257400946371509,videos/behavior/eval_50028_low__long__u03.mp4,8744bd734a3f6f0064055e4637892ab6af198f40b13cbfc9c5b676a16a34dcb9
free_fall,3407,100000,Long,eval_50028,eval_50028_low,17050028,0.6,123,83,160,low,0.012439960016839068,-0.054703413748542935,0.035498649364286775,0.011987095259174543,True,,E3_fail,73.29058165548099,70.70433104631218,117.51166459969684,0.23176395358089547,1.0,0,0.012358009650105917,videos/behavior/eval_50028_low__long__u06.mp4,f2d537ba02731e2fe7e7f0573b4d4bf6051f0f5106c698e7c4925c48fbf05d97
free_fall,3407,100000,Long,eval_50028,eval_50028_low,17050028,0.9,67,100,216,low,0.012439960016839068,-0.06198351559496339,0.04136273542096476,0.014455130114437754,True,,E3_fail,46.03740234843038,74.92619286510592,157.93565217391304,0.5485932937932478,1.0,0,0.013217434687354812,videos/behavior/eval_50028_low__long__u09.mp4,a697dd74bf8ba92252671bf39a6c67a8abdf895ecd1ce364c2e41ae19652450e
free_fall,3407,100000,Long,eval_50029,eval_50029_low,17050029,0.1,216,54,67,low,0.014681276865603991,-0.04766078515706839,0.03461007661828276,0.011181489104198895,True,,E3_fail,148.523363610825,45.440826954667784,52.84965491663173,-0.4751068906540124,1.0,0,0.008365961268042676,videos/behavior/eval_50029_low__long__u01.mp4,c586326a00c721178418c5446c0c19216280589b1b8e397db69b2cb40d7a916b
free_fall,3407,100000,Long,eval_50029,eval_50029_low,17050029,0.4,160,71,123,low,0.014681276865603991,-0.06212916336566644,0.03637657227306369,0.01497151817639677,True,,E3_fail,100.83562189054726,62.841780272654375,86.11801338136902,-0.07872330745412896,1.0,0,0.016637758989803686,videos/behavior/eval_50029_low__long__u04.mp4,c4e546c5b155b984585df819208202ee7eeb10e4062d58ed3fd96cf755595a01
free_fall,3407,100000,Long,eval_50029,eval_50029_low,17050029,0.7,104,89,179,low,0.014681276865603991,-0.06728601418247819,0.04297610118605214,0.015240545560925902,True,,E3_fail,59.54186925020258,67.48999082127716,129.86131834691273,0.37126856199637037,1.0,0,0.016846714524922923,videos/behavior/eval_50029_low__long__u07.mp4,ff0cef87f3b464ed7231fe03a6fc14b270aa64a87428953c0793640891d9cf33
free_fall,3407,100000,Long,eval_50029,eval_50029_low,17050029,1.0,48,106,235,low,0.014681276865603991,-0.08103685664556214,0.04755666760042246,0.01932758183908886,True,,E3_fail,40.11406244644755,75.89180222196944,160.67282827133812,0.6004314594140527,1.0,0,0.025097598094355855,videos/behavior/eval_50029_low__long__u10.mp4,41685dd46424f591c62931bf4a325b097c61565f025efdb8ce10c2b64a06dcc0
free_fall,3407,100000,Long,eval_50030,eval_50030_low,17050030,0.2,198,60,85,low,0.01939035744066626,-0.04615608093227322,0.03954254697570209,0.01634042012443472,True,,E3_fail,126.43214411316478,50.75069993700566,64.27941483803554,-0.32589912020504586,1.0,0,0.014857339600610753,videos/behavior/eval_50030_low__long__u02.mp4,fa44832a233e84313dea921263209f3b0a0a7086457afc90b6ca4c61c5927dfa
free_fall,3407,100000,Long,eval_50030,eval_50030_low,17050030,0.5,142,77,142,low,0.01939035744066626,-0.06502016863171725,0.04427380742758967,0.02005214792760037,True,,E3_fail,77.3856238698011,64.39870689655172,98.57713742460005,0.12043180840600458,1.0,0,0.025699990793920935,videos/behavior/eval_50030_low__long__u05.mp4,6afe6c60ddc8a3aef05c44c8e14d218ef11d659bd8761ac1fb0e5bc0cd55a9ac
free_fall,3407,100000,Long,eval_50030,eval_50030_low,17050030,0.8,85,94,198,low,0.01939035744066626,-0.07152394018821387,0.053262986212079456,0.020173304562349254,True,,E3_fail,52.542228516221726,66.807048092869,138.45824034148774,0.4498209472421287,1.0,0,0.017250771180034707,videos/behavior/eval_50030_low__long__u08.mp4,7efd4a2a2018bbd79a65e28e5b1168995997dd1df1f3b41fe8042509bef5a6d1
free_fall,3407,100000,Long,eval_50031,eval_50031_low,17050031,0.0,235,48,48,low,0.00775534148743192,-0.037609600959040576,0.02314904010094953,0.0061501145374903915,True,,E3_fail,172.64148004361527,40.721430028370634,44.34848154606219,-0.5912393253479223,1.0,0,0.005918807482506061,videos/behavior/eval_50031_low__long__u00.mp4,aa799f9470b20a7941ec3eccc0ec8e0dfc292b4de473b2c86ae445ebd0bf2e42
free_fall,3407,100000,Long,eval_50031,eval_50031_low,17050031,0.3,179,65,104,low,0.00775534148743192,-0.038265476612640556,0.024617053831555047,0.005220693698093578,True,,E3_fail,139.73873517786564,58.03372519220454,70.62621618019459,-0.32853628207312413,1.0,0,0.00735610103531581,videos/behavior/eval_50031_low__long__u03.mp4,a7df0e0701fb7aca4306f342a06e3fa94f2c5d87bc3e43361d878cb387e2bc07
free_fall,3407,100000,Long,eval_50031,eval_50031_low,17050031,0.6,123,83,160,low,0.00775534148743192,-0.028526712319575733,0.028726452976888632,0.004386439132057115,True,,E3_fail,90.64869593925388,76.71865302079894,116.96128458999746,0.1267404803163407,1.0,0,0.005872308703688822,videos/behavior/eval_50031_low__long__u06.mp4,4ae405317bbd083a3df3f6977bd6fea5f62ffc6e1c8c06903ca69cdbe1a88f48
free_fall,3407,100000,Long,eval_50031,eval_50031_low,17050031,0.9,67,100,216,low,0.00775534148743192,-0.0321321164615936,0.03447995887246238,0.008475295715629076,True,,E3_fail,52.22177881173944,78.10094235033259,168.96134601832276,0.5277959939135288,1.0,0,0.008821100159682738,videos/behavior/eval_50031_low__long__u09.mp4,5db38f2a62f65b14e994af9a2d0b2be4aa09d20c590cf6912628b7bf9da0955f
free_fall,3407,100000,Long,eval_50000,eval_50000_high,17050000,0.1,216,54,67,high,0.06511387887451758,-0.010340111388279859,0.0529325542225523,0.018851468534978842,False,detected_frames_below_58,E3_fail,113.85474860335195,47.80061349693251,54.88510638297873,-0.34947074136782863,0.703125,19,0.08769649707248128,videos/behavior/eval_50000_high__long__u01.mp4,6ef10d31f568c43d8100f01b7ccab765a52e14823895d7ac7d41a4781a81fec7
free_fall,3407,100000,Long,eval_50000,eval_50000_high,17050000,0.4,160,71,123,high,0.06511387887451758,-0.018509880145476956,0.06963448258449963,0.025223314293638496,True,,E3_fail,81.24642684108528,60.79617749264902,79.83004409744814,-0.00879323178229814,0.96875,1,0.07228274547873292,videos/behavior/eval_50000_high__long__u04.mp4,b626047987cbce87d046bcfb2ec8d3c67ee899875d814e63e090d38997229a8a
free_fall,3407,100000,Long,eval_50000,eval_50000_high,17050000,0.7,104,89,179,high,0.06511387887451758,0.021010263503421802,0.0742333846577371,0.02410116584133956,False,detected_frames_below_58,E3_fail,54.05231770127406,63.643545495293594,120.83923432066194,0.3818761732471255,0.875,8,0.14792467801989873,videos/behavior/eval_50000_high__long__u07.mp4,6fd184269edbeafbabe1599ecb94a024af57e2dc87b435b9cf08c79be2944851
free_fall,3407,100000,Long,eval_50000,eval_50000_high,17050000,1.0,48,106,235,high,0.06511387887451758,0.01586200881395846,0.07822295131871211,0.033994323429877384,False,detected_frames_below_58,E3_fail,34.44444444444444,70.0909090909091,155.57368421052632,0.6374614918244148,0.859375,9,0.1903631928142977,videos/behavior/eval_50000_high__long__u10.mp4,c0041d37685e8aec348eac7a01ff3d2154a5fe046ca8e4acf6ab2ba6747275b7
free_fall,3407,100000,Long,eval_50001,eval_50001_high,17050001,0.2,198,60,85,high,0.0647655897226971,-0.016241916399802422,0.05666185690136428,0.018394723123722898,False,detected_frames_below_58,E3_fail,105.30030959752322,52.88787878787879,60.14529914529915,-0.2729296401116043,0.765625,15,0.0716847581912422,videos/behavior/eval_50001_high__long__u02.mp4,490fb2c807792c56cece2ed600cff4d7726603ffd3833af78ebcc54a58cb658e
free_fall,3407,100000,Long,eval_50001,eval_50001_high,17050001,0.5,142,77,142,high,0.0647655897226971,-0.008954807229296195,0.0726132190723007,0.031372911680656236,True,,E3_fail,72.29527559055119,63.2047619047619,91.92696629213484,0.11954343380361136,0.984375,1,0.10610022852002843,videos/behavior/eval_50001_high__long__u05.mp4,454c09316cda695309201e1b90ccb87b20d7ac2e4cb2ab905bfd9d50bf1f1fd3
free_fall,3407,100000,Long,eval_50001,eval_50001_high,17050001,0.8,85,94,198,high,0.0647655897226971,0.02203556181508757,0.07552506247615821,0.02740070144295581,False,detected_frames_below_58,E3_fail,48.71142181785746,68.26217105263157,138.70114481118048,0.4801690975794973,0.84375,10,0.16324918340431327,videos/behavior/eval_50001_high__long__u08.mp4,3e6193563fef3c2f33031ddcf50b3a4d5c73280cbad98d68e179339af3cd5759
free_fall,3407,100000,Long,eval_50002,eval_50002_high,17050002,0.0,235,48,48,high,0.05984931609265929,-0.023260390763120392,0.04960502716231918,0.013819069411035586,False,detected_frames_below_58,E3_fail,127.14323607427056,44.673490237364675,47.313669786096256,-0.4575890297634217,0.65625,22,0.08018015577267734,videos/behavior/eval_50002_high__long__u00.mp4,6c4b759e0f6c86fffff424b1b9ece792705b7fed15570f9d5438af26f7fdeb8f
free_fall,3407,100000,Long,eval_50002,eval_50002_high,17050002,0.3,179,65,104,high,0.05984931609265929,-0.019463516681600145,0.06246683042638677,0.013994305660650056,False,detected_frames_below_58,E3_fail,96.67504733852304,58.68397446258284,70.69967674155487,-0.1551929106364979,0.8125,12,0.05015570880662301,videos/behavior/eval_50002_high__long__u03.mp4,c2a7b89e464b1d9139160c91bda6700611c16c3bee246fa1bb80b5f0d5c2de80
free_fall,3407,100000,Long,eval_50002,eval_50002_high,17050002,0.6,123,83,160,high,0.05984931609265929,0.0024693703966090328,0.07182345848694145,0.017518210718521724,False,detected_frames_below_58,E3_fail,60.93170731707317,62.15845070422535,103.08558558558559,0.25700874293498865,0.859375,5,0.08692612137746092,videos/behavior/eval_50002_high__long__u06.mp4,4040f6a8b0bba7ca945466bb2d7c1b9e1afe7b0eddf0891457e91935e5577ce8
free_fall,3407,100000,Long,eval_50002,eval_50002_high,17050002,0.9,67,100,216,high,0.05984931609265929,0.019879790305300415,0.074940996739865,0.023958085327279464,False,detected_frames_below_58,E3_fail,41.52644704433497,68.82479977116705,144.72535478093138,0.5540827349064401,0.875,8,0.12967141459096276,videos/behavior/eval_50002_high__long__u09.mp4,780cf8596107905972eec7b17c19ec609f65e5b65576701831a9cf7ac692a5ae
free_fall,3407,100000,Long,eval_50003,eval_50003_high,17050003,0.1,216,54,67,high,0.06533233898124247,-0.014003136211025488,0.05269595548789574,0.018731251769246067,False,detected_frames_below_58,E3_fail,112.34717893157763,47.90002060581084,54.57626376376376,-0.34609228179683255,0.71875,18,0.07625496444394075,videos/behavior/eval_50003_high__long__u01.mp4,47d3b302007b8325a21f4500a023e308ee1c86839358fdb920bcb0317d36721b
free_fall,3407,100000,Long,eval_50003,eval_50003_high,17050003,0.4,160,71,123,high,0.06533233898124247,-0.013674039189366825,0.06997865418557328,0.025211549654062155,True,,E3_fail,79.87655543969413,60.28816595945309,79.49283860424877,-0.002407719736573452,0.96875,2,0.03909153700499579,videos/behavior/eval_50003_high__long__u04.mp4,d982bfba66bf47baa021267cc141a4f39afb71d3ce0b76ba85edf15e2336bfa5
free_fall,3407,100000,Long,eval_50003,eval_50003_high,17050003,0.7,104,89,179,high,0.06533233898124247,0.014409084524040624,0.0749571874671555,0.029810833710284333,False,detected_frames_below_58,E3_fail,52.74438584849649,64.83953735933224,118.63538442643085,0.38447360777897915,0.84375,10,0.15160961527688566,videos/behavior/eval_50003_high__long__u07.mp4,c963d4ef24464fcc61241b986cf924e8b4271c39e906ecebb235a09d611ba3e0
free_fall,3407,100000,Long,eval_50003,eval_50003_high,17050003,1.0,48,106,235,high,0.06533233898124247,0.016908617161338367,0.07881604357900536,0.03461975296348525,False,detected_frames_below_58,E3_fail,34.706586826347305,69.71071428571429,148.66839378238342,0.6214686789753348,0.859375,9,0.18004337547136617,videos/behavior/eval_50003_high__long__u10.mp4,4437299c894eb5f941e8acef7d78b5411aa41b7d21e6dd8ae2722c5bd86680b8
free_fall,3407,100000,Long,eval_50004,eval_50004_high,17050004,0.2,198,60,85,high,0.05310521705655745,-0.025451237268739504,0.05813817689357343,0.013618089536317471,False,detected_frames_below_58,E3_fail,108.52996092053843,53.3171114599686,61.99983437995998,-0.27285628566307313,0.875,8,0.04337846788695643,videos/behavior/eval_50004_high__long__u02.mp4,b3c6987cf0668de335d487037bd7212cd8c5800d2ee5192439801d28e73588e5
free_fall,3407,100000,Long,eval_50004,eval_50004_high,17050004,0.5,142,77,142,high,0.05310521705655745,-0.016738110985405223,0.07004487070579803,0.018906062472446993,True,,E3_fail,72.7745327303678,61.78685897435898,90.56488287018391,0.10891645518876164,1.0,0,0.04303195531099435,videos/behavior/eval_50004_high__long__u05.mp4,e2fb78e09e9156a34b8bd4782ac5adcde2a15aa8a5a97b0405feaad52ef47d50
free_fall,3407,100000,Long,eval_50004,eval_50004_high,17050004,0.8,85,94,198,high,0.05310521705655745,-0.004719439013265156,0.07512660626210674,0.02326330614464234,True,,E3_fail,45.3728813559322,60.58039215686274,126.875,0.4731676117144903,0.921875,5,0.1312998727271767,videos/behavior/eval_50004_high__long__u08.mp4,c8d59be13318db5e9300439e74a6c48ff0c6816f6b384b4557b56ece23377592
free_fall,3407,100000,Long,eval_50005,eval_50005_high,17050005,0.0,235,48,48,high,0.049266470942510986,-0.01667416892537878,0.048966200572493124,0.01060306121660627,False,detected_frames_below_58,E3_fail,128.37800687285224,45.49090909090909,49.61486486486486,-0.44250728267393213,0.828125,10,0.03770915462535929,videos/behavior/eval_50005_high__long__u00.mp4,be42aed8947f3a6cac9353748f6a25b49b55e195589169be5bea8e59cd7d5126
free_fall,3407,100000,Long,eval_50005,eval_50005_high,17050005,0.3,179,65,104,high,0.049266470942510986,-0.023652917172235107,0.061403596312364805,0.01129175233443081,True,,E3_fail,96.41884081369068,55.48797340573656,69.35930103035366,-0.16322742843138568,1.0,0,0.030224100558621236,videos/behavior/eval_50005_high__long__u03.mp4,2f3fb61bb58157f669abdf5f5f0310bba8402a170bb0a689a75d6854c80a3782
free_fall,3407,100000,Long,eval_50005,eval_50005_high,17050005,0.6,123,83,160,high,0.049266470942510986,-0.011209087420855855,0.07227036105684737,0.019618749973654027,True,,E3_fail,63.108108329242356,59.96996134340533,101.29206349206349,0.23226225824340874,1.0,0,0.08312872419663753,videos/behavior/eval_50005_high__long__u06.mp4,9eb1d645865838c6677273f6bdf7d422c49735d9cb0d83dfce77f6ecf1e01e3e
free_fall,3407,100000,Long,eval_50005,eval_50005_high,17050005,0.9,67,100,216,high,0.049266470942510986,-0.002950398937146169,0.07484380939100953,0.018527910328678367,False,detected_frames_below_58,E3_fail,40.11762624200354,65.632422088573,138.01829096045196,0.5495840830750688,0.875,8,0.12146564065855403,videos/behavior/eval_50005_high__long__u09.mp4,21825f8494629227d88b0d8fef22005ea776940309571ddb91461d182ae88829
free_fall,3407,100000,Long,eval_50006,eval_50006_high,17050006,0.1,216,54,67,high,0.0668358973637735,-0.015281129688013142,0.053069158750112234,0.018464941188513943,False,detected_frames_below_58,E3_fail,111.99392097264437,47.7536231884058,55.106280193236714,-0.34044028901518025,0.734375,17,0.07635625737679919,videos/behavior/eval_50006_high__long__u01.mp4,64696bc8cb8cf31a36391439ec8760fb328d625ff5267d602a6853a17d3d8aff
free_fall,3407,100000,Long,eval_50006,eval_50006_high,17050006,0.4,160,71,123,high,0.0668358973637735,-0.010404823435662854,0.06976194628553843,0.025270529330777912,True,,E3_fail,81.08095238095238,60.49402390438247,81.25641025641026,0.0010808225081851656,0.984375,1,0.031837295997824366,videos/behavior/eval_50006_high__long__u04.mp4,27d2e206a44c9ea93785b028624acf009764127ed8a95c3ba1359ec56aa10922
free_fall,3407,100000,Long,eval_50006,eval_50006_high,17050006,0.7,104,89,179,high,0.0668358973637735,0.03509922258810154,0.0743102558781216,0.01960290649868065,False,detected_frames_below_58,E3_fail,52.926108374384235,66.18723404255319,122.62096774193549,0.397015210446286,0.859375,9,0.16800796759488257,videos/behavior/eval_50006_high__long__u07.mp4,70a00f329ab0aa0bf125c1b5e9f1701b7946889a18dba5516efe6e2403186c6f
free_fall,3407,100000,Long,eval_50006,eval_50006_high,17050006,1.0,48,106,235,high,0.0668358973637735,0.10005063199995748,0.07386495286657156,0.11152204288445118,True,,E3_fail,34.34615384615385,65.2406015037594,140.02247191011236,0.6060512182488212,0.921875,5,0.652646781358096,videos/behavior/eval_50006_high__long__u10.mp4,b0f9c8ccb95207a5f5fd20a2d2d606f40b0e1fb996e67e656365b9fc363992c5
free_fall,3407,100000,Long,eval_50007,eval_50007_high,17050007,0.2,198,60,85,high,0.0611354978442743,-0.02522893754217142,0.05661867983883862,0.01349168007518122,False,detected_frames_below_58,E3_fail,107.28658556597271,52.22571549005073,59.09883137836306,-0.28961525037816616,0.75,16,0.07011228430317062,videos/behavior/eval_50007_high__long__u02.mp4,f682e29bfa7e994c3e4bd6a9e5625af4416f985f52757004d9b0305e441935ae
free_fall,3407,100000,Short,eval_50000,eval_50000_low,17050000,0.2,198,60,85,low,0.023113878874517577,0.024890606853874214,0.023650852321250884,0.0008781628959133676,True,,E3_pass,187.20964499362557,58.0644849865089,65.62311557788945,-0.4808970528221729,1.0,0,0.004929938287047575,videos/behavior/eval_50000_low__short__u02.mp4,2a7eef00bd80c14fccec4e9d0eca2fb807a6e1410a659053ed401a6a690452f4
free_fall,3407,100000,Short,eval_50000,eval_50000_low,17050000,0.5,142,77,142,low,0.023113878874517577,0.02383792547191015,0.028339128293293034,0.004079278550271624,True,,E3_pass,126.23330922242315,79.77099553617772,105.05013922728855,-0.09158964957122899,1.0,0,0.005908998217328154,videos/behavior/eval_50000_low__short__u05.mp4,da0870fd5e7675ce739908f46dbb3a7bf5424dd72649a6666dcb29986b79d013
free_fall,3407,100000,Short,eval_50000,eval_50000_low,17050000,0.8,85,94,198,low,0.023113878874517577,0.025785345961772264,0.03373553977415143,0.004692125982109316,True,,E3_fail,68.67860646141189,87.44138755980862,171.46554232804232,0.42802182099697206,1.0,0,0.006908813817627646,videos/behavior/eval_50000_low__short__u08.mp4,355a1e99d86d4ebfc74eaf00db6814126cdbbd70ceb211335bbf5ec00b5a3312
free_fall,3407,100000,Short,eval_50001,eval_50001_low,17050001,0.0,235,48,48,low,0.02276558972269709,0.02370785945219064,0.02160198712475024,0.0007678491208088743,True,,E3_pass,205.65300378321712,51.26024247491639,51.83783657003471,-0.5973617042150419,1.0,0,0.004331521078289713,videos/behavior/eval_50001_low__short__u00.mp4,34db5a7404e2780667f1e8da4a5e3f1ffa88350362e2fef136b015c78e79e498
free_fall,3407,100000,Short,eval_50001,eval_50001_low,17050001,0.3,179,65,104,low,0.02276558972269709,0.024527962627425102,0.024825534526826593,0.0016120932368215758,True,,E3_pass,169.83601953601953,64.86260094681147,77.46562710459514,-0.3735130505041041,1.0,0,0.00496252401439512,videos/behavior/eval_50001_low__short__u03.mp4,f5dc40c7de8c931337205808642715321013b9c940ba4713727c060190c390fc
free_fall,3407,100000,Short,eval_50001,eval_50001_low,17050001,0.6,123,83,160,low,0.02276558972269709,0.02408793451983251,0.03063533966682602,0.006321529712347821,True,,E3_pass,106.60520278751677,86.04387432608291,127.52714570858284,0.08935947149316921,1.0,0,0.00764600370899593,videos/behavior/eval_50001_low__short__u06.mp4,2d751493c69ac7fc2733cd7bf95b634cb74d81d5c21d384f3fb01e01305e5e15
free_fall,3407,100000,Short,eval_50001,eval_50001_low,17050001,0.9,67,100,216,low,0.02276558972269709,0.024177644353222776,0.03476075846076216,0.004338249145804304,True,,E3_pass,57.15677083333333,89.98784722222223,187.87949810606062,0.5334831771579867,1.0,0,0.005915961199011055,videos/behavior/eval_50001_low__short__u09.mp4,cdf991bfa1c4ad3781aa35761509e4425185bc4f3e22d3105ef7f23d4698ae20
free_fall,3407,100000,Short,eval_50002,eval_50002_low,17050002,0.1,216,54,67,low,0.01784931609265929,0.018390936324713853,0.01725972622373601,0.0006217681051292896,True,,E3_pass,198.41964942951785,55.21501587005228,58.84145709100337,-0.5425545828762112,1.0,0,0.00447104306136481,videos/behavior/eval_50002_low__short__u01.mp4,d4101a1cb408fe103acec35bd228decf2dd3cc4d0b583331370604e2e86f4abe
free_fall,3407,100000,Short,eval_50002,eval_50002_low,17050002,0.4,160,71,123,low,0.01784931609265929,0.021024232079403547,0.021453761741649577,0.001565950975032931,True,,E3_fail,150.7643673308567,71.32418626752198,88.30362563969122,-0.2612676875522191,1.0,0,0.004390360295872031,videos/behavior/eval_50002_low__short__u04.mp4,b077338f856a5c81c207406581cc62d1ca10cb899842c08f0d7081b0144c81d8
free_fall,3407,100000,Short,eval_50002,eval_50002_low,17050002,0.7,104,89,179,low,0.01784931609265929,0.02221557418248539,0.028909049484574387,0.004025817343546749,True,,E3_fail,90.5436318067897,86.90178907721281,143.51131756756757,0.22630448919095025,1.0,0,0.005742703214729805,videos/behavior/eval_50002_low__short__u07.mp4,c762e92dbfb85887dc6e7d341bf09be4e2eedde604f196a1b001ef3b7e5e005d
free_fall,3407,100000,Short,eval_50002,eval_50002_low,17050002,1.0,48,106,235,low,0.01784931609265929,0.01647845168750595,0.034420969352774194,0.005319414522726811,True,,E3_pass,46.73556413556413,87.80033886213661,188.41144997324773,0.6024991913021867,1.0,0,0.005744115654897963,videos/behavior/eval_50002_low__short__u10.mp4,4f7ba52a7b485ce72d0c886f54f99e08841c2a7215eb9e6f3f877868d2c4dbaa
free_fall,3407,100000,Short,eval_50003,eval_50003_low,17050003,0.2,198,60,85,low,0.023332338981242467,0.024682950273724,0.023806487951192657,0.0008083171027991192,True,,E3_pass,186.06075833714024,59.00249987310289,65.90675458510827,-0.4768630779361953,1.0,0,0.005170995416617696,videos/behavior/eval_50003_low__short__u02.mp4,4677e6d3f4b50bc9d596012e3a726fca98e9935816ff47079d9ac7785a4f99cd
free_fall,3407,100000,Short,eval_50003,eval_50003_low,17050003,0.5,142,77,142,low,0.023332338981242467,0.0227780341663769,0.028444175290784184,0.004756073834817075,True,,E3_pass,126.84271369353917,80.41040388548058,107.02583874458875,-0.0847350990218878,1.0,0,0.004878617225986925,videos/behavior/eval_50003_low__short__u05.mp4,53dc19024e603d3f79941502ddab7c9b1e57e5aa2278bbdea3c8728f664a0b26
free_fall,3407,100000,Short,eval_50003,eval_50003_low,17050003,0.8,85,94,198,low,0.023332338981242467,0.02436079830735745,0.033617914028134924,0.005188263891989178,True,,E3_pass,70.47014023210832,88.44498130572333,172.72796228539264,0.42047129889068624,1.0,0,0.007053380637675799,videos/behavior/eval_50003_low__short__u08.mp4,1c30521ff1bd829f4085ebef60ef83ed5fed64b0b588bca49ba3e63d1103052f
free_fall,3407,100000,Short,eval_50004,eval_50004_low,17050004,0.0,235,48,48,low,0.011105217056557454,0.008891459925594057,0.009491894381377115,0.0003749924104546879,True,,E3_fail,204.2586351755041,50.28505414488424,50.91304144884242,-0.6009506844774559,1.0,0,0.0026457389260063913,videos/behavior/eval_50004_low__short__u00.mp4,bfd6ee75aff6ae7260fe9969d95d4a7402f0f1aef76d0ccef5e2d25340be44f7
free_fall,3407,100000,Short,eval_50004,eval_50004_low,17050004,0.3,179,65,104,low,0.011105217056557454,0.012336021997364228,0.010927045559028818,0.0009225641920888246,True,,E3_pass,170.27513726835963,61.8638380553412,72.72878051386144,-0.40141886453830083,1.0,0,0.0030869160862173617,videos/behavior/eval_50004_low__short__u03.mp4,ab48214eb1111947b3f79ca93bae82f858254cd2dcb2e5a30d0f200818c76b10
free_fall,3407,100000,Short,eval_50004,eval_50004_low,17050004,0.6,123,83,160,low,0.011105217056557454,0.01816195259433321,0.020201576017442064,0.002119971343442859,True,,E3_fail,104.58061224489796,79.97041062801932,111.06976904674273,0.03009109820709731,1.0,0,0.004505337182502567,videos/behavior/eval_50004_low__short__u06.mp4,ab35bd38d4e347a8c5dca1a57a3a6aa1d63a663f10e0c9dc884a7c13d210cfe9
free_fall,3407,100000,Short,eval_50004,eval_50004_low,17050004,0.9,67,100,216,low,0.011105217056557454,0.0170258958491519,0.030207214897108665,0.005064276151951474,True,,E3_fail,53.16149425287357,77.8913993469074,157.15803880138304,0.49446926321237483,1.0,0,0.01127181150967238,videos/behavior/eval_50004_low__short__u09.mp4,05297eb61c1330e70e9995797cc9b5cb0715b017c5553edef6bcee3dfcfed40f
free_fall,3407,100000,Short,eval_50005,eval_50005_low,17050005,0.1,216,54,67,low,0.007266470942510986,0.005449288900879809,0.005975939377962154,0.00036578683502838097,True,,E3_pass,194.63924623115577,53.12231527093596,58.019999999999996,-0.5407252980805757,1.0,0,0.001674514303802499,videos/behavior/eval_50005_low__short__u01.mp4,4018518e57863f82c380e63d64b22da95ad6550e209c128e464d24ae2547b638
free_fall,3407,100000,Short,eval_50005,eval_50005_low,17050005,0.4,160,71,123,low,0.007266470942510986,0.007922019819675169,0.00799221919142775,0.001221764716190923,True,,E3_pass,145.9962841530055,65.48296146044625,80.0726683029453,-0.29160844571483124,1.0,0,0.0032873289849831844,videos/behavior/eval_50005_low__short__u04.mp4,e9c161021893384882ed5043e174d82f7f48b14eec7a96ffddc2072b4b8d6134
free_fall,3407,100000,Short,eval_50005,eval_50005_low,17050005,0.7,104,89,179,low,0.007266470942510986,0.01677647703498919,0.021047367513037585,0.0023215420445673145,True,,E3_fail,81.87733633183407,73.51357142857142,119.71102624836854,0.18767794644634817,1.0,0,0.007941315027929274,videos/behavior/eval_50005_low__short__u07.mp4,bed8e54de0e9b23a997f309a8b5afac6e4f3e08186b0f2c87bf8a02e6d6bfbfc
free_fall,3407,100000,Short,eval_50005,eval_50005_low,17050005,1.0,48,106,235,low,0.007266470942510986,0.012983657403334011,0.03200542354191237,0.004993270112123004,True,,E3_fail,42.82432432432432,73.44897959183673,157.26797385620915,0.5719542959550965,0.984375,1,0.006712523003590043,videos/behavior/eval_50005_low__short__u10.mp4,b69d4f3fc74f3effe6bdd622d10b169943eb067cf377a1bd25fd904d892864eb
free_fall,3407,100000,Short,eval_50006,eval_50006_low,17050006,0.2,198,60,85,low,0.024835897363773504,0.025215815608826592,0.025348546935146283,0.0013698362729082458,True,,E3_pass,185.45301553457205,58.324294871794876,65.4092229199372,-0.47852476065823996,1.0,0,0.005108549402360607,videos/behavior/eval_50006_low__short__u02.mp4,689824e2cf75bbc72d1f41e216a60448ae916edd5092650728a7df625f84b026
free_fall,3407,100000,Short,eval_50006,eval_50006_low,17050006,0.5,142,77,142,low,0.024835897363773504,0.0242858603552645,0.030155658632327272,0.005709430274427917,True,,E3_pass,122.68049533569832,81.07822993429411,108.1360412062451,-0.06301305074305273,1.0,0,0.006286752196145939,videos/behavior/eval_50006_low__short__u05.mp4,48ec8ff198940d64190dbf22e822d8f0a02317ecda9d2852e72d9342b45e4a26
free_fall,3407,100000,Short,eval_50006,eval_50006_low,17050006,0.8,85,94,198,low,0.024835897363773504,0.025641561811741456,0.03424847625857403,0.005016120398553312,True,,E3_pass,69.00411025145067,87.91955266955267,169.33068783068785,0.42094808809522105,1.0,0,0.006743364037042454,videos/behavior/eval_50006_low__short__u08.mp4,de19f00d7a0882d4a6b1613e895c7c6db8087fa95547ed5ec6d1a1c8d1f32758
free_fall,3407,100000,Short,eval_50007,eval_50007_low,17050007,0.0,235,48,48,low,0.019135497844274294,0.019446971504386464,0.018135012722031264,0.0006526697845287404,True,,E3_pass,205.97815635451505,50.922902731326644,50.96851695511468,-0.6032755256286496,1.0,0,0.003981509487337664,videos/behavior/eval_50007_low__short__u00.mp4,cbfe370e73ecd816adf3af79e114e055c7479ec2e88b5f832b2aa98a16f69527
free_fall,3407,100000,Short,eval_50007,eval_50007_low,17050007,0.3,179,65,104,low,0.019135497844274294,0.02169820885319982,0.021491579307271743,0.000998120593265566,True,,E3_fail,170.48186930385884,63.989707341269835,76.31781914893617,-0.38154039312303634,1.0,0,0.003947845430100072,videos/behavior/eval_50007_low__short__u03.mp4,f12c1d1b5a6c4e06f6e72065b2322444718a5b5255d16afbc25e65d87bad6ccc
free_fall,3407,100000,Short,eval_50007,eval_50007_low,17050007,0.6,123,83,160,low,0.019135497844274294,0.02190612734111571,0.027661353302145263,0.004861007092923927,True,,E3_fail,107.8175763482781,85.50924565799707,124.42071877603576,0.07149183737707927,1.0,0,0.007877108448639536,videos/behavior/eval_50007_low__short__u06.mp4,9e304c668b96e4ebef2feee748d956821ee6fc04b8e9a36baf8aae32004d6f46
free_fall,3407,100000,Short,eval_50007,eval_50007_low,17050007,0.9,67,100,216,low,0.019135497844274294,0.018725818718012193,0.033661176472988594,0.0055162376072539245,True,,E3_pass,55.30981128561673,87.2244428071468,182.69358743559502,0.5352183071099348,1.0,0,0.006992125984252029,videos/behavior/eval_50007_low__short__u09.mp4,2aff8618f143c20413961b13f9e99a918bbc52f629e23def3e4fe94f63fb93f8
free_fall,3407,100000,Short,eval_50008,eval_50008_low,17050008,0.1,216,54,67,low,0.012716991647999366,0.012060823395007789,0.01171077279646033,0.0005238619674237128,True,,E3_pass,196.86662927376483,54.531293969849244,58.75364077669903,-0.5403053070470483,1.0,0,0.002540311617247104,videos/behavior/eval_50008_low__short__u01.mp4,65c947229b2d199eaea00347b13afc86cb06360172dda06df19d075b3cf9674e
free_fall,3407,100000,Short,eval_50008,eval_50008_low,17050008,0.4,160,71,123,low,0.012716991647999366,0.017025336852739666,0.015484814436776212,0.0011025744005647533,True,,E3_fail,150.528132662279,69.34467750224849,84.50420332355816,-0.2809142370209821,1.0,0,0.003715353968613555,videos/behavior/eval_50008_low__short__u04.mp4,6e660ff9448ad4e30cd5da79eca69ccba481c6329358ca815ae4fbd3ab996224
free_fall,3407,100000,Short,eval_50008,eval_50008_low,17050008,0.7,104,89,179,low,0.012716991647999366,0.020214573205843318,0.025507014718384777,0.0031636872006378437,True,,E3_fail,85.93521156263091,81.58840143596241,128.21125034809245,0.1974164709902423,1.0,0,0.00717213304002029,videos/behavior/eval_50008_low__short__u07.mp4,25e02590c64e21270b04389950eb2dedd3123e6d7be01f8187fa4b411e65149d
free_fall,3407,100000,Short,eval_50008,eval_50008_low,17050008,1.0,48,106,235,low,0.012716991647999366,0.013482319050456515,0.03297592074591125,0.005529120531203963,True,,E3_pass,43.96503685347567,83.32147371922821,178.52014304723886,0.6047823331594883,1.0,0,0.006125733671296096,videos/behavior/eval_50008_low__short__u10.mp4,adaa0719505b2e322b3ab051c4627215671c4984487f76848abc87e5fdccc70a
free_fall,3407,100000,Short,eval_50009,eval_50009_low,17050009,0.2,198,60,85,low,0.020923718886327523,0.023042749446900893,0.02178382407659999,0.0007823695499310258,True,,E3_fail,186.79739920358386,57.39931818181819,64.97948717948718,-0.4838327845501826,1.0,0,0.004251817877141129,videos/behavior/eval_50009_low__short__u02.mp4,1d982732d6736f2ea769663e4136ea9f5e68682bc191ffb66dc5d4339358d6d5
free_fall,3407,100000,Short,eval_50009,eval_50009_low,17050009,0.5,142,77,142,low,0.020923718886327523,0.021621346975922117,0.02655988195305165,0.004196220446753628,True,,E3_pass,127.14992829256633,79.62434764742142,105.6382939642188,-0.09240860263376331,1.0,0,0.004983236847067252,videos/behavior/eval_50009_low__short__u05.mp4,455f99e03ca57747e9d7093e161b3bd7e27f9c165f4f81c260c5af4cb403c425
free_fall,3407,100000,Short,eval_50009,eval_50009_low,17050009,0.8,85,94,198,low,0.020923718886327523,0.023330332072107943,0.0328818501916686,0.005551069350311139,True,,E3_fail,70.93398876404494,87.52623259448707,171.81658781785927,0.4155812953127057,1.0,0,0.006684211158056508,videos/behavior/eval_50009_low__short__u08.mp4,a4889c3d54804383d074d255bf43ecc9ceb9f9b3d60ecc0df5f8505a34f1b262
free_fall,3407,100000,Short,eval_50010,eval_50010_low,17050010,0.0,235,48,48,low,0.007786734993212159,0.006106532479392062,0.0064918886297123755,0.0003768680482253463,True,,E3_pass,203.81761823702612,50.97589118198874,51.30605490523969,-0.5977946360420269,1.0,0,0.001957081107550218,videos/behavior/eval_50010_low__short__u00.mp4,2e0a7310768359703a2972ce34ccbbbdecfc73de3d7feafb85756354d8f73594
free_fall,3407,100000,Short,eval_50010,eval_50010_low,17050010,0.3,179,65,104,low,0.007786734993212159,0.006775451612730279,0.007003491359309709,0.0005743858875476516,True,,E3_pass,169.06884374147805,62.707162235485626,73.94033269702754,-0.39146057131930057,1.0,0,0.0026482311386609725,videos/behavior/eval_50010_low__short__u03.mp4,8341aa86bfcb0f0661f2582e2228f4740fb3ae0d5effd80a8e3e86de0b199594
free_fall,3407,100000,Short,eval_50010,eval_50010_low,17050010,0.6,123,83,160,low,0.007786734993212159,0.013697047396823415,0.015462412965753704,0.00271282752711205,True,,E3_fail,101.01733084267332,78.09324629271438,109.40594323516859,0.03986542092008337,1.0,0,0.005268432355046482,videos/behavior/eval_50010_low__short__u06.mp4,7df3a10398fbd022ea71d197e068522d6ad60608dfd3d274efb7eff52252b08b
free_fall,3407,100000,Short,eval_50010,eval_50010_low,17050010,0.9,67,100,216,low,0.007786734993212159,0.017176471357770874,0.028296850637392325,0.003554143803484506,True,,E3_fail,50.87217194570135,71.61744927536232,142.3836231884058,0.47352500440776374,1.0,0,0.006825444947251569,videos/behavior/eval_50010_low__short__u09.mp4,4acdc7606113eb00a918140ca5217b6957a30fa07f57cb7b766ee7b3a1d03efc
free_fall,3407,100000,Short,eval_50011,eval_50011_low,17050011,0.1,216,54,67,low,0.013599032933182768,0.013356538859879946,0.012718665981658057,0.0005201036331790045,True,,E3_pass,196.56955138935388,54.2339847715736,58.28140243902439,-0.5426236271552468,1.0,0,0.0030693222170757872,videos/behavior/eval_50011_low__short__u01.mp4,e7f28e92408555764fd16e7716f9fdbae03b34b4c03656b0be4d0cb0861229bf
free_fall,3407,100000,Short,eval_50011,eval_50011_low,17050011,0.4,160,71,123,low,0.013599032933182768,0.017294028061007178,0.01635044172564118,0.0011297404745079043,True,,E3_fail,150.669696969697,69.81704781704782,85.3227521112767,-0.2769026937637237,1.0,0,0.003531865280125057,videos/behavior/eval_50011_low__short__u04.mp4,b8b811dd1011298f42d1eead3eaec65b86ec6cb07ab12a639733c987ac265c74
free_fall,3407,100000,Short,eval_50011,eval_50011_low,17050011,0.7,104,89,179,low,0.013599032933182768,0.01878229778574007,0.025717440932409,0.0038103859104452443,True,,E3_fail,85.82708528584817,82.49959786502887,128.6999729656664,0.19984839222264097,1.0,0,0.007745152922318366,videos/behavior/eval_50011_low__short__u07.mp4,798dea4f767c256ecd152e0f514e03a2fb6f98a815fa0a6640ad0008d875fdbe
free_fall,3407,100000,Short,eval_50011,eval_50011_low,17050011,1.0,48,106,235,low,0.013599032933182768,0.01371003278093661,0.033412493491819795,0.0056931894619191735,True,,E3_pass,44.937980295566504,83.59626436781609,181.0953407224959,0.6023773831825815,1.0,0,0.0063134000141874536,videos/behavior/eval_50011_low__short__u10.mp4,149bc4fe9f00e2639ec7a93c27b055ca2e65da4768b4d3d318b35e20144d6fc3
free_fall,3407,100000,Short,eval_50012,eval_50012_low,17050012,0.2,198,60,85,low,0.012525382764279998,0.012862951472048788,0.012051663126875977,0.0006761819714976762,True,,E3_pass,185.68243584562538,57.72770417745292,64.92659727207466,-0.4818495050688637,1.0,0,0.002852322031174692,videos/behavior/eval_50012_low__short__u02.mp4,8955964036d3bc85a08ab99df888eefeedc64f289bfc6893aef093c5114d9df2
free_fall,3407,100000,Short,eval_50012,eval_50012_low,17050012,0.5,142,77,142,low,0.012525382764279998,0.0189151120447673,0.018071677235735883,0.0016174375129734716,True,,E3_fail,129.13520749665327,76.62043041258005,98.17087608524072,-0.13622306505605056,1.0,0,0.004342045306958919,videos/behavior/eval_50012_low__short__u05.mp4,d85b14f57239db9c18af95177f6ff63d00d450fa6f23acefb41529f4c3742e6a
free_fall,3407,100000,Short,eval_50012,eval_50012_low,17050012,0.8,85,94,198,low,0.012525382764279998,0.019186923384353665,0.028020301631459278,0.004112044181988772,True,,E3_fail,64.80155138978668,77.9477726997412,141.40551181102362,0.3714904777371154,1.0,0,0.006619647657165051,videos/behavior/eval_50012_low__short__u08.mp4,fbddcf7c34c236b7dcb2539da43393e40bc1ff05974effb0d877cafbf306f499
free_fall,3407,100000,Short,eval_50013,eval_50013_low,17050013,0.0,235,48,48,low,0.017414317598493944,0.016620779432266895,0.015932874209852923,0.0005815696730800204,True,,E3_pass,205.42985179134087,50.276483369160715,50.91247928013261,-0.60277743385319,1.0,0,0.0036897561717830207,videos/behavior/eval_50013_low__short__u00.mp4,c86d115baa29e72093236ecd6a6b43bf8ffdfdedea58b4be6d4924c5f7820bc4
free_fall,3407,100000,Short,eval_50013,eval_50013_low,17050013,0.3,179,65,104,low,0.017414317598493944,0.01906164429778572,0.018864085480755424,0.0009387640200116039,True,,E3_pass,170.89711760993058,64.13819808027924,75.93159631326353,-0.3847426005963681,1.0,0,0.004498796624780921,videos/behavior/eval_50013_low__short__u03.mp4,d85a0394a8ce9510e95822d095b1c53df79a07883ec46a2daaeefdb33da11302
free_fall,3407,100000,Short,eval_50013,eval_50013_low,17050013,0.6,123,83,160,low,0.017414317598493944,0.019611879220210723,0.025653195099845396,0.004102665838512489,True,,E3_fail,107.24007340674007,83.39212302500383,122.96034053156146,0.0682894824378321,1.0,0,0.007745140322495403,videos/behavior/eval_50013_low__short__u06.mp4,2e5a79b52943653bdd666efdb1807190449d5c7bd996730735ddd98e937b775a
free_fall,3407,100000,Short,eval_50013,eval_50013_low,17050013,0.9,67,100,216,low,0.017414317598493944,0.017750073059153007,0.032955643340360205,0.0056524936862107885,True,,E3_pass,54.420142765316825,86.07786103770113,180.85796005753855,0.5373973003659344,1.0,0,0.007913752628747495,videos/behavior/eval_50013_low__short__u09.mp4,ffde9f198f5f90e80e05a784ee6b830739e027c2856751cf4201a8b3bbf9e3ee
free_fall,3407,100000,Short,eval_50014,eval_50014_low,17050014,0.1,216,54,67,low,0.022614128595001778,0.023784140422251823,0.022221332449314568,0.000621107852877304,True,,E3_pass,197.43551905870817,54.358784893267654,58.31422373358349,-0.5439743313373031,1.0,0,0.00408588916092123,videos/behavior/eval_50014_low__short__u01.mp4,9f83400672a760bfe65b23038cd2cacfb1ada6b5e11e59d13df74cc23cc5c5c9
free_fall,3407,100000,Short,eval_50014,eval_50014_low,17050014,0.4,160,71,123,low,0.022614128595001778,0.022607903136121547,0.026019181754260035,0.0030414376835081755,True,,E3_pass,148.0623282967033,71.97750424448218,90.58784783374426,-0.24083150238926668,1.0,0,0.005478271605308449,videos/behavior/eval_50014_low__short__u04.mp4,e80650a1925f79ce442b3790beca0cc5d2b8aab866dfacc73270e6f59bdf83da
free_fall,3407,100000,Short,eval_50014,eval_50014_low,17050014,0.7,104,89,179,low,0.022614128595001778,0.02460385647478674,0.03212085969162194,0.005756324672063897,True,,E3_pass,88.90729600752789,88.07493093922652,150.43028208350788,0.25705527133135153,1.0,0,0.007215537318398635,videos/behavior/eval_50014_low__short__u07.mp4,77c67e0ec08b70821fc85b926a0f0cc3f6246e9a0c5ca8ed7984f97011945e66
free_fall,3407,100000,Short,eval_50014,eval_50014_low,17050014,1.0,48,106,235,low,0.022614128595001778,0.022610181132180794,0.0357304427539992,0.003785472858040659,True,,E3_pass,46.31010429364757,90.14769133459836,194.04203098013818,0.6146478645517678,1.0,0,0.00640980459284024,videos/behavior/eval_50014_low__short__u10.mp4,0f9a4c88c951f1aae0c417ef50b2a764c229572be6839bc3f811f0481696084f
free_fall,3407,100000,Short,eval_50015,eval_50015_low,17050015,0.2,198,60,85,low,0.02469411667584542,0.024659775756835367,0.025193833232168023,0.0010339957974191691,True,,E3_pass,185.91099417823557,59.245538984824705,66.37786152987158,-0.4737947394182992,1.0,0,0.0050334049152946925,videos/behavior/eval_50015_low__short__u02.mp4,6fbeb057b8d7003af866708f2c91b8c8fb638ebbb91dddb39cb9a19778f0fc57
free_fall,3407,100000,Short,eval_50015,eval_50015_low,17050015,0.5,142,77,142,low,0.02469411667584542,0.023229654579843526,0.029777976074789155,0.0056660780165120475,True,,E3_pass,124.96157939548743,79.86829460699943,107.70243041130037,-0.07418057050817434,1.0,0,0.006973484317040368,videos/behavior/eval_50015_low__short__u05.mp4,ecfabd21669940c9378b8ba7db828bac50ec3f6a983d8975f07709c6986bbe59
free_fall,3407,100000,Short,eval_50015,eval_50015_low,17050015,0.8,85,94,198,low,0.02469411667584542,0.024738682831720947,0.03408327827647791,0.00503660204309549,True,,E3_pass,69.65040854808296,87.6506054357022,173.9021388536379,0.42804615027737497,1.0,0,0.006242445218823112,videos/behavior/eval_50015_low__short__u08.mp4,d90b07bc82a52b2d5e27415ba8d0772c516f5c9683ee93856a404aca8c8abaed
free_fall,3407,100000,Short,eval_50016,eval_50016_low,17050016,0.0,235,48,48,low,0.024402419060996557,0.024565904184974972,0.023183315984861258,0.0005052486546283672,True,,E3_pass,204.61902347145755,50.146227638060665,50.453654125318295,-0.6043978163347092,1.0,0,0.004887065173191374,videos/behavior/eval_50016_low__short__u00.mp4,be556cd72a7d0f1d9e096c3112585ec088d7dbadf161fc09384391491b4742ff
free_fall,3407,100000,Short,eval_50016,eval_50016_low,17050016,0.3,179,65,104,low,0.024402419060996557,0.024608118474130348,0.02643482840623247,0.002016770492737159,True,,E3_pass,166.25,63.413798008534854,76.9844666038526,-0.36699376795777333,1.0,0,0.004960480509196286,videos/behavior/eval_50016_low__short__u03.mp4,8b2edc34e1985c74b06fa1cf5b0113ff9ddac2ac89f2d712a81a3a2263efcd20
free_fall,3407,100000,Short,eval_50016,eval_50016_low,17050016,0.6,123,83,160,low,0.024402419060996557,0.025689772850006013,0.03218233683427834,0.0070114399271746786,True,,E3_pass,105.80923124848569,85.75095785440612,128.14389101745422,0.09546638896137542,1.0,0,0.007730751936385838,videos/behavior/eval_50016_low__short__u06.mp4,ed0f25da6a8d4ff9bd82b0aef72d2e63bcde084005b6bb3c42a0e82b2a094c7d
free_fall,3407,100000,Short,eval_50016,eval_50016_low,17050016,0.9,67,100,216,low,0.024402419060996557,0.024875112310240272,0.03537393791593941,0.00414131290805988,True,,E3_pass,56.80866866201086,89.02633465778389,187.46336524300443,0.5348737409367045,1.0,0,0.006362378309569872,videos/behavior/eval_50016_low__short__u09.mp4,01904dd96b1a9f504e4029db8f00469b7ecebdf06998e6b89eeebe2de2ed2ad6
free_fall,3407,100000,Short,eval_50017,eval_50017_low,17050017,0.1,216,54,67,low,0.0075862333014470144,0.0060515921450867045,0.006354563130220703,0.0004219585016570874,True,,E3_pass,196.20500658440227,54.673210303163984,59.09351154254806,-0.5370634191212708,1.0,0,0.0018031714126315324,videos/behavior/eval_50017_low__short__u01.mp4,67a17fb0bfb3257ba9b5040e3524ef34567b5d3ff4aa5b5cf28db4bf45af4e4e
free_fall,3407,100000,Short,eval_50017,eval_50017_low,17050017,0.4,160,71,123,low,0.0075862333014470144,0.008380584212176911,0.008292703842177002,0.001053968869820365,True,,E3_pass,146.56919844861022,66.46513884975424,81.42604521914868,-0.2857215448072667,1.0,0,0.002882791824934894,videos/behavior/eval_50017_low__short__u04.mp4,d4ffd6f6a740ebe895121a1935243a0f370597d72182e33ac1718e8724c8e937
free_fall,3407,100000,Short,eval_50017,eval_50017_low,17050017,0.7,104,89,179,low,0.0075862333014470144,0.015636177695556114,0.021160999130987436,0.002172294773181282,True,,E3_fail,81.43755503755503,73.09733250620347,118.9012617370892,0.1870017368709725,1.0,0,0.006622795867225362,videos/behavior/eval_50017_low__short__u07.mp4,c09d37ebac211131fcdffdbf0c008de3852287a6530f2f0f77ce3c583bc4dc5c
free_fall,3407,100000,Short,eval_50017,eval_50017_low,17050017,1.0,48,106,235,low,0.0075862333014470144,0.012181068719013298,0.031556234267062735,0.004619994880512112,True,,E3_fail,42.37827743902439,74.65454545454546,157.71506493506493,0.576414917795762,1.0,0,0.006837961044343199,videos/behavior/eval_50017_low__short__u10.mp4,d759b0c052f10b6ea2d17ea236b45307cfa80511115d18ef81cdbbff930b7ac9
free_fall,3407,100000,Short,eval_50018,eval_50018_low,17050018,0.2,198,60,85,low,0.010997093215728306,0.009914819885923446,0.009723047591855856,0.0006102243463790531,True,,E3_pass,186.283040201005,58.41044776119403,64.9725,-0.48281737431125227,1.0,0,0.002875201781319503,videos/behavior/eval_50018_low__short__u02.mp4,4ba36a3a731545a0eac6b24fb002bdc99d306f74d9bc616f485c5e5fd8370e1f
free_fall,3407,100000,Short,eval_50018,eval_50018_low,17050018,0.5,142,77,142,low,0.010997093215728306,0.016512265983791033,0.01528896601870478,0.0014449314428871432,True,,E3_fail,128.5873872180451,75.27972027972028,97.02817059483726,-0.13988049817637938,1.0,0,0.0038883934607537585,videos/behavior/eval_50018_low__short__u05.mp4,3df8b32f781f1e4013003d36132a4706a831971ddaf7aa7a9e0d344a8f34ffdc
free_fall,3407,100000,Short,eval_50018,eval_50018_low,17050018,0.8,85,94,198,low,0.010997093215728306,0.01924004415612014,0.027228783668784794,0.0034612393982812175,True,,E3_fail,66.51256773028297,77.26409107876074,138.25498405103667,0.35036027777179396,1.0,0,0.006402042789764195,videos/behavior/eval_50018_low__short__u08.mp4,8e8774c1867a8c08dd7254f9e9e6e5c530576a865f4fa078b820190cfcce84cf
free_fall,3407,100000,Short,eval_50019,eval_50019_low,17050019,0.0,235,48,48,low,0.020048734694221228,0.020889571715909876,0.019202270660707937,0.0007543688956784797,True,,E3_pass,205.54327715698847,50.78975370636059,51.09099651950907,-0.6018380882055329,1.0,0,0.004238405605997753,videos/behavior/eval_50019_low__short__u00.mp4,fb79a95bb52cdab5da485650d54cd962f0042c0eaa1df415851134a6ccbb8df0
free_fall,3407,100000,Short,eval_50019,eval_50019_low,17050019,0.3,179,65,104,low,0.020048734694221228,0.022928933329532174,0.02259081207720014,0.0012308480168428278,True,,E3_fail,169.76821851306386,63.894706224549154,76.36152882205513,-0.37950183064962917,1.0,0,0.004246556891672193,videos/behavior/eval_50019_low__short__u03.mp4,210e81cd450ed95f151eb03dbff0a90b54555442735e5600e6171f6a2f1f6346
free_fall,3407,100000,Short,eval_50019,eval_50019_low,17050019,0.6,123,83,160,low,0.020048734694221228,0.023959211818476066,0.028979493528725638,0.005456362692131916,True,,E3_fail,108.77845062043176,86.33154253753312,125.86030051212677,0.07280063420574805,1.0,0,0.0066281714785652035,videos/behavior/eval_50019_low__short__u06.mp4,01a92c3c1662f72c9bab1009e9a6f51a940127f88be44bd445617db0f4fa808d
free_fall,3407,100000,Short,eval_50019,eval_50019_low,17050019,0.9,67,100,216,low,0.020048734694221228,0.02154338160203703,0.03419797325841598,0.005528768984910048,True,,E3_pass,54.74567687747036,87.43393562101427,182.6841937443061,0.5388476038494755,1.0,0,0.005726556907659219,videos/behavior/eval_50019_low__short__u09.mp4,eb316c1dbfc950c7ea3c9f9122547b17ecfe7bce27732a722cd55d2ad6a4dbd4
free_fall,3407,100000,Short,eval_50020,eval_50020_low,17050020,0.1,216,54,67,low,0.016127420481205825,0.015735469710748032,0.015030777363281499,0.0005258096453889781,True,,E3_pass,196.68639955128518,54.06896551724138,58.40551799082347,-0.5420825673068799,1.0,0,0.0034401039675866496,videos/behavior/eval_50020_low__short__u01.mp4,fafd5be77c5b0890d0ae4dccf171f2e37daa168915abfbc1826a103677644c14
free_fall,3407,100000,Short,eval_50020,eval_50020_low,17050020,0.4,160,71,123,low,0.016127420481205825,0.018985713047321783,0.018943192649397637,0.0013204779833920954,True,,E3_fail,151.55109511889862,70.50903271692746,87.65473887814314,-0.26711872019620314,1.0,0,0.0044698617366440985,videos/behavior/eval_50020_low__short__u04.mp4,ca9fcae093958ea03a310b30055d46266fb8ceb8d68a83f3709e6552c5ae9e66
free_fall,3407,100000,Short,eval_50020,eval_50020_low,17050020,0.7,104,89,179,low,0.016127420481205825,0.020864111152949217,0.026822437767938936,0.0032049525393838645,True,,E3_fail,87.63166000666001,85.04735312117504,136.99140656874744,0.219744780955151,1.0,0,0.005726290084580921,videos/behavior/eval_50020_low__short__u07.mp4,2f9d42dace1a7f926da9a60a1a6b6144e38760aa01cbbe1174ae52b9bc9458a3
free_fall,3407,100000,Short,eval_50020,eval_50020_low,17050020,1.0,48,106,235,low,0.016127420481205825,0.016517152269138895,0.0338695240224706,0.004972864326820973,True,,E3_pass,45.647376149131766,85.49126861838727,185.6349229427159,0.6052670149996701,1.0,0,0.006305798916814931,videos/behavior/eval_50020_low__short__u10.mp4,32e8193ba0390a651506c7cb3af9a8c528090f4b8587d0dbcdcf49dbc56bc5f6
free_fall,3407,100000,Short,eval_50021,eval_50021_low,17050021,0.2,198,60,85,low,0.012432922066907742,0.01283076995889393,0.011892254816074744,0.0005530629974300693,True,,E3_pass,185.1435480442177,57.35763590424839,64.42929292929293,-0.4836834594824233,1.0,0,0.0037098728043609697,videos/behavior/eval_50021_low__short__u02.mp4,fc0d194f0f865a118f05c5f5c5209ee7411dae809ae67ab004c9ca687ff1ea94
free_fall,3407,100000,Short,eval_50021,eval_50021_low,17050021,0.5,142,77,142,low,0.012432922066907742,0.018589972467741207,0.017853481764710365,0.0016663643770718907,True,,E3_fail,128.17743506493508,76.29986391234559,97.98694201084689,-0.13348916148705411,1.0,0,0.004041522747999515,videos/behavior/eval_50021_low__short__u05.mp4,d08d802097be9401c95d6d44068d6f71a08978dae23de950cfd63a475356ea7a
free_fall,3407,100000,Short,eval_50021,eval_50021_low,17050021,0.8,85,94,198,low,0.012432922066907742,0.021605822185035786,0.028626347817450697,0.003958453809126401,True,,E3_fail,67.33737060041408,79.13266184573003,143.36228764921947,0.36082126416518406,1.0,0,0.006844687892274215,videos/behavior/eval_50021_low__short__u08.mp4,016a95ac1fb00224273ebe5da6d0d0166327fc8ef3dd49a343835c37d7ab6aa0
free_fall,3407,100000,Short,eval_50022,eval_50022_low,17050022,0.0,235,48,48,low,0.016146214477300393,0.014723347491951174,0.014405917685217222,0.0004666574680293285,True,,E3_pass,205.28753646866613,51.05754278616121,51.62862024272417,-0.5980897355496247,1.0,0,0.0032037999298671904,videos/behavior/eval_50022_low__short__u00.mp4,8cb60e289a72a76372e470e8ce8084d0f63c13924d6f8055e7109b3fceaee6a0
free_fall,3407,100000,Short,eval_50022,eval_50022_low,17050022,0.3,179,65,104,low,0.016146214477300393,0.017495306652101895,0.01692887047670048,0.000974611685070073,True,,E3_pass,170.48487342797,63.45580970790378,75.27640083328882,-0.3874022580688141,1.0,0,0.004177589948043514,videos/behavior/eval_50022_low__short__u03.mp4,1428ae5a54bac5496c627e0cbc62aad1dacb6bf57bc1bbb99e93d444a5e81b8c
free_fall,3407,100000,Short,eval_50022,eval_50022_low,17050022,0.6,123,83,160,low,0.016146214477300393,0.019572329759451328,0.02430077871180695,0.0034173067544938417,True,,E3_fail,108.6048437639896,83.8869895536562,120.27507716049382,0.05098845433608236,1.0,0,0.005614341807195999,videos/behavior/eval_50022_low__short__u06.mp4,18f69c9b71f41ffd6526a60f91c2763a11a4e770512562f916f5ba50e26ad125
free_fall,3407,100000,Short,eval_50022,eval_50022_low,17050022,0.9,67,100,216,low,0.016146214477300393,0.015920248521797246,0.032303907135053836,0.005791848270406837,True,,E3_pass,55.33609625668449,85.55285204991088,176.33088650479954,0.5222789575184582,1.0,0,0.009043606391306191,videos/behavior/eval_50022_low__short__u09.mp4,cbcb3f8cf29ad83635216a3f5c224b0b1a7b888329d33fd8ae8675388c73cb16
free_fall,3407,100000,Short,eval_50023,eval_50023_low,17050023,0.1,216,54,67,low,0.01567001929571491,0.015028838201072694,0.014340517521131323,0.0004902047625156806,True,,E3_pass,197.32415130231198,54.443986543313706,58.13721014057431,-0.544845374563054,1.0,0,0.003034376800460925,videos/behavior/eval_50023_low__short__u01.mp4,56824349d8e869c5bed90a4f19879c62dac24e0c91fd1de91691ce8e40889acd
free_fall,3407,100000,Short,eval_50023,eval_50023_low,17050023,0.4,160,71,123,low,0.01567001929571491,0.018546856357894017,0.018169617380162335,0.001300590801509929,True,,E3_fail,151.8493770267964,70.23706771287416,86.3769656019656,-0.2748327943180444,1.0,0,0.003925314948937109,videos/behavior/eval_50023_low__short__u04.mp4,048649d3a45d701a64c2240915fbc1f2491909b9fbe4f8a8b4da118da73c1eb6
free_fall,3407,100000,Short,eval_50023,eval_50023_low,17050023,0.7,104,89,179,low,0.01567001929571491,0.01961010872404446,0.026531249153219614,0.004010947008265038,True,,E3_fail,86.00420847268673,83.34797498511018,131.66398649990072,0.20976779833619721,1.0,0,0.006177029595438532,videos/behavior/eval_50023_low__short__u07.mp4,f0c47e5e1009b0b416c49844a9f9310b5efa44cb726818836e5f33e4fb791c9e
free_fall,3407,100000,Short,eval_50023,eval_50023_low,17050023,1.0,48,106,235,low,0.01567001929571491,0.01364343436385065,0.033391171433213566,0.00597566084290806,True,,E3_fail,44.7941523372028,84.02325581395348,181.80509393063585,0.6046398823034324,1.0,0,0.006744228165345811,videos/behavior/eval_50023_low__short__u10.mp4,17338e79416d077f188e41284e7ef50dc1a9632c6550c121c9828798f7298874
free_fall,3407,100000,Short,eval_50024,eval_50024_low,17050024,0.2,198,60,85,low,0.005389165559386035,0.004398909805021781,0.004501087636480411,0.00046337147167934334,True,,E3_pass,184.13059045226132,57.025,65.24371859296483,-0.47674065670387433,1.0,0,0.0014770952294078654,videos/behavior/eval_50024_low__short__u02.mp4,95c64435122db5ad84e553b773c38a898e248b9ef8c4cf76912307930467186b
free_fall,3407,100000,Short,eval_50024,eval_50024_low,17050024,0.5,142,77,142,low,0.005389165559386035,0.008897482566565727,0.00906362444384289,0.0018417749960507991,True,,E3_fail,120.58927249166975,72.40848007414273,93.1392274982282,-0.12843418165915577,1.0,0,0.003720889055534693,videos/behavior/eval_50024_low__short__u05.mp4,eb60a482b53f4f74d35e184ae3f489c5c7b35258b82578d0bc17c8c43f41339b
free_fall,3407,100000,Short,eval_50024,eval_50024_low,17050024,0.8,85,94,198,low,0.005389165559386035,0.01997287863227935,0.024804982319999926,0.003799282846300653,True,,E3_fail,62.80885978428351,71.07300494350284,124.80800865800866,0.33045615454771715,1.0,0,0.007794182304976305,videos/behavior/eval_50024_low__short__u08.mp4,a68f1a89a71c32f318ccd69637ce8447498791701bea7414695ba4247c3f21fd
free_fall,3407,100000,Short,eval_50025,eval_50025_low,17050025,0.0,235,48,48,low,0.019320798479742846,0.01996669666404673,0.01846709007955789,0.0005659558367489704,True,,E3_pass,205.1352657004831,50.564943400630185,51.02391194331984,-0.6016233936051245,1.0,0,0.004499437570303688,videos/behavior/eval_50025_low__short__u00.mp4,76272d5606208fcec7f4e95db3d369de417a153f24593f1cb10ae32c4a5f42a9
free_fall,3407,100000,Short,eval_50025,eval_50025_low,17050025,0.3,179,65,104,low,0.019320798479742846,0.021993600958138196,0.02179302939125016,0.001140236128602457,True,,E3_fail,170.30390785684904,63.81049946082428,75.55902777777777,-0.3853564988741118,1.0,0,0.004380670690275368,videos/behavior/eval_50025_low__short__u03.mp4,0a0cc65a89c4886e03cb508908af3f04ae9c2e36a44f3dd1b93b5ee618a36518
free_fall,3407,100000,Short,eval_50025,eval_50025_low,17050025,0.6,123,83,160,low,0.019320798479742846,0.021765320835956423,0.027947056987881778,0.00534132628551708,True,,E3_fail,108.73501602247103,86.0148172270618,125.20021645021644,0.07038358546384287,1.0,0,0.007397680144261676,videos/behavior/eval_50025_low__short__u06.mp4,4336961c550ba137c37f7fb03c95d74cd8c86ecfb0c30dc203ec2319ec3e8d05
free_fall,3407,100000,Short,eval_50025,eval_50025_low,17050025,0.9,67,100,216,low,0.019320798479742846,0.01950536495970422,0.03394441967498684,0.005874384040610881,True,,E3_pass,55.08651464142794,88.20658137965435,184.1757130153084,0.5395302034848601,1.0,0,0.007009148948702304,videos/behavior/eval_50025_low__short__u09.mp4,d7b905f3afaba4e33a2f8d2e27af697ff191cba861e0feada6d6034b7e780348
free_fall,3407,100000,Short,eval_50026,eval_50026_low,17050026,0.1,216,54,67,low,0.020955334314552404,0.02288580914311784,0.021004903633416547,0.0006346171692797964,True,,E3_pass,198.5098601317767,54.66614401858304,58.65188762071993,-0.5438521620472941,1.0,0,0.0038428210827712306,videos/behavior/eval_50026_low__short__u01.mp4,ebb702ca3c31e2e04d1e034af19dddc15babf2a9089cae5e76c29e41486e38da
free_fall,3407,100000,Short,eval_50026,eval_50026_low,17050026,0.4,160,71,123,low,0.020955334314552404,0.0226641915357449,0.025243048268727378,0.0030376169326145203,True,,E3_pass,148.96486486486486,72.00661037475611,90.53863185219117,-0.24394730688085473,1.0,0,0.005885695086321641,videos/behavior/eval_50026_low__short__u04.mp4,0d0f953294fc607ffb995073285d5f539c9d595d2f1430c4ebceb3bcd7ddaf1a
free_fall,3407,100000,Short,eval_50026,eval_50026_low,17050026,0.7,104,89,179,low,0.020955334314552404,0.025742643491106186,0.031930702564936,0.006238633692823508,True,,E3_fail,89.34935324067703,87.89935543278085,150.84000090102268,0.25600904702907434,1.0,0,0.009684304634821062,videos/behavior/eval_50026_low__short__u07.mp4,6ec7022d6e4c9ca611a3fd3b51ffb1ff2107676bd7e52a6dd801af02f9d62208
free_fall,3407,100000,Short,eval_50026,eval_50026_low,17050026,1.0,48,106,235,low,0.020955334314552404,0.02248152115780218,0.03590595730431973,0.004809874516286546,True,,E3_pass,46.814922774076315,90.04182498560736,193.29614125988547,0.6100560966448841,1.0,0,0.005793943532927948,videos/behavior/eval_50026_low__short__u10.mp4,2b99aad169a99d118626d4aed747ad12e44d3de3dcd27f3be8a49e432acb626b
free_fall,3407,100000,Short,eval_50027,eval_50027_low,17050027,0.2,198,60,85,low,0.004705016266898658,0.004096396595222842,0.004174054012065726,0.0005647980393157814,True,,E3_pass,183.73723207876117,56.86388796775757,64.48345477386934,-0.48043448278625034,1.0,0,0.001988288900435675,videos/behavior/eval_50027_low__short__u02.mp4,24ec739b7bdb41ae8c32038cb3f2a93536fea897a5f36725550dc3ff533d815b
free_fall,3407,100000,Short,eval_50027,eval_50027_low,17050027,0.5,142,77,142,low,0.004705016266898658,0.008238563136724343,0.008675914262361603,0.001740830556388611,True,,E3_fail,119.5049232609129,71.9975194897236,92.56033658443297,-0.12705799477071278,1.0,0,0.003380378442172871,videos/behavior/eval_50027_low__short__u05.mp4,f85d3dc64d69fe73cf4b85eeb7bd5565f5dd10c1a43849b41c2490c1e9235a9b
free_fall,3407,100000,Short,eval_50027,eval_50027_low,17050027,0.8,85,94,198,low,0.004705016266898658,0.020764628761824156,0.02441854176551403,0.003960446884925809,True,,E3_fail,61.38615903975994,69.51329937747595,120.62718792316565,0.3254762899089605,1.0,0,0.009476005280361743,videos/behavior/eval_50027_low__short__u08.mp4,56e153a06fcb2bfbab737a4186b0ddb8ed6ed7c77559d48f4062a0ccc496403c
free_fall,3407,100000,Short,eval_50028,eval_50028_low,17050028,0.0,235,48,48,low,0.012439960016839068,0.010980420883993126,0.011008594556497593,0.00041120208452135085,True,,E3_pass,202.93759290226683,50.3017639142555,50.55826558265583,-0.6011117034824204,1.0,0,0.0027211304971310746,videos/behavior/eval_50028_low__short__u00.mp4,ab0ad7f2ad693b8aef455d8e9bf3bce27aeb51a08a69b958d21fb8c545375e4c
free_fall,3407,100000,Short,eval_50028,eval_50028_low,17050028,0.3,179,65,104,low,0.012439960016839068,0.014434913802574884,0.012877998891151363,0.0008304015786523865,True,,E3_pass,169.55204804434862,61.94567401766355,73.08333333333334,-0.3975871703593524,1.0,0,0.0030916705448496007,videos/behavior/eval_50028_low__short__u03.mp4,3317209638fb7320782ed6d56076d311f4c9405e5d261e769314a6fea1aa5050
free_fall,3407,100000,Short,eval_50028,eval_50028_low,17050028,0.6,123,83,160,low,0.012439960016839068,0.018636338352405274,0.021657575949922268,0.0026568355873807796,True,,E3_fail,106.37425438596492,80.93944343617665,113.47690217391303,0.032306620074630484,1.0,0,0.006049646336580672,videos/behavior/eval_50028_low__short__u06.mp4,5dfd8ae0147495a310afd101afe89f229513876ce3227294bf90c0a55f0c9281
free_fall,3407,100000,Short,eval_50028,eval_50028_low,17050028,0.9,67,100,216,low,0.012439960016839068,0.015716958321966557,0.030972055121977905,0.005050169447225575,True,,E3_fail,52.62664473684211,79.23556286549707,160.9033260233918,0.5070795490724329,1.0,0,0.007247905593477655,videos/behavior/eval_50028_low__short__u09.mp4,f879b5c69bbf631f74aaa769338da13605bf6fead6d54f3e66a4edf4673e87d5
free_fall,3407,100000,Short,eval_50029,eval_50029_low,17050029,0.1,216,54,67,low,0.014681276865603991,0.0138849674154631,0.01366498528005335,0.00041890088013040887,True,,E3_pass,195.09732279198067,54.3564605204239,58.20289109952652,-0.5404434113549065,1.0,0,0.003033932810293516,videos/behavior/eval_50029_low__short__u01.mp4,d2ba9220e4946d683a839eb4221eafac97a3fdfebbd043dcb3fe2966f60fa1d4
free_fall,3407,100000,Short,eval_50029,eval_50029_low,17050029,0.4,160,71,123,low,0.014681276865603991,0.01822707724974562,0.01750628069205617,0.001213724469921406,True,,E3_fail,148.9128389154705,69.29032449780101,85.29929979564852,-0.271606499432054,1.0,0,0.0037283104657626076,videos/behavior/eval_50029_low__short__u04.mp4,f0a5ad8d8bd50e41ccb0fb4d8eb3713ffb9f5daa815547f3aaaa795449eadffa
free_fall,3407,100000,Short,eval_50029,eval_50029_low,17050029,0.7,104,89,179,low,0.014681276865603991,0.021576130939864713,0.026714369539395516,0.003101038235372717,True,,E3_fail,87.51397342260094,83.18008859609269,129.78912994093594,0.19454465152120098,1.0,0,0.0051443569553806245,videos/behavior/eval_50029_low__short__u07.mp4,83b1d7b22e45f0e8ffcbf07e8961678b83d321d44c576cd74b90269b20afb767
free_fall,3407,100000,Short,eval_50029,eval_50029_low,17050029,1.0,48,106,235,low,0.014681276865603991,0.014104525167441498,0.033811133525709816,0.005912678795906432,True,,E3_pass,44.98504011967904,84.45763222159033,181.10150527622594,0.6020546906857719,1.0,0,0.0071084433326402685,videos/behavior/eval_50029_low__short__u10.mp4,d6d50d2340addeca9902d1a5100ee82d19fdb930c83f6348eb1b911991a1d154
free_fall,3407,100000,Short,eval_50030,eval_50030_low,17050030,0.2,198,60,85,low,0.01939035744066626,0.021608799499943286,0.02030047862438293,0.0007090378082935825,True,,E3_fail,187.7372448979592,57.3025,64.49227272727273,-0.48862232038125697,1.0,0,0.004639036883790082,videos/behavior/eval_50030_low__short__u02.mp4,ed31d6b8a95bff6f613a2e46711b78d8785f4606eb4e4d5d8286f3963fd61ee2
free_fall,3407,100000,Short,eval_50030,eval_50030_low,17050030,0.5,142,77,142,low,0.01939035744066626,0.020916010653693504,0.02552593550184148,0.003742072622900502,True,,E3_pass,129.68596273291925,79.87389060887513,103.81659973226238,-0.11078834736348658,1.0,0,0.005612680767845157,videos/behavior/eval_50030_low__short__u05.mp4,f09c1508ce377926aa243c4987d714b3d194713697eb3a132d9739ddd14df393
free_fall,3407,100000,Short,eval_50030,eval_50030_low,17050030,0.8,85,94,198,low,0.01939035744066626,0.021553270869068306,0.03218999843162212,0.00538845608754875,True,,E3_fail,72.47524080857414,88.24973813552494,171.29697145061726,0.40538554302887597,1.0,0,0.007313846043217165,videos/behavior/eval_50030_low__short__u08.mp4,e15b2c8f46ee1b28b0ec68cf1aa743bc60839e17117a1ea6175f54ba071982f6
free_fall,3407,100000,Short,eval_50031,eval_50031_low,17050031,0.0,235,48,48,low,0.00775534148743192,0.005836340366456819,0.006499113105239854,0.0003813410863432446,True,,E3_pass,202.95905006418485,50.57423632488752,51.1131665737644,-0.5976485170230121,1.0,0,0.0025479135098777084,videos/behavior/eval_50031_low__short__u00.mp4,d2e42a43a64d3ccc657aa8f1307ff0f8071133c1661521c5da025517f73d8635
free_fall,3407,100000,Short,eval_50031,eval_50031_low,17050031,0.3,179,65,104,low,0.00775534148743192,0.0068228654223094305,0.007001472064499987,0.0006156702516953912,True,,E3_pass,167.90301348136398,61.004984961568454,72.61588392516228,-0.3961731513975242,1.0,0,0.0022633298754682896,videos/behavior/eval_50031_low__short__u03.mp4,dd1005b4ea28433d0855b348c2f54f4fa97a4734c2642964973ccc44ad9ab5d4
free_fall,3407,100000,Short,eval_50031,eval_50031_low,17050031,0.6,123,83,160,low,0.00775534148743192,0.013790487603407363,0.015624785934132118,0.0021876036434924527,True,,E3_fail,99.1102695308542,75.93271861384133,106.87787698412698,0.03770900211827395,1.0,0,0.0049885591224173575,videos/behavior/eval_50031_low__short__u06.mp4,6d3a1824975140d2852d71ec1192592962954165a006d86ec18dbcadb77c55c9
free_fall,3407,100000,Short,eval_50031,eval_50031_low,17050031,0.9,67,100,216,low,0.00775534148743192,0.018150675745902064,0.02855624130663528,0.00410880681901196,True,,E3_fail,50.761694700095205,72.47349333647836,144.47293312890673,0.4799929165787583,1.0,0,0.008015828086848642,videos/behavior/eval_50031_low__short__u09.mp4,d10393a54be05d04cd6b67e9968621d1eab5e3e655132a317a3bae04e28e24cc
free_fall,3407,100000,Short,eval_50000,eval_50000_high,17050000,0.1,216,54,67,high,0.06511387887451758,0.04918317832906598,0.0412678511563029,0.006226897148410432,True,,E3_fail,157.39026283248705,53.697528202297576,60.48243011367698,-0.44479109065198635,1.0,0,0.022944557873108007,videos/behavior/eval_50000_high__short__u01.mp4,c11079a85cd180ede25c9ae8074844d327a95ae858e9fcfe285200de831f76fb
free_fall,3407,100000,Short,eval_50000,eval_50000_high,17050000,0.4,160,71,123,high,0.06511387887451758,0.060932550734770004,0.05302291911318741,0.00575339721641791,True,,E3_fail,110.49957549634274,75.41830870279146,102.30715816804033,-0.038496983564545534,1.0,0,0.020493626637477558,videos/behavior/eval_50000_high__short__u04.mp4,f2d9626b4b8ea06594cb97e64e5a8a806993207a835805532e6845beec10791d
free_fall,3407,100000,Short,eval_50000,eval_50000_high,17050000,0.7,104,89,179,high,0.06511387887451758,0.06178587002036719,0.06430389238995864,0.0031644820695561357,True,,E3_fail,71.41102418207682,91.17797888386124,173.6396510705789,0.4171734143686829,1.0,0,0.012889418973382027,videos/behavior/eval_50000_high__short__u07.mp4,c8dd3cb8f0673ddff8230db3bfd595bb7437f890a877aba5fce69784cad70ca8
free_fall,3407,100000,Short,eval_50000,eval_50000_high,17050000,1.0,48,106,235,high,0.06511387887451758,0.06574932879693185,0.065623089022066,0.0008991121642154559,True,,E3_pass,48.15309065934066,96.49367015098723,206.37148696985182,0.621623254556631,1.0,0,0.010544736638142593,videos/behavior/eval_50000_high__short__u10.mp4,12a1f5356535b384ba7be762412ebbf61f3adea6c3e600573851341e2e3116b9
free_fall,3407,100000,Short,eval_50001,eval_50001_high,17050001,0.2,198,60,85,high,0.0647655897226971,0.05282309237815425,0.043521599031329454,0.005723272777251215,True,,E3_fail,150.7656699252444,59.67055761698619,69.77439327082183,-0.36724065224565894,1.0,0,0.021725089584503365,videos/behavior/eval_50001_high__short__u02.mp4,841536246d4b2d2cbf0557bffeec476df4974fd8908ecf5bf262b6ca63876cf9
free_fall,3407,100000,Short,eval_50001,eval_50001_high,17050001,0.5,142,77,142,high,0.0647655897226971,0.05575873747533076,0.057590198170171907,0.005059726282842389,True,,E3_fail,98.32305835892936,84.91752738654148,126.31819751381215,0.12462153955701627,1.0,0,0.015038424342637247,videos/behavior/eval_50001_high__short__u05.mp4,506d604306c9fcc873264bc6c0ffd4c27c5e333a87fd4c54bf87f4a623815231
free_fall,3407,100000,Short,eval_50001,eval_50001_high,17050001,0.8,85,94,198,high,0.0647655897226971,0.06162040672802886,0.06498962154675814,0.0022997399146138815,True,,E3_fail,63.33917910447761,93.93467336683418,191.69078726968172,0.5032804967589437,1.0,0,0.01353844089476497,videos/behavior/eval_50001_high__short__u08.mp4,dff2f767e5e6dc87ef000b66073a4c96a7b53ee23a682a8a0c065dc5f403da73
free_fall,3407,100000,Short,eval_50002,eval_50002_high,17050002,0.0,235,48,48,high,0.05984931609265929,0.04078384424172088,0.03875212215535142,0.007030227750560952,True,,E3_fail,171.55743433395872,50.67360937889748,53.634228031275526,-0.5236570708884647,1.0,0,0.018359375694151914,videos/behavior/eval_50002_high__short__u00.mp4,cda8f3862f9e7c4bfee1cd10cefaef101a06b9939ba91099c5ccbf4d242287f9
free_fall,3407,100000,Short,eval_50002,eval_50002_high,17050002,0.3,179,65,104,high,0.05984931609265929,0.05666768251206814,0.0463203998335635,0.005089225180057632,True,,E3_fail,140.45233851116205,67.22655568414493,84.4843475877193,-0.24881664211430224,1.0,0,0.02043710882293559,videos/behavior/eval_50002_high__short__u03.mp4,90234dbca91d023c8fca9437babe30b443d48fbd00d19c8e9425531c55183508
free_fall,3407,100000,Short,eval_50002,eval_50002_high,17050002,0.6,123,83,160,high,0.05984931609265929,0.05615595911726996,0.05764834509887227,0.003884704075498993,True,,E3_fail,87.20655270655271,86.2884268884269,146.9430760657565,0.25512115339414976,1.0,0,0.013111011273740925,videos/behavior/eval_50002_high__short__u06.mp4,93910d0c0b75710a7e8e186f9c3d430e20785956959d337b633d24810badff52
free_fall,3407,100000,Short,eval_50002,eval_50002_high,17050002,0.9,67,100,216,high,0.05984931609265929,0.0604398988861885,0.06069674594026405,0.0010036360043701158,True,,E3_pass,55.35835653601771,96.06275995246584,200.3631761442441,0.5670418837569333,1.0,0,0.01018234117270267,videos/behavior/eval_50002_high__short__u09.mp4,783562e4a85cbee2dc9fabf1914099bad9739e4ed0e78ae63a1e02a036cb6aa9
free_fall,3407,100000,Short,eval_50003,eval_50003_high,17050003,0.1,216,54,67,high,0.06533233898124247,0.04831124387993939,0.041062884822094435,0.006298651825602262,True,,E3_fail,159.7775,53.91026119402985,60.6820297029703,-0.44949506347284074,1.0,0,0.021824920129082992,videos/behavior/eval_50003_high__short__u01.mp4,77d10e29935aede842f6f790327c3431d539fa3eab63c27530424c74f0798edc
free_fall,3407,100000,Short,eval_50003,eval_50003_high,17050003,0.4,160,71,123,high,0.06533233898124247,0.061455584241857986,0.05300962744248953,0.005230016665266201,True,,E3_fail,113.11952581561673,75.76796968148525,101.97783882783884,-0.05179834260752682,1.0,0,0.019636424693131982,videos/behavior/eval_50003_high__short__u04.mp4,5b11f1fa5691173c1517f4b8c94005cd05acb14a423edb05c1bf0364cadb09a5
free_fall,3407,100000,Short,eval_50003,eval_50003_high,17050003,0.7,104,89,179,high,0.06533233898124247,0.06071008405583747,0.06440042226398511,0.003682730551167879,True,,E3_fail,72.12575348984771,90.63549274902086,173.96057727534412,0.41381747400941066,1.0,0,0.01467415869073141,videos/behavior/eval_50003_high__short__u07.mp4,aa0d0ccb4bac3deca1c952faf3a503af1fcd1be48a1201674c82f91b058bb7ff
free_fall,3407,100000,Short,eval_50003,eval_50003_high,17050003,1.0,48,106,235,high,0.06533233898124247,0.06419502770387016,0.0655136157845987,0.0013143447553700094,True,,E3_pass,48.66666666666667,96.72123985853963,205.4914900888585,0.6170363580856509,1.0,0,0.009950653366525786,videos/behavior/eval_50003_high__short__u10.mp4,4cd2f890fd321ca5efa68d52ec205429b060170d89e74973708d8f08d563889f
free_fall,3407,100000,Short,eval_50004,eval_50004_high,17050004,0.2,198,60,85,high,0.05310521705655745,0.04781558876259878,0.04205413919143276,0.005323079536243547,True,,E3_fail,160.90310913705582,59.234020511758004,69.62220137585992,-0.39596913483424756,1.0,0,0.01622203940925293,videos/behavior/eval_50004_high__short__u02.mp4,458ca5b4332a756a0b74efe3aeb7fa6958e6238b1e9dc52b045a953b34a5a0d1
free_fall,3407,100000,Short,eval_50004,eval_50004_high,17050004,0.5,142,77,142,high,0.05310521705655745,0.054500422756464835,0.04869749632712597,0.006178326942978612,True,,E3_pass,108.52445721178262,81.5969975490196,119.1384236878453,0.04662141862617529,1.0,0,0.013740833450388457,videos/behavior/eval_50004_high__short__u05.mp4,720bf1e952001bfaa2c757e0b8d6ec477ae9b9b3960ecc0c89b5078bd24f241d
free_fall,3407,100000,Short,eval_50004,eval_50004_high,17050004,0.8,85,94,198,high,0.05310521705655745,0.05433544852585793,0.05358605944269774,0.0012391681855449597,True,,E3_pass,63.17628546774275,92.16593137254901,185.13982780612247,0.49116241684995654,1.0,0,0.008449709371681102,videos/behavior/eval_50004_high__short__u08.mp4,fc883ff9840c9c3d39f76bcaf0a14246d0e94236b7c806c755488c31bfb2b89a
free_fall,3407,100000,Short,eval_50005,eval_50005_high,17050005,0.0,235,48,48,high,0.049266470942510986,0.04126693408785543,0.03797370000369776,0.0060124923452114865,True,,E3_fail,181.6674126172208,49.96551724137931,53.01965637390364,-0.5481672117528635,1.0,0,0.010893617174309034,videos/behavior/eval_50005_high__short__u00.mp4,1a6c16bc9c6152d0d601d842f0c145dc084119e3bacde30ddce6fb9f97a36f18
free_fall,3407,100000,Short,eval_50005,eval_50005_high,17050005,0.3,179,65,104,high,0.049266470942510986,0.051431045520222554,0.0439674177619486,0.0062463963122513224,True,,E3_fail,143.971125824067,66.0495283018868,82.4363727184361,-0.2717876108422213,1.0,0,0.010119116711456044,videos/behavior/eval_50005_high__short__u03.mp4,2f542b7a6be8ec689f27689ffe70716a012391060dd63dcbac5e4fa37955af9d
free_fall,3407,100000,Short,eval_50005,eval_50005_high,17050005,0.6,123,83,160,high,0.049266470942510986,0.05211953235634267,0.04734666940830639,0.00435174074808664,True,,E3_fail,91.6978813559322,84.92351253167263,140.02118043247077,0.2085426149388839,1.0,0,0.01179492203114263,videos/behavior/eval_50005_high__short__u06.mp4,d9a32bdc340efade58ab1325357b2975d503e5258a1dc89945179bda5eab763c
free_fall,3407,100000,Short,eval_50005,eval_50005_high,17050005,0.9,67,100,216,high,0.049266470942510986,0.051264293991772035,0.05002937217250817,0.0007023349795872342,True,,E3_pass,55.32920792079208,94.67444174757281,198.40690113787497,0.5638838466778922,1.0,0,0.009534995239452115,videos/behavior/eval_50005_high__short__u09.mp4,a349fe5c35f4741002a375f60c15663e4596fb259da6182d204d0e026420c9f7
free_fall,3407,100000,Short,eval_50006,eval_50006_high,17050006,0.1,216,54,67,high,0.0668358973637735,0.04998035708032891,0.04115053562549613,0.005806418035042875,True,,E3_fail,155.10053235053238,54.18634915895292,60.70341780508862,-0.4374206981724453,1.0,0,0.01981496663199589,videos/behavior/eval_50006_high__short__u01.mp4,2db7cd3a5973cd425c10e5a89cbe227b0f920cb5f0e62d18120c26f11730b226
free_fall,3407,100000,Short,eval_50006,eval_50006_high,17050006,0.4,160,71,123,high,0.0668358973637735,0.06220795483190292,0.053715096488163576,0.004878387905173815,True,,E3_fail,107.4985482579095,74.08508932661475,102.53229086229086,-0.02364537234827898,1.0,0,0.01763245695982918,videos/behavior/eval_50006_high__short__u04.mp4,0616fee9b31fa0527efe84b1f32cd8b68406114d23986ac1e403f495d8d4e5aa
free_fall,3407,100000,Short,eval_50006,eval_50006_high,17050006,0.7,104,89,179,high,0.0668358973637735,0.06220151997954981,0.06542971288674165,0.0030353456427468788,True,,E3_fail,71.95515176830966,89.95873786407768,172.4499709133217,0.4111813125779645,1.0,0,0.015027283282029735,videos/behavior/eval_50006_high__short__u07.mp4,ba0613973afa42069219aca69b2599e007300cd4bc13c6a01d95ff14c03ab2fb
free_fall,3407,100000,Short,eval_50006,eval_50006_high,17050006,1.0,48,106,235,high,0.0668358973637735,0.06682039497410112,0.06697753199362849,0.0011570287701372708,True,,E3_pass,47.512205937266614,95.26327949962659,203.19412830399034,0.6209732308434974,1.0,0,0.011618948574824484,videos/behavior/eval_50006_high__short__u10.mp4,cfb1d7e887dd0f096d2f67cfecbd8d442fa80babcc48a01f419a65b14cd43a30
free_fall,3407,100000,Short,eval_50007,eval_50007_high,17050007,0.2,198,60,85,high,0.0611354978442743,0.050971798296952184,0.043387087519617784,0.005680665467070914,True,,E3_fail,152.42018158982677,58.74871794871795,69.1502739106398,-0.37581683664052973,1.0,0,0.021220854418958712,videos/behavior/eval_50007_high__short__u02.mp4,c607ab0f6c8a053c7e3509d5dbf9d2fa370805bf052e7ddd0f8f7acfbdb7ba52
free_fall,3407,100000,Short,eval_50007,eval_50007_high,17050007,0.5,142,77,142,high,0.0611354978442743,0.05556236979883672,0.055456522062103976,0.005680866916225574,True,,E3_fail,98.00610335610335,82.08471209240287,123.96171810605367,0.11693413297014917,1.0,0,0.014245337037759098,videos/behavior/eval_50007_high__short__u05.mp4,6c93ac91c58282e33599e0b05459e009f5cad92b1101fc98b022746a9add15ea
free_fall,3407,100000,Short,eval_50007,eval_50007_high,17050007,0.8,85,94,198,high,0.0611354978442743,0.06021614983604475,0.061753434447657594,0.0017619262508726148,True,,E3_pass,62.736262376237626,93.50231707317073,190.03546890222015,0.5036133031258427,1.0,0,0.010125276281254258,videos/behavior/eval_50007_high__short__u08.mp4,a3593d57cc827c1182fa91235ec2fd0783b90d39133fbd75d8eb1b8cd9d9fa00
free_fall,3407,100000,Short,eval_50008,eval_50008_high,17050008,0.0,235,48,48,high,0.05471699164799937,0.04029731246523782,0.03815341654903145,0.005878075337852295,True,,E3_fail,175.53920113114174,50.537227265488134,53.84978991596638,-0.530493685244835,1.0,0,0.013292622210057115,videos/behavior/eval_50008_high__short__u00.mp4,1b279753833b89f7f2faff37c28a1fc6534380af5175d363f42e80512b3c5491
free_fall,3407,100000,Short,eval_50008,eval_50008_high,17050008,0.3,179,65,104,high,0.05471699164799937,0.05464514996727461,0.04477916085366221,0.005176957353041418,True,,E3_pass,141.81816747317484,66.3953257634219,83.67071718231574,-0.25787280104604027,1.0,0,0.014535696877304938,videos/behavior/eval_50008_high__short__u03.mp4,ead77abe4693f31cc1057cf9cccf1cab4a85bc39f5ff5c9deb63f7675654ce4f
free_fall,3407,100000,Short,eval_50008,eval_50008_high,17050008,0.6,123,83,160,high,0.05471699164799937,0.05452386348794928,0.05327216698771771,0.004382799462319328,True,,E3_pass,87.72275698158052,84.58760282021152,142.89349519010534,0.2392317873913408,1.0,0,0.010296034424268408,videos/behavior/eval_50008_high__short__u06.mp4,dda56025807bbddf9bd09d993e2b2363f6deff687759d5a0d8d896afdf18ab15
free_fall,3407,100000,Short,eval_50008,eval_50008_high,17050008,0.9,67,100,216,high,0.05471699164799937,0.05687582942692127,0.05583126096449584,0.0009841481984793612,True,,E3_fail,54.85510554025986,94.84769417475728,198.81101979916636,0.5675015300773054,1.0,0,0.010824747509172616,videos/behavior/eval_50008_high__short__u09.mp4,0ec65de1fbb26175349d521041215b7d4715dc52821c7a1147f6785e62d1e53f
free_fall,3407,100000,Short,eval_50009,eval_50009_high,17050009,0.1,216,54,67,high,0.06292371888632753,0.04622852008695128,0.04093367221106632,0.007029114179115778,True,,E3_fail,163.18102310231023,53.76846377217227,61.629566169296304,-0.45172007805345565,1.0,0,0.019246248065145632,videos/behavior/eval_50009_high__short__u01.mp4,9bb30c0ce9ff30910b7c2b4d88edd0e5439d2d3c3cc8a0c04195f83fad33ba4c
free_fall,3407,100000,Short,eval_50009,eval_50009_high,17050009,0.4,160,71,123,high,0.06292371888632753,0.06075115222276514,0.05214258103481161,0.005670667952057753,True,,E3_fail,117.35428172411605,76.16770960520961,103.37286583473025,-0.06334252965262582,1.0,0,0.017370756661355014,videos/behavior/eval_50009_high__short__u04.mp4,5e7e77d31010dd29d32122c371d125b3d621018b52b202f85c16fc922da87306
free_fall,3407,100000,Short,eval_50009,eval_50009_high,17050009,0.7,104,89,179,high,0.06292371888632753,0.059679912277503355,0.06274090072252615,0.0030178195039014806,True,,E3_fail,72.07068062827224,90.28942307692307,172.88088942307692,0.41155159272370223,1.0,0,0.012888963313242852,videos/behavior/eval_50009_high__short__u07.mp4,83d07adda4aca527a941aeecf4dac67cabf182d8d10be72eddb8d846e5e662a3
free_fall,3407,100000,Short,eval_50009,eval_50009_high,17050009,1.0,48,106,235,high,0.06292371888632753,0.0640805144276204,0.06390566152416582,0.0009113064187267476,True,,E3_pass,47.947272019598415,96.70277419948474,206.8542055638536,0.623649968796628,1.0,0,0.011001017217345366,videos/behavior/eval_50009_high__short__u10.mp4,c3e17a4e0e8aa2a4ffad0e192fd86752619a60f591ac4f5a42e612e0a2546637
free_fall,3407,100000,Short,eval_50010,eval_50010_high,17050010,0.2,198,60,85,high,0.04978673499321216,0.044541186030445684,0.04107640200506675,0.005493928792311229,True,,E3_fail,163.90348979738985,59.64206852791878,69.829375,-0.40248561056630666,1.0,0,0.014688801620285852,videos/behavior/eval_50010_high__short__u02.mp4,c8e15074b1d7649b84de6c9dc40cbd161c73e734933effd668a3341c8a4af407
free_fall,3407,100000,Short,eval_50010,eval_50010_high,17050010,0.5,142,77,142,high,0.04978673499321216,0.05346580715540936,0.046470266785497996,0.00670960441420435,True,,E3_fail,111.08959031488693,83.52078676105316,119.47091605712296,0.03635195755821556,1.0,0,0.017301029356418862,videos/behavior/eval_50010_high__short__u05.mp4,61a91313a4b8b205f00d00abb6733747740a9b61b7f48a4b7ac8102c53207ae2
free_fall,3407,100000,Short,eval_50010,eval_50010_high,17050010,0.8,85,94,198,high,0.04978673499321216,0.05161183398325963,0.050202646230282096,0.001469504982749237,True,,E3_pass,65.7151802563537,93.6285221921124,186.0051282051282,0.4778714466225943,1.0,0,0.008770488129211551,videos/behavior/eval_50010_high__short__u08.mp4,16c2642c8dd058547298b82f376b686156a4a769d0abeeddb22b5d03bec502d3
free_fall,3407,100000,Short,eval_50011,eval_50011_high,17050011,0.0,235,48,48,high,0.05559903293318277,0.04063695922352518,0.038507543852721975,0.006209081594238974,True,,E3_fail,176.2075715233043,50.6126740551293,53.3908215010142,-0.534919902550368,1.0,0,0.015857000605315807,videos/behavior/eval_50011_high__short__u00.mp4,9c184eb0d025b515607f138f9ccc9b5594ac5885963eaaed2e3ba63f37ed4721
free_fall,3407,100000,Short,eval_50011,eval_50011_high,17050011,0.3,179,65,104,high,0.05559903293318277,0.05561316794069012,0.04530656241961854,0.005525366696511911,True,,E3_pass,144.46361662044063,66.85706615120274,82.64011366640233,-0.27222583651951454,1.0,0,0.016717220257882248,videos/behavior/eval_50011_high__short__u03.mp4,f3c1c0e5b3069691675ddb780c491d5efd79e316c5405a9efa3834e1020184d4
free_fall,3407,100000,Short,eval_50011,eval_50011_high,17050011,0.6,123,83,160,high,0.05559903293318277,0.05462102728601434,0.05376031825747631,0.004161881275068829,True,,E3_pass,89.81164423811482,86.16783707865169,144.17970494886566,0.23235072963020337,1.0,0,0.01048245886317889,videos/behavior/eval_50011_high__short__u06.mp4,1d59418a86e747cd3d86bdff0f6703eea6ae139b89af973088c68560e0d9f4ca
free_fall,3407,100000,Short,eval_50011,eval_50011_high,17050011,0.9,67,100,216,high,0.05559903293318277,0.0567994702564433,0.05639981659255357,0.000988590985877981,True,,E3_pass,56.18509015256588,96.65673727566931,200.3559870550162,0.5619797752146835,1.0,0,0.010666958394512815,videos/behavior/eval_50011_high__short__u09.mp4,9d6574841a839dc910331cad3efec7f3e6bab367b3ff2734847228aa0b87274e
free_fall,3407,100000,Short,eval_50012,eval_50012_high,17050012,0.1,216,54,67,high,0.05452538276428,0.04291326655586224,0.040468762007208926,0.006156585701754505,True,,E3_fail,169.8246456998641,55.138776254682696,61.95073413420701,-0.4654243761476477,1.0,0,0.017957345093434163,videos/behavior/eval_50012_high__short__u01.mp4,b81cec8dc7822ebf0ccb4e9b54d3aefe7c21dacf69252d50b78391f10fe4e195
free_fall,3407,100000,Short,eval_50012,eval_50012_high,17050012,0.4,160,71,123,high,0.05452538276428,0.05645793013515803,0.04756539599466888,0.005885296060045379,True,,E3_pass,126.95090778786431,76.60034496443508,101.3795610787943,-0.11199270441652343,1.0,0,0.01648501781852052,videos/behavior/eval_50012_high__short__u04.mp4,fd07ec6408915ce324e0df439f7b060736a386651e02c577dd8843bf48afc25d
free_fall,3407,100000,Short,eval_50012,eval_50012_high,17050012,0.7,104,89,179,high,0.05452538276428,0.05481430726066653,0.05456742256301881,0.002780527156951053,True,,E3_pass,74.20402250821772,89.33179104477611,167.2539165872764,0.385366885957964,1.0,0,0.011557468123764236,videos/behavior/eval_50012_high__short__u07.mp4,dc080565add08f75e01a4afd0549762ac75799065503acc1f34b6de81fe64c9b
free_fall,3407,100000,Short,eval_50012,eval_50012_high,17050012,1.0,48,106,235,high,0.05452538276428,0.05638141551584876,0.05562240769950686,0.0005801042270426805,True,,E3_pass,48.39948876694339,96.70507363092499,204.95673076923077,0.6179332889040584,1.0,0,0.00977595191905356,videos/behavior/eval_50012_high__short__u10.mp4,efb75985b5b3ddab9aefc677d1df0dd6e8d0f92a6375947b719054342b920081
free_fall,3407,100000,Short,eval_50013,eval_50013_high,17050013,0.2,198,60,85,high,0.05941431759849394,0.05029655257889643,0.04282980150301909,0.005678864862864425,True,,E3_fail,154.8723575965844,58.41096733668341,68.61306532663318,-0.38597279026823494,1.0,0,0.019680879266451345,videos/behavior/eval_50013_high__short__u02.mp4,1b2036dfba460aab96b701a0f27f96c52785d6e0eaa8fb152acf5deac6cd45f8
free_fall,3407,100000,Short,eval_50013,eval_50013_high,17050013,0.5,142,77,142,high,0.05941431759849394,0.056787945383327786,0.05451744111108145,0.0057948846548856545,True,,E3_fail,102.7057142857143,83.74782946381515,123.89289897919339,0.09350094595993792,1.0,0,0.016003112951162413,videos/behavior/eval_50013_high__short__u05.mp4,fa069a1caff61854d575a40702dd028f5764e19ea2ee2c828414cf4354c0643c
free_fall,3407,100000,Short,eval_50013,eval_50013_high,17050013,0.8,85,94,198,high,0.05941431759849394,0.05917605588765705,0.06020937823084016,0.0013729239742146203,True,,E3_pass,63.58209183673469,93.38400497512438,189.8357960199005,0.4982036005863571,1.0,0,0.010238303545390126,videos/behavior/eval_50013_high__short__u08.mp4,678cfddf9f210269895e9efe308de5cb815a7ac826e83352e99e0df477a622b6
free_fall,3407,100000,Short,eval_50014,eval_50014_high,17050014,0.0,235,48,48,high,0.06461412859500178,0.04266796710910237,0.03862553841908625,0.007107062020199514,True,,E3_fail,165.43261787473608,49.92250268528464,53.08828016643551,-0.5141125572673293,1.0,0,0.018002526704751,videos/behavior/eval_50014_high__short__u00.mp4,c4b7827501c50b025a5df647dfce5819bc56b842768b8d351fa7a4b305a6529c
free_fall,3407,100000,Short,eval_50014,eval_50014_high,17050014,0.3,179,65,104,high,0.06461412859500178,0.06167087264952096,0.048179232474311794,0.00509582929211301,True,,E3_fail,130.79262335124574,66.98026473341606,83.83345465744603,-0.21879526071336855,1.0,0,0.023878426325204094,videos/behavior/eval_50014_high__short__u03.mp4,3b8a95bfec2ae0180492df0159a3e802752f5de5dff8dc5cd550e782cd03fe31
free_fall,3407,100000,Short,eval_50014,eval_50014_high,17050014,0.6,123,83,160,high,0.06461412859500178,0.05810545351214195,0.06171969800955029,0.00423403477589104,True,,E3_fail,84.96840539121303,86.02718926553672,149.22176610107644,0.2743640362891089,1.0,0,0.012546085698231901,videos/behavior/eval_50014_high__short__u06.mp4,08f543710195c8c5ce970f0734faac00535c1aedc4cd04b6b300f37e636926bd
free_fall,3407,100000,Short,eval_50014,eval_50014_high,17050014,0.9,67,100,216,high,0.06461412859500178,0.06404613356240943,0.06554112399320922,0.0012165525328837105,True,,E3_pass,55.63198255241311,96.19902443736115,200.62275633435945,0.5658071901882394,1.0,0,0.010844437714516486,videos/behavior/eval_50014_high__short__u09.mp4,c9d6db598d6fdb078256e29cafb92128099c61b8044dc7ec67d35dfbb0e99871
free_fall,3407,100000,Short,eval_50015,eval_50015_high,17050015,0.1,216,54,67,high,0.06669411667584542,0.04859307184004707,0.04086035727101309,0.005711476603853056,True,,E3_fail,157.83864347917597,54.93654822335026,61.29883512544803,-0.44054448818364034,1.0,0,0.017110509407667895,videos/behavior/eval_50015_high__short__u01.mp4,725a09c58824baae88556d515e4dda6887ed59a1403a9a82026da0f10573a5fa
free_fall,3407,100000,Short,eval_50015,eval_50015_high,17050015,0.4,160,71,123,high,0.06669411667584542,0.06123188848386181,0.05380394803845416,0.004111633733757619,True,,E3_fail,111.64786516853933,78.06194635059263,105.69999999999999,-0.027365647985210816,1.0,0,0.014086651815198525,videos/behavior/eval_50015_high__short__u04.mp4,145aa03ceaeb696d233e5262f4e8d587cff2cec447dd8412fc586c4ac87d51b6
free_fall,3407,100000,Short,eval_50015,eval_50015_high,17050015,0.7,104,89,179,high,0.06669411667584542,0.061883346857706245,0.06561745465423961,0.0032958145668426308,True,,E3_fail,73.571118751653,92.02596112542955,175.48107280927834,0.4091911555521982,1.0,0,0.015065689302649399,videos/behavior/eval_50015_high__short__u07.mp4,c0ee449c40c1369c95a79c17670b59a9034db3b9f27d75e09b698ebbb9290dd0
free_fall,3407,100000,Short,eval_50015,eval_50015_high,17050015,1.0,48,106,235,high,0.06669411667584542,0.06591242994819879,0.0669533755006014,0.0014508580186691888,True,,E3_pass,48.94992743105951,97.14323328067404,205.9648723257419,0.615950682520121,1.0,0,0.01126361915922569,videos/behavior/eval_50015_high__short__u10.mp4,27f75e4495acc8fdf361f3b31fd180f624d48cdb8832e713a13a0a5d023cbb87
free_fall,3407,100000,Short,eval_50016,eval_50016_high,17050016,0.2,198,60,85,high,0.06640241906099656,0.056080959016922755,0.04414479458855962,0.0050917655998994156,True,,E3_fail,148.0895895895896,58.06374570446735,68.66980681275172,-0.36639603216748795,1.0,0,0.022258863778645832,videos/behavior/eval_50016_high__short__u02.mp4,d4ccd633473e326b82ae6a80ccc64ed97b3e3c5b2cbd51f0ac110212a9b2158f
free_fall,3407,100000,Short,eval_50016,eval_50016_high,17050016,0.5,142,77,142,high,0.06640241906099656,0.05631603013731296,0.0584037063271628,0.00544493900358443,True,,E3_fail,95.51495106922798,80.63834708677169,122.64087229672586,0.12434195342103861,1.0,0,0.012935638193392607,videos/behavior/eval_50016_high__short__u05.mp4,33b815566def43f82aee4ef664f381253174b1d3906b9df4db540484257181dd
free_fall,3407,100000,Short,eval_50016,eval_50016_high,17050016,0.8,85,94,198,high,0.06640241906099656,0.06301579789212013,0.06639727303298439,0.0024254854299121257,True,,E3_fail,62.134020618556704,93.39723456006769,190.89457286432162,0.5088774769420567,1.0,0,0.011307164131017955,videos/behavior/eval_50016_high__short__u08.mp4,03c37c669a9b0a4d39e928d4221df6c30df2a0c709667e3ec5d157490e6c4126
free_fall,3407,100000,Short,eval_50017,eval_50017_high,17050017,0.0,235,48,48,high,0.049586233301447014,0.03993920822367937,0.03786363738884125,0.005847986214147298,True,,E3_fail,182.98408865216214,51.04547964113182,53.75796269727403,-0.5458520158049451,1.0,0,0.01109574417951853,videos/behavior/eval_50017_high__short__u00.mp4,fd125f99aef5da0fada298d856e835973839703c18dda0b65e21bcc7f86f31c5
free_fall,3407,100000,Short,eval_50017,eval_50017_high,17050017,0.3,179,65,104,high,0.049586233301447014,0.05065255376441822,0.043565949090991624,0.005380307849647003,True,,E3_pass,145.6641414141414,65.77116461366181,82.3154519515776,-0.2778699993597286,1.0,0,0.013283960134353734,videos/behavior/eval_50017_high__short__u03.mp4,9e425c422471ab977bf732b6e48c366dc5f2c37fe7fdc1f1e83002103fd2313d
free_fall,3407,100000,Short,eval_50017,eval_50017_high,17050017,0.6,123,83,160,high,0.049586233301447014,0.052883420846382916,0.04776088856145028,0.004456293488299191,True,,E3_fail,92.09041231992052,85.40235025870385,141.48477755161383,0.21147094115115503,1.0,0,0.010238757749266303,videos/behavior/eval_50017_high__short__u06.mp4,8a98c5c734cb3fd287201bfb94e37bd861c6b6b7d2f7eddefa3781053917bb56
free_fall,3407,100000,Short,eval_50017,eval_50017_high,17050017,0.9,67,100,216,high,0.049586233301447014,0.05190981461723801,0.05050497939631141,0.0006157772430620037,True,,E3_fail,55.85293764267692,95.27521008403362,198.1484016102297,0.5602154082576314,1.0,0,0.010125085367931663,videos/behavior/eval_50017_high__short__u09.mp4,a9e2c4951ae9e0307ebee002ee5ee3c0fcd8b9499c91ece869f07bf2d2031ad0
free_fall,3407,100000,Short,eval_50018,eval_50018_high,17050018,0.1,216,54,67,high,0.052997093215728305,0.04295721005120951,0.04023488864949594,0.00580068726143773,True,,E3_fail,170.47022955523673,54.571041921041925,62.00027777777778,-0.46659661486467635,1.0,0,0.015108853616328743,videos/behavior/eval_50018_high__short__u01.mp4,53ed8cda01828852bc5dcb68bc7164844c7251d92200a3784ddf6452ec2e196c
free_fall,3407,100000,Short,eval_50018,eval_50018_high,17050018,0.4,160,71,123,high,0.052997093215728305,0.05525637216503747,0.046795165337612625,0.006171527347833824,True,,E3_fail,125.75182917724354,74.40355614973262,98.91078973025674,-0.11947265449637559,1.0,0,0.012062461403891,videos/behavior/eval_50018_high__short__u04.mp4,14d7bcbc00ee9998b60c12c06e828e452162e2229666927f4bca4af4bae4ccb1
free_fall,3407,100000,Short,eval_50018,eval_50018_high,17050018,0.7,104,89,179,high,0.052997093215728305,0.05334516237546975,0.052743074286107416,0.0027882124171249314,True,,E3_pass,73.7722949505744,88.76909574468085,166.97433392791413,0.3871374623666318,1.0,0,0.010493437512494319,videos/behavior/eval_50018_high__short__u07.mp4,671b8082be3bad444b4de75b2114a7570a33cb842279b942642990b2e66344ef
free_fall,3407,100000,Short,eval_50018,eval_50018_high,17050018,1.0,48,106,235,high,0.052997093215728305,0.05440440064176904,0.05399898426325399,0.00047508733274868306,True,,E3_pass,47.79033119658119,96.15179069119287,206.19910517114465,0.6236825288482418,1.0,0,0.008897342604836211,videos/behavior/eval_50018_high__short__u10.mp4,6c94317fb75fafd73a60598cd9bed33947dda54cde5d108c35166e789c5e7431
free_fall,3407,100000,Short,eval_50019,eval_50019_high,17050019,0.2,198,60,85,high,0.06204873469422123,0.052700801381932734,0.04373515751868256,0.005276783701350755,True,,E3_fail,149.2979274611399,58.450716845878134,69.38064396743152,-0.36545548551752804,1.0,0,0.02061045253056537,videos/behavior/eval_50019_high__short__u02.mp4,b1ec8b43118e717536e11554b24ab14811c1713f8149b2ddf2382581741200e5
free_fall,3407,100000,Short,eval_50019,eval_50019_high,17050019,0.5,142,77,142,high,0.06204873469422123,0.056335646243320006,0.05616569812795329,0.0052613954472947675,True,,E3_fail,95.88510742988355,81.57277978797688,122.37483022595381,0.12136777404307886,1.0,0,0.011674296751998825,videos/behavior/eval_50019_high__short__u05.mp4,36fef6bb45f06914573a62a6c893e8129855ccc7a56fba50d2b6615b307dfdc9
free_fall,3407,100000,Short,eval_50019,eval_50019_high,17050019,0.8,85,94,198,high,0.06204873469422123,0.06060859940908225,0.06260256583394763,0.001852573588290937,True,,E3_pass,63.29926862032937,93.42293719518264,189.28934621561416,0.4987955521158977,1.0,0,0.010807183584810476,videos/behavior/eval_50019_high__short__u08.mp4,43f273317b1333c3093ecd8544b6a14a527c911427115219d4469367c71e6bc7
free_fall,3407,100000,Short,eval_50020,eval_50020_high,17050020,0.0,235,48,48,high,0.058127420481205824,0.0415419165107592,0.03891046925375612,0.006543536954856678,True,,E3_fail,174.0708128078818,50.452825984990625,53.770197933524216,-0.5280024631338004,1.0,0,0.016387112300187523,videos/behavior/eval_50020_high__short__u00.mp4,562487f0c146eddd4e6ffc0b890197d292e0041b0959ff357949d7f6f5a4e621
free_fall,3407,100000,Short,eval_50020,eval_50020_high,17050020,0.3,179,65,104,high,0.058127420481205824,0.056237988235745315,0.04604078699247438,0.005453307699138244,True,,E3_pass,142.5818835910653,66.2089605148342,83.69738520408163,-0.260229311772667,1.0,0,0.018307883579329887,videos/behavior/eval_50020_high__short__u03.mp4,a7c971e8f3c69c6374f598685076ef78f9bcd361ba5a637a205ed1a1632a6750
free_fall,3407,100000,Short,eval_50020,eval_50020_high,17050020,0.6,123,83,160,high,0.058127420481205824,0.055370963213813254,0.05612525615155213,0.004301223719036261,True,,E3_fail,86.96978021978022,85.91533000653479,145.3945335977882,0.25143599900575786,1.0,0,0.01231486689163841,videos/behavior/eval_50020_high__short__u06.mp4,4c4cb2a4c4f6559cc38ee7cc00a0b64667620fa776f3edb344043e817284493d
free_fall,3407,100000,Short,eval_50020,eval_50020_high,17050020,0.9,67,100,216,high,0.058127420481205824,0.05939626457330863,0.059102479806445195,0.0008588396058803822,True,,E3_pass,55.1229360444156,96.25790871770104,200.31128039988465,0.5683981824225499,1.0,0,0.011284691955920523,videos/behavior/eval_50020_high__short__u09.mp4,f48c17ec220c5f9b8d78aefdf0f71f33668c209f3f0039f0f430b35abb0dc13b
free_fall,3407,100000,Short,eval_50021,eval_50021_high,17050021,0.1,216,54,67,high,0.05443292206690774,0.044451915709938776,0.040551771212888936,0.005968639254997621,True,,E3_fail,167.44397149552822,54.64776320627528,61.45,-0.4630701752562256,1.0,0,0.016707173191565117,videos/behavior/eval_50021_high__short__u01.mp4,ab1dcb95d9d2200f4b24280c945679241da4a8bb4d8b42498e5d50ede49b604a
free_fall,3407,100000,Short,eval_50021,eval_50021_high,17050021,0.4,160,71,123,high,0.05443292206690774,0.05693930862584382,0.0477537820663715,0.006284404419442586,True,,E3_fail,124.14611845888442,76.7469806763285,100.05370902817711,-0.10745953598959643,1.0,0,0.018259503311986225,videos/behavior/eval_50021_high__short__u04.mp4,3b6ac055e56ee2f55f49dc0634a138ef3376a60f844cc57d135e13d393e3d942
free_fall,3407,100000,Short,eval_50021,eval_50021_high,17050021,0.7,104,89,179,high,0.05443292206690774,0.055386478290690905,0.05458143841253775,0.002693690194494964,True,,E3_pass,73.69845888136044,89.5903147042865,167.35,0.3885174854601859,1.0,0,0.011433263941010297,videos/behavior/eval_50021_high__short__u07.mp4,e83667e8dfc0dd7ae88578f0ef001bef57d7ccc15f55160bd7ffd80ecf59f1dc
free_fall,3407,100000,Short,eval_50021,eval_50021_high,17050021,1.0,48,106,235,high,0.05443292206690774,0.056523996975943305,0.05557096000763454,0.000694707315638393,True,,E3_fail,47.9211644233779,95.82199570071424,204.56585848362164,0.6204069114393308,1.0,0,0.010583074540756354,videos/behavior/eval_50021_high__short__u10.mp4,b0dd54bf1df7d73eb1269b3f9ed76538c2795a087bab10b9d0dbc3e970268011
free_fall,3407,100000,Short,eval_50022,eval_50022_high,17050022,0.2,198,60,85,high,0.058146214477300395,0.05042113529693494,0.04313447866349619,0.005612350297824993,True,,E3_fail,156.82128390504027,58.965587649402394,69.59794731846227,-0.38522936464031127,1.0,0,0.01938099321743203,videos/behavior/eval_50022_high__short__u02.mp4,d0ec5911b6de52dee48145f30a481e8f6af7e9fa7f8cfbecf61032fa315ffd07
free_fall,3407,100000,Short,eval_50022,eval_50022_high,17050022,0.5,142,77,142,high,0.058146214477300395,0.05499230777711058,0.05335425957787643,0.005816959845929737,True,,E3_fail,106.75387667887668,80.59147865708951,121.02603507763082,0.06265766936467494,1.0,0,0.016697966230156958,videos/behavior/eval_50022_high__short__u05.mp4,48d92b3855762a656f3898929d428ad9d4c238fb3cf8be11ab2111261c4cacac
free_fall,3407,100000,Short,eval_50022,eval_50022_high,17050022,0.8,85,94,198,high,0.058146214477300395,0.05740666909961905,0.05896268624405427,0.0016786459323365494,True,,E3_pass,64.40298309178743,94.1534090909091,189.31067073170732,0.4923175625653006,1.0,0,0.011254698095039872,videos/behavior/eval_50022_high__short__u08.mp4,f75820878654fa740ebf2e0ea894fcef6fb330f48232293c6cea110f7b316020
free_fall,3407,100000,Short,eval_50023,eval_50023_high,17050023,0.0,235,48,48,high,0.057670019295714914,0.041787644252602764,0.038888950366326336,0.006584670158564612,True,,E3_fail,173.37768893965352,50.911904761904765,53.91198192051851,-0.5256099257261428,1.0,0,0.017066769092887846,videos/behavior/eval_50023_high__short__u00.mp4,18306baa64a838d4ef017e5281872aa94e5f2dd952e8366bb7bd648bb2638cdb
free_fall,3407,100000,Short,eval_50023,eval_50023_high,17050023,0.3,179,65,104,high,0.057670019295714914,0.05692523150800764,0.046080756458671907,0.0053992062230839525,True,,E3_pass,141.31258817145957,67.53659673659674,83.87138776881721,-0.2550856479142931,1.0,0,0.01995150230212417,videos/behavior/eval_50023_high__short__u03.mp4,b80c955a1d8dd5894dbddeffc9fbe26aa7c8d07b83d8f66387e6cad14b1a45d7
free_fall,3407,100000,Short,eval_50023,eval_50023_high,17050023,0.6,123,83,160,high,0.057670019295714914,0.055248367233988356,0.05606576869611619,0.00393641654379365,True,,E3_fail,87.28340238995978,85.52629368279571,145.87995218579235,0.2513111457949751,1.0,0,0.011271305024405875,videos/behavior/eval_50023_high__short__u06.mp4,4ae8c7bd18c56aa85311936ebc36ed6c0eb6c647c8becbe58faf81314ecc1866
free_fall,3407,100000,Short,eval_50023,eval_50023_high,17050023,0.9,67,100,216,high,0.057670019295714914,0.059118091014853345,0.05875197811038288,0.0008042992317348804,True,,E3_pass,55.38909920403805,95.7992799279928,200.56176888467914,0.5671895968343466,1.0,0,0.010308201525756067,videos/behavior/eval_50023_high__short__u09.mp4,13de3c5eedf55d88f3462bf0d8d0f4f6defb555dc29004098d3147c0ecc3d4f4
free_fall,3407,100000,Short,eval_50024,eval_50024_high,17050024,0.1,216,54,67,high,0.047389165559386034,0.041492179835910976,0.039202221490360435,0.0057960647764772584,True,,E3_fail,175.50844846900674,54.62708026826146,61.22557666214382,-0.48274797737059455,1.0,0,0.010594745244473236,videos/behavior/eval_50024_high__short__u01.mp4,7a84ec899870397aca9573cc8a0bf1dafdb0dc63dea21d0e042e1e4d1eeda330
free_fall,3407,100000,Short,eval_50024,eval_50024_high,17050024,0.4,160,71,123,high,0.047389165559386034,0.05103568736526969,0.044527193347047654,0.0072864964265873244,True,,E3_fail,128.27203151888415,75.60629349958347,98.56692847593584,-0.1309523859729674,1.0,0,0.009825104228027182,videos/behavior/eval_50024_high__short__u04.mp4,5472063b58b8790cd2027788e4e0d5958c86ad17f3d3c63edb79594d39c0ad6c
free_fall,3407,100000,Short,eval_50024,eval_50024_high,17050024,0.7,104,89,179,high,0.047389165559386034,0.049033980173680713,0.046772501879724704,0.002467407460880812,True,,E3_pass,75.97400575614861,88.81338818249813,164.4640284901799,0.368036708549085,1.0,0,0.008179078247916194,videos/behavior/eval_50024_high__short__u07.mp4,99c505b60fe40863efe62ae9aaeb38d52f3b7df74f395a26156adda566a08df0
free_fall,3407,100000,Short,eval_50024,eval_50024_high,17050024,1.0,48,106,235,high,0.047389165559386034,0.04899870519356883,0.04858951307019043,0.0006689972449632821,True,,E3_pass,47.94436146377894,95.3896480674498,204.47698170731707,0.6201243455765811,1.0,0,0.008698408073254948,videos/behavior/eval_50024_high__short__u10.mp4,977883abcbd07d746faf027e75380ed0ba91309e32449775c6e72fd82717d91d
free_fall,3407,100000,Short,eval_50025,eval_50025_high,17050025,0.2,198,60,85,high,0.06132079847974285,0.05239241977390875,0.04370194153216976,0.005654239447942727,True,,E3_fail,152.6235659529474,59.58137019230769,69.26238448522713,-0.3756938251525183,1.0,0,0.02123490802909922,videos/behavior/eval_50025_high__short__u02.mp4,1757ee6664360f3eea7e83e35a0464b57e92980d3d593fb22f66f3eadeb0f4e9
free_fall,3407,100000,Short,eval_50025,eval_50025_high,17050025,0.5,142,77,142,high,0.06132079847974285,0.056278414126107304,0.05545808196086787,0.005908063668664625,True,,E3_fail,98.42597765363129,80.52503293807641,122.64995968438635,0.10957312823112582,1.0,0,0.018257129322934773,videos/behavior/eval_50025_high__short__u05.mp4,7bf7ade9081f7bdc079baa3e91d78551102afea3e09c3a3713d8c5c5d42c8cf4
free_fall,3407,100000,Short,eval_50025,eval_50025_high,17050025,0.8,85,94,198,high,0.06132079847974285,0.06013637388351349,0.06185203415694215,0.0018073161993012582,True,,E3_pass,63.57831033339285,93.94802521221979,190.3377459436486,0.4992178811723163,1.0,0,0.010278962260987234,videos/behavior/eval_50025_high__short__u08.mp4,74faadcf2090cc8035801c6825f8e4e3f32c06beece725f9ce3e87c4f91ff1b3
free_fall,3407,100000,Short,eval_50026,eval_50026_high,17050026,0.0,235,48,48,high,0.06295533431455241,0.043200301247116754,0.03871429285977694,0.00646108976652037,True,,E3_fail,168.05460561271315,50.33495145631068,53.590104083992834,-0.5164323645953501,1.0,0,0.019445919331819495,videos/behavior/eval_50026_high__short__u00.mp4,d3f95d0ade4aaef6c12ec77e0cbd26d3583d7d92b04966d10dc3ff9e058fac1e
free_fall,3407,100000,Short,eval_50026,eval_50026_high,17050026,0.3,179,65,104,high,0.06295533431455241,0.059223610257622475,0.04742977368042526,0.004665534307679949,True,,E3_fail,132.36514336917563,69.04203564466722,85.55422932608502,-0.21480841039566945,1.0,0,0.02326030952499436,videos/behavior/eval_50026_high__short__u03.mp4,ac227b6c245151dacfb9cb0ba29bf1e884c1a538301dbe51bafc9f90a5e27623
free_fall,3407,100000,Short,eval_50026,eval_50026_high,17050026,0.6,123,83,160,high,0.06295533431455241,0.056111432798919045,0.06036330874616794,0.0043014128469177175,True,,E3_fail,83.36962257123346,86.041402757079,148.6593178820426,0.28138599945016907,1.0,0,0.011013404444616737,videos/behavior/eval_50026_high__short__u06.mp4,b1e65f6ca9283fb17384dc0365ff66b631c0d4f9f860df04c461ee74cd00baf5
free_fall,3407,100000,Short,eval_50026,eval_50026_high,17050026,0.9,67,100,216,high,0.06295533431455241,0.06223964041861377,0.06387300379253116,0.001413696069778864,True,,E3_pass,55.46818454884057,96.94607843137254,202.61435643564357,0.5701515930736626,1.0,0,0.010846070711749256,videos/behavior/eval_50026_high__short__u09.mp4,c40af9c796c884686b5af85aa158ff9d24d6112632c066b8ecece174b1953914
free_fall,3407,100000,Short,eval_50027,eval_50027_high,17050027,0.1,216,54,67,high,0.04670501626689866,0.040920313317940486,0.03855672410745707,0.005620231507751447,True,,E3_fail,175.82835820895522,54.50152742256323,60.35868830290737,-0.488890782163398,1.0,0,0.011546546483797382,videos/behavior/eval_50027_high__short__u01.mp4,94fa09898b7988bc61ebcc17ca599aa1bc2894a3047e601c40c8e1cc07d60b2d
free_fall,3407,100000,Short,eval_50027,eval_50027_high,17050027,0.4,160,71,123,high,0.04670501626689866,0.05127049134587737,0.04422874283584949,0.007513332243170727,True,,E3_fail,128.42074993207137,75.45828698553949,98.43354838709678,-0.13218705471819875,1.0,0,0.014540283982528823,videos/behavior/eval_50027_high__short__u04.mp4,5ad1ca6e6eb51d1856348abfdd77b8710fac215da6d4778b887c219c30c48d85
free_fall,3407,100000,Short,eval_50027,eval_50027_high,17050027,0.7,104,89,179,high,0.04670501626689866,0.048844778028408545,0.04618596463894911,0.0028350690749254586,True,,E3_fail,78.04747017688194,88.91196203567337,163.0786567408377,0.35264194573560625,1.0,0,0.008718502143499118,videos/behavior/eval_50027_high__short__u07.mp4,9bc48c56692ade38c383d62e2eaa8cd894ce1d3e580c9b97dea6a29c1364f150
free_fall,3407,100000,Short,eval_50027,eval_50027_high,17050027,1.0,48,106,235,high,0.04670501626689866,0.04790536567520627,0.04791170934892478,0.0005528102103543037,True,,E3_pass,48.32228386500231,95.87289574366332,205.41210284280936,0.6191112722876759,1.0,0,0.007778165697432393,videos/behavior/eval_50027_high__short__u10.mp4,53ecc925145e9581b08fb4ee50dabc2c29c5de16293d6bce564b1426ac23f1c8
free_fall,3407,100000,Short,eval_50028,eval_50028_high,17050028,0.2,198,60,85,high,0.05443996001683907,0.04804083178086641,0.04217133902185606,0.005554271896725154,True,,E3_fail,159.0225,59.101522842639596,70.3534552369045,-0.3865664327000439,1.0,0,0.01833567214989218,videos/behavior/eval_50028_high__short__u02.mp4,815d4c18cf9bf66817b66b26a5e02fe1e37d750a0ba01872e4f269f885aad20a
free_fall,3407,100000,Short,eval_50028,eval_50028_high,17050028,0.5,142,77,142,high,0.05443996001683907,0.05483759436543305,0.04991831285558913,0.006100391189892284,True,,E3_pass,107.09637846759347,82.77413177446294,120.47806351712413,0.05880135279175694,1.0,0,0.015172455148267816,videos/behavior/eval_50028_high__short__u05.mp4,d0a0d7ba78d37fcbe572929b6200afcf34ef8470238937d6cc371ec24558e759
free_fall,3407,100000,Short,eval_50028,eval_50028_high,17050028,0.8,85,94,198,high,0.05443996001683907,0.05568409806497161,0.0551487025068473,0.0015453482839104977,True,,E3_pass,63.41630525848899,92.71321428571429,186.74824929971987,0.49300327242216574,1.0,0,0.011341468442099156,videos/behavior/eval_50028_high__short__u08.mp4,630961c5aae06db2d5b5a451a4cc27f19a9d12f809e3586177916ea2051feef2
free_fall,3407,100000,Short,eval_50029,eval_50029_high,17050029,0.0,235,48,48,high,0.056681276865603994,0.04035270202377812,0.03866673631434846,0.006660119263162342,True,,E3_fail,173.12120130410983,50.774754839531326,53.41105769230769,-0.5284463420006542,1.0,0,0.015478755014113887,videos/behavior/eval_50029_high__short__u00.mp4,3a999bd181a638be06360b1312a77a973bcb9d6140089b9593d38493b1f43d72
free_fall,3407,100000,Short,eval_50029,eval_50029_high,17050029,0.3,179,65,104,high,0.056681276865603994,0.05616882123884132,0.045637592615725885,0.005292280223749062,True,,E3_pass,142.29042183883863,66.6144540290343,83.2597144456887,-0.2617187839721964,1.0,0,0.01868617637370218,videos/behavior/eval_50029_high__short__u03.mp4,9bff91231677221b5b149bc2149b2cf5cae042f94a341c60f312ec2d2e8d2d30
free_fall,3407,100000,Short,eval_50029,eval_50029_high,17050029,0.6,123,83,160,high,0.056681276865603994,0.055100315292460074,0.05508383524066027,0.004192124208199936,True,,E3_pass,87.47236602571397,85.15645485911443,142.9333191670208,0.24071000285827762,1.0,0,0.01017265163951886,videos/behavior/eval_50029_high__short__u06.mp4,4efd45592fe0e564704999e4c6d6d782c2dfa19925918c8417e568f3622f932e
free_fall,3407,100000,Short,eval_50029,eval_50029_high,17050029,0.9,67,100,216,high,0.056681276865603994,0.05828388045270579,0.057673331395484494,0.0009281274657482107,True,,E3_pass,55.30871080139373,95.43075028419855,199.05648452157598,0.5651235953789349,1.0,0,0.011169550357414626,videos/behavior/eval_50029_high__short__u09.mp4,2a5b3e7601ddefeadcff2b4ebdeb06090d9e83dc79705b7e8f586e7536fed20a
free_fall,3407,100000,Short,eval_50030,eval_50030_high,17050030,0.1,216,54,67,high,0.06139035744066626,0.04710154341086064,0.04105571567836101,0.005974023644633293,True,,E3_fail,163.65866039371053,54.5894228447235,60.97569205343616,-0.45711160034809806,1.0,0,0.017512101188356444,videos/behavior/eval_50030_high__short__u01.mp4,2ecf2a78f2f8846c40e3e34b08708a17672a3317c0cc2c568a88ab14d7b7a931
free_fall,3407,100000,Short,eval_50030,eval_50030_high,17050030,0.4,160,71,123,high,0.06139035744066626,0.05940475978798049,0.051213234236553204,0.0051203483055063444,True,,E3_pass,118.64879610572054,76.6393372982158,102.18401294295049,-0.07455768567043483,1.0,0,0.017753436928981126,videos/behavior/eval_50030_high__short__u04.mp4,476a9234f5814711de1e0b2eb29a6ea01149c899125b36f78db5f0adb1c3c6d9
free_fall,3407,100000,Short,eval_50030,eval_50030_high,17050030,0.7,104,89,179,high,0.06139035744066626,0.05812842485773058,0.06110341473070529,0.003020332317299837,True,,E3_fail,72.00640435548775,89.95421245421247,171.68587594900444,0.40903828167624895,1.0,0,0.011968947231349891,videos/behavior/eval_50030_high__short__u07.mp4,21fcfc7033570191486c9f2522f02ef22dbd1d99879d3c712b8ef179e8b09162
free_fall,3407,100000,Short,eval_50030,eval_50030_high,17050030,1.0,48,106,235,high,0.06139035744066626,0.06239590780304147,0.06226517651844808,0.000962428661164123,True,,E3_pass,48.179805391976444,96.94043126684636,206.97803183658448,0.6223529254261622,1.0,0,0.010443072606354908,videos/behavior/eval_50030_high__short__u10.mp4,a7b0186a5c19a6253a77dc31a308106d867b17165ad71c23e353d162a65bbc46
free_fall,3407,100000,Short,eval_50031,eval_50031_high,17050031,0.2,198,60,85,high,0.04975534148743192,0.04641310349333098,0.04168062620678121,0.00573761998782505,True,,E3_fail,164.1952135678392,58.85352392705334,69.62018663795314,-0.4044858758090595,1.0,0,0.011960487405137554,videos/behavior/eval_50031_high__short__u02.mp4,da11481609fbcb5bf0b77e8888232c9c2baa2bd75588da190949bcb4cec9a3df
free_fall,3407,100000,Short,eval_50031,eval_50031_high,17050031,0.5,142,77,142,high,0.04975534148743192,0.054032474053737435,0.04693556217104207,0.006618556193032673,True,,E3_fail,111.24055865921787,82.65526315789474,119.80418943533698,0.037064814702537266,1.0,0,0.012532663653538445,videos/behavior/eval_50031_high__short__u05.mp4,39891e1072bbc1e3c1bbfdad20032228f653de9c8a3381b337bd77e6dc36509e
free_fall,3407,100000,Short,eval_50031,eval_50031_high,17050031,0.8,85,94,198,high,0.04975534148743192,0.05203106306997926,0.050137843052540355,0.0015434718852615089,True,,E3_fail,64.59894472361809,92.87939698492463,186.73318407960198,0.48594757835998015,1.0,0,0.009393429123816244,videos/behavior/eval_50031_high__short__u08.mp4,99cf72f1e85f1d3076de60e4cbf62a3205592a098a062a5799f33523d2ec6a2d
free_fall,3407,100000,Long,eval_50000,eval_50000_low,17050000,0.0,235,48,48,low,0.023113878874517577,-0.026110194561556065,0.04009465258284927,0.01454286031533709,True,,E3_fail,135.1026058631922,44.188101708074534,49.30377829820453,-0.46527037529185594,1.0,0,0.0219870559123041,videos/behavior/eval_50000_low__long__u00.mp4,e2947d62c0fdfb66047cdbcaf92ae0d1d53d20ccfafddba10db1ee3a7226c0f7
free_fall,3407,100000,Long,eval_50000,eval_50000_low,17050000,0.3,179,65,104,low,0.023113878874517577,-0.03391570061798601,0.04496992080654619,0.02185441169583467,True,,E3_fail,103.87251892135733,58.36636700913242,77.12022501308215,-0.14780865424066636,1.0,0,0.02033631787084733,videos/behavior/eval_50000_low__long__u03.mp4,804caab50669a9af973eff62ab03c1434215229f8a2b1e08ac10a241ff9a8edb
free_fall,3407,100000,Long,eval_50000,eval_50000_low,17050000,0.6,123,83,160,low,0.023113878874517577,-0.03976601619858406,0.05305217900829408,0.02146027207719181,True,,E3_fail,67.40242538148297,63.62948969389325,110.9206359643355,0.2440414058306136,1.0,0,0.027429939746159704,videos/behavior/eval_50000_low__long__u06.mp4,a145d66385b97b8d47201bafbc89bdfe0ccc0b648319613214c08a18310883e7
free_fall,3407,100000,Long,eval_50000,eval_50000_low,17050000,0.9,67,100,216,low,0.023113878874517577,-0.05078931136988263,0.0603972560466505,0.02353992469555885,True,,E3_fail,42.76550004452756,69.30391692331992,146.0329153605016,0.5469718328643488,1.0,0,0.01691101246622362,videos/behavior/eval_50000_low__long__u09.mp4,eb35a9000b9d1d456ea894a4eb5a8a31a40de6c0ff52af198286c38b1a393472
free_fall,3407,100000,Long,eval_50001,eval_50001_low,17050001,0.1,216,54,67,low,0.02276558972269709,-0.02945813704430377,0.041646330328708424,0.01622810601069574,True,,E3_fail,132.96749226006193,49.50568014755019,58.13389189693801,-0.39159109544514736,1.0,0,0.024578407735448726,videos/behavior/eval_50001_low__long__u01.mp4,c133264fc3a2b5336aa63c1242bb16cd9c6ddbe1686d66bfc5cc7254f0a070ea
free_fall,3407,100000,Long,eval_50001,eval_50001_low,17050001,0.4,160,71,123,low,0.02276558972269709,-0.042275118866807335,0.04636665107146483,0.022365097744036624,True,,E3_fail,92.02842930116873,64.37778745644599,87.52112161746618,-0.02510341942177882,1.0,0,0.02185094977534585,videos/behavior/eval_50001_low__long__u04.mp4,73e2b2c0d135b9b69e0850b19362704e1a4e375f60f7cae76d28f5b86a95e83a
free_fall,3407,100000,Long,eval_50001,eval_50001_low,17050001,0.7,104,89,179,low,0.02276558972269709,-0.04983382470376747,0.05471640416975776,0.02144879611892967,True,,E3_fail,60.36429512516469,64.7061639948929,119.63303685265012,0.3292756680126245,1.0,0,0.022708139705634123,videos/behavior/eval_50001_low__long__u07.mp4,934b788ebf0195354bdd2c1e25e3b797355a5444995d40bf44a5f7f0fb5d3480
free_fall,3407,100000,Long,eval_50001,eval_50001_low,17050001,1.0,48,106,235,low,0.02276558972269709,-0.05868461475718683,0.06132087986728444,0.02406369463204809,True,,E3_fail,39.105472309405684,70.28913347309575,155.83799030743603,0.5988019112365192,1.0,0,0.018437542724999867,videos/behavior/eval_50001_low__long__u10.mp4,704f95ced464db87db15f60767b6ccd039979f517728dc672bf95e985d2fccb2
free_fall,3407,100000,Long,eval_50002,eval_50002_low,17050002,0.2,198,60,85,low,0.01784931609265929,-0.04623387156693518,0.037647419970464495,0.014573182894815944,True,,E3_fail,128.21388924973724,52.00924450779809,63.85112359550561,-0.33510926691313553,1.0,0,0.013708608734767758,videos/behavior/eval_50002_low__long__u02.mp4,14b9212ddbfe2f25bba612643ccc3058057fa07056d8bbe3a6bb050f811c58b7
free_fall,3407,100000,Long,eval_50002,eval_50002_low,17050002,0.5,142,77,142,low,0.01784931609265929,-0.06742136868224617,0.04071519492489737,0.018884423142095194,True,,E3_fail,79.74890956445337,65.12153846153845,97.26333333333332,0.09894470281919042,1.0,0,0.027774278215223047,videos/behavior/eval_50002_low__long__u05.mp4,0a67f1661689360b4ff4e519ea27e749382ff47025db9c4701861124891f3bc0
free_fall,3407,100000,Long,eval_50002,eval_50002_low,17050002,0.8,85,94,198,low,0.01784931609265929,-0.0771747538278742,0.04984739557498035,0.019038214265327345,True,,E3_fail,52.572888914629914,69.1796903176168,139.04467456482507,0.451272754334266,1.0,0,0.018017886212514878,videos/behavior/eval_50002_low__long__u08.mp4,78b83f963218a966d470623e790a1a9a716f6e4b82c4679c275b4d00d75e9619
free_fall,3407,100000,Long,eval_50003,eval_50003_low,17050003,0.0,235,48,48,low,0.023332338981242467,-0.02596789470171593,0.03999318647241842,0.014241292247403094,True,,E3_fail,136.34915868319027,44.24657623158305,49.475565590628634,-0.4675028763371124,1.0,0,0.023403140858578197,videos/behavior/eval_50003_low__long__u00.mp4,664a093fc61aa0b75d49ec0d14e8123c12491bac53bef877531b3a098046ff08
free_fall,3407,100000,Long,eval_50003,eval_50003_low,17050003,0.3,179,65,104,low,0.023332338981242467,-0.033684681066920394,0.04493781777640872,0.021203076621693222,True,,E3_fail,105.40377575444688,58.87834541399498,78.44407362459546,-0.14664137884076078,1.0,0,0.018431598881871514,videos/behavior/eval_50003_low__long__u03.mp4,59f1334efaae9d5d61338b94dfcddd81b5cd946696b5068bf4c11406e5623bdd
free_fall,3407,100000,Long,eval_50003,eval_50003_low,17050003,0.6,123,83,160,low,0.023332338981242467,-0.0423819676198224,0.05233077207418845,0.021647991750450898,True,,E3_fail,68.61906958355297,65.37416018925313,111.12630495163299,0.23648583713490107,1.0,0,0.025271653035334074,videos/behavior/eval_50003_low__long__u06.mp4,d8f9c022b6fe838d7710f74fd59024631239ad3fa4f1ee035f0e0d4015d2f986
free_fall,3407,100000,Long,eval_50003,eval_50003_low,17050003,0.9,67,100,216,low,0.023332338981242467,-0.05159049489322302,0.059810182461025097,0.023968554688103653,True,,E3_fail,44.78701663545225,68.46192246956345,145.7884228740936,0.5299812320967084,1.0,0,0.018991455855252193,videos/behavior/eval_50003_low__long__u09.mp4,2336154de3afb18b895c1465d00ad3fb5d3078ee9b92a6f3c977a73644836f87
free_fall,3407,100000,Long,eval_50004,eval_50004_low,17050004,0.1,216,54,67,low,0.011105217056557454,-0.042847660538247435,0.029993714723576172,0.007731539193998333,True,,E3_fail,153.29901239907727,44.490565476190476,49.379463266872754,-0.5127310573594495,1.0,0,0.007382522253922552,videos/behavior/eval_50004_low__long__u01.mp4,a749cda68f54fabd300f6f8ffec16849ab791ffa25c13b5fb61ecef1109ab98c
free_fall,3407,100000,Long,eval_50004,eval_50004_low,17050004,0.4,160,71,123,low,0.011105217056557454,-0.041161388855740604,0.031496318629369774,0.006835115427904972,True,,E3_fail,105.70635702589436,63.24758398527381,80.32897311196825,-0.1364116369461645,1.0,0,0.009157694614412515,videos/behavior/eval_50004_low__long__u04.mp4,ee3ec3a1b60092d0dc92d2f352e877fad2cef81a0f5bbaa76b4c7c34ccb88c8f
free_fall,3407,100000,Long,eval_50004,eval_50004_low,17050004,0.7,104,89,179,low,0.011105217056557454,-0.04128387171289093,0.03592924412379197,0.009776655316180343,True,,E3_fail,63.84187913610014,71.89654745838956,134.63081395348837,0.3566683845290217,1.0,0,0.008785772477955534,videos/behavior/eval_50004_low__long__u07.mp4,aa5aeda4aa1659ecced2283df2688f1dc30c1c6f5c091d2277d6d6d3a7c62a68
free_fall,3407,100000,Long,eval_50004,eval_50004_low,17050004,1.0,48,106,235,low,0.011105217056557454,-0.05006077818619527,0.03947367934019448,0.012856620616246902,True,,E3_fail,38.5094674832858,78.72593420930016,169.95076181157395,0.6305341540345731,1.0,0,0.012254044341785564,videos/behavior/eval_50004_low__long__u10.mp4,db6f2507cc3340ec44e68b7499405f6cc69985c5641f3d56f26380ae8412b696
free_fall,3407,100000,Long,eval_50005,eval_50005_low,17050005,0.2,198,60,85,low,0.007266470942510986,-0.03825392351310295,0.02251866268712611,0.005690407168464801,True,,E3_fail,156.85249042145594,52.06520505179509,60.77603671577947,-0.44146994408086365,1.0,0,0.00796955284640588,videos/behavior/eval_50005_low__long__u02.mp4,5f0e94fae0b89f0eb251de8e51211974b17904bb2aebb5d9c0560e0fb1156bae
free_fall,3407,100000,Long,eval_50005,eval_50005_low,17050005,0.5,142,77,142,low,0.007266470942510986,-0.03310667223399477,0.024698999065256248,0.0035254767975633084,True,,E3_fail,108.16139186840209,73.44292452830189,97.5296137702972,-0.05168810403299688,1.0,0,0.007225147061535431,videos/behavior/eval_50005_low__long__u05.mp4,656bc758686e24826fc7751b933164150eb2761ad9d084ef91cded000f13f65a
free_fall,3407,100000,Long,eval_50005,eval_50005_low,17050005,0.8,85,94,198,low,0.007266470942510986,-0.03058318358803174,0.032912274445271394,0.007198338540641595,True,,E3_fail,63.337251356238696,79.54608074423572,155.57471264367817,0.42134499915899565,1.0,0,0.007964866570148166,videos/behavior/eval_50005_low__long__u08.mp4,7c71e3f7a353354a99940ec91956b540fb09148bdd840834e4dd06756122dad1
free_fall,3407,100000,Long,eval_50006,eval_50006_low,17050006,0.0,235,48,48,low,0.024835897363773504,-0.02552224861203165,0.04107542349126092,0.01486763323099207,True,,E3_fail,135.31047453703704,45.42669549203299,51.367137659489636,-0.44967008035851025,1.0,0,0.020355624910031067,videos/behavior/eval_50006_low__long__u00.mp4,4fc917e21e5fc0a2fa3c52f26e51f77ba6799635a6cafc9fa1588e57410b9f6e
free_fall,3407,100000,Long,eval_50006,eval_50006_low,17050006,0.3,179,65,104,low,0.024835897363773504,-0.03214956602221569,0.047199585582856175,0.022646494447113193,True,,E3_fail,102.81634288489559,60.191800226647246,80.36019013666072,-0.12259295652021156,1.0,0,0.03155877639188909,videos/behavior/eval_50006_low__long__u03.mp4,782fe08bacf2a7d38d778624c860a1c722f259398f4c673e0525a2436d05ad47
free_fall,3407,100000,Long,eval_50006,eval_50006_low,17050006,0.6,123,83,160,low,0.024835897363773504,-0.033013977375488265,0.0542687190210522,0.021692429599366812,True,,E3_fail,66.47949430096668,62.30470641220515,108.40334802976027,0.23972536796668545,1.0,0,0.030121426720573496,videos/behavior/eval_50006_low__long__u06.mp4,f2a867129199738fd5b3b5d3c58dd7f4613657e48b59d45a71dd8d9aadf05c9c
free_fall,3407,100000,Long,eval_50006,eval_50006_low,17050006,0.9,67,100,216,low,0.024835897363773504,-0.04391876150945408,0.06171017175853779,0.0250316577281195,True,,E3_fail,43.78443690637721,67.83251633986927,147.64783829995116,0.5425595097881378,1.0,0,0.02236842579333642,videos/behavior/eval_50006_low__long__u09.mp4,37e2c70d7bc2536cac86ea1107908b44e8bd0c04f8273b6237ebe7f408e46f19
free_fall,3407,100000,Long,eval_50007,eval_50007_low,17050007,0.1,216,54,67,low,0.019135497844274294,-0.03912951953484376,0.038375857829187655,0.014225931360338909,True,,E3_fail,133.64441325848702,47.507884972170686,56.66514129736673,-0.4044950456679636,1.0,0,0.01562693016096417,videos/behavior/eval_50007_low__long__u01.mp4,36d1de6352d63b8ffc64786462d43c57c49e2bfe0c966dcd8ebb9900815afb67
free_fall,3407,100000,Long,eval_50007,eval_50007_low,17050007,0.4,160,71,123,low,0.019135497844274294,-0.05878436561730787,0.04141588524922265,0.019758339539380367,True,,E3_fail,90.405663604688,62.13312334217507,87.44810659186535,-0.016629149944665866,1.0,0,0.0199946477789259,videos/behavior/eval_50007_low__long__u04.mp4,863329ea8b3541accee52d4bac7f108519d886e9e092187098919152175d91f2
free_fall,3407,100000,Long,eval_50007,eval_50007_low,17050007,0.7,104,89,179,low,0.019135497844274294,-0.06667620769719751,0.0497158312639913,0.017836653382164728,True,,E3_fail,60.770617934932446,67.30429914912673,127.94373473748473,0.3559512874951035,1.0,0,0.02138752926154497,videos/behavior/eval_50007_low__long__u07.mp4,282a5b28b83190ded69c290dd6fb625b50f55c57436c0b04178081b6d42b5361
free_fall,3407,100000,Long,eval_50007,eval_50007_low,17050007,1.0,48,106,235,low,0.019135497844274294,-0.07653412506984075,0.057163102789744374,0.021584482005912443,True,,E3_fail,38.386566799357496,73.07413185600271,156.88592641357616,0.6068410233539713,1.0,0,0.019273883867964692,videos/behavior/eval_50007_low__long__u10.mp4,3b35a077077fb183946e75784ef5662eabb431685472edc1eba50a55b78b0c4e
free_fall,3407,100000,Long,eval_50008,eval_50008_low,17050008,0.2,198,60,85,low,0.012716991647999366,-0.047399693636237854,0.03227403392286275,0.00936201864005396,True,,E3_fail,137.35279273571956,48.79858650046845,57.65196216826652,-0.4087122419486371,1.0,0,0.00782274010620454,videos/behavior/eval_50008_low__long__u02.mp4,b6f064802c3d13d276eab9dbf5048db1c35e10f17a33ead48ef24c07e4f217ca
free_fall,3407,100000,Long,eval_50008,eval_50008_low,17050008,0.5,142,77,142,low,0.012716991647999366,-0.05178873254196149,0.0343655954358316,0.011899339819341834,True,,E3_fail,88.25943031980768,67.17510380070266,95.2465602641717,0.03807575939144293,1.0,0,0.018320209973753165,videos/behavior/eval_50008_low__long__u05.mp4,10f09b4745266ccfd31497d421e4b0e7412fc9957fe03b12e3f39a3ee80e1633
free_fall,3407,100000,Long,eval_50008,eval_50008_low,17050008,0.8,85,94,198,low,0.012716991647999366,-0.0593293743446606,0.040846334758059905,0.014334888625339652,True,,E3_fail,52.30928308823529,72.01608111820867,150.58627757901013,0.4843723251882847,1.0,0,0.015801227132510975,videos/behavior/eval_50008_low__long__u08.mp4,a8f9ff45e3287796bd075f1c1de78de677a6eb0c4fb9798fd84568c1536acdcc
free_fall,3407,100000,Long,eval_50009,eval_50009_low,17050009,0.0,235,48,48,low,0.020923718886327523,-0.03264321277743808,0.03863036978230854,0.01334991630334754,True,,E3_fail,141.7435064935065,43.69712457408792,48.905809577194105,-0.4869553105655195,1.0,0,0.020329118479640362,videos/behavior/eval_50009_low__long__u00.mp4,ba03bd2a70b06f1a262bfd199538ad16d8262671f5e287312176012ca7a017b2
free_fall,3407,100000,Long,eval_50009,eval_50009_low,17050009,0.3,179,65,104,low,0.020923718886327523,-0.04465613173515689,0.04162989437087422,0.020214943272342637,True,,E3_fail,105.62140999744608,58.3842803030303,78.173342985843,-0.14934086292495283,1.0,0,0.026202924289239427,videos/behavior/eval_50009_low__long__u03.mp4,634a245de05db8216c7f96b1f4cf20c62eb6a0f72b0d33940165ddb9207eb8d9
free_fall,3407,100000,Long,eval_50009,eval_50009_low,17050009,0.6,123,83,160,low,0.020923718886327523,-0.0543614976136692,0.048876925739719475,0.021058299549449457,True,,E3_fail,67.95988278250513,64.63531333877933,111.73330429732869,0.2436008967628568,1.0,0,0.02068721570253096,videos/behavior/eval_50009_low__long__u06.mp4,3d93838bb494832d40b105d2d6ae343493aaa220757f66a132223f1080f225aa
free_fall,3407,100000,Long,eval_50009,eval_50009_low,17050009,0.9,67,100,216,low,0.020923718886327523,-0.060132681583281555,0.057786762190591666,0.021866157646460098,True,,E3_fail,44.39187549968295,68.96411804158282,145.7573904968271,0.5330839141866792,1.0,0,0.01800405808820027,videos/behavior/eval_50009_low__long__u09.mp4,89310b0ce199025377551b7d44f14a25f2612552ed9d068bb9b1dfbf9f0113cf
free_fall,3407,100000,Long,eval_50010,eval_50010_low,17050010,0.1,216,54,67,low,0.007786734993212159,-0.03889392549948065,0.023401558384986566,0.006011658635425913,True,,E3_fail,163.56281533101046,45.44758368990688,49.67904079725942,-0.534059197389685,1.0,0,0.006773014331574623,videos/behavior/eval_50010_low__long__u01.mp4,4dd8c406d55b25072a74b36fa09cdf081f5e42ecb0eda5acaa0d0fc7c4e957a4
free_fall,3407,100000,Long,eval_50010,eval_50010_low,17050010,0.4,160,71,123,low,0.007786734993212159,-0.03789576205474856,0.024740075465046328,0.004407222841962889,True,,E3_fail,119.75566922421143,65.71042690469027,83.12713883474117,-0.18054033626558813,1.0,0,0.00604320535959979,videos/behavior/eval_50010_low__long__u04.mp4,93032d5322c0497356ff5adfe9706ec8796f86833e7ddc26052693340759afca
free_fall,3407,100000,Long,eval_50010,eval_50010_low,17050010,0.7,104,89,179,low,0.007786734993212159,-0.0292268215247737,0.03121946158103795,0.005878849289604823,True,,E3_fail,76.78371740229719,78.13077035095384,134.69090214632462,0.2738256953369918,1.0,0,0.009827492937428683,videos/behavior/eval_50010_low__long__u07.mp4,54cb4d637d13c86ce3e9eb47409226a730d39e02a9facf6e5e4d74b3c2761569
free_fall,3407,100000,Long,eval_50010,eval_50010_low,17050010,1.0,48,106,235,low,0.007786734993212159,-0.03560402120754627,0.03463185477926728,0.008259825955962136,True,,E3_fail,45.34689330543933,81.35810841877787,175.7596932353261,0.5898187022386236,1.0,0,0.010105512111157622,videos/behavior/eval_50010_low__long__u10.mp4,04c75d6a7911b430ada2ef7859bfe86c9835964b65e0e551f5dc5e7b55c3c1c7
free_fall,3407,100000,Long,eval_50011,eval_50011_low,17050011,0.2,198,60,85,low,0.013599032933182768,-0.050707391374877585,0.03361742485329035,0.01067202517726237,True,,E3_fail,136.09708638196207,49.145519656215185,59.34170289942108,-0.39273362143086127,1.0,0,0.009796762240583234,videos/behavior/eval_50011_low__long__u02.mp4,f13b8bf09f7bf4193fd0d93fb678f68611f3770682b888f7fb2107a1979e4ebe
free_fall,3407,100000,Long,eval_50011,eval_50011_low,17050011,0.5,142,77,142,low,0.013599032933182768,-0.062038669062143316,0.03606941392947017,0.01508337059546162,True,,E3_fail,85.94977528089888,67.99242032730405,98.48626336898396,0.06797200904907298,1.0,0,0.021117509565035664,videos/behavior/eval_50011_low__long__u05.mp4,9f09c50490208ce6a60f0c73c0b97ac8bed340f8fd8d2aa5af841b8f61101824
free_fall,3407,100000,Long,eval_50011,eval_50011_low,17050011,0.8,85,94,198,low,0.013599032933182768,-0.06724285982965583,0.04267115350844956,0.014968421444647932,True,,E3_fail,52.95275167785235,71.74747901526675,146.79573337500977,0.4698057242953409,1.0,0,0.013420625432800093,videos/behavior/eval_50011_low__long__u08.mp4,d6e711369f77aa61ca03041ffdd18930354c11875037833be293c57582f92836
free_fall,3407,100000,Long,eval_50012,eval_50012_low,17050012,0.0,235,48,48,low,0.012525382764279998,-0.042817089359881454,0.03129987555447072,0.008469175736107408,True,,E3_fail,159.91831142139432,40.362463634971675,43.769090033702454,-0.5702327220925177,1.0,0,0.00653725181310949,videos/behavior/eval_50012_low__long__u00.mp4,93c1f9dc03b11046105cbeb44f3a2aa57a13b95d6ea6157ffd44bd843365b332
free_fall,3407,100000,Long,eval_50012,eval_50012_low,17050012,0.3,179,65,104,low,0.012525382764279998,-0.04912403691915497,0.03260222015086704,0.00958610785517647,True,,E3_fail,120.41899935649936,54.65008569938148,68.92637684854665,-0.2719507787303452,1.0,0,0.010939632545931666,videos/behavior/eval_50012_low__long__u03.mp4,27c452045a8bfeedd9f44374b9c328f7ffe6368efafc9e0c48e5db7a178edb67
free_fall,3407,100000,Long,eval_50012,eval_50012_low,17050012,0.6,123,83,160,low,0.012525382764279998,-0.05543590174357933,0.03605109985481836,0.013776437078018355,True,,E3_fail,72.01059229579084,69.57169247009148,114.49719101123596,0.22780067384911212,1.0,0,0.02146357008037425,videos/behavior/eval_50012_low__long__u06.mp4,ae0f9e038ef53ff158d7da19e1d3f99659d98298c19d96ccc37558093cb8a196
free_fall,3407,100000,Long,eval_50012,eval_50012_low,17050012,0.9,67,100,216,low,0.012525382764279998,-0.06249975757205849,0.04155787669405657,0.015166798592324027,True,,E3_fail,45.46084490222421,75.34786874058065,161.1815821402572,0.5600047332692364,1.0,0,0.013633202755062857,videos/behavior/eval_50012_low__long__u09.mp4,6df5b1851e4d14990df1a9f4aea34ab5e9b0937f3fa05cbed55b7a40513145d8
free_fall,3407,100000,Long,eval_50013,eval_50013_low,17050013,0.1,216,54,67,low,0.017414317598493944,-0.04357840072230087,0.037087968906607004,0.013621296004360567,True,,E3_fail,140.10493410478946,46.20525789933808,55.06094287391997,-0.4357523586981677,1.0,0,0.01281620043947096,videos/behavior/eval_50013_low__long__u01.mp4,ae08fcc79edfee3df518122062ca200928ea5d36c614385f450a72618d1b9406
free_fall,3407,100000,Long,eval_50013,eval_50013_low,17050013,0.4,160,71,123,low,0.017414317598493944,-0.06430796724306127,0.03947646983773205,0.018307808417987608,True,,E3_fail,93.15549225825299,62.09063337208715,86.93828352287755,-0.034522063343994894,1.0,0,0.02114617127021401,videos/behavior/eval_50013_low__long__u04.mp4,d1de7e3e1efad55df7d41db963b8e5d21217232acc8e1db33fa272f94464a6c5
free_fall,3407,100000,Long,eval_50013,eval_50013_low,17050013,0.7,104,89,179,low,0.017414317598493944,-0.07306798408616776,0.047257483425529025,0.017234736011727928,True,,E3_fail,60.28519645821804,66.87683411738351,130.05545594900144,0.36655469343204117,1.0,0,0.021535469968784415,videos/behavior/eval_50013_low__long__u07.mp4,7a43869d47ea0aedd66164c6d4e791b8e548c31b3976257f25d37fd7e229457e
free_fall,3407,100000,Long,eval_50013,eval_50013_low,17050013,1.0,48,106,235,low,0.017414317598493944,-0.08219687072151625,0.054525552501918234,0.02031713040290622,True,,E3_fail,38.60332821207466,73.8514805789396,156.15270064612594,0.6035724445769887,1.0,0,0.023447467870105543,videos/behavior/eval_50013_low__long__u10.mp4,3faf32079061ea75a8031745fa06282eefc2e44ec7e2347b1bdf9345181cfae7
free_fall,3407,100000,Long,eval_50014,eval_50014_low,17050014,0.2,198,60,85,low,0.022614128595001778,-0.0329941226958003,0.042969374639417905,0.019000616208139604,True,,E3_fail,123.74839743589743,54.024979548907325,65.76912766265758,-0.305930914531986,1.0,0,0.023376262468887465,videos/behavior/eval_50014_low__long__u02.mp4,4198fb14f7979784360309e8d5bc816eb38f2c92de3b283e38c045b37325b07c
free_fall,3407,100000,Long,eval_50014,eval_50014_low,17050014,0.5,142,77,142,low,0.022614128595001778,-0.04576157929476509,0.04866470142550377,0.02132913382203285,True,,E3_fail,78.56091788433834,64.42088744588744,99.40265416760786,0.11711237329618147,1.0,0,0.026113435039370136,videos/behavior/eval_50014_low__long__u05.mp4,50a42cc4323489143f096fce3f074ecccd88db8b9aa6950414f3f46ffa12c491
free_fall,3407,100000,Long,eval_50014,eval_50014_low,17050014,0.8,85,94,198,low,0.022614128595001778,-0.05067740021138501,0.05756981739837638,0.02094288244976603,True,,E3_fail,52.14829220720312,66.35763104718887,131.77970209765556,0.4329488297385758,1.0,0,0.016559014568956476,videos/behavior/eval_50014_low__long__u08.mp4,987e6536ccaa18b46d1fb6dd1ae2da0fd528c5067cc3bb5bc5f0191ab4042870
free_fall,3407,100000,Long,eval_50015,eval_50015_low,17050015,0.0,235,48,48,low,0.02469411667584542,-0.02518175046033604,0.040858848267768935,0.014831207164138343,True,,E3_fail,135.980879444831,45.08577348066298,50.880683262834296,-0.4554184121596524,1.0,0,0.025712695485055392,videos/behavior/eval_50015_low__long__u00.mp4,b4445a09f44f4ecf1d1355c5f6b49226be54dab029d55e42aea4a0cbe02d343f
free_fall,3407,100000,Long,eval_50015,eval_50015_low,17050015,0.3,179,65,104,low,0.02469411667584542,-0.03276227132805231,0.047015367519979,0.022862532559592974,True,,E3_fail,104.05640613730247,60.22154801526098,79.84652017399131,-0.13164491968078196,1.0,0,0.02521327598065881,videos/behavior/eval_50015_low__long__u03.mp4,c52213a483e69423c3c2091c825095dd169823dbd6456c776769c6e9109f9eb5
free_fall,3407,100000,Long,eval_50015,eval_50015_low,17050015,0.6,123,83,160,low,0.02469411667584542,-0.03796081648925222,0.054382153255958764,0.021320697519575646,True,,E3_fail,68.75057726696645,66.43936388508892,109.25581395348837,0.2275493391490497,1.0,0,0.025173752248520587,videos/behavior/eval_50015_low__long__u06.mp4,8ac0f3290a8068285f53d465d482b7501ac02f6b4a81f55c6a4fc82f14e3e0d4
free_fall,3407,100000,Long,eval_50015,eval_50015_low,17050015,0.9,67,100,216,low,0.02469411667584542,-0.044841760214483196,0.06194287601892459,0.024277479890875274,True,,E3_fail,45.04306804306805,70.59601925605135,148.92257614508253,0.5355562245922724,1.0,0,0.02385603395320257,videos/behavior/eval_50015_low__long__u09.mp4,2bfe2ee77a13c31c7f6ba7b48fffd4a265f8956ba51a61564cbd2b5367402921
free_fall,3407,100000,Long,eval_50016,eval_50016_low,17050016,0.1,216,54,67,low,0.024402419060996557,-0.024659980379227224,0.043388247867861315,0.01748244744954391,True,,E3_fail,131.04131478805886,49.83802286423254,59.556639487478165,-0.3750547878244215,1.0,0,0.02190626981343935,videos/behavior/eval_50016_low__long__u01.mp4,2a6f0be53eb24f48a5c7f660c8a7cb99481d627cd5eb003c666219bcf4b00ab2
free_fall,3407,100000,Long,eval_50016,eval_50016_low,17050016,0.4,160,71,123,low,0.024402419060996557,-0.030470492934873313,0.049480445882454115,0.02364558396616027,True,,E3_fail,88.48680510074354,63.29562629399586,87.4704654895666,-0.0057760591975952996,1.0,0,0.02688292995633601,videos/behavior/eval_50016_low__long__u04.mp4,fd0e0c2f370f86715ce381ed472601c2cfa799033b7a38912d835837662f0c2f
free_fall,3407,100000,Long,eval_50016,eval_50016_low,17050016,0.7,104,89,179,low,0.024402419060996557,-0.039691583027367305,0.0570959580998021,0.02280225686822927,True,,E3_fail,60.909244109446334,64.94965729849451,119.0336401786923,0.3230158074835141,1.0,0,0.018180510455061083,videos/behavior/eval_50016_low__long__u07.mp4,2eece03f95933346f287ca76374971f124efd89146d8d8f7a94d7557eb496829
free_fall,3407,100000,Long,eval_50016,eval_50016_low,17050016,1.0,48,106,235,low,0.024402419060996557,-0.04439153828430693,0.06297380049341744,0.024845929718352124,True,,E3_fail,38.62934996108661,69.49834633649932,156.08072916666669,0.6032116043079476,1.0,0,0.01583948103439481,videos/behavior/eval_50016_low__long__u10.mp4,0239d49ddb2c88f95d80f0f2aa7e4ae300e1e4ce16a75f6c6749abb2b8ad6643
free_fall,3407,100000,Long,eval_50017,eval_50017_low,17050017,0.2,198,60,85,low,0.0075862333014470144,-0.03901018871091138,0.02340966002621809,0.0058437728983921555,True,,E3_fail,156.71641791044777,50.52025974025974,58.95014411939012,-0.45332142762831745,1.0,0,0.0064637442707721204,videos/behavior/eval_50017_low__long__u02.mp4,2bcf37251524cab609651cca0c309b8bea746d0baf50e68a8ac87e9c4792738e
free_fall,3407,100000,Long,eval_50017,eval_50017_low,17050017,0.5,142,77,142,low,0.0075862333014470144,-0.03532535638535027,0.02545173354739438,0.004138254627660058,True,,E3_fail,107.69034469251861,72.84643108298172,96.6134985696597,-0.05421751224055145,1.0,0,0.0067817933728075985,videos/behavior/eval_50017_low__long__u05.mp4,a591be3d6e49d66af7311c2a6c84444ba484d83cb98c36cf9066a1d3e7d422eb
free_fall,3407,100000,Long,eval_50017,eval_50017_low,17050017,0.8,85,94,198,low,0.0075862333014470144,-0.03149500863052982,0.03286216248026389,0.007659275681449608,True,,E3_fail,64.63884527681208,80.61451881251628,155.27579086800685,0.41214603620792123,1.0,0,0.008530183727033958,videos/behavior/eval_50017_low__long__u08.mp4,9aa40a41fe55105061e90b562ba8b683c5fcec1e4a1f01976adb7a5d63d097f0
free_fall,3407,100000,Long,eval_50018,eval_50018_low,17050018,0.0,235,48,48,low,0.010997093215728306,-0.04028073519239256,0.029244556523235803,0.0068516739534469715,True,,E3_fail,162.32340147606297,41.516627032084514,43.17786713671918,-0.5797800429341601,1.0,0,0.006528510580977809,videos/behavior/eval_50018_low__long__u00.mp4,7366da21155086afe39a6f7131bedbbbfa9d1281fd9bccd2b44c65df881bb9cf
free_fall,3407,100000,Long,eval_50018,eval_50018_low,17050018,0.3,179,65,104,low,0.010997093215728306,-0.04236248810953072,0.030602243348101545,0.006622708907441781,True,,E3_fail,122.28953007806521,55.11228095478474,68.32727010816899,-0.2830928853971652,1.0,0,0.0057546427149591795,videos/behavior/eval_50018_low__long__u03.mp4,d4b323ae287f6d92bb0911451c90840e050045fdb4c932b9b801afa32fb2ab1f
free_fall,3407,100000,Long,eval_50018,eval_50018_low,17050018,0.6,123,83,160,low,0.010997093215728306,-0.03945174467714256,0.0336748944074111,0.007482488393785066,True,,E3_fail,77.80615354736543,71.9722906765241,112.56733797017198,0.1825946677014333,1.0,0,0.0066202090592334395,videos/behavior/eval_50018_low__long__u06.mp4,1ffca1a4c09cc42127e1754d732b1042da82105b0742a5d3f4580f92b5835f19
free_fall,3407,100000,Long,eval_50018,eval_50018_low,17050018,0.9,67,100,216,low,0.010997093215728306,-0.046487310928060875,0.03834981650002974,0.010847581621201627,True,,E3_fail,46.859068367206724,76.21098269546546,160.60035722697654,0.5482579956731468,1.0,0,0.00793307086614159,videos/behavior/eval_50018_low__long__u09.mp4,6e1c14d077dc2c8a64c4fe9f7fda00eb7bbe1eb210e435357d6192269b96e3e5
free_fall,3407,100000,Long,eval_50019,eval_50019_low,17050019,0.1,216,54,67,low,0.020048734694221228,-0.03789935116417891,0.03960173033209718,0.016026747924341726,True,,E3_fail,130.0144660894661,48.33378802910053,57.57958333333333,-0.3861256952392912,1.0,0,0.01960063214636565,videos/behavior/eval_50019_low__long__u01.mp4,b05a05f3b6903121b2e4bdfc505029ac35bce35eef1145921668b90ef632bce2
free_fall,3407,100000,Long,eval_50019,eval_50019_low,17050019,0.4,160,71,123,low,0.020048734694221228,-0.054395503012201814,0.04315980330855698,0.02100464049539045,True,,E3_fail,86.1658232301364,60.72710253456221,85.6393783651493,-0.003064196311280607,1.0,0,0.023187745022996364,videos/behavior/eval_50019_low__long__u04.mp4,db6ae6c713753568c2d33d0633bcfe0578f770d74df10ae762801abf6b47e421
free_fall,3407,100000,Long,eval_50019,eval_50019_low,17050019,0.7,104,89,179,low,0.020048734694221228,-0.061454973341775625,0.052145460939054124,0.020112159674105127,True,,E3_fail,59.47569739409941,65.52069956634281,126.1455,0.3591712775365361,1.0,0,0.01942480025310922,videos/behavior/eval_50019_low__long__u07.mp4,27fc0ed2f2349e33e4b25965e03cd56f106e750a192435ef857fedfe2d07d2e0
free_fall,3407,100000,Long,eval_50019,eval_50019_low,17050019,1.0,48,106,235,low,0.020048734694221228,-0.06994514834630827,0.05947255358229901,0.022144879258004603,True,,E3_fail,38.241802110065585,72.83380952380952,154.00296542645327,0.6021550796923358,1.0,0,0.017303117532227685,videos/behavior/eval_50019_low__long__u10.mp4,22a35fbfdd5d234431b65006e451d2ab1c7e8d92c1138eb276b55062d4e3fce1
free_fall,3407,100000,Long,eval_50020,eval_50020_low,17050020,0.2,198,60,85,low,0.016127420481205825,-0.04927207059836164,0.036323156880427254,0.01381879779915328,True,,E3_fail,132.87895752895753,49.44978021978022,61.05828768574282,-0.3703294318927986,1.0,0,0.01297432069930371,videos/behavior/eval_50020_low__long__u02.mp4,dbe6f1f8b4685d73a852359ee49c23b462e8af0e8c0d5dddedb9843c84f5cd7f
free_fall,3407,100000,Long,eval_50020,eval_50020_low,17050020,0.5,142,77,142,low,0.016127420481205825,-0.0723254662802694,0.039490187364012865,0.01823464014011341,True,,E3_fail,79.11774622892635,64.91396683673469,98.1373593073593,0.10730079125726151,1.0,0,0.030483441125771837,videos/behavior/eval_50020_low__long__u05.mp4,0224e4f1155125a52ed73e490289f7744ea89b70788727a3455a5b7aaab922c2
free_fall,3407,100000,Long,eval_50020,eval_50020_low,17050020,0.8,85,94,198,low,0.016127420481205825,-0.07860280114135193,0.047915728041715545,0.01806558167328041,True,,E3_fail,52.177323154002146,68.88353717724715,136.43837436841028,0.446734032857447,1.0,0,0.018174366817241272,videos/behavior/eval_50020_low__long__u08.mp4,991975665a45d84202e02f591ea4809417f39d31a702f4d7c5316244cf229ebe
free_fall,3407,100000,Long,eval_50021,eval_50021_low,17050021,0.0,235,48,48,low,0.012432922066907742,-0.041784412143831516,0.03104538275935817,0.007910389974605261,True,,E3_fail,158.27235238987817,40.33128456200909,43.3597829506134,-0.5699119797804748,1.0,0,0.006568883006262238,videos/behavior/eval_50021_low__long__u00.mp4,e694e0b7ff0a6fd164b88a38bbb0691ab886f5459503ea001b8c779d110fe880
free_fall,3407,100000,Long,eval_50021,eval_50021_low,17050021,0.3,179,65,104,low,0.012432922066907742,-0.04719957547634225,0.032408164024533816,0.008969396344597045,True,,E3_fail,118.62378332628015,54.104536241502394,69.19485593516113,-0.26317370621727426,1.0,0,0.00928382986200138,videos/behavior/eval_50021_low__long__u03.mp4,98681003bb949d61b569c0b187f87afccdf5e1b56e118f3b6c2b19ca2c51fd79
free_fall,3407,100000,Long,eval_50021,eval_50021_low,17050021,0.6,123,83,160,low,0.012432922066907742,-0.052704513130738886,0.035809305973678,0.012703024949068645,True,,E3_fail,72.80669435040204,68.87072938185285,113.54524151123864,0.21861080740842545,1.0,0,0.014262393108119498,videos/behavior/eval_50021_low__long__u06.mp4,31d3b5170e7b5cf913aa7d7af963f65a52fda0158f9f2d5e0241aa659313007d
free_fall,3407,100000,Long,eval_50021,eval_50021_low,17050021,0.9,67,100,216,low,0.012432922066907742,-0.05880999270064569,0.041635434346915016,0.014464266299136516,True,,E3_fail,45.96016826923077,76.55643097104463,158.57599587912088,0.5505912760161497,1.0,0,0.012868547591180834,videos/behavior/eval_50021_low__long__u09.mp4,bd413618fef7e800d7f10e3388cc1a24588450632292efe28b4f02ac44c8026c
free_fall,3407,100000,Long,eval_50022,eval_50022_low,17050022,0.1,216,54,67,low,0.016146214477300393,-0.04747863787192696,0.03620665461304372,0.012898507938093311,True,,E3_fail,146.34895833333331,45.63202338017659,54.33114208446016,-0.458529849533172,1.0,0,0.011412012403501093,videos/behavior/eval_50022_low__long__u01.mp4,3e539180af55479fdf3e18484b1b958462f1e9c93268131dc653a9a7be8f87b0
free_fall,3407,100000,Long,eval_50022,eval_50022_low,17050022,0.4,160,71,123,low,0.016146214477300393,-0.06748770866395953,0.038452131027321014,0.018343764536118256,True,,E3_fail,95.13333333333333,62.377006448072436,86.97513888888889,-0.04479854421319376,1.0,0,0.017796047552879557,videos/behavior/eval_50022_low__long__u04.mp4,7b713b92604b27ad657e414c8ebfbd48fa0f544d3875e553805e900b286290a4
free_fall,3407,100000,Long,eval_50022,eval_50022_low,17050022,0.7,104,89,179,low,0.016146214477300393,-0.07391359021010656,0.04530080599216633,0.016506049235709908,True,,E3_fail,60.945127304653205,67.93825450227587,126.697005181076,0.3504110564370349,1.0,0,0.015462722727971334,videos/behavior/eval_50022_low__long__u07.mp4,4afb0ee20913b58d4535fb6a30569c3ec46887506530920ad105d0287487beeb
free_fall,3407,100000,Long,eval_50022,eval_50022_low,17050022,1.0,48,106,235,low,0.016146214477300393,-0.08637164929946577,0.051801841437596176,0.0207130671755129,True,,E3_fail,39.24805884137095,74.0984235924933,157.97734104387774,0.6019979286217001,1.0,0,0.020319401970778195,videos/behavior/eval_50022_low__long__u10.mp4,f61b219d8de5e64176988cfbe6ce9d42aa9f6b8532d0a024468b6d7864dcf9e9
free_fall,3407,100000,Long,eval_50023,eval_50023_low,17050023,0.2,198,60,85,low,0.01567001929571491,-0.05225053345350359,0.03604333621195522,0.01407553808219985,True,,E3_fail,135.53674794431328,50.42138177486599,60.5886649774329,-0.3821436592553368,1.0,0,0.015677090679787287,videos/behavior/eval_50023_low__long__u02.mp4,ba8c2a2a168bba3b3210291f748f7eedaf86de97a500ca3e2fe70354696a59b0
free_fall,3407,100000,Long,eval_50023,eval_50023_low,17050023,0.5,142,77,142,low,0.01567001929571491,-0.07210733776729004,0.03894863558698894,0.018366170252802513,True,,E3_fail,80.93688811188812,65.8836127108186,96.20724785626786,0.08620302140356877,1.0,0,0.021226447015246674,videos/behavior/eval_50023_low__long__u05.mp4,ee95c44f35f880479479c1b98b7d4a7e049e59022fbdd730e7cb3e5dd344ccb1
free_fall,3407,100000,Long,eval_50023,eval_50023_low,17050023,0.8,85,94,198,low,0.01567001929571491,-0.07512697786955944,0.046344025364652104,0.017060026425593684,True,,E3_fail,52.730054892656945,71.41206483733657,140.17987799181628,0.4533194418326268,1.0,0,0.01519631812101574,videos/behavior/eval_50023_low__long__u08.mp4,b6ecf2391f7633fcb3f23f9e00d102dbdd548a9fb0c1e85589e1915cc771a6f6
free_fall,3407,100000,Long,eval_50024,eval_50024_low,17050024,0.0,235,48,48,low,0.005389165559386035,-0.025846694407837795,0.016985323531804333,0.004673001765432643,True,,E3_fail,192.25353023909986,43.50319602272727,48.13185550082102,-0.5995442455649412,1.0,0,0.004838145231846003,videos/behavior/eval_50024_low__long__u00.mp4,f4e629dc1edd77dae3b9f018d2b00bb8e685be94207d90079f9ebabccad5338d
free_fall,3407,100000,Long,eval_50024,eval_50024_low,17050024,0.3,179,65,104,low,0.005389165559386035,-0.025565363961176472,0.018603082753915087,0.003914139458854342,True,,E3_fail,157.81343537414966,60.18030487804878,77.32577863938984,-0.3422978896668632,1.0,0,0.005140418152885795,videos/behavior/eval_50024_low__long__u03.mp4,2adf7c88700e416aae02e3eb4d09a6a0e6a2c27babd81b5c75dec8fc24a51eca
free_fall,3407,100000,Long,eval_50024,eval_50024_low,17050024,0.6,123,83,160,low,0.005389165559386035,-0.03011747046286715,0.02261149287081403,0.005324796854928374,True,,E3_fail,101.3134620470775,84.17980295566502,127.54936020913594,0.11463591116903676,1.0,0,0.006131281697975832,videos/behavior/eval_50024_low__long__u06.mp4,2b44ad7c33285848cdff30c04a0d6ca4cd5888b7d636b7dd828cb3299cb20b7e
free_fall,3407,100000,Long,eval_50024,eval_50024_low,17050024,0.9,67,100,216,low,0.005389165559386035,-0.03261154165329319,0.032246576217724886,0.008078765893512438,True,,E3_fail,54.59978929624947,80.46036414565826,168.79999146174862,0.5111920959725923,1.0,0,0.0075866429105120314,videos/behavior/eval_50024_low__long__u09.mp4,084e0c5807246152b90b70a0f67220fc26e4b4e7b8d1ae22dc94dbfe2c8074bf
free_fall,3407,100000,Long,eval_50025,eval_50025_low,17050025,0.1,216,54,67,low,0.019320798479742846,-0.04042733629080864,0.03878184013764035,0.014563111628153411,True,,E3_fail,133.7334663933542,47.54106280193237,57.334596045776166,-0.3998515993321305,1.0,0,0.012082380076821941,videos/behavior/eval_50025_low__long__u01.mp4,7df6cefb03c54007b1e99a0c393778bf3900ad1bfac6a01096d5d50fad7890d9
free_fall,3407,100000,Long,eval_50025,eval_50025_low,17050025,0.4,160,71,123,low,0.019320798479742846,-0.058694869551282225,0.042266815240568086,0.020299974251000993,True,,E3_fail,90.91181296144381,62.35780912735122,87.27042636753345,-0.020436305030308147,1.0,0,0.02318626034905724,videos/behavior/eval_50025_low__long__u04.mp4,2c5e352f1432bbc1bac7dc6c896287070a1517ead1d1a4586d15491df69b92ce
free_fall,3407,100000,Long,eval_50025,eval_50025_low,17050025,0.7,104,89,179,low,0.019320798479742846,-0.06304406512330588,0.050567748427126524,0.018703697701333507,True,,E3_fail,60.68898242877461,67.12223518199792,127.24066951566951,0.3541308484228375,1.0,0,0.020283739042423643,videos/behavior/eval_50025_low__long__u07.mp4,7bf9f177d6db7f17656e3e5f50a463bfda83e1d1b0ea333cb377244e688e5f6d
free_fall,3407,100000,Long,eval_50025,eval_50025_low,17050025,1.0,48,106,235,low,0.019320798479742846,-0.07232161788801444,0.05782750898589643,0.020971709620835825,True,,E3_fail,39.11050278077699,74.14233831080125,157.57035559850058,0.6022947723224092,1.0,0,0.015561871906096147,videos/behavior/eval_50025_low__long__u10.mp4,f598ec004e6486d952e26927c8401c710e2dea17211817cdd5ec8dfd9d56a5f1
free_fall,3407,100000,Long,eval_50026,eval_50026_low,17050026,0.2,198,60,85,low,0.020955334314552404,-0.038570084975073894,0.04105082197318124,0.0179151307837412,True,,E3_fail,120.57536114233379,52.81511382046846,64.83589722829461,-0.30062610223279057,1.0,0,0.022542419952753634,videos/behavior/eval_50026_low__long__u02.mp4,4a2ee86b69998bfa4a6aedd2ff63ec74930bd785a9c5b1689286f0e6b2d2c0db
free_fall,3407,100000,Long,eval_50026,eval_50026_low,17050026,0.5,142,77,142,low,0.020955334314552404,-0.05265280365085471,0.046943777314359225,0.021814500326337246,True,,E3_fail,77.95520050125313,65.00354796853458,100.04871400426416,0.12411813281963587,1.0,0,0.02839514012361355,videos/behavior/eval_50026_low__long__u05.mp4,8cca983f6112ef0013d1a3c1a7f583c425aabec2826844ec54476717c5259232
free_fall,3407,100000,Long,eval_50026,eval_50026_low,17050026,0.8,85,94,198,low,0.020955334314552404,-0.058837398254881317,0.055129740203288834,0.02122102663916697,True,,E3_fail,51.371467286101435,67.14878833032704,137.46038085912335,0.45590251018892275,1.0,0,0.019115717153002865,videos/behavior/eval_50026_low__long__u08.mp4,1bbb0cafe82166bf474b941bedf97635f33aeb4628000ec99566b707c0455027
free_fall,3407,100000,Long,eval_50027,eval_50027_low,17050027,0.0,235,48,48,low,0.004705016266898658,-0.02349174264715668,0.015311476236813084,0.004340162130021923,True,,E3_fail,198.85460033678476,44.137228474515354,48.78344791115812,-0.606010075945075,1.0,0,0.004245273039305331,videos/behavior/eval_50027_low__long__u00.mp4,db16943754cba23e4fc7a18fb2dd593b5a2bbeacbf19a9e8c8466b255bc9ba70
free_fall,3407,100000,Long,eval_50027,eval_50027_low,17050027,0.3,179,65,104,low,0.004705016266898658,-0.023783953309317887,0.017174114420456844,0.004021854733454476,True,,E3_fail,162.2902644230769,60.38105911182834,76.67939980870398,-0.35824992636444886,1.0,0,0.004073463859379567,videos/behavior/eval_50027_low__long__u03.mp4,2621a9abab747efce5303d45e15f7e5fedd8daa6b8742fbd2ca393c16a92592b
free_fall,3407,100000,Long,eval_50027,eval_50027_low,17050027,0.6,123,83,160,low,0.004705016266898658,-0.029066359629178157,0.020938620519091514,0.005173867320838277,True,,E3_fail,103.10987249929558,83.15386693423896,127.8324980047885,0.10705105975802573,1.0,0,0.006330874656674146,videos/behavior/eval_50027_low__long__u06.mp4,77c484af5fa362fc15d2f4e836beea8ad23e26633058aea7d805dbca239bd3ae
free_fall,3407,100000,Long,eval_50027,eval_50027_low,17050027,0.9,67,100,216,low,0.004705016266898658,-0.03164920370837672,0.031319441430448645,0.008118263273273167,True,,E3_fail,54.87213333937636,80.19687381202621,166.81217449865312,0.5049524806287311,1.0,0,0.006965679406624181,videos/behavior/eval_50027_low__long__u09.mp4,c0540201af934ab778cfb90670c8b6f755f3583578cac646319b205e525f0c29
free_fall,3407,100000,Long,eval_50028,eval_50028_low,17050028,0.1,216,54,67,low,0.012439960016839068,-0.04567008328823862,0.03151009041514468,0.008860319807019007,True,,E3_fail,151.69409833923936,43.76301943106817,51.4367983711204,-0.49356007181454686,1.0,0,0.010645998726068973,videos/behavior/eval_50028_low__long__u01.mp4,499ca9f2baa5c79624b7a528f7e6516f2434aecac1844e1e8b382ce87fe5e4fe
free_fall,3407,100000,Long,eval_50028,eval_50028_low,17050028,0.4,160,71,123,low,0.012439960016839068,-0.05035488722524122,0.03294726397929794,0.009640038658509032,True,,E3_fail,103.6458495107936,62.38104145601618,83.38294815358279,-0.10834107693710636,1.0,0,0.009827934187652376,videos/behavior/eval_50028_low__long__u04.mp4,38ea92299ac242f0e7d4b68f517c6277e561053781baaea6005eea767bc19733
free_fall,3407,100000,Long,eval_50028,eval_50028_low,17050028,0.7,104,89,179,low,0.012439960016839068,-0.05795606442983975,0.0383251414382196,0.013068958174894823,True,,E3_fail,61.08270797731382,70.28450653555582,131.14931840311587,0.3644897873944218,1.0,0,0.013205429740862806,videos/behavior/eval_50028_low__long__u07.mp4,9944e6674447197e2cb1a094a02ea68937a0216ac10eccfcc5a8675e777d2dfa
free_fall,3407,100000,Long,eval_50028,eval_50028_low,17050028,1.0,48,106,235,low,0.012439960016839068,-0.06384357485608709,0.04214030222053713,0.015168267782169767,True,,E3_fail,40.2918201624084,77.14486670084594,166.54499914551823,0.6103999249531623,1.0,0,0.015666619823882066,videos/behavior/eval_50028_low__long__u10.mp4,9e9c3e724d20c3f36c060d2055d04d336446161a784f172eab3084d74da4d3d3
free_fall,3407,100000,Long,eval_50029,eval_50029_low,17050029,0.2,198,60,85,low,0.014681276865603991,-0.05068153269109416,0.035036986497072424,0.012119337919683707,True,,E3_fail,138.2022621423819,49.62176108915239,60.58284430588667,-0.3904689804147594,1.0,0,0.011191494464207086,videos/behavior/eval_50029_low__long__u02.mp4,e6eeb93b80c6d4352e10506b031e6301235db7cfa494aedfbd42e77bf1770cdb
free_fall,3407,100000,Long,eval_50029,eval_50029_low,17050029,0.5,142,77,142,low,0.014681276865603991,-0.06698560342641402,0.037809083755649626,0.01617819938947408,True,,E3_fail,83.31849056603772,66.08898944193061,99.7409515137719,0.0897110837941606,1.0,0,0.015516324892745459,videos/behavior/eval_50029_low__long__u05.mp4,623ad088ec4f39ee2b13dd08155649fcce0ff3875fbd0b8554be113fd1ba67ab
free_fall,3407,100000,Long,eval_50029,eval_50029_low,17050029,0.8,85,94,198,low,0.014681276865603991,-0.07204433676592428,0.044853374872799806,0.017097203470879643,True,,E3_fail,51.74430913721745,70.4034011775133,140.40966112740307,0.4614286754943532,1.0,0,0.022530820011135044,videos/behavior/eval_50029_low__long__u08.mp4,078176adbc1189907e2c24d5a742030f739fe42dc271d028a2dde999f6c5f0cb
free_fall,3407,100000,Long,eval_50030,eval_50030_low,17050030,0.0,235,48,48,low,0.01939035744066626,-0.03843393336247518,0.03788609022937435,0.012727810272773523,True,,E3_fail,147.0862914862915,42.257028964726125,48.02056962025317,-0.507751092422832,1.0,0,0.012057265569076603,videos/behavior/eval_50030_low__long__u00.mp4,7e5043eb6b7fbd5fe07230ed9d3448f6a6725a96ca651eb8c4b115c7f1cb7e5a
free_fall,3407,100000,Long,eval_50030,eval_50030_low,17050030,0.3,179,65,104,low,0.01939035744066626,-0.05268586752275614,0.04054701106519525,0.018383907379577687,True,,E3_fail,108.36761885648025,57.66701459302557,75.15240892066734,-0.1809895646710924,1.0,0,0.01690017058369986,videos/behavior/eval_50030_low__long__u03.mp4,79dded038cc7afd6c0e5706885430cf5fda6071cadb7bdea6679818e19791bfe
free_fall,3407,100000,Long,eval_50030,eval_50030_low,17050030,0.6,123,83,160,low,0.01939035744066626,-0.06251568274926189,0.04763044967856199,0.01872308918753314,True,,E3_fail,67.4935427398872,64.67176494384162,112.0911330049261,0.2483373933776569,1.0,0,0.01917589248712337,videos/behavior/eval_50030_low__long__u06.mp4,9270a3dd5e799887c710e108cc16fe95c2b0aa55b24fd9739bf96bcd4d322aa3
free_fall,3407,100000,Long,eval_50030,eval_50030_low,17050030,0.9,67,100,216,low,0.01939035744066626,-0.07396565413988616,0.055913328242351894,0.021319669181316364,True,,E3_fail,45.64680232558139,69.7652770959987,147.9784377134134,0.5285035947132853,1.0,0,0.016406463684793038,videos/behavior/eval_50030_low__long__u09.mp4,61d0a93032b619c0ed606942c253f858778ebb9cf6c01a2284b6fdeb67af8773
free_fall,3407,100000,Long,eval_50031,eval_50031_low,17050031,0.1,216,54,67,low,0.00775534148743192,-0.03836712734534232,0.023730594450140377,0.0060747347238585435,True,,E3_fail,164.6556206291546,45.13602670740678,51.46666666666667,-0.5237264299704454,1.0,0,0.005813961230493159,videos/behavior/eval_50031_low__long__u01.mp4,5566a5893bb48e6dae4abf28d30a939bb1fd8def358bfc1770523baa42d5c578
free_fall,3407,100000,Long,eval_50031,eval_50031_low,17050031,0.4,160,71,123,low,0.00775534148743192,-0.036852367010695254,0.025215924823806166,0.004754416693462047,True,,E3_fail,121.24098898326466,65.93347123982383,84.12576364376866,-0.18072655317728473,1.0,0,0.007691746864975313,videos/behavior/eval_50031_low__long__u04.mp4,ca802e64390c1c6dd2732934c63d3fd5cd0fbd19c4e6df93aefd20dacd793a7b
free_fall,3407,100000,Long,eval_50031,eval_50031_low,17050031,0.7,104,89,179,low,0.00775534148743192,-0.02673247688045011,0.031674324449599944,0.005932543376987078,True,,E3_fail,75.15255766009534,77.04351676414862,135.3432662353223,0.285947281334815,1.0,0,0.008752928872396759,videos/behavior/eval_50031_low__long__u07.mp4,226be0729720782c9a984ef2e0f96954f949982c09d6d5f618fc7d0fdce27c40
free_fall,3407,100000,Long,eval_50031,eval_50031_low,17050031,1.0,48,106,235,low,0.00775534148743192,-0.03311935150857772,0.03520413760789534,0.008112422932666157,True,,E3_fail,44.117708709173066,80.07528744182093,177.8245135239332,0.6024396956534349,1.0,0,0.007971540714422964,videos/behavior/eval_50031_low__long__u10.mp4,39ca21e90d4ebae6e4660b7858b9e070f049cee5f2784ec89943e317002bbc6d
free_fall,3407,100000,Long,eval_50000,eval_50000_high,17050000,0.2,198,60,85,high,0.06511387887451758,-0.013415477794019404,0.056944245816492524,0.018550533697131208,False,detected_frames_below_58,E3_fail,103.70694864048339,50.53412462908012,58.43961352657005,-0.27917542320308864,0.765625,15,0.07146122121907805,videos/behavior/eval_50000_high__long__u02.mp4,ce75d4d355cbb5e5a7b73bb7b0527db76807e0aa3db55f720bc0d17dbd8300b0
free_fall,3407,100000,Long,eval_50000,eval_50000_high,17050000,0.5,142,77,142,high,0.06511387887451758,-0.023758475220335022,0.07275474286889028,0.03128021952563919,True,,E3_fail,71.11761133603238,62.27208329278972,89.23824761770061,0.1130026454904676,0.9375,3,0.07134705071978353,videos/behavior/eval_50000_high__long__u05.mp4,7c9dbfb03050d6cc776682667c9be3fdb549c2f9667ee7bafd3496e7ca86a4e6
free_fall,3407,100000,Long,eval_50000,eval_50000_high,17050000,0.8,85,94,198,high,0.06511387887451758,0.023600017880585567,0.07593156863219978,0.027359881481138226,False,detected_frames_below_58,E3_fail,45.90909090909091,68.79674796747967,138.16666666666666,0.5011935138694515,0.859375,9,0.17059902537913674,videos/behavior/eval_50000_high__long__u08.mp4,70be349eb16c393d4731a02ee31e484786f36e7e0f3a85926c8ee546b1721dd2
free_fall,3407,100000,Long,eval_50001,eval_50001_high,17050001,0.0,235,48,48,high,0.0647655897226971,-0.02892689549960161,0.04965437803249883,0.01737033738833453,False,detected_frames_below_58,E3_fail,124.10483573274271,43.84682097240844,47.37958968239398,-0.4474181597810332,0.6875,20,0.07574401936487418,videos/behavior/eval_50001_high__long__u00.mp4,2e6217f4818a099905b1eb1f09633210992003e1bb22fe6a11a475b50ea3cf30
free_fall,3407,100000,Long,eval_50001,eval_50001_high,17050001,0.3,179,65,104,high,0.0647655897226971,-0.005116735422082529,0.06285819417662199,0.018051469758940626,False,detected_frames_below_58,E3_fail,95.804,59.02135231316726,71.37809187279152,-0.14610361584537393,0.796875,13,0.08919109984418006,videos/behavior/eval_50001_high__long__u03.mp4,d8604a34f48d424c9be791c53f9ca9a1f2d52d0269565aec0cbc8a0b0bcfbdc8
free_fall,3407,100000,Long,eval_50001,eval_50001_high,17050001,0.6,123,83,160,high,0.0647655897226971,0.017121904842196823,0.07178144948055051,0.023710400846761754,False,detected_frames_below_58,E3_fail,64.0650406504065,62.473684210526315,105.80952380952381,0.24573710191300402,0.890625,7,0.12452716337593472,videos/behavior/eval_50001_high__long__u06.mp4,c1b235174fcb9d4d27817d7b2d01d9787cff46f0bb3bbcf0d87d4b429f25f352
free_fall,3407,100000,Long,eval_50001,eval_50001_high,17050001,0.9,67,100,216,high,0.0647655897226971,0.02082443595092219,0.07643093813000461,0.029840002774326753,False,detected_frames_below_58,E3_fail,41.99852809152974,70.79702075559702,147.25384038586253,0.5561637782456912,0.84375,10,0.18226658071249868,videos/behavior/eval_50001_high__long__u09.mp4,be607f7ea3b16e93bfbefb67494d9c18004a38090ac7a7a2cf8394a5fe77c019
free_fall,3407,100000,Long,eval_50002,eval_50002_high,17050002,0.1,216,54,67,high,0.05984931609265929,-0.025073073249246285,0.05261123732751035,0.014547529732210332,False,detected_frames_below_58,E3_fail,117.22327044025157,48.376068376068375,53.16086956521739,-0.37598805189836054,0.671875,21,0.08466243311383503,videos/behavior/eval_50002_high__long__u01.mp4,af38445c5a9848d112e1620cdd158f840a4479ea081d72416c57b0e7c72e1121
free_fall,3407,100000,Long,eval_50002,eval_50002_high,17050002,0.4,160,71,123,high,0.05984931609265929,-0.011431335011113949,0.06704309760623499,0.013833185249201635,False,detected_frames_below_58,E3_fail,84.84697508896797,61.34928229665072,80.51162790697674,-0.026217850800889505,0.890625,7,0.037908748248574264,videos/behavior/eval_50002_high__long__u04.mp4,2b61029e90e392d406779f05d5fc31bb77c07bfb9c45433aeaae098f29153933
free_fall,3407,100000,Long,eval_50002,eval_50002_high,17050002,0.7,104,89,179,high,0.05984931609265929,0.021027901343985293,0.07300797003987161,0.018435383968855107,False,detected_frames_below_58,E3_fail,53.87764698555057,62.24680842602044,116.91224229751364,0.36907685564155535,0.875,8,0.103915059398063,videos/behavior/eval_50002_high__long__u07.mp4,1c92bbf693619adaecba446f101a9f889b5b1c7251496742d231d90ae7f3dfc0
free_fall,3407,100000,Long,eval_50002,eval_50002_high,17050002,1.0,48,106,235,high,0.05984931609265929,0.01773706515949558,0.075449503341671,0.026557319595854816,False,detected_frames_below_58,E3_fail,36.34375,70.33229813664596,150.841242864249,0.6116809425384048,0.875,8,0.1447088832205834,videos/behavior/eval_50002_high__long__u10.mp4,8b915666fcc28edf429cd8e3b028f780d95c1080236e4e121c60edc3776e2f3b
free_fall,3407,100000,Long,eval_50003,eval_50003_high,17050003,0.2,198,60,85,high,0.06533233898124247,-0.015388917161109893,0.056999185290523925,0.018547558212537642,False,detected_frames_below_58,E3_fail,103.9116325229339,51.4134710539337,58.07982511811579,-0.28292731031765067,0.78125,14,0.06741625993549105,videos/behavior/eval_50003_high__long__u02.mp4,ade8d41455beef6f0a957bf2125099ff388ac4a60b221aba0da542dd7acfde53
free_fall,3407,100000,Long,eval_50003,eval_50003_high,17050003,0.5,142,77,142,high,0.06533233898124247,-0.0031297637403928306,0.07061475599299272,0.0238372945539397,False,detected_frames_below_58,E3_fail,70.16356584355782,62.6498727735369,90.24689265536722,0.1251996097994063,0.875,8,0.06701893655549884,videos/behavior/eval_50003_high__long__u05.mp4,b03591f343bdf09a79b658363e27f518b4c2e7b97570ebaac67f20b1fbfbcdd8
free_fall,3407,100000,Long,eval_50003,eval_50003_high,17050003,0.8,85,94,198,high,0.06533233898124247,0.033483518164193274,0.07443610702743905,0.020122487037233794,False,detected_frames_below_58,E3_fail,46.33181818181818,69.91849909431737,138.67090264521408,0.4991228456025118,0.8125,12,0.13885591074951553,videos/behavior/eval_50003_high__long__u08.mp4,ce0c9ea627ba7fe7f9edba0d6fbfb9df3c401d0ba621ad8d280a9e23fa484379
free_fall,3407,100000,Long,eval_50004,eval_50004_high,17050004,0.0,235,48,48,high,0.05310521705655745,-0.021227524529060175,0.051088058320493915,0.011769366406548272,False,detected_frames_below_58,E3_fail,125.12814814814814,46.143128941074146,47.871050643720444,-0.4465748861494642,0.78125,13,0.06416890196417757,videos/behavior/eval_50004_high__long__u00.mp4,5406fbd1a8e9b2b5a7eff0ef162bbafe76cdb8a4f661c6fd148f7fd7bff37d0f
free_fall,3407,100000,Long,eval_50004,eval_50004_high,17050004,0.3,179,65,104,high,0.05310521705655745,-0.02661294763756319,0.06381021048972707,0.013819427287817229,True,,E3_fail,95.99796195652173,56.867853161331425,70.13834735058992,-0.15565299791347117,1.0,0,0.020224159814247855,videos/behavior/eval_50004_high__long__u03.mp4,8e99f2b91945a278c76bd44b57a757ed428c7f84fa0d173b86f1d6b407548c06
free_fall,3407,100000,Long,eval_50004,eval_50004_high,17050004,0.6,123,83,160,high,0.05310521705655745,-0.018487677516957977,0.07362823209185591,0.0240635982798518,True,,E3_fail,60.88666681366172,59.377146510778225,99.37868438037866,0.24017678980475765,1.0,0,0.09280118881306265,videos/behavior/eval_50004_high__long__u06.mp4,e6c00cce6bf4777d0ce0660642c9ab5b65815bbfbc8ce9a66746b83c6aaf2b7c
free_fall,3407,100000,Long,eval_50004,eval_50004_high,17050004,0.9,67,100,216,high,0.05310521705655745,0.003008712255198708,0.07505828720608466,0.020448457255679727,True,,E3_fail,39.99243801444226,63.253660837486976,138.57279578805182,0.5520691552009835,0.90625,5,0.10153154579024093,videos/behavior/eval_50004_high__long__u09.mp4,0aaf89caf228404d28ca80236a9506604ea87c52dcc8613cfe82fb32f6daba02
free_fall,3407,100000,Long,eval_50005,eval_50005_high,17050005,0.1,216,54,67,high,0.049266470942510986,-0.018581982566111904,0.05401830132031513,0.01089500690506557,True,,E3_fail,118.0229357798165,48.45064377682404,55.56108597285068,-0.3598364018548022,0.953125,1,0.02929488410571568,videos/behavior/eval_50005_high__long__u01.mp4,0635dd3fd5a3f45f9794d0e8215bcef671102e30559c51276b0e19d9ac6ce7d9
free_fall,3407,100000,Long,eval_50005,eval_50005_high,17050005,0.4,160,71,123,high,0.049266470942510986,-0.01860189851543644,0.06574441773216634,0.012839077478555706,True,,E3_fail,85.56591889559965,60.05645477518299,80.52883771929825,-0.03032655141534773,1.0,0,0.028015790975095878,videos/behavior/eval_50005_high__long__u04.mp4,5ff7c7206183586b1399e0fc79723710d010128bac5e7794eeabb70bdc78cd09
free_fall,3407,100000,Long,eval_50005,eval_50005_high,17050005,0.7,104,89,179,high,0.049266470942510986,-0.006422045340309922,0.07398207653270937,0.019508425611869613,True,,E3_fail,52.85945945945946,61.53191489361702,113.93522267206478,0.3661733241857453,0.921875,5,0.12130086381669858,videos/behavior/eval_50005_high__long__u07.mp4,b027e6c73152d5368a44b7e9762cd3084388aec0a81f3e0018b4f3c76288d6f8
free_fall,3407,100000,Long,eval_50005,eval_50005_high,17050005,1.0,48,106,235,high,0.049266470942510986,-0.003971268627779849,0.07533221708025772,0.02041450896379479,False,detected_frames_below_58,E3_fail,35.675862068965515,65.57792207792208,142.98722044728436,0.6006353235764753,0.890625,7,0.10799439543741252,videos/behavior/eval_50005_high__long__u10.mp4,e44c4ec793673ce483f26ee319ee4983052f502bcbfe7e1e45df58a5b03cc1ff
free_fall,3407,100000,Long,eval_50006,eval_50006_high,17050006,0.2,198,60,85,high,0.0668358973637735,-0.01622364565364291,0.05736173377690858,0.017852394004833478,False,detected_frames_below_58,E3_fail,103.08580901856764,51.21168384879725,59.363360587747366,-0.2691454104491794,0.8125,12,0.06230444202134433,videos/behavior/eval_50006_high__long__u02.mp4,4ffb65f3df55005c6e513dc8d3150d57c6798c63006d501f0bf30521db32e173
free_fall,3407,100000,Long,eval_50006,eval_50006_high,17050006,0.5,142,77,142,high,0.0668358973637735,0.008442931324022082,0.07154830864880975,0.02959167356782196,True,,E3_fail,71.22689075630252,61.87323943661972,89.93596059113301,0.1160879798192282,0.953125,3,0.13867900979429681,videos/behavior/eval_50006_high__long__u05.mp4,352cb5ae4c1fcbf6cb9931f88a52a30de35f16d8e7a49743798fe1f69ff31e0f
free_fall,3407,100000,Long,eval_50006,eval_50006_high,17050006,0.8,85,94,198,high,0.0668358973637735,0.04077638919278974,0.07535378973481113,0.020405737679728895,False,detected_frames_below_58,E3_fail,45.83018867924528,68.34615384615384,135.15662650602408,0.4935521835407635,0.859375,9,0.12531115062230114,videos/behavior/eval_50006_high__long__u08.mp4,c8d1c7d60076370ce3dd5bf3502f73628bd7dc80d5b287d7601eed0ea76f3bd3
free_fall,3407,100000,Long,eval_50007,eval_50007_high,17050007,0.0,235,48,48,high,0.0611354978442743,-0.021357538356920617,0.0496964787751091,0.013661048542323322,False,detected_frames_below_58,E3_fail,128.20954022988508,44.27344489519946,47.03639101331306,-0.4631956282278717,0.65625,22,0.07786645015975735,videos/behavior/eval_50007_high__long__u00.mp4,7f1187d2720bde5380a622fa81d9ea470eece53671244b77837eb7137ca4d252
free_fall,3407,100000,Long,eval_50007,eval_50007_high,17050007,0.3,179,65,104,high,0.0611354978442743,-0.01728261229614298,0.06322858830984417,0.014676379089552922,False,detected_frames_below_58,E3_fail,97.39137547441435,56.36845855477456,70.70639036516373,-0.1587468160327421,0.8125,12,0.051366695411128704,videos/behavior/eval_50007_high__long__u03.mp4,105387f000be40eae8655666e72972f38f78b2846af3eabd6c47e33313b03345
free_fall,3407,100000,Long,eval_50007,eval_50007_high,17050007,0.6,123,83,160,high,0.0611354978442743,0.0019149490569262254,0.07444152402365785,0.02750365973906609,True,,E3_fail,62.693962115232836,61.41484709526557,103.3600494743352,0.24489674756919197,1.0,0,0.12385468861846805,videos/behavior/eval_50007_high__long__u06.mp4,7d33d2dc8bf4a847d904a74d0e55768160e7c30af1971444086c620d61c407fd
free_fall,3407,100000,Long,eval_50007,eval_50007_high,17050007,0.9,67,100,216,high,0.0611354978442743,0.01955547396678141,0.07550710114902523,0.0244955750180833,False,detected_frames_below_58,E3_fail,41.534946236559136,70.10890201224846,151.56295589585045,0.5698042725696896,0.875,8,0.11924367810964154,videos/behavior/eval_50007_high__long__u09.mp4,9689e0de4790fc81f04f9d61d543631bc9946230fef56f9db1d00af4cb12b683
free_fall,3407,100000,Long,eval_50008,eval_50008_high,17050008,0.1,216,54,67,high,0.05471699164799937,-0.02413512766352759,0.05533713565613364,0.013993891540016214,False,detected_frames_below_58,E3_fail,116.17824773413898,48.88510638297873,54.91472868217054,-0.35807150202881216,0.796875,13,0.06409964212393149,videos/behavior/eval_50008_high__long__u01.mp4,3851e1e6c460b8ec0d96b8885a073db515a3570a8d71598caa30949c0d407271
free_fall,3407,100000,Long,eval_50008,eval_50008_high,17050008,0.4,160,71,123,high,0.05471699164799937,-0.015025871396580492,0.06847112234294156,0.014802107462569283,True,,E3_fail,82.75992849452535,58.52360525082044,79.97861842105263,-0.01709066552570078,1.0,0,0.019528458561888562,videos/behavior/eval_50008_high__long__u04.mp4,d70fe642174f7258491ada195735cf99563d10f239d805172bb7a6d0b86575f2
free_fall,3407,100000,Long,eval_50008,eval_50008_high,17050008,0.7,104,89,179,high,0.05471699164799937,-0.003255332451948095,0.07464876884402015,0.022418681836453562,True,,E3_fail,52.98456867911559,60.98730242360379,113.2228037766831,0.3624281775682781,0.90625,6,0.10847942891727658,videos/behavior/eval_50008_high__long__u07.mp4,61b4b91870e1e2b9d10d62341738b354ec528f951ecea30d07718194ae69509e
free_fall,3407,100000,Long,eval_50008,eval_50008_high,17050008,1.0,48,106,235,high,0.05471699164799937,0.01404023651819903,0.07445582939149757,0.020883138131521747,False,detected_frames_below_58,E3_fail,36.68001736676435,67.36388312662754,145.43396617476373,0.5971751685020894,0.84375,8,0.11475780242184452,videos/behavior/eval_50008_high__long__u10.mp4,51b161d1c65241d240f9522ae2eb446952faf5766e8015911aef6bbb180068bc
free_fall,3407,100000,Long,eval_50009,eval_50009_high,17050009,0.2,198,60,85,high,0.06292371888632753,-0.024142440013154937,0.057940005016827556,0.016274267605595534,False,detected_frames_below_58,E3_fail,105.78750575241602,52.379807961480324,59.92862953692115,-0.2767315091884438,0.75,16,0.07400332840263457,videos/behavior/eval_50009_high__long__u02.mp4,ca947015b2ce647f0a48e73bb161ee47bc54d1977c8bed47e00f5bd7d7dfe032
free_fall,3407,100000,Long,eval_50009,eval_50009_high,17050009,0.5,142,77,142,high,0.06292371888632753,-0.018707786025308627,0.07252808707845593,0.026917180041354596,True,,E3_fail,69.32620320855615,61.149732620320854,90.0609756097561,0.13009059169580814,0.953125,3,0.09484219108298364,videos/behavior/eval_50009_high__long__u05.mp4,69ae7bda9a9816f40f6dce34e78a07a0652791c54492b4bd72ed00e5b1e95b47
free_fall,3407,100000,Long,eval_50008,eval_50008_high,17050008,0.3,179,65,104,high,0.05471699164799937,-0.020909384982939275,0.064475192215944,0.013608204407543574,True,,E3_fail,94.17642029666995,55.70490510865203,70.15922699808243,-0.1461471913973122,1.0,0,0.01527307576891046,videos/behavior/eval_50008_high__long__u03.mp4,f052be179393d75c296aca442c81bfe0085f1ee1c2d8b0ec9b1e14f010b5255b
free_fall,3407,100000,Long,eval_50009,eval_50009_high,17050009,0.1,216,54,67,high,0.06292371888632753,-0.03114880628224682,0.05370042242498717,0.015561190920215915,False,detected_frames_below_58,E3_fail,114.10949575970255,47.997246503496505,53.29359636184857,-0.36329017957264065,0.71875,18,0.07106840532893255,videos/behavior/eval_50009_high__long__u01.mp4,6e4b63e3383c95f9f68f342e4b2297cf42923b06d14998c3f4e2a57a19c0be17
free_fall,3407,100000,Long,eval_50009,eval_50009_high,17050009,0.9,67,100,216,high,0.06292371888632753,0.0200937955769743,0.07634539596265703,0.03085054514508733,False,detected_frames_below_58,E3_fail,40.45945945945946,68.95348837209302,146.71502590673575,0.5676818944600988,0.890625,6,0.14334802700944438,videos/behavior/eval_50009_high__long__u09.mp4,aec02ac95c173c1a6aa9f7f03dfcf8932c0902c99ffa17226ba43b9199ff7f69
free_fall,3407,100000,Long,eval_50010,eval_50010_high,17050010,0.4,160,71,123,high,0.04978673499321216,-0.013554903117955696,0.0653724636732305,0.012400653527310672,True,,E3_fail,85.7186894838764,60.00893917963225,80.4783388704319,-0.031530952540696426,1.0,0,0.02891112726643008,videos/behavior/eval_50010_high__long__u04.mp4,273ba8b51620e3e947400d5c0a4a184c924ea12739da2d457da4d4f4cb2ca12d
free_fall,3407,100000,Long,eval_50010,eval_50010_high,17050010,1.0,48,106,235,high,0.04978673499321216,0.004104226335504376,0.07562024577871303,0.02013867666902161,True,,E3_fail,36.19349582898853,63.77819342493255,142.05306602258565,0.5938940369674324,0.9375,4,0.10128399021892598,videos/behavior/eval_50010_high__long__u10.mp4,aab5bfdf5906e7d21c24b336bdf6a0854a16b99efdc9c653daeb53a7944611a9
free_fall,3407,100000,Long,eval_50011,eval_50011_high,17050011,0.5,142,77,142,high,0.05559903293318277,-0.018886501127738473,0.07101615675293994,0.016458071886844446,True,,E3_fail,72.66965849872491,61.47908745247148,89.72363055366144,0.10501648285130173,1.0,0,0.022948362067840122,videos/behavior/eval_50011_high__long__u05.mp4,075085dfbecda235e3f076f1cfa949dee6129486b27b40f72f4a32c0da951b13
free_fall,3407,100000,Long,eval_50012,eval_50012_high,17050012,0.0,235,48,48,high,0.05452538276428,-0.01552774403432002,0.05008351827514779,0.01186878957858399,False,detected_frames_below_58,E3_fail,127.74794520547945,44.04095563139932,46.657243816254415,-0.46495578396534576,0.734375,17,0.0730034498951776,videos/behavior/eval_50012_high__long__u00.mp4,4d66ede5656b106afb5f0881e73913b974504f3675f149adc7b935a8b48f6ef1
free_fall,3407,100000,Long,eval_50012,eval_50012_high,17050012,0.6,123,83,160,high,0.05452538276428,0.001219574961337516,0.07280060910926361,0.02186692327531665,True,,E3_fail,63.254170596078175,59.46520768591063,102.07260954135955,0.23479825175940042,1.0,0,0.10231478517759807,videos/behavior/eval_50012_high__long__u06.mp4,e2021de0051250f5a9889089f731ac8bc815564f87300659db529fae56204d45
free_fall,3407,100000,Long,eval_50013,eval_50013_high,17050013,0.1,216,54,67,high,0.05941431759849394,-0.024260586713857935,0.05312698330131415,0.01425882998068754,False,detected_frames_below_58,E3_fail,117.23728813559322,48.95964125560538,52.73542600896861,-0.3794836274236663,0.703125,19,0.07677256033439106,videos/behavior/eval_50013_high__long__u01.mp4,a6f58daf1216b9ecc11b781bcb1d5867e759e171e76203e9040068a08b617e24
free_fall,3407,100000,Long,eval_50013,eval_50013_high,17050013,0.7,104,89,179,high,0.05941431759849394,0.02205440675221731,0.07262114370105519,0.016822276265155794,False,detected_frames_below_58,E3_fail,53.00217609641781,62.89912501257166,117.37535216830354,0.37782668129723396,0.875,8,0.10181690589568437,videos/behavior/eval_50013_high__long__u07.mp4,bb0abaa01ff13c1cb9a801e6aedc6b31e1974dde1bf6f3d18f9a9082d6216713
free_fall,3407,100000,Long,eval_50014,eval_50014_high,17050014,0.2,198,60,85,high,0.06461412859500178,-0.013531091164457032,0.057333186280530204,0.01789761391742897,False,detected_frames_below_58,E3_fail,103.88439306358381,53.130742049469966,61.18279569892473,-0.25869221911870094,0.765625,15,0.07028897249912724,videos/behavior/eval_50014_high__long__u02.mp4,6de5f224108be3641983e2b9d32542dfa75a72c009bee546e8f9602ee9429760
free_fall,3407,100000,Long,eval_50014,eval_50014_high,17050014,0.8,85,94,198,high,0.06461412859500178,0.03484083876268255,0.07371641923676998,0.020666229609570087,False,detected_frames_below_58,E3_fail,46.46190476190476,69.93434343434343,142.25738396624473,0.5076083099398125,0.796875,13,0.1217300058567059,videos/behavior/eval_50014_high__long__u08.mp4,de40f866bc36b87d7a04892f8e9d77880ab426c2fd10bb7924a6138c98201a1c
free_fall,3407,100000,Long,eval_50015,eval_50015_high,17050015,0.3,179,65,104,high,0.06669411667584542,-0.004964387241987531,0.06335434293256427,0.017759433221799754,False,detected_frames_below_58,E3_fail,94.78260869565217,57.45614035087719,69.8923076923077,-0.1511481016617305,0.859375,9,0.05472226009595871,videos/behavior/eval_50015_high__long__u03.mp4,2fad494586805416e891fc36a39fec597236cc654955dc15079e2b0b326c3de9
free_fall,3407,100000,Long,eval_50015,eval_50015_high,17050015,0.9,67,100,216,high,0.06669411667584542,0.08972874115931252,0.07273202457814124,0.09190584439843631,False,detected_frames_below_58,E3_fail,39.51700680272109,67.584,141.444,0.5632539020320354,0.890625,6,0.4814208989225379,videos/behavior/eval_50015_high__long__u09.mp4,9f51918ef4de0fe88f76db8343f2193096deb2f56c6b52fa4056e68a310a7cfa
free_fall,3407,100000,Long,eval_50016,eval_50016_high,17050016,0.4,160,71,123,high,0.06640241906099656,-0.0065992275846615805,0.06984855376176347,0.023756675005926722,True,,E3_fail,78.00902382645803,60.15057034220533,80.35548541963016,0.014816839987334907,0.96875,2,0.04420493249532187,videos/behavior/eval_50016_high__long__u04.mp4,3a4a9e18a7b4c3e86788c18bc36a5c4775a1cb80f1bb4cbdf470a9bba44e5598
free_fall,3407,100000,Long,eval_50016,eval_50016_high,17050016,1.0,48,106,235,high,0.06640241906099656,0.02675315168924776,0.07962983511757413,0.03355153043483334,True,,E3_fail,35.30625,67.44692737430168,145.27611940298507,0.6089734549754259,0.921875,5,0.18163040180784684,videos/behavior/eval_50016_high__long__u10.mp4,00fe2d9aa51cc084d577b24f7d604b96318533bc26fd2acc87695f3c961cd4f7
free_fall,3407,100000,Long,eval_50017,eval_50017_high,17050017,0.5,142,77,142,high,0.049586233301447014,-0.013847804847437386,0.0678997210446911,0.015320201353631817,True,,E3_fail,73.96505025125629,60.50095742284299,90.69840062111801,0.1016215212374672,1.0,0,0.038143693576764504,videos/behavior/eval_50017_high__long__u05.mp4,2b3f9f670deb29e4727a80389fbf3a9caad36c4e36b41b4831901a2b2b6f7ea7
free_fall,3407,100000,Long,eval_50018,eval_50018_high,17050018,0.0,235,48,48,high,0.052997093215728305,-0.019648534458796933,0.04989715438326746,0.012361837259481177,False,detected_frames_below_58,E3_fail,127.33378046054102,44.47353579466295,47.82942097026604,-0.4538873395830249,0.75,16,0.06399513587636152,videos/behavior/eval_50018_high__long__u00.mp4,a976ad785d9069979f4af570c40598b431c96d3a43e59503ef2a1a70ecdceb72
free_fall,3407,100000,Long,eval_50018,eval_50018_high,17050018,0.6,123,83,160,high,0.052997093215728305,-0.01160166573394757,0.07260567154253053,0.02089842908795178,True,,E3_fail,62.157073799548826,60.37931081598076,100.13076023391812,0.2339897297941517,0.96875,2,0.06985639358756579,videos/behavior/eval_50018_high__long__u06.mp4,7d54bbadfbb2b9e27980a225d0f80800c715b171683e27c212945580969f1ab0
free_fall,3407,100000,Long,eval_50019,eval_50019_high,17050019,0.1,216,54,67,high,0.06204873469422123,-0.027136328150360354,0.05324990479218418,0.015484410152194187,False,detected_frames_below_58,E3_fail,116.79786612101725,48.22458683914819,53.27986946066644,-0.3734645010595433,0.6875,20,0.08818091216858759,videos/behavior/eval_50019_high__long__u01.mp4,4f508d995c1eb87acce0ec81ca8261397434148bada783ec3c8fa3dadc84d007
free_fall,3407,100000,Long,eval_50019,eval_50019_high,17050019,0.7,104,89,179,high,0.06204873469422123,0.016934058530238535,0.07449760731548534,0.02214467475457463,False,detected_frames_below_58,E3_fail,54.70287643359231,65.70365632661763,124.52233154442456,0.38956269544067523,0.875,8,0.10543269136779254,videos/behavior/eval_50019_high__long__u07.mp4,70fce92619873cc40ae76b96cd37c6c96cdfabb921406acae8876a507a152236
free_fall,3407,100000,Long,eval_50020,eval_50020_high,17050020,0.2,198,60,85,high,0.058127420481205824,-0.022186605956609706,0.057515294663601384,0.014917638940177069,False,detected_frames_below_58,E3_fail,108.17291066282421,52.42696629213483,61.356846473029044,-0.2761524878035345,0.765625,15,0.06949875168043018,videos/behavior/eval_50020_high__long__u02.mp4,37602e520211e9fb6f49d91a4869c5f9651a4f58fd22be66d72965237139557b
free_fall,3407,100000,Long,eval_50020,eval_50020_high,17050020,0.8,85,94,198,high,0.058127420481205824,0.02098969632564216,0.07345952305269342,0.01798054670615635,False,detected_frames_below_58,E3_fail,46.808812437143814,66.14974361713493,134.3955223880597,0.48335880063468034,0.875,8,0.10734851873419349,videos/behavior/eval_50020_high__long__u08.mp4,d89ed469dd8f125b2d2e4a2c795ad6e5316ac9fde9d69df7cb8ae78fc31172e1
free_fall,3407,100000,Long,eval_50021,eval_50021_high,17050021,0.3,179,65,104,high,0.05443292206690774,-0.023258122560304663,0.06508160355743986,0.01354124376010704,True,,E3_fail,93.8077943835321,57.2458318656804,68.95575440966152,-0.1526879953044479,1.0,0,0.020049993750781203,videos/behavior/eval_50021_high__long__u03.mp4,9c32911dd69d7f4ee7f3df0c56aeb2383c8472435cc1e4cff4cf4b3b4fae4026
free_fall,3407,100000,Long,eval_50021,eval_50021_high,17050021,0.9,67,100,216,high,0.05443292206690774,0.009776172703542495,0.07571437656755392,0.02119729761623064,True,,E3_fail,41.49402390438247,65.90636704119851,141.9047619047619,0.5474994698431223,0.921875,5,0.10711678735941144,videos/behavior/eval_50021_high__long__u09.mp4,824fb889a322a1de1478e9e1ef38d8ec04a1cbe4b5015a5a58c7e64acf03d9d4
free_fall,3407,100000,Long,eval_50022,eval_50022_high,17050022,0.4,160,71,123,high,0.058146214477300395,-0.020249910505103337,0.06906058151641872,0.013902009951434948,True,,E3_fail,80.87356820767837,58.503551912568305,77.94831721470018,-0.018418437642889206,1.0,0,0.02244393617951468,videos/behavior/eval_50022_high__long__u04.mp4,50f6771d27ab27e9e1ce481b8a3b2536305ee3aebb7e7c550c42764284a466ec
free_fall,3407,100000,Long,eval_50022,eval_50022_high,17050022,1.0,48,106,235,high,0.058146214477300395,0.018348459506320917,0.07430426406229419,0.02254725128118327,False,detected_frames_below_58,E3_fail,36.995457393483704,70.17539198606272,152.52723989951852,0.60959338462465,0.875,8,0.12390330658825877,videos/behavior/eval_50022_high__long__u10.mp4,497702de84cf1aa25ed9c53d85a8e7c804180a1b9ef7c170db104935239fcbab
free_fall,3407,100000,Long,eval_50023,eval_50023_high,17050023,0.5,142,77,142,high,0.057670019295714914,-0.015939552400791385,0.0713002792479764,0.01596757438663624,True,,E3_fail,70.69340513983371,61.29163185742133,88.34431260229132,0.11098566876492735,1.0,0,0.025321978555589264,videos/behavior/eval_50023_high__long__u05.mp4,84aa60e72dd9a8a8c1313fc35fd40fb81abf47501e6723dbee4e65ee6e66bbc1
free_fall,3407,100000,Long,eval_50024,eval_50024_high,17050024,0.0,235,48,48,high,0.047389165559386034,-0.016546043257225983,0.04771538279798862,0.010550476922030259,False,detected_frames_below_58,E3_fail,128.06864098498275,45.07565868318675,50.21795992714026,-0.4366603023421511,0.78125,14,0.0549048556430447,videos/behavior/eval_50024_high__long__u00.mp4,260348a419d2f6b4035efcf9020eac6b6932d50f10a5b68f2d190c636c09d251
free_fall,3407,100000,Long,eval_50024,eval_50024_high,17050024,0.6,123,83,160,high,0.047389165559386034,-0.00947464011779201,0.07046875553570317,0.018798819900808533,True,,E3_fail,62.908515392254216,58.20130470685384,97.9297619047619,0.21774198966229033,1.0,0,0.053633595028992676,videos/behavior/eval_50024_high__long__u06.mp4,2bbf94e7ae2f290d081330d0aea1a7d4b8e2c2ef62cd0983b2802a9706c72c49
free_fall,3407,100000,Long,eval_50025,eval_50025_high,17050025,0.1,216,54,67,high,0.06132079847974285,-0.022328178501972502,0.05288259945846747,0.014146084976585331,False,detected_frames_below_58,E3_fail,114.89942528735632,47.89622641509434,52.95038167938932,-0.3690742618502979,0.671875,21,0.07847323540003048,videos/behavior/eval_50025_high__long__u01.mp4,ca53eb16ee543ca387c14433207d0c33bf1523e1a7faa9f73a06e833dddfcaae
free_fall,3407,100000,Long,eval_50025,eval_50025_high,17050025,0.7,104,89,179,high,0.06132079847974285,0.020377472593654192,0.07319321835671636,0.0199258818996075,False,detected_frames_below_58,E3_fail,55.871975806451616,62.75315904139434,118.4688811737476,0.35904897137453606,0.875,8,0.10354789162923761,videos/behavior/eval_50025_high__long__u07.mp4,8b3ac782d7815df51ee5a166b74812f43f03e8a6d2f6ac709315ab4552c3c4dd
free_fall,3407,100000,Long,eval_50026,eval_50026_high,17050026,0.2,198,60,85,high,0.06295533431455241,-0.026987359278714748,0.05790532394855419,0.015439744527586485,False,detected_frames_below_58,E3_fail,106.111660269555,52.14026777819881,59.87393092105263,-0.2785647176772442,0.75,16,0.07256309718408671,videos/behavior/eval_50026_high__long__u02.mp4,c276e0ecdcaa30259e0ad0cff902cc407ac2343c5ad955e6ad4d05e106e63683
free_fall,3407,100000,Long,eval_50026,eval_50026_high,17050026,0.8,85,94,198,high,0.06295533431455241,0.014450734765285286,0.07609206559649453,0.02826808534699239,False,detected_frames_below_58,E3_fail,46.6000417710944,67.4500720272394,139.65002486501845,0.49959704592063586,0.875,8,0.14060742407199112,videos/behavior/eval_50026_high__long__u08.mp4,0902f9cc7d8c2308c662cf334ec83f5aff78eb8c027db855216a735a481a89f2
free_fall,3407,100000,Long,eval_50027,eval_50027_high,17050027,0.3,179,65,104,high,0.04670501626689866,-0.027381332595779323,0.05876012533407726,0.010412365854224285,True,,E3_fail,96.2618970714901,55.98463739739438,70.35607087700271,-0.1554803873403113,1.0,0,0.019120462722411746,videos/behavior/eval_50027_high__long__u03.mp4,65d704e64f76ee8d0ee0a8ce7a437300649c9478d35c3b5acef7b867adf4cad2
free_fall,3407,100000,Long,eval_50027,eval_50027_high,17050027,0.9,67,100,216,high,0.04670501626689866,-0.0046215950870526915,0.07388376878845491,0.01633171370472369,False,detected_frames_below_58,E3_fail,39.43010752688172,60.974489795918366,134.71270718232043,0.5471520591564389,0.890625,7,0.10114793441915648,videos/behavior/eval_50027_high__long__u09.mp4,750012809db99a6cd1bd29555f4faa607a48e893b0d727a70c0a97103ffa5b35
free_fall,3407,100000,Long,eval_50028,eval_50028_high,17050028,0.4,160,71,123,high,0.05443996001683907,-0.016736280259741984,0.06902993955481353,0.015061647208945884,True,,E3_fail,84.1474060534998,60.42506600660066,80.76986928104576,-0.02048018781296538,1.0,0,0.020529624432397475,videos/behavior/eval_50028_high__long__u04.mp4,318ebe3f115d039a0cc0e46d61ec4b5881dfc1fae4a379e2c10f7e92b6ec3cb8
free_fall,3407,100000,Long,eval_50028,eval_50028_high,17050028,1.0,48,106,235,high,0.05443996001683907,0.01447343262982456,0.07408577675067145,0.019442871919081412,False,detected_frames_below_58,E3_fail,36.83747159265401,68.30934512182586,146.17557159725203,0.597433374686531,0.875,8,0.1127909717424409,videos/behavior/eval_50028_high__long__u10.mp4,9ed830ba75b638be190449ed63a453ecf789a6e131444ffdaab39b42395a1050
free_fall,3407,100000,Long,eval_50029,eval_50029_high,17050029,0.5,142,77,142,high,0.056681276865603994,-0.010173871056862696,0.07054727922032754,0.017092545776784443,True,,E3_fail,71.74355075363479,61.0121336996337,88.59501840460486,0.1050992767332175,1.0,0,0.02863664861178339,videos/behavior/eval_50029_high__long__u05.mp4,abe2676f1a5d5a9e411353b16587d28dcd5915ee1eb1da0b387887f19d5307ea
free_fall,3407,100000,Long,eval_50030,eval_50030_high,17050030,0.0,235,48,48,high,0.06139035744066626,-0.019446386693647663,0.04919959900253524,0.014158095069516347,False,detected_frames_below_58,E3_fail,125.73474801061008,43.98255813953488,46.758104738154614,-0.4578545836185123,0.640625,23,0.0861166628927531,videos/behavior/eval_50030_high__long__u00.mp4,ff713c71174b707e2d03200696a09bc17e223f44dcf3f53b52ed465b911b619d
free_fall,3407,100000,Long,eval_50030,eval_50030_high,17050030,0.6,123,83,160,high,0.06139035744066626,0.005622428856103463,0.07315792185586859,0.025654361161073915,True,,E3_fail,62.2506035862518,59.71184286343762,102.98568301036113,0.24652623381421407,0.96875,2,0.11000307019670041,videos/behavior/eval_50030_high__long__u06.mp4,7c18f81206304018032a779c95442f819c807a2377f80792e348880ffd8c8ba5
free_fall,3407,100000,Long,eval_50031,eval_50031_high,17050031,0.1,216,54,67,high,0.04975534148743192,-0.01576454600598303,0.05316559834263332,0.01095269021578556,False,detected_frames_below_58,E3_fail,118.75667016806723,50.452893486161585,58.38066485753053,-0.3408429132221705,0.84375,9,0.039023463355863264,videos/behavior/eval_50031_high__long__u01.mp4,2ebb58c6fe2684e446479e0087687991d6f394c6f0e30cbf229f006a8a073c10
free_fall,3407,100000,Long,eval_50031,eval_50031_high,17050031,0.7,104,89,179,high,0.04975534148743192,-0.010488105009624991,0.07429376560225841,0.02107084024209203,True,,E3_fail,52.39639022787029,60.639404761904764,113.0248447204969,0.36650950231117646,0.9375,4,0.11928036002166642,videos/behavior/eval_50031_high__long__u07.mp4,de4fc4c85d57b40e119f7b1ba4b99bc8809cdd8b928b4846f8e3cff2e6e671ae
free_fall,3407,100000,Long,eval_50007,eval_50007_high,17050007,0.5,142,77,142,high,0.0611354978442743,0.0008410387599488069,0.07099292205637527,0.020581292939575512,True,,E3_fail,74.49365804160325,62.960046082949304,91.6584146739722,0.10330750830747708,0.96875,2,0.09311362331504736,videos/behavior/eval_50007_high__long__u05.mp4,66e1c4c1c15cd631d0bf0b813dbdd49dffcb0ed1ebdbf77edeb3d7207b258326
free_fall,3407,100000,Long,eval_50008,eval_50008_high,17050008,0.5,142,77,142,high,0.05471699164799937,-0.018441173625606735,0.07167290300483047,0.017618345482805532,True,,E3_fail,71.43471273603856,58.981424148606806,88.41660335428973,0.106235538333979,1.0,0,0.015590156493596186,videos/behavior/eval_50008_high__long__u05.mp4,ce63336f0c2f593cb59e56825efd795faa93daf0dd197c8921da67bdda79f393
free_fall,3407,100000,Long,eval_50009,eval_50009_high,17050009,0.3,179,65,104,high,0.06292371888632753,-0.01246576878007099,0.06269310499514845,0.016006303681696327,False,detected_frames_below_58,E3_fail,94.50347222222223,58.61290322580645,71.14695340501792,-0.14099884578481475,0.796875,13,0.08733460041632735,videos/behavior/eval_50009_high__long__u03.mp4,13450d7e15babd5819dc11b9b44f4e33063665660bd09fcd980eac5d7893921e
free_fall,3407,100000,Long,eval_50009,eval_50009_high,17050009,1.0,48,106,235,high,0.06292371888632753,0.012417210844451704,0.07754284001263301,0.034271363120548744,False,detected_frames_below_58,E3_fail,35.32608695652174,69.815,152.3494623655914,0.6235408705702964,0.890625,7,0.1512055558272607,videos/behavior/eval_50009_high__long__u10.mp4,98f19df4373b44e5b34d61f0d23bf639c41ad52f27442a3bcc793eb67d57eb3b
free_fall,3407,100000,Long,eval_50010,eval_50010_high,17050010,0.5,142,77,142,high,0.04978673499321216,-0.012420117521844876,0.0686764711915716,0.013405272453357247,True,,E3_fail,74.8955547112462,61.08833375132212,89.93418329415074,0.0912373505223435,1.0,0,0.04158932941637561,videos/behavior/eval_50010_high__long__u05.mp4,95d9cf4bccbe148c7455116e57ae0b6311d5f0688957835515d54f8b72b5f366
free_fall,3407,100000,Long,eval_50011,eval_50011_high,17050011,0.0,235,48,48,high,0.05559903293318277,-0.020403043755219837,0.050212308410958466,0.013016250668793685,False,detected_frames_below_58,E3_fail,125.97460317460317,45.320945945945944,47.09060402684564,-0.4558050715296905,0.734375,17,0.07498323557350384,videos/behavior/eval_50011_high__long__u00.mp4,e0300e6f20b6031e3d7b5e019d1976b4214ef3f69d6aa0ccec4adff12c63487f
free_fall,3407,100000,Long,eval_50011,eval_50011_high,17050011,0.6,123,83,160,high,0.05559903293318277,-0.0032798027694867795,0.07303447634348698,0.021398590513673075,True,,E3_fail,62.33207547169811,60.37951807228916,100.50169491525423,0.2344084974072084,0.984375,1,0.09801274840644913,videos/behavior/eval_50011_high__long__u06.mp4,ac686c1126af7854c8a4325d982e381f50945b695f1b48425b58611938349ab7
free_fall,3407,100000,Long,eval_50012,eval_50012_high,17050012,0.1,216,54,67,high,0.05452538276428,-0.01615443416550884,0.054038420336568256,0.013165105876659285,False,detected_frames_below_58,E3_fail,116.52571428571429,48.40392156862745,54.207843137254905,-0.36500071859965383,0.765625,14,0.06654768401474576,videos/behavior/eval_50012_high__long__u01.mp4,de065351727075167f88ff0b455a40c3ff59bff58c3326e94d341eea9af09968
free_fall,3407,100000,Long,eval_50012,eval_50012_high,17050012,0.7,104,89,179,high,0.05452538276428,0.008256246583113823,0.07354762164865183,0.01659944610210741,True,,E3_fail,55.30930773705643,60.848831058923096,114.95574555403556,0.3503152095163347,0.9375,4,0.08296371673214153,videos/behavior/eval_50012_high__long__u07.mp4,8cf43430973e670ffaeb8d92b307d4b6a4617b79c3af353f36bc39977375f62f
free_fall,3407,100000,Long,eval_50013,eval_50013_high,17050013,0.2,198,60,85,high,0.05941431759849394,-0.027686332122861517,0.056972045302467404,0.014601082014792854,False,detected_frames_below_58,E3_fail,108.90639927895448,52.78583746340898,59.84760472452498,-0.2907118846994451,0.75,16,0.07276364852353778,videos/behavior/eval_50013_high__long__u02.mp4,9b82ea59d79fa06a19c42d52ce7c8919f2d1da8079ac8dbbf5236b74c51df3a8
free_fall,3407,100000,Long,eval_50013,eval_50013_high,17050013,0.8,85,94,198,high,0.05941431759849394,0.020618706216101835,0.07395322631190131,0.019624328067918344,False,detected_frames_below_58,E3_fail,46.4353692630271,66.62448295535586,133.6074991400069,0.48417430054402716,0.875,8,0.11222602812545002,videos/behavior/eval_50013_high__long__u08.mp4,b9cdfe356654ae82a1033e7bdfe8c64950d32cc53d35e456cc4ba9691db7bb3b
free_fall,3407,100000,Long,eval_50014,eval_50014_high,17050014,0.3,179,65,104,high,0.06461412859500178,-0.013071162909545709,0.0632919284753787,0.01770810103208418,False,detected_frames_below_58,E3_fail,92.42652329749104,56.72923076923077,70.44311377245509,-0.134975492796087,0.859375,9,0.06017862648264327,videos/behavior/eval_50014_high__long__u03.mp4,a67a2e878e6ac8c0ca3551eff7f9c06ed02750e64acbe3cd7f5806e6de6cbf92
free_fall,3407,100000,Long,eval_50014,eval_50014_high,17050014,0.9,67,100,216,high,0.06461412859500178,0.029087433299061393,0.07563223362658227,0.02697049165747842,False,detected_frames_below_58,E3_fail,40.1492116331453,70.93478355543942,147.75347132181332,0.5726595171313271,0.8125,12,0.1749375192990581,videos/behavior/eval_50014_high__long__u09.mp4,a0496fc64529d75f301bff1541b7fb15593eab42d6a6d047eed7e5de37524033
free_fall,3407,100000,Long,eval_50015,eval_50015_high,17050015,0.4,160,71,123,high,0.06669411667584542,-0.017059485222406454,0.07065140749370707,0.022513893595523284,True,,E3_fail,81.17910447761194,59.0961866351892,78.63009591442841,-0.015950324242473824,1.0,0,0.025269454698268023,videos/behavior/eval_50015_high__long__u04.mp4,0c6928a92264228855add9e5ff52807d26efb0764cbb4633698e0564df92f2e2
free_fall,3407,100000,Long,eval_50015,eval_50015_high,17050015,1.0,48,106,235,high,0.06669411667584542,0.09984875858706896,0.0735979686518752,0.11068666316888755,True,,E3_fail,34.72611464968153,66.63706563706563,141.75155279503105,0.6064531546399667,0.921875,5,0.6461998395893972,videos/behavior/eval_50015_high__long__u10.mp4,53b1a180abadddbf60f9f32dfdfb3f3d57c5cf501c1443a3970af0f85b1ccad2
free_fall,3407,100000,Long,eval_50016,eval_50016_high,17050016,0.5,142,77,142,high,0.06640241906099656,-0.0022199008491279315,0.07339783845162733,0.03164056609841274,True,,E3_fail,71.79736184597296,62.51775222427396,92.52416740347775,0.126135666167274,1.0,0,0.1179080881532869,videos/behavior/eval_50016_high__long__u05.mp4,3292aa75e71265b9053ce88c29f7c10f98b73b2cbdc36123881390afcc05d8c8
free_fall,3407,100000,Long,eval_50017,eval_50017_high,17050017,0.0,235,48,48,high,0.049586233301447014,-0.019589629891774995,0.04822877579804494,0.010984965739026539,False,detected_frames_below_58,E3_fail,127.10508474576271,45.27181208053691,50.390151515151516,-0.43220840652783177,0.796875,13,0.05269201135060986,videos/behavior/eval_50017_high__long__u00.mp4,3cc81f47c935300ad0a0a5607165798400848b77da3d8baf9b3be60a53234f73
free_fall,3407,100000,Long,eval_50017,eval_50017_high,17050017,0.6,123,83,160,high,0.049586233301447014,0.00025081060421235194,0.07056725980020488,0.01875197882190722,True,,E3_fail,62.84323678710062,58.99895373169031,99.97308449695667,0.22804745505260055,1.0,0,0.0682621539743502,videos/behavior/eval_50017_high__long__u06.mp4,05c4b5e61917bc2ef01e77c848a55ddec14dee9cfe0b79d9f14c6f3d2c14b07b
free_fall,3407,100000,Long,eval_50018,eval_50018_high,17050018,0.1,216,54,67,high,0.052997093215728305,-0.020288132572143174,0.05414464783748649,0.01324197188290756,False,detected_frames_below_58,E3_fail,117.61678832116789,48.91629955947136,54.86062717770035,-0.3638514698399975,0.796875,12,0.0530568653036354,videos/behavior/eval_50018_high__long__u01.mp4,979a6679cd620506b47221f4e1e355d8b5be038349ba9a24caf53c898613e0c3
free_fall,3407,100000,Long,eval_50018,eval_50018_high,17050018,0.7,104,89,179,high,0.052997093215728305,-0.0010473091129147515,0.07342640705815778,0.021701395253932717,True,,E3_fail,52.3013698630137,60.52777777777778,114.0,0.37100494233937176,0.921875,5,0.12901244797210065,videos/behavior/eval_50018_high__long__u07.mp4,2b62b09332670df31f62c9927e4296bbba3285ad91df37a63a407a51debd075b
free_fall,3407,100000,Long,eval_50019,eval_50019_high,17050019,0.2,198,60,85,high,0.06204873469422123,-0.023098290026048744,0.05753502317955774,0.015113560546263201,False,detected_frames_below_58,E3_fail,106.31265114196148,52.33922782198644,59.667217989842285,-0.28103066592417913,0.75,16,0.0674914221526296,videos/behavior/eval_50019_high__long__u02.mp4,3de1fcc9e4b7be112d813694f7f26eac552a42930bcf7f053f4840a771d3ce6c
free_fall,3407,100000,Long,eval_50019,eval_50019_high,17050019,0.8,85,94,198,high,0.06204873469422123,0.01469956183338374,0.07593646274008187,0.025624499159596983,False,detected_frames_below_58,E3_fail,47.325795584862384,66.89814242356115,137.21813755325624,0.4871053761551459,0.875,8,0.1351378259567616,videos/behavior/eval_50019_high__long__u08.mp4,26bff6f46e263dfe358455412fb894aca96a5c7f61a5867940abc2dc0760dfd1
free_fall,3407,100000,Long,eval_50020,eval_50020_high,17050020,0.3,179,65,104,high,0.058127420481205824,-0.02002311179785609,0.06416449665095257,0.014556642898395629,False,detected_frames_below_58,E3_fail,96.15867158671587,57.409774436090224,69.83082706766918,-0.15861150694758736,0.890625,5,0.028133877697568033,videos/behavior/eval_50020_high__long__u03.mp4,62fb57a244bd5e6e1979fe945f928cf6d756bb09749a96ff4a578a623522f239
free_fall,3407,100000,Long,eval_50020,eval_50020_high,17050020,0.9,67,100,216,high,0.058127420481205824,0.019865673801163528,0.07408406306540087,0.02046469903746374,False,detected_frames_below_58,E3_fail,41.55915587817107,69.2795586039567,147.59483045212767,0.560578588012402,0.875,8,0.11922806524184482,videos/behavior/eval_50020_high__long__u09.mp4,68bcc25e3a6d6ef6cfbb110c00f5bde6ec9bd261e9007bc809bcea595a8985af
free_fall,3407,100000,Long,eval_50021,eval_50021_high,17050021,0.4,160,71,123,high,0.05443292206690774,-0.015828620510409914,0.06903604867106689,0.014467219119949486,True,,E3_fail,82.38500128633908,59.25955612924717,78.73655913978496,-0.02264403433596924,1.0,0,0.01860409626386561,videos/behavior/eval_50021_high__long__u04.mp4,2db579a3d65151a9c3f099dac262bdc535364f0b526ea7e94a860ef23f13dfb2
free_fall,3407,100000,Long,eval_50021,eval_50021_high,17050021,1.0,48,106,235,high,0.05443292206690774,0.017447208490338956,0.07454861307598964,0.020101628255412264,False,detected_frames_below_58,E3_fail,36.59915495886179,67.82056301079609,148.37436407874364,0.6042768159541646,0.875,8,0.12132690144501168,videos/behavior/eval_50021_high__long__u10.mp4,ad4900a0510023ebf79cc03dec3d981524a61e397bd7efa838908045d2168b20
free_fall,3407,100000,Long,eval_50022,eval_50022_high,17050022,0.5,142,77,142,high,0.058146214477300395,-0.020077637744902867,0.0716929420949255,0.01564787839708225,True,,E3_fail,69.95348054542296,59.57671348530202,86.21892234439764,0.10415055091679558,1.0,0,0.028082588258941832,videos/behavior/eval_50022_high__long__u05.mp4,17ba4128994c6ff0043115f7caf7a80b167b24897a4d3d786cdfbc23dcfa6448
free_fall,3407,100000,Long,eval_50023,eval_50023_high,17050023,0.0,235,48,48,high,0.057670019295714914,-0.016429907038210297,0.049165744119365744,0.013888188310498392,False,detected_frames_below_58,E3_fail,126.14408866995075,45.0357083951839,47.36578522043638,-0.4540277834521464,0.6875,20,0.08527930421484153,videos/behavior/eval_50023_high__long__u00.mp4,677a5ba297c2da820f5c2c3805368e5a90f3791d5b5891f82672520b248ac208
free_fall,3407,100000,Long,eval_50023,eval_50023_high,17050023,0.6,123,83,160,high,0.057670019295714914,0.008705190421648575,0.07238832660774511,0.01996631288144091,True,,E3_fail,62.378286111451814,60.97706093189964,99.67850934376358,0.23016759727684175,1.0,0,0.08304909979472908,videos/behavior/eval_50023_high__long__u06.mp4,4385daac672c9849fa9458638bff89820cc2e98486d1eda6845259782fc59b6b
free_fall,3407,100000,Long,eval_50024,eval_50024_high,17050024,0.1,216,54,67,high,0.047389165559386034,-0.018418751629063014,0.052236088420110564,0.011420167381568687,False,detected_frames_below_58,E3_fail,115.51484174164524,49.02150195694716,57.01693104447342,-0.33905587215920635,0.875,5,0.03436645691114648,videos/behavior/eval_50024_high__long__u01.mp4,2158cfff6283273a52e7d6da4243162bf45ea5bc6fb5146a44a51b481e034396
free_fall,3407,100000,Long,eval_50024,eval_50024_high,17050024,0.7,104,89,179,high,0.047389165559386034,-0.00593496362735348,0.07329374972030478,0.019331321126481397,True,,E3_fail,52.43396226415094,60.49171270718232,113.21333333333334,0.36692039462493403,0.953125,3,0.10156483604106437,videos/behavior/eval_50024_high__long__u07.mp4,5adb704d66129401ea1ff40baeaea502a49499259a7ad4102d3613cee9e0dd31
free_fall,3407,100000,Long,eval_50025,eval_50025_high,17050025,0.2,198,60,85,high,0.06132079847974285,-0.02301568919533069,0.05700192004547136,0.013777882595771618,False,detected_frames_below_58,E3_fail,106.70180722891567,51.95,59.64705882352941,-0.28286786391769536,0.734375,17,0.07003677305399292,videos/behavior/eval_50025_high__long__u02.mp4,af81d762dbbaaeb599b8f68ef7e838b7c744d1f8f9c10ceaa7a6c156599643d2
free_fall,3407,100000,Long,eval_50025,eval_50025_high,17050025,0.8,85,94,198,high,0.06132079847974285,0.017850200902277607,0.07457179382363506,0.022363044683380042,False,detected_frames_below_58,E3_fail,48.330421581802796,66.84410666113301,134.39276880547067,0.4709984925354148,0.875,8,0.11508617073550731,videos/behavior/eval_50025_high__long__u08.mp4,682b1a1e71a173c64bbd2bb06b8bcd109b036a9995e4f4c2ea0021a2497888de
free_fall,3407,100000,Long,eval_50026,eval_50026_high,17050026,0.3,179,65,104,high,0.06295533431455241,-0.01341138503690727,0.06226354617554519,0.016724683208442573,False,detected_frames_below_58,E3_fail,94.18293057153817,57.724999999999994,70.295326787136,-0.14523259285457307,0.75,16,0.10918417596253083,videos/behavior/eval_50026_high__long__u03.mp4,6c60f6078801de6fa01c24350a76bb0c4cfc4e38d1b2b00b9e717889bb045aa5
free_fall,3407,100000,Long,eval_50026,eval_50026_high,17050026,0.9,67,100,216,high,0.06295533431455241,0.016064526393682887,0.07638013587291911,0.030542110526901384,False,detected_frames_below_58,E3_fail,40.20444444444445,71.03535353535354,149.35294117647058,0.5758071434383749,0.859375,9,0.15627222798523188,videos/behavior/eval_50026_high__long__u09.mp4,2126a2d09fc259eb500ccaab9f503f71697a3522a3415587dd674dea7ef25a72
free_fall,3407,100000,Long,eval_50027,eval_50027_high,17050027,0.4,160,71,123,high,0.04670501626689866,-0.027917472041444662,0.06263090338489499,0.012332063950187763,True,,E3_fail,84.28147649862146,58.529271566086635,78.85611587501123,-0.033256348488854365,1.0,0,0.018795406551312066,videos/behavior/eval_50027_high__long__u04.mp4,4809d7b653c50868f02e4f6b7ece03b7ec97aa3985d95be7046d9c54576e6d6b
free_fall,3407,100000,Long,eval_50027,eval_50027_high,17050027,1.0,48,106,235,high,0.04670501626689866,-0.0014717189634333198,0.07459811382392954,0.01837009945290216,True,,E3_fail,35.255102040816325,62.29100529100529,138.83892617449663,0.5949878074253709,0.921875,4,0.09706388376094133,videos/behavior/eval_50027_high__long__u10.mp4,b0e992da20d21f07c9f4f757f154366381b0a9175c5e1556901235bbe59729fa
free_fall,3407,100000,Long,eval_50028,eval_50028_high,17050028,0.5,142,77,142,high,0.05443996001683907,-0.017298582453087404,0.07177666729815871,0.017163617726439994,True,,E3_fail,72.1355954251699,61.55912698412698,90.31096022692981,0.11188519651155111,1.0,0,0.025905354257991897,videos/behavior/eval_50028_high__long__u05.mp4,a0ddf9ee64c2dc2aa0bd8f215564c179e79ddb57508ad24833be81a652dc2c9a
free_fall,3407,100000,Long,eval_50029,eval_50029_high,17050029,0.0,235,48,48,high,0.056681276865603994,-0.019274668304245762,0.04953031369913984,0.01267678295235783,False,detected_frames_below_58,E3_fail,127.34117199391171,44.51378969273456,47.044643065778715,-0.460453328160022,0.71875,18,0.0769213116292653,videos/behavior/eval_50029_high__long__u00.mp4,cf4f4db7eff00a8dd22ddaaddd7879a18983c93a241d0e4037e2ff84b806bb05
free_fall,3407,100000,Long,eval_50029,eval_50029_high,17050029,0.6,123,83,160,high,0.056681276865603994,-0.00018411796186821455,0.07238426967693865,0.018822541405544114,True,,E3_fail,61.60572746492408,60.10034101898509,98.7456014042594,0.23161562926387871,0.96875,2,0.05538996333576862,videos/behavior/eval_50029_high__long__u06.mp4,34310289a2e3f27c265a7c1d3e3ce70703e3cc670923f6890daeee2c0a987c3c
free_fall,3407,100000,Long,eval_50030,eval_50030_high,17050030,0.1,216,54,67,high,0.06139035744066626,-0.023554760926441702,0.05380902796690901,0.014441091045792562,False,detected_frames_below_58,E3_fail,113.87284225723432,46.603435517970404,53.48385215234572,-0.3608400029525881,0.71875,18,0.07034198997129582,videos/behavior/eval_50030_high__long__u01.mp4,f6c93ebd4982866c0167d516dff65895225b5c30089de618cba3391388880c76
free_fall,3407,100000,Long,eval_50030,eval_50030_high,17050030,0.7,104,89,179,high,0.06139035744066626,0.019975449863709905,0.07325676466400924,0.019811118710022283,False,detected_frames_below_58,E3_fail,53.60855605692468,62.41974230181262,120.28435544430539,0.38343023192701386,0.875,8,0.10305152404729889,videos/behavior/eval_50030_high__long__u07.mp4,020747ee105c01a646ef80956b8af271466a02bee2abb4162b067fb4b78bfb93
free_fall,3407,100000,Long,eval_50031,eval_50031_high,17050031,0.2,198,60,85,high,0.04975534148743192,-0.01994560831392832,0.05617012462834075,0.011036733889097993,False,detected_frames_below_58,E3_fail,110.29483282674772,53.04060913705584,63.17857142857143,-0.27160510050768377,0.890625,7,0.02706790607413545,videos/behavior/eval_50031_high__long__u02.mp4,cad90ad3cc40d6ea6e8a75f1391a0c58eb4112797f9d5cb74b7a233abb3a313a
free_fall,3407,100000,Long,eval_50031,eval_50031_high,17050031,0.8,85,94,198,high,0.04975534148743192,-0.0006258539529931281,0.07399501711226586,0.01699779515562135,False,detected_frames_below_58,E3_fail,45.67240327418781,63.79520063839489,127.06590789769744,0.4711954404979543,0.875,8,0.11433004836659566,videos/behavior/eval_50031_high__long__u08.mp4,beefc461e0fac8868c224ec577dc40b169c519a7ea860bcac21b4862b0e4bba4
free_fall,3407,100000,Long,eval_50007,eval_50007_high,17050007,0.8,85,94,198,high,0.0611354978442743,0.02022430823007747,0.0748153229687765,0.022323104630889407,False,detected_frames_below_58,E3_fail,48.154606454361485,67.44940476190476,139.92136591478697,0.48792388684456006,0.875,8,0.11204658199454964,videos/behavior/eval_50007_high__long__u08.mp4,a641832022686226086160f8b6dc3a7b907b3277580a1353487c57c2e5475dfc
free_fall,3407,100000,Long,eval_50008,eval_50008_high,17050008,0.6,123,83,160,high,0.05471699164799937,-0.008174731837520514,0.07384393122197937,0.021703909344865147,True,,E3_fail,62.43607965341643,58.103381924198246,99.94678089304257,0.23100160394633404,0.96875,2,0.07971390745618001,videos/behavior/eval_50008_high__long__u06.mp4,a7c7e64c0350e8e52c305eb6c364927208c9e43058a126732e0a0e4c9b5e76c4
free_fall,3407,100000,Long,eval_50009,eval_50009_high,17050009,0.4,160,71,123,high,0.06292371888632753,-0.015499929674717207,0.06877889741541139,0.020009981432962898,False,detected_frames_below_58,E3_fail,81.05820105820106,60.98412698412698,81.02645502645503,-0.00019586080825231063,0.890625,7,0.06350508984177972,videos/behavior/eval_50009_high__long__u04.mp4,8aa2a5a6dc605e6168b7bf9e6482fa6bcbe8710197e12ab53de5b05087861086
free_fall,3407,100000,Long,eval_50010,eval_50010_high,17050010,0.0,235,48,48,high,0.04978673499321216,-0.01688908060861327,0.04793905227650881,0.010668714495275256,False,detected_frames_below_58,E3_fail,129.76256983240222,45.91641791044776,49.81071428571428,-0.4452324628317105,0.796875,13,0.054024225637138934,videos/behavior/eval_50010_high__long__u00.mp4,497f923f9bb36f3a3424f5ea1142e963a47b12b076908d93a46c2c424b12d6eb
free_fall,3407,100000,Long,eval_50010,eval_50010_high,17050010,0.6,123,83,160,high,0.04978673499321216,-0.002606629275672398,0.07186582155310456,0.018154374372321827,True,,E3_fail,64.01905915349312,61.439594148183104,102.62214230670435,0.23165389360464622,1.0,0,0.04846091941108566,videos/behavior/eval_50010_high__long__u06.mp4,5634b353211f25c20c394dd85ebf954c0c68fdb7d575931ff3e0df24495d8523
free_fall,3407,100000,Long,eval_50011,eval_50011_high,17050011,0.1,216,54,67,high,0.05559903293318277,-0.024515772047628726,0.0551246183349268,0.01407981600682183,False,detected_frames_below_58,E3_fail,115.9392325223936,48.792653363966934,54.15124503034107,-0.36326541250903055,0.8125,11,0.05378821150405799,videos/behavior/eval_50011_high__long__u01.mp4,fe29b98ee69b6b4156c44340ab35c6306398a0df869347ff2224a1c40459c595
free_fall,3407,100000,Long,eval_50011,eval_50011_high,17050011,0.7,104,89,179,high,0.05559903293318277,-0.003286671905750313,0.07427951472784276,0.02516758341939536,True,,E3_fail,53.327296157450796,60.29383116883117,113.63155153691022,0.36119233099795656,0.9375,4,0.134335291253058,videos/behavior/eval_50011_high__long__u07.mp4,eb8a9c08edef75fb967b03d35f30a121af43c7aa077825be6f4c8daab132d777
free_fall,3407,100000,Long,eval_50012,eval_50012_high,17050012,0.2,198,60,85,high,0.05452538276428,-0.022947650721223123,0.058762790430360756,0.013907635746465554,True,,E3_fail,108.14095744680851,51.235023041474655,59.43540669856459,-0.2906468999768451,0.921875,4,0.031552305961754734,videos/behavior/eval_50012_high__long__u02.mp4,21b319f57df46b634ad873eb0f9390e399d41435a9d545aa6c3cedf33a01a901
free_fall,3407,100000,Long,eval_50012,eval_50012_high,17050012,0.8,85,94,198,high,0.05452538276428,0.006424889422121508,0.07483236187933882,0.018917181644792707,True,,E3_fail,47.424313789183046,62.4478920502883,127.02443609022556,0.4562951718259221,0.9375,4,0.09418285144412897,videos/behavior/eval_50012_high__long__u08.mp4,643e2faf98175cab644f9610679f7a8aa12bd08cf526021ee2db4b22a270f96c
free_fall,3407,100000,Long,eval_50013,eval_50013_high,17050013,0.3,179,65,104,high,0.05941431759849394,-0.019671687453703974,0.0629824958317801,0.014005180754771664,False,detected_frames_below_58,E3_fail,96.65491183879094,56.18541033434651,68.85171102661597,-0.1679884486241066,0.828125,11,0.05727458882400038,videos/behavior/eval_50013_high__long__u03.mp4,c63b391c50a4a1745347cf1355b003e2d8195b1dd326a6e0c4338d2c810f9188
free_fall,3407,100000,Long,eval_50013,eval_50013_high,17050013,0.9,67,100,216,high,0.05941431759849394,0.01867616121483031,0.07468335337812618,0.022107119915806262,False,detected_frames_below_58,E3_fail,40.820791415157615,68.95256826506827,142.059835997336,0.5535799281453123,0.875,8,0.12235946593632319,videos/behavior/eval_50013_high__long__u09.mp4,80a7a5c7fc6197ee9e1c50a86b4fbc980107c86db2dc4fe8795568a8fed42a38
free_fall,3407,100000,Long,eval_50014,eval_50014_high,17050014,0.4,160,71,123,high,0.06461412859500178,-0.023872085814710942,0.06999364645898301,0.022481139872883422,True,,E3_fail,78.8594249201278,59.16932907348243,79.73539518900344,0.005523322062302383,0.984375,1,0.05442133317232545,videos/behavior/eval_50014_high__long__u04.mp4,9f03720fc2a6bfdf892ac0cf6fa14058b7d65526e6bb910084ddac831a0a97ad
free_fall,3407,100000,Long,eval_50014,eval_50014_high,17050014,1.0,48,106,235,high,0.06461412859500178,0.013056367854373991,0.07829900770019313,0.03398069649344402,False,detected_frames_below_58,E3_fail,34.91111111111111,70.4937343358396,154.06666666666666,0.6305268109125085,0.828125,11,0.1869986415014706,videos/behavior/eval_50014_high__long__u10.mp4,a754564cc0ce881f465f9cdd15fd82918414af2fdac5c64ac8ded9b86d6dbbfa
free_fall,3407,100000,Long,eval_50015,eval_50015_high,17050015,0.5,142,77,142,high,0.06669411667584542,-0.004211076550522135,0.07354793989773006,0.03327502390908652,True,,E3_fail,73.93080659852242,63.95570051049348,92.76862508383635,0.11300469530819258,1.0,0,0.11894606394539664,videos/behavior/eval_50015_high__long__u05.mp4,2f593a3eda20ec415bdc4601cbca9b9989a46d3a9605b48fea713352946ffbac
free_fall,3407,100000,Long,eval_50016,eval_50016_high,17050016,0.0,235,48,48,high,0.06640241906099656,-0.011853792635049161,0.049716609872845444,0.01828023825830305,False,detected_frames_below_58,E3_fail,120.62013704686119,44.4900462962963,49.16026139345059,-0.42089591207157345,0.6875,20,0.13704253618936446,videos/behavior/eval_50016_high__long__u00.mp4,47c0648330e8e590e8ca143218ae8bd5f425c0a9f4a1c0a029c2a595b925476a
free_fall,3407,100000,Long,eval_50016,eval_50016_high,17050016,0.6,123,83,160,high,0.06640241906099656,0.029003740597556033,0.0725950908351824,0.020395765759696684,True,,E3_fail,65.06751879699249,61.88753676734342,105.78283077125214,0.23830979612948378,0.9375,4,0.11700577868942852,videos/behavior/eval_50016_high__long__u06.mp4,d480e82a0fa87878c9e4156b28ac609da0a1fa86d4acd19c5e7be1ff2900a2da
free_fall,3407,100000,Long,eval_50017,eval_50017_high,17050017,0.1,216,54,67,high,0.049586233301447014,-0.018537618889029644,0.0523371617507215,0.011018116982694512,False,detected_frames_below_58,E3_fail,118.9375,49.11524163568773,57.40723981900452,-0.34892030374225014,0.859375,4,0.03106524563217472,videos/behavior/eval_50017_high__long__u01.mp4,93a3298adec9124ffd9efa93693ee8e80207d218ec52d23201a6c6328118bab8
free_fall,3407,100000,Long,eval_50017,eval_50017_high,17050017,0.7,104,89,179,high,0.049586233301447014,-0.0020358982154618185,0.07372826784117574,0.02019920833569408,True,,E3_fail,53.12192277221912,60.31347332372026,113.7564422926753,0.3633455990348223,1.0,0,0.0858203271466067,videos/behavior/eval_50017_high__long__u07.mp4,db40380dedbb8e6640ece6c94c52542f98557e9fb7ead7e62e47815d3381ebb3
free_fall,3407,100000,Long,eval_50018,eval_50018_high,17050018,0.2,198,60,85,high,0.052997093215728305,-0.024752250232764488,0.05755682767149038,0.013496262223845493,False,detected_frames_below_58,E3_fail,108.5075591985428,52.82854274239816,61.51992673992674,-0.2763531566632698,0.875,5,0.0326490887203692,videos/behavior/eval_50018_high__long__u02.mp4,fb0067436a5b03f7d436ef2e73e80064baeb2df1fdae7a2bf804ce9c24a2437e
free_fall,3407,100000,Long,eval_50018,eval_50018_high,17050018,0.8,85,94,198,high,0.052997093215728305,0.010148503046169512,0.07274193624435425,0.017252201959252537,False,detected_frames_below_58,E3_fail,46.58536585365854,61.41747572815534,129.85185185185185,0.4719326629666769,0.859375,9,0.12384340193878218,videos/behavior/eval_50018_high__long__u08.mp4,db8251e7038f3a897b15c73968718cbe409f7b8699bde12216a13057e839dcf3
free_fall,3407,100000,Long,eval_50019,eval_50019_high,17050019,0.3,179,65,104,high,0.06204873469422123,-0.015567687273232872,0.0626977984321651,0.015636195978130214,False,detected_frames_below_58,E3_fail,95.16472076576028,58.994781204458626,71.11660105877561,-0.14462309682840194,0.78125,13,0.08448631421072361,videos/behavior/eval_50019_high__long__u03.mp4,2767f9b043af5ca4518f2465c64e13fbf894994dc9f35dfdad459721dd584426
free_fall,3407,100000,Long,eval_50019,eval_50019_high,17050019,0.9,67,100,216,high,0.06204873469422123,0.01285937816207562,0.07669227749527735,0.028291936353466145,False,detected_frames_below_58,E3_fail,40.49096823091013,68.6735294117647,148.9982389251997,0.5726303483073617,0.875,8,0.14298880970249284,videos/behavior/eval_50019_high__long__u09.mp4,bdef1fee0609e463515a6bf3743825ab5411dbbedbcd4d7b3504e6b97a001fb0
free_fall,3407,100000,Long,eval_50020,eval_50020_high,17050020,0.4,160,71,123,high,0.058127420481205824,-0.016818880386210246,0.06924110682459272,0.0144081376296114,True,,E3_fail,81.42551586330643,57.78904872070916,78.39916310210154,-0.018935453403037258,1.0,0,0.018178418113876882,videos/behavior/eval_50020_high__long__u04.mp4,522ecec5efcfbe116d2bcdef66dd1e6225f2d67fc1a42893d2aa9d12124b2e1c
free_fall,3407,100000,Long,eval_50020,eval_50020_high,17050020,1.0,48,106,235,high,0.058127420481205824,0.018918340127993087,0.07462665389685541,0.023000129779786823,False,detected_frames_below_58,E3_fail,36.79125863313061,70.99840263503306,155.34184528015493,0.6170232210505928,0.875,8,0.12655483281981061,videos/behavior/eval_50020_high__long__u10.mp4,1f4e1bb578456b38300d2b62f4bd474470df639ffb7c8055f1d785eae6239ab5
free_fall,3407,100000,Long,eval_50021,eval_50021_high,17050021,0.5,142,77,142,high,0.05443292206690774,-0.016103822481834233,0.07183617247649522,0.017120933903009953,True,,E3_fail,71.66705474705475,59.72144297235023,87.01847595473834,0.09674115302000894,1.0,0,0.02111379785952472,videos/behavior/eval_50021_high__long__u05.mp4,662eb57f52e952b79788c4c1fcc8e288dd4e1e5eb4ce6914dbbd8280f3455655
free_fall,3407,100000,Long,eval_50022,eval_50022_high,17050022,0.0,235,48,48,high,0.058146214477300395,-0.02110943275340136,0.04977449867614422,0.01344100034547949,False,detected_frames_below_58,E3_fail,124.71094042407772,44.36617100371747,47.441297231315545,-0.44884483783148194,0.6875,20,0.08466453520359973,videos/behavior/eval_50022_high__long__u00.mp4,d01d79cb05ae561d651c28b71f5ea547b333ee7be22012bad6d48518440f9611
free_fall,3407,100000,Long,eval_50022,eval_50022_high,17050022,0.6,123,83,160,high,0.058146214477300395,0.006771627849989482,0.07262373313263308,0.02011801204458344,True,,E3_fail,62.05357142857143,59.418242521367524,98.82034116438433,0.22854401402445026,1.0,0,0.08318341075910107,videos/behavior/eval_50022_high__long__u06.mp4,27578221e548ad6e0f075a46d62c122b45c938806a5b5c2fb9b145d8c237435c
free_fall,3407,100000,Long,eval_50023,eval_50023_high,17050023,0.1,216,54,67,high,0.057670019295714914,-0.020728165236282937,0.05359734064719034,0.014539453880921732,False,detected_frames_below_58,E3_fail,114.76548638432462,47.699092120606366,53.66805137699606,-0.36273913033820215,0.75,16,0.06911872759448157,videos/behavior/eval_50023_high__long__u01.mp4,9bb70aba9c17f51d425b7161668b11e91d334e4250d3c4271513d614eea04494
free_fall,3407,100000,Long,eval_50023,eval_50023_high,17050023,0.7,104,89,179,high,0.057670019295714914,0.003907790246060226,0.07474803829690586,0.023869989031978626,True,,E3_fail,53.73640167364017,62.41721854304636,114.58219178082192,0.36149179278665355,0.984375,1,0.11559111914880582,videos/behavior/eval_50023_high__long__u07.mp4,b3e2bca8a02b25391bb8f2ee198f59c7f41ba7f861193768a911e5b11a492fdb
free_fall,3407,100000,Long,eval_50024,eval_50024_high,17050024,0.2,198,60,85,high,0.047389165559386034,-0.023751876039135277,0.056499714743834875,0.010815380385334401,True,,E3_fail,106.84435169193372,52.134274308525804,62.02128691390796,-0.2654362672482435,1.0,0,0.031374083107533535,videos/behavior/eval_50024_high__long__u02.mp4,7de8c029ce9874d9e49648b14aa03346e96a85f54482baa812911509847fe50b
free_fall,3407,100000,Long,eval_50024,eval_50024_high,17050024,0.8,85,94,198,high,0.047389165559386034,-0.00039677758883985937,0.07355396339402054,0.015419039502475052,False,detected_frames_below_58,E3_fail,45.712,64.11581920903954,128.02298850574712,0.47377324057568176,0.890625,7,0.0976770343235207,videos/behavior/eval_50024_high__long__u08.mp4,1eeed5edb1dc037ef3aa6561e1f8ff89b7e276d8c4395bd9e468d42e8d915dce
free_fall,3407,100000,Long,eval_50025,eval_50025_high,17050025,0.3,179,65,104,high,0.06132079847974285,-0.017851087359102114,0.06296115522274645,0.013765146093730899,False,detected_frames_below_58,E3_fail,93.72039473684211,57.9078947368421,70.24663677130044,-0.14316144989412596,0.796875,13,0.06933542169457918,videos/behavior/eval_50025_high__long__u03.mp4,38ddbbc43cecd4ccb0573a0ddbfe9f1610c2c4eed85b38b92f3879aad9668071
free_fall,3407,100000,Long,eval_50025,eval_50025_high,17050025,0.9,67,100,216,high,0.06132079847974285,0.016242968179488552,0.0754321036226883,0.02563873124826491,False,detected_frames_below_58,E3_fail,41.84032999164578,70.1944252029592,145.51819923371647,0.5533661566982216,0.875,8,0.13795208828710082,videos/behavior/eval_50025_high__long__u09.mp4,f74133f6140b6a59a4b51be4b424e4a555b9cf5863f1ef82b3101a9975dd4ee2
free_fall,3407,100000,Long,eval_50026,eval_50026_high,17050026,0.4,160,71,123,high,0.06295533431455241,-0.02347192933140564,0.06923409948234051,0.021566817018531904,True,,E3_fail,79.93877551020408,60.09230769230769,79.66774193548387,-0.001698136010093912,0.921875,5,0.07323048240361163,videos/behavior/eval_50026_high__long__u04.mp4,66a55996e0038d11e87ceaea20308a8b2372c42674de017d0c7cd064644e9137
free_fall,3407,100000,Long,eval_50026,eval_50026_high,17050026,1.0,48,106,235,high,0.06295533431455241,0.015445474301097778,0.07671061777780629,0.032304034244567084,False,detected_frames_below_58,E3_fail,35.55458515283843,71.5311004784689,153.5430711610487,0.6239553059946873,0.859375,9,0.16716619199195848,videos/behavior/eval_50026_high__long__u10.mp4,b7ff0bce8d19d6625552e4290add5f646f3ce7c91262f1bd0890dfcada7da811
free_fall,3407,100000,Long,eval_50027,eval_50027_high,17050027,0.5,142,77,142,high,0.04670501626689866,-0.02965728346108959,0.06619376839431174,0.014984194075864045,True,,E3_fail,72.20269656272785,60.5655652880955,88.16122753200034,0.09951447034836565,1.0,0,0.024682652798963867,videos/behavior/eval_50027_high__long__u05.mp4,056ea247d696928632b49ad78a17f4a63e46c9b54303268d63aac4a0b5e06798
free_fall,3407,100000,Long,eval_50028,eval_50028_high,17050028,0.0,235,48,48,high,0.05443996001683907,-0.017558873833359256,0.05026118987698814,0.01277753804148799,False,detected_frames_below_58,E3_fail,128.57926934818872,45.69931413741968,47.67926337201547,-0.4589849054547325,0.71875,18,0.08010211239892273,videos/behavior/eval_50028_high__long__u00.mp4,10dd954d29e10295aa953e76a5a68d796831f7a980ac993ed20af0858d0e3ab9
free_fall,3407,100000,Long,eval_50028,eval_50028_high,17050028,0.6,123,83,160,high,0.05443996001683907,-0.010095312302386064,0.07406019665735063,0.022982001338028947,True,,E3_fail,63.15816956290237,59.693215339233035,100.70851985559567,0.2291518210683654,0.96875,2,0.08516706119463213,videos/behavior/eval_50028_high__long__u06.mp4,6c36570692b36e7c0dd18e3c2cadb91a8ad97d7f53c55bfd976d96b0cc1e7966
free_fall,3407,100000,Long,eval_50029,eval_50029_high,17050029,0.1,216,54,67,high,0.056681276865603994,-0.020719593888706176,0.05413856697247952,0.014044469948689416,False,detected_frames_below_58,E3_fail,115.47999536641004,47.545306445931665,53.459693459693455,-0.3671150476106076,0.78125,14,0.06193680817646019,videos/behavior/eval_50029_high__long__u01.mp4,f5db72f8a0cee1a456dd14e356f88e9fe36b4c9c6ac7cb1a11291ddad22c8c83
free_fall,3407,100000,Long,eval_50029,eval_50029_high,17050029,0.7,104,89,179,high,0.056681276865603994,0.00833209877224772,0.07354939974535267,0.01901456113786271,True,,E3_fail,53.38265306122449,60.7037037037037,112.16988416988417,0.3550971316530976,0.921875,4,0.11481481584834152,videos/behavior/eval_50029_high__long__u07.mp4,fa1f62cdeeb872bf19fb595fe6835905f8300b1a40c7859db28db6ee702ba77a
free_fall,3407,100000,Long,eval_50030,eval_50030_high,17050030,0.2,198,60,85,high,0.06139035744066626,-0.025420304357475464,0.05676157592726307,0.014621234112366946,False,detected_frames_below_58,E3_fail,105.83715868858819,50.74316317678142,58.77428907666783,-0.28590277438683387,0.75,16,0.06549222870865534,videos/behavior/eval_50030_high__long__u02.mp4,11969f707b9c0b259c672c888cb1bcc6cdb4c8ae8c0aac84f978bc62e2e657ff
free_fall,3407,100000,Long,eval_50030,eval_50030_high,17050030,0.8,85,94,198,high,0.06139035744066626,0.017193476859011028,0.07478518945244225,0.023172210345571057,False,detected_frames_below_58,E3_fail,46.17702922077922,66.4844037541406,140.2692178206711,0.5046612098283373,0.875,8,0.11268699297078455,videos/behavior/eval_50030_high__long__u08.mp4,1201d2f43a13ca6ed9aa8c0488919d05cc55823028145717170049859fbdca58
free_fall,3407,100000,Long,eval_50031,eval_50031_high,17050031,0.3,179,65,104,high,0.04975534148743192,-0.027440771190537634,0.06173957986575411,0.01177417440243173,True,,E3_fail,97.77353165522501,55.71294621608757,70.66078787878789,-0.16096923626637705,1.0,0,0.03225405492389566,videos/behavior/eval_50031_high__long__u03.mp4,2e3b2c0115679663e084f64ea896f557b263c91fdcd81a9c09b99023fb0cca73
free_fall,3407,100000,Long,eval_50031,eval_50031_high,17050031,0.9,67,100,216,high,0.04975534148743192,-0.003084901509597343,0.07490738521011411,0.01874988263535121,False,detected_frames_below_58,E3_fail,39.69095387225158,65.55195770413161,139.0656734569778,0.5559218758457545,0.875,8,0.12017685081130691,videos/behavior/eval_50031_high__long__u09.mp4,edee619a8c031242c748b7ad615529c5b8ff8b153e91742501b437badd53da22
free_fall,3407,100000,Long,eval_50007,eval_50007_high,17050007,1.0,48,106,235,high,0.0611354978442743,0.017108345595130456,0.07613354441761329,0.02781032585206233,False,detected_frames_below_58,E3_fail,36.38003064351379,71.81211361737678,156.32415458937197,0.6224261491825067,0.875,8,0.1488477201903151,videos/behavior/eval_50007_high__long__u10.mp4,74ddaf6c2664fe729ab10a6ad9bb5a052684fefc79ba35e23fc20c922ba88087
free_fall,3407,100000,Long,eval_50008,eval_50008_high,17050008,0.8,85,94,198,high,0.05471699164799937,0.005810369582138006,0.07549936546481267,0.020333359754983137,True,,E3_fail,46.799126637554586,62.81666666666667,128.20955882352942,0.46517938222030286,0.921875,4,0.09651157241708419,videos/behavior/eval_50008_high__long__u08.mp4,1a6493e77f03e1c5f8d8abd0737fa3cd1a4f774d0ba1c33d57e9b0684cf69baa
free_fall,3407,100000,Long,eval_50009,eval_50009_high,17050009,0.6,123,83,160,high,0.06292371888632753,0.006521657163118289,0.07294652340363346,0.027572857840088973,True,,E3_fail,64.42639593908629,59.78145695364238,103.62605042016807,0.2332584578821449,0.921875,3,0.11907157438653493,videos/behavior/eval_50009_high__long__u06.mp4,08141a0b5a1524030ea7ac092c57fe6138b6e4c11a31e4b3d856d11bab2b97da
free_fall,3407,100000,Long,eval_50010,eval_50010_high,17050010,0.1,216,54,67,high,0.04978673499321216,-0.01867800431908131,0.05299548569364497,0.01106077974702141,True,,E3_fail,118.69659868126465,49.7785054472376,56.94757944757945,-0.35155744922207866,0.9375,3,0.025304403895352046,videos/behavior/eval_50010_high__long__u01.mp4,675d955c09f0bbcc6946b7dc5b985e4a215262b31ea45cb12ee56bc051cb9718
free_fall,3407,100000,Long,eval_50010,eval_50010_high,17050010,0.7,104,89,179,high,0.04978673499321216,-0.0033252266444682905,0.07490791670151996,0.021801628980645537,True,,E3_fail,53.9748985801217,60.82187114845938,115.7149260700389,0.36384048140306924,1.0,0,0.10344345341080818,videos/behavior/eval_50010_high__long__u07.mp4,1a1090df453e0f34e1dcddbdb2bb1489907ffd8d327394b3aca23f0936a35a6f
free_fall,3407,100000,Long,eval_50011,eval_50011_high,17050011,0.2,198,60,85,high,0.05559903293318277,-0.026822820967293458,0.05822001044212833,0.014980272079773649,False,detected_frames_below_58,E3_fail,107.56521739130434,52.25301204819277,61.03191489361702,-0.276002929984882,0.859375,6,0.036172779880138006,videos/behavior/eval_50011_high__long__u02.mp4,ee789b2af78fe9d7f6501fcf00cd9f4692db96fd8b45502054a1dfd2803e3c38
free_fall,3407,100000,Long,eval_50011,eval_50011_high,17050011,0.8,85,94,198,high,0.05559903293318277,0.006726971074003306,0.07408249159102522,0.01909965059038434,True,,E3_fail,46.13470413290945,64.09454639320411,131.14898277398277,0.47953807890808114,0.90625,6,0.10235015593361696,videos/behavior/eval_50011_high__long__u08.mp4,46e0140e21ec6c5fb7f655988eec8f3136a12491c6a0b05d0208a92b90cfed66
free_fall,3407,100000,Long,eval_50012,eval_50012_high,17050012,0.3,179,65,104,high,0.05452538276428,-0.02274835310623218,0.0638957278936833,0.014285765394167064,True,,E3_fail,96.14698275862068,55.99063852813853,70.03999299443933,-0.15709407819644064,1.0,0,0.019457325739420828,videos/behavior/eval_50012_high__long__u03.mp4,5ccb3872746f5aaf2080b39f61ac7ae3b3de2f2b9a2477eb2ff7e728702022dd
free_fall,3407,100000,Long,eval_50012,eval_50012_high,17050012,0.9,67,100,216,high,0.05452538276428,0.01512440043905679,0.0735471899910883,0.017078504546978755,False,detected_frames_below_58,E3_fail,41.52851893972531,64.66207754331789,137.7278911564626,0.5366579201553616,0.875,8,0.10204089154189111,videos/behavior/eval_50012_high__long__u09.mp4,f020131f594fd4cb19d0ab2e84374dbad118b4653f1ce87c3aaa9d57e386a557
free_fall,3407,100000,Long,eval_50013,eval_50013_high,17050013,0.4,160,71,123,high,0.05941431759849394,-0.016211766582192363,0.06866822838512915,0.014701834896158545,True,,E3_fail,81.1433447098976,58.73357664233577,79.08333333333333,-0.012856856309586905,0.984375,1,0.04607867776158181,videos/behavior/eval_50013_high__long__u04.mp4,b2d58bbc0a2513fe5f699186010ea99a8045dc1a774357ea1072844051ba16d6
free_fall,3407,100000,Long,eval_50013,eval_50013_high,17050013,1.0,48,106,235,high,0.05941431759849394,0.01754565665505768,0.07518841507750208,0.025266191321337648,False,detected_frames_below_58,E3_fail,35.781570537601155,68.92769895613395,147.75063416975183,0.6100785625644706,0.875,8,0.1435601108829455,videos/behavior/eval_50013_high__long__u10.mp4,82b9a77566384b1fd3d08c6549d02caf170b73f5da4509cd049ab70b521083e0
free_fall,3407,100000,Long,eval_50014,eval_50014_high,17050014,0.5,142,77,142,high,0.06461412859500178,-0.026334618867744068,0.07390762600790213,0.029919030956606533,True,,E3_fail,69.09871244635193,61.30541871921182,87.65665236051503,0.11838790931989855,0.984375,1,0.06526754221666708,videos/behavior/eval_50014_high__long__u05.mp4,90ad37d4619d1ec930ebf1743860897edc921faab332a53758a4e09c98d36738
free_fall,3407,100000,Long,eval_50015,eval_50015_high,17050015,0.0,235,48,48,high,0.06669411667584542,-0.008470303039831963,0.049652519601462636,0.017053430653529048,False,detected_frames_below_58,E3_fail,122.147074099723,45.568687887080515,49.70213164338182,-0.42156111308793465,0.6875,20,0.135801866492397,videos/behavior/eval_50015_high__long__u00.mp4,4de19eada34f7afa8ab8182ecc10f2955b1fbb74e6ec34de602e916cd4596849
free_fall,3407,100000,Long,eval_50015,eval_50015_high,17050015,0.6,123,83,160,high,0.06669411667584542,0.007869467752644405,0.07407242213859451,0.03129653962739849,True,,E3_fail,64.68808182967476,66.37123712371238,105.19515446588998,0.23844066971823125,0.90625,6,0.13103034202189134,videos/behavior/eval_50015_high__long__u06.mp4,5334fda6fc8c73986ea5ae7b6e7a3c2152e76d17e0d7b528b712e7b6884e38a2
free_fall,3407,100000,Long,eval_50016,eval_50016_high,17050016,0.1,216,54,67,high,0.06640241906099656,-0.017561950943406016,0.05454656765437739,0.019160965724616928,False,detected_frames_below_58,E3_fail,110.98097826086956,47.24109589041096,53.040650406504064,-0.35324809493182624,0.765625,15,0.07227606766839223,videos/behavior/eval_50016_high__long__u01.mp4,66f183698eb307449c44bb07cd49fe92099179f269d0bff99fc2e6a3fecf06f0
free_fall,3407,100000,Long,eval_50016,eval_50016_high,17050016,0.7,104,89,179,high,0.06640241906099656,0.040939959803607394,0.07340281213755884,0.015858932301007853,False,detected_frames_below_58,E3_fail,56.00471325183969,64.44683960540738,126.02623421354764,0.3846682222813896,0.875,8,0.12263739919833971,videos/behavior/eval_50016_high__long__u07.mp4,fc8dc56bbdc236483d17a2ccee04f17b19c62db6de6e734360b760a3e4b358d7
free_fall,3407,100000,Long,eval_50017,eval_50017_high,17050017,0.2,198,60,85,high,0.049586233301447014,-0.022447411867422697,0.056703504517236054,0.010796760902701836,True,,E3_fail,108.14134707574306,50.938650527325024,60.610847547974416,-0.2816585564042681,0.96875,1,0.027453968099479198,videos/behavior/eval_50017_high__long__u02.mp4,deb325f08a84245327698110e76e3667ffb46d56af13e5432b9476773ea2aca9
free_fall,3407,100000,Long,eval_50017,eval_50017_high,17050017,0.8,85,94,198,high,0.049586233301447014,-0.0071075021724205665,0.0750567749409657,0.03611930937858438,True,,E3_fail,46.5,61.84285714285714,126.77747252747253,0.46328857038669213,0.953125,3,0.2998537948295409,videos/behavior/eval_50017_high__long__u08.mp4,80e95c28578ea5cf34063aca519c8f3b7061963d1facbca968b8f2aea03d2a41
free_fall,3407,100000,Long,eval_50018,eval_50018_high,17050018,0.3,179,65,104,high,0.052997093215728305,-0.0261703521329491,0.06319171466214672,0.013385399876876139,True,,E3_fail,96.76190476190476,57.403030303030306,71.29780564263324,-0.1515181661206991,0.984375,1,0.019701703953672545,videos/behavior/eval_50018_high__long__u03.mp4,df6d97a66235921bc3c8a3b2ed2269b82d3e4d9fc9c35813fd1a8e83de1ca1df
free_fall,3407,100000,Long,eval_50018,eval_50018_high,17050018,0.9,67,100,216,high,0.052997093215728305,0.011095538680783843,0.07263129072355753,0.017987523733025125,False,detected_frames_below_58,E3_fail,41.088,64.44280442804428,140.41666666666666,0.5472513103427982,0.828125,11,0.12545593760244378,videos/behavior/eval_50018_high__long__u09.mp4,a43abad35a3bf0ce2750909f6cc9567e76f684e9f34e1d0bf72e8bf5156f2eaa
free_fall,3407,100000,Long,eval_50019,eval_50019_high,17050019,0.4,160,71,123,high,0.06204873469422123,-0.018195267384948463,0.06783117758045334,0.018393416649034395,False,detected_frames_below_58,E3_fail,81.31936351411923,61.90436478381875,80.65361780743291,-0.004110226911022072,0.84375,10,0.05027987089809027,videos/behavior/eval_50019_high__long__u04.mp4,5e7497bc042c18c22f1241e5055869a8831f78d734fe481bbb5c2598eab3048f
free_fall,3407,100000,Long,eval_50019,eval_50019_high,17050019,1.0,48,106,235,high,0.06204873469422123,0.010589273363786102,0.07687009900897059,0.030549439121322304,False,detected_frames_below_58,E3_fail,35.479876346230554,71.46347633603878,158.57450796626054,0.6343305875625397,0.84375,10,0.16451440162627218,videos/behavior/eval_50019_high__long__u10.mp4,cf29a1922cb60b7bd800524e0bf2bd0b0378031bb47c74ebfd469c6c573525d3
free_fall,3407,100000,Long,eval_50020,eval_50020_high,17050020,0.5,142,77,142,high,0.058127420481205824,-0.018585990023717688,0.07185134507118568,0.016141230067997572,True,,E3_fail,68.9228356545034,58.288871226079934,87.95952526848777,0.12134372214941859,1.0,0,0.03220277053948983,videos/behavior/eval_50020_high__long__u05.mp4,3a97db37c01cd0119ece290a11eada6765f064a7a4809971242afd9ef87cb897
free_fall,3407,100000,Long,eval_50021,eval_50021_high,17050021,0.0,235,48,48,high,0.05443292206690774,-0.015736723940096287,0.05089841454810339,0.011941271937207643,False,detected_frames_below_58,E3_fail,125.32851821530905,45.27978796240586,47.92628205128205,-0.44675377562368235,0.71875,18,0.07769555378875914,videos/behavior/eval_50021_high__long__u00.mp4,fcd00af19caa174b564152ff64dd8a5d72f67e423c21d2cf76b7c7550e34433f
free_fall,3407,100000,Long,eval_50021,eval_50021_high,17050021,0.6,123,83,160,high,0.05443292206690774,-0.007741913951391977,0.07433987586266787,0.020886773374627302,True,,E3_fail,62.1576354679803,59.43956043956044,98.72906403940887,0.22731169626454237,0.984375,1,0.06975701463890449,videos/behavior/eval_50021_high__long__u06.mp4,bfa591ddd4a92b1fbf15c243a5826da980236df57f29db177383dfbfc545a135
free_fall,3407,100000,Long,eval_50022,eval_50022_high,17050022,0.1,216,54,67,high,0.058146214477300395,-0.02471691062031057,0.0535891590431377,0.014204380608119993,False,detected_frames_below_58,E3_fail,114.36597351541485,48.154465862986044,53.55766878861049,-0.3621187814441918,0.71875,18,0.07747021718262359,videos/behavior/eval_50022_high__long__u01.mp4,155692ecc68c15ea7dc3c76eae97b9fea6c66b041bea6ea040ad88668ace0266
free_fall,3407,100000,Long,eval_50022,eval_50022_high,17050022,0.7,104,89,179,high,0.058146214477300395,0.003143304041785468,0.07498463776241701,0.02489390129094783,True,,E3_fail,53.87567567567567,60.01398601398601,112.34848484848484,0.3517708195272243,0.984375,1,0.11834135030624782,videos/behavior/eval_50022_high__long__u07.mp4,13d6a76cfde902f86db4188b0611fcf65293428aa350105e9b6fe69d52b109a4
free_fall,3407,100000,Long,eval_50023,eval_50023_high,17050023,0.2,198,60,85,high,0.057670019295714914,-0.019578872745915493,0.056976811539091156,0.014544422398107213,False,detected_frames_below_58,E3_fail,106.70556701030928,51.3917994100295,59.82015242378811,-0.28155059017820855,0.78125,14,0.06302589023887373,videos/behavior/eval_50023_high__long__u02.mp4,c40f9731914f400aef4df4dc87382a96397f3af3ad65a7be756c5e9a371e657a
free_fall,3407,100000,Long,eval_50023,eval_50023_high,17050023,0.8,85,94,198,high,0.057670019295714914,0.022004008935758535,0.07281894154080995,0.016715770774081224,False,detected_frames_below_58,E3_fail,47.357353937659994,68.22892821951035,133.70626595626595,0.4768981867765154,0.875,8,0.10841682689852095,videos/behavior/eval_50023_high__long__u08.mp4,50a5e7f73affdedf0bd7c3763a659456448551e02578f500c429bb080be7cc84
free_fall,3407,100000,Long,eval_50024,eval_50024_high,17050024,0.3,179,65,104,high,0.047389165559386034,-0.029996145972226954,0.05994364050654769,0.011344127330480106,True,,E3_fail,96.91114864864865,54.915267512853475,69.66615384615385,-0.16355766598720572,1.0,0,0.029333454530305003,videos/behavior/eval_50024_high__long__u03.mp4,5e92effc2753c0d55d47be36af9fb2feefd9528ac786380118c2285636186670
free_fall,3407,100000,Long,eval_50024,eval_50024_high,17050024,0.9,67,100,216,high,0.047389165559386034,-0.002827366322768821,0.07435101567118142,0.01650889311217722,False,detected_frames_below_58,E3_fail,39.644814814814815,64.12068821515075,135.3700468250961,0.5469548763649181,0.875,8,0.11286762368354852,videos/behavior/eval_50024_high__long__u09.mp4,e0cb1a7f02af46bb993a2128c4ad0d2bb4d8a52bbeec81b9fc2587d85fe99c18
free_fall,3407,100000,Long,eval_50025,eval_50025_high,17050025,0.4,160,71,123,high,0.06132079847974285,-0.013159601133418289,0.06724785616266123,0.017724324584948176,False,detected_frames_below_58,E3_fail,83.31274131274131,61.625,82.03968253968254,-0.007699063269825152,0.859375,9,0.06093826037702732,videos/behavior/eval_50025_high__long__u04.mp4,3a5e8112ee20f0fd6535f235e1202b8c1029f80736fe94b8215d4ea3a1d0c5fb
free_fall,3407,100000,Long,eval_50025,eval_50025_high,17050025,1.0,48,106,235,high,0.06132079847974285,0.015199014343654487,0.0758545110879173,0.027677238032048655,False,detected_frames_below_58,E3_fail,36.58715677243596,71.57849444162294,152.1658200502131,0.6123276317192783,0.875,8,0.14641775376943933,videos/behavior/eval_50025_high__long__u10.mp4,efd1c5a63ba773e05746e45da9784ad0da26154e545cc53c2596fac7dea51e2f
free_fall,3407,100000,Long,eval_50026,eval_50026_high,17050026,0.5,142,77,142,high,0.06295533431455241,-0.029991251244038376,0.07315483597699479,0.029745114338958174,True,,E3_fail,67.45422535211267,59.776595744680854,87.8996138996139,0.1316052995276965,0.953125,3,0.09465066750990347,videos/behavior/eval_50026_high__long__u05.mp4,d03aba5cac69add70ef669e43039b83ce89af94b2f8f0a5cbe84b39c43ad65ef
free_fall,3407,100000,Long,eval_50027,eval_50027_high,17050027,0.0,235,48,48,high,0.04670501626689866,-0.026736275093411,0.04867386015949704,0.011061446374370024,True,,E3_fail,125.92485463974228,44.70684485006519,49.43049149432128,-0.43622487042361807,0.90625,5,0.03196056606773734,videos/behavior/eval_50027_high__long__u00.mp4,db51bdc56b556f412daa548b655c93ab1b9cc6f22c323fe34b7e85e75cc6892e
free_fall,3407,100000,Long,eval_50027,eval_50027_high,17050027,0.6,123,83,160,high,0.04670501626689866,-0.01512576949021462,0.06951017659039098,0.018895735593623657,True,,E3_fail,63.20833333333333,58.631901658063136,100.11839832742479,0.2259891238793427,1.0,0,0.07047025300327159,videos/behavior/eval_50027_high__long__u06.mp4,078820c81af010f2ec26474e07bb6abfe9c72c98569179d7b53cb2eb7ffc23e2
free_fall,3407,100000,Long,eval_50028,eval_50028_high,17050028,0.1,216,54,67,high,0.05443996001683907,-0.021172721344457017,0.05495144542686675,0.013349865316866803,False,detected_frames_below_58,E3_fail,117.63719512195122,48.46951219512195,53.68564356435643,-0.37328094752556484,0.796875,13,0.0636073276502589,videos/behavior/eval_50028_high__long__u01.mp4,8ff17e9c1abb915f8bc9ba2f3a54a04a567810dd081631d1d55f4e7b667a3356
free_fall,3407,100000,Long,eval_50028,eval_50028_high,17050028,0.7,104,89,179,high,0.05443996001683907,0.0056228958702786444,0.07371721924463304,0.017222719431011353,False,detected_frames_below_58,E3_fail,54.035714285714285,63.24285714285714,118.17777777777778,0.3724566683103731,0.890625,7,0.10313692899299931,videos/behavior/eval_50028_high__long__u07.mp4,24b0aa16ad4ef26d4cb8efac9a827ab3d2205f12426d6eef82300451a6c55340
free_fall,3407,100000,Long,eval_50029,eval_50029_high,17050029,0.2,198,60,85,high,0.056681276865603994,-0.023080049086696516,0.05745705432890028,0.014565729461661478,False,detected_frames_below_58,E3_fail,106.67559523809524,51.13149847094801,59.345029239766085,-0.2850884710690891,0.828125,11,0.04986951964624742,videos/behavior/eval_50029_high__long__u02.mp4,8fc22496f8bcb56c2aebb0cebe082fbda2eaaf4dfdde04124ff55f49dcdaecda
free_fall,3407,100000,Long,eval_50029,eval_50029_high,17050029,0.8,85,94,198,high,0.056681276865603994,0.010227970357491076,0.07402867329795673,0.019458044825633663,False,detected_frames_below_58,E3_fail,46.217948717948715,64.3962962962963,127.81368821292776,0.4688557835457673,0.890625,7,0.12339313770326799,videos/behavior/eval_50029_high__long__u08.mp4,b129666eb20180937eb511de287651c620f16443c2477b4905642538ae3bfd28
free_fall,3407,100000,Long,eval_50030,eval_50030_high,17050030,0.3,179,65,104,high,0.06139035744066626,-0.017111835777515468,0.06275845564003492,0.014721004367935305,False,detected_frames_below_58,E3_fail,95.03018867924528,54.537234042553195,68.7127659574468,-0.1607240004932769,0.796875,13,0.07008493791943726,videos/behavior/eval_50030_high__long__u03.mp4,c547f3566d9433fbaf3177c20a8f4bb5306d99ec40cf2bd8d88d9ebfea02aeeb
free_fall,3407,100000,Long,eval_50030,eval_50030_high,17050030,0.9,67,100,216,high,0.06139035744066626,0.015929519565045094,0.07552042593035857,0.025622632864908675,False,detected_frames_below_58,E3_fail,39.323905179712156,69.18769290123457,149.820590598634,0.584191916154989,0.875,8,0.13138859611052556,videos/behavior/eval_50030_high__long__u09.mp4,75a84dd203d8e60adb06800abc1f06d182353fc403ee9445172c6dd9ae2152af
free_fall,3407,100000,Long,eval_50031,eval_50031_high,17050031,0.4,160,71,123,high,0.04975534148743192,-0.020351056744982988,0.06559562536935949,0.015057644445099083,True,,E3_fail,87.10901292335116,59.371677018633534,80.5232552076544,-0.03928693317297307,1.0,0,0.02766922165450003,videos/behavior/eval_50031_high__long__u04.mp4,43c404d9ddd5b5a9aa4a4a66d4e70ffb37fa35bf56aa4caeccdf0f1355b8148a
free_fall,3407,100000,Long,eval_50031,eval_50031_high,17050031,1.0,48,106,235,high,0.04975534148743192,-0.005030519552157434,0.0753138501159796,0.020723756871268113,False,detected_frames_below_58,E3_fail,34.979696969696974,66.70995635570102,143.81104286374745,0.608707956549839,0.875,8,0.1240862408850324,videos/behavior/eval_50031_high__long__u10.mp4,8e1fcd5ade4871c45fd96b6b97a0c68471545d8f786bd1df9fbfe93f4b0c600f
free_fall,3407,100000,Long,eval_50008,eval_50008_high,17050008,0.0,235,48,48,high,0.05471699164799937,-0.018738766582163977,0.05020283578446449,0.012283606538487538,False,detected_frames_below_58,E3_fail,125.86578988206082,45.9290842120468,49.07379862700229,-0.43896291233747653,0.71875,18,0.07786649389723899,videos/behavior/eval_50008_high__long__u00.mp4,c1855b980f41e2fefa2fbd9a009385b98905239be85fae5fc77e97eda0067181
free_fall,3407,100000,Long,eval_50008,eval_50008_high,17050008,0.9,67,100,216,high,0.05471699164799937,0.016164693279529758,0.07418113736211064,0.018375778596756594,False,detected_frames_below_58,E3_fail,41.103305785123965,64.89677419354838,139.5811320754717,0.5450266080265653,0.859375,8,0.10413300439547157,videos/behavior/eval_50008_high__long__u09.mp4,9f15922a47864f505205a03c1696154cc1a47d4ae63c602d2c1c4af3f87b1a89
free_fall,3407,100000,Long,eval_50009,eval_50009_high,17050009,0.7,104,89,179,high,0.06292371888632753,0.012070174242825311,0.074865324761242,0.026886551099700767,False,detected_frames_below_58,E3_fail,54.78125,61.922448979591834,120.07142857142857,0.37340107743763673,0.890625,7,0.12946225772259246,videos/behavior/eval_50009_high__long__u07.mp4,b0914fce70bd68ea4c7b92d31a67a945cd8aae97c56965394e683f8893a40e60
free_fall,3407,100000,Long,eval_50010,eval_50010_high,17050010,0.2,198,60,85,high,0.04978673499321216,-0.02058964063710733,0.056557774277894234,0.010930741890353802,True,,E3_fail,107.83455698427508,52.8441194149469,62.095594128316534,-0.2691633153768736,1.0,0,0.024598712854906446,videos/behavior/eval_50010_high__long__u02.mp4,20de595bca1c47bbca85a04201c20ac3695da53c23845ac6b20e87d82d84b936
free_fall,3407,100000,Long,eval_50010,eval_50010_high,17050010,0.8,85,94,198,high,0.04978673499321216,0.007903152945811938,0.07438727142396293,0.016898907019630847,True,,E3_fail,46.90460030165912,62.504229323308266,130.97959288052374,0.4726389179096843,0.9375,4,0.08840456614010783,videos/behavior/eval_50010_high__long__u08.mp4,672daa87fad2196f6980bc0381368d6315cb2685f3c42726953821794c4eabb8
free_fall,3407,100000,Long,eval_50011,eval_50011_high,17050011,0.3,179,65,104,high,0.05559903293318277,-0.02164204442325648,0.06464098580808332,0.014449346686954597,True,,E3_fail,95.62825347002834,57.216759620747354,71.16435550874729,-0.14667255408417967,1.0,0,0.021769032117738396,videos/behavior/eval_50011_high__long__u03.mp4,2e0d8ba21ce8df02a7aa6252e2da1cacc4670651ab750a777b6b6a885ed21756
free_fall,3407,100000,Long,eval_50011,eval_50011_high,17050011,0.9,67,100,216,high,0.05559903293318277,0.014155364692697426,0.07343164235703463,0.017698207159838695,False,detected_frames_below_58,E3_fail,40.68509306803594,67.3943457774556,142.70210664911127,0.5562929895784646,0.875,8,0.10325627104831059,videos/behavior/eval_50011_high__long__u09.mp4,5add655e55df8388f5bffbf2376d022e55ff923f314950984ae6aa9a0e541c5f
free_fall,3407,100000,Long,eval_50012,eval_50012_high,17050012,0.4,160,71,123,high,0.05452538276428,-0.015658614210681848,0.06801992058699237,0.015933299093005025,True,,E3_fail,84.43223850320464,60.270462139839864,81.4419769638613,-0.018027283691581616,1.0,0,0.02527932457982318,videos/behavior/eval_50012_high__long__u04.mp4,359bb775f1ae40d7f8c33cb399abb7577e231812fea0f56e9f4ca45a7d829bb5
free_fall,3407,100000,Long,eval_50012,eval_50012_high,17050012,1.0,48,106,235,high,0.05452538276428,0.014953604444011084,0.07397358434613564,0.019271214117863922,False,detected_frames_below_58,E3_fail,36.68474302496329,65.56445182724252,142.40939716312056,0.5903300578518377,0.875,8,0.1098865653841462,videos/behavior/eval_50012_high__long__u10.mp4,b2b04fedb621eafcd10f2d505d2bb03b80e117e4c0860f4c441f24891ea80be5
free_fall,3407,100000,Long,eval_50013,eval_50013_high,17050013,0.5,142,77,142,high,0.05941431759849394,-0.006212406668165916,0.07103441341406472,0.021667639933052617,True,,E3_fail,70.80250231696016,61.533562822719446,88.89525936289282,0.11329374222666437,1.0,0,0.07970509062711251,videos/behavior/eval_50013_high__long__u05.mp4,6b3d2c74dd2a2a59f1f17cc4b6dd7fc97e29084cdd63fc24e3c6d223065cd8a9
free_fall,3407,100000,Long,eval_50014,eval_50014_high,17050014,0.0,235,48,48,high,0.06461412859500178,-0.03164130434587172,0.0498194708504788,0.01672140575993876,False,detected_frames_below_58,E3_fail,123.49322493224932,44.38211382113821,47.98134328358209,-0.4403678191720044,0.671875,21,0.07920550230780299,videos/behavior/eval_50014_high__long__u00.mp4,7b0e1fe877ae834f721458bfa0335b8a3dd9a332263dfa25b0a9bb96c63d4e04
free_fall,3407,100000,Long,eval_50014,eval_50014_high,17050014,0.6,123,83,160,high,0.06461412859500178,0.021081056263075024,0.07101011368314673,0.017578897493868113,False,detected_frames_below_58,E3_fail,63.00303833700906,62.830267558528426,102.8472552988807,0.2402420646257401,0.8125,12,0.12892054505567907,videos/behavior/eval_50014_high__long__u06.mp4,7d4d6bc681843f36da54f3ee0b712bec450e0176b755b49b96ee9d328042bb1c
free_fall,3407,100000,Long,eval_50015,eval_50015_high,17050015,0.1,216,54,67,high,0.06669411667584542,-0.011735125125258719,0.05315248061178725,0.017787753731227412,False,detected_frames_below_58,E3_fail,112.74725274725274,48.276497695852534,53.95880149812734,-0.35264736793897367,0.734375,17,0.07267452812417585,videos/behavior/eval_50015_high__long__u01.mp4,3a7b1716ca7b448c33b223640af8d3409b9ad23c13a3f4a29debf4d4b476a4b3
free_fall,3407,100000,Long,eval_50015,eval_50015_high,17050015,0.7,104,89,179,high,0.06669411667584542,0.038965061908753415,0.07341153043932877,0.01581639415169957,False,detected_frames_below_58,E3_fail,55.31627906976744,67.58620689655173,124.97619047619048,0.3863717191397493,0.828125,11,0.12904789340356848,videos/behavior/eval_50015_high__long__u07.mp4,1ecc82e0575e4d48f7f9986d32e18825c83d7b0f4f036025bc214c262daad9cd
free_fall,3407,100000,Long,eval_50016,eval_50016_high,17050016,0.2,198,60,85,high,0.06640241906099656,-0.01542432481069576,0.057800739228836655,0.019254898812660508,False,detected_frames_below_58,E3_fail,103.53012048192771,50.685800604229605,58.80722891566265,-0.27549354312008145,0.796875,13,0.06665116697123286,videos/behavior/eval_50016_high__long__u02.mp4,a34b0932c8924f088ba9a265a8d710006d4e2d585e8863b13c457d1dceb1ee81
free_fall,3407,100000,Long,eval_50016,eval_50016_high,17050016,0.8,85,94,198,high,0.06640241906099656,0.04056433216043268,0.07527494981147584,0.018774719973485888,False,detected_frames_below_58,E3_fail,48.2701090074584,66.62137445887446,138.48047785547786,0.48305266592938734,0.875,8,0.13399475378031245,videos/behavior/eval_50016_high__long__u08.mp4,574a494bd5baaf149ed4b761dca48a01fda160dff597ea0c52da9eb0eb89f647
free_fall,3407,100000,Long,eval_50017,eval_50017_high,17050017,0.3,179,65,104,high,0.049586233301447014,-0.02419264298486293,0.06048477136361425,0.010898453978347475,True,,E3_fail,96.42508116883117,54.901788211788215,69.51258687258687,-0.16218435882518722,1.0,0,0.028260284292796367,videos/behavior/eval_50017_high__long__u03.mp4,ffd46f06d26e51d36ba7b3a7d6fa0dfc625abfa207e1a8d434089e8850609508
free_fall,3407,100000,Long,eval_50017,eval_50017_high,17050017,0.9,67,100,216,high,0.049586233301447014,0.0033210533742394598,0.07462408980870798,0.018643487663511888,True,,E3_fail,40.45161834435969,63.592307692307685,136.6590514520202,0.5432051791022385,0.9375,4,0.09449837042309128,videos/behavior/eval_50017_high__long__u09.mp4,0e9c629b2d82038faf66d1ecff97dbaef824487a7d98877fcdb97380c549c2d0
free_fall,3407,100000,Long,eval_50018,eval_50018_high,17050018,0.4,160,71,123,high,0.052997093215728305,-0.02052675750654583,0.06770277333649673,0.01406953121767194,True,,E3_fail,84.94123775324732,60.596941275285225,81.35305898675259,-0.02157728098219032,1.0,0,0.020538097558800317,videos/behavior/eval_50018_high__long__u04.mp4,259f9d685fe3fc38622c4b930a94700a1f6df16223e25b004d5eea4e1c575408
free_fall,3407,100000,Long,eval_50018,eval_50018_high,17050018,1.0,48,106,235,high,0.052997093215728305,0.010963403727007033,0.07295804082807447,0.020149024642135593,False,detected_frames_below_58,E3_fail,36.2289156626506,65.98170731707317,148.18333333333334,0.6070877519265017,0.828125,11,0.1383995224895953,videos/behavior/eval_50018_high__long__u10.mp4,a1c416a66763a55c6f504759a965497df7b620895911d765c397f3ac7930e8c8
free_fall,3407,100000,Long,eval_50019,eval_50019_high,17050019,0.5,142,77,142,high,0.06204873469422123,-0.02174838022485133,0.07165858892819171,0.030869792433149672,False,detected_frames_below_58,E3_fail,70.83060109289617,63.41803278688525,89.97354497354497,0.11904508900373247,0.890625,7,0.21155058391577453,videos/behavior/eval_50019_high__long__u05.mp4,0ca951de9f5f0728fce9c9949aac1f3d4df13c7e397b2eceb72d6d46c0de653f
free_fall,3407,100000,Long,eval_50020,eval_50020_high,17050020,0.0,235,48,48,high,0.058127420481205824,-0.02056761754692956,0.05005873142764271,0.013883933241596154,False,detected_frames_below_58,E3_fail,126.03253921496429,44.73227735725633,47.69357175107231,-0.450933754449881,0.6875,20,0.08575119719426227,videos/behavior/eval_50020_high__long__u00.mp4,88f13bb65e6f45810de47196bd3f98ceb73c9064f777f8d877f13f63752c4cbb
free_fall,3407,100000,Long,eval_50020,eval_50020_high,17050020,0.6,123,83,160,high,0.058127420481205824,0.008715813126515847,0.07286893919170173,0.02058152079790456,True,,E3_fail,62.26880905687288,58.51077851687607,99.6113732892874,0.23068027037776584,1.0,0,0.08922268872194827,videos/behavior/eval_50020_high__long__u06.mp4,cd9cef6381cbe9c4b1bda5f429a59e076eff48f112e7d901216c4a9dd0a41311
free_fall,3407,100000,Long,eval_50021,eval_50021_high,17050021,0.1,216,54,67,high,0.05443292206690774,-0.019341827364677537,0.055818495046818115,0.013100262124337469,False,detected_frames_below_58,E3_fail,116.04402515723271,49.18245614035088,54.80174927113703,-0.3584652654770358,0.796875,13,0.06301210523867007,videos/behavior/eval_50021_high__long__u01.mp4,0b38d1eca2c02ecdbcd030858514d4338048154b4ca49d10e221b807df4f9433
free_fall,3407,100000,Long,eval_50021,eval_50021_high,17050021,0.7,104,89,179,high,0.05443292206690774,0.012267155542024986,0.07419159828310866,0.01769520161033667,True,,E3_fail,54.788717614705455,61.74544270833333,115.72319770056508,0.35736200589380257,0.9375,4,0.08916933060054877,videos/behavior/eval_50021_high__long__u07.mp4,aca645d372569c958381517e2186cfc2c34db86e213dde6fbad9e343f2960379
free_fall,3407,100000,Long,eval_50022,eval_50022_high,17050022,0.2,198,60,85,high,0.058146214477300395,-0.027176525435651164,0.056948705875625324,0.014214043824847465,False,detected_frames_below_58,E3_fail,105.7566765578635,50.66031746031746,57.81818181818182,-0.29306762185588864,0.765625,15,0.07365990124346078,videos/behavior/eval_50022_high__long__u02.mp4,7090abdf1865306189cfdba96ad211c628f56b2804544fef0b6bd929bda42156
free_fall,3407,100000,Long,eval_50022,eval_50022_high,17050022,0.8,85,94,198,high,0.058146214477300395,0.021779626016168854,0.07294429806870892,0.018459521484614796,False,detected_frames_below_58,E3_fail,47.17176851538085,66.32534495279594,132.94542483660132,0.476210264689182,0.875,8,0.11420428808696959,videos/behavior/eval_50022_high__long__u08.mp4,d3cf060f103bcbde780e85596cf4c53b8353b52f7053410a5b1f088d7524c675
free_fall,3407,100000,Long,eval_50023,eval_50023_high,17050023,0.3,179,65,104,high,0.057670019295714914,-0.01939165020449024,0.06373188749944063,0.014927712088484514,True,,E3_fail,93.77807486631016,56.22185430463576,68.95364238410596,-0.15254821187687412,0.921875,5,0.027150870355252432,videos/behavior/eval_50023_high__long__u03.mp4,5ad4097f352c443f6bf730c43ad06a4623bc3d7486ffaee120ff0421fbc3a956
free_fall,3407,100000,Long,eval_50023,eval_50023_high,17050023,0.9,67,100,216,high,0.057670019295714914,0.018011669546512146,0.07353390073235025,0.018168613628154057,False,detected_frames_below_58,E3_fail,42.05347593582888,71.42913385826772,146.13440860215053,0.553069252687815,0.859375,8,0.10358104181727912,videos/behavior/eval_50023_high__long__u09.mp4,a75f3a238853df941d1af3aa41003fc1bcbbb9787f64b49413a53f81931ba1da
free_fall,3407,100000,Long,eval_50024,eval_50024_high,17050024,0.4,160,71,123,high,0.047389165559386034,-0.024445166589635595,0.06415167295850568,0.01288578867157555,True,,E3_fail,84.42530565927227,58.984007996002,79.48636408147277,-0.030131726347558212,1.0,0,0.023401827315526313,videos/behavior/eval_50024_high__long__u04.mp4,930816e46fa4863195b6aec18fb50e81e71d327bb741473b9696bfd3fdbb6576
free_fall,3407,100000,Long,eval_50024,eval_50024_high,17050024,1.0,48,106,235,high,0.047389165559386034,-0.0029248061687483086,0.0744172289332213,0.017412825694629805,False,detected_frames_below_58,E3_fail,34.87719298245614,64.79166666666667,141.46056782334384,0.6044274031485911,0.859375,9,0.11224300614785732,videos/behavior/eval_50024_high__long__u10.mp4,5974e349ca36493c60069575832a0d9854bad98e2ac6a0b1fbe51e78bd8f5442
free_fall,3407,100000,Long,eval_50025,eval_50025_high,17050025,0.5,142,77,142,high,0.06132079847974285,-0.015880716195069176,0.07024520505684288,0.02271059594904518,False,detected_frames_below_58,E3_fail,72.0,63.39719626168224,92.67965367965368,0.12557503745958234,0.890625,7,0.12905275252610582,videos/behavior/eval_50025_high__long__u05.mp4,7c4a418ef41498709b067924b815a7ab9415092195acee308c68d2d3387f74dd
free_fall,3407,100000,Long,eval_50026,eval_50026_high,17050026,0.0,235,48,48,high,0.06295533431455241,-0.022463642920441368,0.04984396615324983,0.015229626848247163,False,detected_frames_below_58,E3_fail,123.95767195767196,44.64638783269962,49.24324324324324,-0.43137432979357315,0.640625,23,0.08685757573215758,videos/behavior/eval_50026_high__long__u00.mp4,27445b39c65372804a50836e95b0ea357f027f57c64eb539cf617d602d7c99c7
free_fall,3407,100000,Long,eval_50026,eval_50026_high,17050026,0.6,123,83,160,high,0.06295533431455241,0.013192370034308069,0.07259923524669983,0.02183601136165316,True,,E3_fail,64.38818334735072,60.97507171543316,105.52225672877847,0.24209267754822597,0.90625,6,0.11059723596933124,videos/behavior/eval_50026_high__long__u06.mp4,c4e378a6f9ee2bb470b9d7e95d7a13cfdeeefcf0e6a9f02c8ba524bcaf6b5cd1
free_fall,3407,100000,Long,eval_50027,eval_50027_high,17050027,0.1,216,54,67,high,0.04670501626689866,-0.021377290201202333,0.052864008070973065,0.010848739154936652,True,,E3_fail,117.06896551724138,48.666666666666664,56.50697674418605,-0.34890773447071904,0.984375,1,0.027409029977378596,videos/behavior/eval_50027_high__long__u01.mp4,e5350de74bf04a1ab5a3802a1ccf0840c5628183a73cb2f990ef00c41adb6dda
free_fall,3407,100000,Long,eval_50027,eval_50027_high,17050027,0.7,104,89,179,high,0.04670501626689866,-0.011429883892209268,0.07234807975113046,0.018512473268361612,True,,E3_fail,53.447966670812086,59.053670610963536,112.45721981424148,0.3556805811417185,0.9375,4,0.10804042375973066,videos/behavior/eval_50027_high__long__u07.mp4,caf8a977dcd648b194b404c128e411975aaddf110b6dfa9bea4be0ae1fef5dca
free_fall,3407,100000,Long,eval_50028,eval_50028_high,17050028,0.2,198,60,85,high,0.05443996001683907,-0.023837665807943928,0.05879255192807904,0.013567813693271895,False,detected_frames_below_58,E3_fail,108.32885906040268,51.55,59.96676737160121,-0.287363924506623,0.890625,4,0.028008088794725938,videos/behavior/eval_50028_high__long__u02.mp4,2c4eaa6d1025fd89c02776b1c22db3baee8bc1ef13d1d7e9dd5d4bf7e0d0df8e
free_fall,3407,100000,Long,eval_50028,eval_50028_high,17050028,0.8,85,94,198,high,0.05443996001683907,0.003732268434494889,0.07479857854833427,0.019186953304669848,True,,E3_fail,47.232881634329125,64.15464165464167,128.7035326714385,0.46306872490601914,0.90625,6,0.1049897575762222,videos/behavior/eval_50028_high__long__u08.mp4,d2697198cc073111efae4693729ed1719cf87be19ea7888911e912368a6a4432
free_fall,3407,100000,Long,eval_50029,eval_50029_high,17050029,0.3,179,65,104,high,0.056681276865603994,-0.018615355013994306,0.06363758889377047,0.013978136797219475,True,,E3_fail,94.45448807854137,56.09264394288346,69.63513036039723,-0.15125489323616065,0.9375,4,0.02319582257964581,videos/behavior/eval_50029_high__long__u03.mp4,daa32f29577717f622f70882408da382fa1895251ce57d1c40768763986a6724
free_fall,3407,100000,Long,eval_50029,eval_50029_high,17050029,0.9,67,100,216,high,0.056681276865603994,0.01885731419256066,0.07355334000207284,0.018230620699657297,False,detected_frames_below_58,E3_fail,40.823496966354114,67.37278229149395,140.54275587062472,0.5498225681152643,0.875,8,0.11001166520851557,videos/behavior/eval_50029_high__long__u09.mp4,e982bebdd64bdfc852db422c887f8c59a7531e6bc178c3229a480839e95afa86
free_fall,3407,100000,Long,eval_50030,eval_50030_high,17050030,0.4,160,71,123,high,0.06139035744066626,-0.012028850463820519,0.0670917703698202,0.016807257498177644,False,detected_frames_below_58,E3_fail,81.90504833512352,61.155797101449274,81.0360497237569,-0.005333207040574835,0.84375,10,0.08173434713457794,videos/behavior/eval_50030_high__long__u04.mp4,ff89904a310dcf1c02549184047984f2fc32dcb8f99618fb203b96a68d920dd1
free_fall,3407,100000,Long,eval_50030,eval_50030_high,17050030,1.0,48,106,235,high,0.06139035744066626,0.015385117355108308,0.07593835808701711,0.027902215948748782,False,detected_frames_below_58,E3_fail,34.760813235000995,70.83020507473063,155.88078244274809,0.6353281338060217,0.875,8,0.145086975278099,videos/behavior/eval_50030_high__long__u10.mp4,df063a63c997dfdf17cf0ad4f5e0e5133da83bbf28f0ff31fcd7237e8475d5d6
free_fall,3407,100000,Long,eval_50031,eval_50031_high,17050031,0.5,142,77,142,high,0.04975534148743192,-0.013136199430930902,0.06832427341537652,0.01823923976410869,True,,E3_fail,74.79095397637101,60.93863625796253,91.59308323047082,0.10098402188193083,1.0,0,0.04371632138917203,videos/behavior/eval_50031_high__long__u05.mp4,95e3578926abb2b269ce3bc2809b2d4e866df4672803c829a482548ab8445406
free_fall,3407,100000,Long,eval_50008,eval_50008_high,17050008,0.2,198,60,85,high,0.05471699164799937,-0.027096592261326304,0.05845075919914222,0.014996033367513765,False,detected_frames_below_58,E3_fail,107.42654523290902,51.28949031333323,60.53112198780698,-0.27920977958973253,0.84375,7,0.04143299486542684,videos/behavior/eval_50008_high__long__u02.mp4,f1c2e23f4f55440bd0fdd4df7eb44d7b0cb8dbdb60fed1cb55998ee4fe4bd0f2
free_fall,3407,100000,Long,eval_50009,eval_50009_high,17050009,0.0,235,48,48,high,0.06292371888632753,-0.02559616942103022,0.0494793698862862,0.01531740408837492,False,detected_frames_below_58,E3_fail,125.32972972972973,44.28846153846154,47.53488372093023,-0.45003337846819486,0.640625,23,0.08521537748957853,videos/behavior/eval_50009_high__long__u00.mp4,bb36cfff456e26ee8a04f7eb22e849562aa1aa572db2cb3c69aca383edc3a225
free_fall,3407,100000,Long,eval_50009,eval_50009_high,17050009,0.8,85,94,198,high,0.06292371888632753,0.021628370457684704,0.07522400976306984,0.026145194541215576,False,detected_frames_below_58,E3_fail,47.235405197797974,66.06158243929983,137.52048688100518,0.4886722727343267,0.875,7,0.1255532596468919,videos/behavior/eval_50009_high__long__u08.mp4,b58913ccd0d0cd9169fe247d15b0392c950932265dddc89bfac2c8e73f929f61
free_fall,3407,100000,Long,eval_50010,eval_50010_high,17050010,0.3,179,65,104,high,0.04978673499321216,-0.02323989858851796,0.06019100455497607,0.011447482337163311,True,,E3_fail,97.3964745062012,56.434343898331036,69.82153329693219,-0.16490413665095788,1.0,0,0.01927944103140955,videos/behavior/eval_50010_high__long__u03.mp4,faecfb7f889bf2b0a58799dcc8fdcd854d974ea5e3a57a4194270063964ca833
free_fall,3407,100000,Long,eval_50010,eval_50010_high,17050010,0.9,67,100,216,high,0.04978673499321216,0.005498823126235009,0.07523183245809069,0.018516888916057406,True,,E3_fail,40.77613890963406,63.1890126776796,138.74868803969275,0.5457325919479213,0.9375,4,0.09485603887114191,videos/behavior/eval_50010_high__long__u09.mp4,6c55f1f2f774d625f712dd011ee54fefb5a1823ada8f85d1dcf6c5ab0f3717c9
free_fall,3407,100000,Long,eval_50011,eval_50011_high,17050011,0.4,160,71,123,high,0.05559903293318277,-0.01780051818489793,0.06850434153018586,0.014848032445865031,True,,E3_fail,83.45903982649843,60.32963787907802,80.16563697291869,-0.0201277882896417,1.0,0,0.019042765057744937,videos/behavior/eval_50011_high__long__u04.mp4,79c020a4d3099c274320492c009232aede998e02f70099aa4650590bd35d18b2
free_fall,3407,100000,Long,eval_50011,eval_50011_high,17050011,1.0,48,106,235,high,0.05559903293318277,0.012788050913516704,0.0739788014814067,0.020496475400001636,False,detected_frames_below_58,E3_fail,36.43376774240389,69.05869173140954,149.0766121015309,0.60720507636225,0.875,8,0.11725171258354616,videos/behavior/eval_50011_high__long__u10.mp4,8deabc8d2fcbb54fee8f1fce2ee5f147d42c0e260382419f8815139e66731af2
free_fall,3407,100000,Long,eval_50012,eval_50012_high,17050012,0.5,142,77,142,high,0.05452538276428,-0.013187957862080567,0.07040617404246997,0.019378261362535478,True,,E3_fail,73.83187645687646,61.24015151515152,90.16388807927717,0.0995880086817739,1.0,0,0.058304302871232006,videos/behavior/eval_50012_high__long__u05.mp4,c45b1671d1d88051f1e1c4badd4ef3530aba9ede270d58936be0859b30db66f7
free_fall,3407,100000,Long,eval_50013,eval_50013_high,17050013,0.0,235,48,48,high,0.05941431759849394,-0.020896461471967397,0.04910062726372592,0.014032584071847909,False,detected_frames_below_58,E3_fail,128.18818794326242,45.480652148460365,45.932782049422116,-0.47240378856892246,0.65625,22,0.08331020503625175,videos/behavior/eval_50013_high__long__u00.mp4,25de12861d2aa37335c34aef8f9c7e3b1b77f0fc82e08619ac13c0975adcfdc9
free_fall,3407,100000,Long,eval_50013,eval_50013_high,17050013,0.6,123,83,160,high,0.05941431759849394,0.003946985691053326,0.07346049117559497,0.024190484688596373,True,,E3_fail,60.874102870813395,59.06157602061576,100.19254942735654,0.24411289360975713,1.0,0,0.11042334853031277,videos/behavior/eval_50013_high__long__u06.mp4,c4c3e32ae73a3f39b0bad73c9fea677ec74b8f2ed20a7edffa4fbe4bf1472d16
free_fall,3407,100000,Long,eval_50014,eval_50014_high,17050014,0.1,216,54,67,high,0.06461412859500178,-0.023214070089508147,0.053875058942443384,0.017140636231443435,False,detected_frames_below_58,E3_fail,113.23011363636364,48.125786163522015,54.31481481481482,-0.35163880737050196,0.734375,17,0.07056535935613828,videos/behavior/eval_50014_high__long__u01.mp4,11805b8c6320a62bd5c788d08b46d79aeabb344ba5c652782edae1dcda7c12d7
free_fall,3407,100000,Long,eval_50014,eval_50014_high,17050014,0.7,104,89,179,high,0.06461412859500178,0.019199940593871468,0.07461819094700102,0.021415638172060363,False,detected_frames_below_58,E3_fail,53.72860338918507,66.31623931623932,122.0879649524901,0.38881069177995603,0.84375,10,0.11440052425345759,videos/behavior/eval_50014_high__long__u07.mp4,f2e6b0b9705521d5391515e964c01e4289fd5d6293b00f0d54c1ebfd82edb5ca
free_fall,3407,100000,Long,eval_50015,eval_50015_high,17050015,0.2,198,60,85,high,0.06669411667584542,-0.014436029136007316,0.0574075266751457,0.01778161686902717,False,detected_frames_below_58,E3_fail,104.93230769230769,52.16101694915254,59.042402826855124,-0.2798596486016628,0.796875,13,0.06348473092891782,videos/behavior/eval_50015_high__long__u02.mp4,79caf4bc6263b1c7b0a7e2b7857cb354fe71b2807e21c944dc3557e4eb4367f4
free_fall,3407,100000,Long,eval_50015,eval_50015_high,17050015,0.8,85,94,198,high,0.06669411667584542,0.039827315393065096,0.07513520569558822,0.020729814769905305,False,detected_frames_below_58,E3_fail,47.48166510144801,71.3831888626215,144.17432932469936,0.5045115573492294,0.84375,10,0.12411547099291287,videos/behavior/eval_50015_high__long__u08.mp4,6deee1796dca7bd33b50d196ca322a619676b74f6530717d08d9427ee7c6a134
free_fall,3407,100000,Long,eval_50016,eval_50016_high,17050016,0.3,179,65,104,high,0.06640241906099656,-0.007933201566746647,0.06313563023738733,0.01923865003487895,False,detected_frames_below_58,E3_fail,91.4491452991453,55.84139108554996,69.32857083781326,-0.13758482825125146,0.875,8,0.0535967767342691,videos/behavior/eval_50016_high__long__u03.mp4,cd0b7c5d7e7f05c1c88ec9525742374f05f8746de4e65e3d289318378f0ded83
free_fall,3407,100000,Long,eval_50016,eval_50016_high,17050016,0.9,67,100,216,high,0.06640241906099656,0.03565087858536983,0.0773808294371893,0.02607256075853974,False,detected_frames_below_58,E3_fail,41.74285714285714,67.23076923076923,143.55864197530863,0.5494601248073205,0.890625,7,0.19018125930053154,videos/behavior/eval_50016_high__long__u09.mp4,054ed51efef27127fd0fced1fae99f0e9cdf086a36b27ad3358d823efdfb7278
free_fall,3407,100000,Long,eval_50017,eval_50017_high,17050017,0.4,160,71,123,high,0.049586233301447014,-0.016986270839037244,0.06518499370776004,0.014613317782488908,True,,E3_fail,85.59983041266253,60.11056539120503,81.73123959856775,-0.023119381318933256,1.0,0,0.036223280291695636,videos/behavior/eval_50017_high__long__u04.mp4,c458aa060044cf0669f5211d1b97f6f63eb2f6bbf03d02b18ae8ac8e1410f655
free_fall,3407,100000,Long,eval_50017,eval_50017_high,17050017,1.0,48,106,235,high,0.049586233301447014,0.0015523345737353917,0.07513689868858847,0.020546425015239688,True,,E3_fail,35.79926573245773,64.08051948051948,141.06336193686792,0.5951743315790744,0.9375,4,0.10051379303866215,videos/behavior/eval_50017_high__long__u10.mp4,c79aea8fea7060872fc51798cd5f7897d692e03e8937d6be326c3e90cbc4aeed
free_fall,3407,100000,Long,eval_50018,eval_50018_high,17050018,0.5,142,77,142,high,0.052997093215728305,-0.018864774332248133,0.07049669671515528,0.016579617872085867,True,,E3_fail,73.4704854368932,61.9575645948449,92.1967553844437,0.11303544294400154,1.0,0,0.02256655121387585,videos/behavior/eval_50018_high__long__u05.mp4,3a35176ca74c12a36083b1f7f6059e00cd88581e306baba0be3d0f5290c19117
free_fall,3407,100000,Long,eval_50019,eval_50019_high,17050019,0.0,235,48,48,high,0.06204873469422123,-0.025829082572433902,0.049892694518512394,0.01528287262118445,False,detected_frames_below_58,E3_fail,127.13095029367932,44.75829336683879,48.06172429078014,-0.4513272383702314,0.65625,22,0.08080339269032044,videos/behavior/eval_50019_high__long__u00.mp4,f40fef15179ac80c014420c1b6f58922c0a9f35346fee7ce9f58cbaaaeaee601
free_fall,3407,100000,Long,eval_50019,eval_50019_high,17050019,0.6,123,83,160,high,0.06204873469422123,0.007309199976735544,0.07338877581642164,0.026104504200515036,True,,E3_fail,62.86335403726708,64.29694323144105,105.74299065420561,0.2543180489168563,0.921875,4,0.1205979042597568,videos/behavior/eval_50019_high__long__u06.mp4,f92f897c909c12f332ba3d3a6a95eec8090bda31261ebad07e5658196d175875
free_fall,3407,100000,Long,eval_50020,eval_50020_high,17050020,0.1,216,54,67,high,0.058127420481205824,-0.022368981796756993,0.05426774579305326,0.014038641586554912,False,detected_frames_below_58,E3_fail,116.53,48.116618075801746,53.9644128113879,-0.3669656158048175,0.734375,17,0.07448461937969408,videos/behavior/eval_50020_high__long__u01.mp4,c47b54b6c95da57902de2999003c2826fdce6a48ecd772f1461e270749acf10a
free_fall,3407,100000,Long,eval_50020,eval_50020_high,17050020,0.7,104,89,179,high,0.058127420481205824,0.009517731822378462,0.07447332792564598,0.02149414262091122,True,,E3_fail,52.56826568265683,61.655913978494624,115.26530612244898,0.3735667409414236,0.953125,3,0.10366191567826177,videos/behavior/eval_50020_high__long__u07.mp4,51b9d243fdda71e8ea1befd89f5950c2a0e9a113aa4ccd1496bcae3042d5bc00
free_fall,3407,100000,Long,eval_50021,eval_50021_high,17050021,0.2,198,60,85,high,0.05443292206690774,-0.019725106319401994,0.05843176153579518,0.013605738968337647,False,detected_frames_below_58,E3_fail,107.37734609609609,52.38203792615988,60.92808848730332,-0.27598192371961566,0.8125,12,0.06484038028006422,videos/behavior/eval_50021_high__long__u02.mp4,0a779e53fbefa9754c8984f11119a3e3f456a3e2fee1462207fc4519dc492c0c
free_fall,3407,100000,Long,eval_50021,eval_50021_high,17050021,0.8,85,94,198,high,0.05443292206690774,0.00932870415112032,0.07536794431543625,0.019709083317871936,True,,E3_fail,48.09617599210339,62.98205128205129,129.31373425594774,0.4577960619577963,0.9375,4,0.09698891201151638,videos/behavior/eval_50021_high__long__u08.mp4,d5bbde681233b7753f0bc96b4b9b7d35465401fe6171e9af5e6b5a5ea88dc1af
free_fall,3407,100000,Long,eval_50022,eval_50022_high,17050022,0.3,179,65,104,high,0.058146214477300395,-0.023057947051132042,0.06312796533609508,0.014564221742490092,False,detected_frames_below_58,E3_fail,93.14081145584726,55.8202614379085,67.62666666666667,-0.1587021522458492,0.859375,9,0.03958388309653438,videos/behavior/eval_50022_high__long__u03.mp4,d8d8759b1dd503547be94bcf19de752f89ed38823306e9f34e23db44746b550e
free_fall,3407,100000,Long,eval_50022,eval_50022_high,17050022,0.9,67,100,216,high,0.058146214477300395,0.020191981636704253,0.07368523101901038,0.02008465414610711,False,detected_frames_below_58,E3_fail,41.44177085790674,68.84331304670287,144.03990322360798,0.5531443085887359,0.875,8,0.11543041628343464,videos/behavior/eval_50022_high__long__u09.mp4,da8e753bb1a9231e09a8a25cb341cd1cb5c6243f2b816eeeecd77138dd2b6ca6
free_fall,3407,100000,Long,eval_50023,eval_50023_high,17050023,0.4,160,71,123,high,0.057670019295714914,-0.015451658825749219,0.068404919794958,0.014501507379437523,True,,E3_fail,81.51491653507783,59.09404199565562,79.15713205645162,-0.014674515569414985,1.0,0,0.023035016550532972,videos/behavior/eval_50023_high__long__u04.mp4,ce29035b0b2342b086bf66a3ca08aa248067b40b3d4a209895f1e5b019e9a874
free_fall,3407,100000,Long,eval_50023,eval_50023_high,17050023,1.0,48,106,235,high,0.057670019295714914,0.014869671099076637,0.07394570672532289,0.02063476760910171,False,detected_frames_below_58,E3_fail,37.13636980722237,71.94051753489956,153.19760219557995,0.6097767580169461,0.84375,10,0.1279191328450573,videos/behavior/eval_50023_high__long__u10.mp4,dcc646114abd81765a4327a1534e429e56d1d6a26752878a930e549c810a3b12
free_fall,3407,100000,Long,eval_50024,eval_50024_high,17050024,0.5,142,77,142,high,0.047389165559386034,-0.025997874942089754,0.06752884641037471,0.013538435544504335,True,,E3_fail,72.6357298202895,60.88655109744163,90.21645403312243,0.10795510257730259,1.0,0,0.025040015292774775,videos/behavior/eval_50024_high__long__u05.mp4,9647d6de0ccd626992881d2a3568d0d1e778dbb0f9cd12473f65ac2fa7c89bdd
free_fall,3407,100000,Long,eval_50025,eval_50025_high,17050025,0.0,235,48,48,high,0.06132079847974285,-0.02115983318959645,0.049155845939760336,0.0135829047975809,False,detected_frames_below_58,E3_fail,124.43909348441926,43.80769230769231,47.30402930402931,-0.44913043927472823,0.640625,23,0.08128567332339043,videos/behavior/eval_50025_high__long__u00.mp4,a288efb5b0c8279859ae4f5a635a4b05781299361aaeba940b9bf04dab4636f4
free_fall,3407,100000,Long,eval_50025,eval_50025_high,17050025,0.6,123,83,160,high,0.06132079847974285,0.004539404724381681,0.07288096121090609,0.026260009367016293,True,,E3_fail,62.5130890052356,61.64356435643565,103.62222222222222,0.24744368258174435,0.953125,3,0.11970341659466044,videos/behavior/eval_50025_high__long__u06.mp4,2f670daaafe1870ee539bb934972158d48248797cd3d44ed3374c647f681b745
free_fall,3407,100000,Long,eval_50026,eval_50026_high,17050026,0.1,216,54,67,high,0.06295533431455241,-0.025968222653404767,0.05429183175771836,0.015337303869512993,False,detected_frames_below_58,E3_fail,113.99709302325581,47.38820638820639,54.76548672566372,-0.35097594730843146,0.703125,19,0.07624216399264705,videos/behavior/eval_50026_high__long__u01.mp4,d668024b5e567ff1b442e1c433c04afb26c96d8d81ec2b6cbc4e7a9b3924d07c
free_fall,3407,100000,Long,eval_50026,eval_50026_high,17050026,0.7,104,89,179,high,0.06295533431455241,0.01830111281579841,0.07427148392827748,0.02302785455368726,False,detected_frames_below_58,E3_fail,54.33618459586099,63.95733532934132,124.14891793177131,0.39114039405670736,0.875,8,0.10601383917919349,videos/behavior/eval_50026_high__long__u07.mp4,5162f69b6bf7a44d4f58d2828a19112e7924901b8468cb9d85be7d20b97e45a4
free_fall,3407,100000,Long,eval_50027,eval_50027_high,17050027,0.2,198,60,85,high,0.04670501626689866,-0.020460481914893587,0.05550492523858725,0.01041468000475034,True,,E3_fail,107.88723794215369,50.373761655011656,62.27060257749913,-0.26808424005231585,1.0,0,0.022101374018895115,videos/behavior/eval_50027_high__long__u02.mp4,0e3f3bbdc29885448f810c04ed9eed492884a443f2ed8883a8f2c7a4f9e2353b
free_fall,3407,100000,Long,eval_50027,eval_50027_high,17050027,0.8,85,94,198,high,0.04670501626689866,-0.0013853917866941763,0.07271939913593148,0.015788196485084786,False,detected_frames_below_58,E3_fail,46.10245901639344,61.0,125.22105263157894,0.4618081479543465,0.890625,7,0.10356159040491453,videos/behavior/eval_50027_high__long__u08.mp4,cb9e049cc98b8cd6df554fc66c27e92e90212bffc1fcaa31929bb8db01a687d9
free_fall,3407,100000,Long,eval_50028,eval_50028_high,17050028,0.3,179,65,104,high,0.05443996001683907,-0.02350980116157284,0.06469285208020548,0.01355650805117025,True,,E3_fail,95.46770517320796,56.20833026387518,69.58735812384253,-0.1567982619399459,1.0,0,0.01695931685661234,videos/behavior/eval_50028_high__long__u03.mp4,b197f49d2e580ef3211d8acd25f7ee3dd47da2c8eb837c64f00b59e84a67ea09
free_fall,3407,100000,Long,eval_50028,eval_50028_high,17050028,0.9,67,100,216,high,0.05443996001683907,0.015123675200921737,0.07369411181699002,0.017166401697871446,False,detected_frames_below_58,E3_fail,41.982806877249104,66.71284469632889,140.31763231811422,0.5394107983222328,0.875,8,0.10285949366047109,videos/behavior/eval_50028_high__long__u09.mp4,fc5d2a55600f93aef6a3c738a493a7c5d46c089c711bfc75f8386194589cea81
free_fall,3407,100000,Long,eval_50029,eval_50029_high,17050029,0.4,160,71,123,high,0.056681276865603994,-0.007900682218433958,0.06791152741779154,0.014927438562676842,True,,E3_fail,82.67402721870806,60.14024540014291,80.45295083218812,-0.013615628837474955,1.0,0,0.02052318417340182,videos/behavior/eval_50029_high__long__u04.mp4,86d5eb59077a8f93514e1a02b38c51c07d4efde595b5fa0c941f155d791d1018
free_fall,3407,100000,Long,eval_50029,eval_50029_high,17050029,1.0,48,106,235,high,0.056681276865603994,0.016477284439953346,0.07404589983018571,0.020637774662548573,False,detected_frames_below_58,E3_fail,36.69150412649632,68.84240872569835,146.5582130730051,0.5995464038118969,0.875,8,0.1208427757505921,videos/behavior/eval_50029_high__long__u10.mp4,5cfabf1094aa677903705eaa060324c7125454192d51d82b41ddadf71f49f050
free_fall,3407,100000,Long,eval_50030,eval_50030_high,17050030,0.5,142,77,142,high,0.06139035744066626,8.327568563887169e-06,0.07082720800052904,0.023797438864163283,True,,E3_fail,70.09450261780104,60.4208007536505,89.56266764620457,0.1219373047650242,1.0,0,0.10243783237858761,videos/behavior/eval_50030_high__long__u05.mp4,f5861e4083ada83a2e13f6010f5cfa5677edb44adaba89b38cf7290468a9afe3
free_fall,3407,100000,Long,eval_50031,eval_50031_high,17050031,0.0,235,48,48,high,0.04975534148743192,-0.017094539130522064,0.04937122124940513,0.010962488739204558,False,detected_frames_below_58,E3_fail,127.39890710382514,46.479069767441864,50.2972027972028,-0.4338964108418892,0.796875,13,0.05544470905764631,videos/behavior/eval_50031_high__long__u00.mp4,a2ee82292470ee1ce26a25cdd77bc6d89adbb806e9895f1afa4c2052f5fd8768
free_fall,3407,100000,Long,eval_50031,eval_50031_high,17050031,0.6,123,83,160,high,0.04975534148743192,-0.013582478464599862,0.07214923528283308,0.021470717365754153,True,,E3_fail,62.849003342825306,58.68836772983114,100.04742500181594,0.22835627543833814,1.0,0,0.06601662011574938,videos/behavior/eval_50031_high__long__u06.mp4,27bc2423e096a48d5f81411350dfed3172ad451b7fa316bbf0555749aaf9c88b
