receiver_id,pair_id,condition,direction,gravity_hat_conflict,gravity_hat_aligned,gravity_hat_edited,recovery_denominator,normalized_recovery_g,valid,invalid_reasons,outcome,future_color_coordinate,future_r,future_g,future_b,fit_rmse,gravity_hat_e0,detector_coverage,max_missing_run,max_adjacent_y_jump,intervention_site,fm_calls_observed,fm_calls_expected,condition_prefix_tokens_edited,target_suffix_tokens_edited,intervention_scale,activation_delta_l2,generation_seed,output_video_path,output_video_sha256
eval_50000_high,eval_50000_high,natural_conflict,high,0.04551214046886443,0.06537975040105169,0.045512140468864426,0.01986760993218726,0.0,True,,E3_fail,-0.5296924630130132,165.86729702006784,46.97429356357928,50.99628965585936,0.006361287493167456,0.03802876827049937,1.0,0,0.01863098585891043,none,20,20,0,0,0.0,0.0,17050000,videos/recovery/eval_50000_high__natural_conflict.mp4,fe091dbf62be58527cd6559291f26d42f3ebc2444527ead26e95fa98d1b1a480
eval_50000_high,eval_50000_high,full_matched_edit,high,0.04551214046886443,0.06537975040105169,0.06495350913229048,0.01986760993218726,0.9785459212146768,True,,E3_pass,0.6214289200811858,46.48884291414216,92.08560080468368,199.11281754080943,0.0011639553145976447,0.06437301330989786,1.0,0,0.01418619711148672,after_block_1,20,20,1088,0,1.0,370.12793585412436,17050000,videos/recovery/eval_50000_high__full_matched_edit.mp4,d2e2c4028c580d960ed57459faa612826ea845bec1a99f3a1193f0cdfac25434
eval_50000_high,eval_50000_high,top2_oracle_projection,high,0.04551214046886443,0.06537975040105169,0.0649709913949332,0.01986760993218726,0.9794258590986195,True,,E3_pass,0.6202960012430863,46.65530964861192,92.34778325123153,199.09037541846007,0.001227042706512578,0.06428555819066124,1.0,0,0.014805771107044952,after_block_1,20,20,1088,0,1.0022815498887996,370.4386274195316,17050000,videos/recovery/eval_50000_high__top2_oracle_projection.mp4,d23c1529f941275b307fc31563fcc36038a07e4ae9e4d3e99c6f53ff12cc204b
eval_50000_high,eval_50000_high,fit_only_controller,high,0.04551214046886443,0.06537975040105169,0.06504689916848252,0.01986760993218726,0.9832465387781789,True,,E3_pass,0.6198872932527068,46.70068454213842,92.18827669902913,199.01951219512193,0.001235792066965657,0.06430431543621215,1.0,0,0.014932049408772352,after_block_1,20,20,1088,0,1.0022815498887996,370.7071838378906,17050000,videos/recovery/eval_50000_high__fit_only_controller.mp4,867da143e875cfe8b413c70480a64ef57515c409a62de691d0a4230ebc060fde
eval_50003_high,eval_50003_high,natural_conflict,high,0.04472196141257921,0.06421369918563438,0.04472196141257922,0.01949173777305517,0.0,True,,E3_fail,-0.534376421022492,167.8875239188672,47.608783190160096,50.94733514001807,0.00652848800642985,0.03788680210831676,1.0,0,0.020846378886433703,none,20,20,0,0,0.0,0.0,17050003,videos/recovery/eval_50003_high__natural_conflict.mp4,164bfe067f74af62443b95baec6ca3f5dd389dfc082a451f7af724298502ed0d
eval_50003_high,eval_50003_high,full_matched_edit,high,0.04472196141257921,0.06421369918563438,0.0635810602097748,0.01949173777305517,0.9675432235326846,True,,E3_pass,0.6171559876974857,47.054746550169895,92.72916053741297,198.76206153922323,0.0008651827567608457,0.06415002585068609,1.0,0,0.013281842972116098,after_block_1,20,20,1088,0,1.0,370.1266270339258,17050003,videos/recovery/eval_50003_high__full_matched_edit.mp4,d2cd6f082f9e447d4ebb8b268938399430e0ad2a4bc9f05226d68c6c920265cd
eval_50003_high,eval_50003_high,top2_oracle_projection,high,0.04472196141257921,0.06421369918563438,0.06342776034786834,0.01949173777305517,0.95967835977906,True,,E3_pass,0.6179225193359262,47.06268670649739,92.82660588682205,199.28884714836317,0.0008140475415939481,0.06399736637497253,1.0,0,0.012659523077134582,after_block_1,20,20,1088,0,1.0022815498887996,370.449197833177,17050003,videos/recovery/eval_50003_high__top2_oracle_projection.mp4,7e58639a2036dd3969910dce11df3a91f9e17964f205649ccbcefb0dee7e66b8
eval_50003_high,eval_50003_high,fit_only_controller,high,0.04472196141257921,0.06421369918563438,0.063448244868408,0.01949173777305517,0.960729293296541,True,,E3_pass,0.6177212865051009,47.086689427722035,92.79280679933666,199.26074120603016,0.0008002191233020529,0.06399498734045395,1.0,0,0.012536927378599239,after_block_1,20,20,1088,0,1.0022815498887996,370.6753234863281,17050003,videos/recovery/eval_50003_high__fit_only_controller.mp4,0c2fee777152e25f368507323610552ffbd8b69d631485960a0190093e2fd912
eval_50005_low,eval_50005_low,natural_conflict,low,0.014106756028437886,0.006862231475129824,0.014106756028437884,-0.007244524553308061,0.0,True,,E3_fail,0.5796100608627355,43.772624434389144,76.15315051369194,164.4751015897911,0.004641063668491036,0.035654708820409824,0.90625,6,0.007520971860765946,none,20,20,0,0,0.0,0.0,17050005,videos/recovery/eval_50005_low__natural_conflict.mp4,76f98a159bd1c28a88561a7a436e660d21285419d5563f816ac3e8370ddeb14e
eval_50005_low,eval_50005_low,full_matched_edit,low,0.014106756028437886,0.006862231475129824,0.00666164711035232,-0.007244524553308061,1.027687719642818,True,,E3_pass,-0.6049023866196258,201.09190469490176,47.936655244622116,49.50514889719534,0.00030484730388993184,0.006812539904077822,1.0,0,0.0020708516465541837,after_block_1,20,20,1088,0,1.0,374.9396902268905,17050005,videos/recovery/eval_50005_low__full_matched_edit.mp4,d46e1cbcd819c554baa43e52036624d66be98b84cc8968ba8b8fc77836601716
eval_50005_low,eval_50005_low,top2_oracle_projection,low,0.014106756028437886,0.006862231475129824,0.007332364461272773,-0.007244524553308061,0.9351050600100083,True,,E3_pass,-0.6067566690392471,201.7317679893217,47.77427184466019,49.372549019607845,0.00035742927748001356,0.00734861824608768,1.0,0,0.0019195361773808317,after_block_1,20,20,1088,0,1.0022815498887996,374.94607800469026,17050005,videos/recovery/eval_50005_low__top2_oracle_projection.mp4,b8d28dfaddb13994ce3650f3f98a0888398fb8c3e6e28dd9e96f2e5ec183b861
eval_50005_low,eval_50005_low,fit_only_controller,low,0.014106756028437886,0.006862231475129824,0.007394283143013982,-0.007244524553308061,0.9265580972265174,True,,E3_pass,-0.6065423805883591,201.76341463414633,47.84649248048734,49.41379310344828,0.0003658745031199453,0.007366611293241702,1.0,0,0.0018366365155817466,after_block_1,20,20,1088,0,1.0022815498887996,374.4590759277344,17050005,videos/recovery/eval_50005_low__fit_only_controller.mp4,7741a02689c4e73c9e8e312f1e8e814f944dfd2d728c067967444e40aa28c5f2
eval_50007_high,eval_50007_high,natural_conflict,high,0.04209568892337086,0.06107342772387357,0.04209568892337086,0.018977738800502714,0.0,True,,E3_fail,-0.5378337634221441,169.94409547738695,47.51231527093596,51.073415673115825,0.006621082089593823,0.038067943484397716,1.0,0,0.013060124910128756,none,20,20,0,0,0.0,0.0,17050007,videos/recovery/eval_50007_high__natural_conflict.mp4,e0c9cad03f9748dce1f845ca04f977910e143c7f4137f3de8635ecb4924bb27a
eval_50007_high,eval_50007_high,full_matched_edit,high,0.04209568892337086,0.06107342772387357,0.06029604156278552,0.018977738800502714,0.9590369448510137,True,,E3_pass,0.6254259266708708,46.21859454238107,92.77475375234522,200.5608695652174,0.0007929630638453326,0.0603757148646067,1.0,0,0.010869674944478103,after_block_1,20,20,1088,0,1.0,371.0652376936776,17050007,videos/recovery/eval_50007_high__full_matched_edit.mp4,2ffecffbe2059b38a0021a889424a85eb883b77c8aaf66846e47158d7041bec6
eval_50007_high,eval_50007_high,top2_oracle_projection,high,0.04209568892337086,0.06107342772387357,0.06112133603102963,0.018977738800502714,1.002524447599352,True,,E3_pass,0.6292145309470362,45.63420670617072,92.68152221626104,200.51463414634145,0.0007835824582176907,0.06122478419909102,1.0,0,0.013584486149757602,after_block_1,20,20,1088,0,1.0022815498887996,371.1618867785531,17050007,videos/recovery/eval_50007_high__top2_oracle_projection.mp4,0687843398f4ca6b50babc2cb34afaa67f4466bb37cdfc19a6e94ae3efa59427
eval_50007_high,eval_50007_high,fit_only_controller,high,0.04209568892337086,0.06107342772387357,0.0611907642725419,0.018977738800502714,1.0061828519141185,True,,E3_pass,0.6300141056094619,45.506073823929455,92.63562842805462,200.482081475288,0.000777651359943183,0.06125127188545855,1.0,0,0.01383465810229223,after_block_1,20,20,1088,0,1.0022815498887996,371.4938659667969,17050007,videos/recovery/eval_50007_high__fit_only_controller.mp4,1baab731d2e103f33404ba4548115205345c276b8aadbd357ccf1cd9aba5de90
eval_50014_high,eval_50014_high,natural_conflict,high,0.04385402825832608,0.0649111250286957,0.04385402825832608,0.02105709677036962,0.0,True,,E3_fail,-0.530316511962806,167.00230318257957,47.61962968500797,51.256209846701864,0.006737540893534544,0.03794867822089229,1.0,0,0.018167310366992373,none,20,20,0,0,0.0,0.0,17050014,videos/recovery/eval_50014_high__natural_conflict.mp4,df9533f47178769d1b9cff3e9ab75318bc843117e5e29d83a54346dfc78ed040
eval_50014_high,eval_50014_high,full_matched_edit,high,0.04385402825832608,0.0649111250286957,0.06383150336557288,0.02105709677036962,0.9487288454388447,True,,E3_pass,0.6143883555197591,47.46601881958814,92.76281413612566,198.71959045352946,0.0011250896159883388,0.06386084316202595,1.0,0,0.014084060965151579,after_block_1,20,20,1088,0,1.0,370.5721497830517,17050014,videos/recovery/eval_50014_high__full_matched_edit.mp4,b8c20f9134ab376adbe757850d592c49270dd5c084261e6e919450d00f6dbcce
eval_50014_high,eval_50014_high,top2_oracle_projection,high,0.04385402825832608,0.0649111250286957,0.06389946321310583,0.02105709677036962,0.9519562536743705,True,,E3_pass,0.6146221686950505,47.2390062821245,92.20211442786069,197.9178369237556,0.0011193759516271269,0.06386302055133283,1.0,0,0.014266590123136247,after_block_1,20,20,1088,0,1.0022815498887996,370.6706467714137,17050014,videos/recovery/eval_50014_high__top2_oracle_projection.mp4,349af068a49c912e7452b8abd49a0b2aba5090d98a32b8f9fca1150bfdb7de14
eval_50014_high,eval_50014_high,fit_only_controller,high,0.04385402825832608,0.0649111250286957,0.06392718212682269,0.02105709677036962,0.9532726228784987,True,,E3_pass,0.6154604044211753,47.127333894028595,92.35412935323383,197.98310173271574,0.0011695817859107198,0.0638689198583443,1.0,0,0.014372088979520914,after_block_1,20,20,1088,0,1.0022815498887996,370.7843322753906,17050014,videos/recovery/eval_50014_high__fit_only_controller.mp4,0b38ad10805f946e4de99c55f040c07a12fb96ef1e36d33bde68675ddb4f06e2
eval_50016_high,eval_50016_high,natural_conflict,high,0.04484699642376828,0.06579045670406226,0.04484699642376828,0.020943460280293986,0.0,True,,E3_fail,-0.5309644741128305,165.23262953367876,47.19062043310748,50.62166666666667,0.006428048309302657,0.03781864921351658,1.0,0,0.020235296061855923,none,20,20,0,0,0.0,0.0,17050016,videos/recovery/eval_50016_high__natural_conflict.mp4,8c6f55d057194c2f130ba3d40a759388d39056d92451f6b986f888c05e43622c
eval_50016_high,eval_50016_high,full_matched_edit,high,0.04484699642376828,0.06579045670406226,0.06488991697746187,0.020943460280293986,0.9570013878056375,True,,E3_pass,0.6141476487888189,46.827582022908175,91.54608472400514,195.89522049944452,0.0011738794842811545,0.06538230820914002,1.0,0,0.01342206975838467,after_block_1,20,20,1088,0,1.0,370.0774638475371,17050016,videos/recovery/eval_50016_high__full_matched_edit.mp4,959ca3f4c6142ba021476bf99f15fc7fdfc354f77f53e115f62f185fd68f7a62
eval_50016_high,eval_50016_high,top2_oracle_projection,high,0.04484699642376828,0.06579045670406226,0.06444181700793174,0.020943460280293986,0.9356056889319535,True,,E3_pass,0.6149295763865711,46.68137254901961,91.28569348380051,195.7749143346659,0.0011411669659065103,0.06492760091362017,1.0,0,0.013390896092145721,after_block_1,20,20,1088,0,1.0022815498887996,370.32760129107686,17050016,videos/recovery/eval_50016_high__top2_oracle_projection.mp4,d9de8faea78a7e28270f1ddc005d4a8c0c430b3fc281b98296a0d25c91f424d2
eval_50016_high,eval_50016_high,fit_only_controller,high,0.04484699642376828,0.06579045670406226,0.06449520138904716,0.020943460280293986,0.938154665099261,True,,E3_pass,0.6144742044946016,46.71699669966996,91.34529558277842,195.6377159774801,0.0010977997651562014,0.06491859019340503,1.0,0,0.01324019722615466,after_block_1,20,20,1088,0,1.0022815498887996,370.5367431640625,17050016,videos/recovery/eval_50016_high__fit_only_controller.mp4,ddb0941544380cdedbcf7bc7321d5c5848266b7ad9f0b192b3b9ce54d287eb51
eval_50022_low,eval_50022_low,natural_conflict,low,0.021072786592906158,0.0157886463276882,0.02107278659290615,-0.005284140265217958,0.0,True,,E3_fail,0.5943107975839211,46.83862221069019,86.42457503095801,184.07027027027027,0.004220648394092253,0.03743585570628684,0.9375,4,0.007274589567656697,none,20,20,0,0,0.0,0.0,17050022,videos/recovery/eval_50022_low__natural_conflict.mp4,94b895fefb98dc045cdfe893e034a0ec0c280b3cab697c387f99f1f6efe92e27
eval_50022_low,eval_50022_low,full_matched_edit,low,0.021072786592906158,0.0157886463276882,0.01615391804877417,-0.005284140265217958,0.9308739543705313,True,,E3_pass,-0.6004666967485126,202.63170731707316,49.18722092797515,50.58406746754035,0.00041283872581283546,0.016192429320423512,1.0,0,0.003409994542761363,after_block_1,20,20,1088,0,1.0,374.9042675840688,17050022,videos/recovery/eval_50022_low__full_matched_edit.mp4,67dfdcf1a01d95d2a3b9b1778123d54289c4e5915601ac95d8c5b4c222e5e5cd
eval_50022_low,eval_50022_low,top2_oracle_projection,low,0.021072786592906158,0.0157886463276882,0.015061526707400021,-0.005284140265217958,1.1376041482233792,True,,E3_pass,-0.5994886198231588,199.8859223300971,48.62712773740428,50.051363690976814,0.00043498885360231294,0.015281858577257598,1.0,0,0.0034413183943849956,after_block_1,20,20,1088,0,1.0022815498887996,374.68191118115476,17050022,videos/recovery/eval_50022_low__top2_oracle_projection.mp4,3e18dd5fc8245c4f1227bc17859a30f130f402706f0fa2bcf6ef466f4257593b
eval_50022_low,eval_50022_low,fit_only_controller,low,0.021072786592906158,0.0157886463276882,0.015036682319506053,-0.005284140265217958,1.1423058379301236,True,,E3_pass,-0.5994445292438332,200.1282368644582,48.639024390243904,50.11893733303924,0.00043859969730459717,0.015291484952361286,1.0,0,0.0035648529008501795,after_block_1,20,20,1088,0,1.0022815498887996,374.2630310058594,17050022,videos/recovery/eval_50022_low__fit_only_controller.mp4,1dac08e087c3e2c24c46a9cb42191c937196e4028578d98694f45be7d2c186fe
eval_50034_low,eval_50034_low,natural_conflict,low,0.02151181316634574,0.016669812988946955,0.021511813166345747,-0.004842000177398786,0.0,True,,E3_fail,0.6096719387340073,45.60989201505845,87.50160122528544,188.09040545844277,0.004090619444218657,0.03706685532952816,0.9375,4,0.0082121946295175,none,20,20,0,0,0.0,0.0,17050034,videos/recovery/eval_50034_low__natural_conflict.mp4,8abf9a04fe0ba8292fb4a4da287a906b9270174f9a9bc33e467efddf5a3d9f46
eval_50034_low,eval_50034_low,full_matched_edit,low,0.02151181316634574,0.016669812988946955,0.016784540757636707,-0.004842000177398786,0.9763057074584027,True,,E3_pass,-0.6057137922067982,202.70778460637987,48.71183340368651,49.77529873039582,0.000489588553645477,0.016844653424628632,1.0,0,0.003932326078461168,after_block_1,20,20,1088,0,1.0,374.8933886966878,17050034,videos/recovery/eval_50034_low__full_matched_edit.mp4,79421b7ed0ad5512d3ca1cd4a845efdb38e63721408e3e2d5c6f3142a8301061
eval_50034_low,eval_50034_low,top2_oracle_projection,low,0.02151181316634574,0.016669812988946955,0.01589622144819629,-0.004842000177398786,1.1597669377133835,True,,E3_pass,-0.604649991749932,200.66178060795386,48.228448275862064,49.438592233009715,0.00047653152308745517,0.015897542057161936,1.0,0,0.003536151006098276,after_block_1,20,20,1088,0,1.0022815498887996,374.5669610635748,17050034,videos/recovery/eval_50034_low__top2_oracle_projection.mp4,3868036f8db1620d65fb657df4c858fa6017398cfce940d8ec7503f98ad1b774
eval_50034_low,eval_50034_low,fit_only_controller,low,0.02151181316634574,0.016669812988946955,0.015916206554508205,-0.004842000177398786,1.1556394892252153,True,,E3_pass,-0.6038986779782135,200.46049147582107,48.35195135746606,49.50603599648815,0.0004825440026749374,0.01591259581001553,1.0,0,0.003536151006098276,after_block_1,20,20,1088,0,1.0022815498887996,374.33782958984375,17050034,videos/recovery/eval_50034_low__fit_only_controller.mp4,e712a61be961d5b044f8687b4ed0ada9f9e9c01341f29b1f65e12b5094e19c9c
eval_50038_high,eval_50038_high,natural_conflict,high,0.04459219497539726,0.06420013772039576,0.04459219497539726,0.019607942744998504,0.0,True,,E3_fail,-0.5335753095945343,170.78589108910893,48.31177877849704,51.94316567206593,0.006793459753112645,0.03810283804555672,1.0,0,0.020587203927444175,none,20,20,0,0,0.0,0.0,17050038,videos/recovery/eval_50038_high__natural_conflict.mp4,4dee68716b9b3ec985cee0ce333e3d01e369bf53e292e19d12c147856c1e8b91
eval_50038_high,eval_50038_high,full_matched_edit,high,0.04459219497539726,0.06420013772039576,0.06356655915721922,0.019607942744998504,0.9676876574245326,True,,E3_pass,0.6174529828268788,47.41001283697048,93.09203980099502,200.45501137528439,0.0007672354713610559,0.06402510937046423,1.0,0,0.011729597011164383,after_block_1,20,20,1088,0,1.0,369.97671880691337,17050038,videos/recovery/eval_50038_high__full_matched_edit.mp4,2e4fab46e53bd2e1aad302dd917833a4c260a56b7e966c6a33055ddfb628897e
eval_50038_high,eval_50038_high,top2_oracle_projection,high,0.04459219497539726,0.06420013772039576,0.06359443261985052,0.019607942744998504,0.9691091967973163,True,,E3_pass,0.6197385083096506,47.03127263945907,93.02434219783312,200.33152200164227,0.0007437690823788219,0.06388046674491987,1.0,0,0.0111735677966176,after_block_1,20,20,1088,0,1.0022815498887996,370.26778082867577,17050038,videos/recovery/eval_50038_high__top2_oracle_projection.mp4,126fed498b78e6d2ad59fd11234aa6b989083828942bce080119c2299cabfe1c
eval_50038_high,eval_50038_high,fit_only_controller,high,0.04459219497539726,0.06420013772039576,0.06368515683200622,0.019607942744998504,0.9737361081125709,True,,E3_pass,0.6194456082851635,47.04601097509497,92.92508559636039,200.20385395537528,0.0007595723790338679,0.06390109404688354,1.0,0,0.011461302299618614,after_block_1,20,20,1088,0,1.0022815498887996,370.7353210449219,17050038,videos/recovery/eval_50038_high__fit_only_controller.mp4,aa821a59252e30bc0b51323919c4d4bff1ab8736f75ba2e4fc35bf1d95486089
eval_50047_low,eval_50047_low,natural_conflict,low,0.023563188214477223,0.01676586524119642,0.023563188214477216,-0.006797322973280805,0.0,True,,E3_fail,0.6080611997720304,45.59167241775937,87.22605846774194,187.0552224099099,0.0037659549269486014,0.038057807849905416,0.90625,4,0.008055723803755188,none,20,20,0,0,0.0,0.0,17050047,videos/recovery/eval_50047_low__natural_conflict.mp4,5915ade9cdf708c409718f0a6667d0a5a4668c41d79f19fa0dc9f5659789af15
eval_50047_low,eval_50047_low,full_matched_edit,low,0.023563188214477223,0.01676586524119642,0.017089413834572856,-0.006797322973280805,0.952400585546949,True,,E3_pass,-0.6022369132998199,201.42597358037398,48.12009803921569,50.004975124378106,0.00039114119226793526,0.016977069580376123,1.0,0,0.003556707768555656,after_block_1,20,20,1088,0,1.0,375.01778680520033,17050047,videos/recovery/eval_50047_low__full_matched_edit.mp4,00677dff5ae190a0bdd836dbe5458903684368b168e68b7b318835d7b8b56d2e
eval_50047_low,eval_50047_low,top2_oracle_projection,low,0.023563188214477223,0.01676586524119642,0.016052409179338544,-0.006797322973280805,1.1049613303152368,True,,E3_pass,-0.6015879324161201,199.01192587752053,47.960760166135415,49.506337590280765,0.0004442752098876449,0.016012032619645615,1.0,0,0.0033693453625028846,after_block_1,20,20,1088,0,1.0022815498887996,374.6006251176882,17050047,videos/recovery/eval_50047_low__top2_oracle_projection.mp4,130e1bd0d09981e892b7651b1b7e191f36548826f52827a5829235cae8ef5483
eval_50047_low,eval_50047_low,fit_only_controller,low,0.023563188214477223,0.01676586524119642,0.01606276062574148,-0.006797322973280805,1.103438459260908,True,,E3_pass,-0.601187809440686,199.2014563106796,47.95656933438043,49.615647012462446,0.0004663233804660913,0.01600323425612302,1.0,0,0.0032286240226870877,after_block_1,20,20,1088,0,1.0022815498887996,374.3460998535156,17050047,videos/recovery/eval_50047_low__fit_only_controller.mp4,6b7a1ab6a7ed77266e26926e1bd4ec16e3f66b48aa88133f1effbc33e1521eea
eval_50053_low,eval_50053_low,natural_conflict,low,0.023268571899069068,0.018120805768325563,0.023268571899069074,-0.005147766130743504,0.0,True,,E3_fail,0.6095261966520975,45.569017163212436,86.34785469107553,187.83469275282448,0.0038246013685756326,0.03736786600932719,0.9375,4,0.006952885320530622,none,20,20,0,0,0.0,0.0,17050053,videos/recovery/eval_50053_low__natural_conflict.mp4,87c11a1773e91f8c37f9c6fda8f441722578affe3b37d3c9f107895a493036a3
eval_50053_low,eval_50053_low,full_matched_edit,low,0.023268571899069068,0.018120805768325563,0.01830956299167929,-0.005147766130743504,0.9633322069107939,True,,E3_pass,-0.6058402896681752,202.22815533980582,48.31410134975136,49.63768292682927,0.000508757973812489,0.01845564238972257,1.0,0,0.0038133463088367847,after_block_1,20,20,1088,0,1.0,374.79341563861897,17050053,videos/recovery/eval_50053_low__full_matched_edit.mp4,ca35fe71298be87ca2208536759e95fa153bb80600cb549270ae771f074d2c44
eval_50053_low,eval_50053_low,top2_oracle_projection,low,0.023268571899069068,0.018120805768325563,0.017352151755041186,-0.005147766130743504,1.1493179747801323,True,,E3_pass,-0.6056965397428258,198.90996268656716,47.48031936412746,48.845398009950245,0.0004563558535595497,0.01720639388624031,1.0,0,0.004024471080320002,after_block_1,20,20,1088,0,1.0022815498887996,374.0754371320371,17050053,videos/recovery/eval_50053_low__top2_oracle_projection.mp4,abaf5f8ee3a12ad041530280cd9d75c37ab647dbdc29b2021166a26eb3b38b64
eval_50053_low,eval_50053_low,fit_only_controller,low,0.023268571899069068,0.018120805768325563,0.017404521574635824,-0.005147766130743504,1.1391446649862247,True,,E3_pass,-0.6063124344936762,199.1452614973911,47.40115750705505,48.80807213930348,0.00044461268079600073,0.0172202928858687,1.0,0,0.004024471080320002,after_block_1,20,20,1088,0,1.0022815498887996,374.563232421875,17050053,videos/recovery/eval_50053_low__fit_only_controller.mp4,63a6f0e9e88a22c69c9407739a4f2b53f498d708e55d3f498950babed8f2012b
eval_50055_high,eval_50055_high,natural_conflict,high,0.04536040236764643,0.0663863306202967,0.04536040236764643,0.021025928252650268,0.0,True,,E3_fail,-0.5374540402715011,169.92668940255146,47.2179074147502,51.12276632302405,0.00626863429335303,0.037496284805300324,1.0,0,0.015527779307306866,none,20,20,0,0,0.0,0.0,17050055,videos/recovery/eval_50055_high__natural_conflict.mp4,4defd8bbeec35bda7ab794a7e8d8002d2e4699340f9b5a40d7afca386f83be57
eval_50055_high,eval_50055_high,full_matched_edit,high,0.04536040236764643,0.0663863306202967,0.06574074341268887,0.021025928252650268,0.9692956620107154,True,,E3_pass,0.6166274892256473,46.747482101686685,92.18508253264352,197.1275,0.0013371738623477768,0.06540507099612669,1.0,0,0.013859419447854848,after_block_1,20,20,1088,0,1.0,370.08893688761634,17050055,videos/recovery/eval_50055_high__full_matched_edit.mp4,efe29e03fa766e2b4a71d1678f73d7b2b1a55d0a70b9926c3883fa2e39389229
eval_50055_high,eval_50055_high,top2_oracle_projection,high,0.04536040236764643,0.0663863306202967,0.06518291136536716,0.021025928252650268,0.9427649880438527,True,,E3_pass,0.6156420851634488,46.91019539981253,92.15209067774848,197.18622405215302,0.0013027085380688875,0.06494451724649986,1.0,0,0.01465277366644957,after_block_1,20,20,1088,0,1.0022815498887996,370.3155035131944,17050055,videos/recovery/eval_50055_high__top2_oracle_projection.mp4,b7e507e437d14a566d1370aa2aa7cd265eef0e3f62d7effc14506f7e0905a58b
eval_50055_high,eval_50055_high,fit_only_controller,high,0.04536040236764643,0.0663863306202967,0.06512093921971035,0.021025928252650268,0.9398175725998281,True,,E3_pass,0.6146692657642677,47.03746845272762,92.1856690702268,197.10328790828464,0.001313886426095672,0.06493291632884715,1.0,0,0.014904681417440613,after_block_1,20,20,1088,0,1.0022815498887996,370.5380859375,17050055,videos/recovery/eval_50055_high__fit_only_controller.mp4,e1ccbb8932f1aef8bbcd58bc4626b6708425f38a96971b4de22d20e9c8c09d72
eval_50060_low,eval_50060_low,natural_conflict,low,0.01102143680323288,0.006003853321373581,0.011021436803232872,-0.005017583481859299,0.0,True,,E3_fail,0.5797928145362264,43.464763603925064,76.62332723424103,163.40825098269718,0.004714414694754175,0.035388424923771616,0.9375,4,0.00658498768734983,none,20,20,0,0,0.0,0.0,17050060,videos/recovery/eval_50060_low__natural_conflict.mp4,cca49bf19526ce5345fc3704be773e474a261d9620133b8a908044489378d737
eval_50060_low,eval_50060_low,full_matched_edit,low,0.01102143680323288,0.006003853321373581,0.00599909137900197,-0.005017583481859299,1.0009490509502887,True,,E3_pass,-0.6037270071875722,202.50845370589627,48.975704475491355,50.03883495145631,0.0003850270529513635,0.005827462507380897,1.0,0,0.0015997019860199968,after_block_1,20,20,1088,0,1.0,375.5387844185718,17050060,videos/recovery/eval_50060_low__full_matched_edit.mp4,42fd745dd3614481ed958bb11965dcd518fb00cfb6bb7dafe96a55e18c64f7f0
eval_50060_low,eval_50060_low,top2_oracle_projection,low,0.01102143680323288,0.006003853321373581,0.006585953240016987,-0.005017583481859299,0.8839879952674541,True,,E3_pass,-0.6037607086158175,202.66152674662098,48.94350611531742,50.07134750060372,0.00041361437535474547,0.0064637522528346834,1.0,0,0.0020403443973291413,after_block_1,20,20,1088,0,1.0022815498887996,375.5374701890329,17050060,videos/recovery/eval_50060_low__top2_oracle_projection.mp4,39c26a9ae05dc9d38687b3c29b55391d2d952f908f8f3a32a809595a048fc255
eval_50060_low,eval_50060_low,fit_only_controller,low,0.01102143680323288,0.006003853321373581,0.006613269066362074,-0.005017583481859299,0.878543974964883,True,,E3_pass,-0.6026449989090144,202.5158166714962,49.132108183079055,50.21116504854369,0.00044178233285625855,0.006482536458779787,1.0,0,0.002251773224107745,after_block_1,20,20,1088,0,1.0022815498887996,374.6790771484375,17050060,videos/recovery/eval_50060_low__fit_only_controller.mp4,257cfac7ffce5d55deb87d156f0c0bcd25fec198f850745e152a8acb3ac572ec
eval_50064_low,eval_50064_low,natural_conflict,low,0.01464795857377075,0.00889751618245465,0.014647958573770742,-0.005750442391316101,0.0,True,,E3_fail,0.602155646835011,42.62925490450825,78.9700894392845,171.6719137076796,0.00486100880641842,0.03564866365011128,0.9375,4,0.006184565066838954,none,20,20,0,0,0.0,0.0,17050064,videos/recovery/eval_50064_low__natural_conflict.mp4,5cf2b81c9c96003149875aa981b541851d343f325752be8721192757a6009dc9
eval_50064_low,eval_50064_low,full_matched_edit,low,0.01464795857377075,0.00889751618245465,0.008808001919380797,-0.005750442391316101,1.0155665002764016,True,,E3_pass,-0.5987604570757648,202.04368932038835,49.23849737914968,50.70673170258202,0.00032876421302223353,0.008957012184264023,1.0,0,0.0024167771107819203,after_block_1,20,20,1088,0,1.0,374.9784694522383,17050064,videos/recovery/eval_50064_low__full_matched_edit.mp4,4957c028631f9cc33507746df5a7a1ec0ca5ec220818e7a958f075c5c9b1b3d2
eval_50064_low,eval_50064_low,top2_oracle_projection,low,0.01464795857377075,0.00889751618245465,0.008961439354169435,-0.005750442391316101,0.9888837819136633,True,,E3_pass,-0.6001478559670027,202.51335485413676,49.15533391574452,50.60494805638199,0.00034517527378774646,0.009146585238482772,1.0,0,0.0022329298389940355,after_block_1,20,20,1088,0,1.0022815498887996,375.1868733675016,17050064,videos/recovery/eval_50064_low__top2_oracle_projection.mp4,70bb62e6a9581134cac194170f5d14d5e58228887cca9086a8e7d0a068803b4c
eval_50064_low,eval_50064_low,fit_only_controller,low,0.01464795857377075,0.00889751618245465,0.008924574134197168,-0.005750442391316101,0.995294631282042,True,,E3_pass,-0.598324134115358,202.29431683637225,49.31188118811881,50.83871484163342,0.00034474502120011077,0.009179681868748036,1.0,0,0.002347543486279524,after_block_1,20,20,1088,0,1.0022815498887996,374.2638244628906,17050064,videos/recovery/eval_50064_low__fit_only_controller.mp4,fbe570b62cdccb8c5e0df0c5f8c855be65d4e33c08483072183aabe7c71d16ad
eval_50067_low,eval_50067_low,natural_conflict,low,0.022191077681429767,0.017172965214373385,0.022191077681429777,-0.005018112467056381,0.0,True,,E3_fail,0.6042287431262433,46.265276749732706,86.16956956956957,187.5327868852459,0.0038799065900938217,0.037234660298167264,0.9375,4,0.007139107611548567,none,20,20,0,0,0.0,0.0,17050067,videos/recovery/eval_50067_low__natural_conflict.mp4,54fc4377b30fa8a9bbe565b846dfd5b455a2ea3f6eee6dc5f92f311b81ca1f0f
eval_50067_low,eval_50067_low,full_matched_edit,low,0.022191077681429767,0.017172965214373385,0.0174002397507088,-0.005018112467056381,0.954709158507814,True,,E3_pass,-0.6003232606772659,201.20571456315395,48.67716507599859,50.250624924159695,0.0004597208934550103,0.017244216659147958,1.0,0,0.003556707768555656,after_block_1,20,20,1088,0,1.0,374.73452870280926,17050067,videos/recovery/eval_50067_low__full_matched_edit.mp4,de24af0fb7856950770574025ad49bbc92d790c7517f6fff36fe2d76c934953e
eval_50067_low,eval_50067_low,top2_oracle_projection,low,0.022191077681429767,0.017172965214373385,0.01642039911722978,-0.005018112467056381,1.1499699542575337,True,,E3_pass,-0.5988993160041834,198.22116041852883,48.107949629914444,49.725859677650774,0.0003914484404103632,0.016150975728726476,1.0,0,0.003575999589433887,after_block_1,20,20,1088,0,1.0022815498887996,374.2769809379113,17050067,videos/recovery/eval_50067_low__top2_oracle_projection.mp4,a6b1bfb5336965772128f68dc913b777f09c8555ec40fd8cc2741d30df8afdb2
eval_50067_low,eval_50067_low,fit_only_controller,low,0.022191077681429767,0.017172965214373385,0.016417763934842178,-0.005018112467056381,1.1504950884399385,True,,E3_pass,-0.5991282163295293,198.34666309300457,48.12809125106176,49.72182956140978,0.0003900390181374367,0.01614935348600117,1.0,0,0.003684415685663023,after_block_1,20,20,1088,0,1.0022815498887996,374.3685607910156,17050067,videos/recovery/eval_50067_low__fit_only_controller.mp4,53df7e2b75ca23b33ca2c78cee823a07674657a13613bde1ffefcfab86f93178
eval_50071_low,eval_50071_low,natural_conflict,low,0.014975096701406117,0.005301204886937605,0.014975096701406112,-0.009673891814468512,0.0,True,,E3_fail,0.5917409543887224,42.5720995508982,76.84852345107123,165.98224852071007,0.004250749179200596,0.036327500479839875,0.90625,6,0.006899132416519516,none,20,20,0,0,0.0,0.0,17050071,videos/recovery/eval_50071_low__natural_conflict.mp4,3c0649b9eb407ce7c113b0a32fafa686530e13e3f764543ac6933494313232a6
eval_50071_low,eval_50071_low,full_matched_edit,low,0.014975096701406117,0.005301204886937605,0.005106947326264654,-0.009673891814468512,1.0200806008996726,True,,E3_pass,-0.6058221085778039,200.86763433624915,47.96116976095134,49.30657022012881,0.0003143358598716554,0.005218169884510853,1.0,0,0.001331923061856033,after_block_1,20,20,1088,0,1.0,375.7833566190387,17050071,videos/recovery/eval_50071_low__full_matched_edit.mp4,f326ae9cd8a001717afad5e78a3f8e35cefd39e1d8463fef1c68cf2e660f3cb2
eval_50071_low,eval_50071_low,top2_oracle_projection,low,0.014975096701406117,0.005301204886937605,0.006098314428990831,-0.009673891814468512,0.9176019788787539,True,,E3_pass,-0.6067252285265763,201.14937851782364,47.6609638836773,49.23491239454899,0.0003802751729258981,0.005980819216855384,1.0,0,0.0019545401652381056,after_block_1,20,20,1088,0,1.0022815498887996,375.6454194640524,17050071,videos/recovery/eval_50071_low__top2_oracle_projection.mp4,729ff9e9da895d710f9379e2e80b1cff7c7c821629e229cac0f82d1282089d22
eval_50071_low,eval_50071_low,fit_only_controller,low,0.014975096701406117,0.005301204886937605,0.006173164746484207,-0.009673891814468512,0.9098646257091199,True,,E3_pass,-0.6058973191001613,201.5641250295998,47.94117647058823,49.46577910218206,0.00039005676809863993,0.006003402593189613,1.0,0,0.0019545401652381056,after_block_1,20,20,1088,0,1.0022815498887996,374.7937316894531,17050071,videos/recovery/eval_50071_low__fit_only_controller.mp4,c1de10b85d50f177625baf8bd695872322ad21ace96d4216314b8ff699f3fe9e
eval_50073_high,eval_50073_high,natural_conflict,high,0.04442093303796729,0.0652522673377784,0.0444209330379673,0.020831334299811113,0.0,True,,E3_fail,-0.5344632950329171,166.67523352624633,46.84248356208906,50.567152219670874,0.00658310765627231,0.03785231880254228,1.0,0,0.019671295500226504,none,20,20,0,0,0.0,0.0,17050073,videos/recovery/eval_50073_high__natural_conflict.mp4,da41fc93b38baae5b7dc0ec20e205932d143f43aa90e5a6b86a478b16930c8cf
eval_50073_high,eval_50073_high,full_matched_edit,high,0.04442093303796729,0.0652522673377784,0.06442657521191252,0.020831334299811113,0.9603629746428016,True,,E3_pass,0.6173077901660163,46.65436976389947,91.72308056872038,197.1675245157828,0.0009454483132660847,0.06439879283137534,1.0,0,0.013570112246607535,after_block_1,20,20,1088,0,1.0,370.37758207337293,17050073,videos/recovery/eval_50073_high__full_matched_edit.mp4,0a420aee12b4f6fb7f56a18d49e2ea5cef1757fc4070e4991d81344260c82fff
eval_50073_high,eval_50073_high,top2_oracle_projection,high,0.04442093303796729,0.0652522673377784,0.06445129365643308,0.020831334299811113,0.9615495738382641,True,,E3_pass,0.6179577175121401,46.52085385878489,91.52747133895738,197.01686953581606,0.0009498891536525208,0.06429713919717062,1.0,0,0.013474251547433536,after_block_1,20,20,1088,0,1.0022815498887996,370.6587039380913,17050073,videos/recovery/eval_50073_high__top2_oracle_projection.mp4,2288027823afcef7a115d8b48484cbd963a27ba1fec8afbddadd20064a1d4889
eval_50073_high,eval_50073_high,fit_only_controller,high,0.04442093303796729,0.0652522673377784,0.06445725165002647,0.020831334299811113,0.9618355849745476,True,,E3_pass,0.6169770362901263,46.64285714285714,91.58913612565445,196.90837378640776,0.0009117726218251599,0.06429878271499344,1.0,0,0.013224297014073572,after_block_1,20,20,1088,0,1.0022815498887996,370.7093811035156,17050073,videos/recovery/eval_50073_high__fit_only_controller.mp4,55505eb1a9a6ecad6d651afa9cf8bcd4264e882cad0e185dfe4e837e97b608f6
eval_50076_high,eval_50076_high,natural_conflict,high,0.044587682366255356,0.06429090713689196,0.044587682366255356,0.01970322477063661,0.0,True,,E3_fail,-0.5347237111414714,167.88925335832553,47.68993834647261,50.8983396651189,0.006369176123177065,0.03769912187764517,1.0,0,0.0180903868597887,none,20,20,0,0,0.0,0.0,17050076,videos/recovery/eval_50076_high__natural_conflict.mp4,d23ba7652000347583d2dd01e7eca8206a85f292d56fcf4e3fdb36630e73a56c
eval_50076_high,eval_50076_high,full_matched_edit,high,0.044587682366255356,0.06429090713689196,0.06416862523389415,0.01970322477063661,0.9937938127173958,True,,E3_pass,0.6146624285219016,47.192233009708744,92.30148033307495,197.7474588489727,0.0008973438760179484,0.06468970150557142,1.0,0,0.01285805538452267,after_block_1,20,20,1088,0,1.0,370.1141490317333,17050076,videos/recovery/eval_50076_high__full_matched_edit.mp4,a40575bfe00bda03d4d6e5bb46c6db61bb160e704af621790a91f613a731017e
eval_50076_high,eval_50076_high,top2_oracle_projection,high,0.044587682366255356,0.06429090713689196,0.06403740713203435,0.01970322477063661,0.9871340855210968,True,,E3_pass,0.6145135582167676,47.36676231468197,92.45311813790074,198.3838383838384,0.000805370940624494,0.06434811137381931,1.0,0,0.011756740337771188,after_block_1,20,20,1088,0,1.0022815498887996,370.3240746726407,17050076,videos/recovery/eval_50076_high__top2_oracle_projection.mp4,7467981be596ddb44e7fae428cd9198f0a6a299a342d31e4208bee6e8eef80ca
eval_50076_high,eval_50076_high,fit_only_controller,high,0.044587682366255356,0.06429090713689196,0.06403973117559544,0.01970322477063661,0.9872520379673664,True,,E3_pass,0.6148624985118446,47.33231707317073,92.31951219512194,198.46206488278477,0.0007925677193492547,0.06434533652878566,1.0,0,0.011824150900217822,after_block_1,20,20,1088,0,1.0022815498887996,370.6278991699219,17050076,videos/recovery/eval_50076_high__fit_only_controller.mp4,d90410388af0b89f455e2b30413720a9dfcd4bc5f39d06eca901a2dfff197dc8
eval_50081_low,eval_50081_low,natural_conflict,low,0.010129783627780083,0.003263436451231198,0.010129783627780085,-0.006866347176548885,0.0,True,,E3_fail,0.5830722336407409,41.88470588235295,72.96517319277109,159.03597756410255,0.004702900385058132,0.03367936503746581,0.96875,2,0.006358479383625326,none,20,20,0,0,0.0,0.0,17050081,videos/recovery/eval_50081_low__natural_conflict.mp4,e6c47e62dc7592022027bbdf083d15fac8c985e2c35473f6dd2b2a4e914ac504
eval_50081_low,eval_50081_low,full_matched_edit,low,0.010129783627780083,0.003263436451231198,0.0033482514787849466,-0.006866347176548885,0.9876477222352777,True,,E3_pass,-0.6039576167823392,201.99524364201125,49.34792755787902,49.8758052292535,0.00033732281901398275,0.00375605094242442,1.0,0,0.001025597552492763,after_block_1,20,20,1088,0,1.0,375.146575725532,17050081,videos/recovery/eval_50081_low__full_matched_edit.mp4,2a03e3df726bb5ecde8c146d93abf20518f7b51849b551c6ffc028312cc8f9c4
eval_50081_low,eval_50081_low,top2_oracle_projection,low,0.010129783627780083,0.003263436451231198,0.004256800237012141,-0.006866347176548885,0.8553286397790011,True,,E3_pass,-0.6019543200595213,203.046568627451,49.43872401778205,50.452006313070925,0.00035782350505510717,0.0047663380540407495,1.0,0,0.0014120796053668228,after_block_1,20,20,1088,0,1.0022815498887996,374.7686513442214,17050081,videos/recovery/eval_50081_low__top2_oracle_projection.mp4,1c24bc7e613c481685c21dababc89a99f9cbab71d5e21c311e1a96e8c88a3f00
eval_50081_low,eval_50081_low,fit_only_controller,low,0.010129783627780083,0.003263436451231198,0.004180992130440734,-0.006866347176548885,0.8663691689893969,True,,E3_pass,-0.6019311208857087,202.95157646832644,49.36336379211879,50.43207258159538,0.00031646217352574764,0.004726205464350691,1.0,0,0.0013679943620170665,after_block_1,20,20,1088,0,1.0022815498887996,375.10491943359375,17050081,videos/recovery/eval_50081_low__fit_only_controller.mp4,ee9a31322036f9874b112a4507e8cbd3e06a2a8620832873a799eb320577ef13
eval_50084_low,eval_50084_low,natural_conflict,low,0.01290354126472237,0.004945824665685711,0.012903541264722379,-0.007957716599036659,0.0,True,,E3_fail,0.5864715008322807,41.93704069134458,74.70937320711417,160.8883547807871,0.004624978238611519,0.03523167481442629,0.9375,4,0.006802404137352669,none,20,20,0,0,0.0,0.0,17050084,videos/recovery/eval_50084_low__natural_conflict.mp4,e5b34790034a44ae5b1f220ab06eb34f087761830c1e14ce9c7e326f7235b565
eval_50084_low,eval_50084_low,full_matched_edit,low,0.01290354126472237,0.004945824665685711,0.004841505623425911,-0.007957716599036659,1.0131091678073116,True,,E3_pass,-0.6031267316279684,200.9517953363062,48.218178541391325,49.74802941459195,0.00034335643879576205,0.005151030176935748,1.0,0,0.0016379359103118052,after_block_1,20,20,1088,0,1.0,375.856153663805,17050084,videos/recovery/eval_50084_low__full_matched_edit.mp4,34b42a63947a9f46b6711fe77934bcf689abc12242b5eae37fb350bc224dd2a9
eval_50084_low,eval_50084_low,top2_oracle_projection,low,0.01290354126472237,0.004945824665685711,0.005682392076855489,-0.007957716599036659,0.9074398538823379,True,,E3_pass,-0.6027636787322742,201.10436893203882,48.269192313320005,49.84263167768866,0.0004172417161927884,0.005910530282398261,1.0,0,0.0018503937007874338,after_block_1,20,20,1088,0,1.0022815498887996,375.7254998028492,17050084,videos/recovery/eval_50084_low__top2_oracle_projection.mp4,c2b8fa4a35235f6b91216de4de145f0afa0b631c86e2a610a65fee8e63df8976
eval_50084_low,eval_50084_low,fit_only_controller,low,0.01290354126472237,0.004945824665685711,0.005749129745712971,-0.007957716599036659,0.8990533188723376,True,,E3_pass,-0.6019270734382388,201.11029411764707,48.42869845236951,49.97516095990635,0.00039377095107331927,0.00593163659391192,1.0,0,0.001841187761977503,after_block_1,20,20,1088,0,1.0022815498887996,374.82086181640625,17050084,videos/recovery/eval_50084_low__fit_only_controller.mp4,2391b5ef904c42ff4da743fcde81cb094d646e10ceeac8a753f4e96cfece8455
eval_50092_high,eval_50092_high,natural_conflict,high,0.04388418563791719,0.06299375206378395,0.043884185637917184,0.01910956642586676,0.0,True,,E3_fail,-0.5380248986623569,168.30441542288557,47.14343137254902,50.553439959380555,0.006664741978773162,0.037781597381121974,1.0,0,0.02033706415644443,none,20,20,0,0,0.0,0.0,17050092,videos/recovery/eval_50092_high__natural_conflict.mp4,907a57249b343b4d0da9a911a1a2d09a90c4450bd78150ab624a6bd75151a915
eval_50092_high,eval_50092_high,full_matched_edit,high,0.04388418563791719,0.06299375206378395,0.06163654026135151,0.01910956642586676,0.928977362846113,True,,E3_pass,0.615388043624234,47.204499001254234,92.22660098522168,198.26108374384236,0.001027771722780194,0.06232679695494223,1.0,0,0.012886330756792241,after_block_1,20,20,1088,0,1.0,371.0191183314902,17050092,videos/recovery/eval_50092_high__full_matched_edit.mp4,3283a4904373a0ea276c506729a43f7f1800d015e1ce9a5c86722e382340df7a
eval_50092_high,eval_50092_high,top2_oracle_projection,high,0.04388418563791719,0.06299375206378395,0.06229329183090501,0.01910956642586676,0.9633450483768803,True,,E3_pass,0.6179149308781384,46.62862835063994,91.79268292682926,197.4459619378834,0.0010506403196518012,0.06266060857035581,1.0,0,0.01348874741231565,after_block_1,20,20,1088,0,1.0022815498887996,371.2817328103696,17050092,videos/recovery/eval_50092_high__top2_oracle_projection.mp4,377452173bb808c0faf0ea0820cc4acf89ae6efc1719ce5a71eafd2891b5cc34
eval_50092_high,eval_50092_high,fit_only_controller,high,0.04388418563791719,0.06299375206378395,0.062236531307741094,0.01910956642586676,0.9603747809255432,True,,E3_pass,0.6171686030890948,46.77759103641456,91.77941176470588,197.59939274217152,0.001026983660443007,0.06267433892745713,1.0,0,0.013367382059107369,after_block_1,20,20,1088,0,1.0022815498887996,371.00311279296875,17050092,videos/recovery/eval_50092_high__fit_only_controller.mp4,a8f8ca2af155179a076d9c13f0aa1f92a16ac1066df1845852d01a3d249c02b1
eval_50094_low,eval_50094_low,natural_conflict,low,0.020151873612454997,0.01330545647404268,0.020151873612454994,-0.006846417138412317,0.0,True,,E3_fail,0.5964867342045657,46.094086021505376,84.3702612704918,182.369708994709,0.00413301503543224,0.03691880532709726,0.9375,4,0.0068500341566892775,none,20,20,0,0,0.0,0.0,17050094,videos/recovery/eval_50094_low__natural_conflict.mp4,fdd3ba77ebf1d8be0ebaafe8572715699e788959cde55f3b4ab8aeeaa7f1bb8f
eval_50094_low,eval_50094_low,full_matched_edit,low,0.020151873612454997,0.01330545647404268,0.013413309195374715,-0.006846417138412317,0.9842468375572796,True,,E3_pass,-0.6049317140007061,202.9806052855925,48.61555129298096,49.965490196078434,0.00036202865473419695,0.013471878505181212,1.0,0,0.002660793638418979,after_block_1,20,20,1088,0,1.0,374.6150794615872,17050094,videos/recovery/eval_50094_low__full_matched_edit.mp4,4d0c896f626b96bd142b69b961cd6c5498fe28b23da1afd3945a27fc633e4110
eval_50094_low,eval_50094_low,top2_oracle_projection,low,0.020151873612454997,0.01330545647404268,0.012830513855130336,-0.006846417138412317,1.0693709730667218,True,,E3_pass,-0.6054179713378613,201.94146341463414,48.342233009708735,49.63347472605161,0.00035568851026638763,0.01281076564629708,1.0,0,0.003285397290463621,after_block_1,20,20,1088,0,1.0022815498887996,374.67673160915933,17050094,videos/recovery/eval_50094_low__top2_oracle_projection.mp4,6d05233c8c64d284664dff6015e414a30a6b587bfdf2e124838cc0eb5d0841cd
eval_50094_low,eval_50094_low,fit_only_controller,low,0.020151873612454997,0.01330545647404268,0.012803359761538138,-0.006846417138412317,1.0733371488113823,True,,E3_pass,-0.6047949361914327,201.94634146341463,48.35872358652199,49.73234583688548,0.0003867177231602699,0.012887199866651962,1.0,0,0.003285397290463621,after_block_1,20,20,1088,0,1.0022815498887996,374.1087646484375,17050094,videos/recovery/eval_50094_low__fit_only_controller.mp4,ed730b0f17f7e492b7496718a390ca77ba8000043dfd94b009f0c7c12b498514
eval_50097_high,eval_50097_high,natural_conflict,high,0.045494863408235754,0.06591974524422596,0.045494863408235754,0.020424881835990207,0.0,True,,E3_fail,-0.5337469169230004,167.2209536082474,47.4073924219345,50.834517947288546,0.006039505213223396,0.03729228857190617,1.0,0,0.01459236473505976,none,20,20,0,0,0.0,0.0,17050097,videos/recovery/eval_50097_high__natural_conflict.mp4,205f15d41151f953d7f177331a3d347396894e8edf83dbb82cf616facefbc483
eval_50097_high,eval_50097_high,full_matched_edit,high,0.045494863408235754,0.06591974524422596,0.06546640354810215,0.020424881835990207,0.9778044397140656,True,,E3_pass,0.615228155408331,46.85134165590472,91.51656238028349,196.67656878995973,0.0011866360042150704,0.06554910567058159,1.0,0,0.013803739926886327,after_block_1,20,20,1088,0,1.0,370.989448127779,17050097,videos/recovery/eval_50097_high__full_matched_edit.mp4,ef32a37e61c0efec510c2e36f7a1ecee6304f79269113a35057a75b1364ab52d
eval_50097_high,eval_50097_high,top2_oracle_projection,high,0.045494863408235754,0.06591974524422596,0.06474026059689589,0.020424881835990207,0.9422525595594031,True,,E3_fail,0.6177282032336494,46.752024510392886,91.966584539575,197.8489369304985,0.0011498766993770628,0.06494888888258343,1.0,0,0.013498705331990601,after_block_1,20,20,1088,0,1.0022815498887996,371.1411845585531,17050097,videos/recovery/eval_50097_high__top2_oracle_projection.mp4,2342ea6e435810a921053483026a4ed4c5eb35b3eae59cb9ed55944d4adab7da
eval_50097_high,eval_50097_high,fit_only_controller,high,0.045494863408235754,0.06591974524422596,0.06476474924327366,0.020424881835990207,0.9434515210307308,True,,E3_fail,0.6167227492744048,46.89043079839899,91.64327852099592,197.7910926138538,0.0011483186410132964,0.06491769418315343,1.0,0,0.013498705331990601,after_block_1,20,20,1088,0,1.0022815498887996,370.4765319824219,17050097,videos/recovery/eval_50097_high__fit_only_controller.mp4,c5c3fd3513ea25e50e1f6fb66b1fb54334086b9aaae26946e69ece4a1eb07fa7
eval_50101_high,eval_50101_high,natural_conflict,high,0.043423260898606444,0.06491845438529864,0.043423260898606444,0.021495193486692196,0.0,True,,E3_fail,-0.5256867953438359,165.7659375,47.183357487922706,51.53415057298087,0.006612534502553425,0.03766096640682368,1.0,0,0.02185274778796986,none,20,20,0,0,0.0,0.0,17050101,videos/recovery/eval_50101_high__natural_conflict.mp4,793cfa56f1a9e0a824cc94d59a1d7ca71bd8d89771a6135f8fb1a670e056c2f2
eval_50101_high,eval_50101_high,full_matched_edit,high,0.043423260898606444,0.06491845438529864,0.06437287523560906,0.021495193486692196,0.9746185513506842,True,,E3_pass,0.6157630530805814,47.32070982933993,92.92747239412692,198.9893350985584,0.0011224782822146502,0.0641610842160613,1.0,0,0.012711611388135147,after_block_1,20,20,1088,0,1.0,370.3924841065979,17050101,videos/recovery/eval_50101_high__full_matched_edit.mp4,59242074e8d3a2c5a326807d14b500734e404419f64cef486b5965d9653fcec1
eval_50101_high,eval_50101_high,top2_oracle_projection,high,0.043423260898606444,0.06491845438529864,0.06444838542117852,0.021495193486692196,0.9781314383417323,True,,E3_pass,0.6176649249455307,47.107223008245114,92.53096409117352,199.31130399472107,0.0011826287299737024,0.06406373949834022,1.0,0,0.012890043978704857,after_block_1,20,20,1088,0,1.0022815498887996,370.68204561088436,17050101,videos/recovery/eval_50101_high__top2_oracle_projection.mp4,1c71e42a75b0cf9c0574f3e73cb8ca7edc68b8bd375163ccd316af05b6b12f60
eval_50101_high,eval_50101_high,fit_only_controller,high,0.043423260898606444,0.06491845438529864,0.0644552712344891,0.021495193486692196,0.9784517803435313,True,,E3_pass,0.6164536903893163,47.19945536348567,92.5470662726889,198.92183002390595,0.001201467457004275,0.06408447101036904,1.0,0,0.01307536857094993,after_block_1,20,20,1088,0,1.0022815498887996,370.7711181640625,17050101,videos/recovery/eval_50101_high__fit_only_controller.mp4,85c921ecaad585604a83424c872c6c0b5c39bec2ecdd7dc79cf0b13ab3ba322c
eval_50106_high,eval_50106_high,natural_conflict,high,0.04471388171772714,0.06468748950413072,0.04471388171772714,0.019973607786403585,0.0,True,,E3_fail,-0.5347633832332674,167.55284112872053,47.28782051282052,50.79070675517376,0.006346640236164596,0.03771587918526315,1.0,0,0.0163302581580288,none,20,20,0,0,0.0,0.0,17050106,videos/recovery/eval_50106_high__natural_conflict.mp4,c92418b2781c38285da4042d84879a240b945c402fd559310620f62323114e49
eval_50106_high,eval_50106_high,full_matched_edit,high,0.04471388171772714,0.06468748950413072,0.06381104156935426,0.019973607786403585,0.9561196983464809,True,,E3_pass,0.6198519304681944,46.50869415299739,91.97447096315656,198.17856263238264,0.0009498638257247975,0.06362382644199802,1.0,0,0.01415062255937527,after_block_1,20,20,1088,0,1.0,370.599690082584,17050106,videos/recovery/eval_50106_high__full_matched_edit.mp4,cc403d52feae1b6cae2e47b11bcd488686cb46c299af802c46b8774f1287045c
eval_50106_high,eval_50106_high,top2_oracle_projection,high,0.04471388171772714,0.06468748950413072,0.0640620783462332,0.019973607786403585,0.9686881226173245,True,,E3_pass,0.6215975432713217,46.208431372549015,92.03100288033517,198.02059278350515,0.0009308737121003171,0.0636521167171367,1.0,0,0.01415062255937527,after_block_1,20,20,1088,0,1.0022815498887996,370.82126825187703,17050106,videos/recovery/eval_50106_high__top2_oracle_projection.mp4,65c777d411288e50b13b7ba23ecf02d9fc4430e796f95c7dc7610c38c419ac7d
eval_50106_high,eval_50106_high,fit_only_controller,high,0.04471388171772714,0.06468748950413072,0.064093873890414,0.019973607786403585,0.9702800004854002,True,,E3_pass,0.6212380515296818,46.27114427860697,92.02382822728464,198.05722326454034,0.0009554709976900772,0.0636598229834007,1.0,0,0.01415062255937527,after_block_1,20,20,1088,0,1.0022815498887996,370.7981262207031,17050106,videos/recovery/eval_50106_high__fit_only_controller.mp4,5729bfc8459443d20017f3de5d590b3366cda9717ecf634eb2eb3dcc6eed3d1d
eval_50110_low,eval_50110_low,natural_conflict,low,0.020252063241660012,0.015076838461815038,0.020252063241660005,-0.005175224779844974,0.0,True,,E3_fail,0.6095410751289742,44.532297767591885,84.76017076845807,183.57004504504505,0.004409356136585761,0.036970996437789685,0.9375,4,0.006649168853893217,none,20,20,0,0,0.0,0.0,17050110,videos/recovery/eval_50110_low__natural_conflict.mp4,172cc8eb392fd1294bbaa80e67a23152163a24d040023025c8e209ead1ed50ac
eval_50110_low,eval_50110_low,full_matched_edit,low,0.020252063241660012,0.015076838461815038,0.015228875812176992,-0.005175224779844974,0.9706220779135881,True,,E3_pass,-0.6006219439763913,201.61876204754765,48.86669024045261,50.306763285024154,0.00037117092078978143,0.015250176442313088,1.0,0,0.003245497778124218,after_block_1,20,20,1088,0,1.0,374.45020751296255,17050110,videos/recovery/eval_50110_low__full_matched_edit.mp4,0281de311989b5797175f47a060c8bc2003bac259b95bc5c3f4080252ed51e47
eval_50110_low,eval_50110_low,top2_oracle_projection,low,0.020252063241660012,0.015076838461815038,0.014435117828466399,-0.005175224779844974,1.1239986011521343,True,,E3_pass,-0.5999912634563396,199.19362365742694,48.322413123665314,49.79976550286608,0.0003968422459541955,0.014490403971930724,1.0,0,0.0035256786931483486,after_block_1,20,20,1088,0,1.0022815498887996,374.35278153905034,17050110,videos/recovery/eval_50110_low__top2_oracle_projection.mp4,8303cd83a595cf85159b9d18073d70635591dfd2270bc61da418ee8284f0fabc
eval_50110_low,eval_50110_low,fit_only_controller,low,0.020252063241660012,0.015076838461815038,0.014607576500577715,-0.005175224779844974,1.0906747013317901,True,,E3_pass,-0.5990204496725591,199.2221511793123,48.29094930655189,49.95809066200738,0.0003892228225678544,0.014530235350524778,1.0,0,0.003812238022486092,after_block_1,20,20,1088,0,1.0022815498887996,374.1822204589844,17050110,videos/recovery/eval_50110_low__fit_only_controller.mp4,6f83ddef0cfb4aa4d66628697b91d8dd9ecbc29265f677b1237097858467410e
eval_50115_high,eval_50115_high,natural_conflict,high,0.044031976809948845,0.06408591633102229,0.04403197680994884,0.02005393952107344,0.0,True,,E3_fail,-0.5276281030490235,166.0368725068642,48.27072758037225,51.34178421654594,0.0065987228031862515,0.03776330898091067,1.0,0,0.02014021343778727,none,20,20,0,0,0.0,0.0,17050115,videos/recovery/eval_50115_high__natural_conflict.mp4,76c870876d3d5873ad54639027d0e49b80d5a8c3956ca26101633f5953dc89b2
eval_50115_high,eval_50115_high,full_matched_edit,high,0.044031976809948845,0.06408591633102229,0.06333742159900893,0.02005393952107344,0.9626759255343915,True,,E3_pass,0.6212559858382383,46.82718446601942,93.02711762585606,200.44898474107893,0.0009153174063932944,0.06420900465881568,1.0,0,0.012781205202964663,after_block_1,20,20,1088,0,1.0,370.33516356065115,17050115,videos/recovery/eval_50115_high__full_matched_edit.mp4,5a1e8a0e47fbaba9a86586e92503bd868628244567a9aff3435d2ed2800b7aa9
eval_50115_high,eval_50115_high,top2_oracle_projection,high,0.044031976809948845,0.06408591633102229,0.06323304728588308,0.02005393952107344,0.9574712467720881,True,,E3_pass,0.621872370029593,46.76025983771868,92.83975515778178,200.56501412535312,0.0008444809117242093,0.06406520532378919,1.0,0,0.01292667200719022,after_block_1,20,20,1088,0,1.0022815498887996,370.55333981594544,17050115,videos/recovery/eval_50115_high__top2_oracle_projection.mp4,275981ade910ead9bf258a637bf2c8a8c238eecc8e9b09a1d0a31870a0b4a7e6
eval_50115_high,eval_50115_high,fit_only_controller,high,0.044031976809948845,0.06408591633102229,0.06320785872408277,0.02005393952107344,0.9562152061934356,True,,E3_fail,0.6219235535024622,46.77210365853659,92.95356066765508,200.64930590997244,0.0008655917731904752,0.06405088859224926,1.0,0,0.013074019872802434,after_block_1,20,20,1088,0,1.0022815498887996,370.69158935546875,17050115,videos/recovery/eval_50115_high__fit_only_controller.mp4,397ccefc24ece12d63548d3cc7c8d833485b6ef2f5510a06ba51bee309a44cb0
eval_50118_low,eval_50118_low,natural_conflict,low,0.01411105079950164,0.0034237917043662912,0.014111050799501637,-0.010687259095135349,0.0,True,,E3_fail,0.5769173867990892,42.7171732626139,74.24638947123223,159.21583901330737,0.003968234840573105,0.03476820619956144,0.9375,4,0.006140287509932896,none,20,20,0,0,0.0,0.0,17050118,videos/recovery/eval_50118_low__natural_conflict.mp4,7bfd99e61cda2ad5d109bb6b20eb691322a2d7be16a96e0ec26306664a60fb51
eval_50118_low,eval_50118_low,full_matched_edit,low,0.01411105079950164,0.0034237917043662912,0.003160898961495424,-0.010687259095135349,1.0245987058543882,True,,E3_pass,-0.6047350240119194,201.69484311242437,48.357695950745914,49.67979518540089,0.0003880920704873296,0.003671733058273885,1.0,0,0.0014895847746257962,after_block_1,20,20,1088,0,1.0,375.14477084439085,17050118,videos/recovery/eval_50118_low__full_matched_edit.mp4,70430f0f8503e4202666d4088fb9874078e66968b38f7e7374868ffd07d59526
eval_50118_low,eval_50118_low,top2_oracle_projection,low,0.01411105079950164,0.0034237917043662912,0.004365448108019613,-0.010687259095135349,0.9118898124139287,True,,E3_pass,-0.602629185313253,203.33058576793638,48.74326780504137,50.4156802195917,0.0003770261267329227,0.00467607147703423,1.0,0,0.002350452462098973,after_block_1,20,20,1088,0,1.0022815498887996,374.69887277364,17050118,videos/recovery/eval_50118_low__top2_oracle_projection.mp4,3080dbc7f848f137b45eb4701c05c7cf718987e2bc434d979cedd3a25029cc98
eval_50118_low,eval_50118_low,fit_only_controller,low,0.01411105079950164,0.0034237917043662912,0.00426891555336097,-0.010687259095135349,0.9209223018295343,True,,E3_pass,-0.6014117660775666,203.15441176470588,48.76470588235294,50.564732890143,0.0003818324673281231,0.004656485596713036,1.0,0,0.002597715406750467,after_block_1,20,20,1088,0,1.0022815498887996,375.14794921875,17050118,videos/recovery/eval_50118_low__fit_only_controller.mp4,690bd4eb91deb2729e5ad9edc99e97994287e7145a5ae8def6ec31303c6a8fad
eval_50120_high,eval_50120_high,natural_conflict,high,0.044658069523992,0.06549110474644389,0.044658069523991976,0.02083303522245189,0.0,True,,E3_fail,-0.5259860641822967,166.6336925808307,48.35246305418719,51.76108374384236,0.00659608342133315,0.03781618993633296,1.0,0,0.01915266664541415,none,20,20,0,0,0.0,0.0,17050120,videos/recovery/eval_50120_high__natural_conflict.mp4,cb169ba5909c068857d064cd3410ecccc485371232e3fe32e6cb7e3bfac58dce
eval_50120_high,eval_50120_high,full_matched_edit,high,0.044658069523992,0.06549110474644389,0.0648249019546412,0.02083303522245189,0.9680218084072209,True,,E3_pass,0.6171068656891666,46.98972699127498,92.8389423076923,198.4559223586501,0.0010021725046779313,0.06455523200219006,1.0,0,0.012755588011176044,after_block_1,20,20,1088,0,1.0,370.22724666310535,17050120,videos/recovery/eval_50120_high__full_matched_edit.mp4,4144a59b3f740770fe32c41b11b3010a38268ae5303ded43457dcec208d03832
eval_50120_high,eval_50120_high,top2_oracle_projection,high,0.044658069523992,0.06549110474644389,0.06474467072752452,0.02083303522245189,0.9641706543982159,True,,E3_pass,0.6184333464356324,46.82174057939965,92.98711810305517,198.59666871826434,0.001088149926433733,0.06439066491549002,1.0,0,0.012593523432660847,after_block_1,20,20,1088,0,1.0022815498887996,370.45030516663024,17050120,videos/recovery/eval_50120_high__top2_oracle_projection.mp4,63799ceb3bbb9325c5001c92d33c9f61b98de0177fa369219374fcb02c90fb07
eval_50120_high,eval_50120_high,fit_only_controller,high,0.044658069523992,0.06549110474644389,0.06483728953161601,0.02083303522245189,0.9686164206105091,True,,E3_pass,0.6198661903507597,46.72559701492537,92.89609716785631,199.11203083533428,0.0010859452082049152,0.06437798122863368,1.0,0,0.012616941919214142,after_block_1,20,20,1088,0,1.0022815498887996,370.66851806640625,17050120,videos/recovery/eval_50120_high__fit_only_controller.mp4,39fc35c7cd4851e893f9952147eff0b75032cb617e086dfb03b7f09fa36a30b2
eval_50122_high,eval_50122_high,natural_conflict,high,0.04548321229484729,0.06603215462204166,0.0454832122948473,0.020548942327194376,0.0,True,,E3_fail,-0.5265600820340803,164.09840714840715,47.018593014128726,50.892681744409074,0.0062261268816891455,0.03774859009008986,1.0,0,0.01564361745866094,none,20,20,0,0,0.0,0.0,17050122,videos/recovery/eval_50122_high__natural_conflict.mp4,305dc329dd0abba8354c15a918981997a52e30d22cf2b76b57a8019e677312a9
eval_50122_high,eval_50122_high,full_matched_edit,high,0.04548321229484729,0.06603215462204166,0.06536931305872862,0.020548942327194376,0.9677432758942612,True,,E3_pass,0.612864026954481,47.35096153846154,91.56041656702855,197.27090176171993,0.0013542623609256587,0.06496736317931452,1.0,0,0.014545928173729017,after_block_1,20,20,1088,0,1.0,370.2669566300537,17050122,videos/recovery/eval_50122_high__full_matched_edit.mp4,0761ac52b3286e6a9f0040de96c93e2d4726b79f6f3f6d372f330901b3432696
eval_50122_high,eval_50122_high,top2_oracle_projection,high,0.04548321229484729,0.06603215462204166,0.06513715320917632,0.020548942327194376,0.95644537813117,True,,E3_pass,0.6144363441757447,47.168675678186545,91.96821005629974,197.50519316637545,0.0014241315272101151,0.06464074905174072,1.0,0,0.014386740597215786,after_block_1,20,20,1088,0,1.0022815498887996,370.5299567167619,17050122,videos/recovery/eval_50122_high__top2_oracle_projection.mp4,aa29eb95d74f094b2e1c0acd815caefca541c68c3d97fed3eea611008e5626ea
eval_50122_high,eval_50122_high,fit_only_controller,high,0.04548321229484729,0.06603215462204166,0.0652452894302111,0.020548942327194376,0.9617077521897938,True,,E3_pass,0.6138316276298662,47.25548188491594,91.81707955546037,197.48481932039832,0.0013860061966538349,0.06468169160112816,1.0,0,0.014085779341684868,after_block_1,20,20,1088,0,1.0022815498887996,370.62164306640625,17050122,videos/recovery/eval_50122_high__fit_only_controller.mp4,29e5f1e8fcef19f0c5911b9daaacb5497728e263b67704f5dbcebbd809207575
eval_50142_low,eval_50142_low,natural_conflict,low,0.014618796304525842,0.0030716598287096595,0.014618796304525849,-0.011547136475816183,0.0,True,,E3_fail,0.5575130440983745,42.79651162790697,70.6625,150.63975155279502,0.0040416020226927765,0.03538865277285088,0.921875,4,0.006258046998852573,none,20,20,0,0,0.0,0.0,17050142,videos/recovery/eval_50142_low__natural_conflict.mp4,88e874bb80a6e8ebd312e691865af0a37d040d5d7c3131f91d1174bcacbeeecb
eval_50142_low,eval_50142_low,full_matched_edit,low,0.014618796304525842,0.0030716598287096595,0.0032003609281189703,-0.011547136475816183,0.9888542843778753,True,,E3_pass,-0.6040734164348727,201.234477124183,48.20990099009901,49.66984566103669,0.00028842957347857885,0.003574728452379251,1.0,0,0.0016692960397214351,after_block_1,20,20,1088,0,1.0,374.5679940578911,17050142,videos/recovery/eval_50142_low__full_matched_edit.mp4,e4eea2c053be8ee118954e94e3e14212721485c2fa0c399061ec02e982f76bee
eval_50142_low,eval_50142_low,top2_oracle_projection,low,0.014618796304525842,0.0030716598287096595,0.00399703217069193,-0.011547136475816183,0.9198613141950535,True,,E3_pass,-0.602018175171318,201.9853179135732,48.4238921464962,50.178260557654596,0.00030486167037087027,0.004547754505103463,1.0,0,0.001229114653351182,after_block_1,20,20,1088,0,1.0022815498887996,374.05842633433974,17050142,videos/recovery/eval_50142_low__top2_oracle_projection.mp4,3b7db1697fc357d00ce3884a730a01e1b37513ff058cfe0b9e6fd1c0c5604b3e
eval_50142_low,eval_50142_low,fit_only_controller,low,0.014618796304525842,0.0030716598287096595,0.0039332932624683865,-0.011547136475816183,0.9253812029014038,True,,E3_pass,-0.603723068079823,202.07845516847516,48.29690977977741,49.933203440923464,0.00029529178033696674,0.0045103827151809495,1.0,0,0.0012351397251814111,after_block_1,20,20,1088,0,1.0022815498887996,375.2037353515625,17050142,videos/recovery/eval_50142_low__fit_only_controller.mp4,562e967df004eae1beaed746c9d55cbca2f696e7c6ef12504f65d55d5f00ecf7
eval_50143_high,eval_50143_high,natural_conflict,high,0.04495694817064788,0.06501050769424253,0.04495694817064788,0.020053559523594652,0.0,True,,E3_fail,-0.5338560419626681,169.19949494949495,47.88821892393321,51.42028985507247,0.006883044880078306,0.03815688240390061,1.0,0,0.02118581624097915,none,20,20,0,0,0.0,0.0,17050143,videos/recovery/eval_50143_high__natural_conflict.mp4,34a322c64f3ee19a3c38dca88d18159836663ec884c78666cc20766b7c9134ff
eval_50143_high,eval_50143_high,full_matched_edit,high,0.04495694817064788,0.06501050769424253,0.06445965310186849,0.020053559523594652,0.9725308321584546,True,,E3_pass,0.617777455973119,46.98317546767701,92.7584541062802,198.85881476497167,0.0010819003405635613,0.06462791033548752,1.0,0,0.01187565273254454,after_block_1,20,20,1088,0,1.0,370.5547751542504,17050143,videos/recovery/eval_50143_high__full_matched_edit.mp4,8a9677158e90bd29b9a1d8f2adc130d67a39312ed5afb37b190d85fb6a6e5498
eval_50143_high,eval_50143_high,top2_oracle_projection,high,0.04495694817064788,0.06501050769424253,0.06452304412049605,0.020053559523594652,0.9756919177778415,True,,E3_pass,0.6153118354818109,47.191293223014014,92.6556311881188,198.15700483091788,0.0010750770853296975,0.06450137224645108,1.0,0,0.01189951996132066,after_block_1,20,20,1088,0,1.0022815498887996,370.8405660002702,17050143,videos/recovery/eval_50143_high__top2_oracle_projection.mp4,26c4e7863147549ace652fff293e30f8b779f768496eb3cfa7904315617b35b8
eval_50143_high,eval_50143_high,fit_only_controller,high,0.04495694817064788,0.06501050769424253,0.06451949608456947,0.020053559523594652,0.9755149897904486,True,,E3_pass,0.6162885317295336,47.14809716990244,92.66123708381171,198.59955995599557,0.0010739170339780658,0.06449465992502061,1.0,0,0.01198240433761577,after_block_1,20,20,1088,0,1.0022815498887996,370.6780090332031,17050143,videos/recovery/eval_50143_high__fit_only_controller.mp4,8271fe67fff27f4ee8dd0155adfd323d63a235c0761130c11bf2fbe0dab0158a
eval_50146_low,eval_50146_low,natural_conflict,low,0.011101957571796073,0.0061292427443607475,0.011101957571796092,-0.004972714827435326,0.0,True,,E3_fail,0.5709736932195201,43.10227272727273,73.45251396648045,157.8284023668639,0.005632181034680551,0.035670717631890364,0.921875,5,0.005623074289626828,none,20,20,0,0,0.0,0.0,17050146,videos/recovery/eval_50146_low__natural_conflict.mp4,bd999f65ffad3218cd5817ec254c0e1b6b2a4a9cdf7e005b88ff1f681e52dfde
eval_50146_low,eval_50146_low,full_matched_edit,low,0.011101957571796073,0.0061292427443607475,0.0061282772818708016,-0.004972714827435326,1.000194151992111,True,,E3_pass,-0.6022801666445897,201.17653956193425,48.29449443523561,49.936272978493335,0.00031572579014283044,0.005875516560490734,1.0,0,0.0022608560068606565,after_block_1,20,20,1088,0,1.0,374.92145712622903,17050146,videos/recovery/eval_50146_low__full_matched_edit.mp4,575a65885de10b320f02d5dbf4d6fd28ca348e9673cadaad17ab013170db7222
eval_50146_low,eval_50146_low,top2_oracle_projection,low,0.011101957571796073,0.0061292427443607475,0.006825465689463527,-0.004972714827435326,0.8599913791031013,True,,E3_pass,-0.6013344648755208,202.21512434241987,48.48774509803921,50.34313725490196,0.00040901636532593926,0.006536188534712941,1.0,0,0.0017520938562243238,after_block_1,20,20,1088,0,1.0022815498887996,374.84687483429815,17050146,videos/recovery/eval_50146_low__top2_oracle_projection.mp4,235760b3fd1adf130098644ee0c8aeb8a9338ad3e0a5485593a21e445c340287
eval_50146_low,eval_50146_low,fit_only_controller,low,0.011101957571796073,0.0061292427443607475,0.006822522795918303,-0.004972714827435326,0.8605831873300658,True,,E3_pass,-0.6001424008005211,201.82766990291262,48.52698505144632,50.43446601941748,0.0004265540188747285,0.006566219139260211,1.0,0,0.001841155753829371,after_block_1,20,20,1088,0,1.0022815498887996,374.6717834472656,17050146,videos/recovery/eval_50146_low__fit_only_controller.mp4,b8c954a3651bb2450a98f87fbc5887f2f20ca0958b3bbf3525747ff025ac6ebd
eval_50153_low,eval_50153_low,natural_conflict,low,0.014184984623688848,0.005319282263975514,0.01418498462368885,-0.008865702359713335,0.0,True,,E3_fail,0.5782895822042058,42.68604651162791,74.48214285714286,159.75641025641025,0.004084286399557685,0.035508962254968114,0.921875,5,0.006165050869655575,none,20,20,0,0,0.0,0.0,17050153,videos/recovery/eval_50153_low__natural_conflict.mp4,ad34044c6b16324e79e974dc49943055e1b9a036c4e4241f6b71242272090bd3
eval_50153_low,eval_50153_low,full_matched_edit,low,0.014184984623688848,0.005319282263975514,0.005155047133972829,-0.008865702359713335,1.0185247737109906,True,,E3_pass,-0.6053911949636833,201.75407766990293,48.33503515232675,49.59161091096243,0.00038913118002483773,0.004873538362207247,1.0,0,0.0016607049434211874,after_block_1,20,20,1088,0,1.0,375.8414012857263,17050153,videos/recovery/eval_50153_low__full_matched_edit.mp4,02829d84ff4c86f7274127a66fa5d50808eeb0a7f8ada46ee97ec11faed0f85d
eval_50153_low,eval_50153_low,top2_oracle_projection,low,0.014184984623688848,0.005319282263975514,0.005929343834420613,-0.008865702359713335,0.9311885797996917,True,,E3_pass,-0.6037638395461147,201.89523650102825,48.622815533980585,49.88152953226357,0.00046789186605137223,0.00562349279325293,1.0,0,0.001993031804087275,after_block_1,20,20,1088,0,1.0022815498887996,375.64782094293844,17050153,videos/recovery/eval_50153_low__top2_oracle_projection.mp4,c1510cc04f94ee24b37119c7637d75779d5de6ca6c84925d26a6c29bf729863f
eval_50153_low,eval_50153_low,fit_only_controller,low,0.014184984623688848,0.005319282263975514,0.005933858535682106,-0.008865702359713335,0.9306793475834141,True,,E3_pass,-0.6021862502816748,201.68922330097087,48.75371920883388,50.07828907845729,0.0004823542633192987,0.005626643270159826,1.0,0,0.0023483192131646957,after_block_1,20,20,1088,0,1.0022815498887996,374.8855895996094,17050153,videos/recovery/eval_50153_low__fit_only_controller.mp4,feeaf1d3ef1b41ae863d857b609970b09b9062cc07c79077100e8d51388ffe75
eval_50156_low,eval_50156_low,natural_conflict,low,0.01313886419313098,0.008062293867284987,0.013138864193130971,-0.005076570325845993,0.0,True,,E3_fail,0.5838487031109939,42.80990116801438,76.28477176831608,162.9321041461381,0.0051673569473115934,0.035340086842311005,0.9375,4,0.006293422880963462,none,20,20,0,0,0.0,0.0,17050156,videos/recovery/eval_50156_low__natural_conflict.mp4,7b9ec02b20dcfe8008995e6d871250498368685111a18c00152afa8caf9537cb
eval_50156_low,eval_50156_low,full_matched_edit,low,0.01313886419313098,0.008062293867284987,0.007921375625512947,-0.005076570325845993,1.0277585520788697,True,,E3_pass,-0.6044680888630999,202.61274509803923,48.90037887757518,49.947896655337175,0.0003789542871700408,0.007940650396839466,1.0,0,0.0021464362912964052,after_block_1,20,20,1088,0,1.0,375.2973368999788,17050156,videos/recovery/eval_50156_low__full_matched_edit.mp4,c67986aea1e3f0f1ca75fb3d7d565b7d8edbfc122aa640c2f6b490030f602c9d
eval_50156_low,eval_50156_low,top2_oracle_projection,low,0.01313886419313098,0.008062293867284987,0.008153798423737616,-0.005076570325845993,0.9819751228527734,True,,E3_pass,-0.6033824943966698,202.09240733787482,48.91532178217822,49.99018436326391,0.00037741587475408756,0.008228779936344396,1.0,0,0.002689511983930415,after_block_1,20,20,1088,0,1.0022815498887996,375.32363680003306,17050156,videos/recovery/eval_50156_low__top2_oracle_projection.mp4,64540094ca263c07f9fa5dd461475291d8ee3f175c244095524cb173cbb87bde
eval_50156_low,eval_50156_low,fit_only_controller,low,0.01313886419313098,0.008062293867284987,0.008246361794891037,-0.005076570325845993,0.9637416768031523,True,,E3_pass,-0.6026396144300478,202.38747572815532,48.97317073170731,50.180193142466955,0.00035475780012513605,0.008261134437009527,1.0,0,0.0021093953325289627,after_block_1,20,20,1088,0,1.0022815498887996,374.3830261230469,17050156,videos/recovery/eval_50156_low__fit_only_controller.mp4,30e1bafe1441744ef3711eb59aafb527550f8042442aeaafa12dc91fb3bb45dd
eval_50161_low,eval_50161_low,natural_conflict,low,0.019634812904322486,0.014359154968982714,0.01963481290432248,-0.005275657935339772,0.0,True,,E3_fail,0.600910945247767,44.87347867186577,83.17142556896655,180.00604702560008,0.0044920094990671695,0.03686033020715344,0.9375,4,0.006988488141109972,none,20,20,0,0,0.0,0.0,17050161,videos/recovery/eval_50161_low__natural_conflict.mp4,268c451585aaa57b6be6537621eaed8a2246cea0b50153815c12fd8163ca1034
eval_50161_low,eval_50161_low,full_matched_edit,low,0.019634812904322486,0.014359154968982714,0.014439323653692432,-0.005275657935339772,0.984804040426371,True,,E3_pass,-0.5992388459122316,200.725291361288,49.30179028132992,50.3007412721186,0.0004399245999714081,0.014154686533750294,1.0,0,0.00345128306253506,after_block_1,20,20,1088,0,1.0,374.0185962391537,17050161,videos/recovery/eval_50161_low__full_matched_edit.mp4,24e0402cd67f88a3337b510d053cdc2689c98d97bdacbd3cfd6e72da3a09ef42
eval_50161_low,eval_50161_low,top2_oracle_projection,low,0.019634812904322486,0.014359154968982714,0.013576429674956328,-0.005275657935339772,1.1483654368080207,True,,E3_pass,-0.5979419619231297,199.54177718832892,49.181651892500355,50.20668920550592,0.0003947909226638031,0.013415898736673893,1.0,0,0.0028691955978169537,after_block_1,20,20,1088,0,1.0022815498887996,374.0234589955066,17050161,videos/recovery/eval_50161_low__top2_oracle_projection.mp4,790f1136f13a6fc9686d690a218425dbebf51dd5805aae88e31cb04aecc95cf1
eval_50161_low,eval_50161_low,fit_only_controller,low,0.019634812904322486,0.014359154968982714,0.01364071292385319,-0.005275657935339772,1.1361805586971314,True,,E3_pass,-0.5982699465401266,199.86169003410384,49.148628066918924,50.23584882878532,0.00039516882332635224,0.013442708834308958,1.0,0,0.0028691955978169537,after_block_1,20,20,1088,0,1.0022815498887996,374.1203308105469,17050161,videos/recovery/eval_50161_low__fit_only_controller.mp4,68cd10368bef983990dde1a2c5cf0740f7e880b366031fe63557d51127c3ddb1
eval_50163_high,eval_50163_high,natural_conflict,high,0.044222422565086086,0.06493265781975895,0.044222422565086086,0.02071023525467286,0.0,True,,E3_fail,-0.5283346733825249,168.28969474236857,48.66790419760494,51.93653930610452,0.006851593905368556,0.03791661135305878,1.0,0,0.01698605186626634,none,20,20,0,0,0.0,0.0,17050163,videos/recovery/eval_50163_high__natural_conflict.mp4,d4ea7de1814073696a4040e50294e27b50a4af0348799dc95b8c8c677f50af8a
eval_50163_high,eval_50163_high,full_matched_edit,high,0.044222422565086086,0.06493265781975895,0.06414197594275904,0.02071023525467286,0.9618216853996623,True,,E3_pass,0.6151684367304253,47.44489398630266,92.92361111111111,199.12996376811594,0.001322665781764816,0.06394369566986245,1.0,0,0.013671368002076578,after_block_1,20,20,1088,0,1.0,370.2695432105685,17050163,videos/recovery/eval_50163_high__full_matched_edit.mp4,5eac94d533dc5d65ea16c8894fd803cc998c642b62c9acd6632673feac8af114
eval_50163_high,eval_50163_high,top2_oracle_projection,high,0.044222422565086086,0.06493265781975895,0.06415784426051002,0.02071023525467286,0.9625878919422655,True,,E3_pass,0.6163207645376497,47.230910633484164,92.96714311398777,198.96907241521617,0.0013614317781069616,0.06390431489170807,1.0,0,0.013894379862100736,after_block_1,20,20,1088,0,1.0022815498887996,370.5341822563833,17050163,videos/recovery/eval_50163_high__top2_oracle_projection.mp4,354cccd3db34ff0e61e18aab485eb81a334b2c55df00a2a0fd5cec309f1650b0
eval_50163_high,eval_50163_high,fit_only_controller,high,0.044222422565086086,0.06493265781975895,0.06420257975246363,0.02071023525467286,0.9647479587596385,True,,E3_pass,0.6166219348794508,47.199236425339365,92.63752647485781,199.02891651031894,0.0013639395725153363,0.06394018604964087,1.0,0,0.013638679780412,after_block_1,20,20,1088,0,1.0022815498887996,370.7542724609375,17050163,videos/recovery/eval_50163_high__fit_only_controller.mp4,74735d26040e077a45fe18adc02dbab69bc425c855ff9db84e5611a0c682765c
eval_50169_high,eval_50169_high,natural_conflict,high,0.04354035044134497,0.06420748266933733,0.04354035044134497,0.02066713222799236,0.0,True,,E3_fail,-0.5323311289252743,168.09439505218398,47.681021418468376,51.302564102564105,0.006715321237221511,0.037654630378673545,1.0,0,0.02141834656254138,none,20,20,0,0,0.0,0.0,17050169,videos/recovery/eval_50169_high__natural_conflict.mp4,eb4ff29baf2fd3a19406f68884d26d80ac9cf252d3f9920a0ecc3a6fe06df813
eval_50169_high,eval_50169_high,full_matched_edit,high,0.04354035044134497,0.06420748266933733,0.0632775289671429,0.02066713222799236,0.9550032538653392,True,,E3_pass,0.6173812316009338,46.65533980582524,91.8528789772181,197.21842520072903,0.0008878513600860745,0.06350650633602592,1.0,0,0.011932806267578533,after_block_1,20,20,1088,0,1.0,370.4758258466845,17050169,videos/recovery/eval_50169_high__full_matched_edit.mp4,84944d74b64a256b1ec8aa26b4d69030e580f3f422a0a6833071ac6326084666
eval_50169_high,eval_50169_high,top2_oracle_projection,high,0.04354035044134497,0.06420748266933733,0.06336562638550372,0.02066713222799236,0.9592659361469915,True,,E3_pass,0.6199511877520344,46.22222222222223,91.58748938235651,197.02138613861388,0.00089015698878352,0.06352118435253787,1.0,0,0.011932806267578533,after_block_1,20,20,1088,0,1.0022815498887996,370.78773986458475,17050169,videos/recovery/eval_50169_high__top2_oracle_projection.mp4,6838066af1d29066a1436a5b7158ca7b990e54e533ba60e2aedc7cad37589288
eval_50169_high,eval_50169_high,fit_only_controller,high,0.04354035044134497,0.06420748266933733,0.06340403767354315,0.02066713222799236,0.9611245049902972,True,,E3_pass,0.6195557488419298,46.27078127602865,91.59029370151728,196.9752719114276,0.0008763328207235427,0.0635296921969414,1.0,0,0.011932806267578533,after_block_1,20,20,1088,0,1.0022815498887996,370.7835998535156,17050169,videos/recovery/eval_50169_high__fit_only_controller.mp4,82914774f2aaa81111c34fc94d932837bebdb0fe290053e3a503861f98a5304f
eval_50178_low,eval_50178_low,natural_conflict,low,0.022381960370855845,0.016895079341908852,0.022381960370855842,-0.005486881028946993,0.0,True,,E3_fail,0.6011815806121373,46.70887005180199,87.1205810088163,187.5274028038734,0.003908771469851969,0.03719461007410519,0.9375,4,0.0073646679636943935,none,20,20,0,0,0.0,0.0,17050178,videos/recovery/eval_50178_low__natural_conflict.mp4,08454c054649f6b95e6a10515543a88451d169ce15dfc89974d6b50c00e86caf
eval_50178_low,eval_50178_low,full_matched_edit,low,0.022381960370855845,0.016895079341908852,0.01713271027321599,-0.005486881028946993,0.9566910727508989,True,,E3_pass,-0.6027790911417034,200.4199328906975,48.38441865972058,49.67059299447935,0.0004377186195368935,0.017318408525339404,1.0,0,0.00365954030740534,after_block_1,20,20,1088,0,1.0,375.13921067548387,17050178,videos/recovery/eval_50178_low__full_matched_edit.mp4,a7cb851d942e51e5296f9bac4818a24df1b467465b94e2bfa992157f43a96eb3
eval_50178_low,eval_50178_low,top2_oracle_projection,low,0.022381960370855845,0.016895079341908852,0.01619866643267293,-0.005486881028946993,1.1269232749100766,True,,E3_pass,-0.6031270774081314,198.12039800995024,47.71116504854369,49.04702970297029,0.00037189352485006216,0.01623580866097725,1.0,0,0.003465105213505071,after_block_1,20,20,1088,0,1.0022815498887996,374.6371728020818,17050178,videos/recovery/eval_50178_low__top2_oracle_projection.mp4,eaf0479eb76edea20ada50fcd4c177af36935851364c69200377a2c5e9268036
eval_50178_low,eval_50178_low,fit_only_controller,low,0.022381960370855845,0.016895079341908852,0.0161468731398035,-0.005486881028946993,1.1363627529297717,True,,E3_pass,-0.6027308837702912,198.06074273808065,47.758130470132485,49.09334250941756,0.00038388572007337716,0.016230448656349754,1.0,0,0.003465105213505071,after_block_1,20,20,1088,0,1.0022815498887996,374.3847961425781,17050178,videos/recovery/eval_50178_low__fit_only_controller.mp4,8e4c238a8b2a35a42f6469a2c52c13b733e61c5f039783c84c0e5ba8eb057f40
eval_50185_high,eval_50185_high,natural_conflict,high,0.0424325459093662,0.06080518889109834,0.0424325459093662,0.018372642981732135,0.0,True,,E3_fail,-0.5351071777899861,169.76265847001505,47.34720735785953,51.41103015075377,0.0067312581324037064,0.03809963637098058,1.0,0,0.015452260103755888,none,20,20,0,0,0.0,0.0,17050185,videos/recovery/eval_50185_high__natural_conflict.mp4,26a31f8f43c7857946f7598c82a5d674ea8b494016960f7f2fb7514b69e2a59b
eval_50185_high,eval_50185_high,full_matched_edit,high,0.0424325459093662,0.06080518889109834,0.060056102914244625,0.018372642981732135,0.9592281862985893,True,,E3_pass,0.6209046468501864,46.54813929668829,92.65853001004828,199.02669516082295,0.000847816447581988,0.06041230189689534,1.0,0,0.01060790509738918,after_block_1,20,20,1088,0,1.0,371.28945756990964,17050185,videos/recovery/eval_50185_high__full_matched_edit.mp4,b530e3a97d5b479adedbaf62224f2b4cf892bb4f3ba58aa45ce4c72a5e5c80d3
eval_50185_high,eval_50185_high,top2_oracle_projection,high,0.0424325459093662,0.06080518889109834,0.06092223591283298,0.018372642981732135,1.0063707231371677,True,,E3_pass,0.6252345972529865,45.98280668028355,92.59994435591977,199.41234635802766,0.0008170767414650778,0.061207945315683965,1.0,0,0.012107194233677565,after_block_1,20,20,1088,0,1.0022815498887996,371.4171012432926,17050185,videos/recovery/eval_50185_high__top2_oracle_projection.mp4,a0069f95616b430f4e852c22a39485333310fc88ae6f93d041fa44a64ecebe93
eval_50185_high,eval_50185_high,fit_only_controller,high,0.0424325459093662,0.06080518889109834,0.06090326208546517,0.018372642981732135,1.0053380014222422,True,,E3_pass,0.6256051913745848,46.01944497334348,92.54480534709194,199.814332168511,0.0008047036399466148,0.06122180440812699,1.0,0,0.012107194233677565,after_block_1,20,20,1088,0,1.0022815498887996,371.4195251464844,17050185,videos/recovery/eval_50185_high__fit_only_controller.mp4,fe4da7ef47df867a0ea6cc34da1c90091db91ae70d94355c73181337f97fc2fc
eval_50187_high,eval_50187_high,natural_conflict,high,0.04405327682922396,0.06397846749776157,0.04405327682922396,0.019925190668537603,0.0,True,,E3_fail,-0.5327746687685198,167.92883689279734,47.548285024154595,51.188611111111115,0.006665384378936255,0.03808419952108802,1.0,0,0.02232588658975776,none,20,20,0,0,0.0,0.0,17050187,videos/recovery/eval_50187_high__natural_conflict.mp4,2bd08d38eb15915167c534d7122d89b1537961c48faacea26b5fe4d72c8dda60
eval_50187_high,eval_50187_high,full_matched_edit,high,0.04405327682922396,0.06397846749776157,0.0633525819610931,0.019925190668537603,0.9685882284852232,True,,E3_pass,0.6175929825249221,47.242549128009244,93.07371051869023,199.8373786407767,0.0008442308291577356,0.06347916146199216,1.0,0,0.012095258427624711,after_block_1,20,20,1088,0,1.0,370.1082991265174,17050187,videos/recovery/eval_50187_high__full_matched_edit.mp4,25a67b5096cc0b689ab931b22ed4790b715953230e9785f3cc41b6284da6431d
eval_50187_high,eval_50187_high,top2_oracle_projection,high,0.04405327682922396,0.06397846749776157,0.0634029324417649,0.019925190668537603,0.9711152045884583,True,,E3_pass,0.6173961026017057,47.14935944813993,92.8847386292984,199.31629220233089,0.0008638413189805394,0.06352298443939144,1.0,0,0.01273879226635144,after_block_1,20,20,1088,0,1.0022815498887996,370.3633812033946,17050187,videos/recovery/eval_50187_high__top2_oracle_projection.mp4,1d2a81828c1d9bf04d2ae57b13cdb2aab50265375bef6f2edff4775a5f424b69
eval_50187_high,eval_50187_high,fit_only_controller,high,0.04405327682922396,0.06397846749776157,0.06327623516632819,0.019925190668537603,0.9647565565060202,True,,E3_pass,0.6187953844355999,46.90974205216067,92.86133080748283,199.20344827586206,0.0008864790683683323,0.0635022033512284,1.0,0,0.012598848076321278,after_block_1,20,20,1088,0,1.0022815498887996,370.7889099121094,17050187,videos/recovery/eval_50187_high__fit_only_controller.mp4,60a1610f716f7676a7c5ed1e0fd7ea18d09c399259d906c16bd014495fada826
eval_50194_low,eval_50194_low,natural_conflict,low,0.022283532288386827,0.015242655007474305,0.02228353228838683,-0.007040877280912522,0.0,True,,E3_fail,0.5954520446975828,47.123684210526314,86.17773224043717,185.84589871716196,0.0044951100720780676,0.03738926966996558,0.9375,4,0.006500864221240521,none,20,20,0,0,0.0,0.0,17050194,videos/recovery/eval_50194_low__natural_conflict.mp4,c4b14fa5164ba95ac2160816ffe0d8618b31cd01564e3ff2295ceffae2b7632a
eval_50194_low,eval_50194_low,full_matched_edit,low,0.022283532288386827,0.015242655007474305,0.015490882645139894,-0.007040877280912522,0.9647447856620762,True,,E3_pass,-0.6018657867286848,201.01392156862744,48.41769293924466,49.96081455971684,0.00043822648146284523,0.015808685397416783,1.0,0,0.003457015456061585,after_block_1,20,20,1088,0,1.0,374.7170630879597,17050194,videos/recovery/eval_50194_low__full_matched_edit.mp4,5cdc451f16832645ae2d0409759ef302764f618da821b69d28cf38a5112ce402
eval_50194_low,eval_50194_low,top2_oracle_projection,low,0.022283532288386827,0.015242655007474305,0.014798338661716783,-0.007040877280912522,1.063105253511809,True,,E3_pass,-0.6025724501027752,198.93405162206963,47.61993902439024,49.334351605892294,0.00047618754256706196,0.014960900871070482,1.0,0,0.0034161867826223435,after_block_1,20,20,1088,0,1.0022815498887996,374.5445096872551,17050194,videos/recovery/eval_50194_low__top2_oracle_projection.mp4,6aa8aa95822421161d969b5d91fdb5a94552c03541b596fadd4cf6e96b18aefb
eval_50194_low,eval_50194_low,fit_only_controller,low,0.022283532288386827,0.015242655007474305,0.014776567063486654,-0.007040877280912522,1.0661974247514856,True,,E3_pass,-0.6023831243667543,198.72983696240925,47.68497536945813,49.31301114352671,0.0004953444553606909,0.015011838011969208,1.0,0,0.0034161867826223435,after_block_1,20,20,1088,0,1.0022815498887996,374.2315368652344,17050194,videos/recovery/eval_50194_low__fit_only_controller.mp4,738e46249090b6fdf542083c07fbbe047e0cfbb60f2e7007d21ddba838055ccd
eval_50195_high,eval_50195_high,natural_conflict,high,0.04442839757113038,0.0662713550123928,0.04442839757113039,0.02184295744126242,0.0,True,,E3_fail,-0.5275113476963676,164.25884420148378,46.98125730123462,50.80842118963946,0.006505428326359367,0.037751755189712806,1.0,0,0.01681553052481255,none,20,20,0,0,0.0,0.0,17050195,videos/recovery/eval_50195_high__natural_conflict.mp4,7fc9e803a62d1748623061ac9e692ad9fa48c1f2111d2654557f888a0e32d5ea
eval_50195_high,eval_50195_high,full_matched_edit,high,0.04442839757113038,0.0662713550123928,0.06556158108362078,0.02184295744126242,0.9675055939343078,True,,E3_pass,0.6195034165903999,46.32843137254902,90.99764466762315,197.1871921182266,0.0011232673926997194,0.06509036682256,1.0,0,0.013397590343187549,after_block_1,20,20,1088,0,1.0,370.26746308995257,17050195,videos/recovery/eval_50195_high__full_matched_edit.mp4,8b84e227bbe03cdda3ff20ab79b7ec993aa30c25ee81b445b3a93e587f85e067
eval_50195_high,eval_50195_high,top2_oracle_projection,high,0.04442839757113038,0.0662713550123928,0.06513884549056316,0.02184295744126242,0.9481521893326463,True,,E3_pass,0.6203024674648381,46.34909862142099,91.38378240326907,197.787850660066,0.001133271182340333,0.06469102225260902,1.0,0,0.013558671019781032,after_block_1,20,20,1088,0,1.0022815498887996,370.5392832472391,17050195,videos/recovery/eval_50195_high__top2_oracle_projection.mp4,7149b43d577f528b27fb7fbf1b612570638b6926a447d8fd0683a82806365af1
eval_50195_high,eval_50195_high,fit_only_controller,high,0.04442839757113038,0.0662713550123928,0.0652216767251747,0.02184295744126242,0.9519443147732732,True,,E3_pass,0.6201842687242163,46.36977834612105,91.40441176470588,197.80008892276425,0.0011332078572056266,0.06470199433811052,1.0,0,0.013722192492928609,after_block_1,20,20,1088,0,1.0022815498887996,370.5601806640625,17050195,videos/recovery/eval_50195_high__fit_only_controller.mp4,e354da91534215bd76e1198f0f132ea0023ab0a949a2b0fe4b97e7ca36b9d648
eval_50199_high,eval_50199_high,natural_conflict,high,0.043566481384938925,0.06326896529868191,0.04356648138493893,0.019702483913742984,0.0,True,,E3_fail,-0.5286391106498258,167.50731523378585,47.73488468985124,51.65143069490895,0.006585385326372986,0.037849460764972455,1.0,0,0.01802219784106318,none,20,20,0,0,0.0,0.0,17050199,videos/recovery/eval_50199_high__natural_conflict.mp4,d0ec503929f04709c4d5dba9aa5f75824d0d5cceb6f06f7a5cf3509195f2f0e8
eval_50199_high,eval_50199_high,full_matched_edit,high,0.043566481384938925,0.06326896529868191,0.06234887118396084,0.019702483913742984,0.9533006031752534,True,,E3_pass,0.6179548599572651,47.19061098448643,92.86877493719521,199.8514583333333,0.0008339959083374171,0.06274458136869493,1.0,0,0.013016625324030917,after_block_1,20,20,1088,0,1.0,370.5216849372172,17050199,videos/recovery/eval_50199_high__full_matched_edit.mp4,96cd72b3ba72dcf1e4ff8907ac3a838701181cdd2cb2b40810d2341f2595fab3
eval_50199_high,eval_50199_high,top2_oracle_projection,high,0.043566481384938925,0.06326896529868191,0.06317014396654093,0.019702483913742984,0.9949843211356691,True,,E3_pass,0.6188118227742566,46.84349739321758,92.45290524586798,198.9327369807919,0.0008320462568899029,0.06307201726148881,1.0,0,0.01272079898802947,after_block_1,20,20,1088,0,1.0022815498887996,370.7628108587234,17050199,videos/recovery/eval_50199_high__top2_oracle_projection.mp4,f7dc1ff76b7cd4052e9a7a1fa131a90ccf2747471d655845b6105bb2964690aa
eval_50199_high,eval_50199_high,fit_only_controller,high,0.043566481384938925,0.06326896529868191,0.06314131426057888,0.019702483913742984,0.9935210687818916,True,,E3_pass,0.6189897764984196,46.83985587028326,92.45517676767676,199.03205507117877,0.0008361390050055413,0.0630797383644677,1.0,0,0.013103477916881157,after_block_1,20,20,1088,0,1.0022815498887996,370.9611511230469,17050199,videos/recovery/eval_50199_high__fit_only_controller.mp4,155ac83e8a0b376b222cdc730f7af6fe2b76c92bf5edc7ca24a6160e261f4655
eval_50204_low,eval_50204_low,natural_conflict,low,0.015199802263388537,0.009887796076830428,0.015199802263388539,-0.0053120061865581086,0.0,True,,E3_fail,0.6031890587622908,43.15625,79.19025126919864,174.3591736694678,0.005282829169254501,0.036078761587607665,0.9375,4,0.0066445641663213095,none,20,20,0,0,0.0,0.0,17050204,videos/recovery/eval_50204_low__natural_conflict.mp4,fdafa5cb5c05d47dc2fa14eda55c1f475b7345f73fbb809fffdeef59f863519c
eval_50204_low,eval_50204_low,full_matched_edit,low,0.015199802263388537,0.009887796076830428,0.00994266851430491,-0.0053120061865581086,0.9896701103975868,True,,E3_pass,-0.6009241822460658,201.73385394681299,49.07073170731707,50.28789222205803,0.0003333390082547061,0.009997697226308193,1.0,0,0.0022223161373999822,after_block_1,20,20,1088,0,1.0,375.05135808206325,17050204,videos/recovery/eval_50204_low__full_matched_edit.mp4,7c3b63797b97a93fecea359471a493e7d7c52a3596b143f6f9c4034d111fc3a5
eval_50204_low,eval_50204_low,top2_oracle_projection,low,0.015199802263388537,0.009887796076830428,0.009751147737091036,-0.0053120061865581086,1.0257244315876697,True,,E3_pass,-0.6009288827524722,202.11060975609757,49.1484016102297,50.381067961165044,0.00029917261244912375,0.009913930836694505,1.0,0,0.0020643109266514914,after_block_1,20,20,1088,0,1.0022815498887996,375.23026918029404,17050204,videos/recovery/eval_50204_low__top2_oracle_projection.mp4,def95f06d7ea0bf203a51145b29ac495963bc8cea1494dd0a88a11f909bcc10c
eval_50204_low,eval_50204_low,fit_only_controller,low,0.015199802263388537,0.009887796076830428,0.010004523945077002,-0.0053120061865581086,0.9780256528047819,True,,E3_pass,-0.5990754873128892,201.9109886358094,49.45791150876333,50.62366684202975,0.0002910910636101435,0.01001261643205838,1.0,0,0.0022223161373999822,after_block_1,20,20,1088,0,1.0022815498887996,374.1662292480469,17050204,videos/recovery/eval_50204_low__fit_only_controller.mp4,7f6c931cc140a7ac9cd3bd8c5bfb9fd14a121d8dc13ca717ae168811e68eae45
eval_50209_low,eval_50209_low,natural_conflict,low,0.018276440832690328,0.013931596095711702,0.01827644083269033,-0.004344844736978626,0.0,True,,E3_fail,0.6089362141597285,44.376795580110496,83.49478111377172,182.57746194470332,0.005015177823698736,0.03674233060569608,0.9375,4,0.00680558576586765,none,20,20,0,0,0.0,0.0,17050209,videos/recovery/eval_50209_low__natural_conflict.mp4,d24a746f8900fdc7e32dfbe11f9d0c7c5fb7d3fa6540baad3eaef7606be12c89
eval_50209_low,eval_50209_low,full_matched_edit,low,0.018276440832690328,0.013931596095711702,0.01411259331130328,-0.004344844736978626,0.9583420751376626,True,,E3_pass,-0.6008637236394794,201.15473775717186,48.52669902912621,50.15302165642376,0.0003732874310223326,0.013620241180860084,1.0,0,0.0027790643816580918,after_block_1,20,20,1088,0,1.0,374.78300923504474,17050209,videos/recovery/eval_50209_low__full_matched_edit.mp4,c2698bd70b1a41b8cc8287cc0eab52fea03fac6d4316bea43a316586b0b39b30
eval_50209_low,eval_50209_low,top2_oracle_projection,low,0.018276440832690328,0.013931596095711702,0.013207882964882529,-0.004344844736978626,1.1665682376794062,True,,E3_pass,-0.6011295386931967,200.07598039215685,48.39642787808192,49.842562183047576,0.0003474654454617602,0.012918921658451758,1.0,0,0.002994760513249317,after_block_1,20,20,1088,0,1.0022815498887996,374.83662410156586,17050209,videos/recovery/eval_50209_low__top2_oracle_projection.mp4,9e024953eb37308461dab15a7966df6013af7884b8c972f14d565524d2bcdce7
eval_50209_low,eval_50209_low,fit_only_controller,low,0.018276440832690328,0.013931596095711702,0.01334515575145865,-0.004344844736978626,1.1349738321514473,True,,E3_pass,-0.600018591768277,200.1697014925373,48.59953636627064,50.03951797824072,0.00035463849315745156,0.012999936579749016,1.0,0,0.002833713199944299,after_block_1,20,20,1088,0,1.0022815498887996,374.10162353515625,17050209,videos/recovery/eval_50209_low__fit_only_controller.mp4,051158028b21f3103a20dd46b68eee72a7211d75c35b44d655e7bcd9faf397c3
eval_50216_high,eval_50216_high,natural_conflict,high,0.04470961453760514,0.06459998055601249,0.04470961453760514,0.019890366018407345,0.0,True,,E3_fail,-0.5306329239407679,167.82639816249133,47.416083542545806,51.46379942505982,0.006272277641148597,0.03784506451177408,1.0,0,0.016442797591477376,none,20,20,0,0,0.0,0.0,17050216,videos/recovery/eval_50216_high__natural_conflict.mp4,4021da0b8ab11d33ca641f2c98ccee50e9e9b4f407d2726ca78ce0ea764d192b
eval_50216_high,eval_50216_high,full_matched_edit,high,0.04470961453760514,0.06459998055601249,0.0637744599221689,0.019890366018407345,0.9584964583819315,True,,E3_pass,0.6205235490359576,46.7638565327121,93.20792588780236,199.7012741172188,0.0009646116336656901,0.06357593732377913,1.0,0,0.01317649059049808,after_block_1,20,20,1088,0,1.0,370.4947345209636,17050216,videos/recovery/eval_50216_high__full_matched_edit.mp4,cb7b6705aa44a2d8e3e9135e1505a0e9d5a3fd2232cadec72bc5893f7cba25b6
eval_50216_high,eval_50216_high,top2_oracle_projection,high,0.04470961453760514,0.06459998055601249,0.06367240313151816,0.019890366018407345,0.9533654924381024,True,,E3_pass,0.6209322110503098,46.59448200917653,92.8236728976477,199.24271844660194,0.0010107784146966966,0.06354846972889354,1.0,0,0.012892792904413808,after_block_1,20,20,1088,0,1.0022815498887996,370.71119497213226,17050216,videos/recovery/eval_50216_high__top2_oracle_projection.mp4,0217b3208449db6e0581b7c565413183af3130c944a0dee8e73f88d2434b73eb
eval_50216_high,eval_50216_high,fit_only_controller,high,0.04470961453760514,0.06459998055601249,0.06372505717633709,0.019890366018407345,0.9560127059066831,True,,E3_pass,0.6214788150632718,46.532247987504505,92.81267575167641,199.33112684729065,0.00099416196587733,0.0635773447650464,1.0,0,0.012587129357971127,after_block_1,20,20,1088,0,1.0022815498887996,370.7818908691406,17050216,videos/recovery/eval_50216_high__fit_only_controller.mp4,9c71a290e2eff0f9a1bdb4a398b1d8695e1ce96278abc122a9725abadf66adb6
eval_50224_low,eval_50224_low,natural_conflict,low,0.02544997589940789,0.017283455155078228,0.025449975899407895,-0.008166520744329664,0.0,True,,E3_fail,0.5982625178974483,46.65444400159426,86.06617993405558,185.6088925306193,0.002943555358878616,0.03817235254691204,0.90625,4,0.006843129609826137,none,20,20,0,0,0.0,0.0,17050224,videos/recovery/eval_50224_low__natural_conflict.mp4,7dfae42e99916c5aa34dbdcd2dd99a328e35f554c72f507b65b7d593c3fd9da6
eval_50224_low,eval_50224_low,full_matched_edit,low,0.02544997589940789,0.017283455155078228,0.017387598807205914,-0.008166520744329664,0.9872474882035905,True,,E3_pass,-0.6022932960607567,202.148185631371,48.63663620788121,50.17538849622808,0.00034885133474870153,0.017034999552669516,1.0,0,0.0034692445622515056,after_block_1,20,20,1088,0,1.0,374.48560971683,17050224,videos/recovery/eval_50224_low__full_matched_edit.mp4,a3cb6f8fa631972f56ccf5d6af7b017b6eac99039c0fcca72814d76d1867d98c
eval_50224_low,eval_50224_low,top2_oracle_projection,low,0.02544997589940789,0.017283455155078228,0.01642414956468919,-0.008166520744329664,1.105222972829119,True,,E3_pass,-0.6012770836777814,199.73267326732673,48.1440665805711,49.73404964184574,0.0003620084825384621,0.016064458671898672,1.0,0,0.0031144460004775,after_block_1,20,20,1088,0,1.0022815498887996,374.0135891377828,17050224,videos/recovery/eval_50224_low__top2_oracle_projection.mp4,352be629cf0519b804d63bf081b7709ae768a900155b0850e451b3a540e73c06
eval_50224_low,eval_50224_low,fit_only_controller,low,0.02544997589940789,0.017283455155078228,0.016364352753599563,-0.008166520744329664,1.1125451621630709,True,,E3_pass,-0.6022088835990514,199.8964446062371,48.0640666505675,49.62962737160416,0.0003591581727112548,0.01604311654569698,1.0,0,0.0031184220784282735,after_block_1,20,20,1088,0,1.0022815498887996,374.3519287109375,17050224,videos/recovery/eval_50224_low__fit_only_controller.mp4,67ead65fa38f5b4f661a5e856856ec21ae5771d7c46230aa1688eab69aa3e648
eval_50230_high,eval_50230_high,natural_conflict,high,0.0445344262335282,0.0651828046177614,0.044534426233528185,0.020648378384233196,0.0,True,,E3_fail,-0.5322462697665654,166.2493065368713,47.009420478170476,50.75145870199435,0.006722965722554471,0.037840267691287954,1.0,0,0.020707714969582458,none,20,20,0,0,0.0,0.0,17050230,videos/recovery/eval_50230_high__natural_conflict.mp4,4ed6ad4cd4e3accda817035edc3e008b1375e4d2de004398f96e8ce49f88bdf4
eval_50230_high,eval_50230_high,full_matched_edit,high,0.0445344262335282,0.0651828046177614,0.06467149436508446,0.020648378384233196,0.9752372683625672,True,,E3_pass,0.6149899804026848,47.03045685279188,91.86452890924849,197.27724662973924,0.0007698118338302424,0.06505171690937667,1.0,0,0.011784654177168896,after_block_1,20,20,1088,0,1.0,369.81944331776964,17050230,videos/recovery/eval_50230_high__full_matched_edit.mp4,da7e6ac803ae65c16320fb0c6bb2438649f62c569da65177056d976e37e6bb60
eval_50230_high,eval_50230_high,top2_oracle_projection,high,0.0445344262335282,0.0651828046177614,0.06447020154486931,0.020648378384233196,0.965488666488395,True,,E3_pass,0.6139646010426388,47.206929373691224,91.79368932038835,197.3661305124861,0.0008442774824946116,0.06466651031448188,1.0,0,0.01248986322194745,after_block_1,20,20,1088,0,1.0022815498887996,370.04453693052994,17050230,videos/recovery/eval_50230_high__top2_oracle_projection.mp4,e2faca6cead4ffc4160803fa3e712f21846a2b48dcc1abb9b66e7435460c9392
eval_50230_high,eval_50230_high,fit_only_controller,high,0.0445344262335282,0.0651828046177614,0.06450017471424421,0.020648378384233196,0.9669402656802131,True,,E3_pass,0.6139989089091631,47.184330628803245,91.73058252427185,197.29337535622858,0.0008159024972118367,0.06467057247421434,1.0,0,0.01216778919061079,after_block_1,20,20,1088,0,1.0022815498887996,370.56121826171875,17050230,videos/recovery/eval_50230_high__fit_only_controller.mp4,70cfebc252a5fe4c0444835709d28d48408049d325a3f76f265b6b5d5e345a60
eval_50241_high,eval_50241_high,natural_conflict,high,0.04431635237161109,0.06676789510488826,0.044316352371611106,0.022451542733277166,0.0,True,,E3_fail,-0.5297703780020273,168.32765107589228,48.82070707070707,51.74152204502815,0.006779152777365859,0.03776403659279106,1.0,0,0.021103169796083288,none,20,20,0,0,0.0,0.0,17050241,videos/recovery/eval_50241_high__natural_conflict.mp4,bd0194cd3f40aa969327248dcda470b484ed25a2c89d36e0024e6d0a96618f9c
eval_50241_high,eval_50241_high,full_matched_edit,high,0.04431635237161109,0.06676789510488826,0.06615516945396385,0.022451542733277166,0.9727089733563726,True,,E3_pass,0.6166139303582855,47.04432367149758,92.36859559742382,198.370559114735,0.0009298832942318923,0.06558099786077835,1.0,0,0.014195559888256382,after_block_1,20,20,1088,0,1.0,370.3197842788347,17050241,videos/recovery/eval_50241_high__full_matched_edit.mp4,6d8de9809492408794281c6b2b209eee50ee32f452a895e54edf3b45ae6a1695
eval_50241_high,eval_50241_high,top2_oracle_projection,high,0.04431635237161109,0.06676789510488826,0.06560546530248149,0.022451542733277166,0.9482249475585548,True,,E3_pass,0.617665645411673,47.02880338610168,92.5392156862745,198.97997307731384,0.0009226021209038323,0.06506805072666524,1.0,0,0.014134850889133133,after_block_1,20,20,1088,0,1.0022815498887996,370.4802299910074,17050241,videos/recovery/eval_50241_high__top2_oracle_projection.mp4,0af42e031a6a7d24b838d20f8f340776b4fbc2388341e6c9b33fa4cc7ea20b4d
eval_50241_high,eval_50241_high,fit_only_controller,high,0.04431635237161109,0.06676789510488826,0.06556939082649474,0.022451542733277166,0.9466181770833447,True,,E3_pass,0.6172256858734074,47.04683460956933,92.4707072149248,198.7733935158222,0.0009235983392814346,0.06505603453794183,1.0,0,0.013358650652756321,after_block_1,20,20,1088,0,1.0022815498887996,370.54443359375,17050241,videos/recovery/eval_50241_high__fit_only_controller.mp4,5456044082a93327786ad5faa09f86b3505c669aed745b1eedac57b9a7daa6a7
eval_50246_low,eval_50246_low,natural_conflict,low,0.018857721075964687,0.013589024275197379,0.018857721075964683,-0.005268696800767308,0.0,True,,E3_fail,0.6009868262477362,45.520570359981306,84.95767195767195,182.64518132141083,0.004648034817696728,0.03721046514127932,0.90625,4,0.005674318643130505,none,20,20,0,0,0.0,0.0,17050246,videos/recovery/eval_50246_low__natural_conflict.mp4,c4397a9a3f3953118220fce05b7e412868bef10176726046a53c69d5c787e943
eval_50246_low,eval_50246_low,full_matched_edit,low,0.018857721075964687,0.013589024275197379,0.013550119173398774,-0.005268696800767308,1.0073841982694731,True,,E3_pass,-0.606510806580919,201.6593896431575,48.4216344208848,49.39325042260323,0.00038139072604370574,0.013223833364006302,1.0,0,0.0028703308638144964,after_block_1,20,20,1088,0,1.0,374.9572075899691,17050246,videos/recovery/eval_50246_low__full_matched_edit.mp4,5b5478fc93e0e423d0d8896dd2e47c6afecf02720fd84c53a0e3f988d2c9a581
eval_50246_low,eval_50246_low,top2_oracle_projection,low,0.018857721075964687,0.013589024275197379,0.012929685643202404,-0.005268696800767308,1.1251426409466097,True,,E3_pass,-0.606300081393057,199.70896700143473,47.81683168316832,48.948141735355804,0.0004122248456805949,0.012633835809633408,1.0,0,0.002381910331261894,after_block_1,20,20,1088,0,1.0022815498887996,375.0560432585215,17050246,videos/recovery/eval_50246_low__top2_oracle_projection.mp4,fceecdafa3c94a543eb6a6e526348c4696091ec5d6b6a7bafb44357d916ac543
eval_50246_low,eval_50246_low,fit_only_controller,low,0.018857721075964687,0.013589024275197379,0.012968829630343931,-0.005268696800767308,1.1177131021779665,True,,E3_pass,-0.604528420613738,199.8468029068917,47.96362603012219,49.25667240637107,0.0003971678323418937,0.012702884166260989,1.0,0,0.003071605241316,after_block_1,20,20,1088,0,1.0022815498887996,374.09393310546875,17050246,videos/recovery/eval_50246_low__fit_only_controller.mp4,fcbe895ab7a6c3e1bf3357df1064fb0823c149b39c038f67fb356f6a41f23ccd
eval_50247_high,eval_50247_high,natural_conflict,high,0.04394591296189809,0.06380902055331113,0.0439459129618981,0.019863107591413035,0.0,True,,E3_fail,-0.5219034235089922,163.0709210526316,47.29576365663322,51.227724358974356,0.006493191886487602,0.037978947086469685,1.0,0,0.019339215763858664,none,20,20,0,0,0.0,0.0,17050247,videos/recovery/eval_50247_high__natural_conflict.mp4,b5cf5ee67b6fc0bd20ee5b646276dbeec334ed718d47921a0428daa7f5cd5018
eval_50247_high,eval_50247_high,full_matched_edit,high,0.04394591296189809,0.06380902055331113,0.06309761880103884,0.019863107591413035,0.9641847707364868,True,,E3_pass,0.6179632509292514,47.1740810510554,92.85502633889377,199.78687841580276,0.0010428696379257843,0.06312330215926133,1.0,0,0.012157334499854122,after_block_1,20,20,1088,0,1.0,370.4451310629702,17050247,videos/recovery/eval_50247_high__full_matched_edit.mp4,f4f4d640360e9b9fd462bcc20cd36e27e017ee2096b02c724ee11fcf496c67e1
eval_50247_high,eval_50247_high,top2_oracle_projection,high,0.04394591296189809,0.06380902055331113,0.06346902334309058,0.019863107591413035,0.9828829799840823,True,,E3_pass,0.6182245501020925,47.00973206776403,92.54884995313289,199.25928329367656,0.0009774655260757958,0.06329394192899605,1.0,0,0.011507315425599018,after_block_1,20,20,1088,0,1.0022815498887996,370.7298066984318,17050247,videos/recovery/eval_50247_high__top2_oracle_projection.mp4,b2213920cdb5527418449d8f423c013ee24f42574fcdb3abdda7dc6220973c86
eval_50247_high,eval_50247_high,fit_only_controller,high,0.04394591296189809,0.06380902055331113,0.06353621499740604,0.019863107591413035,0.9862657162455777,True,,E3_pass,0.6186696699558929,46.967950104549715,92.40178697059238,199.36939263510283,0.0009913623577828652,0.06330085003864218,1.0,0,0.011810912227771864,after_block_1,20,20,1088,0,1.0022815498887996,370.86871337890625,17050247,videos/recovery/eval_50247_high__fit_only_controller.mp4,ff0322a3f4140ca2866829447fe1820789938d5ea0e2c7df3aa326911f6e9853
eval_50257_low,eval_50257_low,natural_conflict,low,0.02153389677520779,0.015972799900981972,0.02153389677520779,-0.005561096874225818,0.0,True,,E3_fail,0.5974194863470352,46.40384068278805,85.53933143669985,184.12813545150502,0.0043888864587637785,0.03759298154504137,0.9375,4,0.0083447244847622,none,20,20,0,0,0.0,0.0,17050257,videos/recovery/eval_50257_low__natural_conflict.mp4,af621bf135b2d19e13316408c1ae7e19948aaa4c4cf88eb74ae9d823e6272d58
eval_50257_low,eval_50257_low,full_matched_edit,low,0.02153389677520779,0.015972799900981972,0.016125292667880667,-0.005561096874225818,0.972578653034178,True,,E3_pass,-0.6046613096155052,200.67676446329682,48.07575322812052,49.4405198019802,0.00035720454349763846,0.01626038175248075,1.0,0,0.0034793794340063355,after_block_1,20,20,1088,0,1.0,375.0260485198538,17050257,videos/recovery/eval_50257_low__full_matched_edit.mp4,9369e2587e288496c4d43fdb98e48d7c7103ba87e2c4269c615a780eab1846ad
eval_50257_low,eval_50257_low,top2_oracle_projection,low,0.02153389677520779,0.015972799900981972,0.01544603837162375,-0.005561096874225818,1.094722595428902,True,,E3_pass,-0.6059709438479106,198.86721373632327,47.36483412085302,48.7925767451117,0.0003565968600424798,0.015379392743124875,1.0,0,0.003154675902562243,after_block_1,20,20,1088,0,1.0022815498887996,374.6885007892079,17050257,videos/recovery/eval_50257_low__top2_oracle_projection.mp4,2256776d6b12f33aa06327b7108bf6c0bbb2413755636f7d9fb5200ba72e378b
eval_50257_low,eval_50257_low,fit_only_controller,low,0.02153389677520779,0.015972799900981972,0.015410515509564762,-0.005561096874225818,1.101110339225207,True,,E3_pass,-0.6052387548255123,198.77941176470588,47.43884497145366,48.88394817742643,0.0003741695788051524,0.015368060712398962,1.0,0,0.003154675902562243,after_block_1,20,20,1088,0,1.0022815498887996,374.2662658691406,17050257,videos/recovery/eval_50257_low__fit_only_controller.mp4,1252fcee1d563cc8238fd47dee51e54a0c1cf39a31202165053ced6cd10cd0d4
eval_50261_high,eval_50261_high,natural_conflict,high,0.04466946726420603,0.06520221574624219,0.04466946726420603,0.020532748482036157,0.0,True,,E3_fail,-0.5370528040011865,168.98260204081635,47.513733717129334,50.89611858729506,0.006640048334487182,0.037543541206169186,1.0,0,0.019136323290280588,none,20,20,0,0,0.0,0.0,17050261,videos/recovery/eval_50261_high__natural_conflict.mp4,516af44eb09dab8754f57c2455d339f133e7ad5a65c2178240428fc5cd3e9589
eval_50261_high,eval_50261_high,full_matched_edit,high,0.04466946726420603,0.06520221574624219,0.06461326900628603,0.020532748482036157,0.9713167119116362,True,,E3_pass,0.6156702112845868,46.918548505096815,91.69499539806719,197.23920289855073,0.0007969199113967538,0.06543195992663335,1.0,0,0.0135262274201019,after_block_1,20,20,1088,0,1.0,369.9472145171298,17050261,videos/recovery/eval_50261_high__full_matched_edit.mp4,92e0b3c80fe55fac3703c3843ba302d58d7fe9684a018e8c856881cc2ff97067
eval_50261_high,eval_50261_high,top2_oracle_projection,high,0.04466946726420603,0.06520221574624219,0.06421658890044382,0.020532748482036157,0.9519973253137213,True,,E3_fail,0.614563779768378,47.16392604979562,91.98655120220342,197.56619309392923,0.000774225468250736,0.06499163884578503,1.0,0,0.011600436883754672,after_block_1,20,20,1088,0,1.0022815498887996,370.169695157525,17050261,videos/recovery/eval_50261_high__top2_oracle_projection.mp4,79aadb2641da635d58f6bc4542b2f7d9994d3ba8cb8e3a14ced54d7f2a213fcc
eval_50261_high,eval_50261_high,fit_only_controller,high,0.04466946726420603,0.06520221574624219,0.06428650726883206,0.020532748482036157,0.9554025376480276,True,,E3_fail,0.616237716609961,46.908176328502414,91.96054328856513,197.55657885343044,0.0007442072064752016,0.0649929925475978,1.0,0,0.011600436883754672,after_block_1,20,20,1088,0,1.0022815498887996,370.53021240234375,17050261,videos/recovery/eval_50261_high__fit_only_controller.mp4,2547408fb7db8ee4a09f33c0e74e6881661e7c90f800b6df76107491898182fa
eval_50276_high,eval_50276_high,natural_conflict,high,0.04405186347690187,0.06584968180532542,0.044051863476901876,0.021797818328423556,0.0,True,,E3_fail,-0.5294689552682075,166.88761780104713,47.47599254518257,51.34187581006245,0.006824107733400375,0.03790787315247278,1.0,0,0.02166539491841879,none,20,20,0,0,0.0,0.0,17050276,videos/recovery/eval_50276_high__natural_conflict.mp4,a7a111aae7eb0eba6ef47ea80921100e724ad7eb1c50e8039cf7b9d4f309fdfa
eval_50276_high,eval_50276_high,full_matched_edit,high,0.04405186347690187,0.06584968180532542,0.06509427415331882,0.021797818328423556,0.9653448046669159,True,,E3_pass,0.6122857958472202,47.67117729831145,92.9126213592233,198.23767405512928,0.000964138333124289,0.06464057247639529,1.0,0,0.012205024257725627,after_block_1,20,20,1088,0,1.0,370.237176545824,17050276,videos/recovery/eval_50276_high__full_matched_edit.mp4,fd6ab7346dc28a60e9c806e3d88219930b4632ae1e4d36a18c420c907771f2e8
eval_50276_high,eval_50276_high,top2_oracle_projection,high,0.04405186347690187,0.06584968180532542,0.06516323248816266,0.021797818328423556,0.9685083476327695,True,,E3_pass,0.611153320798559,47.68038553538764,92.72799471344467,197.55964394516374,0.0009692312459453232,0.06441547312348779,1.0,0,0.012497598850605973,after_block_1,20,20,1088,0,1.0022815498887996,370.46955188832965,17050276,videos/recovery/eval_50276_high__top2_oracle_projection.mp4,a81c6fecfbb1078624b0d596e1584b8a0ea17352ca8f7cde565480bfae4fbc5a
eval_50276_high,eval_50276_high,fit_only_controller,high,0.04405186347690187,0.06584968180532542,0.06513890169156637,0.021797818328423556,0.9673921443398663,True,,E3_pass,0.61153713300107,47.58495145631068,92.69296116504854,197.40603995519044,0.0009161240586800318,0.06442291617674514,1.0,0,0.012592666754352111,after_block_1,20,20,1088,0,1.0022815498887996,370.63665771484375,17050276,videos/recovery/eval_50276_high__fit_only_controller.mp4,f49a857bc4bb9166b30d89d2f52147e28789247ae6353c4adcccbbd23f4fc2cc
eval_50281_low,eval_50281_low,natural_conflict,low,0.018680592288138755,0.013101727313543714,0.01868059228813875,-0.005578864974595041,0.0,True,,E3_fail,0.6023254594722453,44.92355272639923,83.5524861878453,181.00769581056466,0.004770231561944705,0.03684953469482568,0.9375,4,0.006680861320906395,none,20,20,0,0,0.0,0.0,17050281,videos/recovery/eval_50281_low__natural_conflict.mp4,f3f9a507112ab05292f5c149377b506b8ec52f04657bbf9f7d511bb56d5ac504
eval_50281_low,eval_50281_low,full_matched_edit,low,0.018680592288138755,0.013101727313543714,0.013476635222840021,-0.005578864974595041,0.9327985332135554,True,,E3_pass,-0.5984561612035404,200.98536585365855,48.51475535903105,50.48898887913374,0.00032083038447603323,0.013475279857969943,1.0,0,0.0030133263707451396,after_block_1,20,20,1088,0,1.0,374.20477546960063,17050281,videos/recovery/eval_50281_low__full_matched_edit.mp4,5f5ee92ed372e6ac6bf821dc4e2a578f4d95b2b6964c0ff4d6ac3a88095bfd87
eval_50281_low,eval_50281_low,top2_oracle_projection,low,0.018680592288138755,0.013101727313543714,0.012907563201832449,-0.005578864974595041,1.0348035151586294,True,,E3_pass,-0.5972129455496713,199.7584756097561,48.42055236728838,50.37532923617208,0.0004006571413302855,0.012850106305763971,1.0,0,0.0028295982990125257,after_block_1,20,20,1088,0,1.0022815498887996,374.2835253607135,17050281,videos/recovery/eval_50281_low__top2_oracle_projection.mp4,e10391e5dd0f0eed7f70a6cf7fc44be88a7ac4f5dc00130e3909420c123d3206
eval_50281_low,eval_50281_low,fit_only_controller,low,0.018680592288138755,0.013101727313543714,0.013083770309329836,-0.005578864974595041,1.003218755839342,True,,E3_pass,-0.5969503219172448,199.78587666950838,48.43882067390063,50.42338022165388,0.00039864374629101977,0.012918088622779968,1.0,0,0.0028225617837374095,after_block_1,20,20,1088,0,1.0022815498887996,374.103515625,17050281,videos/recovery/eval_50281_low__fit_only_controller.mp4,2fa82d26d7465068c56c380f6dbf53e1f8e4d3f03beb07ca9bb121c0d97ace99
eval_50282_high,eval_50282_high,natural_conflict,high,0.04546000765234416,0.0657871150269394,0.04546000765234416,0.02032710737459524,0.0,True,,E3_fail,-0.5287481632077349,168.16379734988425,47.495252165568104,51.83816425120773,0.006426381144043584,0.03776815427746962,1.0,0,0.020131045786728197,none,20,20,0,0,0.0,0.0,17050282,videos/recovery/eval_50282_high__natural_conflict.mp4,4196f94b91aace8c8adc3afabe5d6db3c58697e015cc64c99897ef507324bff4
eval_50282_high,eval_50282_high,full_matched_edit,high,0.04546000765234416,0.0657871150269394,0.06486951553323606,0.02032710737459524,0.9548583339088296,True,,E3_pass,0.6122855497370394,47.71070527454043,92.92323170731707,198.40189250035178,0.0009859095029295163,0.0651529721136759,1.0,0,0.013373299883155387,after_block_1,20,20,1088,0,1.0,369.8302319507537,17050282,videos/recovery/eval_50282_high__full_matched_edit.mp4,9d305b0bdfe9c1272636344f1edac9bcd7bc6d086ca6ae03d222ba75c0558bd8
eval_50282_high,eval_50282_high,top2_oracle_projection,high,0.04546000765234416,0.0657871150269394,0.06444887257999278,0.02032710737459524,0.9341646392531406,True,,E3_pass,0.6126850832935488,47.9247572815534,93.46385226080213,199.5470297029703,0.0009111712752558168,0.06473559448959798,1.0,0,0.013055456951077793,after_block_1,20,20,1088,0,1.0022815498887996,370.04803852567164,17050282,videos/recovery/eval_50282_high__top2_oracle_projection.mp4,119ff0e9c753449bbada0f43607c1f7e7a8d97d6492f25a4717e4524609a5d89
eval_50282_high,eval_50282_high,fit_only_controller,high,0.04546000765234416,0.0657871150269394,0.06448777710109432,0.02032710737459524,0.9360785623896006,True,,E3_pass,0.6135397274758067,47.78893601979498,93.32594127397584,199.5272277227723,0.0009400330285525244,0.06473764217856226,1.0,0,0.013055456951077793,after_block_1,20,20,1088,0,1.0022815498887996,370.5362243652344,17050282,videos/recovery/eval_50282_high__fit_only_controller.mp4,8af9e9b621c27adfec4aa6505a4c99cf104c015187d9660313e0e768c02d184b
eval_50288_low,eval_50288_low,natural_conflict,low,0.015021985920547421,0.003203717091866532,0.015021985920547414,-0.01181826882868089,0.0,True,,E3_fail,0.5708144728782586,41.98369058713887,72.85502907971262,153.65986183502935,0.004240002731826412,0.03580754004022446,0.90625,6,0.006903201139266457,none,20,20,0,0,0.0,0.0,17050288,videos/recovery/eval_50288_low__natural_conflict.mp4,db4229382dce6cb754ec550044a2c4ff90f7ea809ebf87facb9530865ad53a82
eval_50288_low,eval_50288_low,full_matched_edit,low,0.015021985920547421,0.003203717091866532,0.0028863782140591513,-0.01181826882868089,1.0268515535064877,True,,E3_pass,-0.6019411247385722,200.0394151077433,48.1220197044335,49.70686085528664,0.00034982998677495245,0.003431101499564021,1.0,0,0.0015481569311002197,after_block_1,20,20,1088,0,1.0,374.6556473739798,17050288,videos/recovery/eval_50288_low__full_matched_edit.mp4,80586fd373b01ba01f41ca3c4883f34b223940aad427a8dd27fd51058cbda982
eval_50288_low,eval_50288_low,top2_oracle_projection,low,0.015021985920547421,0.003203717091866532,0.003771679434390383,-0.01181826882868089,0.9519420017637858,True,,E3_pass,-0.6008372175132037,202.23886350656767,48.732215299913065,50.427505433470174,0.00036581663810693294,0.00432158967865641,1.0,0,0.0014262527313412265,after_block_1,20,20,1088,0,1.0022815498887996,374.0919193240106,17050288,videos/recovery/eval_50288_low__top2_oracle_projection.mp4,4fb7895b51fee34aea5689b27c8b690963c146ff48203ab213caf9eae61b177d
eval_50288_low,eval_50288_low,fit_only_controller,low,0.015021985920547421,0.003203717091866532,0.003676144081359926,-0.01181826882868089,0.9600257028891664,True,,E3_pass,-0.6021374166642018,202.16232010045397,48.525717533390164,50.20344827586207,0.00040122974852118255,0.004270098303048719,1.0,0,0.0019350990217131825,after_block_1,20,20,1088,0,1.0022815498887996,375.2926940917969,17050288,videos/recovery/eval_50288_low__fit_only_controller.mp4,fadfff019dba265e7ca8f95810f0c904e3fafdaaf4d2a516b54c5a6c10579da2
eval_50292_low,eval_50292_low,natural_conflict,low,0.014286287997302681,0.003662082535451897,0.014286287997302683,-0.010624205461850784,0.0,True,,E3_fail,0.5694289686884845,42.63529411764706,71.58227848101266,155.40540540540542,0.004273663642305609,0.035494471130400156,0.921875,5,0.005950339798856508,none,20,20,0,0,0.0,0.0,17050292,videos/recovery/eval_50292_low__natural_conflict.mp4,07b30a2949646d093103a5ef7a598476b7453799512883272dd7584fc6bcf6b6
eval_50292_low,eval_50292_low,full_matched_edit,low,0.014286287997302681,0.003662082535451897,0.0035144074736050517,-0.010624205461850784,1.0138998687833283,True,,E3_pass,-0.6018448791682431,200.99826613096093,48.676521430262845,49.960199004975124,0.00035830165486396394,0.0037388091712650547,1.0,0,0.0012474378098117356,after_block_1,20,20,1088,0,1.0,375.0502756008709,17050292,videos/recovery/eval_50292_low__full_matched_edit.mp4,0bad0c9b3cf9595590fdf12194046400c257c7acd2f7948e06d89baa6bf6b913
eval_50292_low,eval_50292_low,top2_oracle_projection,low,0.014286287997302681,0.003662082535451897,0.004486147728536042,-0.010624205461850784,0.9224351226975811,True,,E3_pass,-0.5976913136129459,201.419716448396,49.169117647058826,50.71874701099952,0.00033753705732490085,0.0047240243675344545,1.0,0,0.002215803426581786,after_block_1,20,20,1088,0,1.0022815498887996,374.6457350707264,17050292,videos/recovery/eval_50292_low__top2_oracle_projection.mp4,f400a1205c767cd889de8ddba80ae4b3c38a3ae4ab00d42e8c9323e6d8078ac3
eval_50292_low,eval_50292_low,fit_only_controller,low,0.014286287997302681,0.003662082535451897,0.004378515875284296,-0.010624205461850784,0.9325659370571329,True,,E3_pass,-0.5985181829129522,201.2914103923648,48.98039215686275,50.556097560975616,0.00032434161966294435,0.004687768341292991,1.0,0,0.0019336841688759598,after_block_1,20,20,1088,0,1.0022815498887996,375.12835693359375,17050292,videos/recovery/eval_50292_low__fit_only_controller.mp4,93913286ddccbe68ac24626f7d1b42737eec4a44d46b19d125164e668e367e0b
eval_50298_low,eval_50298_low,natural_conflict,low,0.020953953894182975,0.014955436928192596,0.020953953894182985,-0.005998516965990379,0.0,True,,E3_fail,0.6048736561100142,45.883597883597886,85.44680851063829,186.3641304347826,0.004538819128104862,0.03731455567299647,0.921875,4,0.006324490337584088,none,20,20,0,0,0.0,0.0,17050298,videos/recovery/eval_50298_low__natural_conflict.mp4,ad40af3fffca6078f778892fd03b1dd1cd96d47a0ba2d9ecef122dca1dfc3634
eval_50298_low,eval_50298_low,full_matched_edit,low,0.020953953894182975,0.014955436928192596,0.01510219975267971,-0.005998516965990379,0.9755334818057179,True,,E3_pass,-0.6050295301305672,203.38515710937872,48.81666985508633,50.04962809713807,0.00042600609621341846,0.015357613855287857,1.0,0,0.0029431582246248755,after_block_1,20,20,1088,0,1.0,374.7386381504649,17050298,videos/recovery/eval_50298_low__full_matched_edit.mp4,4ed0470fcb35d49c0e7b359a674e12a308482252927483430b3222b981eeaff7
eval_50298_low,eval_50298_low,top2_oracle_projection,low,0.020953953894182975,0.014955436928192596,0.014303904607441527,-0.005998516965990379,1.1086155668884565,True,,E3_pass,-0.6047549805360568,201.05623581123507,48.400784313725495,49.5193825851302,0.00037706342252342507,0.014606756975007804,1.0,0,0.0031285569501832144,after_block_1,20,20,1088,0,1.0022815498887996,374.64416982504974,17050298,videos/recovery/eval_50298_low__top2_oracle_projection.mp4,1f97c66f5d9409ad7fdf7953a523031636d1f398ea4bafbbeb6cdb388287103d
eval_50298_low,eval_50298_low,fit_only_controller,low,0.020953953894182975,0.014955436928192596,0.014281802069106724,-0.005998516965990379,1.1123002340253703,True,,E3_pass,-0.6031985937761793,201.234838891234,48.58960396039604,49.80684698904673,0.0003568742200074974,0.01465314419876932,1.0,0,0.0029431582246248755,after_block_1,20,20,1088,0,1.0022815498887996,374.1845703125,17050298,videos/recovery/eval_50298_low__fit_only_controller.mp4,123805c1221a51128920f9935c1c91b012d0ae238365027a4aa499b83684e824
eval_50301_high,eval_50301_high,natural_conflict,high,0.0465813219944638,0.06649891624135643,0.0465813219944638,0.019917594246892628,0.0,True,,E3_fail,-0.5312012516642272,169.0172161172161,48.539320884429586,51.74699228911186,0.006790967852765776,0.03728285644037349,1.0,0,0.02161219073751086,none,20,20,0,0,0.0,0.0,17050301,videos/recovery/eval_50301_high__natural_conflict.mp4,ae6fa4de5de27574a8f9f9693692a639c0b4b09d562f73ea0fc86609e0cb65aa
eval_50301_high,eval_50301_high,full_matched_edit,high,0.0465813219944638,0.06649891624135643,0.06607843897733097,0.019917594246892628,0.9788891540407267,True,,E3_pass,0.6165770177953575,46.80148679705455,91.93223108718638,197.32309085841695,0.0012185807669105016,0.06570470836705718,1.0,0,0.014829076243518369,after_block_1,20,20,1088,0,1.0,371.01623936806476,17050301,videos/recovery/eval_50301_high__full_matched_edit.mp4,36a541e3f2b27dbd5d2fcf5e75dff2a5247207e099b891a38d9b52e2384e33f4
eval_50301_high,eval_50301_high,top2_oracle_projection,high,0.0465813219944638,0.06649891624135643,0.06529887817171544,0.019917594246892628,0.9397498485627496,True,,E3_pass,0.6157468332429366,46.939836683417084,92.04433497536945,197.37740384615384,0.0011663332801371308,0.06517119811480707,1.0,0,0.014248017660424273,after_block_1,20,20,1088,0,1.0022815498887996,371.2539108749318,17050301,videos/recovery/eval_50301_high__top2_oracle_projection.mp4,2576b90fbec14c5f4e9100c874d110209f1bded34fa79445d05d0db10fdf3b34
eval_50301_high,eval_50301_high,fit_only_controller,high,0.0465813219944638,0.06649891624135643,0.06520464853447874,0.019917594246892628,0.9350188737236876,True,,E3_pass,0.6160605003071982,47.00246191007061,92.40606915682241,197.84060293571162,0.001149435308517543,0.06514289210911568,1.0,0,0.013945536657840485,after_block_1,20,20,1088,0,1.0022815498887996,370.4838562011719,17050301,videos/recovery/eval_50301_high__fit_only_controller.mp4,77b0bd5db42fc9aef7428f51db9f3b27ff87dbe549e872d5adb30d1188a61e5e
eval_50304_low,eval_50304_low,natural_conflict,low,0.012829311330608033,0.005552155621460983,0.012829311330608028,-0.0072771557091470505,0.0,True,,E3_fail,0.5867099353532713,42.42894223334929,75.05824481357382,162.89388482089848,0.004704381365705698,0.035128181329191654,0.9375,4,0.007257476809817698,none,20,20,0,0,0.0,0.0,17050304,videos/recovery/eval_50304_low__natural_conflict.mp4,6cbd1b9ceae16eb1514c14c39ebdd5d9f0c200a247a5754ed37ed2f00c863f17
eval_50304_low,eval_50304_low,full_matched_edit,low,0.012829311330608033,0.005552155621460983,0.005360469527455582,-0.0072771557091470505,1.0263407987497726,True,,E3_pass,-0.6050746799511888,202.9608557015039,48.74407481439178,49.93810063574984,0.0003319665778382166,0.00540355826968029,1.0,0,0.001426586382584638,after_block_1,20,20,1088,0,1.0,375.90193385991483,17050304,videos/recovery/eval_50304_low__full_matched_edit.mp4,4f13158b33d1a24b224d14a5c815b8a90b06be71d6d5cb6eef43fc1c59687e44
eval_50304_low,eval_50304_low,top2_oracle_projection,low,0.012829311330608033,0.005552155621460983,0.00628079848970171,-0.0072771557091470505,0.8998725742085116,True,,E3_pass,-0.6047913819396189,203.37468624200807,48.9045193687231,50.08465873054594,0.00045926892352383643,0.006111381099242052,1.0,0,0.0021725301578682243,after_block_1,20,20,1088,0,1.0022815498887996,375.799292327304,17050304,videos/recovery/eval_50304_low__top2_oracle_projection.mp4,1c143f40ebf358346a9942e2c59945d1628c7702624cc148c1aeaec7b4ec6918
eval_50304_low,eval_50304_low,fit_only_controller,low,0.012829311330608033,0.005552155621460983,0.00637122212602255,-0.0072771557091470505,0.8874468903376579,True,,E3_pass,-0.6023921596402493,203.3398058252427,48.95873786407767,50.45550214842328,0.0004556118012212567,0.00613757348131905,1.0,0,0.0019622670928510777,after_block_1,20,20,1088,0,1.0022815498887996,374.78167724609375,17050304,videos/recovery/eval_50304_low__fit_only_controller.mp4,f46009542f56c7c9b2948ea76ba2a30c703ca9a8e76e405261089f507e5bbae2
eval_50311_high,eval_50311_high,natural_conflict,high,0.04432851709989645,0.0633308975598246,0.04432851709989645,0.01900238045992815,0.0,True,,E3_fail,-0.529125672735672,166.65119870184253,48.1073999806726,51.31806526806527,0.006248726690585771,0.03799919295103362,1.0,0,0.017569963257128562,none,20,20,0,0,0.0,0.0,17050311,videos/recovery/eval_50311_high__natural_conflict.mp4,c6cfd62e356e6fc220d05b5b5c207e7695c4baa03116b039dd807339b3ca302a
eval_50311_high,eval_50311_high,full_matched_edit,high,0.04432851709989645,0.0633308975598246,0.062196160620074145,0.01900238045992815,0.9402844847705598,True,,E3_pass,0.6184568761600762,47.3295021892252,93.35775298730395,200.76566311157876,0.0009947225961780995,0.06252734618228406,1.0,0,0.013908760324062852,after_block_1,20,20,1088,0,1.0,370.78314929810927,17050311,videos/recovery/eval_50311_high__full_matched_edit.mp4,5443e884f99d3701158ee6fd76192a7a7ad10d8c2a32422615ec29c8bb8ae64f
eval_50311_high,eval_50311_high,top2_oracle_projection,high,0.04432851709989645,0.0633308975598246,0.062857495762776,0.01900238045992815,0.9750872371992074,True,,E3_pass,0.6187630676791922,47.13906339234723,93.03682566382315,200.15630280098048,0.0009999831593595421,0.06286668907854923,1.0,0,0.014179303641054242,after_block_1,20,20,1088,0,1.0022815498887996,371.0191425892297,17050311,videos/recovery/eval_50311_high__top2_oracle_projection.mp4,82fc1a52344c241bf046ed63812d05a081303e69f4c0d4ee2336a9aab66830c8
eval_50311_high,eval_50311_high,fit_only_controller,high,0.04432851709989645,0.0633308975598246,0.06288089169048006,0.01900238045992815,0.9763184475601092,True,,E3_pass,0.6183007693742251,47.200980392156865,93.08383996155233,200.11930010604453,0.0009737419839473649,0.06285773191452963,1.0,0,0.014179303641054242,after_block_1,20,20,1088,0,1.0022815498887996,370.99444580078125,17050311,videos/recovery/eval_50311_high__fit_only_controller.mp4,8fc3298273dc342cc06ad64a9a40d2126d95c09ea390b5318d33ee04fcf345fd
eval_50316_low,eval_50316_low,natural_conflict,low,0.021614204176859934,0.01578288997628444,0.021614204176859917,-0.005831314200575494,0.0,True,,E3_fail,0.6038942841355951,46.10927861659569,86.79580378250591,186.703714328854,0.004178273689044742,0.037648076716559904,0.90625,4,0.008333333333333304,none,20,20,0,0,0.0,0.0,17050316,videos/recovery/eval_50316_low__natural_conflict.mp4,b68ea462a2586e08c78a070b910b87b3b2b411e4d2c83cd9ad61de8c068a3041
eval_50316_low,eval_50316_low,full_matched_edit,low,0.021614204176859934,0.01578288997628444,0.016034622919307358,-0.005831314200575494,0.9568308387501956,True,,E3_pass,-0.6031975267789593,202.10335215667428,48.59027777777778,50.02197710668475,0.00041142741129210976,0.016398127854557163,1.0,0,0.0035476634559477027,after_block_1,20,20,1088,0,1.0,374.77530655504796,17050316,videos/recovery/eval_50316_low__full_matched_edit.mp4,c342c809dc52c3677e604a22cff76eea0384105f97c343b6c8842c306a78cfb3
eval_50316_low,eval_50316_low,top2_oracle_projection,low,0.021614204176859934,0.01578288997628444,0.015161563036448604,-0.005831314200575494,1.1065500706126445,True,,E3_pass,-0.6041650351168981,200.1126907073509,47.99514633439583,49.37870989878195,0.00040351784211342,0.015459963938640887,1.0,0,0.0033511754042956365,after_block_1,20,20,1088,0,1.0022815498887996,374.4882757240721,17050316,videos/recovery/eval_50316_low__top2_oracle_projection.mp4,07eef472d14207ab3e03d976e9664bfa79895f28b989e6a2286b88750cb62282
eval_50316_low,eval_50316_low,fit_only_controller,low,0.021614204176859934,0.01578288997628444,0.015190924368527876,-0.005831314200575494,1.1015149565595594,True,,E3_pass,-0.6034435113152189,200.0353692701541,48.04686128182617,49.47185422545316,0.00037916750341644993,0.015503151294036262,1.0,0,0.0030670058090035424,after_block_1,20,20,1088,0,1.0022815498887996,374.29217529296875,17050316,videos/recovery/eval_50316_low__fit_only_controller.mp4,2fa5646a281a12105d25204360fbee88f9770603251f5628db9ea1ba921f9cb9
