source,receiver_id,condition,gravity_true,gravity_hat_e3,gravity_hat_e0,fit_rmse,valid,invalid_reasons,detected_frames,detector_coverage,max_missing_run,max_adjacent_y_jump,future_r,future_g,future_b,future_color_coordinate
natural_model,eval_50000_high,aligned,0.06511387887451758,0.06537975040105169,0.06496229046980301,0.0006302204922079645,True,,64,1.0,,,,,,blue
natural_model,eval_50000_high,conflict,0.06511387887451758,0.04551214046886443,0.038028768270499384,0.006361287493167457,True,,64,1.0,,,,,,red
natural_model,eval_50001_high,aligned,0.0647655897226971,0.06423034044593043,0.06453609875485217,0.0006404477524038517,True,,64,1.0,,,,,,blue
natural_model,eval_50001_high,conflict,0.0647655897226971,0.04343978090784923,0.03783307354920225,0.006841126797904048,True,,64,1.0,,,,,,red
natural_model,eval_50003_high,aligned,0.06533233898124247,0.06421369918563438,0.06480655426796994,0.0006828988448204831,True,,64,1.0,,,,,,blue
natural_model,eval_50003_high,conflict,0.06533233898124247,0.04472196141257921,0.03788680210831678,0.0065284880064298565,True,,64,1.0,,,,,,red
natural_model,eval_50005_low,aligned,0.007266470942510986,0.006862231475129824,0.006709604858169602,0.0003215018827078904,True,,64,1.0,,,,,,red
natural_model,eval_50005_low,conflict,0.007266470942510986,0.014106756028437886,0.035654708820409824,0.004641063668491038,True,,58,0.90625,,,,,,blue
natural_model,eval_50006_high,aligned,0.0668358973637735,0.06706056202760094,0.06628481222219844,0.0006764491880386985,True,,64,1.0,,,,,,blue
natural_model,eval_50006_high,conflict,0.0668358973637735,0.045893383508780514,0.03746269426860895,0.006194867995291845,True,,64,1.0,,,,,,red
natural_model,eval_50007_high,aligned,0.0611354978442743,0.06107342772387357,0.0609015872207139,0.0004818317943819676,True,,64,1.0,,,,,,blue
natural_model,eval_50007_high,conflict,0.0611354978442743,0.04209568892337086,0.03806794348439774,0.006621082089593823,True,,64,1.0,,,,,,red
natural_model,eval_50009_high,aligned,0.06292371888632753,0.06314309382393411,0.0626952793361542,0.0004790876341216623,True,,64,1.0,,,,,,blue
natural_model,eval_50009_high,conflict,0.06292371888632753,0.0439453853998427,0.03784789078054383,0.00681949871765248,True,,64,1.0,,,,,,red
natural_model,eval_50013_low,aligned,0.017414317598493944,0.01721655984396899,0.017324277031535048,0.00035505170153670427,True,,64,1.0,,,,,,red
natural_model,eval_50013_low,conflict,0.017414317598493944,0.022181953574899,0.03746522767954904,0.0038745704485249398,True,,60,0.9375,,,,,,blue
natural_model,eval_50014_high,aligned,0.06461412859500178,0.0649111250286957,0.0646349058707247,0.0006075236658907978,True,,64,1.0,,,,,,blue
natural_model,eval_50014_high,conflict,0.06461412859500178,0.04385402825832608,0.03794867822089231,0.006737540893534544,True,,64,1.0,,,,,,red
natural_model,eval_50015_high,aligned,0.06669411667584542,0.06648457895058407,0.0663937701511079,0.0006094665708078774,True,,64,1.0,,,,,,blue
natural_model,eval_50015_high,conflict,0.06669411667584542,0.0450669857995652,0.0374749026385431,0.006041316692099983,True,,64,1.0,,,,,,red
natural_model,eval_50016_high,aligned,0.06640241906099656,0.06579045670406226,0.06607234361982063,0.0006081972220717433,True,,64,1.0,,,,,,blue
natural_model,eval_50016_high,conflict,0.06640241906099656,0.04484699642376828,0.0378186492135166,0.006428048309302658,True,,64,1.0,,,,,,red
natural_model,eval_50022_low,aligned,0.016146214477300393,0.0157886463276882,0.016000455425912375,0.00040739089331876877,True,,64,1.0,,,,,,red
natural_model,eval_50022_low,conflict,0.016146214477300393,0.021072786592906158,0.03743585570628684,0.004220648394092239,True,,60,0.9375,,,,,,blue
natural_model,eval_50032_low,aligned,0.013768197958166802,0.014036727638646569,0.01353030674359767,0.0002996240966793208,True,,64,1.0,,,,,,red
natural_model,eval_50032_low,conflict,0.013768197958166802,0.0199338228521074,0.03721430825351002,0.004213226943356457,True,,58,0.90625,,,,,,blue
natural_model,eval_50034_low,aligned,0.01684377991700454,0.016669812988946955,0.016644629636864684,0.00044175574407495264,True,,64,1.0,,,,,,red
natural_model,eval_50034_low,conflict,0.01684377991700454,0.02151181316634574,0.03706685532952816,0.00409061944421866,True,,60,0.9375,,,,,,blue
natural_model,eval_50035_high,aligned,0.06239539571464667,0.06241942170244177,0.06215635423389159,0.0005588109361031232,True,,64,1.0,,,,,,blue
natural_model,eval_50035_high,conflict,0.06239539571464667,0.04199763407530599,0.03800311000474922,0.006391820784959813,True,,64,1.0,,,,,,red
natural_model,eval_50038_high,aligned,0.06492680178141044,0.06420013772039576,0.06466149905658103,0.0007582264316420567,True,,64,1.0,,,,,,blue
natural_model,eval_50038_high,conflict,0.06492680178141044,0.04459219497539726,0.03810283804555674,0.006793459753112647,True,,64,1.0,,,,,,red
natural_model,eval_50039_high,aligned,0.06307950006510864,0.06327814204366201,0.0629809313527315,0.0005525254988447396,True,,64,1.0,,,,,,blue
natural_model,eval_50039_high,conflict,0.06307950006510864,0.04365775820790723,0.03764167196259965,0.006418690463584133,True,,64,1.0,,,,,,red
natural_model,eval_50044_low,aligned,0.017074621849459255,0.01776176180372728,0.016981739591641964,0.0003677515942889032,True,,64,1.0,,,,,,red
natural_model,eval_50044_low,conflict,0.017074621849459255,0.022721826133799358,0.03735792108396925,0.0041614414691936484,True,,60,0.9375,,,,,,blue
natural_model,eval_50047_low,aligned,0.01691397692932508,0.01676586524119642,0.01677268505546336,0.00039152904066951853,True,,64,1.0,,,,,,red
natural_model,eval_50047_low,conflict,0.01691397692932508,0.023563188214477223,0.038057807849905416,0.003765954926948597,True,,58,0.90625,,,,,,blue
natural_model,eval_50051_low,aligned,0.012301009529250995,0.012337148102211454,0.012092110439046393,0.0003462965853964115,True,,64,1.0,,,,,,red
natural_model,eval_50051_low,conflict,0.012301009529250995,0.019218936279512284,0.037703844464516634,0.004785578298060725,True,,58,0.90625,,,,,,blue
natural_model,eval_50053_low,aligned,0.018471270957218754,0.018120805768325563,0.018276412819989745,0.00039998943763322085,True,,64,1.0,,,,,,red
natural_model,eval_50053_low,conflict,0.018471270957218754,0.023268571899069068,0.03736786600932719,0.003824601368575633,True,,60,0.9375,,,,,,blue
natural_model,eval_50055_high,aligned,0.06639095284066318,0.0663863306202967,0.06600788048197737,0.0005358566298878174,True,,64,1.0,,,,,,blue
natural_model,eval_50055_high,conflict,0.06639095284066318,0.04536040236764643,0.037496284805300345,0.00626863429335303,True,,64,1.0,,,,,,red
natural_model,eval_50057_low,aligned,0.014935684726966734,0.014950428534915563,0.014841339963911565,0.00041823291460863806,True,,64,1.0,,,,,,red
natural_model,eval_50057_low,conflict,0.014935684726966734,0.02030278086953838,0.03711915754234123,0.004519219009204846,True,,60,0.9375,,,,,,blue
natural_model,eval_50060_low,aligned,0.005894401651397412,0.006003853321373581,0.005739209464598333,0.0003136730570732485,True,,64,1.0,,,,,,red
natural_model,eval_50060_low,conflict,0.005894401651397412,0.01102143680323288,0.035388424923771616,0.004714414694754176,True,,60,0.9375,,,,,,blue
natural_model,eval_50062_low,aligned,0.015377360985167936,0.015441378394107218,0.015246416701047004,0.0003406631306453641,True,,64,1.0,,,,,,red
natural_model,eval_50062_low,conflict,0.015377360985167936,0.020372243653159545,0.03695452116091211,0.004495041881651907,True,,60,0.9375,,,,,,blue
natural_model,eval_50064_low,aligned,0.008894758105679055,0.00889751618245465,0.008897666755325878,0.00029260637337025675,True,,64,1.0,,,,,,red
natural_model,eval_50064_low,conflict,0.008894758105679055,0.01464795857377075,0.03564866365011128,0.0048610088064184155,True,,60,0.9375,,,,,,blue
natural_model,eval_50065_low,aligned,0.01636905420938832,0.015943696090709412,0.016125518314214944,0.00036707969140838207,True,,64,1.0,,,,,,red
natural_model,eval_50065_low,conflict,0.01636905420938832,0.02429702881933679,0.03828150118941604,0.003622963879578598,True,,58,0.90625,,,,,,blue
natural_model,eval_50067_low,aligned,0.01709998591120215,0.017172965214373385,0.017044648795041487,0.0004016829487909026,True,,64,1.0,,,,,,red
natural_model,eval_50067_low,conflict,0.01709998591120215,0.022191077681429767,0.037234660298167264,0.0038799065900938278,True,,60,0.9375,,,,,,blue
natural_model,eval_50068_low,aligned,0.008302576929119301,0.007920066725133592,0.008006446581804277,0.00034542799748775373,True,,64,1.0,,,,,,red
natural_model,eval_50068_low,conflict,0.008302576929119301,0.013534094725205234,0.03554462125479145,0.005028865883710745,True,,60,0.9375,,,,,,blue
natural_model,eval_50071_low,aligned,0.005281390764774366,0.005301204886937605,0.0051298332741402525,0.00030964687276712464,True,,64,1.0,,,,,,red
natural_model,eval_50071_low,conflict,0.005281390764774366,0.014975096701406117,0.03632750047983988,0.004250749179200593,True,,58,0.90625,,,,,,blue
natural_model,eval_50072_high,aligned,0.06192391276905204,0.061672979432633945,0.06169078416704895,0.00044430677824479646,True,,64,1.0,,,,,,blue
natural_model,eval_50072_high,conflict,0.06192391276905204,0.0428853601537799,0.037653858884692096,0.006717208225213359,True,,64,1.0,,,,,,red
natural_model,eval_50073_high,aligned,0.06509883693868776,0.0652522673377784,0.06510786542813511,0.0005950471982187036,True,,64,1.0,,,,,,blue
natural_model,eval_50073_high,conflict,0.06509883693868776,0.04442093303796729,0.037852318802542306,0.006583107656272313,True,,64,1.0,,,,,,red
natural_model,eval_50075_high,aligned,0.06533152385043917,0.06521394568828351,0.06507643730557523,0.0005967623609742358,True,,64,1.0,,,,,,blue
natural_model,eval_50075_high,conflict,0.06533152385043917,0.045029253521467354,0.03772413563591748,0.006399937459302502,True,,64,1.0,,,,,,red
natural_model,eval_50076_high,aligned,0.06567481243204965,0.06429090713689196,0.06520505581864557,0.0008141451171383762,True,,64,1.0,,,,,,blue
natural_model,eval_50076_high,conflict,0.06567481243204965,0.044587682366255356,0.03769912187764518,0.006369176123177067,True,,64,1.0,,,,,,red
natural_model,eval_50077_low,aligned,0.0035135063064422093,0.003303548727835502,0.0035003867464364516,0.0003363181968477273,True,,64,1.0,,,,,,red
natural_model,eval_50077_low,conflict,0.0035135063064422093,0.012065441435687753,0.035644422634922485,0.00506438779215836,True,,59,0.921875,,,,,,blue
natural_model,eval_50081_low,aligned,0.003831881469574032,0.003263436451231198,0.0036569964871341707,0.000369463067089424,True,,64,1.0,,,,,,red
natural_model,eval_50081_low,conflict,0.003831881469574032,0.010129783627780083,0.03367936503746581,0.004702900385058132,True,,62,0.96875,,,,,,blue
natural_model,eval_50083_low,aligned,0.005897655666465315,0.006227945373117139,0.005708812995329019,0.0003359595107397656,True,,64,1.0,,,,,,red
natural_model,eval_50083_low,conflict,0.005897655666465315,0.013566626078742412,0.03583481858715154,0.004882505654695034,True,,60,0.9375,,,,,,blue
natural_model,eval_50084_low,aligned,0.005143582295106868,0.004945824665685711,0.005067379420484291,0.00034469000002259297,True,,64,1.0,,,,,,red
natural_model,eval_50084_low,conflict,0.005143582295106868,0.01290354126472237,0.03523167481442629,0.004624978238611513,True,,60,0.9375,,,,,,blue
natural_model,eval_50087_low,aligned,0.01690623040688922,0.016692213468151106,0.016772281292661798,0.00041205348276609967,True,,64,1.0,,,,,,red
natural_model,eval_50087_low,conflict,0.01690623040688922,0.023179238693669325,0.03737684992111801,0.003711084734825864,True,,60,0.9375,,,,,,blue
natural_model,eval_50090_high,aligned,0.06605962062435757,0.06554163836606282,0.06560445312286464,0.0004892091794737236,True,,64,1.0,,,,,,blue
natural_model,eval_50090_high,conflict,0.06605962062435757,0.04384812553149915,0.03759458524735393,0.00651255092366122,True,,64,1.0,,,,,,red
natural_model,eval_50092_high,aligned,0.06337247545209575,0.06299375206378395,0.06303249772520096,0.0004786180830428735,True,,64,1.0,,,,,,blue
natural_model,eval_50092_high,conflict,0.06337247545209575,0.04388418563791719,0.037781597381121995,0.006664741978773163,True,,64,1.0,,,,,,red
natural_model,eval_50093_high,aligned,0.06323874247208118,0.06319719719025313,0.06301196629254052,0.00038130135065971466,True,,64,1.0,,,,,,blue
natural_model,eval_50093_high,conflict,0.06323874247208118,0.04372669097072398,0.037787752781843945,0.006467370791666332,True,,64,1.0,,,,,,red
natural_model,eval_50094_low,aligned,0.013824462996421386,0.01330545647404268,0.013326967462860623,0.0003337408214488352,True,,64,1.0,,,,,,red
natural_model,eval_50094_low,conflict,0.013824462996421386,0.020151873612454997,0.03691880532709726,0.004133015035432239,True,,60,0.9375,,,,,,blue
natural_model,eval_50095_low,aligned,0.014056197202487321,0.013941863983291924,0.014005524932858648,0.00039700234256766014,True,,64,1.0,,,,,,red
natural_model,eval_50095_low,conflict,0.014056197202487321,0.01869353883083034,0.036708164493260725,0.004823534116018473,True,,60,0.9375,,,,,,blue
natural_model,eval_50097_high,aligned,0.06695300996135099,0.06591974524422596,0.06609660663606248,0.0004972531419720941,True,,64,1.0,,,,,,blue
natural_model,eval_50097_high,conflict,0.06695300996135099,0.045494863408235754,0.03729228857190618,0.006039505213223396,True,,64,1.0,,,,,,red
natural_model,eval_50101_high,aligned,0.06469713758472403,0.06491845438529864,0.06474246687108892,0.0006538095089586478,True,,64,1.0,,,,,,blue
natural_model,eval_50101_high,conflict,0.06469713758472403,0.043423260898606444,0.037660966406823704,0.006612534502553425,True,,64,1.0,,,,,,red
natural_model,eval_50106_high,aligned,0.06452919097333171,0.06468748950413072,0.06430901946151533,0.0004989338352828505,True,,64,1.0,,,,,,blue
natural_model,eval_50106_high,conflict,0.06452919097333171,0.04471388171772714,0.03771587918526317,0.0063466402361646,True,,64,1.0,,,,,,red
natural_model,eval_50109_high,aligned,0.06580264701000049,0.06498294558342321,0.06545735360560256,0.0007231731044013128,True,,64,1.0,,,,,,blue
natural_model,eval_50109_high,conflict,0.06580264701000049,0.043814237386552546,0.037857988763208915,0.006258358964955646,True,,64,1.0,,,,,,red
natural_model,eval_50110_low,aligned,0.015194542695484623,0.015076838461815038,0.015106274693532727,0.000350967789725219,True,,64,1.0,,,,,,red
natural_model,eval_50110_low,conflict,0.015194542695484623,0.020252063241660012,0.036970996437789685,0.004409356136585762,True,,60,0.9375,,,,,,blue
natural_model,eval_50112_low,aligned,0.0038718979795054707,0.003788566849331258,0.0037201481055644517,0.00032110960277903917,True,,64,1.0,,,,,,red
natural_model,eval_50112_low,conflict,0.0038718979795054707,0.011833296850183316,0.03443275075770295,0.004508468107668412,True,,60,0.9375,,,,,,blue
natural_model,eval_50115_high,aligned,0.06521975927623197,0.06408591633102229,0.06483232303583958,0.0006917278079473351,True,,64,1.0,,,,,,blue
natural_model,eval_50115_high,conflict,0.06521975927623197,0.044031976809948845,0.03776330898091069,0.0065987228031862515,True,,64,1.0,,,,,,red
natural_model,eval_50118_low,aligned,0.003650014233431919,0.0034237917043662912,0.0035781818252455817,0.00040417997645756575,True,,64,1.0,,,,,,red
natural_model,eval_50118_low,conflict,0.003650014233431919,0.01411105079950164,0.03476820619956144,0.003968234840573105,True,,60,0.9375,,,,,,blue
natural_model,eval_50119_high,aligned,0.0653270328895529,0.06461501012013023,0.06504492202434313,0.0006447486919345415,True,,64,1.0,,,,,,blue
natural_model,eval_50119_high,conflict,0.0653270328895529,0.04368172653812717,0.03755850174621995,0.006650908343751339,True,,64,1.0,,,,,,red
natural_model,eval_50120_high,aligned,0.06538017222884851,0.06549110474644389,0.06521245048871623,0.0006312840939029815,True,,64,1.0,,,,,,blue
natural_model,eval_50120_high,conflict,0.06538017222884851,0.044658069523992,0.037816189936332976,0.0065960834213331515,True,,64,1.0,,,,,,red
natural_model,eval_50121_high,aligned,0.06465023595618206,0.064612771866213,0.0643582375580929,0.0005445660117115931,True,,64,1.0,,,,,,blue
natural_model,eval_50121_high,conflict,0.06465023595618206,0.04445332013113401,0.03779726699679639,0.006627712357225414,True,,64,1.0,,,,,,red
natural_model,eval_50122_high,aligned,0.06572112249168846,0.06603215462204166,0.06562274247606888,0.0005350545255100985,True,,64,1.0,,,,,,blue
natural_model,eval_50122_high,conflict,0.06572112249168846,0.04548321229484729,0.03774859009008988,0.006226126881689144,True,,64,1.0,,,,,,red
natural_model,eval_50124_high,aligned,0.06621672712945674,0.06589035277939922,0.06581181293588165,0.0006857984589073756,True,,64,1.0,,,,,,blue
natural_model,eval_50124_high,conflict,0.06621672712945674,0.0445274586570919,0.03776877631508212,0.006956926372054546,True,,64,1.0,,,,,,red
natural_model,eval_50138_low,aligned,0.0034086348735981294,0.003496285235534627,0.003546071923616299,0.0004827306017271793,True,,64,1.0,,,,,,red
natural_model,eval_50138_low,conflict,0.0034086348735981294,0.010383137401729971,0.03402063079476248,0.004944428959264503,True,,61,0.953125,,,,,,blue
natural_model,eval_50142_low,aligned,0.003419693060143414,0.0030716598287096595,0.0034768076023653396,0.0003381259457756752,True,,64,1.0,,,,,,red
natural_model,eval_50142_low,conflict,0.003419693060143414,0.014618796304525842,0.03538865277285089,0.0040416020226927765,True,,59,0.921875,,,,,,blue
natural_model,eval_50143_high,aligned,0.06531368708892389,0.06501050769424253,0.0652260299702618,0.0007104144966782827,True,,64,1.0,,,,,,blue
natural_model,eval_50143_high,conflict,0.06531368708892389,0.04495694817064788,0.038156882403900624,0.006883044880078306,True,,64,1.0,,,,,,red
natural_model,eval_50144_low,aligned,0.0035365780907056937,0.0033860871956682215,0.003491017596651925,0.00032033360184518866,True,,64,1.0,,,,,,red
natural_model,eval_50144_low,conflict,0.0035365780907056937,0.015143968003329917,0.03557045135696852,0.004248592508545655,True,,59,0.921875,,,,,,blue
natural_model,eval_50146_low,aligned,0.00593522170707521,0.0061292427443607475,0.005774806278894658,0.00029051811368953665,True,,64,1.0,,,,,,red
natural_model,eval_50146_low,conflict,0.00593522170707521,0.011101957571796073,0.035670717631890364,0.0056321810346805536,True,,59,0.921875,,,,,,blue
natural_model,eval_50147_low,aligned,0.005561112980319833,0.005430552754819663,0.005448032116200263,0.00034235170629876905,True,,64,1.0,,,,,,red
natural_model,eval_50147_low,conflict,0.005561112980319833,0.015053931266350804,0.036289037903128304,0.004124463625890814,True,,58,0.90625,,,,,,blue
natural_model,eval_50149_high,aligned,0.06568377280679624,0.06569676175037098,0.065502020392659,0.0004957005873608177,True,,64,1.0,,,,,,blue
natural_model,eval_50149_high,conflict,0.06568377280679624,0.0448454398202297,0.03761077890350187,0.006267935893970361,True,,64,1.0,,,,,,red
natural_model,eval_50153_low,aligned,0.004825156577535588,0.005319282263975514,0.004758490786581029,0.0003615167742808217,True,,64,1.0,,,,,,red
natural_model,eval_50153_low,conflict,0.004825156577535588,0.014184984623688848,0.035508962254968114,0.004084286399557691,True,,59,0.921875,,,,,,blue
natural_model,eval_50155_low,aligned,0.0051271084206409075,0.00513304536375201,0.004975427987648381,0.0003168163160545116,True,,64,1.0,,,,,,red
natural_model,eval_50155_low,conflict,0.0051271084206409075,0.012370803253785876,0.036040972546455,0.004726294249474493,True,,59,0.921875,,,,,,blue
natural_model,eval_50156_low,aligned,0.00783312111183486,0.008062293867284987,0.007828248537160767,0.000349751574125536,True,,64,1.0,,,,,,red
natural_model,eval_50156_low,conflict,0.00783312111183486,0.01313886419313098,0.035340086842311005,0.005167356947311601,True,,60,0.9375,,,,,,blue
natural_model,eval_50157_low,aligned,0.016315865911531346,0.016395770375768,0.01628464984213413,0.00038395743922702697,True,,64,1.0,,,,,,red
natural_model,eval_50157_low,conflict,0.016315865911531346,0.02116414626408769,0.03734044389457342,0.004626146008724499,True,,60,0.9375,,,,,,blue
natural_model,eval_50161_low,aligned,0.014120502819669076,0.014359154968982714,0.014000380993498545,0.0004117239364770322,True,,64,1.0,,,,,,red
natural_model,eval_50161_low,conflict,0.014120502819669076,0.019634812904322486,0.03686033020715344,0.004492009499067159,True,,60,0.9375,,,,,,blue
natural_model,eval_50163_high,aligned,0.06480414029130344,0.06493265781975895,0.06462770210897806,0.000706446704130351,True,,64,1.0,,,,,,blue
natural_model,eval_50163_high,conflict,0.06480414029130344,0.044222422565086086,0.0379166113530588,0.006851593905368556,True,,64,1.0,,,,,,red
natural_model,eval_50167_high,aligned,0.06513486086877031,0.06480429765089112,0.06495229808188226,0.0007438694781002417,True,,64,1.0,,,,,,blue
natural_model,eval_50167_high,conflict,0.06513486086877031,0.04284293969630316,0.0380323452584859,0.006818299305205862,True,,64,1.0,,,,,,red
natural_model,eval_50168_low,aligned,0.004949743462651742,0.004931275041623499,0.004885391046372009,0.0003380859042509661,True,,64,1.0,,,,,,red
natural_model,eval_50168_low,conflict,0.004949743462651742,0.011807613286583212,0.03573833131088449,0.005241321475380009,True,,60,0.9375,,,,,,blue
natural_model,eval_50169_high,aligned,0.06461911179078858,0.06420748266933733,0.06425511930102909,0.0005628992192458755,True,,64,1.0,,,,,,blue
natural_model,eval_50169_high,conflict,0.06461911179078858,0.04354035044134497,0.037654630378673566,0.006715321237221514,True,,64,1.0,,,,,,red
natural_model,eval_50174_high,aligned,0.06613834481520009,0.06584491433247806,0.06590054576754797,0.00070712771639244,True,,64,1.0,,,,,,blue
natural_model,eval_50174_high,conflict,0.06613834481520009,0.04466151116231393,0.03786568409192879,0.006480297174948022,True,,64,1.0,,,,,,red
natural_model,eval_50178_low,aligned,0.017229663400812972,0.016895079341908852,0.01704932824696871,0.00041112675366859156,True,,64,1.0,,,,,,red
natural_model,eval_50178_low,conflict,0.017229663400812972,0.022381960370855845,0.03719461007410519,0.003908771469851964,True,,60,0.9375,,,,,,blue
natural_model,eval_50185_high,aligned,0.06144111729752216,0.06080518889109834,0.06100215744915967,0.0006356944822196042,True,,64,1.0,,,,,,blue
natural_model,eval_50185_high,conflict,0.06144111729752216,0.0424325459093662,0.03809963637098059,0.0067312581324037064,True,,64,1.0,,,,,,red
natural_model,eval_50186_high,aligned,0.06658986643593846,0.0658446948553494,0.06593235681545208,0.0006292745489433662,True,,64,1.0,,,,,,blue
natural_model,eval_50186_high,conflict,0.06658986643593846,0.04525632433355337,0.0376458282642682,0.006336299706751602,True,,64,1.0,,,,,,red
natural_model,eval_50187_high,aligned,0.06458603172283665,0.06397846749776157,0.06412579270369195,0.0006149953820707778,True,,64,1.0,,,,,,blue
natural_model,eval_50187_high,conflict,0.06458603172283665,0.04405327682922396,0.03808419952108804,0.006665384378936255,True,,64,1.0,,,,,,red
natural_model,eval_50188_high,aligned,0.06552714237257962,0.06603820940114745,0.06535512075683272,0.000688576995356064,True,,64,1.0,,,,,,blue
natural_model,eval_50188_high,conflict,0.06552714237257962,0.044015600467994014,0.038049287738024636,0.0067012584339871464,True,,64,1.0,,,,,,red
natural_model,eval_50193_low,aligned,0.0030567594630960893,0.003327191180820093,0.0032302050395422036,0.00032416855937103365,True,,64,1.0,,,,,,red
natural_model,eval_50193_low,conflict,0.0030567594630960893,0.009453864207693195,0.0329590178926935,0.005447211363312858,True,,63,0.984375,,,,,,blue
natural_model,eval_50194_low,aligned,0.015808136250662082,0.015242655007474305,0.01560182944775313,0.00042959034353350263,True,,64,1.0,,,,,,red
natural_model,eval_50194_low,conflict,0.015808136250662082,0.022283532288386827,0.03738926966996558,0.004495110072078072,True,,60,0.9375,,,,,,blue
natural_model,eval_50195_high,aligned,0.06620475074383063,0.0662713550123928,0.06570421360232769,0.0005415564638379873,True,,64,1.0,,,,,,blue
natural_model,eval_50195_high,conflict,0.06620475074383063,0.04442839757113038,0.03775175518971282,0.006505428326359368,True,,64,1.0,,,,,,red
natural_model,eval_50196_high,aligned,0.06643167910250003,0.06557097642182157,0.06593209859623018,0.0007147332552684159,True,,64,1.0,,,,,,blue
natural_model,eval_50196_high,conflict,0.06643167910250003,0.04516263381083588,0.037770863546358675,0.0064609609619245565,True,,64,1.0,,,,,,red
natural_model,eval_50198_low,aligned,0.016874775906804973,0.016699794032464493,0.01661312198905627,0.0004157557006735331,True,,64,1.0,,,,,,red
natural_model,eval_50198_low,conflict,0.016874775906804973,0.024482739304740653,0.03758563534151472,0.0029167177375040575,True,,60,0.9375,,,,,,blue
natural_model,eval_50199_high,aligned,0.06359471908698018,0.06326896529868191,0.06333797961342717,0.0004776584948248017,True,,64,1.0,,,,,,blue
natural_model,eval_50199_high,conflict,0.06359471908698018,0.043566481384938925,0.037849460764972476,0.006585385326372988,True,,64,1.0,,,,,,red
natural_model,eval_50202_high,aligned,0.06630311870730962,0.06596711549946972,0.06582427770029528,0.0006422916849878775,True,,64,1.0,,,,,,blue
natural_model,eval_50202_high,conflict,0.06630311870730962,0.04549770426068501,0.037625111912377766,0.006446298682423662,True,,64,1.0,,,,,,red
natural_model,eval_50204_low,aligned,0.010085546178167065,0.009887796076830428,0.009901493883655044,0.00030052633468524655,True,,64,1.0,,,,,,red
natural_model,eval_50204_low,conflict,0.010085546178167065,0.015199802263388537,0.036078761587607665,0.005282829169254505,True,,60,0.9375,,,,,,blue
natural_model,eval_50208_high,aligned,0.06468593721147188,0.06484330308619708,0.06471314875725492,0.0005401290208654183,True,,64,1.0,,,,,,blue
natural_model,eval_50208_high,conflict,0.06468593721147188,0.04445437531014433,0.037832726931351576,0.006551117111531508,True,,64,1.0,,,,,,red
natural_model,eval_50208_low,aligned,0.022685937211471878,0.02267303642168889,0.022639613781735575,0.00038125895498363215,True,,64,1.0,,,,,,red
natural_model,eval_50208_low,conflict,0.022685937211471878,0.01803476888652308,0.03529862276188338,0.004742551697420801,True,,64,1.0,,,,,,blue
natural_model,eval_50209_low,aligned,0.013602031671591956,0.013931596095711702,0.013490846162968407,0.00036505877287655684,True,,64,1.0,,,,,,red
natural_model,eval_50209_low,conflict,0.013602031671591956,0.018276440832690328,0.03674233060569608,0.005015177823698734,True,,60,0.9375,,,,,,blue
natural_model,eval_50213_high,aligned,0.06064117267448391,0.060884951831205646,0.060501209002927714,0.0005106869641986632,True,,64,1.0,,,,,,blue
natural_model,eval_50213_high,conflict,0.06064117267448391,0.041652574924228025,0.037905860843865234,0.006649688613778369,True,,64,1.0,,,,,,red
natural_model,eval_50216_high,aligned,0.06462940503869435,0.06459998055601249,0.06426441447203729,0.0005138047234864707,True,,64,1.0,,,,,,blue
natural_model,eval_50216_high,conflict,0.06462940503869435,0.04470961453760514,0.03784506451177409,0.0062722776411485905,True,,64,1.0,,,,,,red
natural_model,eval_50221_low,aligned,0.0034507126417910017,0.0035276711722007385,0.0034145585721089195,0.0003202709353568866,True,,64,1.0,,,,,,red
natural_model,eval_50221_low,conflict,0.0034507126417910017,0.013428265986335947,0.03564076742063258,0.004454472506063904,True,,58,0.90625,,,,,,blue
natural_model,eval_50224_low,aligned,0.016963296439720825,0.017283455155078228,0.016853090322774798,0.0003943725206973418,True,,64,1.0,,,,,,red
natural_model,eval_50224_low,conflict,0.016963296439720825,0.02544997589940789,0.03817235254691204,0.0029435553588786135,True,,58,0.90625,,,,,,blue
natural_model,eval_50226_low,aligned,0.016711546831141396,0.016747815625121946,0.016610661688614338,0.00037991558418469046,True,,64,1.0,,,,,,red
natural_model,eval_50226_low,conflict,0.016711546831141396,0.022008496679910262,0.03779843686500125,0.004015657149556166,True,,59,0.921875,,,,,,blue
natural_model,eval_50229_high,aligned,0.06674962811774324,0.06605441910966957,0.06614290751603505,0.000589668526498705,True,,64,1.0,,,,,,blue
natural_model,eval_50229_high,conflict,0.06674962811774324,0.04563564375197942,0.037381850954618906,0.006240058491295082,True,,64,1.0,,,,,,red
natural_model,eval_50230_high,aligned,0.06619606505783483,0.0651828046177614,0.06562363451538855,0.0006567554017703927,True,,64,1.0,,,,,,blue
natural_model,eval_50230_high,conflict,0.06619606505783483,0.0445344262335282,0.03784026769128797,0.0067229657225544685,True,,64,1.0,,,,,,red
natural_model,eval_50232_high,aligned,0.06679261490450204,0.06557478532088985,0.06592751237967634,0.0007817606449373186,True,,64,1.0,,,,,,blue
natural_model,eval_50232_high,conflict,0.06679261490450204,0.044435273067088846,0.037408601750141164,0.006387873657257574,True,,64,1.0,,,,,,red
natural_model,eval_50241_high,aligned,0.06633662740069313,0.06676789510488826,0.06616238532195802,0.0005749757186613843,True,,64,1.0,,,,,,blue
natural_model,eval_50241_high,conflict,0.06633662740069313,0.04431635237161109,0.03776403659279108,0.006779152777365857,True,,64,1.0,,,,,,red
natural_model,eval_50244_high,aligned,0.06457142905837937,0.06472904718348733,0.06430656745765768,0.0005262908021879326,True,,64,1.0,,,,,,blue
natural_model,eval_50244_high,conflict,0.06457142905837937,0.043515564406486414,0.03778741907929655,0.006722545879367618,True,,64,1.0,,,,,,red
natural_model,eval_50246_low,aligned,0.013294381761817999,0.013589024275197379,0.013077586173360104,0.00037433316752063313,True,,64,1.0,,,,,,red
natural_model,eval_50246_low,conflict,0.013294381761817999,0.018857721075964687,0.03721046514127932,0.004648034817696725,True,,58,0.90625,,,,,,blue
natural_model,eval_50247_high,aligned,0.06410924285595125,0.06380902055331113,0.06377363536194933,0.0005222499707068886,True,,64,1.0,,,,,,blue
natural_model,eval_50247_high,conflict,0.06410924285595125,0.04394591296189809,0.0379789470864697,0.006493191886487601,True,,64,1.0,,,,,,red
natural_model,eval_50248_low,aligned,0.014908453957815069,0.015307901013793037,0.014886694232519196,0.0003141622433497041,True,,64,1.0,,,,,,red
natural_model,eval_50248_low,conflict,0.014908453957815069,0.022911105096375253,0.03777506549384957,0.0037631367586572788,True,,58,0.90625,,,,,,blue
natural_model,eval_50257_low,aligned,0.016179008259124644,0.015972799900981972,0.016060861915242055,0.0003062201796239034,True,,64,1.0,,,,,,red
natural_model,eval_50257_low,conflict,0.016179008259124644,0.02153389677520779,0.03759298154504137,0.00438888645876378,True,,60,0.9375,,,,,,blue
natural_model,eval_50259_high,aligned,0.0633245446146883,0.06281064407822835,0.06301128476897036,0.0005296659982886097,True,,64,1.0,,,,,,blue
natural_model,eval_50259_high,conflict,0.0633245446146883,0.04347663403824875,0.037843853826065074,0.006532830555798822,True,,64,1.0,,,,,,red
natural_model,eval_50261_high,aligned,0.06645886878199246,0.06520221574624219,0.06603166111948944,0.0006541997546946532,True,,64,1.0,,,,,,blue
natural_model,eval_50261_high,conflict,0.06645886878199246,0.04466946726420603,0.037543541206169206,0.006640048334487182,True,,64,1.0,,,,,,red
natural_model,eval_50264_high,aligned,0.06545430639035156,0.0650555903287885,0.0651956706905238,0.0006954122511334555,True,,64,1.0,,,,,,blue
natural_model,eval_50264_high,conflict,0.06545430639035156,0.04486466774250909,0.03766509412927503,0.006555856420673722,True,,64,1.0,,,,,,red
natural_model,eval_50274_low,aligned,0.014549329864212281,0.014812222597395522,0.014340317334038045,0.0003913943086733122,True,,64,1.0,,,,,,red
natural_model,eval_50274_low,conflict,0.014549329864212281,0.019758490372519078,0.03674092360859545,0.004621027842988343,True,,60,0.9375,,,,,,blue
natural_model,eval_50276_high,aligned,0.06560982400699188,0.06584968180532542,0.06530786282717845,0.0006059111935127235,True,,64,1.0,,,,,,blue
natural_model,eval_50276_high,conflict,0.06560982400699188,0.04405186347690187,0.0379078731524728,0.006824107733400373,True,,64,1.0,,,,,,red
natural_model,eval_50280_high,aligned,0.0660343314613897,0.06493122080365771,0.06558593094373583,0.0005518543195603699,True,,64,1.0,,,,,,blue
natural_model,eval_50280_high,conflict,0.0660343314613897,0.04484817524526859,0.037778377211947135,0.006462282662994552,True,,64,1.0,,,,,,red
natural_model,eval_50281_low,aligned,0.01366498664374326,0.013101727313543714,0.013285292405132028,0.00033690868944002256,True,,64,1.0,,,,,,red
natural_model,eval_50281_low,conflict,0.01366498664374326,0.018680592288138755,0.03684953469482568,0.00477023156194471,True,,60,0.9375,,,,,,blue
natural_model,eval_50282_high,aligned,0.06640661819273552,0.0657871150269394,0.06580804441826016,0.0005470957711248231,True,,64,1.0,,,,,,blue
natural_model,eval_50282_high,conflict,0.06640661819273552,0.04546000765234416,0.03776815427746965,0.006426381144043584,True,,64,1.0,,,,,,red
natural_model,eval_50284_low,aligned,0.004900928530228974,0.004913979370736923,0.004792570780517933,0.0002992919647744547,True,,64,1.0,,,,,,red
natural_model,eval_50284_low,conflict,0.004900928530228974,0.01464904528582075,0.036561297297877625,0.004635335040750295,True,,58,0.90625,,,,,,blue
natural_model,eval_50287_high,aligned,0.06250857216562829,0.06254686397105506,0.062350037378736956,0.000662374190984845,True,,64,1.0,,,,,,blue
natural_model,eval_50287_high,conflict,0.06250857216562829,0.04355024699426705,0.03801817200987204,0.006306377938045523,True,,64,1.0,,,,,,red
natural_model,eval_50288_low,aligned,0.003063736618096823,0.003203717091866532,0.0033429040076386756,0.00034857947415382884,True,,64,1.0,,,,,,red
natural_model,eval_50288_low,conflict,0.003063736618096823,0.015021985920547421,0.035807540040224475,0.004240002731826409,True,,58,0.90625,,,,,,blue
natural_model,eval_50289_low,aligned,0.005531147462119978,0.005505533063934198,0.005417257248088907,0.0003034048733106943,True,,64,1.0,,,,,,red
natural_model,eval_50289_low,conflict,0.005531147462119978,0.010996930557778445,0.03418924743655751,0.004904297794632975,True,,61,0.953125,,,,,,blue
natural_model,eval_50292_low,aligned,0.003732307664588469,0.003662082535451897,0.003646426079744851,0.0003478770437690005,True,,64,1.0,,,,,,red
natural_model,eval_50292_low,conflict,0.003732307664588469,0.014286287997302681,0.035494471130400156,0.004273663642305617,True,,59,0.921875,,,,,,blue
natural_model,eval_50295_low,aligned,0.016188035206049136,0.01636274415987945,0.016193972057761664,0.0003722252709187902,True,,64,1.0,,,,,,red
natural_model,eval_50295_low,conflict,0.016188035206049136,0.024901088691323292,0.037526111783575344,0.0030636888487801882,True,,60,0.9375,,,,,,blue
natural_model,eval_50298_low,aligned,0.01522716962311263,0.014955436928192596,0.015178402918028994,0.00037055902226111354,True,,64,1.0,,,,,,red
natural_model,eval_50298_low,conflict,0.01522716962311263,0.020953953894182975,0.037314555672996456,0.004538819128104865,True,,59,0.921875,,,,,,blue
natural_model,eval_50300_low,aligned,0.006517293775313102,0.006738922095942451,0.006301878302483801,0.0003646824593270974,True,,64,1.0,,,,,,red
natural_model,eval_50300_low,conflict,0.006517293775313102,0.01415193924692704,0.03495388420075904,0.004423865013441833,True,,60,0.9375,,,,,,blue
natural_model,eval_50301_high,aligned,0.06688255651277687,0.06649891624135643,0.06623993831762658,0.0005182053210094149,True,,64,1.0,,,,,,blue
natural_model,eval_50301_high,conflict,0.06688255651277687,0.0465813219944638,0.03728285644037351,0.006790967852765776,True,,64,1.0,,,,,,red
natural_model,eval_50304_low,aligned,0.005343309461952666,0.005552155621460983,0.0053240098679310085,0.0003152498284765146,True,,64,1.0,,,,,,red
natural_model,eval_50304_low,conflict,0.005343309461952666,0.012829311330608033,0.035128181329191654,0.0047043813657057,True,,60,0.9375,,,,,,blue
natural_model,eval_50306_low,aligned,0.004591784435635975,0.004441793948753974,0.004397035350079462,0.0003187952701436634,True,,64,1.0,,,,,,red
natural_model,eval_50306_low,conflict,0.004591784435635975,0.01296646620077879,0.03606953557683465,0.005091401966544115,True,,59,0.921875,,,,,,blue
natural_model,eval_50307_high,aligned,0.0656527847139986,0.06550346963325741,0.06527107460076298,0.0006470242911798611,True,,64,1.0,,,,,,blue
natural_model,eval_50307_high,conflict,0.0656527847139986,0.044463731923715985,0.03756894999185636,0.006358269449338981,True,,64,1.0,,,,,,red
natural_model,eval_50311_high,aligned,0.0634179998723445,0.0633308975598246,0.06316286121754844,0.00044143815495832747,True,,64,1.0,,,,,,blue
natural_model,eval_50311_high,conflict,0.0634179998723445,0.04432851709989645,0.03799919295103365,0.0062487266905857704,True,,64,1.0,,,,,,red
natural_model,eval_50314_high,aligned,0.06665965524373195,0.06579457296586205,0.06604448684837222,0.0005418209332890282,True,,64,1.0,,,,,,blue
natural_model,eval_50314_high,conflict,0.06665965524373195,0.04528596874768661,0.0374040536232591,0.006140439466891225,True,,64,1.0,,,,,,red
natural_model,eval_50316_low,aligned,0.016432461722628765,0.01578288997628444,0.016191306881391466,0.0004041734708670907,True,,64,1.0,,,,,,red
natural_model,eval_50316_low,conflict,0.016432461722628765,0.021614204176859934,0.037648076716559904,0.004178273689044751,True,,58,0.90625,,,,,,blue
natural_model,eval_50318_low,aligned,0.015848794358254106,0.015863144097169598,0.01573518355575876,0.00030281912451412597,True,,64,1.0,,,,,,red
natural_model,eval_50318_low,conflict,0.015848794358254106,0.020689051829604215,0.036717805699052655,0.0044613903409864465,True,,60,0.9375,,,,,,blue
F1,eval_50000_low,Short_hue_0,0.023113878874517577,0.024090579962015267,0.021854821413522303,0.0007083325476469011,True,,64,1.0,0,0.00587778640346015,205.9667230873392,50.95641007599212,51.27336759946697,-0.6013578796168797
F1,eval_50000_low,Short_hue_3,0.023113878874517577,0.0248767092793911,0.025051369989245374,0.0015917978710214904,True,,64,1.0,0,0.0058215583817730066,168.49674083769634,64.39683012803899,76.55543900543901,-0.3751907119990163
F1,eval_50000_low,Short_hue_6,0.023113878874517577,0.024642226971825713,0.030640470384430563,0.005682514319946769,True,,64,1.0,0,0.006853847216466535,106.95595023078467,86.5804666958808,127.08450216450217,0.08600458479596912
F1,eval_50000_low,Short_hue_9,0.023113878874517577,0.02439157416617326,0.034699161294764774,0.003975407196752079,True,,64,1.0,0,0.006605853888071778,55.08065742775055,88.40247028336432,184.66744687565748,0.5405122589995984
F1,eval_50001_low,Short_hue_1,0.02276558972269709,0.02422648881701326,0.022520816321398452,0.0007045401130846329,True,,64,1.0,0,0.0043119610048742985,197.12794563766533,55.317945984363895,58.93726221832016,-0.5396698933697581
F1,eval_50001_low,Short_hue_4,0.02276558972269709,0.02384388958671837,0.026445223464040046,0.0029466316482112103,True,,64,1.0,0,0.006561679790026198,147.31034482758622,72.84850758180367,91.08423913043478,-0.23585311697790953
F1,eval_50001_low,Short_hue_7,0.02276558972269709,0.02481260821290678,0.03226845916326735,0.005948641961581881,True,,64,1.0,0,0.00722943572450796,87.6849233252623,86.78209947946789,149.56192839418645,0.26081275523982606
F1,eval_50001_low,Short_hue_10,0.02276558972269709,0.02331965214305128,0.035513491499262244,0.0037620085512752033,True,,64,1.0,0,0.006463701631748919,47.935329560721414,90.33052111873695,194.217277486911,0.6040899154862897
F1,eval_50002_low,Short_hue_2,0.01784931609265929,0.01925196035423423,0.017985642856615084,0.0006385152494187925,True,,64,1.0,0,0.003800576908084552,188.1582286432161,58.80809691546078,65.58040404040403,-0.48308695962609116
F1,eval_50002_low,Short_hue_5,0.01784931609265929,0.020848919912472584,0.02366165602744522,0.0027580022434914643,True,,64,1.0,0,0.004491888178407288,132.0203488372093,79.35912164758318,103.52586206896552,-0.12097195984865097
F1,eval_50002_low,Short_hue_8,0.01784931609265929,0.021195765549869655,0.031282298131833614,0.004593726413684937,True,,64,1.0,0,0.006135021571362698,71.28892423577594,87.44243490728974,166.2259397396519,0.3997097862207786
F1,eval_50003_low,Short_hue_0,0.023332338981242467,0.024162864150991146,0.02199012654617212,0.0007341088142979533,True,,64,1.0,0,0.004822420983481068,205.54091255807504,51.095923813029074,51.09592822636301,-0.601803637621293
F1,eval_50003_low,Short_hue_3,0.023332338981242467,0.024468022065270163,0.025208136329165274,0.001574889301968839,True,,64,1.0,0,0.004980091657390995,167.70435938330675,65.02631578947368,77.0670425560478,-0.3702937357433415
F1,eval_50003_low,Short_hue_6,0.023332338981242467,0.023778426278392696,0.030961605701466065,0.006515466412309798,True,,64,1.0,0,0.010676699171727755,107.01686217008799,84.87674150147282,127.18121449408875,0.08609956414336788
F1,eval_50003_low,Short_hue_9,0.023332338981242467,0.02290663934072383,0.03465621227911068,0.004499334094000405,True,,64,1.0,0,0.0062087330498632465,56.55187074829932,89.83333333333333,187.52271781642673,0.5366017324388308
F1,eval_50004_low,Short_hue_1,0.011105217056557454,0.009561255601202221,0.009664226140746593,0.000458584217321033,True,,64,1.0,0,0.0027779476400535685,196.59229137199435,54.09628328943518,58.111755578542926,-0.5436919336438473
F1,eval_50004_low,Short_hue_4,0.011105217056557454,0.014247267113331654,0.012714619248040562,0.0011034077085166458,True,,64,1.0,0,0.004760809393207777,150.54724880382776,67.94076655052265,83.16823529411764,-0.2882950343224699
F1,eval_50004_low,Short_hue_7,0.011105217056557454,0.018886361224946344,0.023698490485636572,0.0023404981668213912,True,,64,1.0,0,0.005104534346999756,83.89590330928914,77.39763095551461,121.87862690108942,0.18458418324642775
F1,eval_50004_low,Short_hue_10,0.011105217056557454,0.013390509125719655,0.032590741542440765,0.005708132266703318,True,,64,1.0,0,0.013796276032711052,44.491918787150205,79.62615252383185,168.415625,0.5820540879318926
F1,eval_50005_low,Short_hue_2,0.007266470942510986,0.005465297826161324,0.0059991213673276905,0.0005116952149633879,True,,64,1.0,0,0.0017108463536299467,183.86747487437185,56.21287878787879,63.93727272727273,-0.48397055870733735
F1,eval_50005_low,Short_hue_5,0.007266470942510986,0.009697329150870385,0.010465255507141726,0.0016729443979734341,True,,64,1.0,0,0.0034033649379603403,121.91776315789474,71.65716778133178,92.39033481994275,-0.13778027343141
F1,eval_50005_low,Short_hue_8,0.007266470942510986,0.019426972767888018,0.025491612703178453,0.0028992636265780117,True,,64,1.0,0,0.005474680671531007,62.93497267759563,69.79516806722688,124.47701597195169,0.32837836969670503
F1,eval_50006_low,Short_hue_0,0.024835897363773504,0.0248135240194381,0.023553801555970456,0.0006330851558961783,True,,64,1.0,0,0.004924620271522628,204.16046649301444,50.59473914243651,50.944729542302355,-0.6005982603721653
F1,eval_50006_low,Short_hue_3,0.024835897363773504,0.025058251705467806,0.026693710972869544,0.0022651634257530003,True,,64,1.0,0,0.0052189242638642774,165.8861638632664,64.73785729636793,77.20575048732944,-0.364801986988504
F1,eval_50006_low,Short_hue_6,0.024835897363773504,0.024270955197031877,0.03214277335645321,0.007076437347485432,True,,64,1.0,0,0.00821638054483953,103.67134250018482,86.49157955865273,128.21858288770053,0.105857295639106
F1,eval_50006_low,Short_hue_9,0.024835897363773504,0.024510326242199114,0.03508249954825801,0.004234580987774825,True,,64,1.0,0,0.006517845800972255,55.80490268609151,89.45103092783505,184.1841575091575,0.5349379455822668
F1,eval_50007_low,Short_hue_1,0.019135497844274294,0.020639621679990006,0.019049139820087938,0.0006982412311182905,True,,64,1.0,0,0.003980171399125654,197.2483897703055,54.30344827586207,58.36132576672301,-0.5433559663872098
F1,eval_50007_low,Short_hue_4,0.019135497844274294,0.021353130804886038,0.02342554998748154,0.0019883594340534324,True,,64,1.0,0,0.004235786316184265,150.12787267080745,71.34273772204807,89.58763169949611,-0.2525503768742083
F1,eval_50007_low,Short_hue_7,0.019135497844274294,0.02182284061683786,0.029860994769994917,0.005391842848944269,True,,64,1.0,0,0.00623579770649485,86.62829131652661,85.51410256410256,145.93340699815838,0.25500809510508604
F1,eval_50007_low,Short_hue_10,0.019135497844274294,0.017961124463304296,0.034839525619068855,0.005168735796793903,True,,64,1.0,0,0.006198821210803507,46.67413263065437,88.78315552086045,190.27422369177688,0.6060396167750401
F1,eval_50008_low,Short_hue_2,0.012716991647999366,0.013150734543203606,0.012163785146506416,0.0006966892188762826,True,,64,1.0,0,0.00293545749451507,186.41379396984925,58.01270053475936,65.14030150753769,-0.48209707034252114
F1,eval_50008_low,Short_hue_5,0.012716991647999366,0.018703219899138156,0.01825040077749372,0.001401029178952698,True,,64,1.0,0,0.004196962225470946,131.4480418045896,76.83781124649965,98.80742842063597,-0.1417582537866566
F1,eval_50008_low,Short_hue_8,0.012716991647999366,0.02001155981239334,0.028358605180176136,0.0040691843513588075,True,,64,1.0,0,0.00666666666666671,67.9150824713447,81.22173524150267,145.8310570381999,0.3645257628775821
F1,eval_50009_low,Short_hue_0,0.020923718886327523,0.022049041583461052,0.020000008086341683,0.0006797784494730906,True,,64,1.0,0,0.004492816588077431,207.09063568010936,50.66105769230769,50.949391490152365,-0.6051047424783061
F1,eval_50009_low,Short_hue_3,0.020923718886327523,0.023225496828884428,0.02324483341970602,0.0013585817834311893,True,,64,1.0,0,0.004410075522455648,169.70547767018354,63.01015228426396,75.46791443850267,-0.38437108701381695
F1,eval_50009_low,Short_hue_6,0.020923718886327523,0.022295995029987165,0.028952142236937987,0.0061862666604762875,True,,64,1.0,0,0.0072657348608571315,107.74951267056531,86.31264367816092,125.9687133675573,0.07795370094080772
F1,eval_50009_low,Short_hue_9,0.020923718886327523,0.022012929310859516,0.034276564133740674,0.004932377881909517,True,,64,1.0,0,0.007449068866391628,56.49276300644567,89.2865910109004,185.4951769449007,0.5330943929040078
F1,eval_50010_low,Short_hue_1,0.007786734993212159,0.006234544854481425,0.006501727509303133,0.00042119517303177876,True,,64,1.0,0,0.0017978094929614885,196.2439024390244,55.29591104734577,59.22303921568627,-0.5363545761961448
F1,eval_50010_low,Short_hue_4,0.007786734993212159,0.008656411490932629,0.008416357336974071,0.0011816261668760716,True,,64,1.0,0,0.002736662745694507,148.2194958908419,66.90112701972285,82.23055364905056,-0.2863481364987423
F1,eval_50010_low,Short_hue_7,0.007786734993212159,0.017598740622773636,0.021051504785586962,0.0022771824599948534,True,,64,1.0,0,0.007139208876922654,81.02916666666667,73.75716918740174,119.37250288129081,0.19133241904178913
F1,eval_50010_low,Short_hue_10,0.007786734993212159,0.011259054066017843,0.030985592541261285,0.004748216823902795,True,,64,1.0,0,0.0060095936283826035,42.25148828108738,74.19849673202614,158.74804183164053,0.5795861984613448
F1,eval_50011_low,Short_hue_2,0.013599032933182768,0.01429104538232338,0.013280560444422126,0.0005967861439553115,True,,64,1.0,0,0.0028071015530810595,186.6004797979798,57.676759431676146,64.37522470127948,-0.4870003466692553
F1,eval_50011_low,Short_hue_5,0.013599032933182768,0.019082221429970448,0.01914893636633498,0.0016708544841900087,True,,64,1.0,0,0.004563034812699707,130.68921417565485,77.06395348837209,98.34258774227344,-0.14123203049754823
F1,eval_50011_low,Short_hue_8,0.013599032933182768,0.01912143643103112,0.028975651388265373,0.004319147726231786,True,,64,1.0,0,0.008060940911797765,67.83768391077362,81.57626988984089,149.13461342309262,0.37468806161563994
F1,eval_50012_low,Short_hue_0,0.012525382764279998,0.010822304270864027,0.0111547520423629,0.0004402096295130688,True,,64,1.0,0,0.0028703308638143854,204.43523124013583,51.03389850382253,51.56934643618281,-0.5971216850552944
F1,eval_50012_low,Short_hue_3,0.012525382764279998,0.014533084867728918,0.013131303539127177,0.0008734537981420903,True,,64,1.0,0,0.00314965061991368,169.11844665750914,63.07135511547276,73.82549857549857,-0.39224253146385124
F1,eval_50012_low,Short_hue_6,0.012525382764279998,0.019395001811707883,0.0216786116386166,0.0024944575504850137,True,,64,1.0,0,0.0050553443672232135,106.62880874505078,81.70536540240518,114.11886179788083,0.03393038320362855
F1,eval_50012_low,Short_hue_9,0.012525382764279998,0.015950902096979046,0.03099313573920617,0.005106819150719747,True,,64,1.0,0,0.007643622860395549,50.762288675908025,79.34529801324504,163.0212362030905,0.5251057002204473
F1,eval_50013_low,Short_hue_1,0.017414317598493944,0.017477865757217163,0.016658076709028056,0.0004742407071361492,True,,64,1.0,0,0.0032949101443455753,197.07819225251075,54.124378109452735,58.48009950248756,-0.5423345562306995
F1,eval_50013_low,Short_hue_4,0.017414317598493944,0.019810046669160822,0.020765776489262994,0.0015475031335498524,True,,64,1.0,0,0.004512663972786823,151.2556786294491,71.08505828785482,88.46407185628743,-0.2619375610308653
F1,eval_50013_low,Short_hue_7,0.017414317598493944,0.020413943626683133,0.028291055954196828,0.004812199496508617,True,,64,1.0,0,0.010350802422989025,87.78137580181377,85.31320240043644,140.67397383638257,0.23152269412090518
F1,eval_50013_low,Short_hue_10,0.017414317598493944,0.01599432940855949,0.03436374723119281,0.005735521090792066,True,,64,1.0,0,0.007197841770107738,45.33736559139785,86.59031491384432,188.24728260869566,0.6118121123049044
F1,eval_50014_low,Short_hue_2,0.022614128595001778,0.02393850704391239,0.02311484624733369,0.0008183222379743181,True,,64,1.0,0,0.004225266283553242,186.67871925029283,57.94642857142857,65.28827812158718,-0.48177119382640454
F1,eval_50014_low,Short_hue_5,0.022614128595001778,0.02168740180019292,0.027578912133703337,0.0045116572423203076,True,,64,1.0,0,0.006234950399986228,127.10874318778174,79.27378048780488,106.38478464757233,-0.08875602990941418
F1,eval_50014_low,Short_hue_8,0.022614128595001778,0.024537367286602316,0.033656092133439085,0.0050840513740519335,True,,64,1.0,0,0.007202229680033256,70.77839015637016,87.97568085922516,171.12368421052633,0.41481783203711
F1,eval_50015_low,Short_hue_0,0.02469411667584542,0.024306703678021045,0.023358486105007414,0.0005343853039025038,True,,64,1.0,0,0.004505206080009261,205.8313127090301,51.62227381454903,51.532195588771415,-0.5995376661625038
F1,eval_50015_low,Short_hue_3,0.02469411667584542,0.024368435671738478,0.026541179210800604,0.002139836408350977,True,,64,1.0,0,0.0047839072199308275,166.97877422140658,65.00027418293485,78.1642397469459,-0.36229682027947213
F1,eval_50015_low,Short_hue_6,0.02469411667584542,0.022963194561869064,0.03174422950594647,0.007074206853365719,True,,64,1.0,0,0.007449784435992646,105.9256968641115,86.15846877673225,129.27216748768473,0.09926310635479556
F1,eval_50015_low,Short_hue_9,0.02469411667584542,0.023699494476343806,0.0350263111076268,0.0043716049407858636,True,,64,1.0,0,0.0066195287279614545,56.60475641869651,90.60338241946022,189.15987096091808,0.5393579863609619
F1,eval_50016_low,Short_hue_1,0.024402419060996557,0.024780992456493435,0.024100539167416866,0.0006439775515397735,True,,64,1.0,0,0.004337541179772808,196.06239128333976,53.78269697535474,57.73991849796245,-0.5450008429969265
F1,eval_50016_low,Short_hue_4,0.024402419060996557,0.024101847647761708,0.028120637030561953,0.003431571656586627,True,,64,1.0,0,0.005514338797538043,143.7533068783069,71.98776116511124,91.25591787439615,-0.22338437590759597
F1,eval_50016_low,Short_hue_7,0.024402419060996557,0.026391705505377457,0.033416124424987446,0.006206131722216047,True,,64,1.0,0,0.0072641936825308395,86.55035317155046,86.68509839220312,150.96742995923324,0.2712094898267585
F1,eval_50016_low,Short_hue_10,0.024402419060996557,0.023848351290759698,0.0360777229758648,0.0035552452575860266,True,,64,1.0,0,0.006716678020881162,46.95276809910956,90.85749089603529,194.8992642195767,0.6117231875294674
F1,eval_50017_low,Short_hue_2,0.0075862333014470144,0.006046263317653605,0.006367659656944419,0.00045781060425234516,True,,64,1.0,0,0.0017000226068919488,185.7381858788894,57.884736180904525,65.22906197654942,-0.48017868838309413
F1,eval_50017_low,Short_hue_5,0.0075862333014470144,0.010676588163854273,0.010939398097237376,0.0014971551010824133,True,,64,1.0,0,0.004317546330274258,124.34319707138499,72.69769330734243,94.28127738825592,-0.13750482308730952
F1,eval_50017_low,Short_hue_8,0.0075862333014470144,0.01742935133625441,0.025137658632949967,0.0032736876662851537,True,,64,1.0,0,0.006563842585049606,64.22428087558768,72.18258696905632,125.72460075809359,0.32377300331312137
F1,eval_50018_low,Short_hue_0,0.010997093215728306,0.008325466019587604,0.009244845480079266,0.00048333402075579517,True,,64,1.0,0,0.002994452198491926,205.32846340552652,50.9640686036567,51.297560975609755,-0.6002154411321599
F1,eval_50018_low,Short_hue_3,0.010997093215728306,0.011505876299581741,0.010603300302710582,0.0009340820850687531,True,,64,1.0,0,0.0030927522586404743,170.17287234042553,62.84086446686665,73.30451097697772,-0.3978536324138467
F1,eval_50018_low,Short_hue_6,0.010997093215728306,0.018803003752275428,0.02004060230201768,0.0021892613097030237,True,,64,1.0,0,0.00622620083429648,106.318506006006,81.01652372334567,113.01978021978022,0.03055223202973287
F1,eval_50018_low,Short_hue_9,0.010997093215728306,0.01546610675927403,0.030396406550863293,0.004660959076359425,True,,64,1.0,0,0.006699085626614698,52.273757309941516,77.81631388253243,157.1289569031274,0.5007346728395048
F1,eval_50019_low,Short_hue_1,0.020048734694221228,0.02181343135511625,0.020134744681289313,0.0006800453116534317,True,,64,1.0,0,0.0038612961841308913,197.38590611974232,54.70436280137773,58.66588308457712,-0.5417654899668418
F1,eval_50019_low,Short_hue_4,0.020048734694221228,0.02238023257362978,0.024371057066914992,0.0023879672659962033,True,,64,1.0,0,0.004526139823870512,149.0278246929837,71.49089782691576,89.01524557829728,-0.2521080703853048
F1,eval_50019_low,Short_hue_7,0.020048734694221228,0.024695290122176524,0.031072929818419377,0.005572393996153782,True,,64,1.0,0,0.007079826228617914,87.35901246404602,85.47570294895661,148.16291024843582,0.2581666160165359
F1,eval_50019_low,Short_hue_10,0.020048734694221228,0.019978473897913056,0.03521476804993529,0.005431611276163887,True,,64,1.0,0,0.005936881652169768,46.09965449669967,89.13890869126121,191.14581689605797,0.6113758949659155
F1,eval_50020_low,Short_hue_2,0.016127420481205825,0.01653038770914225,0.015613216382281348,0.0006451601282128085,True,,64,1.0,0,0.004407509406151977,187.33333333333331,58.10050251256281,64.88693467336684,-0.4854740645058439
F1,eval_50020_low,Short_hue_5,0.016127420481205825,0.019663373396046464,0.021303199567628817,0.0021783550544231004,True,,64,1.0,0,0.004163272694361564,132.20758325437765,78.04410489366094,100.67017410266172,-0.13542473746586212
F1,eval_50020_low,Short_hue_8,0.016127420481205825,0.02073606347478695,0.029594821290776212,0.0032513495894951317,True,,64,1.0,0,0.006025017878107719,68.96875,84.55380598195917,160.44207746478872,0.3987315179307663
F1,eval_50021_low,Short_hue_0,0.012432922066907742,0.01066306148948143,0.011066177059000978,0.0004015754361877314,True,,64,1.0,0,0.002663846123712288,203.45753013460907,50.07281553398059,51.04580081753995,-0.5988594677596756
F1,eval_50021_low,Short_hue_3,0.012432922066907742,0.014286112804153399,0.012987086183956147,0.0007863856714668036,True,,64,1.0,0,0.0033724970317655645,168.98165858229524,62.61695988346033,73.40588942307693,-0.3943097322685059
F1,eval_50021_low,Short_hue_6,0.012432922066907742,0.01928124745363941,0.021876980465829088,0.0026461887507670985,True,,64,1.0,0,0.00606468916713554,105.5778801843318,81.23823529411764,114.41002594514455,0.04014832413384785
F1,eval_50021_low,Short_hue_9,0.012432922066907742,0.017475474508570538,0.031568156130491666,0.004950755283538674,True,,64,1.0,0,0.006203721915904681,54.18966334755808,80.43538369525211,165.38525947736474,0.5064130033577082
F1,eval_50022_low,Short_hue_1,0.016146214477300393,0.015316593074703693,0.01493674139685851,0.0005231711120278083,True,,64,1.0,0,0.0038735693856555287,197.45755619320897,54.60711281989667,58.652664531159004,-0.5419732616272062
F1,eval_50022_low,Short_hue_4,0.016146214477300393,0.01883267093956339,0.018944207504423716,0.001294821100786783,True,,64,1.0,0,0.0038407910875547513,151.13747020769495,70.15217391304347,87.52033235581622,-0.266562153713574
F1,eval_50022_low,Short_hue_7,0.016146214477300393,0.020137684986963545,0.02702501510450771,0.004221577505486202,True,,64,1.0,0,0.006440727167168481,89.34488892745574,85.64187043505875,138.69988632993972,0.21642678437502674
F1,eval_50022_low,Short_hue_10,0.016146214477300393,0.013631349575564397,0.03386846797048216,0.006044002633668271,True,,64,1.0,0,0.0079170230125728,46.098626373626374,85.49432234432234,183.9080543733723,0.5991540226230738
F1,eval_50023_low,Short_hue_2,0.01567001929571491,0.01588438102836789,0.014857828222199835,0.0006012442865564877,True,,64,1.0,0,0.0033660728865224643,186.67963214231872,57.92202692123141,64.53103482937127,-0.48623969191050487
F1,eval_50023_low,Short_hue_5,0.01567001929571491,0.019398403125754124,0.020788754697496328,0.0020976732751932315,True,,64,1.0,0,0.005220189892956029,132.12224558452482,78.30681138222192,99.94701309328968,-0.13864495743447172
F1,eval_50023_low,Short_hue_8,0.01567001929571491,0.019366971813533737,0.029527406135230454,0.00457285899595455,True,,64,1.0,0,0.007290548198520597,67.93165115139638,81.96775477707007,153.32951812800593,0.38595957553117316
F1,eval_50024_low,Short_hue_0,0.005389165559386035,0.00377207784288151,0.004518390567706172,0.0003948544710162296,True,,64,1.0,0,0.0011467013225288092,201.6549141858004,50.573520531400966,51.18598756575801,-0.5951130753674208
F1,eval_50024_low,Short_hue_3,0.005389165559386035,0.005089978480538345,0.005234009212103617,0.0005872275166650232,True,,64,1.0,0,0.002180889976165612,166.82622159975102,61.78259320175438,73.68607630186577,-0.3872573091293007
F1,eval_50024_low,Short_hue_6,0.005389165559386035,0.012766274775041669,0.014181993910140285,0.0019976933480586,True,,64,1.0,0,0.004426891160102975,95.85162815126051,74.47753716871364,105.83810375670842,0.04951405067068406
F1,eval_50024_low,Short_hue_9,0.005389165559386035,0.018758008669711022,0.02828607850766952,0.004864761632114375,True,,64,1.0,0,0.00784210484327752,49.837543321780856,70.65165289256198,135.8117768595041,0.46310017970316125
F1,eval_50025_low,Short_hue_1,0.019320798479742846,0.020987044540122436,0.0194407982437859,0.00056206411522197,True,,64,1.0,0,0.00418853634297367,196.79074451562803,54.33835292396235,58.101908866995075,-0.5441068379497175
F1,eval_50025_low,Short_hue_4,0.019320798479742846,0.021652066231901287,0.023714877456505568,0.0023267491808429486,True,,64,1.0,0,0.005059933687919349,149.67791876631657,71.25493711061479,89.13903348113874,-0.25349492452465816
F1,eval_50025_low,Short_hue_7,0.019320798479742846,0.02290870833254885,0.03023759967946011,0.005726910147232064,True,,64,1.0,0,0.006678142504914275,88.85901933426351,86.6034546633324,148.17800486822227,0.2502519837714721
F1,eval_50025_low,Short_hue_10,0.019320798479742846,0.018349347389990073,0.03504360241134214,0.00561439039881411,True,,64,1.0,0,0.006685577346310034,46.36759706075894,87.59502474825055,189.7325482164192,0.6072209357912564
F1,eval_50026_low,Short_hue_2,0.020955334314552404,0.023145721656994456,0.021922338519570535,0.0007127770078195724,True,,64,1.0,0,0.004424311275880277,187.73580845771144,58.47994804942587,65.85029398462234,-0.4806474538596047
F1,eval_50026_low,Short_hue_5,0.020955334314552404,0.02189875899321616,0.026978478303892987,0.004699316337316245,True,,64,1.0,0,0.005790063388302902,128.12740935015194,80.78081293706293,106.67902800150804,-0.09134494603536546
F1,eval_50026_low,Short_hue_8,0.020955334314552404,0.024913376339986956,0.03354994892861441,0.005576806767077116,True,,64,1.0,0,0.006688049349935943,69.80303030303031,88.29613274454704,173.48043326345214,0.42615885782179075
F1,eval_50027_low,Short_hue_0,0.004705016266898658,0.003666769559819954,0.0040586990103389994,0.00037907305495281894,True,,64,1.0,0,0.001560073165137954,201.30279575945212,50.189320388349515,51.053257351906566,-0.5953870991207945
F1,eval_50027_low,Short_hue_3,0.004705016266898658,0.004852067766911589,0.0049264028359536916,0.0006312045314746281,True,,64,1.0,0,0.0021024858803644353,165.791985645933,60.374481074481075,71.87442735602095,-0.3951654636582559
F1,eval_50027_low,Short_hue_6,0.004705016266898658,0.011560566310519571,0.013504281565000173,0.0017486181657167144,True,,64,1.0,0,0.004224370739082772,93.78374831258438,73.28957627118643,102.46369047619048,0.04422958188487981
F1,eval_50027_low,Short_hue_9,0.004705016266898658,0.019742514700740815,0.02785293540601308,0.005300545009808741,True,,64,1.0,0,0.008566024314055731,48.92301727957466,70.31677876106195,136.20099115044246,0.4714568067699401
F1,eval_50028_low,Short_hue_1,0.012439960016839068,0.01208675001585298,0.011464853224862494,0.0005323488368126155,True,,64,1.0,0,0.0027792141653935065,195.5416101473073,53.65848063363276,57.48889217279937,-0.545597138323893
F1,eval_50028_low,Short_hue_4,0.012439960016839068,0.016332893289874986,0.014984361870105599,0.0010790889580718705,True,,64,1.0,0,0.0033843115600475926,150.2060606060606,68.51783993944399,84.90688723041664,-0.2777353351932779
F1,eval_50028_low,Short_hue_7,0.012439960016839068,0.018288853393374348,0.02501200593003786,0.0030223575993761367,True,,64,1.0,0,0.005876082198820298,85.17518248175182,79.91991657977059,124.61730562871915,0.1880054119297065
F1,eval_50028_low,Short_hue_10,0.012439960016839068,0.01343896166520796,0.03303543976564784,0.005551080612328247,True,,64,1.0,0,0.006248255947975734,44.10916079678861,80.81372440304577,174.86305595408896,0.5971255033968857
F1,eval_50029_low,Short_hue_2,0.014681276865603991,0.014552046982910932,0.014111172804731708,0.0005685594072273354,True,,64,1.0,0,0.003791579623975583,185.21090452261308,57.666094527363185,64.73319831983198,-0.4820185986893438
F1,eval_50029_low,Short_hue_5,0.014681276865603991,0.02005371064621388,0.02025968022904714,0.001838381732040746,True,,64,1.0,0,0.005550112442211708,131.26138254676164,77.47826774142564,98.53104038818324,-0.14243438378229006
F1,eval_50029_low,Short_hue_8,0.014681276865603991,0.01986763342918042,0.029676447948792806,0.004071486972900367,True,,64,1.0,0,0.00584329910460657,68.56909323116219,82.22950191570881,151.8,0.3776886565555276
F1,eval_50030_low,Short_hue_0,0.01939035744066626,0.020216400929973736,0.018480519754171882,0.0007068080155199372,True,,64,1.0,0,0.003862017247843963,205.66662449392712,50.38845693779904,50.78155339805825,-0.6039624549841996
F1,eval_50030_low,Short_hue_3,0.01939035744066626,0.021870309944836915,0.02184988657315165,0.001185390685733351,True,,64,1.0,0,0.004612931448085056,170.42661122661121,63.4817649281935,75.7094572368421,-0.3848162302301196
F1,eval_50030_low,Short_hue_6,0.01939035744066626,0.021384067193042117,0.02788974746286607,0.004950377006341067,True,,64,1.0,0,0.007078158854304295,108.90446678602581,86.64127447612503,124.7889668027694,0.06797152907896307
F1,eval_50030_low,Short_hue_9,0.01939035744066626,0.019838958813753443,0.033642910163509294,0.005367438173540272,True,,64,1.0,0,0.007842445210951898,57.33758241758242,89.81058738216099,186.33014055046806,0.5293789286560474
F1,eval_50031_low,Short_hue_1,0.00775534148743192,0.005986911608498636,0.00645911686929913,0.0004353881235319836,True,,64,1.0,0,0.0018811881188118829,195.1232617400801,54.24750631081048,58.52722772277228,-0.5385206798006674
F1,eval_50031_low,Short_hue_4,0.00775534148743192,0.008593597204143294,0.008455382753732673,0.0011807230507695204,True,,64,1.0,0,0.0026595588594903186,146.0840721040189,65.90662572721396,82.06051495282264,-0.28062711448527466
F1,eval_50031_low,Short_hue_7,0.00775534148743192,0.01800758351571297,0.02138265532476035,0.0020706631086872223,True,,64,1.0,0,0.010812347372341491,79.85398391812865,73.06145038167938,116.1967933382407,0.18537447251528888
F1,eval_50031_low,Short_hue_10,0.00775534148743192,0.01211499608539864,0.031390015486942736,0.00503149903304455,True,,64,1.0,0,0.008163501621121005,43.4234327449787,74.08576658241088,160.3891548753901,0.5738886076471236
F1,eval_50000_high,Short_hue_2,0.06511387887451758,0.05466485540406226,0.04390881691081351,0.005559263279874155,True,,64,1.0,0,0.02325911911683176,147.6283422459893,58.49987116058544,68.51296589901378,-0.36603542851650966
F1,eval_50000_high,Short_hue_5,0.06511387887451758,0.05624114372304174,0.057512694110129804,0.0054098240919478085,True,,64,1.0,0,0.015900286076876213,96.45542711598746,81.49357282502444,123.38,0.12247604145171165
F1,eval_50000_high,Short_hue_8,0.06511387887451758,0.06335724190734546,0.06535529502698448,0.002200028715933576,True,,64,1.0,0,0.01224344212398476,62.82764397905759,94.06281407035176,191.25939054726368,0.5054635975725126
F1,eval_50001_high,Short_hue_0,0.0647655897226971,0.04278849309529772,0.038414410442627285,0.006912580793844615,True,,64,1.0,0,0.014086515047687986,165.51636815920398,50.12426460037308,53.30155788167285,-0.5128227486104957
F1,eval_50001_high,Short_hue_3,0.0647655897226971,0.059860757953098566,0.04756882895491366,0.004691681066290062,True,,64,1.0,0,0.02154858847772223,131.94269052271616,67.83738668793016,84.90707820934291,-0.2169041386965486
F1,eval_50001_high,Short_hue_6,0.0647655897226971,0.057375761793235835,0.06166782605582002,0.004162829156590936,True,,64,1.0,0,0.013419295170842171,85.68160248718229,88.45858662613982,151.17936855890224,0.2765240967410211
F1,eval_50001_high,Short_hue_9,0.0647655897226971,0.06339412820133919,0.06534940154753026,0.0013234846225169562,True,,64,1.0,0,0.010446091292488524,55.49026225655641,96.23568965517242,201.7934605867798,0.5686453721726848
F1,eval_50002_high,Short_hue_1,0.05984931609265929,0.04430518276248163,0.04073779834996324,0.006670139367561293,True,,64,1.0,0,0.021788684852936724,165.04455445544556,54.607951103032896,61.53989024905023,-0.4568039273012865
F1,eval_50002_high,Short_hue_4,0.05984931609265929,0.05784527752633037,0.050195960939423016,0.005701228462958432,True,,64,1.0,0,0.01732497401788735,121.45177964850096,76.0020105165481,103.44699378522908,-0.08005728794504605
F1,eval_50002_high,Short_hue_7,0.05984931609265929,0.05780409089567232,0.0596099409240229,0.002503968787202206,True,,64,1.0,0,0.009946084928085241,74.16016967353951,90.82092207860171,172.49981691172326,0.39868504251373726
F1,eval_50002_high,Short_hue_10,0.05984931609265929,0.061438385688884524,0.06065109642604844,0.0007660630105091025,True,,64,1.0,0,0.01056973141515205,48.65625,96.66746411483254,205.72808088059344,0.617458749667728
F1,eval_50003_high,Short_hue_2,0.06533233898124247,0.05441358569600668,0.043805976484642704,0.005636499273342982,True,,64,1.0,0,0.023187506682339043,150.07207207207207,58.20836683417085,68.37218702206685,-0.3740079294773141
F1,eval_50003_high,Short_hue_5,0.06533233898124247,0.055862503296661474,0.05773803458356449,0.0057890798778437065,True,,64,1.0,0,0.013221252748811807,97.94067465303957,82.35526822134996,124.89426687425589,0.1209576560860614
F1,eval_50003_high,Short_hue_8,0.06533233898124247,0.06194147850895617,0.06532575951607117,0.002521448504575266,True,,64,1.0,0,0.011970905131423737,63.04161664665867,93.77328389520417,190.7788944723618,0.5032582956457944
F1,eval_50004_high,Short_hue_0,0.05310521705655745,0.04038467925672284,0.03843216605797575,0.005975008778564977,True,,64,1.0,0,0.01262175278114519,178.3982492997199,50.84103641456583,53.55911330049261,-0.5381986353000221
F1,eval_50004_high,Short_hue_3,0.05310521705655745,0.0525561104632119,0.04435474556380526,0.0053440048705412375,True,,64,1.0,0,0.014372563396234161,143.7995522995523,66.73234953703704,82.56671960840472,-0.27050334033881707
F1,eval_50004_high,Short_hue_6,0.05310521705655745,0.05310823043097052,0.05120880851280659,0.0043868776748880916,True,,64,1.0,0,0.011267788113759059,89.17536015896673,84.16264390876262,140.76644091962217,0.22436582004079614
F1,eval_50004_high,Short_hue_9,0.05310521705655745,0.055006609774199834,0.05396058056493729,0.000548273292653487,True,,64,1.0,0,0.008980431705671643,54.72167745620716,94.55258249641321,198.3383910891089,0.5675202510552683
F1,eval_50005_high,Short_hue_1,0.049266470942510986,0.043341282714054116,0.03992879426707866,0.0061853579141895,True,,64,1.0,0,0.008948913363599487,172.2375,54.43161006561396,61.375564692147606,-0.47455366185938447
F1,eval_50005_high,Short_hue_4,0.049266470942510986,0.052564486213506297,0.04524915009649736,0.007066547256441224,True,,64,1.0,0,0.012079169834327885,125.72437926753568,75.32080706179067,98.97397339502604,-0.11905029812426643
F1,eval_50005_high,Short_hue_7,0.049266470942510986,0.0508589460123876,0.04863775286981152,0.0024654369736856825,True,,64,1.0,0,0.009319618660498685,75.57319587628865,88.31888960481099,163.390625,0.3674925718951154
F1,eval_50005_high,Short_hue_10,0.049266470942510986,0.051247116120494624,0.0503635027941896,0.0005860766211475681,True,,64,1.0,0,0.008950847256624872,47.96145717205499,95.59754738015607,204.77294685990339,0.6204596097174759
F1,eval_50006_high,Short_hue_2,0.0668358973637735,0.05655207332133071,0.0441181003218845,0.0049390749835567715,True,,64,1.0,0,0.022353459796968567,146.09901800327333,59.47501169043723,68.85224719101123,-0.35936876548478064
F1,eval_50006_high,Short_hue_5,0.0668358973637735,0.05612192314926009,0.05840193320841352,0.00533761121898812,True,,64,1.0,0,0.01436223306626061,96.22896825396825,81.21532372131222,123.11992160601727,0.12259443560080882
F1,eval_50006_high,Short_hue_8,0.0668358973637735,0.06439155128595321,0.06664990647069069,0.0019779999620711812,True,,64,1.0,0,0.012452270535027399,62.13665176654797,93.04907852564102,188.73473541383987,0.5046334102512123
F1,eval_50007_high,Short_hue_0,0.0611354978442743,0.04121706254718987,0.038817044992316564,0.0069178397117472005,True,,64,1.0,0,0.017282452743921484,168.71929907648592,49.64529280075409,53.336593375214164,-0.519611096230506
F1,eval_50007_high,Short_hue_3,0.0611354978442743,0.056481551809418065,0.04684354535882688,0.005327125350490007,True,,64,1.0,0,0.020311158602694168,136.37706043956044,66.74199084668192,83.22279792746114,-0.24205053185080513
F1,eval_50007_high,Short_hue_6,0.0611354978442743,0.055928485180073324,0.05878860746041813,0.004202793493207147,True,,64,1.0,0,0.011612117199305438,84.29053189013035,86.50786967418546,148.9418079096045,0.27719687619215566
F1,eval_50007_high,Short_hue_9,0.0611354978442743,0.06162462825924176,0.06198514671617771,0.001172757083074038,True,,64,1.0,0,0.010888701467189232,54.02934037692747,95.82284670672794,200.8994494349464,0.5761220973370719
F1,eval_50008_high,Short_hue_1,0.05471699164799937,0.043398514789559174,0.04003765351814693,0.005814031835399889,True,,64,1.0,0,0.01491128057896729,168.00988808646994,54.713235294117645,61.701534653465345,-0.46279088851998323
F1,eval_50008_high,Short_hue_4,0.05471699164799937,0.0570741585820067,0.047594576572607794,0.005898170238240926,True,,64,1.0,0,0.013900666262870898,123.66363506363507,75.79401569056742,100.66765060623374,-0.10250903875816351
F1,eval_50008_high,Short_hue_7,0.05471699164799937,0.05556460287835555,0.054945335137382346,0.0025578536334440356,True,,64,1.0,0,0.011860939144763827,73.48429319371728,89.41494845360825,167.93873972889517,0.39124041062583553
F1,eval_50008_high,Short_hue_10,0.05471699164799937,0.056795109606936255,0.0558817338193705,0.0007238388541670248,True,,64,1.0,0,0.01066946775417077,48.089479088872295,95.84116473149493,204.07546971641966,0.6185871246839729
F1,eval_50009_high,Short_hue_2,0.06292371888632753,0.05161876864437942,0.043414964133289644,0.006323216605193234,True,,64,1.0,0,0.01912301723154175,153.42147667147668,58.32174905137934,69.6572867608582,-0.3754915466708053
F1,eval_50009_high,Short_hue_5,0.06292371888632753,0.056383543082438585,0.05665164181495892,0.005700560336144051,True,,64,1.0,0,0.014874644105912882,97.84298827285565,82.23831508213041,125.20427680717023,0.12267036103086786
F1,eval_50009_high,Short_hue_8,0.06292371888632753,0.061325518711162486,0.06356444900172427,0.0018916261975534465,True,,64,1.0,0,0.01092148549304639,62.75927135678392,93.91624365482234,190.987324120603,0.505339007692207
F1,eval_50010_high,Short_hue_0,0.04978673499321216,0.03928876187295708,0.03778418730755915,0.006007568516294885,True,,64,1.0,0,0.009012152123921147,182.5594372613077,51.272916228588066,54.07574042023195,-0.5429611019794648
F1,eval_50010_high,Short_hue_3,0.04978673499321216,0.05025202119098433,0.04342225809829396,0.005545746227704092,True,,64,1.0,0,0.011876876962117255,146.27930146223198,67.39912268289231,83.50874638910541,-0.27316718889459407
F1,eval_50010_high,Short_hue_6,0.04978673499321216,0.05223899174765919,0.04787351561698354,0.004698754136500297,True,,64,1.0,0,0.01113680719979937,92.51881720430107,85.96315249222594,141.08422684980061,0.2078971609387579
F1,eval_50010_high,Short_hue_9,0.04978673499321216,0.05170513082595303,0.05077573264117721,0.0008582409930382555,True,,64,1.0,0,0.00992600729105697,56.51597363083164,95.97819085957849,199.14713444671392,0.5578871425306308
F1,eval_50011_high,Short_hue_1,0.05559903293318277,0.044745007541299675,0.04050726392230268,0.00585889078540519,True,,64,1.0,0,0.016667541303787337,168.70870040043684,54.907846534653466,61.19132277549363,-0.46767014696064346
F1,eval_50011_high,Short_hue_4,0.05559903293318277,0.05774889587748499,0.04795348357657727,0.0056699188225880146,True,,64,1.0,0,0.016813191647133463,126.54961401682714,76.75595238095238,100.83154630039877,-0.11310553469138888
F1,eval_50011_high,Short_hue_7,0.05559903293318277,0.05526573884212652,0.05551498735212291,0.002634915978246259,True,,64,1.0,0,0.012624671916010355,75.16402116402116,90.27526618218693,168.22899094033113,0.38236500288845154
F1,eval_50011_high,Short_hue_10,0.05559903293318277,0.05740258453532237,0.056499255802313686,0.0007208838352890978,True,,64,1.0,0,0.010922312595540995,49.35563909774436,97.4987684729064,206.70334928229664,0.6144978982382655
F1,eval_50012_high,Short_hue_2,0.05452538276428,0.04819464174379916,0.042383208854731104,0.005678843849267586,True,,64,1.0,0,0.018300652753217683,159.89843596059114,59.26001836594138,70.25190355329948,-0.38951292705731894
F1,eval_50012_high,Short_hue_5,0.05452538276428,0.054881507662272074,0.05012916877107523,0.006523970970898125,True,,64,1.0,0,0.014903854731073474,108.87910980859053,81.66435715146403,120.95219609582963,0.0525302079267647
F1,eval_50012_high,Short_hue_8,0.05452538276428,0.05555513486404955,0.0552176233300837,0.0014954698137775284,True,,64,1.0,0,0.011031493760097377,64.39593698175787,93.4748743718593,186.855,0.4873974381521722
F1,eval_50013_high,Short_hue_0,0.05941431759849394,0.04088595633972076,0.03855129983625233,0.006734338805181841,True,,64,1.0,0,0.015360040076075832,170.76470588235293,49.61993543179984,53.099514563106794,-0.5256096355420606
F1,eval_50013_high,Short_hue_3,0.05941431759849394,0.057415755374909186,0.046292214074832985,0.0050005813356374575,True,,64,1.0,0,0.018829855233305492,139.38889211811207,66.76595744680851,83.27242441209407,-0.2520261201204432
F1,eval_50013_high,Short_hue_6,0.05941431759849394,0.05599922374448703,0.057631304273110036,0.003989496894641645,True,,64,1.0,0,0.0118100264062736,85.60014255167498,86.68328045126036,147.04761661906707,0.2641223551278439
F1,eval_50013_high,Short_hue_9,0.05941431759849394,0.06017336132674711,0.06044368762307779,0.0008350899931909257,True,,64,1.0,0,0.010728732437856991,55.07881066302119,95.64940587867417,200.84463296806882,0.569568071751826
F1,eval_50014_high,Short_hue_1,0.06461412859500178,0.04798977994162176,0.041282438899533806,0.006532596296594625,True,,64,1.0,0,0.02206622765788624,159.06198984339687,53.95478562801932,61.1951702902249,-0.4443297983765858
F1,eval_50014_high,Short_hue_4,0.06461412859500178,0.0618118569532262,0.05322549870702743,0.005072107799162521,True,,64,1.0,0,0.021310173501246976,111.14117511823437,75.42008859688417,103.09402371648025,-0.037562228081682185
F1,eval_50014_high,Short_hue_7,0.06461412859500178,0.060315924024764545,0.06409332531487713,0.003184674629541108,True,,64,1.0,0,0.013098229438761155,73.27025313039724,90.99459459459459,173.49785599428265,0.406161084669352
F1,eval_50014_high,Short_hue_10,0.06461412859500178,0.0651052502039771,0.06550000022574631,0.0009155370185093761,True,,64,1.0,0,0.011346254712649606,49.018979266347685,97.04569597069596,205.3975376356634,0.6146556845974923
F1,eval_50015_high,Short_hue_2,0.06669411667584542,0.0545485086521661,0.0437409196693636,0.005051718864601752,True,,64,1.0,0,0.019941492583476217,148.80901434099704,59.50164482204839,69.19974226804123,-0.36516547918174297
F1,eval_50015_high,Short_hue_5,0.06669411667584542,0.05630575117251179,0.05854374956926204,0.005064063920689801,True,,64,1.0,0,0.013649771611060846,99.38872832369943,85.09254922369676,126.29520686963309,0.11922194870841857
F1,eval_50015_high,Short_hue_8,0.06669411667584542,0.06364788066272586,0.06665197478304144,0.002276073848790109,True,,64,1.0,0,0.012573486988977312,63.97278447056529,94.69995177909752,191.6171250340372,0.499410719346778
F1,eval_50016_high,Short_hue_0,0.06640241906099656,0.04365865064913346,0.03853658530484139,0.0064993974864389755,True,,64,1.0,0,0.015215301057664776,164.22943953700883,49.44241037376049,52.812496769191,-0.5133429265514468
F1,eval_50016_high,Short_hue_3,0.06640241906099656,0.06127818671364381,0.048158225866880615,0.004597558253910445,True,,64,1.0,0,0.02272479869635058,130.71232772752109,65.98862525165373,82.1891891891892,-0.22791354068799105
F1,eval_50016_high,Short_hue_6,0.06640241906099656,0.05886590925003557,0.06286943027716742,0.004747910595616869,True,,64,1.0,0,0.01442270211273089,82.5078495305377,85.5568407960199,148.56708472686734,0.2858779789708516
F1,eval_50016_high,Short_hue_9,0.06640241906099656,0.0646421173555448,0.06678347784294243,0.0017713975645408436,True,,64,1.0,0,0.01062841078514476,54.41383327266108,95.21699505044737,200.1607529568549,0.5725116628601437
F1,eval_50017_high,Short_hue_1,0.049586233301447014,0.041449106609064264,0.03953183614063978,0.0057980493092972376,True,,64,1.0,0,0.01222770544606544,174.62904688380758,54.654153475049,61.82317073170732,-0.477076837297964
F1,eval_50017_high,Short_hue_4,0.049586233301447014,0.0535087626459875,0.045229403697797696,0.006159242483859779,True,,64,1.0,0,0.009219080455375561,127.3843166625059,75.5042547497993,99.34940392706872,-0.12364686056638599
F1,eval_50017_high,Short_hue_7,0.049586233301447014,0.05157685150569171,0.04915762246665346,0.002368377266010951,True,,64,1.0,0,0.00963351186431638,75.30820197702377,89.2639458182904,165.15678923865704,0.37364518971098293
F1,eval_50017_high,Short_hue_10,0.049586233301447014,0.05173880259255618,0.05080445175935481,0.0005316736734526249,True,,64,1.0,0,0.008927078940235922,48.757844378781485,96.58390167661267,205.38949175824177,0.6163025344283438
F1,eval_50018_high,Short_hue_2,0.052997093215728305,0.04718688032070495,0.04197647460556374,0.00541523763878223,True,,64,1.0,0,0.015286136444584986,159.5754763918603,59.1172979304959,70.12550515255607,-0.38941919463242364
F1,eval_50018_high,Short_hue_5,0.052997093215728305,0.05435000123375024,0.048957740855142776,0.006223928479296795,True,,64,1.0,0,0.014299268929411912,108.13930767550019,82.01508712282192,118.95981230847804,0.047646616304550984
F1,eval_50018_high,Short_hue_8,0.052997093215728305,0.053864809876678,0.05347858505345415,0.0015801500469017123,True,,64,1.0,0,0.009424958243855919,63.81094527363184,92.35015989036089,186.93532338308458,0.49103174603174415
F1,eval_50019_high,Short_hue_0,0.06204873469422123,0.04228656746623736,0.03897014113600461,0.006808365427699103,True,,64,1.0,0,0.016159028403311293,166.20098039215685,49.88730261734804,52.99038461538461,-0.5164920423433497
F1,eval_50019_high,Short_hue_3,0.06204873469422123,0.05925872609005042,0.04734670312394563,0.004760988603451846,True,,64,1.0,0,0.019621865750823586,132.15999113867966,66.83499340229005,83.52319623708598,-0.22550109488533238
F1,eval_50019_high,Short_hue_6,0.06204873469422123,0.0565570162306151,0.0596211163336583,0.004243219513508667,True,,64,1.0,0,0.012425237670434353,84.06242424242424,86.08847549909255,147.89915110356537,0.27520388566909487
F1,eval_50019_high,Short_hue_9,0.06204873469422123,0.06245897997598133,0.06303187664120387,0.0011008620489262341,True,,64,1.0,0,0.009798520361511076,54.968149210903874,95.97327626641652,200.15291262135923,0.5690818404711361
F1,eval_50020_high,Short_hue_1,0.058127420481205824,0.04521764334099238,0.040917896659216996,0.006294387776383971,True,,64,1.0,0,0.018612296706845277,166.47091747146618,54.95055418719212,61.51794175027871,-0.46034256269999757
F1,eval_50020_high,Short_hue_4,0.058127420481205824,0.05747901423877042,0.049464002467361136,0.006070530164109452,True,,64,1.0,0,0.015969472865586698,123.43097026506922,76.15917602996255,102.91594290920133,-0.09063533082102483
F1,eval_50020_high,Short_hue_7,0.058127420481205824,0.05675976539759364,0.058092349374773526,0.0026876085388049965,True,,64,1.0,0,0.011422210967084623,73.54688990281753,90.24043497912845,170.13662478522338,0.3963736939942689
F1,eval_50020_high,Short_hue_10,0.058127420481205824,0.06005792163074744,0.05920314301844172,0.0006626186828872913,True,,64,1.0,0,0.010468427490253007,48.2566019506809,96.90625,206.2908826945412,0.6208440085908584
F1,eval_50021_high,Short_hue_2,0.05443292206690774,0.0496760242922273,0.042501302464114855,0.00522661562413704,True,,64,1.0,0,0.017405820595954857,157.5450795079508,59.261480394212626,69.34528798624544,-0.3887330806318214
F1,eval_50021_high,Short_hue_5,0.05443292206690774,0.05527831468170006,0.050189522400153494,0.006349092234836556,True,,64,1.0,0,0.015112135373322233,106.52626483844347,81.95715920038535,120.30005810930666,0.060723963126783805
F1,eval_50021_high,Short_hue_8,0.05443292206690774,0.055976402179779755,0.05518056250154021,0.0015179354498775816,True,,64,1.0,0,0.010776004784232907,63.38492795980106,92.42713567839196,186.59465346534654,0.492879157582069
F1,eval_50022_high,Short_hue_0,0.058146214477300395,0.04164898140425542,0.03901182444634686,0.00629701388553034,True,,64,1.0,0,0.016762119654187724,173.02434218430855,50.92689470154259,53.78292682926829,-0.525738949521507
F1,eval_50022_high,Short_hue_3,0.058146214477300395,0.05595672686387563,0.046123828369481125,0.005404544538241072,True,,64,1.0,0,0.01873006720841819,143.26116655759162,66.87852657231231,84.27854251012145,-0.2592190360492963
F1,eval_50022_high,Short_hue_6,0.058146214477300395,0.05511236644753335,0.05639320574340333,0.0040466127446286415,True,,64,1.0,0,0.011461915851110338,88.78798535224367,85.04480340445936,144.96914040648892,0.2403398607503037
F1,eval_50022_high,Short_hue_9,0.058146214477300395,0.059031102359193864,0.05928072715586145,0.0008324323546556023,True,,64,1.0,0,0.009614692833446514,55.78352875875946,96.6162774172154,200.92321879246748,0.5653910207589856
F1,eval_50023_high,Short_hue_1,0.057670019295714914,0.045692636215946096,0.04102145508087141,0.006444435346023496,True,,64,1.0,0,0.01915519180792069,166.93673669397396,55.59226032359334,62.30445544554455,-0.4564287956797428
F1,eval_50023_high,Short_hue_4,0.057670019295714914,0.05796697411705433,0.04946791646502336,0.006047878417810811,True,,64,1.0,0,0.017642781052427225,123.00837988826817,77.84816849816849,102.0953823817189,-0.09290381153854879
F1,eval_50023_high,Short_hue_7,0.057670019295714914,0.05646838982511495,0.05782396044475499,0.0024908307973535875,True,,64,1.0,0,0.011816896487634732,73.98066267730496,90.10330971766945,170.5477520509499,0.3949115258484779
F1,eval_50023_high,Short_hue_10,0.057670019295714914,0.05944596767680367,0.05882087571286339,0.0007077228523776608,True,,64,1.0,0,0.009918231374924313,48.627170868347335,96.91300422138838,205.6561611538728,0.6175355224297719
F1,eval_50024_high,Short_hue_2,0.047389165559386034,0.04421262498404599,0.04072973054551604,0.005727104382741316,True,,64,1.0,0,0.011244195713705829,164.43758249568486,58.80105090311987,68.90323931131928,-0.4094197596654626
F1,eval_50024_high,Short_hue_5,0.047389165559386034,0.05126613964143169,0.045359003567355644,0.00674893749153773,True,,64,1.0,0,0.015345479412856022,112.49152542372882,83.84981702619413,117.84583224457799,0.023245499015229328
F1,eval_50024_high,Short_hue_8,0.047389165559386034,0.049381999851782474,0.04761034069368169,0.001495728462110719,True,,64,1.0,0,0.009842919665520311,64.52487562189054,92.46994699469947,184.75661335364305,0.4823131401608103
F1,eval_50025_high,Short_hue_0,0.06132079847974285,0.04173000744040102,0.038806966323975366,0.006864624790511012,True,,64,1.0,0,0.01815977933829316,168.4656862745098,49.97601242521859,52.86514441842311,-0.5222975104470039
F1,eval_50025_high,Short_hue_3,0.06132079847974285,0.058153046815864154,0.046928808354943986,0.005354905337525135,True,,64,1.0,0,0.020529754609341255,136.65422609305585,66.55173878061862,83.82417847938144,-0.23961552024165284
F1,eval_50025_high,Short_hue_6,0.06132079847974285,0.05609315074879709,0.05884013505163885,0.004222288315545997,True,,64,1.0,0,0.013865857953166194,83.75997036671194,85.21182266009853,147.57201214195757,0.27584617173656006
F1,eval_50025_high,Short_hue_9,0.06132079847974285,0.061254292683186606,0.06219083049952706,0.0011239253740069018,True,,64,1.0,0,0.010726920004564655,54.894040042737025,96.18350756252977,201.36749014707294,0.571577989079532
F1,eval_50026_high,Short_hue_1,0.06295533431455241,0.04788600869810228,0.04122310207080476,0.005932539136544943,True,,64,1.0,0,0.021978395916590898,158.52955665024632,54.882037726781206,62.03117964352721,-0.4375138505077744
F1,eval_50026_high,Short_hue_4,0.06295533431455241,0.05986154225490151,0.05224431166503175,0.005346619029250759,True,,64,1.0,0,0.019920523433122117,113.39011971268954,77.75722729024798,104.21253762078251,-0.042175873237809365
F1,eval_50026_high,Short_hue_7,0.06295533431455241,0.05897715869396884,0.06276263621895324,0.0031921454309179202,True,,64,1.0,0,0.01254921259842523,71.8862433862434,90.75646346621551,173.9886346492331,0.41526158377293537
F1,eval_50026_high,Short_hue_10,0.06295533431455241,0.06341983339273385,0.06390439058041275,0.0010062636234544728,True,,64,1.0,0,0.010224571443132713,48.87636385059503,97.375,206.6139860963827,0.6173917029685174
F1,eval_50027_high,Short_hue_2,0.04670501626689866,0.043355337957200125,0.04001485452347034,0.005680706545198835,True,,64,1.0,0,0.01253141229686705,164.13261421319797,58.565924170616114,68.12855038922785,-0.4133453131878725
F1,eval_50027_high,Short_hue_5,0.04670501626689866,0.05090065638334081,0.04505973362460618,0.007290550785873986,True,,64,1.0,0,0.01541198727538673,112.47832731314253,83.51552366274963,117.328856290087,0.02110695105736585
F1,eval_50027_high,Short_hue_8,0.04670501626689866,0.04857790265221836,0.046922214159127916,0.0014357946878238907,True,,64,1.0,0,0.007674167632599205,65.45886934673368,92.20557788944724,184.93982587064676,0.4771628559014125
F1,eval_50028_high,Short_hue_0,0.05443996001683907,0.04035664236704811,0.03835737793996719,0.006150209036587514,True,,64,1.0,0,0.014217495014125836,175.13655471943514,50.51306366047746,53.64195224207073,-0.5310577645207138
F1,eval_50028_high,Short_hue_3,0.05443996001683907,0.05384907586020553,0.04487739943506813,0.005311950816101391,True,,64,1.0,0,0.01797170192831432,143.1009047631572,66.12280341036818,83.33677534460847,-0.26393191005183264
F1,eval_50028_high,Short_hue_6,0.05443996001683907,0.053866986715103975,0.052803504358710215,0.004429752500571237,True,,64,1.0,0,0.011622516257632665,88.60964599667379,85.13606333606333,143.00735653235654,0.23486061015259202
F1,eval_50028_high,Short_hue_9,0.05443996001683907,0.05628047300140963,0.055420219386244945,0.000964533705707926,True,,64,1.0,0,0.010598071522151198,55.07859212750543,94.70549086897904,198.09885174665598,0.5649012701551579
F1,eval_50029_high,Short_hue_1,0.056681276865603994,0.04418314702355443,0.04069705722689253,0.0063601465195772516,True,,64,1.0,0,0.018550381550738182,166.12800565770863,54.57283048237822,61.082914572864325,-0.4623241302761522
F1,eval_50029_high,Short_hue_4,0.056681276865603994,0.05759249551879458,0.048755898983247156,0.005852977456997218,True,,64,1.0,0,0.01696360535578223,122.84890109890111,76.01055117670077,100.98756159474391,-0.09766656978527107
F1,eval_50029_high,Short_hue_7,0.056681276865603994,0.05617803770213365,0.05674260751103887,0.0028159527040176884,True,,64,1.0,0,0.012445319335083083,73.98027203540778,89.70680628272251,168.81776178010472,0.390602379493558
F1,eval_50029_high,Short_hue_10,0.056681276865603994,0.058648701368357405,0.05781446633225679,0.0005792125630271607,True,,64,1.0,0,0.010847406295972917,48.40541312575876,96.57146709816612,205.96368603724028,0.619408070516136
F1,eval_50030_high,Short_hue_2,0.06139035744066626,0.052318500747774534,0.04342408519057572,0.005399667574196435,True,,64,1.0,0,0.020265860702100347,153.9597937313673,58.633397435897436,69.14003886010363,-0.38018744293090045
F1,eval_50030_high,Short_hue_5,0.06139035744066626,0.05581494275073256,0.05552629011687129,0.0057174084801587775,True,,64,1.0,0,0.012850309033951346,100.18484769212881,82.09476068247018,122.23038859476107,0.0991188430733044
F1,eval_50030_high,Short_hue_8,0.06139035744066626,0.05986974541455582,0.06190296896237961,0.001880048282371954,True,,64,1.0,0,0.010106431806127802,62.630634517766495,94.05975691264203,190.42895833333333,0.5050127615227882
F1,eval_50031_high,Short_hue_0,0.04975534148743192,0.04076798398260907,0.03816698068497036,0.00593178948369025,True,,64,1.0,0,0.010177984814486063,182.59899829497016,51.14556300461361,54.056372549019606,-0.5431637798353164
F1,eval_50031_high,Short_hue_3,0.04975534148743192,0.05181192637980995,0.04407642660179831,0.0060564059145199614,True,,64,1.0,0,0.011309699021267106,147.5785340314136,66.217277486911,82.52754202259575,-0.2827000187233175
F1,eval_50031_high,Short_hue_6,0.04975534148743192,0.05244620471134023,0.04805002892367778,0.004787050034219642,True,,64,1.0,0,0.011736994414159763,92.01782244352684,85.91351351351352,142.69977967097532,0.21592738154645988
F1,eval_50031_high,Short_hue_9,0.04975534148743192,0.05214080247776082,0.0507087164086599,0.0007448715769752034,True,,64,1.0,0,0.00933543181710439,55.49166314900802,95.32246165793049,199.33246237458195,0.564470883320102
F1,eval_50000_low,Long_hue_1,0.023113878874517577,-0.027036761748618007,0.041879102718541686,0.01686022523604036,True,,64,1.0,0,0.02211662679719617,128.36845868644068,48.48177723177723,57.496484237665534,-0.381308994228749
F1,eval_50000_low,Long_hue_4,0.023113878874517577,-0.038749556391560476,0.047181149213829175,0.023330747684169865,True,,64,1.0,0,0.024468816397950177,87.86954365079364,62.65525172501917,86.72067354173382,-0.006580380776964827
F1,eval_50000_low,Long_hue_7,0.023113878874517577,-0.044565171316864625,0.05577918778418063,0.021724426594076418,True,,64,1.0,0,0.02127989615043735,58.065156062424975,64.08838383838383,118.49166666666667,0.3422496489810515
F1,eval_50000_low,Long_hue_10,0.023113878874517577,-0.05081377232258863,0.0620546396153665,0.023665220390635892,True,,64,1.0,0,0.01614739078013272,36.94422196796339,70.84404929770909,154.2308186396553,0.6135037099974714
F1,eval_50001_low,Long_hue_2,0.02276558972269709,-0.0316453895971746,0.042908808285640775,0.018302490335664966,True,,64,1.0,0,0.025897214280344416,124.02462539432176,54.16373650828975,65.5144247183339,-0.30869734042252006
F1,eval_50001_low,Long_hue_5,0.02276558972269709,-0.04687044756383429,0.048770337200658695,0.022348003729989574,True,,64,1.0,0,0.02988875382512679,79.57346848179935,65.92991594946902,99.8037668428497,0.11278074569739058
F1,eval_50001_low,Long_hue_8,0.02276558972269709,-0.05505189326237252,0.05734206643561451,0.02265628898417199,True,,64,1.0,0,0.02028997828759771,52.552114427860694,66.68092812676853,132.77487791644057,0.43287144777886033
F1,eval_50002_low,Long_hue_0,0.01784931609265929,-0.038805735027010846,0.036420953762111574,0.011586932085557451,True,,64,1.0,0,0.013472092212249764,149.70559487698011,42.66464510332435,47.6,-0.5174997441944936
F1,eval_50002_low,Long_hue_3,0.01784931609265929,-0.052157362643694874,0.0381691279726838,0.016100827963577577,True,,64,1.0,0,0.014135731430527598,112.83460764587525,58.56580923248053,75.0975767444088,-0.20080132109302098
F1,eval_50002_low,Long_hue_6,0.01784931609265929,-0.0666620863094273,0.04384487995536308,0.017452571094247832,True,,64,1.0,0,0.025209789486185685,70.76189001003127,66.00120989304813,111.10463552724698,0.22182611889699408
F1,eval_50002_low,Long_hue_9,0.01784931609265929,-0.0812070064995009,0.052571381348812514,0.020443321847758746,True,,64,1.0,0,0.020748280838654543,45.61118421052632,71.0366089965398,146.25869080089262,0.5245612766692835
F1,eval_50003_low,Long_hue_1,0.023332338981242467,-0.026692193314471233,0.041715779053038374,0.016200282546647474,True,,64,1.0,0,0.0232568696078711,129.44115778967426,48.96229379418696,57.20492371705964,-0.3870225053184846
F1,eval_50003_low,Long_hue_4,0.023332338981242467,-0.03802959847532408,0.04681290618891541,0.023097359917059225,True,,64,1.0,0,0.025640847757466556,89.93981983937488,62.96500781657113,89.13072663198523,-0.004518293060098803
F1,eval_50003_low,Long_hue_7,0.023332338981242467,-0.04605597424723106,0.05530008391595046,0.022236612994898514,True,,64,1.0,0,0.023470927115418982,58.98395969498911,64.03058542413382,117.57253559199856,0.33184038798331955
F1,eval_50003_low,Long_hue_10,0.023332338981242467,-0.05042047709162883,0.06151617211299993,0.023774213037620597,True,,64,1.0,0,0.017981059577584113,38.03050002569505,69.62559449958644,154.98803827751198,0.6059394049917176
F1,eval_50004_low,Long_hue_2,0.011105217056557454,-0.043282255788242546,0.030351996918694467,0.007554437170864452,True,,64,1.0,0,0.007358395743511825,142.246751627021,48.74243799153055,56.340753835091085,-0.4325851094812168
F1,eval_50004_low,Long_hue_5,0.011105217056557454,-0.03950760822081653,0.0325280116589201,0.007179785638595591,True,,64,1.0,0,0.00980799994142978,92.93668343863462,68.9325,94.20284237726099,0.006765855225432133
F1,eval_50004_low,Long_hue_8,0.011105217056557454,-0.044044425622263614,0.03759275994596078,0.011052362472468472,True,,64,1.0,0,0.010186792029285963,53.30443479741233,73.78142755681819,153.61624441132636,0.484783879491911
F1,eval_50005_low,Long_hue_0,0.007266470942510986,-0.03659203715367176,0.02141019633065914,0.006056521113511481,True,,64,1.0,0,0.007765032831103635,173.27892120668741,42.986647002551024,46.91804214929215,-0.5738538676081306
F1,eval_50005_low,Long_hue_3,0.007266470942510986,-0.03751146343216616,0.02298140854689236,0.004906752308256665,True,,64,1.0,0,0.00816505079722174,141.35756921513843,59.249654934437544,72.10181121560433,-0.3244446688629077
F1,eval_50005_low,Long_hue_6,0.007266470942510986,-0.02915010635820346,0.027470604824980475,0.003686672103504898,True,,64,1.0,0,0.0062548102539814465,92.65421509592494,78.84943139861173,116.0970919105634,0.11230050317198595
F1,eval_50005_low,Long_hue_9,0.007266470942510986,-0.032467886195467185,0.034005613245790704,0.0075336760708116296,True,,64,1.0,0,0.005971618286520153,52.57028575824007,80.22227200955916,167.32883597883597,0.5218690702994588
F1,eval_50006_low,Long_hue_1,0.024835897363773504,-0.02560576997363312,0.04317973488347847,0.017560978890677603,True,,64,1.0,0,0.02362932946556351,127.36029899330882,50.38170026566651,59.581469194312795,-0.3625665385328459
F1,eval_50006_low,Long_hue_4,0.024835897363773504,-0.03268182811475199,0.04946849340731357,0.023161965344506093,True,,64,1.0,0,0.029945802229266794,88.56944086944087,61.77660497397339,88.12916559856447,-0.0024916737017737388
F1,eval_50006_low,Long_hue_7,0.024835897363773504,-0.03792578334894195,0.05703152020520909,0.022524377581562522,True,,64,1.0,0,0.027127718628371267,58.67203907203907,63.3552534562212,118.78536045997348,0.3387478997577099
F1,eval_50006_low,Long_hue_10,0.024835897363773504,-0.043744327199897105,0.06324416838958552,0.025304946993700613,True,,64,1.0,0,0.02019271265630429,37.19896913817391,69.12762180467556,155.02533131389623,0.6129628870991831
F1,eval_50007_low,Long_hue_2,0.019135497844274294,-0.043524187065168064,0.03898043389568924,0.01572913680913898,True,,64,1.0,0,0.015819070561836956,121.59417576288743,52.07297457828463,64.2590877816639,-0.3084965358570596
F1,eval_50007_low,Long_hue_5,0.019135497844274294,-0.06516930044785266,0.043590126171322546,0.0193149764026717,True,,64,1.0,0,0.01698676157836143,79.33077788492446,65.32689624556063,100.54326364692218,0.11792966667867939
F1,eval_50007_low,Long_hue_8,0.019135497844274294,-0.07353876837127667,0.052386849273044704,0.019909300580599185,True,,64,1.0,0,0.018222580756915074,52.60231433054393,68.1036180358431,138.67792737658098,0.44999740839845676
F1,eval_50008_low,Long_hue_0,0.012716991647999366,-0.04140185900017651,0.031175746469998888,0.00792900545959254,True,,64,1.0,0,0.007799390808853945,160.25885416666665,41.28788990825688,44.20795795795796,-0.5675781560969119
F1,eval_50008_low,Long_hue_3,0.012716991647999366,-0.04885706754810813,0.032722747691346886,0.009925216921651187,True,,64,1.0,0,0.011111432762081264,120.5071293305113,54.875124875124875,69.19304078014184,-0.27050101494604567
F1,eval_50008_low,Long_hue_6,0.012716991647999366,-0.05470709572854396,0.03612893545170206,0.013345385049477123,True,,64,1.0,0,0.019956503663992375,72.58601717659688,68.73254985754986,115.36368708634754,0.22760168778932388
F1,eval_50008_low,Long_hue_9,0.012716991647999366,-0.062343304635472226,0.04194846671070052,0.01504326628113935,True,,64,1.0,0,0.012528181216090672,45.38613053613054,73.76315441565309,160.3118305744888,0.5587109343128271
F1,eval_50009_low,Long_hue_1,0.020923718886327523,-0.03511960123777891,0.03969458283321088,0.015525983408444084,True,,64,1.0,0,0.02127007923548241,131.7398440975452,48.36762332620927,56.506449948400416,-0.39965405178591207
F1,eval_50009_low,Long_hue_4,0.020923718886327523,-0.050832840066301135,0.04325568529930606,0.02213153002350786,True,,64,1.0,0,0.027789845234863053,90.21082726300239,62.00198599471932,86.88209882308985,-0.018796507085180162
F1,eval_50009_low,Long_hue_7,0.020923718886327523,-0.05759184892885208,0.05207364239929564,0.020662545427977148,True,,64,1.0,0,0.017825732802889904,58.8057681514363,65.14356098211508,122.62519607843137,0.3517559871761327
F1,eval_50009_low,Long_hue_10,0.020923718886327523,-0.06163154018663529,0.05972882798012879,0.02214352167723657,True,,64,1.0,0,0.01640888638920146,38.01626449935989,71.44740105351616,156.20665677579237,0.6085295777679792
F1,eval_50010_low,Long_hue_2,0.007786734993212159,-0.039500019980819125,0.023714606938132533,0.005868609500141657,True,,64,1.0,0,0.007235582038731647,155.22859076714815,50.28981298010369,57.34353546910755,-0.46047925958669333
F1,eval_50010_low,Long_hue_5,0.007786734993212159,-0.03536468616450421,0.02572594471399008,0.004025309067227016,True,,64,1.0,0,0.009349792468898666,105.66714980674396,72.63116535994298,96.75503711558855,-0.04402735108565379
F1,eval_50010_low,Long_hue_8,0.007786734993212159,-0.03333860169147172,0.03276018768932506,0.008091277841845284,True,,64,1.0,0,0.014552741718096174,64.64006176631743,79.1097377558041,154.35534793814435,0.40966742770042025
F1,eval_50011_low,Long_hue_0,0.013599032933182768,-0.044460895225393635,0.03255219075713728,0.009081804667772767,True,,64,1.0,0,0.009078733948763462,158.62898036627618,41.326052127701146,43.867850930367396,-0.5667304949961971
F1,eval_50011_low,Long_hue_3,0.013599032933182768,-0.0540491713853808,0.03417770179618521,0.011900539825862325,True,,64,1.0,0,0.011205772307247508,119.11470377247025,56.285176892073444,71.5206462585034,-0.24966018897457218
F1,eval_50011_low,Long_hue_6,0.013599032933182768,-0.06356545431250411,0.03794373189746877,0.014764717796197062,True,,64,1.0,0,0.023120629974531237,71.0793854691193,68.15241290113977,111.95578063241106,0.22332536437624906
F1,eval_50011_low,Long_hue_9,0.013599032933182768,-0.07076833180145935,0.0440402992530173,0.01625940266249334,True,,64,1.0,0,0.022536669654268482,45.48173413068085,74.87345629510826,155.61670801290003,0.5476669670249565
F1,eval_50012_low,Long_hue_1,0.012525382764279998,-0.04636772947750424,0.031831113739305805,0.00906575885903148,True,,64,1.0,0,0.00998475860561554,149.08677888543878,43.72213640184951,50.95669398907104,-0.4905437977370333
F1,eval_50012_low,Long_hue_4,0.012525382764279998,-0.051194062164413516,0.03336329331283646,0.010527651472262253,True,,64,1.0,0,0.014044989065587932,103.23901143790849,62.14077060931899,83.10617159215289,-0.10804057029211021
F1,eval_50012_low,Long_hue_7,0.012525382764279998,-0.057713090136714044,0.03890309933706852,0.014227129675318502,True,,64,1.0,0,0.022154750626869668,61.565073124311326,70.65991160582746,133.37563036362027,0.3683712839568891
F1,eval_50012_low,Long_hue_10,0.012525382764279998,-0.0649337437623692,0.042236799819838196,0.01593629347552162,True,,64,1.0,0,0.016241073881564705,40.228112752487185,77.75282403349888,171.1082236632971,0.619297718179968
F1,eval_50013_low,Long_hue_2,0.017414317598493944,-0.049001736893425976,0.03767340770043239,0.015183498525039058,True,,64,1.0,0,0.014228265735189427,129.08267441860465,50.84306878306879,63.26845912538627,-0.3421566282486516
F1,eval_50013_low,Long_hue_5,0.017414317598493944,-0.07061474106288934,0.040918763341183585,0.018386754071056218,True,,64,1.0,0,0.019203428898310948,77.48209348761007,64.54907463592232,99.57250019333385,0.12476607495161085
F1,eval_50013_low,Long_hue_8,0.017414317598493944,-0.07811338878597067,0.04959022107874831,0.01864564251036471,True,,64,1.0,0,0.021410952969393326,52.53011412025209,68.88919876568447,141.10546393469932,0.45743323982181716
F1,eval_50014_low,Long_hue_0,0.022614128595001778,-0.029462358189099494,0.04000026477985521,0.0146145809998298,True,,64,1.0,0,0.022895768165965613,139.94415699608248,44.88612168945819,50.024839743589745,-0.47333680124507355
F1,eval_50014_low,Long_hue_3,0.022614128595001778,-0.03782535806455325,0.04421352160445241,0.020977218669582395,True,,64,1.0,0,0.026357818707495206,106.97469937469938,60.03172168364216,78.84371530347892,-0.15138964628420057
F1,eval_50014_low,Long_hue_6,0.022614128595001778,-0.04288625282325006,0.05189092024665043,0.02025363143711217,True,,64,1.0,0,0.024206175398078678,68.67477015016856,65.23871703853956,111.9324494949495,0.2395124593013466
F1,eval_50014_low,Long_hue_9,0.022614128595001778,-0.054112446355173906,0.05986703538806917,0.02197803984491867,True,,64,1.0,0,0.017716619647142995,44.89167019027484,69.42744360902256,146.31485423116615,0.5304378830574972
F1,eval_50015_low,Long_hue_1,0.02469411667584542,-0.025570556327059516,0.04312501937370089,0.01756204031612041,True,,64,1.0,0,0.02586612420590917,127.8195218373494,49.40364597451884,58.83366925450383,-0.3695937485949374
F1,eval_50015_low,Long_hue_4,0.02469411667584542,-0.036443357058509075,0.049052152742736284,0.023692733274674603,True,,64,1.0,0,0.02927807265944249,88.93120815581253,63.78545454545454,87.52524599583424,-0.00796775706923134
F1,eval_50015_low,Long_hue_7,0.02469411667584542,-0.041190430990440716,0.05721314788511968,0.021974547299505414,True,,64,1.0,0,0.0207873585495989,60.00926352792024,66.49183840032646,121.24254138170284,0.33783541015944524
F1,eval_50015_low,Long_hue_10,0.02469411667584542,-0.044495336425013084,0.0633964023455813,0.024698458870532767,True,,64,1.0,0,0.01716640564957006,38.22983257229832,71.65722889981852,155.66431779898932,0.6056628578108997
F1,eval_50016_low,Long_hue_2,0.024402419060996557,-0.026383912117120798,0.045436789222518925,0.020456289846000557,True,,64,1.0,0,0.02105559522942768,121.60971388780797,53.90914611108113,68.0482233502538,-0.28241101489110165
F1,eval_50016_low,Long_hue_5,0.024402419060996557,-0.03241579832752279,0.05217931042348079,0.022967535532780567,True,,64,1.0,0,0.02353479338130393,77.83382948321028,63.51576117713639,96.80183524074647,0.10861473106033893
F1,eval_50016_low,Long_hue_8,0.024402419060996557,-0.043016862159907826,0.05939117775062428,0.023700849063060386,True,,64,1.0,0,0.0175049197653816,53.05103416659925,67.12022091790985,135.77298117789923,0.43809018074516703
F1,eval_50017_low,Long_hue_0,0.0075862333014470144,-0.03705787701955159,0.02246524080119481,0.006335684393623692,True,,64,1.0,0,0.006733478872632315,172.03071909021565,41.69787972675351,45.12952756614614,-0.5843665840225335
F1,eval_50017_low,Long_hue_3,0.0075862333014470144,-0.0382831043982917,0.02376544240159421,0.005273741795593027,True,,64,1.0,0,0.0068417982839864555,141.65385601786198,59.03284189389136,71.28670719065121,-0.3304544130387517
F1,eval_50017_low,Long_hue_6,0.0075862333014470144,-0.030434457657737682,0.027805941126427015,0.004269992327032892,True,,64,1.0,0,0.0068044918234100304,92.67005582137162,78.71173762945915,115.83506826934298,0.11110044680673084
F1,eval_50017_low,Long_hue_9,0.0075862333014470144,-0.03353801554541395,0.03403118529785714,0.007889107161741465,True,,64,1.0,0,0.007683919575260378,54.21924065087069,81.52238657090743,168.00823502477914,0.5120383698188052
F1,eval_50018_low,Long_hue_1,0.010997093215728306,-0.04192847567937419,0.02982416841349777,0.007057781560169999,True,,64,1.0,0,0.007130402516563827,152.382425378878,44.495864197530864,49.93769957387154,-0.5063496566588777
F1,eval_50018_low,Long_hue_4,0.010997093215728306,-0.04089513548172133,0.031242126178928988,0.006367191259373769,True,,64,1.0,0,0.008214063552038908,105.56237329484932,62.25235849056604,80.68550654662161,-0.13356859025403178
F1,eval_50018_low,Long_hue_7,0.010997093215728306,-0.04240132670677419,0.035718561347228284,0.009219919792578296,True,,64,1.0,0,0.008129525339249377,64.52310106716885,73.62805018416206,134.47643688999955,0.3515251167964356
F1,eval_50018_low,Long_hue_10,0.010997093215728306,-0.04873397873970694,0.03912185599391365,0.011834844046068157,True,,64,1.0,0,0.008492978326162914,40.52898889538282,77.44409573382323,167.46013184743367,0.6102777996210852
F1,eval_50019_low,Long_hue_2,0.020048734694221228,-0.041393332041515164,0.0405040408984926,0.017919824485456426,True,,64,1.0,0,0.020936977956809155,120.88477682719729,52.580396265955414,65.85811092321643,-0.2946653902960149
F1,eval_50019_low,Long_hue_5,0.020048734694221228,-0.05834630032293464,0.04619277393846573,0.020625282801619745,True,,64,1.0,0,0.018945852911974592,77.80534709193245,63.855557978520416,98.90175079158129,0.11938628358638761
F1,eval_50019_low,Long_hue_8,0.020048734694221228,-0.06692111743831734,0.05500333789137486,0.02149110102054078,True,,64,1.0,0,0.019020181508779377,51.61177773786001,67.02853457172343,134.906045751634,0.446575380601443
F1,eval_50020_low,Long_hue_0,0.016127420481205825,-0.04095098018384703,0.035093944506017195,0.011269096075193922,True,,64,1.0,0,0.01055867600153193,159.35409452275275,40.819438018568206,45.40398009950249,-0.5565109685342998
F1,eval_50020_low,Long_hue_3,0.016127420481205825,-0.05636484606827397,0.03692565518761511,0.015363190678602307,True,,64,1.0,0,0.01657361011691727,113.30219146482122,55.756651958818026,73.15637860082305,-0.21530687943098725
F1,eval_50020_low,Long_hue_6,0.016127420481205825,-0.07137780884297748,0.04218241765489301,0.016257024524749822,True,,64,1.0,0,0.025151683557398274,69.16079990928529,65.492323269514,109.7330779054917,0.2267952290587265
F1,eval_50020_low,Long_hue_9,0.016127420481205825,-0.08417884328668378,0.05012105772474221,0.019508579596419138,True,,64,1.0,0,0.019802044781680905,45.15324948323582,72.09494977041061,149.0055048859935,0.5348831977221208
F1,eval_50021_low,Long_hue_1,0.012432922066907742,-0.04488837503522622,0.03150569110700338,0.008505330043371813,True,,64,1.0,0,0.010175687002850431,146.1044765802135,43.53684545599236,50.37476109577405,-0.487225605192474
F1,eval_50021_low,Long_hue_4,0.012432922066907742,-0.04945570194583085,0.03312749846556072,0.01018277490519293,True,,64,1.0,0,0.014798300505691864,100.42433421129647,61.412259158751695,82.94283319864715,-0.09533604766641139
F1,eval_50021_low,Long_hue_7,0.012432922066907742,-0.05394833579919741,0.03891906066505959,0.013460421124708643,True,,64,1.0,0,0.018944324894935582,62.429996060277745,70.69289989835485,130.5184562145535,0.3528841996477474
F1,eval_50021_low,Long_hue_10,0.012432922066907742,-0.061367918303416404,0.0424743350799031,0.014698412380847417,True,,64,1.0,0,0.011011600942331778,40.11766241515626,77.5264078154922,165.6380576443866,0.61004571436899
F1,eval_50022_low,Long_hue_2,0.016146214477300393,-0.05183639624489265,0.03672913234194747,0.014383113731348615,True,,64,1.0,0,0.013807680819558632,134.04115805946793,50.50564517953707,62.65603577215505,-0.36291886476234997
F1,eval_50022_low,Long_hue_5,0.016146214477300393,-0.07289918038429394,0.03978520932765134,0.01830146775559233,True,,64,1.0,0,0.016825967665084374,78.92572512876117,65.52134146341463,97.7571051888125,0.10658296579358209
F1,eval_50022_low,Long_hue_8,0.016146214477300393,-0.07868939075130452,0.04755609494841537,0.017937830089819702,True,,64,1.0,0,0.014264912091467963,52.583569437637834,70.03202767153044,140.359573295544,0.4549319691516056
F1,eval_50023_low,Long_hue_0,0.01567001929571491,-0.04316758713315307,0.03476097162784687,0.011094499139856278,True,,64,1.0,0,0.009664731857550568,160.2322009569378,42.294300144300145,46.00268300248139,-0.5538806809081473
F1,eval_50023_low,Long_hue_3,0.01567001929571491,-0.05898022019453258,0.036698849177843544,0.01578872560695193,True,,64,1.0,0,0.014232904640537059,117.19806266130877,56.818237310419306,72.26780733748123,-0.23714168321774387
F1,eval_50023_low,Long_hue_6,0.01567001929571491,-0.07064906349746154,0.04134513353068856,0.0163970820818574,True,,64,1.0,0,0.01673733091055929,70.2683465959328,66.35845007451564,110.1720147443981,0.2211460221651976
F1,eval_50023_low,Long_hue_9,0.01567001929571491,-0.080803008846883,0.047972521473039834,0.018053795507906284,True,,64,1.0,0,0.016820336617638154,46.153519232626735,73.71287781162137,152.8010136790142,0.536039530668803
F1,eval_50024_low,Long_hue_1,0.005389165559386035,-0.026367209738676272,0.017567607492543175,0.004576676246415725,True,,64,1.0,0,0.004852784962678269,182.39131906252643,47.68464689432432,56.729642683519685,-0.5255151010661409
F1,eval_50024_low,Long_hue_4,0.005389165559386035,-0.02548093746526392,0.01953895289583505,0.0036509624838007917,True,,64,1.0,0,0.004440695551462648,139.83071649133825,69.39649209486166,91.71961462450594,-0.20777816051907183
F1,eval_50024_low,Long_hue_7,0.005389165559386035,-0.030322637806009883,0.02696569305319559,0.006697652812420411,True,,64,1.0,0,0.008919081475461166,81.01246926589393,81.98678561205992,141.65865613968134,0.2723576609375177
F1,eval_50024_low,Long_hue_10,0.005389165559386035,-0.03291780324934372,0.03333513850694097,0.0075527572159259,True,,64,1.0,0,0.007925365976375165,45.508306100217865,81.7785493949221,176.86850880360214,0.5907099746895745
F1,eval_50025_low,Long_hue_2,0.019320798479742846,-0.044444121847339854,0.039604723564142144,0.016728412900745625,True,,64,1.0,0,0.016845614802971087,122.8808712628718,52.20547693585485,65.56563413321027,-0.3041459272974815
F1,eval_50025_low,Long_hue_5,0.019320798479742846,-0.06199298535679318,0.04474749165008264,0.0200276272940947,True,,64,1.0,0,0.01511914932920777,79.64057971014492,65.55126728110599,101.15627927988221,0.1190048305591636
F1,eval_50025_low,Long_hue_8,0.019320798479742846,-0.06858446346190679,0.05324432823700226,0.019885585978925664,True,,64,1.0,0,0.015442938558511421,52.75798948220064,69.09251248638094,139.26986267898155,0.45051731935305456
F1,eval_50026_low,Long_hue_0,0.020955334314552404,-0.032724510682396686,0.03895376309108774,0.013570559146035815,True,,64,1.0,0,0.022718067030818467,140.74562833206397,44.351394063213554,49.40418164390127,-0.4803657006005302
F1,eval_50026_low,Long_hue_3,0.020955334314552404,-0.044430276498789764,0.042208561876212775,0.020488964842872052,True,,64,1.0,0,0.01982347391346506,105.37073625349487,58.44,77.68497776872688,-0.15124225229815536
F1,eval_50026_low,Long_hue_6,0.020955334314552404,-0.051120746102282455,0.049744034940351255,0.020922633824023398,True,,64,1.0,0,0.02245437961950314,68.67820191569334,66.00330275229358,113.7918759811617,0.2472387505143147
F1,eval_50026_low,Long_hue_9,0.020955334314552404,-0.06245537326943919,0.05773620390756255,0.022324331642008276,True,,64,1.0,0,0.017354319576865396,44.28138754696725,70.14908810380979,148.4921326754386,0.5405864094209683
F1,eval_50027_low,Long_hue_1,0.004705016266898658,-0.02404379753640865,0.015924940028046404,0.004332055316333132,True,,64,1.0,0,0.004190414709488222,188.4601008310686,48.62255522724075,57.38187855787476,-0.5331807960503612
F1,eval_50027_low,Long_hue_4,0.004705016266898658,-0.023834224592762125,0.018138098593923985,0.0038891959273210227,True,,64,1.0,0,0.0039576204806859305,143.2486033519553,68.22282591725215,88.32648648648649,-0.23716763708819008
F1,eval_50027_low,Long_hue_7,0.004705016266898658,-0.033468422451433145,0.023752947338805286,0.0075918886245362515,True,,64,1.0,0,0.009195165902769586,82.67866610265088,83.80817822899041,144.55582346305698,0.27230530664014024
F1,eval_50027_low,Long_hue_10,0.004705016266898658,-0.03283578878792694,0.03244266384251169,0.007724083475998208,True,,64,1.0,0,0.007328891580860031,46.21936606981371,81.33168859649123,175.24454099821747,0.582601366681245
F1,eval_50028_low,Long_hue_2,0.012439960016839068,-0.04726670176970349,0.031988660507866744,0.009228210746916987,True,,64,1.0,0,0.010730866624970803,139.3294517742998,47.44743250653163,58.56144534719253,-0.40814412184669857
F1,eval_50028_low,Long_hue_5,0.012439960016839068,-0.051559428817100496,0.03381969893084164,0.010557145059177408,True,,64,1.0,0,0.011004920910940852,88.80046192609183,68.72032224532225,98.93664772727273,0.05399138092567939
F1,eval_50028_low,Long_hue_8,0.012439960016839068,-0.059412259654429804,0.040289818991524735,0.013741565516098663,True,,64,1.0,0,0.011059415877290535,53.17561560601215,72.3097981848579,148.16811169056933,0.4717926769311852
F1,eval_50029_low,Long_hue_0,0.014681276865603991,-0.04324449278927914,0.033947368049949765,0.009981104003435073,True,,64,1.0,0,0.007629444046766798,160.5019204851752,41.60830899192277,45.02190661020936,-0.5618813911117492
F1,eval_50029_low,Long_hue_3,0.014681276865603991,-0.05593807461932746,0.03550205312839735,0.013265740185519041,True,,64,1.0,0,0.014802502537722084,120.62359447004609,56.49345123204572,72.79601286173633,-0.24727369819476702
F1,eval_50029_low,Long_hue_6,0.014681276865603991,-0.06657293918997756,0.03986697777693195,0.015068628068629547,True,,64,1.0,0,0.014372359911575483,68.38272351108839,66.12456140350878,113.88149350649351,0.24963084219112464
F1,eval_50029_low,Long_hue_9,0.014681276865603991,-0.07743012451893495,0.04634340356029987,0.018483186393791998,True,,64,1.0,0,0.023412473651644117,45.32550032680756,72.63146057015919,150.04463598583962,0.5360038009670601
F1,eval_50030_low,Long_hue_1,0.01939035744066626,-0.04246815006807133,0.03885102685513108,0.014459200844300269,True,,64,1.0,0,0.014000789168369665,136.66078629032256,46.399914420196836,56.32320574162679,-0.41629142242738515
F1,eval_50030_low,Long_hue_4,0.01939035744066626,-0.06076487252555506,0.04197326028711387,0.0203291469120808,True,,64,1.0,0,0.018080448000425076,89.22005809800467,62.15702479338843,87.39345238095237,-0.010342389504057374
F1,eval_50030_low,Long_hue_7,0.01939035744066626,-0.06659221351871067,0.050563763350948115,0.019016771771241104,True,,64,1.0,0,0.020694691389382736,60.31793525204713,65.34056956115779,128.08080350790962,0.3596779293846568
F1,eval_50030_low,Long_hue_10,0.01939035744066626,-0.07430289029544104,0.05801144186854819,0.02145051569615888,True,,64,1.0,0,0.017871190943616333,39.584283843440424,72.30901315789474,156.5142105263158,0.5962816137812661
F1,eval_50031_low,Long_hue_2,0.00775534148743192,-0.03912252654274617,0.02413538915926888,0.0058328991034379335,True,,64,1.0,0,0.006078250895446891,155.7353843987609,50.014828716023935,59.01439364790654,-0.45038924664143504
F1,eval_50031_low,Long_hue_5,0.00775534148743192,-0.03396022452030864,0.026152535511549176,0.004200112804351956,True,,64,1.0,0,0.007267240633382466,105.88220164609054,72.32770562770563,97.68621399176955,-0.040261587872753676
F1,eval_50031_low,Long_hue_8,0.00775534148743192,-0.030301259249155107,0.03322951331466025,0.008258776925730292,True,,64,1.0,0,0.010428992402700121,62.78814432989691,77.6756504663721,154.60573583536365,0.42235591653117166
F1,eval_50000_high,Long_hue_0,0.06511387887451758,-0.0197865693635859,0.05010952035526785,0.017483084811895436,False,detected_frames_below_58,44,0.6875,20,0.08171487947088674,123.70182887470415,44.16861734156255,48.056356911206734,-0.4404184383839835
F1,eval_50000_high,Long_hue_3,0.06511387887451758,-0.00830043286889253,0.06202255698217291,0.018465552061314464,False,detected_frames_below_58,51,0.796875,13,0.08827797001880489,93.09009009009009,56.65371024734982,70.17142857142858,-0.14038005836621795
F1,eval_50000_high,Long_hue_6,0.06511387887451758,0.015202651189079023,0.07186386965416153,0.023359447492614375,False,detected_frames_below_58,57,0.890625,7,0.11974806368923185,63.99473684210526,62.354838709677416,103.31782945736434,0.2350277297455063
F1,eval_50000_high,Long_hue_9,0.06511387887451758,0.031193093402009243,0.07576276609666616,0.026260362502005346,False,detected_frames_below_58,55,0.859375,9,0.1767998896995635,39.57746478873239,71.28063241106719,148.35754189944134,0.5788175339318177
F1,eval_50001_high,Long_hue_1,0.0647655897226971,-0.011872591840956279,0.05231291820876383,0.01849531688519864,False,detected_frames_below_58,44,0.6875,20,0.15219235197780123,114.88170942998684,48.354458853666344,53.287108301264425,-0.3662664812638197
F1,eval_50001_high,Long_hue_4,0.0647655897226971,-0.02360119596199822,0.07056630164036924,0.02314560319359992,True,,63,0.984375,1,0.05235769442544669,80.23650385604113,58.298611111111114,79.1947194719472,-0.00653438117294454
F1,eval_50001_high,Long_hue_7,0.0647655897226971,0.022299914895835122,0.07380934691998241,0.021579124854879426,False,detected_frames_below_58,55,0.859375,9,0.13672016959418531,55.29896907216495,64.18930041152264,122.0372340425532,0.37633750919554265
F1,eval_50001_high,Long_hue_10,0.0647655897226971,0.014153290346453004,0.07780357516697105,0.033778898411165534,False,detected_frames_below_58,55,0.859375,9,0.17640249039868772,36.13122171945702,70.31636363636363,154.66836734693877,0.6212652040158836
F1,eval_50002_high,Long_hue_2,0.05984931609265929,-0.026441019184917244,0.056593920519842474,0.014011478362577514,False,detected_frames_below_58,47,0.734375,17,0.06954690976761213,108.0030303030303,53.004629629629626,60.194945848375454,-0.2842369780455589
F1,eval_50002_high,Long_hue_5,0.05984931609265929,-0.012523606794246517,0.07013469631113665,0.019465863477391925,True,,58,0.90625,6,0.07717211340803742,72.36961240310077,63.291157595952114,90.35283069718866,0.11051467733313422
F1,eval_50002_high,Long_hue_8,0.05984931609265929,0.020885003946550525,0.07418809484185696,0.021376239291436366,False,detected_frames_below_58,56,0.875,8,0.11352508544345619,47.020348958987896,65.61534173976608,131.6934731624114,0.4737916922055702
F1,eval_50003_high,Long_hue_0,0.06533233898124247,-0.013751014627336777,0.049302802080170724,0.01822279543125753,False,detected_frames_below_58,44,0.6875,20,0.13980489630804815,123.06544502617801,44.56581426233052,49.01480898112975,-0.4303261665449606
F1,eval_50003_high,Long_hue_3,0.06533233898124247,-0.008279324040557886,0.06323164037384943,0.017914404685505116,False,detected_frames_below_58,56,0.875,6,0.03441155346313218,91.70559202730246,56.80527296386112,69.3057972405263,-0.13911931875524572
F1,eval_50003_high,Long_hue_6,0.06533233898124247,0.006867572794608928,0.07283404940393444,0.030378953602411683,False,detected_frames_below_58,56,0.875,8,0.156656698676101,61.08039368774694,61.329334393293344,103.11514341523593,0.25600421588270506
F1,eval_50003_high,Long_hue_9,0.06533233898124247,0.027497404322305675,0.07642580752779508,0.02747957078231472,False,detected_frames_below_58,52,0.8125,12,0.19700085260043132,40.144676857066244,71.26078431372548,148.6544340463458,0.5747365899662082
F1,eval_50004_high,Long_hue_1,0.05310521705655745,-0.02211571533925558,0.0549022332526319,0.012894770393878027,False,detected_frames_below_58,52,0.8125,12,0.062498506818581934,116.13590507464707,50.35413848823987,56.10005850058501,-0.3485674264993923
F1,eval_50004_high,Long_hue_4,0.05310521705655745,-0.019606215780868956,0.06760843108208883,0.016222456446410117,True,,64,1.0,0,0.02077097605934841,84.6648735594259,60.45827562941657,81.42120308227692,-0.019530056599184567
F1,eval_50004_high,Long_hue_7,0.05310521705655745,-0.0034669693467906156,0.07380113882052562,0.02115251461792512,True,,59,0.921875,5,0.11839049274463564,51.41489361702128,59.77142857142857,112.63983050847457,0.3731982557516484
F1,eval_50004_high,Long_hue_10,0.05310521705655745,0.0024983732135833293,0.07542086724491631,0.022463577588769445,True,,58,0.90625,5,0.10355820745283206,35.66001716001716,64.49232173031429,143.39298701298702,0.6016820010954731
F1,eval_50005_high,Long_hue_2,0.049266470942510986,-0.019590902213479828,0.057202605442149265,0.010457932248420026,True,,64,1.0,0,0.02600740256831069,108.51073907836704,51.02685432776855,60.81464214168639,-0.2816830920031713
F1,eval_50005_high,Long_hue_5,0.049266470942510986,-0.007155396348238837,0.06820491397695679,0.01795928978228332,True,,64,1.0,0,0.03232683098673739,76.24240768126192,62.74257563334677,92.76650782845473,0.09777058267818252
F1,eval_50005_high,Long_hue_8,0.049266470942510986,-0.00028708116229306957,0.07397359324324403,0.01664735556429156,False,detected_frames_below_58,56,0.875,8,0.11413564924496167,46.10830548440177,63.95058479532164,128.02440660474716,0.47042339223664753
F1,eval_50006_high,Long_hue_0,0.0668358973637735,-0.016616599973522064,0.04964354477926685,0.018390713843444297,False,detected_frames_below_58,45,0.703125,19,0.0807248231902048,123.26404494382022,45.155893536121674,49.064516129032256,-0.4305701176453242
F1,eval_50006_high,Long_hue_3,0.0668358973637735,-0.005780960991576689,0.06267548763793093,0.01805386370330959,False,detected_frames_below_58,56,0.875,8,0.0474364377938038,92.08214285714286,55.68079745596869,69.38319892473118,-0.14058090536281084
F1,eval_50006_high,Long_hue_6,0.0668358973637735,0.02802641209570434,0.0724244654993002,0.019013355680064566,True,,58,0.90625,6,0.10885728391175098,62.24696194762684,63.30777156663035,105.63533125756788,0.2584451789499277
F1,eval_50006_high,Long_hue_9,0.0668358973637735,0.02636830894497813,0.07874171383301674,0.030873701037641022,False,detected_frames_below_58,55,0.859375,9,0.19677916640428572,39.8,69.58378378378379,140.19245283018867,0.5577592351880551
F1,eval_50007_high,Long_hue_1,0.0611354978442743,-0.021520485532254684,0.05305155739520687,0.013662476226284494,False,detected_frames_below_58,44,0.6875,18,0.06687935559779168,116.27956888472352,48.24469692851318,53.0908512772742,-0.3730800074004117
F1,eval_50007_high,Long_hue_4,0.0611354978442743,-0.01351012178606177,0.06777693204435783,0.01544027522220443,False,detected_frames_below_58,55,0.859375,9,0.0427352104242783,84.52970297029702,60.82312925170068,81.9065934065934,-0.015760441807498807
F1,eval_50007_high,Long_hue_7,0.0611354978442743,0.02228776278442632,0.07344152207345128,0.019643257949564247,False,detected_frames_below_58,56,0.875,8,0.10161539952240173,55.32833820662768,63.53430735930736,122.08114035087719,0.37626401186119335
F1,eval_50000_low,Short_hue_1,0.023113878874517577,0.024618786720918055,0.022785215161813758,0.0006936225234778213,True,,64,1.0,0,0.004206685702748625,197.8863528179741,54.51225490196079,58.86911033069944,-0.5414383039116739
F1,eval_50000_low,Short_hue_4,0.023113878874517577,0.024217869777516197,0.026579563103008907,0.002712018818848691,True,,64,1.0,0,0.005461545038964677,146.28052773497689,71.71976511744128,90.27317841435874,-0.23676377864593948
F1,eval_50000_low,Short_hue_7,0.023113878874517577,0.026047231064800447,0.03245690705746702,0.005456672007345939,True,,64,1.0,0,0.007399480744420095,86.43253296664551,87.12771294579562,150.62469327134187,0.2707876124402639
F1,eval_50000_low,Short_hue_10,0.023113878874517577,0.023384800024683506,0.035365433060384616,0.0035265817302011005,True,,64,1.0,0,0.0076403961031416,45.41626794258373,88.72518189835739,192.8130191148026,0.6187180131916874
F1,eval_50001_low,Short_hue_2,0.02276558972269709,0.024576300695721476,0.023480563150362777,0.000832307691488295,True,,64,1.0,0,0.004544979998961862,186.7632988173189,58.9070351758794,66.01096592427075,-0.47770817577688307
F1,eval_50001_low,Short_hue_5,0.02276558972269709,0.023572312472324896,0.02813837346334426,0.00447553932958441,True,,64,1.0,0,0.005466537399047122,126.48613986657465,80.73650602409639,106.98794040315512,-0.08351333664487899
F1,eval_50001_low,Short_hue_8,0.02276558972269709,0.025196736150776524,0.033580113613102425,0.005117194208745255,True,,64,1.0,0,0.006942957192166532,70.31383147853737,86.96882596882597,171.15449410848183,0.41761445268151154
F1,eval_50002_low,Short_hue_0,0.01784931609265929,0.017519197770305344,0.016434451523258873,0.0005562443238028721,True,,64,1.0,0,0.003977387441954416,206.30464068379246,51.5153809695766,51.489036230168125,-0.6005407359362577
F1,eval_50002_low,Short_hue_3,0.01784931609265929,0.020281366165299276,0.019451001647001323,0.0010779086772220612,True,,64,1.0,0,0.004259762580438808,170.2738782051282,64.38166278166278,75.99399038461539,-0.3828347090524133
F1,eval_50002_low,Short_hue_6,0.01784931609265929,0.021526471973354673,0.026228104375890876,0.0036632593855424295,True,,64,1.0,0,0.006546968980391643,109.80994043186895,85.51029962546816,124.20469912102772,0.06151221443522089
F1,eval_50002_low,Short_hue_9,0.01784931609265929,0.018682035007153548,0.033149846793174294,0.00504146343576897,True,,64,1.0,0,0.00686932576050947,56.0912003014886,87.57311098549087,181.5664708854364,0.5279664231215039
F1,eval_50003_low,Short_hue_1,0.023332338981242467,0.024471983697850676,0.022918707899078274,0.0005523012094232403,True,,64,1.0,0,0.004307228586717948,197.20451492537313,55.01742574257426,58.60591133004926,-0.5418020118419058
F1,eval_50003_low,Short_hue_4,0.023332338981242467,0.023448671016437887,0.02681967216721214,0.0030521515513573633,True,,64,1.0,0,0.006239045700682677,146.3504738858641,72.85949788263764,91.04242424242423,-0.23298106253183226
F1,eval_50003_low,Short_hue_7,0.023332338981242467,0.024623834346136155,0.03249865591880394,0.006080173687418599,True,,64,1.0,0,0.007905704700298388,86.9635063559322,86.75051124744377,148.88489906832297,0.26254742999429403
F1,eval_50003_low,Short_hue_10,0.023332338981242467,0.02173963374324661,0.035374263717419696,0.004217582464911267,True,,64,1.0,0,0.0057602065476081155,47.794182306721495,90.64201362404987,196.2421875,0.6083027923700461
F1,eval_50004_low,Short_hue_2,0.011105217056557454,0.010297769930436532,0.009974717844855385,0.0006164020469152688,True,,64,1.0,0,0.0024083378577279824,186.43467336683415,57.331615254457894,64.47501380815865,-0.48606995182938584
F1,eval_50004_low,Short_hue_5,0.011105217056557454,0.016925799268354084,0.015534877376993819,0.0012147079814134264,True,,64,1.0,0,0.003766177934654724,127.85582771658721,75.28169715067811,97.08885467980295,-0.1367757295216589
F1,eval_50004_low,Short_hue_8,0.011105217056557454,0.01951210005677477,0.027134772356722275,0.004082206592307335,True,,64,1.0,0,0.008178022484434777,66.04880952380952,76.36339285714286,135.9767857142857,0.34613424159479855
F1,eval_50005_low,Short_hue_0,0.007266470942510986,0.00517554095118225,0.0059941722757977395,0.0003971724338308187,True,,64,1.0,0,0.0018788544213739211,202.09324381926683,49.60683398138329,50.72324731942972,-0.5987346625137443
F1,eval_50005_low,Short_hue_3,0.007266470942510986,0.0060719847286373274,0.006583365352069388,0.0006049366530104847,True,,64,1.0,0,0.0021028365550668227,167.28150681076215,60.213065767469914,71.61737677527151,-0.4004377442016765
F1,eval_50005_low,Short_hue_6,0.007266470942510986,0.011346176948129479,0.015014147108146478,0.0019768435455887546,True,,64,1.0,0,0.004325647310615244,99.25853597601599,77.94299633577614,109.97761151079136,0.05122955886697911
F1,eval_50005_low,Short_hue_9,0.007266470942510986,0.017357087413485146,0.028973517245472737,0.004142618726928261,True,,64,1.0,0,0.008641662969945618,50.05216613672496,70.66039597657245,139.19604074572362,0.47104210960566645
F1,eval_50006_low,Short_hue_1,0.024835897363773504,0.02512674195438582,0.02447111996292491,0.0007917751506697794,True,,64,1.0,0,0.005015881438578007,195.72772277227722,54.44942203579964,58.3084387454514,-0.5409437900723245
F1,eval_50006_low,Short_hue_4,0.024835897363773504,0.024355825069646377,0.02832628306017811,0.0036956548348357557,True,,64,1.0,0,0.005273831187894817,142.18208092485548,72.61842758706314,91.86740331491713,-0.2149745288837857
F1,eval_50006_low,Short_hue_7,0.024835897363773504,0.025265986090497794,0.03322045845331408,0.006115401883205363,True,,64,1.0,0,0.0071674264401160315,85.56889163968768,86.46475562475196,150.04435286935285,0.2736495622901664
F1,eval_50006_low,Short_hue_10,0.024835897363773504,0.02320448303466588,0.03576845374975105,0.0038634930717610047,True,,64,1.0,0,0.006135596686777767,46.73574879227053,90.51415321287287,192.9011869997837,0.6099453647427212
F1,eval_50007_low,Short_hue_2,0.019135497844274294,0.021324595391503515,0.01997509904091748,0.0006405410806594381,True,,64,1.0,0,0.0046841722224157945,187.65812975769938,57.70398009950249,65.58100746268656,-0.4820626212636814
F1,eval_50007_low,Short_hue_5,0.019135497844274294,0.021186416615712914,0.02523028153375132,0.003425987269823813,True,,64,1.0,0,0.005524712006840904,129.43099647266314,78.90309671471672,104.33988323457652,-0.10733207347942177
F1,eval_50007_low,Short_hue_8,0.019135497844274294,0.020684567944037256,0.03196460262584415,0.005493041889378481,True,,64,1.0,0,0.00687075276696647,69.20331146625725,86.69526397515529,167.14235891985254,0.41438900612647245
F1,eval_50008_low,Short_hue_0,0.012716991647999366,0.011172563360313656,0.011321654722380907,0.0004383987477264423,True,,64,1.0,0,0.0028787449541394228,204.334142394822,50.68981003752346,51.586575133485894,-0.5968550289190238
F1,eval_50008_low,Short_hue_3,0.012716991647999366,0.014825706638109415,0.013367298633676658,0.0009588320585223571,True,,64,1.0,0,0.003374578177727794,170.25064102564102,63.32652916073968,73.74195961106955,-0.3955393776808271
F1,eval_50008_low,Short_hue_6,0.012716991647999366,0.018936762901919313,0.022034173901668012,0.002568240608026089,True,,64,1.0,0,0.004991007316035967,106.10007974481658,81.88776552287581,117.12763504611331,0.04940047570537934
F1,eval_50008_low,Short_hue_9,0.012716991647999366,0.01650634212699497,0.030973307952790612,0.004799772777871591,True,,64,1.0,0,0.00629610033923611,53.32718120805369,82.7910598961631,167.5614352090862,0.5171577234442217
F1,eval_50009_low,Short_hue_1,0.020923718886327523,0.02284420019463578,0.020932685552333283,0.0006307338488942361,True,,64,1.0,0,0.0045372081272223586,198.97029702970298,54.529314696175504,58.47219387755102,-0.5457455863522044
F1,eval_50009_low,Short_hue_4,0.020923718886327523,0.022579562370819643,0.025046042547321103,0.0027281043985983703,True,,64,1.0,0,0.004779526542134649,148.28305374339857,71.17145177964849,89.53682519666125,-0.24701984042950204
F1,eval_50009_low,Short_hue_7,0.020923718886327523,0.02375453111360203,0.030984306998591015,0.006012771062623199,True,,64,1.0,0,0.008100606129269883,87.89575358851675,86.6310654552963,149.0965011999495,0.25823944190099735
F1,eval_50009_low,Short_hue_10,0.020923718886327523,0.020866980048740016,0.03525656068367467,0.0045485182013954946,True,,64,1.0,0,0.006749156355455477,46.2683886551348,89.965506508206,192.54408950182943,0.6125128049236666
F1,eval_50010_low,Short_hue_2,0.007786734993212159,0.006426915067638966,0.006512083059540411,0.00043873665365270445,True,,64,1.0,0,0.0019685039370078705,185.84156565656565,58.5342368407695,65.70388888888888,-0.4775982813315646
F1,eval_50010_low,Short_hue_5,0.007786734993212159,0.011110748569129327,0.010875905377636847,0.0016645007751876898,True,,64,1.0,0,0.0038087178788275278,126.339135493109,75.14939024390245,96.23907489322758,-0.13523363561795013
F1,eval_50010_low,Short_hue_8,0.007786734993212159,0.01889257145414515,0.024915815646178806,0.002593093499373964,True,,64,1.0,0,0.005865744054720401,63.9139344262295,71.62210973628297,126.99982778415614,0.33044183210011907
F1,eval_50011_low,Short_hue_0,0.013599032933182768,0.012401306649341044,0.012302573157061295,0.00043696828066580747,True,,64,1.0,0,0.002894858730894012,204.68103606919396,50.70971349704931,51.31717555461751,-0.5990817652271085
F1,eval_50011_low,Short_hue_3,0.013599032933182768,0.015405962382024402,0.014361665804222329,0.0007942888399231973,True,,64,1.0,0,0.003012071970451169,170.24767280649633,62.91816774556713,74.06186902409058,-0.39370465460208703
F1,eval_50011_low,Short_hue_6,0.013599032933182768,0.019284175718945532,0.02266570343837618,0.0030624046228066196,True,,64,1.0,0,0.0068196639777102774,106.91339234014393,82.34873556675882,114.8279355220349,0.03569268416580489
F1,eval_50011_low,Short_hue_9,0.013599032933182768,0.016016167214237983,0.03172668663982113,0.005298071336399999,True,,64,1.0,0,0.008036631290653906,53.96131380856402,82.94185513765672,169.3623068432671,0.516743337305177
F1,eval_50012_low,Short_hue_1,0.012525382764279998,0.011930893690576112,0.011577868964571405,0.0005560029816393443,True,,64,1.0,0,0.002913385826771586,196.09438819714336,54.87960011590843,58.66089108910891,-0.539472616595351
F1,eval_50012_low,Short_hue_4,0.012525382764279998,0.01663865373667586,0.01525041586527141,0.0012383530986443067,True,,64,1.0,0,0.0037251260752169113,149.079137770072,69.86783625730993,85.70117507065298,-0.2699458141637897
F1,eval_50012_low,Short_hue_7,0.012525382764279998,0.01925271685439917,0.024714546565588934,0.00310231383643902,True,,64,1.0,0,0.006244531933508268,83.74316487158244,79.35714285714286,124.54411764705883,0.19588787314378928
F1,eval_50012_low,Short_hue_10,0.012525382764279998,0.012738492132236084,0.03295550984173991,0.006073446871483128,True,,64,1.0,0,0.00789100129818121,42.66379790940766,80.77551913716427,175.29093292704533,0.6085077140039538
F1,eval_50013_low,Short_hue_2,0.017414317598493944,0.0182998996287721,0.017396674835076186,0.0006554613269186471,True,,64,1.0,0,0.003701667344833126,187.6221070902588,57.78043532338309,65.47813766220443,-0.48259127345970354
F1,eval_50013_low,Short_hue_5,0.017414317598493944,0.019872115558530867,0.023122969009654493,0.0028314454938428695,True,,64,1.0,0,0.0049240897791743565,132.46262768580488,78.29829432045,102.46310473152579,-0.12769790114344184
F1,eval_50013_low,Short_hue_8,0.017414317598493944,0.019829365583440853,0.030838100593986565,0.005192332907976318,True,,64,1.0,0,0.008072090197317694,68.81176470588235,85.88600091199271,164.0180035650624,0.4089092196681132
F1,eval_50014_low,Short_hue_0,0.022614128595001778,0.02312558138356429,0.02125743581572059,0.0006155972774064155,True,,64,1.0,0,0.0041227157926013724,205.73543689320388,50.32918064777135,50.88780487804878,-0.6034045511481057
F1,eval_50014_low,Short_hue_3,0.022614128595001778,0.02371394527539658,0.024391391898735636,0.0016349417278428101,True,,64,1.0,0,0.005321010175973306,169.2012487050984,64.18795641423725,76.99488611830742,-0.37452400563855065
F1,eval_50014_low,Short_hue_6,0.022614128595001778,0.022682732424494506,0.030106117272139018,0.006250352547167213,True,,64,1.0,0,0.008824163817947484,106.92053036783575,86.32791058789542,127.5210713805619,0.08787067166873622
F1,eval_50014_low,Short_hue_9,0.022614128595001778,0.023211016597310837,0.03490174191471598,0.004396273133813359,True,,64,1.0,0,0.006278673892684772,56.20123250590336,89.0052861350726,187.05094254340486,0.5379179446637103
F1,eval_50015_low,Short_hue_1,0.02469411667584542,0.024651896228219745,0.024273932510810798,0.0005762239883310377,True,,64,1.0,0,0.004663987109901013,196.89643805843997,55.523945485000766,59.03217821782178,-0.5386824726618312
F1,eval_50015_low,Short_hue_4,0.02469411667584542,0.023452193820217033,0.02811653670726105,0.003780008217311485,True,,64,1.0,0,0.005230730851957244,144.74362691796546,73.15358926342073,92.53328573371414,-0.22003970213863755
F1,eval_50015_low,Short_hue_7,0.02469411667584542,0.024168847930311266,0.03294461204642512,0.006236877914220271,True,,64,1.0,0,0.008219274604097215,87.72352647352648,87.66085847853805,151.96472645002058,0.26801980986938373
F1,eval_50015_low,Short_hue_10,0.02469411667584542,0.023077155611475855,0.0357896771975569,0.0037943708636793776,True,,64,1.0,0,0.007052799381672359,46.86517357222844,91.92388663967611,198.05010046531302,0.6172948073051167
F1,eval_50016_low,Short_hue_2,0.024402419060996557,0.02499156750900004,0.025035464755158197,0.0010373761460560147,True,,64,1.0,0,0.00450141079480082,184.41687176331845,57.2195145631068,65.06542713567839,-0.47839644397360287
F1,eval_50016_low,Short_hue_5,0.024402419060996557,0.024549832738658874,0.02998446795383361,0.0052600765544796564,True,,64,1.0,0,0.006204730880799314,124.18214081894706,79.78230042981522,106.29857954545454,-0.07759243916461919
F1,eval_50016_low,Short_hue_8,0.024402419060996557,0.025797964786157077,0.03441453132208693,0.005019363969289512,True,,64,1.0,0,0.006799301435696958,69.6207620082722,87.12154255319149,172.85998372219206,0.42576255447794464
F1,eval_50017_low,Short_hue_0,0.0075862333014470144,0.005623560289995778,0.00633878715476655,0.0004275766928592362,True,,64,1.0,0,0.0018455661435312631,203.76984800282784,50.83177310866098,51.51720278072346,-0.5963978382561728
F1,eval_50017_low,Short_hue_3,0.0075862333014470144,0.0065731885688871125,0.006879615172311364,0.0005186937940458963,True,,64,1.0,0,0.0018335858306729458,168.12354643152383,61.5578947368421,72.60824742268042,-0.39677060300016076
F1,eval_50017_low,Short_hue_6,0.0075862333014470144,0.012381685416273583,0.015812500275407256,0.0013853431194177461,True,,64,1.0,0,0.004165729283839514,99.57451084082496,77.2446962391514,108.55045894196604,0.043127684825654336
F1,eval_50017_low,Short_hue_9,0.0075862333014470144,0.016634660846248282,0.028562618108205956,0.004378550638444012,True,,64,1.0,0,0.008331092759746528,50.762531328320804,72.96793454223794,141.96600458365162,0.47322246715445904
F1,eval_50018_low,Short_hue_1,0.010997093215728306,0.008990524704037085,0.009464504948635145,0.0004408792880714057,True,,64,1.0,0,0.0030106530801297104,196.68264326432643,54.9035675282126,58.61898092248249,-0.5407864629988397
F1,eval_50018_low,Short_hue_4,0.010997093215728306,0.01379926838145788,0.012431034262683924,0.001192266582146459,True,,64,1.0,0,0.0037409617720154387,149.266813392986,67.97623224728488,83.44110662890166,-0.2828683559970487
F1,eval_50018_low,Short_hue_7,0.010997093215728306,0.019114364052665245,0.023710740196084944,0.002168055180983503,True,,64,1.0,0,0.005177435012404197,83.68417931688805,77.85245444921156,123.12007874015748,0.19069191221580709
F1,eval_50018_low,Short_hue_10,0.010997093215728306,0.011105713404566654,0.03263570163400272,0.00581981619440929,True,,64,1.0,0,0.0061658331865143134,43.75022423133498,80.64562883435583,173.9726610429448,0.5981109273265394
F1,eval_50019_low,Short_hue_2,0.020048734694221228,0.022461810748963407,0.021001071611010697,0.000669410334252893,True,,64,1.0,0,0.00448312349930835,187.2838783878388,58.508267528116775,65.68359995898066,-0.48069530211367
F1,eval_50019_low,Short_hue_5,0.020048734694221228,0.021873154186578044,0.026249738505340316,0.003950251676892908,True,,64,1.0,0,0.005554177388381598,128.47620112445694,80.36293859649123,105.12069027374162,-0.09998211325039633
F1,eval_50019_low,Short_hue_8,0.020048734694221228,0.02359080362725089,0.03273557244662603,0.005530973638225191,True,,64,1.0,0,0.0069076592698640304,69.48117283950617,87.00409493565101,168.74131944444446,0.41666991917213336
F1,eval_50020_low,Short_hue_0,0.016127420481205825,0.014952720452786311,0.014496851538322877,0.0005789678310313188,True,,64,1.0,0,0.0032994934997674363,204.94185037523454,50.275392083644505,51.15903706800446,-0.6004774713688298
F1,eval_50020_low,Short_hue_3,0.016127420481205825,0.017686609249932855,0.016869456396515544,0.0009665834910584123,True,,64,1.0,0,0.004359796520280179,170.86678685897436,63.58804078258473,75.3498423145482,-0.3879386411269146
F1,eval_50020_low,Short_hue_6,0.016127420481205825,0.01997257547383401,0.02418264668313688,0.003072017137107067,True,,64,1.0,0,0.006915001009489163,109.0965367965368,83.6499187432286,119.79408388520972,0.04673650260028317
F1,eval_50020_low,Short_hue_9,0.016127420481205825,0.018470673436151004,0.032056715035103545,0.004199997201563114,True,,64,1.0,0,0.005715184072679125,54.50476190476191,84.92106625258799,177.70012191623636,0.5305459471147151
F1,eval_50021_low,Short_hue_1,0.012432922066907742,0.011684830674091977,0.011452528234763075,0.0004397557777422611,True,,64,1.0,0,0.003031496062992134,195.64365401332947,54.012159718256235,58.16583380925186,-0.5416575297617606
F1,eval_50021_low,Short_hue_4,0.012432922066907742,0.016206388266942963,0.015055969898370998,0.001021116664454066,True,,64,1.0,0,0.0033217857423629704,148.9541499330656,68.91463257135477,84.35901149768554,-0.27686024242808105
F1,eval_50021_low,Short_hue_7,0.012432922066907742,0.020054581199709712,0.02512048559935579,0.003003052758638346,True,,64,1.0,0,0.0059492563429570655,84.54653012527342,80.45169839492348,124.3975276728309,0.19072568020127179
F1,eval_50021_low,Short_hue_10,0.012432922066907742,0.014347146588631923,0.03351380471285562,0.00570342377545889,True,,64,1.0,0,0.006040565095683181,45.478456197672045,81.91416586591765,177.85322988090942,0.592727239056707
F1,eval_50022_low,Short_hue_2,0.016146214477300393,0.016237992095999867,0.01551702489102205,0.0006612574871397981,True,,64,1.0,0,0.003947142745770682,187.40901894758002,57.945,65.34,-0.48296535217371733
F1,eval_50022_low,Short_hue_5,0.016146214477300393,0.0199640737697412,0.021461213708359326,0.0021147411394131944,True,,64,1.0,0,0.004500172823105997,132.3351375979588,78.52886721786446,100.64888143176734,-0.13600184380950406
F1,eval_50022_low,Short_hue_8,0.016146214477300393,0.018977655699682388,0.02998665022863166,0.004874997923845478,True,,64,1.0,0,0.008142870415534409,70.56872008062484,85.85359361135758,161.20097604259095,0.39104446128187037
F1,eval_50023_low,Short_hue_0,0.01567001929571491,0.014335627655727462,0.013824538819855821,0.0004868050167792845,True,,64,1.0,0,0.0032219940612490117,205.27644230769232,51.13083451202263,51.210144927536234,-0.6006797432992409
F1,eval_50023_low,Short_hue_3,0.01567001929571491,0.016923936253675106,0.016131494842789088,0.0008771529983487465,True,,64,1.0,0,0.0034573974956426667,170.31056391797557,63.407558384178415,74.38611983254842,-0.39201366612399524
F1,eval_50023_low,Short_hue_6,0.01567001929571491,0.01938632152675018,0.02365537719977979,0.003316974544758033,True,,64,1.0,0,0.006722928864661193,109.35726364637407,83.38825757575758,117.50877926421404,0.03593096398764533
F1,eval_50023_low,Short_hue_9,0.01567001929571491,0.016480671281454445,0.03190323144899068,0.0053550028853277575,True,,64,1.0,0,0.0073154071053372904,53.3632446090478,82.65689004157291,171.41017964071855,0.5251819045141985
F1,eval_50024_low,Short_hue_1,0.005389165559386035,0.004167005258399542,0.004411432362427453,0.00033847081547759333,True,,64,1.0,0,0.0012535746464528152,194.30245098039217,54.29664179104478,59.04402258800913,-0.5338871565380757
F1,eval_50024_low,Short_hue_4,0.005389165559386035,0.006750698169273019,0.006609102027624348,0.0011159000695144196,True,,64,1.0,0,0.0029637867722855926,144.7199012867971,66.00911854103343,81.66497354497355,-0.2785297727539446
F1,eval_50024_low,Short_hue_7,0.005389165559386035,0.016170134903992016,0.020124887271293503,0.00236168082866087,True,,64,1.0,0,0.00716169125271926,79.65957046979867,72.92007739735013,117.1883116883117,0.19064843780421956
F1,eval_50024_low,Short_hue_10,0.005389165559386035,0.011798164026960968,0.03114924646635143,0.004921664132820896,True,,64,1.0,0,0.009026812824867392,41.791521080829256,71.90893637688198,150.24545454545455,0.564755475402211
F1,eval_50025_low,Short_hue_2,0.019320798479742846,0.021711996546169926,0.02028706792732774,0.0006891934922965055,True,,64,1.0,0,0.004427457375856925,187.23425973580373,57.91684432262322,65.19975499387485,-0.48343130331548323
F1,eval_50025_low,Short_hue_5,0.019320798479742846,0.020952536229685466,0.02550221419205451,0.003892908704943857,True,,64,1.0,0,0.005570603988731437,129.65743724241287,80.11284080158254,104.51108981380065,-0.10738568391206382
F1,eval_50025_low,Short_hue_8,0.019320798479742846,0.021652569359876268,0.032425798431731614,0.005771323844918517,True,,64,1.0,0,0.006835618559382972,70.77986897623806,88.10788855539606,170.11753096501974,0.4123650235038008
F1,eval_50026_low,Short_hue_0,0.020955334314552404,0.022069448245178962,0.02010356523515788,0.0007021673445703502,True,,64,1.0,0,0.00438270687862119,206.78155339805824,51.12019230769231,51.259482698841964,-0.6027028609543081
F1,eval_50026_low,Short_hue_3,0.020955334314552404,0.02328521753493173,0.023399315281886553,0.0014429702607068196,True,,64,1.0,0,0.00453477346745268,170.66894563885484,64.43689394712666,76.85638297872342,-0.37900187097648336
F1,eval_50026_low,Short_hue_6,0.020955334314552404,0.02400712033859396,0.029728132811090335,0.006549943789504061,True,,64,1.0,0,0.00983838005307447,108.3107760635811,86.6099025974026,127.79016999260901,0.0825045145070782
F1,eval_50026_low,Short_hue_9,0.020955334314552404,0.0237487517678935,0.03491416860799277,0.0049880905686077205,True,,64,1.0,0,0.0074834664817774454,55.73527695897813,89.72058275258826,187.61466143562916,0.5419330916895476
F1,eval_50027_low,Short_hue_1,0.004705016266898658,0.0036643703477682392,0.003978897167702513,0.0003866360698769478,True,,64,1.0,0,0.0012024359024087605,194.34915112386417,53.93901243424199,58.46323529411765,-0.5374970655317576
F1,eval_50027_low,Short_hue_4,0.004705016266898658,0.006460605903714927,0.0063180987786052205,0.0010691721414991333,True,,64,1.0,0,0.0029054239087438205,143.62433862433863,64.84396468699839,80.30737054225696,-0.28275123839195226
F1,eval_50027_low,Short_hue_7,0.004705016266898658,0.015451596164516896,0.01953973151106208,0.0024584771698307095,True,,64,1.0,0,0.009651096244548407,76.30500955500955,70.53973889143381,111.31765725902895,0.18661203520106592
F1,eval_50027_low,Short_hue_10,0.004705016266898658,0.013994556055795963,0.03156358243127688,0.0040871230792042705,True,,62,0.96875,2,0.006483649003334091,41.75111635352599,72.29383420872345,152.94245820404763,0.5711094580455208
F1,eval_50028_low,Short_hue_2,0.012439960016839068,0.012832509452008159,0.011890278913185634,0.0006565618290930261,True,,64,1.0,0,0.0026552624977822514,185.33103015075378,57.32901515151515,64.05550505050505,-0.4862954008418177
F1,eval_50028_low,Short_hue_5,0.012439960016839068,0.018705505209012114,0.017810207722907256,0.0018101201987003926,True,,64,1.0,0,0.004746612459110011,129.0935906219076,75.43834900731451,98.17707270625043,-0.13603391420130811
F1,eval_50028_low,Short_hue_8,0.012439960016839068,0.019114637555855282,0.02819549542624425,0.004146825204602133,True,,64,1.0,0,0.007324515470048976,66.94103604678921,78.47982812127,142.57298878013847,0.360987541506235
F1,eval_50029_low,Short_hue_0,0.014681276865603991,0.01313989559150233,0.013196491048728857,0.00045421215240976174,True,,64,1.0,0,0.0031081839303802594,203.0795011148272,50.20852311939268,51.09201022466113,-0.5979721727631423
F1,eval_50029_low,Short_hue_3,0.014681276865603991,0.016125427607619244,0.01542071466916023,0.0008816659847614934,True,,64,1.0,0,0.0032623753190768046,168.65303636923596,62.95088348611665,73.94054235467848,-0.39041632722828745
F1,eval_50029_low,Short_hue_6,0.014681276865603991,0.020768459388991422,0.023480375815612565,0.002726741677247925,True,,64,1.0,0,0.0051927422115713995,107.33430824559123,82.40669230769231,115.67560083594566,0.03740323748262077
F1,eval_50029_low,Short_hue_9,0.014681276865603991,0.016306271561481234,0.03204381471730351,0.005146664237665808,True,,64,1.0,0,0.0065969909101167845,53.8378354978355,82.78848484848484,171.2857575757576,0.521704191348473
F1,eval_50030_low,Short_hue_1,0.01939035744066626,0.020919723594090348,0.01942105874139709,0.0006225802043085917,True,,64,1.0,0,0.004184620777482051,197.70544469922427,54.14567380383359,57.883623753155405,-0.5470571249103299
F1,eval_50030_low,Short_hue_4,0.01939035744066626,0.02140244808093557,0.023724643068793322,0.002370221790953534,True,,64,1.0,0,0.004547173321362563,149.88278503264692,71.09170574795574,89.07186895551257,-0.2544872638477565
F1,eval_50030_low,Short_hue_7,0.01939035744066626,0.02233705104102158,0.03003863834185996,0.005403577357755049,True,,64,1.0,0,0.007079663591861851,89.99431336963097,87.77757775156745,147.96976095317095,0.24363109325861998
F1,eval_50030_low,Short_hue_10,0.01939035744066626,0.018399897170957698,0.03471805233259645,0.0051624652038705175,True,,64,1.0,0,0.0066002779064380235,46.80222780859917,89.77041103603604,193.64459978070175,0.6107062149429496
F1,eval_50031_low,Short_hue_2,0.00775534148743192,0.006209548518759748,0.006488037164901198,0.0005021429029656972,True,,64,1.0,0,0.0022814844750760344,184.43913010704057,57.29814044843506,64.76633165829145,-0.48021739813006303
F1,eval_50031_low,Short_hue_5,0.00775534148743192,0.010715003575519667,0.010925027344719153,0.001578451401340526,True,,64,1.0,0,0.0037088917198937477,124.69029988893001,73.28125,95.26734209565535,-0.13376647216165596
F1,eval_50031_low,Short_hue_8,0.00775534148743192,0.01895500440845753,0.02497876323973914,0.003212816679168358,True,,64,1.0,0,0.007417337918967037,63.253846153846155,71.40096153846153,125.36780626780626,0.3293045062244908
F1,eval_50000_high,Short_hue_0,0.06511387887451758,0.0444344898249304,0.0386830297682931,0.006428982968330893,True,,64,1.0,0,0.016136252807278706,164.56443144314431,49.48058227324439,53.06824074074074,-0.5123136594499755
F1,eval_50000_high,Short_hue_3,0.06511387887451758,0.06045539075390656,0.04780465412893026,0.004818714380764943,True,,64,1.0,0,0.02384197167661739,129.33666333666332,66.78609625668449,82.52040170349909,-0.22098041254507564
F1,eval_50000_high,Short_hue_6,0.06511387887451758,0.059127552459419606,0.061849749197483365,0.00432835868883852,True,,64,1.0,0,0.011852362602214672,83.50170454545454,86.97135849570788,149.75060975609756,0.28402249902221827
F1,eval_50000_high,Short_hue_9,0.06511387887451758,0.06497783240595624,0.06570017030395178,0.001130067772807019,True,,64,1.0,0,0.010841036174825902,54.67685391692222,95.92377693651719,201.27763836772982,0.5727611308645031
F1,eval_50001_high,Short_hue_1,0.0647655897226971,0.046896929589405806,0.04082076432885166,0.0065351973001793245,True,,64,1.0,0,0.020333263426817405,159.18844221105527,54.566873777755774,61.096683914622616,-0.44529451453053864
F1,eval_50001_high,Short_hue_4,0.0647655897226971,0.06030314763721946,0.05293445442171956,0.004434798799236461,True,,64,1.0,0,0.013438015015564853,112.27516388413473,77.55612808244388,104.71790674603174,-0.034827181882610476
F1,eval_50001_high,Short_hue_7,0.0647655897226971,0.06000031316729643,0.0640045774105481,0.00331427318607745,True,,64,1.0,0,0.01414426973324967,72.976775085034,91.01017831576206,174.2930610626487,0.4097397707543382
F1,eval_50001_high,Short_hue_10,0.0647655897226971,0.06431388609526072,0.06527833249678773,0.0009089406072748614,True,,64,1.0,0,0.010279076763848649,48.69565217391305,97.09540688397539,206.34613761080624,0.6181358967483929
F1,eval_50002_high,Short_hue_2,0.05984931609265929,0.050140151669856414,0.04297135741397706,0.005849704370047627,True,,64,1.0,0,0.020934008852459107,156.73746081504703,58.902945713290535,69.66154078094377,-0.3846126503220625
F1,eval_50002_high,Short_hue_5,0.05984931609265929,0.05580529563908427,0.05427901213406105,0.006273023059600678,True,,64,1.0,0,0.016067823793390223,103.43499163879599,82.17374231732302,123.38095238095238,0.08793897108229591
F1,eval_50002_high,Short_hue_8,0.05984931609265929,0.05944749142632702,0.060435086505628295,0.0015745397672854127,True,,64,1.0,0,0.010092866198288308,64.0625,94.12466843501326,189.45864321608042,0.49461808835881843
F1,eval_50003_high,Short_hue_0,0.06533233898124247,0.04369870290256496,0.03865443728945348,0.006715148429687106,True,,64,1.0,0,0.018740100297920392,166.79529411764707,49.57805440738248,52.702768610194354,-0.5197883028649644
F1,eval_50003_high,Short_hue_3,0.06533233898124247,0.060539250696773676,0.0477021550897605,0.004782495955665437,True,,64,1.0,0,0.02212769285071925,132.160883424408,65.60588235294118,82.73438631678644,-0.23000272256875326
F1,eval_50003_high,Short_hue_6,0.06533233898124247,0.058127696576086164,0.06212057672517604,0.00496458044860401,True,,64,1.0,0,0.013154202382378966,84.90630057480887,86.92504127996355,150.5563401860828,0.2788129760166079
F1,eval_50003_high,Short_hue_9,0.06533233898124247,0.06352211710196856,0.0656642803200603,0.0017082854807627629,True,,64,1.0,0,0.010961460274096724,55.238687999234706,96.10539215686273,201.2581739592389,0.5692837130445826
F1,eval_50004_high,Short_hue_1,0.05310521705655745,0.04333384033654052,0.04029174673771496,0.005790447229643138,True,,64,1.0,0,0.015685014555117505,170.66336633663366,55.17561648280338,61.64700402079043,-0.4692703220614484
F1,eval_50004_high,Short_hue_4,0.05310521705655745,0.05492623499560667,0.04666623665343866,0.00594776648767527,True,,64,1.0,0,0.013259111053741224,126.05394265232975,76.10726113594967,100.26234786718658,-0.11396260837404867
F1,eval_50004_high,Short_hue_7,0.05310521705655745,0.05370281630544364,0.05282561328633236,0.0025240661387147508,True,,64,1.0,0,0.009237549680458645,74.07226471475175,89.32458881578947,164.79519968262366,0.37980448780143017
F1,eval_50004_high,Short_hue_10,0.05310521705655745,0.055202425294041915,0.054146746510406824,0.0005551019194109155,True,,64,1.0,0,0.00878466440806902,47.743431744312026,95.73490338164251,204.53243616287094,0.6214982262046718
F1,eval_50005_high,Short_hue_2,0.049266470942510986,0.04664080707595922,0.04163806453244631,0.00591454334052222,True,,64,1.0,0,0.009610930986567734,161.545724326435,58.69035901155261,69.1611544298498,-0.4004413322854514
F1,eval_50005_high,Short_hue_5,0.049266470942510986,0.05333126362250196,0.046420550405649144,0.006464427819856713,True,,64,1.0,0,0.018796060024998118,110.3895875591616,81.50997889378607,118.06533222591362,0.03359850894860633
F1,eval_50005_high,Short_hue_8,0.049266470942510986,0.051293048494710204,0.04957546705188952,0.0014283266517175284,True,,64,1.0,0,0.011187339206361613,64.17673114021727,92.11752287121746,184.48580700558125,0.48382469173873943
F1,eval_50006_high,Short_hue_0,0.0668358973637735,0.04522776780425216,0.038305705527194416,0.006403116332630266,True,,64,1.0,0,0.020174839177434012,162.1909559512652,49.57415344541795,52.71735118044521,-0.5093968038365619
F1,eval_50006_high,Short_hue_3,0.0668358973637735,0.0627709444814538,0.04830848352422694,0.004653713552000875,True,,64,1.0,0,0.023197414130765037,127.41079365079364,66.29295758212265,83.44838494838496,-0.20849179530371048
F1,eval_50006_high,Short_hue_6,0.0668358973637735,0.05917656238571339,0.06281926768123956,0.004260162338221719,True,,64,1.0,0,0.012923503277174064,83.6680412371134,85.87383977900552,148.90724163476972,0.2805078836928421
F1,eval_50006_high,Short_hue_9,0.0668358973637735,0.06579669242694725,0.06702034521171572,0.0012779235292250453,True,,64,1.0,0,0.011651449462265928,54.259216876461515,95.04898890588207,198.6971284392647,0.5709993611052656
F1,eval_50007_high,Short_hue_1,0.0611354978442743,0.0449692445182824,0.040886591592880585,0.006563308411118011,True,,64,1.0,0,0.019502124260331266,161.82059113300494,54.32356240550163,60.9898302604624,-0.4525405959108266
F1,eval_50007_high,Short_hue_4,0.0611354978442743,0.057519283416911544,0.05104529704232312,0.00550244825499522,True,,64,1.0,0,0.018477506691727763,115.29463939077198,76.43807272372783,102.68403461749604,-0.05785247034211042
F1,eval_50007_high,Short_hue_7,0.0611354978442743,0.0587276435842679,0.060988355814419436,0.0027252828724740885,True,,64,1.0,0,0.011299246375916505,72.22611683848797,89.9324900944834,172.2156330958549,0.4090525300372123
F1,eval_50007_high,Short_hue_10,0.0611354978442743,0.06247559474623621,0.06202985063126715,0.000870115064652032,True,,64,1.0,0,0.009844805984617788,47.691070068545315,96.35787753532635,206.03827751196172,0.6240791968030935
F1,eval_50008_high,Short_hue_2,0.05471699164799937,0.04812255932394241,0.04198120205189929,0.005460018223592123,True,,64,1.0,0,0.01567655706126858,158.54119402985074,58.73855670103093,69.96915024630542,-0.3876062769241863
F1,eval_50008_high,Short_hue_5,0.05471699164799937,0.05564089672414372,0.05033270651046994,0.005997087083162234,True,,64,1.0,0,0.014457277837752969,106.16890406890407,81.7259012539185,120.07653061224491,0.061471412950015986
F1,eval_50008_high,Short_hue_8,0.05471699164799937,0.05633305922538756,0.05560450730845096,0.001538526964347138,True,,64,1.0,0,0.012492973292356213,63.49861559760037,92.79979499487487,186.48273309681207,0.4919731737648639
F1,eval_50009_high,Short_hue_0,0.06292371888632753,0.04246383102195235,0.03860762234026246,0.007081921305762616,True,,64,1.0,0,0.014043619934505092,170.22885572139302,49.54372569812655,53.54646341463415,-0.5214265485454639
F1,eval_50009_high,Short_hue_3,0.06292371888632753,0.05913796224994,0.047664922968481245,0.005312018586645031,True,,64,1.0,0,0.020865798569214,136.70317711328352,66.81779273664091,83.87356990498351,-0.2395066928968931
F1,eval_50009_high,Short_hue_6,0.06292371888632753,0.05680440250136485,0.06030864476049247,0.004422001534195863,True,,64,1.0,0,0.011855970870883858,84.60441385140234,87.45823679676826,149.1078792341679,0.27599517565448867
F1,eval_50009_high,Short_hue_9,0.06292371888632753,0.0629887986600411,0.06394792729869468,0.0011578674334267475,True,,64,1.0,0,0.011892839610859407,54.940532486084436,96.18740854550776,201.66181624437604,0.5717846484422073
F1,eval_50010_high,Short_hue_1,0.04978673499321216,0.04059841152812365,0.039397379817394995,0.005822164611986259,True,,64,1.0,0,0.01256502534213988,175.00568722634682,55.31800899134344,61.84,-0.47780345317496553
F1,eval_50010_high,Short_hue_4,0.04978673499321216,0.05303554384387026,0.04532363728147997,0.006554674918406856,True,,64,1.0,0,0.010268385113370027,128.4456827648317,76.9320072585148,100.39652830829301,-0.12256984550623697
F1,eval_50010_high,Short_hue_7,0.04978673499321216,0.051516372172479716,0.04932714188841544,0.0026628456739246384,True,,64,1.0,0,0.009011435936865708,76.7843246100978,90.25216090425532,165.8809286347518,0.36715847379581384
F1,eval_50010_high,Short_hue_10,0.04978673499321216,0.05128071907197978,0.0510076302158314,0.00047155245592430544,True,,64,1.0,0,0.008824853831070123,49.49271844660194,96.9954361761427,206.10972301541977,0.6127367315937313
F1,eval_50011_high,Short_hue_2,0.05559903293318277,0.049645220857704314,0.0424829167290946,0.005195700808856628,True,,64,1.0,0,0.01751276065366203,160.16716891356066,59.308012836459525,69.07766331658291,-0.3973459497901821
F1,eval_50011_high,Short_hue_5,0.05559903293318277,0.05595806997805077,0.050744270415782666,0.00567350746052413,True,,64,1.0,0,0.015063580414517164,108.66292028413577,82.8784192977681,121.15812646370023,0.05436928582643863
F1,eval_50011_high,Short_hue_8,0.05559903293318277,0.056583575336276073,0.05622682701201242,0.0016364655678040513,True,,64,1.0,0,0.01212870196262772,64.32234069560803,94.3480245807832,188.43653465346534,0.4910379261121832
F1,eval_50012_high,Short_hue_0,0.05452538276428,0.03982767596662642,0.038625809495070974,0.0064595133971020865,True,,64,1.0,0,0.013985248852481647,175.88687209793162,50.8103093027662,53.86757200145826,-0.531085701409494
F1,eval_50012_high,Short_hue_3,0.05452538276428,0.054052672599627566,0.04487393986148314,0.0052039974444716645,True,,64,1.0,0,0.01832324150970488,144.39120499535008,66.71733339910224,83.59534939630302,-0.2666642151826503
F1,eval_50012_high,Short_hue_6,0.05452538276428,0.053744414825833316,0.05290418042124693,0.004606558740787655,True,,64,1.0,0,0.010138036869102751,89.61600496277916,84.37464812054975,142.66533200841712,0.22838394051527286
F1,eval_50012_high,Short_hue_9,0.05452538276428,0.056324385658557276,0.05550375606798906,0.0007363795396807411,True,,64,1.0,0,0.009742606157760902,55.55890904721855,95.60749387211158,199.04149115918233,0.5635599236907874
F1,eval_50013_high,Short_hue_1,0.05941431759849394,0.04467742495874136,0.040607573008281085,0.006336373356203434,True,,64,1.0,0,0.018565398477662143,164.065,53.99543343653251,60.959074973031285,-0.458199528380798
F1,eval_50013_high,Short_hue_4,0.05941431759849394,0.05896726019259143,0.05031129753157739,0.00550572033247587,True,,64,1.0,0,0.017851878453926995,120.1286020894486,76.95673952641167,102.85782587578169,-0.07745214079289091
F1,eval_50013_high,Short_hue_7,0.05941431759849394,0.05754007082637362,0.059450907855683986,0.0023542482407094027,True,,64,1.0,0,0.009683088657469807,73.19435106089833,90.16719389146441,172.08070837982433,0.40316515484455184
F1,eval_50013_high,Short_hue_10,0.05941431759849394,0.06097197040421671,0.06044214815815566,0.0006802385653965434,True,,64,1.0,0,0.010242387915947004,48.409675771088814,96.43560339571314,205.83934486566065,0.6191947906044998
F1,eval_50014_high,Short_hue_2,0.06461412859500178,0.054202123665517146,0.04408209419226866,0.005589877786937855,True,,64,1.0,0,0.023410514592036025,149.36202065940284,58.81047847679085,69.6119832548404,-0.36419865362554443
F1,eval_50014_high,Short_hue_5,0.06461412859500178,0.055669673265445536,0.05765504847179328,0.005390034957445261,True,,64,1.0,0,0.015630621929834443,96.38983892321271,80.80926956434551,123.69326449898861,0.12405961725920253
F1,eval_50014_high,Short_hue_8,0.06461412859500178,0.06229314452103286,0.06509552443139328,0.0019882990640790804,True,,64,1.0,0,0.012556088440746294,64.06072839927793,94.32741992792243,190.62103233830845,0.4969350909641015
F1,eval_50015_high,Short_hue_0,0.06669411667584542,0.04443235165777616,0.038161050288718315,0.006108123147828398,True,,64,1.0,0,0.015598050243719519,164.4401354679803,50.23441142191142,53.139481786418514,-0.5115398909422022
F1,eval_50015_high,Short_hue_3,0.06669411667584542,0.06148654558809318,0.04811419929215105,0.004318227878637965,True,,64,1.0,0,0.019354954212411846,131.26927562922037,67.98307291666666,85.01081081081082,-0.21388221902359744
F1,eval_50015_high,Short_hue_6,0.06669411667584542,0.058949603585534194,0.0630618766285018,0.004499400884320373,True,,64,1.0,0,0.014125041122341475,85.81632044258828,88.25732600732601,150.70569391052425,0.274348134762035
F1,eval_50015_high,Short_hue_9,0.06669411667584542,0.06509945057600984,0.06700966859094745,0.001684461761602653,True,,64,1.0,0,0.010666770102013001,55.605769230769226,96.80089548721574,201.5698681293033,0.5675658098755624
F1,eval_50016_high,Short_hue_1,0.06640241906099656,0.04967180599114603,0.041311682832750496,0.00586752036130227,True,,64,1.0,0,0.021226322669495645,157.00785340314138,53.755468477882275,60.65756180037313,-0.4426531955601742
F1,eval_50016_high,Short_hue_4,0.06640241906099656,0.06115910803928107,0.05353839195474164,0.004815958330799481,True,,64,1.0,0,0.019607604752764685,110.20862948788044,73.02961651196873,101.32926829268293,-0.04197527387933291
F1,eval_50016_high,Short_hue_7,0.06640241906099656,0.0611805319561807,0.06525915521522102,0.003538008123791164,True,,64,1.0,0,0.013028321382785646,71.67005076142132,90.1405558043489,172.89311951754385,0.4138933455951699
F1,eval_50016_high,Short_hue_10,0.06640241906099656,0.06555114233426212,0.06675410631847228,0.00168377522429449,True,,64,1.0,0,0.01143616874934672,47.66423158891783,95.7840909090909,203.45236823361824,0.6203816743090468
F1,eval_50017_high,Short_hue_2,0.049586233301447014,0.04449692481547095,0.041116707665425564,0.0056753851649389625,True,,64,1.0,0,0.013258693698391166,162.87046939988116,58.70376275510204,69.62399362295736,-0.40106966232466174
F1,eval_50017_high,Short_hue_5,0.049586233301447014,0.05403410727913176,0.04651766831811624,0.005961891258227892,True,,64,1.0,0,0.01738655242149889,110.21215088282504,82.83864168618267,118.60588940249957,0.03668302774207803
F1,eval_50017_high,Short_hue_8,0.049586233301447014,0.05185478182132848,0.050058518863613746,0.0012438556977800227,True,,64,1.0,0,0.00904985407607628,64.53282828282829,92.73240581014525,185.75290632265808,0.4843267565005365
F1,eval_50018_high,Short_hue_0,0.052997093215728305,0.040555702699820485,0.03831810891710405,0.005790392321059739,True,,64,1.0,0,0.011030012988648474,178.19026032007693,50.58619281045752,53.74814940194087,-0.5365308448362716
F1,eval_50018_high,Short_hue_3,0.052997093215728305,0.05309692454791467,0.044387213599592905,0.00504017880565024,True,,64,1.0,0,0.014036111559495135,143.93081299075905,66.57615779071631,83.24956374894455,-0.2671060331559401
F1,eval_50018_high,Short_hue_6,0.052997093215728305,0.05261284348280789,0.05113997990071872,0.004702927493806494,True,,64,1.0,0,0.01205727996871675,88.56613756613757,85.03343343343343,141.65986816824807,0.23061569622749356
F1,eval_50018_high,Short_hue_9,0.052997093215728305,0.05437895364759762,0.05383973396634217,0.0007453908354551792,True,,64,1.0,0,0.009103754062881442,54.78953753400485,94.95874867444327,199.22875023795928,0.5686173777913935
F1,eval_50019_high,Short_hue_1,0.06204873469422123,0.04706797185279634,0.04128538986986578,0.006050393249653935,True,,64,1.0,0,0.018827531012404863,159.1219588039206,54.05154763049121,61.044365182556135,-0.4454704599936375
F1,eval_50019_high,Short_hue_4,0.06204873469422123,0.06019251262416138,0.051767691153434846,0.005426523531717315,True,,64,1.0,0,0.01868058959304908,112.36491436944775,75.82646198830409,101.85240533829919,-0.04907403867012501
F1,eval_50019_high,Short_hue_7,0.06204873469422123,0.05912184977049152,0.06175740371211059,0.00288879586561731,True,,64,1.0,0,0.012328161950053262,72.64583333333334,90.21670673076923,171.2833554964539,0.40436949196739636
F1,eval_50019_high,Short_hue_10,0.06204873469422123,0.06362350159599267,0.06304343514008746,0.0008348303430594306,True,,64,1.0,0,0.01059111380281974,48.64404812157028,96.59755899293943,204.42627126790347,0.6155689198249465
F1,eval_50020_high,Short_hue_2,0.058127420481205824,0.05048077193745211,0.04303526133226717,0.005622220882203362,True,,64,1.0,0,0.018560333708207644,157.26416666666665,58.91783505154639,69.69325757575757,-0.38584729881922686
F1,eval_50020_high,Short_hue_5,0.058127420481205824,0.05560198733001399,0.0528239123400313,0.005909640960776875,True,,64,1.0,0,0.01393570720506565,105.6840782122905,81.98285033015406,121.59385878024622,0.07000142987252692
F1,eval_50020_high,Short_hue_8,0.058127420481205824,0.05821045273121259,0.05887258981873595,0.0016492383003032629,True,,64,1.0,0,0.010791545793617963,63.4479207920792,94.04211538461539,188.8440190078121,0.49702776202518395
F1,eval_50021_high,Short_hue_0,0.05443292206690774,0.04115757519601892,0.038616169303886456,0.00622089927514378,True,,64,1.0,0,0.013715127559820295,175.14617078715543,50.793470845899755,53.75551138857728,-0.5303179000029516
F1,eval_50021_high,Short_hue_3,0.05443292206690774,0.05492534166521447,0.04495583349156213,0.005022899775058196,True,,64,1.0,0,0.017587645294338317,142.9346926713948,67.31355572532044,82.38809444629199,-0.268710497502762
F1,eval_50021_high,Short_hue_6,0.05443292206690774,0.05449907143932731,0.052886967904337924,0.004746845696771346,True,,64,1.0,0,0.01130310656248057,87.65489130434783,85.49166666666667,142.40250455373405,0.23797371540777923
F1,eval_50021_high,Short_hue_9,0.05443292206690774,0.05646441874246832,0.05544962745744633,0.0008390276027820733,True,,64,1.0,0,0.01106325712797751,55.12162130316955,94.60882352941177,198.2502297631672,0.564895460397942
F1,eval_50022_high,Short_hue_1,0.058146214477300395,0.04577426483502943,0.04119312110758615,0.006174158326784424,True,,64,1.0,0,0.018589167950644803,166.11732587064677,54.57669902912622,61.63170792079208,-0.4587752413717677
F1,eval_50022_high,Short_hue_4,0.058146214477300395,0.05692297482312892,0.049552050789246606,0.005516969351360576,True,,64,1.0,0,0.018891492258791942,124.61049723756906,75.33973715051063,102.33725154626794,-0.0981426156930767
F1,eval_50022_high,Short_hue_7,0.058146214477300395,0.05613762534286113,0.05825778265875099,0.002692988348858035,True,,64,1.0,0,0.011338200974412627,74.12667281956622,90.73262593283582,171.3394505316565,0.3960333767645564
F1,eval_50022_high,Short_hue_10,0.058146214477300395,0.05948205140034118,0.059342321101882825,0.0005533995425215036,True,,64,1.0,0,0.010188396464788974,48.87081339712918,97.48291504654176,206.5062247410229,0.6172654068398138
F1,eval_50023_high,Short_hue_2,0.057670019295714914,0.05046237725788854,0.0430019755910236,0.0059755781548290745,True,,64,1.0,0,0.020005121311055696,156.02811173974538,59.17934343434344,69.98779556650246,-0.38068256875680584
F1,eval_50023_high,Short_hue_5,0.057670019295714914,0.05666509717576383,0.05292186599618386,0.0056516943126793725,True,,64,1.0,0,0.01696390990565555,105.13414950964474,83.2691817022052,122.43984518876611,0.07604425849295926
F1,eval_50023_high,Short_hue_8,0.057670019295714914,0.05795288337290134,0.05853588099805355,0.0015520948317031937,True,,64,1.0,0,0.011145852062318884,63.97979797979798,93.55416743378659,188.55445316105215,0.493298056079421
F1,eval_50024_high,Short_hue_0,0.047389165559386034,0.03977701323559324,0.037485364778868824,0.005567084960438585,True,,64,1.0,0,0.01024122608316036,184.13447975819747,50.886759581881535,53.30890362301681,-0.5509758759002361
F1,eval_50024_high,Short_hue_3,0.047389165559386034,0.049147620412937604,0.04306962933152861,0.006057390168498854,True,,64,1.0,0,0.01063913457735588,146.43627763605443,65.68181220237312,81.83143187830689,-0.2830222719419835
F1,eval_50024_high,Short_hue_6,0.047389165559386034,0.05050781284457781,0.04581661871851359,0.004850545798930014,True,,64,1.0,0,0.010929499111451468,93.09882449425916,86.70501010341138,140.79180835559873,0.20391147469319587
F1,eval_50024_high,Short_hue_9,0.047389165559386034,0.049148519696192196,0.04823093551288927,0.0008591563729900471,True,,64,1.0,0,0.010162199513024994,55.27841095633413,94.58525581622202,197.82556145858487,0.563196022338873
F1,eval_50025_high,Short_hue_1,0.06132079847974285,0.046045667836927776,0.04110102036215377,0.006516104591375955,True,,64,1.0,0,0.019998719672236098,162.47598484848484,54.68605256926356,61.110243902439024,-0.45336307836278816
F1,eval_50025_high,Short_hue_4,0.06132079847974285,0.05888947521912772,0.05108854646966747,0.0057634408642296695,True,,64,1.0,0,0.019922891969140988,117.20138888888889,74.86575066340069,102.55900182910895,-0.06662887252766744
F1,eval_50025_high,Short_hue_7,0.06132079847974285,0.058468258623134615,0.061043089721454606,0.002851471049265605,True,,64,1.0,0,0.012047753612679957,72.66493955094992,90.33510638297872,172.93557478564622,0.4082672037782247
F1,eval_50025_high,Short_hue_10,0.06132079847974285,0.062521860992633,0.06220803340418785,0.0009210659037456109,True,,64,1.0,0,0.010238786721245896,48.198564593301434,96.61904761904762,206.2674664374971,0.6211787923279382
F1,eval_50026_high,Short_hue_2,0.06295533431455241,0.054525908673444326,0.043929425324269085,0.005141961110223436,True,,64,1.0,0,0.02386926908861664,150.52626329787233,60.015,70.25081134840872,-0.36360411097065637
F1,eval_50026_high,Short_hue_5,0.06295533431455241,0.05471618999384722,0.056810267033489736,0.005327608464373321,True,,64,1.0,0,0.016402673657300193,96.18783753375337,82.00960735171262,123.65246449456976,0.12492990005662319
F1,eval_50026_high,Short_hue_8,0.06295533431455241,0.060444913486143795,0.06347870002122215,0.0021911752523720305,True,,64,1.0,0,0.010574597452277623,63.169324344494754,94.29104056869714,190.9925,0.5029204365571884
F1,eval_50027_high,Short_hue_0,0.04670501626689866,0.03987654532705872,0.03697837896875795,0.005551199120969405,True,,64,1.0,0,0.0124496666892151,184.6247771836007,50.327370904957114,52.81036874349786,-0.5551596328564358
F1,eval_50027_high,Short_hue_3,0.04670501626689866,0.049477655395607514,0.04278048131388439,0.006277051925155061,True,,64,1.0,0,0.01284044657461303,146.2929292929293,65.68332032266458,80.69499881206937,-0.2889930360107774
F1,eval_50027_high,Short_hue_6,0.04670501626689866,0.050287044311891224,0.04544153118314946,0.005298085737778016,True,,64,1.0,0,0.012024932018073975,94.90934065934066,86.07588824779836,140.4012773837173,0.19332717368517627
F1,eval_50027_high,Short_hue_9,0.04670501626689866,0.0483275697690028,0.04752625875161903,0.0007105140862425016,True,,64,1.0,0,0.008184321787362836,56.04230392156863,94.71558332332091,198.35151646865643,0.5594051472193519
F1,eval_50028_high,Short_hue_1,0.05443996001683907,0.04327578830474831,0.0402707191558144,0.0062027425147257184,True,,64,1.0,0,0.017048794826572622,167.6828794695714,54.66460144927537,61.928201970443354,-0.4605817665065773
F1,eval_50028_high,Short_hue_4,0.05443996001683907,0.055604593948329936,0.04758246415225681,0.006170566858590963,True,,64,1.0,0,0.017286866549370616,124.76370383356709,76.37391798145988,101.43769841269841,-0.10312051644787575
F1,eval_50028_high,Short_hue_7,0.05443996001683907,0.05509886348460817,0.05456001019368653,0.0027063374052168805,True,,64,1.0,0,0.011461104045780046,73.3419961734694,89.07928527227722,166.96822916666667,0.3896056976380341
F1,eval_50028_high,Short_hue_10,0.05443996001683907,0.05643471956248023,0.05555909832909613,0.000754128851986823,True,,64,1.0,0,0.010077307242462141,48.201965427421264,96.0409815124489,204.43696044481294,0.6184122042080047
F1,eval_50029_high,Short_hue_2,0.056681276865603994,0.04907518564559357,0.042611315796027,0.005781812175988701,True,,64,1.0,0,0.019484935250862256,157.35935993096797,58.74115713098028,69.6588347141111,-0.3863149619085279
F1,eval_50029_high,Short_hue_5,0.056681276865603994,0.05559718536514152,0.05199189580941361,0.005703921632937689,True,,64,1.0,0,0.01345228265904097,105.54539797219356,82.65070145369137,119.89872674160158,0.06366690100098965
F1,eval_50029_high,Short_hue_8,0.056681276865603994,0.05707701838169868,0.05737968073194866,0.0017349396977169387,True,,64,1.0,0,0.012009279718109944,63.77758193954849,93.565,187.6112452443664,0.49259811858790875
F1,eval_50030_high,Short_hue_0,0.06139035744066626,0.04223612005702237,0.03876492305653901,0.006478267226552624,True,,64,1.0,0,0.016900021287973077,171.33488521036554,50.14190981432361,53.51353339720777,-0.5240034710619433
F1,eval_50030_high,Short_hue_3,0.06139035744066626,0.058420251304709805,0.0468802903958393,0.004991829842553688,True,,64,1.0,0,0.017279593977454377,137.92846634240078,66.6488545389069,83.52058531746032,-0.24569028684985766
F1,eval_50030_high,Short_hue_6,0.06139035744066626,0.05539466712645673,0.058850924886513355,0.004234858721892916,True,,64,1.0,0,0.01151897927555201,84.94606588154974,86.2995652173913,148.06586725215334,0.2708865615667201
F1,eval_50030_high,Short_hue_9,0.06139035744066626,0.061158933433737496,0.06220603260307705,0.001265076114283969,True,,64,1.0,0,0.01015236534216124,55.09875453564774,96.22186893203883,201.21601941747574,0.570069616465223
F1,eval_50031_high,Short_hue_1,0.04975534148743192,0.04287098376233794,0.04002523271897278,0.006072592640658657,True,,64,1.0,0,0.011275458463067878,174.60950836462956,54.89427265585945,61.785335820895526,-0.47727002224798104
F1,eval_50031_high,Short_hue_4,0.04975534148743192,0.05363981454236578,0.04555197421563651,0.007040678380980466,True,,64,1.0,0,0.009932995958548352,129.75200071667462,76.44607934438443,100.6010897994769,-0.1265488162189586
F1,eval_50031_high,Short_hue_7,0.04975534148743192,0.05173551983563214,0.04928587857044749,0.002760016832447916,True,,64,1.0,0,0.010553127019757969,76.10015860428231,89.35142692655646,166.6963249516441,0.37313623747970487
F1,eval_50031_high,Short_hue_10,0.04975534148743192,0.05186576435385543,0.05092565680386515,0.0005877467821216522,True,,64,1.0,0,0.008927078940235922,48.43583790628957,96.4348861090366,205.58128517823639,0.6186411583744099
F1,eval_50000_low,Long_hue_2,0.023113878874517577,-0.02876754551382655,0.04344280120797222,0.01926380831042194,True,,64,1.0,0,0.021438013678947154,118.7410475821402,53.5234514955757,65.13783125190375,-0.29151372180496393
F1,eval_50000_low,Long_hue_5,0.023113878874517577,-0.0397665222353692,0.05020013354211173,0.022147741817927082,True,,64,1.0,0,0.02565405130810272,77.32321527489268,64.17855673738026,97.16240763546799,0.11370101461463837
F1,eval_50000_low,Long_hue_8,0.023113878874517577,-0.049016088933414526,0.05827165065404536,0.022523604859168333,True,,64,1.0,0,0.018061664982771952,49.96218302948923,66.14438007644529,132.51062082247648,0.4523876218833995
F1,eval_50001_low,Long_hue_0,0.02276558972269709,-0.028499799621537064,0.040048279571090445,0.014037416766134927,True,,64,1.0,0,0.024812187530310226,138.62012012012013,44.797151647479154,49.43837462295406,-0.47422343574006504
F1,eval_50001_low,Long_hue_3,0.02276558972269709,-0.03678257570445148,0.04430651397728499,0.020783646410932246,True,,64,1.0,0,0.02405990369624844,109.56762649603033,59.99317484662576,79.64982648571606,-0.15811332167757405
F1,eval_50001_low,Long_hue_6,0.02276558972269709,-0.045367903839804845,0.05176213493239095,0.021242155061901823,True,,64,1.0,0,0.02137571432333496,69.44249312358994,65.56936805780222,111.34550438596492,0.23177982963255137
F1,eval_50001_low,Long_hue_9,0.02276558972269709,-0.05845714150200781,0.05965476717906463,0.023812221547708658,True,,64,1.0,0,0.017932854547027754,45.5243949044586,69.0169022027601,146.10918557971303,0.5248808190147128
F1,eval_50002_low,Long_hue_1,0.01784931609265929,-0.04236004884559695,0.03721136072465593,0.013167549203675069,True,,64,1.0,0,0.013477868010618343,138.29649831649832,47.36872053872054,55.74155881061252,-0.42545746297493137
F1,eval_50002_low,Long_hue_4,0.01784931609265929,-0.059929731047254395,0.039140697905073484,0.017679877249485318,True,,64,1.0,0,0.0168499770861974,95.13757675956542,63.790178467822415,88.08091977757249,-0.038514981376689364
F1,eval_50002_low,Long_hue_7,0.01784931609265929,-0.06996893950728278,0.047045132789252375,0.017288757674920427,True,,64,1.0,0,0.020439268448352754,60.342945584881065,67.19874279582227,127.79560487340073,0.3585265174214064
F1,eval_50002_low,Long_hue_10,0.01784931609265929,-0.08215633203405352,0.05485900602314439,0.02073161010175705,True,,64,1.0,0,0.022626725125869163,39.60048068202431,73.46923076923076,155.51133056133057,0.5940739780983062
F1,eval_50003_low,Long_hue_2,0.023332338981242467,-0.028589821531573065,0.04323209080696413,0.01856755647934348,True,,64,1.0,0,0.02256838912914183,120.12912335226665,53.05158474867044,64.87358778625955,-0.2986741936156417
F1,eval_50003_low,Long_hue_5,0.023332338981242467,-0.04122903628810284,0.04944065828878307,0.022937990911687814,True,,64,1.0,0,0.022094887060318258,77.71875,64.63113482941068,99.07379717660618,0.1207915577757558
F1,eval_50003_low,Long_hue_8,0.023332338981242467,-0.049850945959727846,0.057792927571089274,0.02317305934309647,True,,64,1.0,0,0.022216688030275322,51.61359198355601,65.35287591739205,131.45427059712773,0.43612613097715613
F1,eval_50004_low,Long_hue_0,0.011105217056557454,-0.04124931324659128,0.029398904950100484,0.00755717943603119,True,,64,1.0,0,0.0070147112165401815,163.77528161802354,40.9579879837563,42.29205865272938,-0.5895316686558683
F1,eval_50004_low,Long_hue_3,0.011105217056557454,-0.042419067228253386,0.030831821177115224,0.007186539617504614,True,,64,1.0,0,0.007435525020339062,121.93442034558785,55.86117223947789,67.56000193671775,-0.28694469079339824
F1,eval_50004_low,Long_hue_6,0.011105217056557454,-0.038298864459257155,0.03395027234184899,0.008068378071580399,True,,64,1.0,0,0.00732017812496033,78.81353096794274,71.03408065865219,111.6471388975448,0.17239048856013456
F1,eval_50004_low,Long_hue_9,0.011105217056557454,-0.04706775081631491,0.03865069359624429,0.012437659293092956,True,,64,1.0,0,0.013160408378612765,44.79041641151255,76.66041501976284,166.24970773906944,0.5755270085080708
F1,eval_50005_low,Long_hue_1,0.007266470942510986,-0.03766964607985176,0.022071857172897492,0.005855016592729641,True,,64,1.0,0,0.00760639326189072,166.2077731092437,47.246088094442584,53.69986634986635,-0.5116143624482711
F1,eval_50005_low,Long_hue_4,0.007266470942510986,-0.0354964720460235,0.023745586528743385,0.004421561689398363,True,,64,1.0,0,0.007844483574574235,123.19926641617462,66.2029469164715,83.41468304135813,-0.1925551661892683
F1,eval_50005_low,Long_hue_7,0.007266470942510986,-0.027169831068508885,0.03100273105508915,0.005167833215723669,True,,64,1.0,0,0.007073855634484594,76.8428674500103,79.66433673469388,134.51322043969103,0.2728587265476659
F1,eval_50005_low,Long_hue_10,0.007266470942510986,-0.033188509275296756,0.034789459214169226,0.007355606821976137,True,,64,1.0,0,0.007888828309311258,44.06732537627144,81.14250380517504,175.1889503225266,0.5980290622393956
F1,eval_50006_low,Long_hue_2,0.024835897363773504,-0.02835551104553629,0.0451683517907928,0.020278819730753884,True,,64,1.0,0,0.027086957829125624,117.90426170468187,55.208849329205364,67.0,-0.2753006406417115
F1,eval_50006_low,Long_hue_5,0.024835897363773504,-0.03225791514543297,0.05208412220728646,0.022561191014149162,True,,64,1.0,0,0.025415842665275412,76.52149440533279,62.36828571428572,97.40764682482279,0.12008426116387144
F1,eval_50006_low,Long_hue_8,0.024835897363773504,-0.041503200536212405,0.05937100449968883,0.023327640680825656,True,,64,1.0,0,0.02051254715017481,50.776397816020456,65.07675136486556,133.80154573731988,0.4498107754532758
F1,eval_50007_low,Long_hue_0,0.019135497844274294,-0.035305733165761716,0.03749402686309687,0.012314689505353213,True,,64,1.0,0,0.011130924772036144,144.49824069850786,42.8066300682831,48.34214743589744,-0.49863046944082773
F1,eval_50007_low,Long_hue_3,0.019135497844274294,-0.05009281939827405,0.04003255095825702,0.01796878433883123,True,,64,1.0,0,0.014911984237119702,105.55352394827901,57.88220241518114,76.66796008869179,-0.1585189804168563
F1,eval_50007_low,Long_hue_6,0.019135497844274294,-0.06299684568852135,0.04690910450188663,0.01757931413852794,True,,64,1.0,0,0.018935985274567857,69.64126078301261,66.06474012765659,112.27677255608319,0.2343666045113714
F1,eval_50007_low,Long_hue_9,0.019135497844274294,-0.07606661452111789,0.054999085836411006,0.021203811727305278,True,,64,1.0,0,0.017965805048895667,45.183003737153534,70.93818782098313,150.1929063209551,0.5374762044745895
F1,eval_50008_low,Long_hue_1,0.012716991647999366,-0.04501815918340681,0.03186317112408057,0.008900458667661558,True,,64,1.0,0,0.007725691265335954,149.95699603317706,44.84985243482538,51.07978577044025,-0.49183641608093626
F1,eval_50008_low,Long_hue_4,0.012716991647999366,-0.05091557430347842,0.033289641859471114,0.010704963277006598,True,,64,1.0,0,0.01488275777334902,104.46755123489228,61.01398843930636,81.95381877753925,-0.12076798092327923
F1,eval_50008_low,Long_hue_7,0.012716991647999366,-0.056925416621690816,0.03903251390527606,0.013889112768159632,True,,64,1.0,0,0.020367770270111052,60.97097818143857,70.64408936651583,133.77548666095112,0.37384251641452704
F1,eval_50008_low,Long_hue_10,0.012716991647999366,-0.06414325098868072,0.04262881794207657,0.015452210541264402,True,,64,1.0,0,0.013204907111568631,39.959580838323355,76.41131209030041,166.8328366058906,0.6135295352490041
F1,eval_50009_low,Long_hue_2,0.020923718886327523,-0.03844620366684012,0.040634658699219395,0.01759531512659373,True,,64,1.0,0,0.021445895212465538,121.59565359477125,52.87925234831175,64.71444723618092,-0.305303932019236
F1,eval_50009_low,Long_hue_5,0.020923718886327523,-0.05360841384107124,0.04570400604895528,0.021862383971811946,True,,64,1.0,0,0.025398728208812726,76.35755747126436,62.84222222222222,96.63175230566534,0.1171991197637849
F1,eval_50009_low,Long_hue_8,0.020923718886327523,-0.05948729079224966,0.05514152176983915,0.021256535169304286,True,,64,1.0,0,0.017867472507325566,50.98052434456929,66.7474186229569,134.70418123543124,0.4508915078888387
F1,eval_50010_low,Long_hue_0,0.007786734993212159,-0.038074062436628746,0.02287961141040186,0.006344515766789484,True,,64,1.0,0,0.007086614173228423,170.25186882083432,40.89448215183509,43.745708387657544,-0.5911569751554934
F1,eval_50010_low,Long_hue_3,0.007786734993212159,-0.039346680725728625,0.024084407086090706,0.005086805700896498,True,,64,1.0,0,0.0061109065781781435,136.6520427705075,57.81414272861642,70.24185448939139,-0.3209866949226236
F1,eval_50010_low,Long_hue_6,0.007786734993212159,-0.03085446889260815,0.028281380024649253,0.004242262735576169,True,,64,1.0,0,0.009725961394855376,90.44220790839148,76.73166497766768,115.74028954802259,0.12269752259150353
F1,eval_50010_low,Long_hue_9,0.007786734993212159,-0.03493828901285445,0.033953077997805683,0.008456437542847021,True,,64,1.0,0,0.013061936114871275,54.29656961126378,80.96129918981481,168.66824722040548,0.5129584085702986
F1,eval_50011_low,Long_hue_1,0.013599032933182768,-0.047483427232587125,0.0332472690057032,0.0098436208454533,True,,64,1.0,0,0.01010578548309049,148.02512230965272,45.119361887466596,51.577185792349724,-0.4832005072206624
F1,eval_50011_low,Long_hue_4,0.013599032933182768,-0.05836750297270128,0.03485800969426424,0.013563512635262882,True,,64,1.0,0,0.017206226185077722,100.10491889063317,63.40402196790318,85.54075339025616,-0.07845141403749381
F1,eval_50011_low,Long_hue_7,0.013599032933182768,-0.06405148976438799,0.040827795497885996,0.014416463792609588,True,,64,1.0,0,0.018067245904606732,61.58840560193913,68.87238453163916,129.60521355666987,0.35574831552461744
F1,eval_50011_low,Long_hue_10,0.013599032933182768,-0.07385794626956868,0.044955710987871725,0.017140334993919707,True,,64,1.0,0,0.022840707377480785,39.64089089089089,77.02044840784131,163.0456447034215,0.6088453456007114
F1,eval_50012_low,Long_hue_2,0.012525382764279998,-0.04770775818421253,0.032205098337380896,0.009394475294343644,True,,64,1.0,0,0.00812936572350087,136.59991985038738,47.91929280397022,57.712961630695446,-0.4059790458481339
F1,eval_50012_low,Long_hue_5,0.012525382764279998,-0.05197113912711706,0.03446453224758922,0.011635190361907452,True,,64,1.0,0,0.01704012350568851,87.99937077237692,67.80282839871157,96.99079535660418,0.04860487869370365
F1,eval_50012_low,Long_hue_8,0.012525382764279998,-0.059767480845394336,0.04046178802744067,0.014583027578817177,True,,64,1.0,0,0.015347748960188867,52.90306805074971,73.35003745318352,149.96434619506965,0.47844686395375435
F1,eval_50013_low,Long_hue_0,0.017414317598493944,-0.03978899788957348,0.03620542388059228,0.01218740925599488,True,,64,1.0,0,0.011701598841794225,152.72325429424944,42.17856510969568,46.5708538369464,-0.5326419403599333
F1,eval_50013_low,Long_hue_3,0.017414317598493944,-0.056200223377260675,0.03847333324516072,0.016916331952140196,True,,64,1.0,0,0.017322834645669305,110.77491408934708,57.507509227440494,74.61111111111111,-0.19507297240518423
F1,eval_50013_low,Long_hue_6,0.017414317598493944,-0.06988030851837296,0.043894989227411016,0.017080741717731433,True,,64,1.0,0,0.022250561696834148,69.1390261810107,66.25848929191588,112.25656950764564,0.2376989538414194
F1,eval_50013_low,Long_hue_9,0.017414317598493944,-0.08132758985759007,0.052542782996520036,0.019821955162943737,True,,64,1.0,0,0.022535518983588743,45.33948449509674,70.4125985493535,149.13584577393647,0.5337250803752303
F1,eval_50014_low,Long_hue_1,0.022614128595001778,-0.03096628061237167,0.04172284117074782,0.016801611378326243,True,,64,1.0,0,0.022475606862701447,133.48125,49.20716112531969,57.74479347248226,-0.396057227102625
F1,eval_50014_low,Long_hue_4,0.022614128595001778,-0.0440286975816712,0.04612048098053102,0.02202227646010609,True,,64,1.0,0,0.02622432635974392,90.42669226684097,62.350996376811594,88.80423280423281,-0.009052341062039207
F1,eval_50014_low,Long_hue_7,0.022614128595001778,-0.046798919837400706,0.05486693014878419,0.02046931162208125,True,,64,1.0,0,0.01968586364418179,59.92784845272351,65.16728843112608,118.85145888594164,0.32958853745639394
F1,eval_50014_low,Long_hue_10,0.022614128595001778,-0.054916784244084915,0.061417379218273414,0.022444832841999964,True,,64,1.0,0,0.016868985126859082,38.02154705580574,71.48834898160067,154.44469170646983,0.6049016461243543
F1,eval_50015_low,Long_hue_2,0.02469411667584542,-0.02805897303857425,0.04503437555265626,0.020509279445116792,True,,64,1.0,0,0.02674006143276575,118.93705110908297,54.46077551194904,66.43620702625442,-0.2832169246574845
F1,eval_50015_low,Long_hue_5,0.02469411667584542,-0.03721973477186234,0.05193067466719435,0.02253969416182605,True,,64,1.0,0,0.025502803690892084,77.91821992664121,65.68328092243186,97.79783214559603,0.11313486721624133
F1,eval_50015_low,Long_hue_8,0.02469411667584542,-0.043532003393212115,0.059643116255067116,0.02266387662292127,True,,64,1.0,0,0.016776239436895102,52.24824570196982,67.98398912915042,136.2592664092664,0.44566404684033034
F1,eval_50016_low,Long_hue_0,0.024402419060996557,-0.024526536834440296,0.04128204887738823,0.014972670502736598,True,,64,1.0,0,0.02171548338718854,138.2972972972973,44.88187882156754,51.174131546464466,-0.45982218154207394
F1,eval_50016_low,Long_hue_3,0.024402419060996557,-0.029803014312786716,0.0472448158127374,0.023075891335097944,True,,64,1.0,0,0.023588202514269963,105.99204446381866,58.94512195121951,78.3049831081081,-0.1502306451736168
F1,eval_50016_low,Long_hue_6,0.024402419060996557,-0.033967429722403714,0.054571655697555836,0.022097268105698658,True,,64,1.0,0,0.027522217617534595,68.7379120879121,64.14995366079702,108.21162926702478,0.22307894599135197
F1,eval_50016_low,Long_hue_9,0.024402419060996557,-0.044246876917505215,0.06136296104096802,0.02425908861016517,True,,64,1.0,0,0.018337666955694942,46.06161616161616,69.14914502458672,150.5600879335613,0.5314696678722747
F1,eval_50017_low,Long_hue_1,0.0075862333014470144,-0.03846532917356416,0.023065915450930462,0.006224964633247196,True,,64,1.0,0,0.007579444097087329,166.11192307692306,45.76603944515401,51.03650793650793,-0.529938966647643
F1,eval_50017_low,Long_hue_4,0.0075862333014470144,-0.03699183981542509,0.024502087911746923,0.004637824136181786,True,,64,1.0,0,0.008890691011219198,123.58631942209348,66.50466118684844,84.15614444843695,-0.1898031545357529
F1,eval_50017_low,Long_hue_7,0.0075862333014470144,-0.02822791134845153,0.031040735966864595,0.005600853321897531,True,,64,1.0,0,0.00795871018078409,77.81303127506015,79.6331001182499,133.5078590785908,0.26355571240649067
F1,eval_50017_low,Long_hue_10,0.0075862333014470144,-0.03449234840294712,0.034782456341360145,0.007637726757455473,True,,64,1.0,0,0.010136319158687401,44.46483905579399,81.2247821461141,173.95922746781116,0.5928576940857481
F1,eval_50018_low,Long_hue_2,0.010997093215728306,-0.042735478079935975,0.030165871224690638,0.007017460703891503,True,,64,1.0,0,0.00761492731726332,140.16013196422125,48.33753576931543,56.95915418965065,-0.4220844109065171
F1,eval_50018_low,Long_hue_5,0.010997093215728306,-0.03961751133124143,0.03231494108318469,0.006474592686811362,True,,64,1.0,0,0.008149877816997053,92.96448585037825,69.1662225267753,93.78926601347021,0.004416404783627877
F1,eval_50018_low,Long_hue_8,0.010997093215728306,-0.04405652404376269,0.03736001677767302,0.01013961051478674,True,,64,1.0,0,0.008986416313081613,55.2835043152581,74.70260063192926,150.47978243021345,0.4626494824254647
F1,eval_50019_low,Long_hue_0,0.020048734694221228,-0.03449535544709433,0.03843767868460227,0.013949685826359845,True,,64,1.0,0,0.018803488060264772,139.74989029313673,44.08620689655172,49.13905060456784,-0.479704313327904
F1,eval_50019_low,Long_hue_3,0.020048734694221228,-0.04797825890616866,0.04149421430687367,0.019955415035681347,True,,64,1.0,0,0.02198045854955144,105.8367365967366,58.104729729729726,77.11961722488039,-0.15696158549298234
F1,eval_50019_low,Long_hue_6,0.020048734694221228,-0.05742363550918756,0.049504977584353196,0.0199847787801093,True,,64,1.0,0,0.02638586711938895,68.56182746110804,64.76367829587386,113.01436388508893,0.24481478598274214
F1,eval_50019_low,Long_hue_9,0.020048734694221228,-0.06867232366563167,0.05743957391322517,0.02202949176816529,True,,64,1.0,0,0.019003695966575584,44.38444846292947,70.20715465465466,146.59798508185605,0.535198629118719
F1,eval_50020_low,Long_hue_1,0.016127420481205825,-0.04507488344836049,0.03576652029717711,0.012689725811738406,True,,64,1.0,0,0.012537535032697167,147.08333333333331,45.036616161616166,53.278137983129795,-0.4681798088917076
F1,eval_50020_low,Long_hue_4,0.016127420481205825,-0.06482828095243813,0.03795303518851962,0.017289422949960866,True,,64,1.0,0,0.019859593743032478,95.24839901477833,61.63038003663004,85.7346256684492,-0.05256721376483195
F1,eval_50020_low,Long_hue_7,0.016127420481205825,-0.07319935481162729,0.045599207307132746,0.01639485125552096,True,,64,1.0,0,0.016137302956334865,60.368445547626436,66.60102739726028,123.74174741062478,0.3442139777528152
F1,eval_50020_low,Long_hue_10,0.016127420481205825,-0.08641581531909447,0.05220170116992984,0.020447701534797,True,,64,1.0,0,0.02113259088614927,38.529652144545764,74.28523294992448,158.98791722803088,0.6098610137119729
F1,eval_50021_low,Long_hue_2,0.012432922066907742,-0.04659395377069014,0.031982513480403166,0.008977179042199246,True,,64,1.0,0,0.010565643580266793,135.62642837235228,47.42633879781421,57.36203703703704,-0.40553921794906966
F1,eval_50021_low,Long_hue_5,0.012432922066907742,-0.04977601683025347,0.03401923556779484,0.010735612457782063,True,,64,1.0,0,0.010338312210247946,86.74144219977553,67.00040709982088,95.61925882121034,0.04868272918304425
F1,eval_50021_low,Long_hue_8,0.012432922066907742,-0.05604598639033064,0.04062110921489892,0.01402463217217337,True,,64,1.0,0,0.016492005573340518,53.505169835505235,74.31864904552128,147.05234743127494,0.4664356583120914
F1,eval_50022_low,Long_hue_0,0.016146214477300393,-0.04271867411347232,0.03534318222647387,0.011271825648049119,True,,64,1.0,0,0.01027385379738699,159.8509421034601,41.248825935464325,45.63962329961632,-0.5557983578458409
F1,eval_50022_low,Long_hue_3,0.016146214477300393,-0.05941172903427789,0.0373616037221395,0.016340614136524396,True,,64,1.0,0,0.016395652917091885,113.79906343124733,56.7865489957395,74.36025038148921,-0.20960329972827682
F1,eval_50022_low,Long_hue_6,0.016146214477300393,-0.0722494404994129,0.042203820393595555,0.016684749138422494,True,,64,1.0,0,0.014603227788015816,69.23250212224109,67.43056402081672,110.60954017243533,0.23007433368887423
F1,eval_50022_low,Long_hue_9,0.016146214477300393,-0.08321439459407846,0.04976477570116853,0.019259908693341293,True,,64,1.0,0,0.01786934167475629,45.97617040957911,71.92935947712418,150.34622876185114,0.5316258297207073
F1,eval_50023_low,Long_hue_1,0.01567001929571491,-0.04784164943749329,0.03548036014063406,0.012740213733766504,True,,64,1.0,0,0.010213796257850905,148.13980463980465,46.12406197171484,53.2910209432884,-0.47087521694830825
F1,eval_50023_low,Long_hue_4,0.01567001929571491,-0.06659008699538431,0.03766015623172858,0.01763082046990152,True,,64,1.0,0,0.015901735377900406,96.63012749445676,62.55294473109283,84.99217372134038,-0.0640777795194243
F1,eval_50023_low,Long_hue_7,0.01567001929571491,-0.07011934451424545,0.04422526526362135,0.015568385959957213,True,,64,1.0,0,0.013894932514863956,61.17115592560553,67.84119496855345,125.91350574712644,0.34605910095812475
F1,eval_50023_low,Long_hue_10,0.01567001929571491,-0.0839679858507106,0.04960354725191063,0.01880077274737782,True,,64,1.0,0,0.01872487483623575,40.78525992801086,75.2579456537203,162.58078436951678,0.5988980356195384
F1,eval_50024_low,Long_hue_2,0.005389165559386035,-0.02631795064671598,0.018047844780432254,0.004399910728431167,True,,64,1.0,0,0.005513185677209265,174.4800268149375,52.500849881016656,63.83877570449353,-0.46425733068804975
F1,eval_50024_low,Long_hue_5,0.005389165559386035,-0.026405663987753437,0.02077428594190337,0.0038652546525736143,True,,64,1.0,0,0.005432409184146003,122.21583196215549,77.70312161674485,106.92383900928792,-0.06673655804792211
F1,eval_50024_low,Long_hue_8,0.005389165559386035,-0.029822675622416344,0.030734871533591612,0.00779215644423061,True,,64,1.0,0,0.006923041869233426,65.88520840393087,79.35,154.21428571428572,0.4013143131665375
F1,eval_50025_low,Long_hue_0,0.019320798479742846,-0.03746295353409987,0.037953414813881654,0.012748296877897494,True,,64,1.0,0,0.011667159219367451,144.51765225066197,43.57380090416239,49.279674369747895,-0.4914308135295172
F1,eval_50025_low,Long_hue_3,0.019320798479742846,-0.051147078232867356,0.04066758757930704,0.018777325120208035,True,,64,1.0,0,0.016437007874015808,106.81078650699654,58.2100623417105,77.17086466165414,-0.16110259722678638
F1,eval_50025_low,Long_hue_6,0.019320798479742846,-0.06009326666322612,0.04793638417136403,0.01855398115422008,True,,64,1.0,0,0.020187143812430475,69.98558381875128,67.0941039440919,114.13421765126162,0.2397821064330252
F1,eval_50025_low,Long_hue_9,0.019320798479742846,-0.07147782505085977,0.05582792868606485,0.020901704551204034,True,,64,1.0,0,0.014818989019022566,45.308197109897634,71.84943765321673,150.45003770598294,0.5371004734231252
F1,eval_50026_low,Long_hue_1,0.020955334314552404,-0.03522959601316317,0.040075739327299506,0.015639767057312022,True,,64,1.0,0,0.02260334557475885,130.19824592733693,48.45009881422925,57.47936156537885,-0.3874670256800886
F1,eval_50026_low,Long_hue_4,0.020955334314552404,-0.05047932947692688,0.04411927232206288,0.02225104363044504,True,,64,1.0,0,0.02092231837765557,88.43939393939394,62.53580383480826,88.51465311004785,0.00042530347233527623
F1,eval_50026_low,Long_hue_7,0.020955334314552404,-0.05519293967255736,0.05253121895630968,0.020132869955095528,True,,64,1.0,0,0.020318482916908187,59.46495518808382,65.97023606855068,126.19717366272374,0.35942827375562164
F1,eval_50026_low,Long_hue_10,0.020955334314552404,-0.06375130388934454,0.059590688853575234,0.022982470214281677,True,,64,1.0,0,0.019460572354995875,38.28263215177047,71.77338362068966,153.68447712418302,0.6011542571416302
F1,eval_50027_low,Long_hue_2,0.004705016266898658,-0.024161307101580338,0.016426469191395687,0.004307689844843448,True,,64,1.0,0,0.003633873014817879,177.44273273273274,52.6994560994561,65.24449400613327,-0.4623162093624544
F1,eval_50027_low,Long_hue_5,0.004705016266898658,-0.025101179752183126,0.019345153227838398,0.00409864202429812,True,,64,1.0,0,0.00483871862740215,125.56229924193755,75.31308229813665,105.0994822485207,-0.08871351318451186
F1,eval_50027_low,Long_hue_8,0.004705016266898658,-0.032465734785180715,0.028551833568465315,0.008800708852786141,True,,64,1.0,0,0.010093507585087869,67.168746410484,81.07048696507624,153.2969073690441,0.3906647565370446
F1,eval_50028_low,Long_hue_0,0.012439960016839068,-0.04204297870963115,0.031050157671514433,0.008328733148248935,True,,64,1.0,0,0.00663516558757915,163.0197992003953,40.371229416167665,44.22767295597484,-0.5731897475438935
F1,eval_50028_low,Long_hue_3,0.012439960016839068,-0.04838729494340113,0.032264015781309746,0.008891580659143247,True,,64,1.0,0,0.010257400946371509,122.28127210480152,54.73184046345811,69.79478450271836,-0.27325887739007243
F1,eval_50028_low,Long_hue_6,0.012439960016839068,-0.054703413748542935,0.035498649364286775,0.011987095259174543,True,,64,1.0,0,0.012358009650105917,73.29058165548099,70.70433104631218,117.51166459969684,0.23176395358089547
F1,eval_50028_low,Long_hue_9,0.012439960016839068,-0.06198351559496339,0.04136273542096476,0.014455130114437754,True,,64,1.0,0,0.013217434687354812,46.03740234843038,74.92619286510592,157.93565217391304,0.5485932937932478
F1,eval_50029_low,Long_hue_1,0.014681276865603991,-0.04766078515706839,0.03461007661828276,0.011181489104198895,True,,64,1.0,0,0.008365961268042676,148.523363610825,45.440826954667784,52.84965491663173,-0.4751068906540124
F1,eval_50029_low,Long_hue_4,0.014681276865603991,-0.06212916336566644,0.03637657227306369,0.01497151817639677,True,,64,1.0,0,0.016637758989803686,100.83562189054726,62.841780272654375,86.11801338136902,-0.07872330745412896
F1,eval_50029_low,Long_hue_7,0.014681276865603991,-0.06728601418247819,0.04297610118605214,0.015240545560925902,True,,64,1.0,0,0.016846714524922923,59.54186925020258,67.48999082127716,129.86131834691273,0.37126856199637037
F1,eval_50029_low,Long_hue_10,0.014681276865603991,-0.08103685664556214,0.04755666760042246,0.01932758183908886,True,,64,1.0,0,0.025097598094355855,40.11406244644755,75.89180222196944,160.67282827133812,0.6004314594140527
F1,eval_50030_low,Long_hue_2,0.01939035744066626,-0.04615608093227322,0.03954254697570209,0.01634042012443472,True,,64,1.0,0,0.014857339600610753,126.43214411316478,50.75069993700566,64.27941483803554,-0.32589912020504586
F1,eval_50030_low,Long_hue_5,0.01939035744066626,-0.06502016863171725,0.04427380742758967,0.02005214792760037,True,,64,1.0,0,0.025699990793920935,77.3856238698011,64.39870689655172,98.57713742460005,0.12043180840600458
F1,eval_50030_low,Long_hue_8,0.01939035744066626,-0.07152394018821387,0.053262986212079456,0.020173304562349254,True,,64,1.0,0,0.017250771180034707,52.542228516221726,66.807048092869,138.45824034148774,0.4498209472421287
F1,eval_50031_low,Long_hue_0,0.00775534148743192,-0.037609600959040576,0.02314904010094953,0.0061501145374903915,True,,64,1.0,0,0.005918807482506061,172.64148004361527,40.721430028370634,44.34848154606219,-0.5912393253479223
F1,eval_50031_low,Long_hue_3,0.00775534148743192,-0.038265476612640556,0.024617053831555047,0.005220693698093578,True,,64,1.0,0,0.00735610103531581,139.73873517786564,58.03372519220454,70.62621618019459,-0.32853628207312413
F1,eval_50031_low,Long_hue_6,0.00775534148743192,-0.028526712319575733,0.028726452976888632,0.004386439132057115,True,,64,1.0,0,0.005872308703688822,90.64869593925388,76.71865302079894,116.96128458999746,0.1267404803163407
F1,eval_50031_low,Long_hue_9,0.00775534148743192,-0.0321321164615936,0.03447995887246238,0.008475295715629076,True,,64,1.0,0,0.008821100159682738,52.22177881173944,78.10094235033259,168.96134601832276,0.5277959939135288
F1,eval_50000_high,Long_hue_1,0.06511387887451758,-0.010340111388279859,0.0529325542225523,0.018851468534978842,False,detected_frames_below_58,45,0.703125,19,0.08769649707248128,113.85474860335195,47.80061349693251,54.88510638297873,-0.34947074136782863
F1,eval_50000_high,Long_hue_4,0.06511387887451758,-0.018509880145476956,0.06963448258449963,0.025223314293638496,True,,62,0.96875,1,0.07228274547873292,81.24642684108528,60.79617749264902,79.83004409744814,-0.00879323178229814
F1,eval_50000_high,Long_hue_7,0.06511387887451758,0.021010263503421802,0.0742333846577371,0.02410116584133956,False,detected_frames_below_58,56,0.875,8,0.14792467801989873,54.05231770127406,63.643545495293594,120.83923432066194,0.3818761732471255
F1,eval_50000_high,Long_hue_10,0.06511387887451758,0.01586200881395846,0.07822295131871211,0.033994323429877384,False,detected_frames_below_58,55,0.859375,9,0.1903631928142977,34.44444444444444,70.0909090909091,155.57368421052632,0.6374614918244148
F1,eval_50001_high,Long_hue_2,0.0647655897226971,-0.016241916399802422,0.05666185690136428,0.018394723123722898,False,detected_frames_below_58,49,0.765625,15,0.0716847581912422,105.30030959752322,52.88787878787879,60.14529914529915,-0.2729296401116043
F1,eval_50001_high,Long_hue_5,0.0647655897226971,-0.008954807229296195,0.0726132190723007,0.031372911680656236,True,,63,0.984375,1,0.10610022852002843,72.29527559055119,63.2047619047619,91.92696629213484,0.11954343380361136
F1,eval_50001_high,Long_hue_8,0.0647655897226971,0.02203556181508757,0.07552506247615821,0.02740070144295581,False,detected_frames_below_58,54,0.84375,10,0.16324918340431327,48.71142181785746,68.26217105263157,138.70114481118048,0.4801690975794973
F1,eval_50002_high,Long_hue_0,0.05984931609265929,-0.023260390763120392,0.04960502716231918,0.013819069411035586,False,detected_frames_below_58,42,0.65625,22,0.08018015577267734,127.14323607427056,44.673490237364675,47.313669786096256,-0.4575890297634217
F1,eval_50002_high,Long_hue_3,0.05984931609265929,-0.019463516681600145,0.06246683042638677,0.013994305660650056,False,detected_frames_below_58,52,0.8125,12,0.05015570880662301,96.67504733852304,58.68397446258284,70.69967674155487,-0.1551929106364979
F1,eval_50002_high,Long_hue_6,0.05984931609265929,0.0024693703966090328,0.07182345848694145,0.017518210718521724,False,detected_frames_below_58,55,0.859375,5,0.08692612137746092,60.93170731707317,62.15845070422535,103.08558558558559,0.25700874293498865
F1,eval_50002_high,Long_hue_9,0.05984931609265929,0.019879790305300415,0.074940996739865,0.023958085327279464,False,detected_frames_below_58,56,0.875,8,0.12967141459096276,41.52644704433497,68.82479977116705,144.72535478093138,0.5540827349064401
F1,eval_50003_high,Long_hue_1,0.06533233898124247,-0.014003136211025488,0.05269595548789574,0.018731251769246067,False,detected_frames_below_58,46,0.71875,18,0.07625496444394075,112.34717893157763,47.90002060581084,54.57626376376376,-0.34609228179683255
F1,eval_50003_high,Long_hue_4,0.06533233898124247,-0.013674039189366825,0.06997865418557328,0.025211549654062155,True,,62,0.96875,2,0.03909153700499579,79.87655543969413,60.28816595945309,79.49283860424877,-0.002407719736573452
F1,eval_50003_high,Long_hue_7,0.06533233898124247,0.014409084524040624,0.0749571874671555,0.029810833710284333,False,detected_frames_below_58,54,0.84375,10,0.15160961527688566,52.74438584849649,64.83953735933224,118.63538442643085,0.38447360777897915
F1,eval_50003_high,Long_hue_10,0.06533233898124247,0.016908617161338367,0.07881604357900536,0.03461975296348525,False,detected_frames_below_58,55,0.859375,9,0.18004337547136617,34.706586826347305,69.71071428571429,148.66839378238342,0.6214686789753348
F1,eval_50004_high,Long_hue_2,0.05310521705655745,-0.025451237268739504,0.05813817689357343,0.013618089536317471,False,detected_frames_below_58,56,0.875,8,0.04337846788695643,108.52996092053843,53.3171114599686,61.99983437995998,-0.27285628566307313
F1,eval_50004_high,Long_hue_5,0.05310521705655745,-0.016738110985405223,0.07004487070579803,0.018906062472446993,True,,64,1.0,0,0.04303195531099435,72.7745327303678,61.78685897435898,90.56488287018391,0.10891645518876164
F1,eval_50004_high,Long_hue_8,0.05310521705655745,-0.004719439013265156,0.07512660626210674,0.02326330614464234,True,,59,0.921875,5,0.1312998727271767,45.3728813559322,60.58039215686274,126.875,0.4731676117144903
F1,eval_50005_high,Long_hue_0,0.049266470942510986,-0.01667416892537878,0.048966200572493124,0.01060306121660627,False,detected_frames_below_58,53,0.828125,10,0.03770915462535929,128.37800687285224,45.49090909090909,49.61486486486486,-0.44250728267393213
F1,eval_50005_high,Long_hue_3,0.049266470942510986,-0.023652917172235107,0.061403596312364805,0.01129175233443081,True,,64,1.0,0,0.030224100558621236,96.41884081369068,55.48797340573656,69.35930103035366,-0.16322742843138568
F1,eval_50005_high,Long_hue_6,0.049266470942510986,-0.011209087420855855,0.07227036105684737,0.019618749973654027,True,,64,1.0,0,0.08312872419663753,63.108108329242356,59.96996134340533,101.29206349206349,0.23226225824340874
F1,eval_50005_high,Long_hue_9,0.049266470942510986,-0.002950398937146169,0.07484380939100953,0.018527910328678367,False,detected_frames_below_58,56,0.875,8,0.12146564065855403,40.11762624200354,65.632422088573,138.01829096045196,0.5495840830750688
F1,eval_50006_high,Long_hue_1,0.0668358973637735,-0.015281129688013142,0.053069158750112234,0.018464941188513943,False,detected_frames_below_58,47,0.734375,17,0.07635625737679919,111.99392097264437,47.7536231884058,55.106280193236714,-0.34044028901518025
F1,eval_50006_high,Long_hue_4,0.0668358973637735,-0.010404823435662854,0.06976194628553843,0.025270529330777912,True,,63,0.984375,1,0.031837295997824366,81.08095238095238,60.49402390438247,81.25641025641026,0.0010808225081851656
F1,eval_50006_high,Long_hue_7,0.0668358973637735,0.03509922258810154,0.0743102558781216,0.01960290649868065,False,detected_frames_below_58,55,0.859375,9,0.16800796759488257,52.926108374384235,66.18723404255319,122.62096774193549,0.397015210446286
F1,eval_50006_high,Long_hue_10,0.0668358973637735,0.10005063199995748,0.07386495286657156,0.11152204288445118,True,,59,0.921875,5,0.652646781358096,34.34615384615385,65.2406015037594,140.02247191011236,0.6060512182488212
F1,eval_50007_high,Long_hue_2,0.0611354978442743,-0.02522893754217142,0.05661867983883862,0.01349168007518122,False,detected_frames_below_58,48,0.75,16,0.07011228430317062,107.28658556597271,52.22571549005073,59.09883137836306,-0.28961525037816616
F1,eval_50000_low,Short_hue_2,0.023113878874517577,0.024890606853874214,0.023650852321250884,0.0008781628959133676,True,,64,1.0,0,0.004929938287047575,187.20964499362557,58.0644849865089,65.62311557788945,-0.4808970528221729
F1,eval_50000_low,Short_hue_5,0.023113878874517577,0.02383792547191015,0.028339128293293034,0.004079278550271624,True,,64,1.0,0,0.005908998217328154,126.23330922242315,79.77099553617772,105.05013922728855,-0.09158964957122899
F1,eval_50000_low,Short_hue_8,0.023113878874517577,0.025785345961772264,0.03373553977415143,0.004692125982109316,True,,64,1.0,0,0.006908813817627646,68.67860646141189,87.44138755980862,171.46554232804232,0.42802182099697206
F1,eval_50001_low,Short_hue_0,0.02276558972269709,0.02370785945219064,0.02160198712475024,0.0007678491208088743,True,,64,1.0,0,0.004331521078289713,205.65300378321712,51.26024247491639,51.83783657003471,-0.5973617042150419
F1,eval_50001_low,Short_hue_3,0.02276558972269709,0.024527962627425102,0.024825534526826593,0.0016120932368215758,True,,64,1.0,0,0.00496252401439512,169.83601953601953,64.86260094681147,77.46562710459514,-0.3735130505041041
F1,eval_50001_low,Short_hue_6,0.02276558972269709,0.02408793451983251,0.03063533966682602,0.006321529712347821,True,,64,1.0,0,0.00764600370899593,106.60520278751677,86.04387432608291,127.52714570858284,0.08935947149316921
F1,eval_50001_low,Short_hue_9,0.02276558972269709,0.024177644353222776,0.03476075846076216,0.004338249145804304,True,,64,1.0,0,0.005915961199011055,57.15677083333333,89.98784722222223,187.87949810606062,0.5334831771579867
F1,eval_50002_low,Short_hue_1,0.01784931609265929,0.018390936324713853,0.01725972622373601,0.0006217681051292896,True,,64,1.0,0,0.00447104306136481,198.41964942951785,55.21501587005228,58.84145709100337,-0.5425545828762112
F1,eval_50002_low,Short_hue_4,0.01784931609265929,0.021024232079403547,0.021453761741649577,0.001565950975032931,True,,64,1.0,0,0.004390360295872031,150.7643673308567,71.32418626752198,88.30362563969122,-0.2612676875522191
F1,eval_50002_low,Short_hue_7,0.01784931609265929,0.02221557418248539,0.028909049484574387,0.004025817343546749,True,,64,1.0,0,0.005742703214729805,90.5436318067897,86.90178907721281,143.51131756756757,0.22630448919095025
F1,eval_50002_low,Short_hue_10,0.01784931609265929,0.01647845168750595,0.034420969352774194,0.005319414522726811,True,,64,1.0,0,0.005744115654897963,46.73556413556413,87.80033886213661,188.41144997324773,0.6024991913021867
F1,eval_50003_low,Short_hue_2,0.023332338981242467,0.024682950273724,0.023806487951192657,0.0008083171027991192,True,,64,1.0,0,0.005170995416617696,186.06075833714024,59.00249987310289,65.90675458510827,-0.4768630779361953
F1,eval_50003_low,Short_hue_5,0.023332338981242467,0.0227780341663769,0.028444175290784184,0.004756073834817075,True,,64,1.0,0,0.004878617225986925,126.84271369353917,80.41040388548058,107.02583874458875,-0.0847350990218878
F1,eval_50003_low,Short_hue_8,0.023332338981242467,0.02436079830735745,0.033617914028134924,0.005188263891989178,True,,64,1.0,0,0.007053380637675799,70.47014023210832,88.44498130572333,172.72796228539264,0.42047129889068624
F1,eval_50004_low,Short_hue_0,0.011105217056557454,0.008891459925594057,0.009491894381377115,0.0003749924104546879,True,,64,1.0,0,0.0026457389260063913,204.2586351755041,50.28505414488424,50.91304144884242,-0.6009506844774559
F1,eval_50004_low,Short_hue_3,0.011105217056557454,0.012336021997364228,0.010927045559028818,0.0009225641920888246,True,,64,1.0,0,0.0030869160862173617,170.27513726835963,61.8638380553412,72.72878051386144,-0.40141886453830083
F1,eval_50004_low,Short_hue_6,0.011105217056557454,0.01816195259433321,0.020201576017442064,0.002119971343442859,True,,64,1.0,0,0.004505337182502567,104.58061224489796,79.97041062801932,111.06976904674273,0.03009109820709731
F1,eval_50004_low,Short_hue_9,0.011105217056557454,0.0170258958491519,0.030207214897108665,0.005064276151951474,True,,64,1.0,0,0.01127181150967238,53.16149425287357,77.8913993469074,157.15803880138304,0.49446926321237483
F1,eval_50005_low,Short_hue_1,0.007266470942510986,0.005449288900879809,0.005975939377962154,0.00036578683502838097,True,,64,1.0,0,0.001674514303802499,194.63924623115577,53.12231527093596,58.019999999999996,-0.5407252980805757
F1,eval_50005_low,Short_hue_4,0.007266470942510986,0.007922019819675169,0.00799221919142775,0.001221764716190923,True,,64,1.0,0,0.0032873289849831844,145.9962841530055,65.48296146044625,80.0726683029453,-0.29160844571483124
F1,eval_50005_low,Short_hue_7,0.007266470942510986,0.01677647703498919,0.021047367513037585,0.0023215420445673145,True,,64,1.0,0,0.007941315027929274,81.87733633183407,73.51357142857142,119.71102624836854,0.18767794644634817
F1,eval_50005_low,Short_hue_10,0.007266470942510986,0.012983657403334011,0.03200542354191237,0.004993270112123004,True,,63,0.984375,1,0.006712523003590043,42.82432432432432,73.44897959183673,157.26797385620915,0.5719542959550965
F1,eval_50006_low,Short_hue_2,0.024835897363773504,0.025215815608826592,0.025348546935146283,0.0013698362729082458,True,,64,1.0,0,0.005108549402360607,185.45301553457205,58.324294871794876,65.4092229199372,-0.47852476065823996
F1,eval_50006_low,Short_hue_5,0.024835897363773504,0.0242858603552645,0.030155658632327272,0.005709430274427917,True,,64,1.0,0,0.006286752196145939,122.68049533569832,81.07822993429411,108.1360412062451,-0.06301305074305273
F1,eval_50006_low,Short_hue_8,0.024835897363773504,0.025641561811741456,0.03424847625857403,0.005016120398553312,True,,64,1.0,0,0.006743364037042454,69.00411025145067,87.91955266955267,169.33068783068785,0.42094808809522105
F1,eval_50007_low,Short_hue_0,0.019135497844274294,0.019446971504386464,0.018135012722031264,0.0006526697845287404,True,,64,1.0,0,0.003981509487337664,205.97815635451505,50.922902731326644,50.96851695511468,-0.6032755256286496
F1,eval_50007_low,Short_hue_3,0.019135497844274294,0.02169820885319982,0.021491579307271743,0.000998120593265566,True,,64,1.0,0,0.003947845430100072,170.48186930385884,63.989707341269835,76.31781914893617,-0.38154039312303634
F1,eval_50007_low,Short_hue_6,0.019135497844274294,0.02190612734111571,0.027661353302145263,0.004861007092923927,True,,64,1.0,0,0.007877108448639536,107.8175763482781,85.50924565799707,124.42071877603576,0.07149183737707927
F1,eval_50007_low,Short_hue_9,0.019135497844274294,0.018725818718012193,0.033661176472988594,0.0055162376072539245,True,,64,1.0,0,0.006992125984252029,55.30981128561673,87.2244428071468,182.69358743559502,0.5352183071099348
F1,eval_50008_low,Short_hue_1,0.012716991647999366,0.012060823395007789,0.01171077279646033,0.0005238619674237128,True,,64,1.0,0,0.002540311617247104,196.86662927376483,54.531293969849244,58.75364077669903,-0.5403053070470483
F1,eval_50008_low,Short_hue_4,0.012716991647999366,0.017025336852739666,0.015484814436776212,0.0011025744005647533,True,,64,1.0,0,0.003715353968613555,150.528132662279,69.34467750224849,84.50420332355816,-0.2809142370209821
F1,eval_50008_low,Short_hue_7,0.012716991647999366,0.020214573205843318,0.025507014718384777,0.0031636872006378437,True,,64,1.0,0,0.00717213304002029,85.93521156263091,81.58840143596241,128.21125034809245,0.1974164709902423
F1,eval_50008_low,Short_hue_10,0.012716991647999366,0.013482319050456515,0.03297592074591125,0.005529120531203963,True,,64,1.0,0,0.006125733671296096,43.96503685347567,83.32147371922821,178.52014304723886,0.6047823331594883
F1,eval_50009_low,Short_hue_2,0.020923718886327523,0.023042749446900893,0.02178382407659999,0.0007823695499310258,True,,64,1.0,0,0.004251817877141129,186.79739920358386,57.39931818181819,64.97948717948718,-0.4838327845501826
F1,eval_50009_low,Short_hue_5,0.020923718886327523,0.021621346975922117,0.02655988195305165,0.004196220446753628,True,,64,1.0,0,0.004983236847067252,127.14992829256633,79.62434764742142,105.6382939642188,-0.09240860263376331
F1,eval_50009_low,Short_hue_8,0.020923718886327523,0.023330332072107943,0.0328818501916686,0.005551069350311139,True,,64,1.0,0,0.006684211158056508,70.93398876404494,87.52623259448707,171.81658781785927,0.4155812953127057
F1,eval_50010_low,Short_hue_0,0.007786734993212159,0.006106532479392062,0.0064918886297123755,0.0003768680482253463,True,,64,1.0,0,0.001957081107550218,203.81761823702612,50.97589118198874,51.30605490523969,-0.5977946360420269
F1,eval_50010_low,Short_hue_3,0.007786734993212159,0.006775451612730279,0.007003491359309709,0.0005743858875476516,True,,64,1.0,0,0.0026482311386609725,169.06884374147805,62.707162235485626,73.94033269702754,-0.39146057131930057
F1,eval_50010_low,Short_hue_6,0.007786734993212159,0.013697047396823415,0.015462412965753704,0.00271282752711205,True,,64,1.0,0,0.005268432355046482,101.01733084267332,78.09324629271438,109.40594323516859,0.03986542092008337
F1,eval_50010_low,Short_hue_9,0.007786734993212159,0.017176471357770874,0.028296850637392325,0.003554143803484506,True,,64,1.0,0,0.006825444947251569,50.87217194570135,71.61744927536232,142.3836231884058,0.47352500440776374
F1,eval_50011_low,Short_hue_1,0.013599032933182768,0.013356538859879946,0.012718665981658057,0.0005201036331790045,True,,64,1.0,0,0.0030693222170757872,196.56955138935388,54.2339847715736,58.28140243902439,-0.5426236271552468
F1,eval_50011_low,Short_hue_4,0.013599032933182768,0.017294028061007178,0.01635044172564118,0.0011297404745079043,True,,64,1.0,0,0.003531865280125057,150.669696969697,69.81704781704782,85.3227521112767,-0.2769026937637237
F1,eval_50011_low,Short_hue_7,0.013599032933182768,0.01878229778574007,0.025717440932409,0.0038103859104452443,True,,64,1.0,0,0.007745152922318366,85.82708528584817,82.49959786502887,128.6999729656664,0.19984839222264097
F1,eval_50011_low,Short_hue_10,0.013599032933182768,0.01371003278093661,0.033412493491819795,0.0056931894619191735,True,,64,1.0,0,0.0063134000141874536,44.937980295566504,83.59626436781609,181.0953407224959,0.6023773831825815
F1,eval_50012_low,Short_hue_2,0.012525382764279998,0.012862951472048788,0.012051663126875977,0.0006761819714976762,True,,64,1.0,0,0.002852322031174692,185.68243584562538,57.72770417745292,64.92659727207466,-0.4818495050688637
F1,eval_50012_low,Short_hue_5,0.012525382764279998,0.0189151120447673,0.018071677235735883,0.0016174375129734716,True,,64,1.0,0,0.004342045306958919,129.13520749665327,76.62043041258005,98.17087608524072,-0.13622306505605056
F1,eval_50012_low,Short_hue_8,0.012525382764279998,0.019186923384353665,0.028020301631459278,0.004112044181988772,True,,64,1.0,0,0.006619647657165051,64.80155138978668,77.9477726997412,141.40551181102362,0.3714904777371154
F1,eval_50013_low,Short_hue_0,0.017414317598493944,0.016620779432266895,0.015932874209852923,0.0005815696730800204,True,,64,1.0,0,0.0036897561717830207,205.42985179134087,50.276483369160715,50.91247928013261,-0.60277743385319
F1,eval_50013_low,Short_hue_3,0.017414317598493944,0.01906164429778572,0.018864085480755424,0.0009387640200116039,True,,64,1.0,0,0.004498796624780921,170.89711760993058,64.13819808027924,75.93159631326353,-0.3847426005963681
F1,eval_50013_low,Short_hue_6,0.017414317598493944,0.019611879220210723,0.025653195099845396,0.004102665838512489,True,,64,1.0,0,0.007745140322495403,107.24007340674007,83.39212302500383,122.96034053156146,0.0682894824378321
F1,eval_50013_low,Short_hue_9,0.017414317598493944,0.017750073059153007,0.032955643340360205,0.0056524936862107885,True,,64,1.0,0,0.007913752628747495,54.420142765316825,86.07786103770113,180.85796005753855,0.5373973003659344
F1,eval_50014_low,Short_hue_1,0.022614128595001778,0.023784140422251823,0.022221332449314568,0.000621107852877304,True,,64,1.0,0,0.00408588916092123,197.43551905870817,54.358784893267654,58.31422373358349,-0.5439743313373031
F1,eval_50014_low,Short_hue_4,0.022614128595001778,0.022607903136121547,0.026019181754260035,0.0030414376835081755,True,,64,1.0,0,0.005478271605308449,148.0623282967033,71.97750424448218,90.58784783374426,-0.24083150238926668
F1,eval_50014_low,Short_hue_7,0.022614128595001778,0.02460385647478674,0.03212085969162194,0.005756324672063897,True,,64,1.0,0,0.007215537318398635,88.90729600752789,88.07493093922652,150.43028208350788,0.25705527133135153
F1,eval_50014_low,Short_hue_10,0.022614128595001778,0.022610181132180794,0.0357304427539992,0.003785472858040659,True,,64,1.0,0,0.00640980459284024,46.31010429364757,90.14769133459836,194.04203098013818,0.6146478645517678
F1,eval_50015_low,Short_hue_2,0.02469411667584542,0.024659775756835367,0.025193833232168023,0.0010339957974191691,True,,64,1.0,0,0.0050334049152946925,185.91099417823557,59.245538984824705,66.37786152987158,-0.4737947394182992
F1,eval_50015_low,Short_hue_5,0.02469411667584542,0.023229654579843526,0.029777976074789155,0.0056660780165120475,True,,64,1.0,0,0.006973484317040368,124.96157939548743,79.86829460699943,107.70243041130037,-0.07418057050817434
F1,eval_50015_low,Short_hue_8,0.02469411667584542,0.024738682831720947,0.03408327827647791,0.00503660204309549,True,,64,1.0,0,0.006242445218823112,69.65040854808296,87.6506054357022,173.9021388536379,0.42804615027737497
F1,eval_50016_low,Short_hue_0,0.024402419060996557,0.024565904184974972,0.023183315984861258,0.0005052486546283672,True,,64,1.0,0,0.004887065173191374,204.61902347145755,50.146227638060665,50.453654125318295,-0.6043978163347092
F1,eval_50016_low,Short_hue_3,0.024402419060996557,0.024608118474130348,0.02643482840623247,0.002016770492737159,True,,64,1.0,0,0.004960480509196286,166.25,63.413798008534854,76.9844666038526,-0.36699376795777333
F1,eval_50016_low,Short_hue_6,0.024402419060996557,0.025689772850006013,0.03218233683427834,0.0070114399271746786,True,,64,1.0,0,0.007730751936385838,105.80923124848569,85.75095785440612,128.14389101745422,0.09546638896137542
F1,eval_50016_low,Short_hue_9,0.024402419060996557,0.024875112310240272,0.03537393791593941,0.00414131290805988,True,,64,1.0,0,0.006362378309569872,56.80866866201086,89.02633465778389,187.46336524300443,0.5348737409367045
F1,eval_50017_low,Short_hue_1,0.0075862333014470144,0.0060515921450867045,0.006354563130220703,0.0004219585016570874,True,,64,1.0,0,0.0018031714126315324,196.20500658440227,54.673210303163984,59.09351154254806,-0.5370634191212708
F1,eval_50017_low,Short_hue_4,0.0075862333014470144,0.008380584212176911,0.008292703842177002,0.001053968869820365,True,,64,1.0,0,0.002882791824934894,146.56919844861022,66.46513884975424,81.42604521914868,-0.2857215448072667
F1,eval_50017_low,Short_hue_7,0.0075862333014470144,0.015636177695556114,0.021160999130987436,0.002172294773181282,True,,64,1.0,0,0.006622795867225362,81.43755503755503,73.09733250620347,118.9012617370892,0.1870017368709725
F1,eval_50017_low,Short_hue_10,0.0075862333014470144,0.012181068719013298,0.031556234267062735,0.004619994880512112,True,,64,1.0,0,0.006837961044343199,42.37827743902439,74.65454545454546,157.71506493506493,0.576414917795762
F1,eval_50018_low,Short_hue_2,0.010997093215728306,0.009914819885923446,0.009723047591855856,0.0006102243463790531,True,,64,1.0,0,0.002875201781319503,186.283040201005,58.41044776119403,64.9725,-0.48281737431125227
F1,eval_50018_low,Short_hue_5,0.010997093215728306,0.016512265983791033,0.01528896601870478,0.0014449314428871432,True,,64,1.0,0,0.0038883934607537585,128.5873872180451,75.27972027972028,97.02817059483726,-0.13988049817637938
F1,eval_50018_low,Short_hue_8,0.010997093215728306,0.01924004415612014,0.027228783668784794,0.0034612393982812175,True,,64,1.0,0,0.006402042789764195,66.51256773028297,77.26409107876074,138.25498405103667,0.35036027777179396
F1,eval_50019_low,Short_hue_0,0.020048734694221228,0.020889571715909876,0.019202270660707937,0.0007543688956784797,True,,64,1.0,0,0.004238405605997753,205.54327715698847,50.78975370636059,51.09099651950907,-0.6018380882055329
F1,eval_50019_low,Short_hue_3,0.020048734694221228,0.022928933329532174,0.02259081207720014,0.0012308480168428278,True,,64,1.0,0,0.004246556891672193,169.76821851306386,63.894706224549154,76.36152882205513,-0.37950183064962917
F1,eval_50019_low,Short_hue_6,0.020048734694221228,0.023959211818476066,0.028979493528725638,0.005456362692131916,True,,64,1.0,0,0.0066281714785652035,108.77845062043176,86.33154253753312,125.86030051212677,0.07280063420574805
F1,eval_50019_low,Short_hue_9,0.020048734694221228,0.02154338160203703,0.03419797325841598,0.005528768984910048,True,,64,1.0,0,0.005726556907659219,54.74567687747036,87.43393562101427,182.6841937443061,0.5388476038494755
F1,eval_50020_low,Short_hue_1,0.016127420481205825,0.015735469710748032,0.015030777363281499,0.0005258096453889781,True,,64,1.0,0,0.0034401039675866496,196.68639955128518,54.06896551724138,58.40551799082347,-0.5420825673068799
F1,eval_50020_low,Short_hue_4,0.016127420481205825,0.018985713047321783,0.018943192649397637,0.0013204779833920954,True,,64,1.0,0,0.0044698617366440985,151.55109511889862,70.50903271692746,87.65473887814314,-0.26711872019620314
F1,eval_50020_low,Short_hue_7,0.016127420481205825,0.020864111152949217,0.026822437767938936,0.0032049525393838645,True,,64,1.0,0,0.005726290084580921,87.63166000666001,85.04735312117504,136.99140656874744,0.219744780955151
F1,eval_50020_low,Short_hue_10,0.016127420481205825,0.016517152269138895,0.0338695240224706,0.004972864326820973,True,,64,1.0,0,0.006305798916814931,45.647376149131766,85.49126861838727,185.6349229427159,0.6052670149996701
F1,eval_50021_low,Short_hue_2,0.012432922066907742,0.01283076995889393,0.011892254816074744,0.0005530629974300693,True,,64,1.0,0,0.0037098728043609697,185.1435480442177,57.35763590424839,64.42929292929293,-0.4836834594824233
F1,eval_50021_low,Short_hue_5,0.012432922066907742,0.018589972467741207,0.017853481764710365,0.0016663643770718907,True,,64,1.0,0,0.004041522747999515,128.17743506493508,76.29986391234559,97.98694201084689,-0.13348916148705411
F1,eval_50021_low,Short_hue_8,0.012432922066907742,0.021605822185035786,0.028626347817450697,0.003958453809126401,True,,64,1.0,0,0.006844687892274215,67.33737060041408,79.13266184573003,143.36228764921947,0.36082126416518406
F1,eval_50022_low,Short_hue_0,0.016146214477300393,0.014723347491951174,0.014405917685217222,0.0004666574680293285,True,,64,1.0,0,0.0032037999298671904,205.28753646866613,51.05754278616121,51.62862024272417,-0.5980897355496247
F1,eval_50022_low,Short_hue_3,0.016146214477300393,0.017495306652101895,0.01692887047670048,0.000974611685070073,True,,64,1.0,0,0.004177589948043514,170.48487342797,63.45580970790378,75.27640083328882,-0.3874022580688141
F1,eval_50022_low,Short_hue_6,0.016146214477300393,0.019572329759451328,0.02430077871180695,0.0034173067544938417,True,,64,1.0,0,0.005614341807195999,108.6048437639896,83.8869895536562,120.27507716049382,0.05098845433608236
F1,eval_50022_low,Short_hue_9,0.016146214477300393,0.015920248521797246,0.032303907135053836,0.005791848270406837,True,,64,1.0,0,0.009043606391306191,55.33609625668449,85.55285204991088,176.33088650479954,0.5222789575184582
F1,eval_50023_low,Short_hue_1,0.01567001929571491,0.015028838201072694,0.014340517521131323,0.0004902047625156806,True,,64,1.0,0,0.003034376800460925,197.32415130231198,54.443986543313706,58.13721014057431,-0.544845374563054
F1,eval_50023_low,Short_hue_4,0.01567001929571491,0.018546856357894017,0.018169617380162335,0.001300590801509929,True,,64,1.0,0,0.003925314948937109,151.8493770267964,70.23706771287416,86.3769656019656,-0.2748327943180444
F1,eval_50023_low,Short_hue_7,0.01567001929571491,0.01961010872404446,0.026531249153219614,0.004010947008265038,True,,64,1.0,0,0.006177029595438532,86.00420847268673,83.34797498511018,131.66398649990072,0.20976779833619721
F1,eval_50023_low,Short_hue_10,0.01567001929571491,0.01364343436385065,0.033391171433213566,0.00597566084290806,True,,64,1.0,0,0.006744228165345811,44.7941523372028,84.02325581395348,181.80509393063585,0.6046398823034324
F1,eval_50024_low,Short_hue_2,0.005389165559386035,0.004398909805021781,0.004501087636480411,0.00046337147167934334,True,,64,1.0,0,0.0014770952294078654,184.13059045226132,57.025,65.24371859296483,-0.47674065670387433
F1,eval_50024_low,Short_hue_5,0.005389165559386035,0.008897482566565727,0.00906362444384289,0.0018417749960507991,True,,64,1.0,0,0.003720889055534693,120.58927249166975,72.40848007414273,93.1392274982282,-0.12843418165915577
F1,eval_50024_low,Short_hue_8,0.005389165559386035,0.01997287863227935,0.024804982319999926,0.003799282846300653,True,,64,1.0,0,0.007794182304976305,62.80885978428351,71.07300494350284,124.80800865800866,0.33045615454771715
F1,eval_50025_low,Short_hue_0,0.019320798479742846,0.01996669666404673,0.01846709007955789,0.0005659558367489704,True,,64,1.0,0,0.004499437570303688,205.1352657004831,50.564943400630185,51.02391194331984,-0.6016233936051245
F1,eval_50025_low,Short_hue_3,0.019320798479742846,0.021993600958138196,0.02179302939125016,0.001140236128602457,True,,64,1.0,0,0.004380670690275368,170.30390785684904,63.81049946082428,75.55902777777777,-0.3853564988741118
F1,eval_50025_low,Short_hue_6,0.019320798479742846,0.021765320835956423,0.027947056987881778,0.00534132628551708,True,,64,1.0,0,0.007397680144261676,108.73501602247103,86.0148172270618,125.20021645021644,0.07038358546384287
F1,eval_50025_low,Short_hue_9,0.019320798479742846,0.01950536495970422,0.03394441967498684,0.005874384040610881,True,,64,1.0,0,0.007009148948702304,55.08651464142794,88.20658137965435,184.1757130153084,0.5395302034848601
F1,eval_50026_low,Short_hue_1,0.020955334314552404,0.02288580914311784,0.021004903633416547,0.0006346171692797964,True,,64,1.0,0,0.0038428210827712306,198.5098601317767,54.66614401858304,58.65188762071993,-0.5438521620472941
F1,eval_50026_low,Short_hue_4,0.020955334314552404,0.0226641915357449,0.025243048268727378,0.0030376169326145203,True,,64,1.0,0,0.005885695086321641,148.96486486486486,72.00661037475611,90.53863185219117,-0.24394730688085473
F1,eval_50026_low,Short_hue_7,0.020955334314552404,0.025742643491106186,0.031930702564936,0.006238633692823508,True,,64,1.0,0,0.009684304634821062,89.34935324067703,87.89935543278085,150.84000090102268,0.25600904702907434
F1,eval_50026_low,Short_hue_10,0.020955334314552404,0.02248152115780218,0.03590595730431973,0.004809874516286546,True,,64,1.0,0,0.005793943532927948,46.814922774076315,90.04182498560736,193.29614125988547,0.6100560966448841
F1,eval_50027_low,Short_hue_2,0.004705016266898658,0.004096396595222842,0.004174054012065726,0.0005647980393157814,True,,64,1.0,0,0.001988288900435675,183.73723207876117,56.86388796775757,64.48345477386934,-0.48043448278625034
F1,eval_50027_low,Short_hue_5,0.004705016266898658,0.008238563136724343,0.008675914262361603,0.001740830556388611,True,,64,1.0,0,0.003380378442172871,119.5049232609129,71.9975194897236,92.56033658443297,-0.12705799477071278
F1,eval_50027_low,Short_hue_8,0.004705016266898658,0.020764628761824156,0.02441854176551403,0.003960446884925809,True,,64,1.0,0,0.009476005280361743,61.38615903975994,69.51329937747595,120.62718792316565,0.3254762899089605
F1,eval_50028_low,Short_hue_0,0.012439960016839068,0.010980420883993126,0.011008594556497593,0.00041120208452135085,True,,64,1.0,0,0.0027211304971310746,202.93759290226683,50.3017639142555,50.55826558265583,-0.6011117034824204
F1,eval_50028_low,Short_hue_3,0.012439960016839068,0.014434913802574884,0.012877998891151363,0.0008304015786523865,True,,64,1.0,0,0.0030916705448496007,169.55204804434862,61.94567401766355,73.08333333333334,-0.3975871703593524
F1,eval_50028_low,Short_hue_6,0.012439960016839068,0.018636338352405274,0.021657575949922268,0.0026568355873807796,True,,64,1.0,0,0.006049646336580672,106.37425438596492,80.93944343617665,113.47690217391303,0.032306620074630484
F1,eval_50028_low,Short_hue_9,0.012439960016839068,0.015716958321966557,0.030972055121977905,0.005050169447225575,True,,64,1.0,0,0.007247905593477655,52.62664473684211,79.23556286549707,160.9033260233918,0.5070795490724329
F1,eval_50029_low,Short_hue_1,0.014681276865603991,0.0138849674154631,0.01366498528005335,0.00041890088013040887,True,,64,1.0,0,0.003033932810293516,195.09732279198067,54.3564605204239,58.20289109952652,-0.5404434113549065
F1,eval_50029_low,Short_hue_4,0.014681276865603991,0.01822707724974562,0.01750628069205617,0.001213724469921406,True,,64,1.0,0,0.0037283104657626076,148.9128389154705,69.29032449780101,85.29929979564852,-0.271606499432054
F1,eval_50029_low,Short_hue_7,0.014681276865603991,0.021576130939864713,0.026714369539395516,0.003101038235372717,True,,64,1.0,0,0.0051443569553806245,87.51397342260094,83.18008859609269,129.78912994093594,0.19454465152120098
F1,eval_50029_low,Short_hue_10,0.014681276865603991,0.014104525167441498,0.033811133525709816,0.005912678795906432,True,,64,1.0,0,0.0071084433326402685,44.98504011967904,84.45763222159033,181.10150527622594,0.6020546906857719
F1,eval_50030_low,Short_hue_2,0.01939035744066626,0.021608799499943286,0.02030047862438293,0.0007090378082935825,True,,64,1.0,0,0.004639036883790082,187.7372448979592,57.3025,64.49227272727273,-0.48862232038125697
F1,eval_50030_low,Short_hue_5,0.01939035744066626,0.020916010653693504,0.02552593550184148,0.003742072622900502,True,,64,1.0,0,0.005612680767845157,129.68596273291925,79.87389060887513,103.81659973226238,-0.11078834736348658
F1,eval_50030_low,Short_hue_8,0.01939035744066626,0.021553270869068306,0.03218999843162212,0.00538845608754875,True,,64,1.0,0,0.007313846043217165,72.47524080857414,88.24973813552494,171.29697145061726,0.40538554302887597
F1,eval_50031_low,Short_hue_0,0.00775534148743192,0.005836340366456819,0.006499113105239854,0.0003813410863432446,True,,64,1.0,0,0.0025479135098777084,202.95905006418485,50.57423632488752,51.1131665737644,-0.5976485170230121
F1,eval_50031_low,Short_hue_3,0.00775534148743192,0.0068228654223094305,0.007001472064499987,0.0006156702516953912,True,,64,1.0,0,0.0022633298754682896,167.90301348136398,61.004984961568454,72.61588392516228,-0.3961731513975242
F1,eval_50031_low,Short_hue_6,0.00775534148743192,0.013790487603407363,0.015624785934132118,0.0021876036434924527,True,,64,1.0,0,0.0049885591224173575,99.1102695308542,75.93271861384133,106.87787698412698,0.03770900211827395
F1,eval_50031_low,Short_hue_9,0.00775534148743192,0.018150675745902064,0.02855624130663528,0.00410880681901196,True,,64,1.0,0,0.008015828086848642,50.761694700095205,72.47349333647836,144.47293312890673,0.4799929165787583
F1,eval_50000_high,Short_hue_1,0.06511387887451758,0.04918317832906598,0.0412678511563029,0.006226897148410432,True,,64,1.0,0,0.022944557873108007,157.39026283248705,53.697528202297576,60.48243011367698,-0.44479109065198635
F1,eval_50000_high,Short_hue_4,0.06511387887451758,0.060932550734770004,0.05302291911318741,0.00575339721641791,True,,64,1.0,0,0.020493626637477558,110.49957549634274,75.41830870279146,102.30715816804033,-0.038496983564545534
F1,eval_50000_high,Short_hue_7,0.06511387887451758,0.06178587002036719,0.06430389238995864,0.0031644820695561357,True,,64,1.0,0,0.012889418973382027,71.41102418207682,91.17797888386124,173.6396510705789,0.4171734143686829
F1,eval_50000_high,Short_hue_10,0.06511387887451758,0.06574932879693185,0.065623089022066,0.0008991121642154559,True,,64,1.0,0,0.010544736638142593,48.15309065934066,96.49367015098723,206.37148696985182,0.621623254556631
F1,eval_50001_high,Short_hue_2,0.0647655897226971,0.05282309237815425,0.043521599031329454,0.005723272777251215,True,,64,1.0,0,0.021725089584503365,150.7656699252444,59.67055761698619,69.77439327082183,-0.36724065224565894
F1,eval_50001_high,Short_hue_5,0.0647655897226971,0.05575873747533076,0.057590198170171907,0.005059726282842389,True,,64,1.0,0,0.015038424342637247,98.32305835892936,84.91752738654148,126.31819751381215,0.12462153955701627
F1,eval_50001_high,Short_hue_8,0.0647655897226971,0.06162040672802886,0.06498962154675814,0.0022997399146138815,True,,64,1.0,0,0.01353844089476497,63.33917910447761,93.93467336683418,191.69078726968172,0.5032804967589437
F1,eval_50002_high,Short_hue_0,0.05984931609265929,0.04078384424172088,0.03875212215535142,0.007030227750560952,True,,64,1.0,0,0.018359375694151914,171.55743433395872,50.67360937889748,53.634228031275526,-0.5236570708884647
F1,eval_50002_high,Short_hue_3,0.05984931609265929,0.05666768251206814,0.0463203998335635,0.005089225180057632,True,,64,1.0,0,0.02043710882293559,140.45233851116205,67.22655568414493,84.4843475877193,-0.24881664211430224
F1,eval_50002_high,Short_hue_6,0.05984931609265929,0.05615595911726996,0.05764834509887227,0.003884704075498993,True,,64,1.0,0,0.013111011273740925,87.20655270655271,86.2884268884269,146.9430760657565,0.25512115339414976
F1,eval_50002_high,Short_hue_9,0.05984931609265929,0.0604398988861885,0.06069674594026405,0.0010036360043701158,True,,64,1.0,0,0.01018234117270267,55.35835653601771,96.06275995246584,200.3631761442441,0.5670418837569333
F1,eval_50003_high,Short_hue_1,0.06533233898124247,0.04831124387993939,0.041062884822094435,0.006298651825602262,True,,64,1.0,0,0.021824920129082992,159.7775,53.91026119402985,60.6820297029703,-0.44949506347284074
F1,eval_50003_high,Short_hue_4,0.06533233898124247,0.061455584241857986,0.05300962744248953,0.005230016665266201,True,,64,1.0,0,0.019636424693131982,113.11952581561673,75.76796968148525,101.97783882783884,-0.05179834260752682
F1,eval_50003_high,Short_hue_7,0.06533233898124247,0.06071008405583747,0.06440042226398511,0.003682730551167879,True,,64,1.0,0,0.01467415869073141,72.12575348984771,90.63549274902086,173.96057727534412,0.41381747400941066
F1,eval_50003_high,Short_hue_10,0.06533233898124247,0.06419502770387016,0.0655136157845987,0.0013143447553700094,True,,64,1.0,0,0.009950653366525786,48.66666666666667,96.72123985853963,205.4914900888585,0.6170363580856509
F1,eval_50004_high,Short_hue_2,0.05310521705655745,0.04781558876259878,0.04205413919143276,0.005323079536243547,True,,64,1.0,0,0.01622203940925293,160.90310913705582,59.234020511758004,69.62220137585992,-0.39596913483424756
F1,eval_50004_high,Short_hue_5,0.05310521705655745,0.054500422756464835,0.04869749632712597,0.006178326942978612,True,,64,1.0,0,0.013740833450388457,108.52445721178262,81.5969975490196,119.1384236878453,0.04662141862617529
F1,eval_50004_high,Short_hue_8,0.05310521705655745,0.05433544852585793,0.05358605944269774,0.0012391681855449597,True,,64,1.0,0,0.008449709371681102,63.17628546774275,92.16593137254901,185.13982780612247,0.49116241684995654
F1,eval_50005_high,Short_hue_0,0.049266470942510986,0.04126693408785543,0.03797370000369776,0.0060124923452114865,True,,64,1.0,0,0.010893617174309034,181.6674126172208,49.96551724137931,53.01965637390364,-0.5481672117528635
F1,eval_50005_high,Short_hue_3,0.049266470942510986,0.051431045520222554,0.0439674177619486,0.0062463963122513224,True,,64,1.0,0,0.010119116711456044,143.971125824067,66.0495283018868,82.4363727184361,-0.2717876108422213
F1,eval_50005_high,Short_hue_6,0.049266470942510986,0.05211953235634267,0.04734666940830639,0.00435174074808664,True,,64,1.0,0,0.01179492203114263,91.6978813559322,84.92351253167263,140.02118043247077,0.2085426149388839
F1,eval_50005_high,Short_hue_9,0.049266470942510986,0.051264293991772035,0.05002937217250817,0.0007023349795872342,True,,64,1.0,0,0.009534995239452115,55.32920792079208,94.67444174757281,198.40690113787497,0.5638838466778922
F1,eval_50006_high,Short_hue_1,0.0668358973637735,0.04998035708032891,0.04115053562549613,0.005806418035042875,True,,64,1.0,0,0.01981496663199589,155.10053235053238,54.18634915895292,60.70341780508862,-0.4374206981724453
F1,eval_50006_high,Short_hue_4,0.0668358973637735,0.06220795483190292,0.053715096488163576,0.004878387905173815,True,,64,1.0,0,0.01763245695982918,107.4985482579095,74.08508932661475,102.53229086229086,-0.02364537234827898
F1,eval_50006_high,Short_hue_7,0.0668358973637735,0.06220151997954981,0.06542971288674165,0.0030353456427468788,True,,64,1.0,0,0.015027283282029735,71.95515176830966,89.95873786407768,172.4499709133217,0.4111813125779645
F1,eval_50006_high,Short_hue_10,0.0668358973637735,0.06682039497410112,0.06697753199362849,0.0011570287701372708,True,,64,1.0,0,0.011618948574824484,47.512205937266614,95.26327949962659,203.19412830399034,0.6209732308434974
F1,eval_50007_high,Short_hue_2,0.0611354978442743,0.050971798296952184,0.043387087519617784,0.005680665467070914,True,,64,1.0,0,0.021220854418958712,152.42018158982677,58.74871794871795,69.1502739106398,-0.37581683664052973
F1,eval_50007_high,Short_hue_5,0.0611354978442743,0.05556236979883672,0.055456522062103976,0.005680866916225574,True,,64,1.0,0,0.014245337037759098,98.00610335610335,82.08471209240287,123.96171810605367,0.11693413297014917
F1,eval_50007_high,Short_hue_8,0.0611354978442743,0.06021614983604475,0.061753434447657594,0.0017619262508726148,True,,64,1.0,0,0.010125276281254258,62.736262376237626,93.50231707317073,190.03546890222015,0.5036133031258427
F1,eval_50008_high,Short_hue_0,0.05471699164799937,0.04029731246523782,0.03815341654903145,0.005878075337852295,True,,64,1.0,0,0.013292622210057115,175.53920113114174,50.537227265488134,53.84978991596638,-0.530493685244835
F1,eval_50008_high,Short_hue_3,0.05471699164799937,0.05464514996727461,0.04477916085366221,0.005176957353041418,True,,64,1.0,0,0.014535696877304938,141.81816747317484,66.3953257634219,83.67071718231574,-0.25787280104604027
F1,eval_50008_high,Short_hue_6,0.05471699164799937,0.05452386348794928,0.05327216698771771,0.004382799462319328,True,,64,1.0,0,0.010296034424268408,87.72275698158052,84.58760282021152,142.89349519010534,0.2392317873913408
F1,eval_50008_high,Short_hue_9,0.05471699164799937,0.05687582942692127,0.05583126096449584,0.0009841481984793612,True,,64,1.0,0,0.010824747509172616,54.85510554025986,94.84769417475728,198.81101979916636,0.5675015300773054
F1,eval_50009_high,Short_hue_1,0.06292371888632753,0.04622852008695128,0.04093367221106632,0.007029114179115778,True,,64,1.0,0,0.019246248065145632,163.18102310231023,53.76846377217227,61.629566169296304,-0.45172007805345565
F1,eval_50009_high,Short_hue_4,0.06292371888632753,0.06075115222276514,0.05214258103481161,0.005670667952057753,True,,64,1.0,0,0.017370756661355014,117.35428172411605,76.16770960520961,103.37286583473025,-0.06334252965262582
F1,eval_50009_high,Short_hue_7,0.06292371888632753,0.059679912277503355,0.06274090072252615,0.0030178195039014806,True,,64,1.0,0,0.012888963313242852,72.07068062827224,90.28942307692307,172.88088942307692,0.41155159272370223
F1,eval_50009_high,Short_hue_10,0.06292371888632753,0.0640805144276204,0.06390566152416582,0.0009113064187267476,True,,64,1.0,0,0.011001017217345366,47.947272019598415,96.70277419948474,206.8542055638536,0.623649968796628
F1,eval_50010_high,Short_hue_2,0.04978673499321216,0.044541186030445684,0.04107640200506675,0.005493928792311229,True,,64,1.0,0,0.014688801620285852,163.90348979738985,59.64206852791878,69.829375,-0.40248561056630666
F1,eval_50010_high,Short_hue_5,0.04978673499321216,0.05346580715540936,0.046470266785497996,0.00670960441420435,True,,64,1.0,0,0.017301029356418862,111.08959031488693,83.52078676105316,119.47091605712296,0.03635195755821556
F1,eval_50010_high,Short_hue_8,0.04978673499321216,0.05161183398325963,0.050202646230282096,0.001469504982749237,True,,64,1.0,0,0.008770488129211551,65.7151802563537,93.6285221921124,186.0051282051282,0.4778714466225943
F1,eval_50011_high,Short_hue_0,0.05559903293318277,0.04063695922352518,0.038507543852721975,0.006209081594238974,True,,64,1.0,0,0.015857000605315807,176.2075715233043,50.6126740551293,53.3908215010142,-0.534919902550368
F1,eval_50011_high,Short_hue_3,0.05559903293318277,0.05561316794069012,0.04530656241961854,0.005525366696511911,True,,64,1.0,0,0.016717220257882248,144.46361662044063,66.85706615120274,82.64011366640233,-0.27222583651951454
F1,eval_50011_high,Short_hue_6,0.05559903293318277,0.05462102728601434,0.05376031825747631,0.004161881275068829,True,,64,1.0,0,0.01048245886317889,89.81164423811482,86.16783707865169,144.17970494886566,0.23235072963020337
F1,eval_50011_high,Short_hue_9,0.05559903293318277,0.0567994702564433,0.05639981659255357,0.000988590985877981,True,,64,1.0,0,0.010666958394512815,56.18509015256588,96.65673727566931,200.3559870550162,0.5619797752146835
F1,eval_50012_high,Short_hue_1,0.05452538276428,0.04291326655586224,0.040468762007208926,0.006156585701754505,True,,64,1.0,0,0.017957345093434163,169.8246456998641,55.138776254682696,61.95073413420701,-0.4654243761476477
F1,eval_50012_high,Short_hue_4,0.05452538276428,0.05645793013515803,0.04756539599466888,0.005885296060045379,True,,64,1.0,0,0.01648501781852052,126.95090778786431,76.60034496443508,101.3795610787943,-0.11199270441652343
F1,eval_50012_high,Short_hue_7,0.05452538276428,0.05481430726066653,0.05456742256301881,0.002780527156951053,True,,64,1.0,0,0.011557468123764236,74.20402250821772,89.33179104477611,167.2539165872764,0.385366885957964
F1,eval_50012_high,Short_hue_10,0.05452538276428,0.05638141551584876,0.05562240769950686,0.0005801042270426805,True,,64,1.0,0,0.00977595191905356,48.39948876694339,96.70507363092499,204.95673076923077,0.6179332889040584
F1,eval_50013_high,Short_hue_2,0.05941431759849394,0.05029655257889643,0.04282980150301909,0.005678864862864425,True,,64,1.0,0,0.019680879266451345,154.8723575965844,58.41096733668341,68.61306532663318,-0.38597279026823494
F1,eval_50013_high,Short_hue_5,0.05941431759849394,0.056787945383327786,0.05451744111108145,0.0057948846548856545,True,,64,1.0,0,0.016003112951162413,102.7057142857143,83.74782946381515,123.89289897919339,0.09350094595993792
F1,eval_50013_high,Short_hue_8,0.05941431759849394,0.05917605588765705,0.06020937823084016,0.0013729239742146203,True,,64,1.0,0,0.010238303545390126,63.58209183673469,93.38400497512438,189.8357960199005,0.4982036005863571
F1,eval_50014_high,Short_hue_0,0.06461412859500178,0.04266796710910237,0.03862553841908625,0.007107062020199514,True,,64,1.0,0,0.018002526704751,165.43261787473608,49.92250268528464,53.08828016643551,-0.5141125572673293
F1,eval_50014_high,Short_hue_3,0.06461412859500178,0.06167087264952096,0.048179232474311794,0.00509582929211301,True,,64,1.0,0,0.023878426325204094,130.79262335124574,66.98026473341606,83.83345465744603,-0.21879526071336855
F1,eval_50014_high,Short_hue_6,0.06461412859500178,0.05810545351214195,0.06171969800955029,0.00423403477589104,True,,64,1.0,0,0.012546085698231901,84.96840539121303,86.02718926553672,149.22176610107644,0.2743640362891089
F1,eval_50014_high,Short_hue_9,0.06461412859500178,0.06404613356240943,0.06554112399320922,0.0012165525328837105,True,,64,1.0,0,0.010844437714516486,55.63198255241311,96.19902443736115,200.62275633435945,0.5658071901882394
F1,eval_50015_high,Short_hue_1,0.06669411667584542,0.04859307184004707,0.04086035727101309,0.005711476603853056,True,,64,1.0,0,0.017110509407667895,157.83864347917597,54.93654822335026,61.29883512544803,-0.44054448818364034
F1,eval_50015_high,Short_hue_4,0.06669411667584542,0.06123188848386181,0.05380394803845416,0.004111633733757619,True,,64,1.0,0,0.014086651815198525,111.64786516853933,78.06194635059263,105.69999999999999,-0.027365647985210816
F1,eval_50015_high,Short_hue_7,0.06669411667584542,0.061883346857706245,0.06561745465423961,0.0032958145668426308,True,,64,1.0,0,0.015065689302649399,73.571118751653,92.02596112542955,175.48107280927834,0.4091911555521982
F1,eval_50015_high,Short_hue_10,0.06669411667584542,0.06591242994819879,0.0669533755006014,0.0014508580186691888,True,,64,1.0,0,0.01126361915922569,48.94992743105951,97.14323328067404,205.9648723257419,0.615950682520121
F1,eval_50016_high,Short_hue_2,0.06640241906099656,0.056080959016922755,0.04414479458855962,0.0050917655998994156,True,,64,1.0,0,0.022258863778645832,148.0895895895896,58.06374570446735,68.66980681275172,-0.36639603216748795
F1,eval_50016_high,Short_hue_5,0.06640241906099656,0.05631603013731296,0.0584037063271628,0.00544493900358443,True,,64,1.0,0,0.012935638193392607,95.51495106922798,80.63834708677169,122.64087229672586,0.12434195342103861
F1,eval_50016_high,Short_hue_8,0.06640241906099656,0.06301579789212013,0.06639727303298439,0.0024254854299121257,True,,64,1.0,0,0.011307164131017955,62.134020618556704,93.39723456006769,190.89457286432162,0.5088774769420567
F1,eval_50017_high,Short_hue_0,0.049586233301447014,0.03993920822367937,0.03786363738884125,0.005847986214147298,True,,64,1.0,0,0.01109574417951853,182.98408865216214,51.04547964113182,53.75796269727403,-0.5458520158049451
F1,eval_50017_high,Short_hue_3,0.049586233301447014,0.05065255376441822,0.043565949090991624,0.005380307849647003,True,,64,1.0,0,0.013283960134353734,145.6641414141414,65.77116461366181,82.3154519515776,-0.2778699993597286
F1,eval_50017_high,Short_hue_6,0.049586233301447014,0.052883420846382916,0.04776088856145028,0.004456293488299191,True,,64,1.0,0,0.010238757749266303,92.09041231992052,85.40235025870385,141.48477755161383,0.21147094115115503
F1,eval_50017_high,Short_hue_9,0.049586233301447014,0.05190981461723801,0.05050497939631141,0.0006157772430620037,True,,64,1.0,0,0.010125085367931663,55.85293764267692,95.27521008403362,198.1484016102297,0.5602154082576314
F1,eval_50018_high,Short_hue_1,0.052997093215728305,0.04295721005120951,0.04023488864949594,0.00580068726143773,True,,64,1.0,0,0.015108853616328743,170.47022955523673,54.571041921041925,62.00027777777778,-0.46659661486467635
F1,eval_50018_high,Short_hue_4,0.052997093215728305,0.05525637216503747,0.046795165337612625,0.006171527347833824,True,,64,1.0,0,0.012062461403891,125.75182917724354,74.40355614973262,98.91078973025674,-0.11947265449637559
F1,eval_50018_high,Short_hue_7,0.052997093215728305,0.05334516237546975,0.052743074286107416,0.0027882124171249314,True,,64,1.0,0,0.010493437512494319,73.7722949505744,88.76909574468085,166.97433392791413,0.3871374623666318
F1,eval_50018_high,Short_hue_10,0.052997093215728305,0.05440440064176904,0.05399898426325399,0.00047508733274868306,True,,64,1.0,0,0.008897342604836211,47.79033119658119,96.15179069119287,206.19910517114465,0.6236825288482418
F1,eval_50019_high,Short_hue_2,0.06204873469422123,0.052700801381932734,0.04373515751868256,0.005276783701350755,True,,64,1.0,0,0.02061045253056537,149.2979274611399,58.450716845878134,69.38064396743152,-0.36545548551752804
F1,eval_50019_high,Short_hue_5,0.06204873469422123,0.056335646243320006,0.05616569812795329,0.0052613954472947675,True,,64,1.0,0,0.011674296751998825,95.88510742988355,81.57277978797688,122.37483022595381,0.12136777404307886
F1,eval_50019_high,Short_hue_8,0.06204873469422123,0.06060859940908225,0.06260256583394763,0.001852573588290937,True,,64,1.0,0,0.010807183584810476,63.29926862032937,93.42293719518264,189.28934621561416,0.4987955521158977
F1,eval_50020_high,Short_hue_0,0.058127420481205824,0.0415419165107592,0.03891046925375612,0.006543536954856678,True,,64,1.0,0,0.016387112300187523,174.0708128078818,50.452825984990625,53.770197933524216,-0.5280024631338004
F1,eval_50020_high,Short_hue_3,0.058127420481205824,0.056237988235745315,0.04604078699247438,0.005453307699138244,True,,64,1.0,0,0.018307883579329887,142.5818835910653,66.2089605148342,83.69738520408163,-0.260229311772667
F1,eval_50020_high,Short_hue_6,0.058127420481205824,0.055370963213813254,0.05612525615155213,0.004301223719036261,True,,64,1.0,0,0.01231486689163841,86.96978021978022,85.91533000653479,145.3945335977882,0.25143599900575786
F1,eval_50020_high,Short_hue_9,0.058127420481205824,0.05939626457330863,0.059102479806445195,0.0008588396058803822,True,,64,1.0,0,0.011284691955920523,55.1229360444156,96.25790871770104,200.31128039988465,0.5683981824225499
F1,eval_50021_high,Short_hue_1,0.05443292206690774,0.044451915709938776,0.040551771212888936,0.005968639254997621,True,,64,1.0,0,0.016707173191565117,167.44397149552822,54.64776320627528,61.45,-0.4630701752562256
F1,eval_50021_high,Short_hue_4,0.05443292206690774,0.05693930862584382,0.0477537820663715,0.006284404419442586,True,,64,1.0,0,0.018259503311986225,124.14611845888442,76.7469806763285,100.05370902817711,-0.10745953598959643
F1,eval_50021_high,Short_hue_7,0.05443292206690774,0.055386478290690905,0.05458143841253775,0.002693690194494964,True,,64,1.0,0,0.011433263941010297,73.69845888136044,89.5903147042865,167.35,0.3885174854601859
F1,eval_50021_high,Short_hue_10,0.05443292206690774,0.056523996975943305,0.05557096000763454,0.000694707315638393,True,,64,1.0,0,0.010583074540756354,47.9211644233779,95.82199570071424,204.56585848362164,0.6204069114393308
F1,eval_50022_high,Short_hue_2,0.058146214477300395,0.05042113529693494,0.04313447866349619,0.005612350297824993,True,,64,1.0,0,0.01938099321743203,156.82128390504027,58.965587649402394,69.59794731846227,-0.38522936464031127
F1,eval_50022_high,Short_hue_5,0.058146214477300395,0.05499230777711058,0.05335425957787643,0.005816959845929737,True,,64,1.0,0,0.016697966230156958,106.75387667887668,80.59147865708951,121.02603507763082,0.06265766936467494
F1,eval_50022_high,Short_hue_8,0.058146214477300395,0.05740666909961905,0.05896268624405427,0.0016786459323365494,True,,64,1.0,0,0.011254698095039872,64.40298309178743,94.1534090909091,189.31067073170732,0.4923175625653006
F1,eval_50023_high,Short_hue_0,0.057670019295714914,0.041787644252602764,0.038888950366326336,0.006584670158564612,True,,64,1.0,0,0.017066769092887846,173.37768893965352,50.911904761904765,53.91198192051851,-0.5256099257261428
F1,eval_50023_high,Short_hue_3,0.057670019295714914,0.05692523150800764,0.046080756458671907,0.0053992062230839525,True,,64,1.0,0,0.01995150230212417,141.31258817145957,67.53659673659674,83.87138776881721,-0.2550856479142931
F1,eval_50023_high,Short_hue_6,0.057670019295714914,0.055248367233988356,0.05606576869611619,0.00393641654379365,True,,64,1.0,0,0.011271305024405875,87.28340238995978,85.52629368279571,145.87995218579235,0.2513111457949751
F1,eval_50023_high,Short_hue_9,0.057670019295714914,0.059118091014853345,0.05875197811038288,0.0008042992317348804,True,,64,1.0,0,0.010308201525756067,55.38909920403805,95.7992799279928,200.56176888467914,0.5671895968343466
F1,eval_50024_high,Short_hue_1,0.047389165559386034,0.041492179835910976,0.039202221490360435,0.0057960647764772584,True,,64,1.0,0,0.010594745244473236,175.50844846900674,54.62708026826146,61.22557666214382,-0.48274797737059455
F1,eval_50024_high,Short_hue_4,0.047389165559386034,0.05103568736526969,0.044527193347047654,0.0072864964265873244,True,,64,1.0,0,0.009825104228027182,128.27203151888415,75.60629349958347,98.56692847593584,-0.1309523859729674
F1,eval_50024_high,Short_hue_7,0.047389165559386034,0.049033980173680713,0.046772501879724704,0.002467407460880812,True,,64,1.0,0,0.008179078247916194,75.97400575614861,88.81338818249813,164.4640284901799,0.368036708549085
F1,eval_50024_high,Short_hue_10,0.047389165559386034,0.04899870519356883,0.04858951307019043,0.0006689972449632821,True,,64,1.0,0,0.008698408073254948,47.94436146377894,95.3896480674498,204.47698170731707,0.6201243455765811
F1,eval_50025_high,Short_hue_2,0.06132079847974285,0.05239241977390875,0.04370194153216976,0.005654239447942727,True,,64,1.0,0,0.02123490802909922,152.6235659529474,59.58137019230769,69.26238448522713,-0.3756938251525183
F1,eval_50025_high,Short_hue_5,0.06132079847974285,0.056278414126107304,0.05545808196086787,0.005908063668664625,True,,64,1.0,0,0.018257129322934773,98.42597765363129,80.52503293807641,122.64995968438635,0.10957312823112582
F1,eval_50025_high,Short_hue_8,0.06132079847974285,0.06013637388351349,0.06185203415694215,0.0018073161993012582,True,,64,1.0,0,0.010278962260987234,63.57831033339285,93.94802521221979,190.3377459436486,0.4992178811723163
F1,eval_50026_high,Short_hue_0,0.06295533431455241,0.043200301247116754,0.03871429285977694,0.00646108976652037,True,,64,1.0,0,0.019445919331819495,168.05460561271315,50.33495145631068,53.590104083992834,-0.5164323645953501
F1,eval_50026_high,Short_hue_3,0.06295533431455241,0.059223610257622475,0.04742977368042526,0.004665534307679949,True,,64,1.0,0,0.02326030952499436,132.36514336917563,69.04203564466722,85.55422932608502,-0.21480841039566945
F1,eval_50026_high,Short_hue_6,0.06295533431455241,0.056111432798919045,0.06036330874616794,0.0043014128469177175,True,,64,1.0,0,0.011013404444616737,83.36962257123346,86.041402757079,148.6593178820426,0.28138599945016907
F1,eval_50026_high,Short_hue_9,0.06295533431455241,0.06223964041861377,0.06387300379253116,0.001413696069778864,True,,64,1.0,0,0.010846070711749256,55.46818454884057,96.94607843137254,202.61435643564357,0.5701515930736626
F1,eval_50027_high,Short_hue_1,0.04670501626689866,0.040920313317940486,0.03855672410745707,0.005620231507751447,True,,64,1.0,0,0.011546546483797382,175.82835820895522,54.50152742256323,60.35868830290737,-0.488890782163398
F1,eval_50027_high,Short_hue_4,0.04670501626689866,0.05127049134587737,0.04422874283584949,0.007513332243170727,True,,64,1.0,0,0.014540283982528823,128.42074993207137,75.45828698553949,98.43354838709678,-0.13218705471819875
F1,eval_50027_high,Short_hue_7,0.04670501626689866,0.048844778028408545,0.04618596463894911,0.0028350690749254586,True,,64,1.0,0,0.008718502143499118,78.04747017688194,88.91196203567337,163.0786567408377,0.35264194573560625
F1,eval_50027_high,Short_hue_10,0.04670501626689866,0.04790536567520627,0.04791170934892478,0.0005528102103543037,True,,64,1.0,0,0.007778165697432393,48.32228386500231,95.87289574366332,205.41210284280936,0.6191112722876759
F1,eval_50028_high,Short_hue_2,0.05443996001683907,0.04804083178086641,0.04217133902185606,0.005554271896725154,True,,64,1.0,0,0.01833567214989218,159.0225,59.101522842639596,70.3534552369045,-0.3865664327000439
F1,eval_50028_high,Short_hue_5,0.05443996001683907,0.05483759436543305,0.04991831285558913,0.006100391189892284,True,,64,1.0,0,0.015172455148267816,107.09637846759347,82.77413177446294,120.47806351712413,0.05880135279175694
F1,eval_50028_high,Short_hue_8,0.05443996001683907,0.05568409806497161,0.0551487025068473,0.0015453482839104977,True,,64,1.0,0,0.011341468442099156,63.41630525848899,92.71321428571429,186.74824929971987,0.49300327242216574
F1,eval_50029_high,Short_hue_0,0.056681276865603994,0.04035270202377812,0.03866673631434846,0.006660119263162342,True,,64,1.0,0,0.015478755014113887,173.12120130410983,50.774754839531326,53.41105769230769,-0.5284463420006542
F1,eval_50029_high,Short_hue_3,0.056681276865603994,0.05616882123884132,0.045637592615725885,0.005292280223749062,True,,64,1.0,0,0.01868617637370218,142.29042183883863,66.6144540290343,83.2597144456887,-0.2617187839721964
F1,eval_50029_high,Short_hue_6,0.056681276865603994,0.055100315292460074,0.05508383524066027,0.004192124208199936,True,,64,1.0,0,0.01017265163951886,87.47236602571397,85.15645485911443,142.9333191670208,0.24071000285827762
F1,eval_50029_high,Short_hue_9,0.056681276865603994,0.05828388045270579,0.057673331395484494,0.0009281274657482107,True,,64,1.0,0,0.011169550357414626,55.30871080139373,95.43075028419855,199.05648452157598,0.5651235953789349
F1,eval_50030_high,Short_hue_1,0.06139035744066626,0.04710154341086064,0.04105571567836101,0.005974023644633293,True,,64,1.0,0,0.017512101188356444,163.65866039371053,54.5894228447235,60.97569205343616,-0.45711160034809806
F1,eval_50030_high,Short_hue_4,0.06139035744066626,0.05940475978798049,0.051213234236553204,0.0051203483055063444,True,,64,1.0,0,0.017753436928981126,118.64879610572054,76.6393372982158,102.18401294295049,-0.07455768567043483
F1,eval_50030_high,Short_hue_7,0.06139035744066626,0.05812842485773058,0.06110341473070529,0.003020332317299837,True,,64,1.0,0,0.011968947231349891,72.00640435548775,89.95421245421247,171.68587594900444,0.40903828167624895
F1,eval_50030_high,Short_hue_10,0.06139035744066626,0.06239590780304147,0.06226517651844808,0.000962428661164123,True,,64,1.0,0,0.010443072606354908,48.179805391976444,96.94043126684636,206.97803183658448,0.6223529254261622
F1,eval_50031_high,Short_hue_2,0.04975534148743192,0.04641310349333098,0.04168062620678121,0.00573761998782505,True,,64,1.0,0,0.011960487405137554,164.1952135678392,58.85352392705334,69.62018663795314,-0.4044858758090595
F1,eval_50031_high,Short_hue_5,0.04975534148743192,0.054032474053737435,0.04693556217104207,0.006618556193032673,True,,64,1.0,0,0.012532663653538445,111.24055865921787,82.65526315789474,119.80418943533698,0.037064814702537266
F1,eval_50031_high,Short_hue_8,0.04975534148743192,0.05203106306997926,0.050137843052540355,0.0015434718852615089,True,,64,1.0,0,0.009393429123816244,64.59894472361809,92.87939698492463,186.73318407960198,0.48594757835998015
F1,eval_50000_low,Long_hue_0,0.023113878874517577,-0.026110194561556065,0.04009465258284927,0.01454286031533709,True,,64,1.0,0,0.0219870559123041,135.1026058631922,44.188101708074534,49.30377829820453,-0.46527037529185594
F1,eval_50000_low,Long_hue_3,0.023113878874517577,-0.03391570061798601,0.04496992080654619,0.02185441169583467,True,,64,1.0,0,0.02033631787084733,103.87251892135733,58.36636700913242,77.12022501308215,-0.14780865424066636
F1,eval_50000_low,Long_hue_6,0.023113878874517577,-0.03976601619858406,0.05305217900829408,0.02146027207719181,True,,64,1.0,0,0.027429939746159704,67.40242538148297,63.62948969389325,110.9206359643355,0.2440414058306136
F1,eval_50000_low,Long_hue_9,0.023113878874517577,-0.05078931136988263,0.0603972560466505,0.02353992469555885,True,,64,1.0,0,0.01691101246622362,42.76550004452756,69.30391692331992,146.0329153605016,0.5469718328643488
F1,eval_50001_low,Long_hue_1,0.02276558972269709,-0.02945813704430377,0.041646330328708424,0.01622810601069574,True,,64,1.0,0,0.024578407735448726,132.96749226006193,49.50568014755019,58.13389189693801,-0.39159109544514736
F1,eval_50001_low,Long_hue_4,0.02276558972269709,-0.042275118866807335,0.04636665107146483,0.022365097744036624,True,,64,1.0,0,0.02185094977534585,92.02842930116873,64.37778745644599,87.52112161746618,-0.02510341942177882
F1,eval_50001_low,Long_hue_7,0.02276558972269709,-0.04983382470376747,0.05471640416975776,0.02144879611892967,True,,64,1.0,0,0.022708139705634123,60.36429512516469,64.7061639948929,119.63303685265012,0.3292756680126245
F1,eval_50001_low,Long_hue_10,0.02276558972269709,-0.05868461475718683,0.06132087986728444,0.02406369463204809,True,,64,1.0,0,0.018437542724999867,39.105472309405684,70.28913347309575,155.83799030743603,0.5988019112365192
F1,eval_50002_low,Long_hue_2,0.01784931609265929,-0.04623387156693518,0.037647419970464495,0.014573182894815944,True,,64,1.0,0,0.013708608734767758,128.21388924973724,52.00924450779809,63.85112359550561,-0.33510926691313553
F1,eval_50002_low,Long_hue_5,0.01784931609265929,-0.06742136868224617,0.04071519492489737,0.018884423142095194,True,,64,1.0,0,0.027774278215223047,79.74890956445337,65.12153846153845,97.26333333333332,0.09894470281919042
F1,eval_50002_low,Long_hue_8,0.01784931609265929,-0.0771747538278742,0.04984739557498035,0.019038214265327345,True,,64,1.0,0,0.018017886212514878,52.572888914629914,69.1796903176168,139.04467456482507,0.451272754334266
F1,eval_50003_low,Long_hue_0,0.023332338981242467,-0.02596789470171593,0.03999318647241842,0.014241292247403094,True,,64,1.0,0,0.023403140858578197,136.34915868319027,44.24657623158305,49.475565590628634,-0.4675028763371124
F1,eval_50003_low,Long_hue_3,0.023332338981242467,-0.033684681066920394,0.04493781777640872,0.021203076621693222,True,,64,1.0,0,0.018431598881871514,105.40377575444688,58.87834541399498,78.44407362459546,-0.14664137884076078
F1,eval_50003_low,Long_hue_6,0.023332338981242467,-0.0423819676198224,0.05233077207418845,0.021647991750450898,True,,64,1.0,0,0.025271653035334074,68.61906958355297,65.37416018925313,111.12630495163299,0.23648583713490107
F1,eval_50003_low,Long_hue_9,0.023332338981242467,-0.05159049489322302,0.059810182461025097,0.023968554688103653,True,,64,1.0,0,0.018991455855252193,44.78701663545225,68.46192246956345,145.7884228740936,0.5299812320967084
F1,eval_50004_low,Long_hue_1,0.011105217056557454,-0.042847660538247435,0.029993714723576172,0.007731539193998333,True,,64,1.0,0,0.007382522253922552,153.29901239907727,44.490565476190476,49.379463266872754,-0.5127310573594495
F1,eval_50004_low,Long_hue_4,0.011105217056557454,-0.041161388855740604,0.031496318629369774,0.006835115427904972,True,,64,1.0,0,0.009157694614412515,105.70635702589436,63.24758398527381,80.32897311196825,-0.1364116369461645
F1,eval_50004_low,Long_hue_7,0.011105217056557454,-0.04128387171289093,0.03592924412379197,0.009776655316180343,True,,64,1.0,0,0.008785772477955534,63.84187913610014,71.89654745838956,134.63081395348837,0.3566683845290217
F1,eval_50004_low,Long_hue_10,0.011105217056557454,-0.05006077818619527,0.03947367934019448,0.012856620616246902,True,,64,1.0,0,0.012254044341785564,38.5094674832858,78.72593420930016,169.95076181157395,0.6305341540345731
F1,eval_50005_low,Long_hue_2,0.007266470942510986,-0.03825392351310295,0.02251866268712611,0.005690407168464801,True,,64,1.0,0,0.00796955284640588,156.85249042145594,52.06520505179509,60.77603671577947,-0.44146994408086365
F1,eval_50005_low,Long_hue_5,0.007266470942510986,-0.03310667223399477,0.024698999065256248,0.0035254767975633084,True,,64,1.0,0,0.007225147061535431,108.16139186840209,73.44292452830189,97.5296137702972,-0.05168810403299688
F1,eval_50005_low,Long_hue_8,0.007266470942510986,-0.03058318358803174,0.032912274445271394,0.007198338540641595,True,,64,1.0,0,0.007964866570148166,63.337251356238696,79.54608074423572,155.57471264367817,0.42134499915899565
F1,eval_50006_low,Long_hue_0,0.024835897363773504,-0.02552224861203165,0.04107542349126092,0.01486763323099207,True,,64,1.0,0,0.020355624910031067,135.31047453703704,45.42669549203299,51.367137659489636,-0.44967008035851025
F1,eval_50006_low,Long_hue_3,0.024835897363773504,-0.03214956602221569,0.047199585582856175,0.022646494447113193,True,,64,1.0,0,0.03155877639188909,102.81634288489559,60.191800226647246,80.36019013666072,-0.12259295652021156
F1,eval_50006_low,Long_hue_6,0.024835897363773504,-0.033013977375488265,0.0542687190210522,0.021692429599366812,True,,64,1.0,0,0.030121426720573496,66.47949430096668,62.30470641220515,108.40334802976027,0.23972536796668545
F1,eval_50006_low,Long_hue_9,0.024835897363773504,-0.04391876150945408,0.06171017175853779,0.0250316577281195,True,,64,1.0,0,0.02236842579333642,43.78443690637721,67.83251633986927,147.64783829995116,0.5425595097881378
F1,eval_50007_low,Long_hue_1,0.019135497844274294,-0.03912951953484376,0.038375857829187655,0.014225931360338909,True,,64,1.0,0,0.01562693016096417,133.64441325848702,47.507884972170686,56.66514129736673,-0.4044950456679636
F1,eval_50007_low,Long_hue_4,0.019135497844274294,-0.05878436561730787,0.04141588524922265,0.019758339539380367,True,,64,1.0,0,0.0199946477789259,90.405663604688,62.13312334217507,87.44810659186535,-0.016629149944665866
F1,eval_50007_low,Long_hue_7,0.019135497844274294,-0.06667620769719751,0.0497158312639913,0.017836653382164728,True,,64,1.0,0,0.02138752926154497,60.770617934932446,67.30429914912673,127.94373473748473,0.3559512874951035
F1,eval_50007_low,Long_hue_10,0.019135497844274294,-0.07653412506984075,0.057163102789744374,0.021584482005912443,True,,64,1.0,0,0.019273883867964692,38.386566799357496,73.07413185600271,156.88592641357616,0.6068410233539713
F1,eval_50008_low,Long_hue_2,0.012716991647999366,-0.047399693636237854,0.03227403392286275,0.00936201864005396,True,,64,1.0,0,0.00782274010620454,137.35279273571956,48.79858650046845,57.65196216826652,-0.4087122419486371
F1,eval_50008_low,Long_hue_5,0.012716991647999366,-0.05178873254196149,0.0343655954358316,0.011899339819341834,True,,64,1.0,0,0.018320209973753165,88.25943031980768,67.17510380070266,95.2465602641717,0.03807575939144293
F1,eval_50008_low,Long_hue_8,0.012716991647999366,-0.0593293743446606,0.040846334758059905,0.014334888625339652,True,,64,1.0,0,0.015801227132510975,52.30928308823529,72.01608111820867,150.58627757901013,0.4843723251882847
F1,eval_50009_low,Long_hue_0,0.020923718886327523,-0.03264321277743808,0.03863036978230854,0.01334991630334754,True,,64,1.0,0,0.020329118479640362,141.7435064935065,43.69712457408792,48.905809577194105,-0.4869553105655195
F1,eval_50009_low,Long_hue_3,0.020923718886327523,-0.04465613173515689,0.04162989437087422,0.020214943272342637,True,,64,1.0,0,0.026202924289239427,105.62140999744608,58.3842803030303,78.173342985843,-0.14934086292495283
F1,eval_50009_low,Long_hue_6,0.020923718886327523,-0.0543614976136692,0.048876925739719475,0.021058299549449457,True,,64,1.0,0,0.02068721570253096,67.95988278250513,64.63531333877933,111.73330429732869,0.2436008967628568
F1,eval_50009_low,Long_hue_9,0.020923718886327523,-0.060132681583281555,0.057786762190591666,0.021866157646460098,True,,64,1.0,0,0.01800405808820027,44.39187549968295,68.96411804158282,145.7573904968271,0.5330839141866792
F1,eval_50010_low,Long_hue_1,0.007786734993212159,-0.03889392549948065,0.023401558384986566,0.006011658635425913,True,,64,1.0,0,0.006773014331574623,163.56281533101046,45.44758368990688,49.67904079725942,-0.534059197389685
F1,eval_50010_low,Long_hue_4,0.007786734993212159,-0.03789576205474856,0.024740075465046328,0.004407222841962889,True,,64,1.0,0,0.00604320535959979,119.75566922421143,65.71042690469027,83.12713883474117,-0.18054033626558813
F1,eval_50010_low,Long_hue_7,0.007786734993212159,-0.0292268215247737,0.03121946158103795,0.005878849289604823,True,,64,1.0,0,0.009827492937428683,76.78371740229719,78.13077035095384,134.69090214632462,0.2738256953369918
F1,eval_50010_low,Long_hue_10,0.007786734993212159,-0.03560402120754627,0.03463185477926728,0.008259825955962136,True,,64,1.0,0,0.010105512111157622,45.34689330543933,81.35810841877787,175.7596932353261,0.5898187022386236
F1,eval_50011_low,Long_hue_2,0.013599032933182768,-0.050707391374877585,0.03361742485329035,0.01067202517726237,True,,64,1.0,0,0.009796762240583234,136.09708638196207,49.145519656215185,59.34170289942108,-0.39273362143086127
F1,eval_50011_low,Long_hue_5,0.013599032933182768,-0.062038669062143316,0.03606941392947017,0.01508337059546162,True,,64,1.0,0,0.021117509565035664,85.94977528089888,67.99242032730405,98.48626336898396,0.06797200904907298
F1,eval_50011_low,Long_hue_8,0.013599032933182768,-0.06724285982965583,0.04267115350844956,0.014968421444647932,True,,64,1.0,0,0.013420625432800093,52.95275167785235,71.74747901526675,146.79573337500977,0.4698057242953409
F1,eval_50012_low,Long_hue_0,0.012525382764279998,-0.042817089359881454,0.03129987555447072,0.008469175736107408,True,,64,1.0,0,0.00653725181310949,159.91831142139432,40.362463634971675,43.769090033702454,-0.5702327220925177
F1,eval_50012_low,Long_hue_3,0.012525382764279998,-0.04912403691915497,0.03260222015086704,0.00958610785517647,True,,64,1.0,0,0.010939632545931666,120.41899935649936,54.65008569938148,68.92637684854665,-0.2719507787303452
F1,eval_50012_low,Long_hue_6,0.012525382764279998,-0.05543590174357933,0.03605109985481836,0.013776437078018355,True,,64,1.0,0,0.02146357008037425,72.01059229579084,69.57169247009148,114.49719101123596,0.22780067384911212
F1,eval_50012_low,Long_hue_9,0.012525382764279998,-0.06249975757205849,0.04155787669405657,0.015166798592324027,True,,64,1.0,0,0.013633202755062857,45.46084490222421,75.34786874058065,161.1815821402572,0.5600047332692364
F1,eval_50013_low,Long_hue_1,0.017414317598493944,-0.04357840072230087,0.037087968906607004,0.013621296004360567,True,,64,1.0,0,0.01281620043947096,140.10493410478946,46.20525789933808,55.06094287391997,-0.4357523586981677
F1,eval_50013_low,Long_hue_4,0.017414317598493944,-0.06430796724306127,0.03947646983773205,0.018307808417987608,True,,64,1.0,0,0.02114617127021401,93.15549225825299,62.09063337208715,86.93828352287755,-0.034522063343994894
F1,eval_50013_low,Long_hue_7,0.017414317598493944,-0.07306798408616776,0.047257483425529025,0.017234736011727928,True,,64,1.0,0,0.021535469968784415,60.28519645821804,66.87683411738351,130.05545594900144,0.36655469343204117
F1,eval_50013_low,Long_hue_10,0.017414317598493944,-0.08219687072151625,0.054525552501918234,0.02031713040290622,True,,64,1.0,0,0.023447467870105543,38.60332821207466,73.8514805789396,156.15270064612594,0.6035724445769887
F1,eval_50014_low,Long_hue_2,0.022614128595001778,-0.0329941226958003,0.042969374639417905,0.019000616208139604,True,,64,1.0,0,0.023376262468887465,123.74839743589743,54.024979548907325,65.76912766265758,-0.305930914531986
F1,eval_50014_low,Long_hue_5,0.022614128595001778,-0.04576157929476509,0.04866470142550377,0.02132913382203285,True,,64,1.0,0,0.026113435039370136,78.56091788433834,64.42088744588744,99.40265416760786,0.11711237329618147
F1,eval_50014_low,Long_hue_8,0.022614128595001778,-0.05067740021138501,0.05756981739837638,0.02094288244976603,True,,64,1.0,0,0.016559014568956476,52.14829220720312,66.35763104718887,131.77970209765556,0.4329488297385758
F1,eval_50015_low,Long_hue_0,0.02469411667584542,-0.02518175046033604,0.040858848267768935,0.014831207164138343,True,,64,1.0,0,0.025712695485055392,135.980879444831,45.08577348066298,50.880683262834296,-0.4554184121596524
F1,eval_50015_low,Long_hue_3,0.02469411667584542,-0.03276227132805231,0.047015367519979,0.022862532559592974,True,,64,1.0,0,0.02521327598065881,104.05640613730247,60.22154801526098,79.84652017399131,-0.13164491968078196
F1,eval_50015_low,Long_hue_6,0.02469411667584542,-0.03796081648925222,0.054382153255958764,0.021320697519575646,True,,64,1.0,0,0.025173752248520587,68.75057726696645,66.43936388508892,109.25581395348837,0.2275493391490497
F1,eval_50015_low,Long_hue_9,0.02469411667584542,-0.044841760214483196,0.06194287601892459,0.024277479890875274,True,,64,1.0,0,0.02385603395320257,45.04306804306805,70.59601925605135,148.92257614508253,0.5355562245922724
F1,eval_50016_low,Long_hue_1,0.024402419060996557,-0.024659980379227224,0.043388247867861315,0.01748244744954391,True,,64,1.0,0,0.02190626981343935,131.04131478805886,49.83802286423254,59.556639487478165,-0.3750547878244215
F1,eval_50016_low,Long_hue_4,0.024402419060996557,-0.030470492934873313,0.049480445882454115,0.02364558396616027,True,,64,1.0,0,0.02688292995633601,88.48680510074354,63.29562629399586,87.4704654895666,-0.0057760591975952996
F1,eval_50016_low,Long_hue_7,0.024402419060996557,-0.039691583027367305,0.0570959580998021,0.02280225686822927,True,,64,1.0,0,0.018180510455061083,60.909244109446334,64.94965729849451,119.0336401786923,0.3230158074835141
F1,eval_50016_low,Long_hue_10,0.024402419060996557,-0.04439153828430693,0.06297380049341744,0.024845929718352124,True,,64,1.0,0,0.01583948103439481,38.62934996108661,69.49834633649932,156.08072916666669,0.6032116043079476
F1,eval_50017_low,Long_hue_2,0.0075862333014470144,-0.03901018871091138,0.02340966002621809,0.0058437728983921555,True,,64,1.0,0,0.0064637442707721204,156.71641791044777,50.52025974025974,58.95014411939012,-0.45332142762831745
F1,eval_50017_low,Long_hue_5,0.0075862333014470144,-0.03532535638535027,0.02545173354739438,0.004138254627660058,True,,64,1.0,0,0.0067817933728075985,107.69034469251861,72.84643108298172,96.6134985696597,-0.05421751224055145
F1,eval_50017_low,Long_hue_8,0.0075862333014470144,-0.03149500863052982,0.03286216248026389,0.007659275681449608,True,,64,1.0,0,0.008530183727033958,64.63884527681208,80.61451881251628,155.27579086800685,0.41214603620792123
F1,eval_50018_low,Long_hue_0,0.010997093215728306,-0.04028073519239256,0.029244556523235803,0.0068516739534469715,True,,64,1.0,0,0.006528510580977809,162.32340147606297,41.516627032084514,43.17786713671918,-0.5797800429341601
F1,eval_50018_low,Long_hue_3,0.010997093215728306,-0.04236248810953072,0.030602243348101545,0.006622708907441781,True,,64,1.0,0,0.0057546427149591795,122.28953007806521,55.11228095478474,68.32727010816899,-0.2830928853971652
F1,eval_50018_low,Long_hue_6,0.010997093215728306,-0.03945174467714256,0.0336748944074111,0.007482488393785066,True,,64,1.0,0,0.0066202090592334395,77.80615354736543,71.9722906765241,112.56733797017198,0.1825946677014333
F1,eval_50018_low,Long_hue_9,0.010997093215728306,-0.046487310928060875,0.03834981650002974,0.010847581621201627,True,,64,1.0,0,0.00793307086614159,46.859068367206724,76.21098269546546,160.60035722697654,0.5482579956731468
F1,eval_50019_low,Long_hue_1,0.020048734694221228,-0.03789935116417891,0.03960173033209718,0.016026747924341726,True,,64,1.0,0,0.01960063214636565,130.0144660894661,48.33378802910053,57.57958333333333,-0.3861256952392912
F1,eval_50019_low,Long_hue_4,0.020048734694221228,-0.054395503012201814,0.04315980330855698,0.02100464049539045,True,,64,1.0,0,0.023187745022996364,86.1658232301364,60.72710253456221,85.6393783651493,-0.003064196311280607
F1,eval_50019_low,Long_hue_7,0.020048734694221228,-0.061454973341775625,0.052145460939054124,0.020112159674105127,True,,64,1.0,0,0.01942480025310922,59.47569739409941,65.52069956634281,126.1455,0.3591712775365361
F1,eval_50019_low,Long_hue_10,0.020048734694221228,-0.06994514834630827,0.05947255358229901,0.022144879258004603,True,,64,1.0,0,0.017303117532227685,38.241802110065585,72.83380952380952,154.00296542645327,0.6021550796923358
F1,eval_50020_low,Long_hue_2,0.016127420481205825,-0.04927207059836164,0.036323156880427254,0.01381879779915328,True,,64,1.0,0,0.01297432069930371,132.87895752895753,49.44978021978022,61.05828768574282,-0.3703294318927986
F1,eval_50020_low,Long_hue_5,0.016127420481205825,-0.0723254662802694,0.039490187364012865,0.01823464014011341,True,,64,1.0,0,0.030483441125771837,79.11774622892635,64.91396683673469,98.1373593073593,0.10730079125726151
F1,eval_50020_low,Long_hue_8,0.016127420481205825,-0.07860280114135193,0.047915728041715545,0.01806558167328041,True,,64,1.0,0,0.018174366817241272,52.177323154002146,68.88353717724715,136.43837436841028,0.446734032857447
F1,eval_50021_low,Long_hue_0,0.012432922066907742,-0.041784412143831516,0.03104538275935817,0.007910389974605261,True,,64,1.0,0,0.006568883006262238,158.27235238987817,40.33128456200909,43.3597829506134,-0.5699119797804748
F1,eval_50021_low,Long_hue_3,0.012432922066907742,-0.04719957547634225,0.032408164024533816,0.008969396344597045,True,,64,1.0,0,0.00928382986200138,118.62378332628015,54.104536241502394,69.19485593516113,-0.26317370621727426
F1,eval_50021_low,Long_hue_6,0.012432922066907742,-0.052704513130738886,0.035809305973678,0.012703024949068645,True,,64,1.0,0,0.014262393108119498,72.80669435040204,68.87072938185285,113.54524151123864,0.21861080740842545
F1,eval_50021_low,Long_hue_9,0.012432922066907742,-0.05880999270064569,0.041635434346915016,0.014464266299136516,True,,64,1.0,0,0.012868547591180834,45.96016826923077,76.55643097104463,158.57599587912088,0.5505912760161497
F1,eval_50022_low,Long_hue_1,0.016146214477300393,-0.04747863787192696,0.03620665461304372,0.012898507938093311,True,,64,1.0,0,0.011412012403501093,146.34895833333331,45.63202338017659,54.33114208446016,-0.458529849533172
F1,eval_50022_low,Long_hue_4,0.016146214477300393,-0.06748770866395953,0.038452131027321014,0.018343764536118256,True,,64,1.0,0,0.017796047552879557,95.13333333333333,62.377006448072436,86.97513888888889,-0.04479854421319376
F1,eval_50022_low,Long_hue_7,0.016146214477300393,-0.07391359021010656,0.04530080599216633,0.016506049235709908,True,,64,1.0,0,0.015462722727971334,60.945127304653205,67.93825450227587,126.697005181076,0.3504110564370349
F1,eval_50022_low,Long_hue_10,0.016146214477300393,-0.08637164929946577,0.051801841437596176,0.0207130671755129,True,,64,1.0,0,0.020319401970778195,39.24805884137095,74.0984235924933,157.97734104387774,0.6019979286217001
F1,eval_50023_low,Long_hue_2,0.01567001929571491,-0.05225053345350359,0.03604333621195522,0.01407553808219985,True,,64,1.0,0,0.015677090679787287,135.53674794431328,50.42138177486599,60.5886649774329,-0.3821436592553368
F1,eval_50023_low,Long_hue_5,0.01567001929571491,-0.07210733776729004,0.03894863558698894,0.018366170252802513,True,,64,1.0,0,0.021226447015246674,80.93688811188812,65.8836127108186,96.20724785626786,0.08620302140356877
F1,eval_50023_low,Long_hue_8,0.01567001929571491,-0.07512697786955944,0.046344025364652104,0.017060026425593684,True,,64,1.0,0,0.01519631812101574,52.730054892656945,71.41206483733657,140.17987799181628,0.4533194418326268
F1,eval_50024_low,Long_hue_0,0.005389165559386035,-0.025846694407837795,0.016985323531804333,0.004673001765432643,True,,64,1.0,0,0.004838145231846003,192.25353023909986,43.50319602272727,48.13185550082102,-0.5995442455649412
F1,eval_50024_low,Long_hue_3,0.005389165559386035,-0.025565363961176472,0.018603082753915087,0.003914139458854342,True,,64,1.0,0,0.005140418152885795,157.81343537414966,60.18030487804878,77.32577863938984,-0.3422978896668632
F1,eval_50024_low,Long_hue_6,0.005389165559386035,-0.03011747046286715,0.02261149287081403,0.005324796854928374,True,,64,1.0,0,0.006131281697975832,101.3134620470775,84.17980295566502,127.54936020913594,0.11463591116903676
F1,eval_50024_low,Long_hue_9,0.005389165559386035,-0.03261154165329319,0.032246576217724886,0.008078765893512438,True,,64,1.0,0,0.0075866429105120314,54.59978929624947,80.46036414565826,168.79999146174862,0.5111920959725923
F1,eval_50025_low,Long_hue_1,0.019320798479742846,-0.04042733629080864,0.03878184013764035,0.014563111628153411,True,,64,1.0,0,0.012082380076821941,133.7334663933542,47.54106280193237,57.334596045776166,-0.3998515993321305
F1,eval_50025_low,Long_hue_4,0.019320798479742846,-0.058694869551282225,0.042266815240568086,0.020299974251000993,True,,64,1.0,0,0.02318626034905724,90.91181296144381,62.35780912735122,87.27042636753345,-0.020436305030308147
F1,eval_50025_low,Long_hue_7,0.019320798479742846,-0.06304406512330588,0.050567748427126524,0.018703697701333507,True,,64,1.0,0,0.020283739042423643,60.68898242877461,67.12223518199792,127.24066951566951,0.3541308484228375
F1,eval_50025_low,Long_hue_10,0.019320798479742846,-0.07232161788801444,0.05782750898589643,0.020971709620835825,True,,64,1.0,0,0.015561871906096147,39.11050278077699,74.14233831080125,157.57035559850058,0.6022947723224092
F1,eval_50026_low,Long_hue_2,0.020955334314552404,-0.038570084975073894,0.04105082197318124,0.0179151307837412,True,,64,1.0,0,0.022542419952753634,120.57536114233379,52.81511382046846,64.83589722829461,-0.30062610223279057
F1,eval_50026_low,Long_hue_5,0.020955334314552404,-0.05265280365085471,0.046943777314359225,0.021814500326337246,True,,64,1.0,0,0.02839514012361355,77.95520050125313,65.00354796853458,100.04871400426416,0.12411813281963587
F1,eval_50026_low,Long_hue_8,0.020955334314552404,-0.058837398254881317,0.055129740203288834,0.02122102663916697,True,,64,1.0,0,0.019115717153002865,51.371467286101435,67.14878833032704,137.46038085912335,0.45590251018892275
F1,eval_50027_low,Long_hue_0,0.004705016266898658,-0.02349174264715668,0.015311476236813084,0.004340162130021923,True,,64,1.0,0,0.004245273039305331,198.85460033678476,44.137228474515354,48.78344791115812,-0.606010075945075
F1,eval_50027_low,Long_hue_3,0.004705016266898658,-0.023783953309317887,0.017174114420456844,0.004021854733454476,True,,64,1.0,0,0.004073463859379567,162.2902644230769,60.38105911182834,76.67939980870398,-0.35824992636444886
F1,eval_50027_low,Long_hue_6,0.004705016266898658,-0.029066359629178157,0.020938620519091514,0.005173867320838277,True,,64,1.0,0,0.006330874656674146,103.10987249929558,83.15386693423896,127.8324980047885,0.10705105975802573
F1,eval_50027_low,Long_hue_9,0.004705016266898658,-0.03164920370837672,0.031319441430448645,0.008118263273273167,True,,64,1.0,0,0.006965679406624181,54.87213333937636,80.19687381202621,166.81217449865312,0.5049524806287311
F1,eval_50028_low,Long_hue_1,0.012439960016839068,-0.04567008328823862,0.03151009041514468,0.008860319807019007,True,,64,1.0,0,0.010645998726068973,151.69409833923936,43.76301943106817,51.4367983711204,-0.49356007181454686
F1,eval_50028_low,Long_hue_4,0.012439960016839068,-0.05035488722524122,0.03294726397929794,0.009640038658509032,True,,64,1.0,0,0.009827934187652376,103.6458495107936,62.38104145601618,83.38294815358279,-0.10834107693710636
F1,eval_50028_low,Long_hue_7,0.012439960016839068,-0.05795606442983975,0.0383251414382196,0.013068958174894823,True,,64,1.0,0,0.013205429740862806,61.08270797731382,70.28450653555582,131.14931840311587,0.3644897873944218
F1,eval_50028_low,Long_hue_10,0.012439960016839068,-0.06384357485608709,0.04214030222053713,0.015168267782169767,True,,64,1.0,0,0.015666619823882066,40.2918201624084,77.14486670084594,166.54499914551823,0.6103999249531623
F1,eval_50029_low,Long_hue_2,0.014681276865603991,-0.05068153269109416,0.035036986497072424,0.012119337919683707,True,,64,1.0,0,0.011191494464207086,138.2022621423819,49.62176108915239,60.58284430588667,-0.3904689804147594
F1,eval_50029_low,Long_hue_5,0.014681276865603991,-0.06698560342641402,0.037809083755649626,0.01617819938947408,True,,64,1.0,0,0.015516324892745459,83.31849056603772,66.08898944193061,99.7409515137719,0.0897110837941606
F1,eval_50029_low,Long_hue_8,0.014681276865603991,-0.07204433676592428,0.044853374872799806,0.017097203470879643,True,,64,1.0,0,0.022530820011135044,51.74430913721745,70.4034011775133,140.40966112740307,0.4614286754943532
F1,eval_50030_low,Long_hue_0,0.01939035744066626,-0.03843393336247518,0.03788609022937435,0.012727810272773523,True,,64,1.0,0,0.012057265569076603,147.0862914862915,42.257028964726125,48.02056962025317,-0.507751092422832
F1,eval_50030_low,Long_hue_3,0.01939035744066626,-0.05268586752275614,0.04054701106519525,0.018383907379577687,True,,64,1.0,0,0.01690017058369986,108.36761885648025,57.66701459302557,75.15240892066734,-0.1809895646710924
F1,eval_50030_low,Long_hue_6,0.01939035744066626,-0.06251568274926189,0.04763044967856199,0.01872308918753314,True,,64,1.0,0,0.01917589248712337,67.4935427398872,64.67176494384162,112.0911330049261,0.2483373933776569
F1,eval_50030_low,Long_hue_9,0.01939035744066626,-0.07396565413988616,0.055913328242351894,0.021319669181316364,True,,64,1.0,0,0.016406463684793038,45.64680232558139,69.7652770959987,147.9784377134134,0.5285035947132853
F1,eval_50031_low,Long_hue_1,0.00775534148743192,-0.03836712734534232,0.023730594450140377,0.0060747347238585435,True,,64,1.0,0,0.005813961230493159,164.6556206291546,45.13602670740678,51.46666666666667,-0.5237264299704454
F1,eval_50031_low,Long_hue_4,0.00775534148743192,-0.036852367010695254,0.025215924823806166,0.004754416693462047,True,,64,1.0,0,0.007691746864975313,121.24098898326466,65.93347123982383,84.12576364376866,-0.18072655317728473
F1,eval_50031_low,Long_hue_7,0.00775534148743192,-0.02673247688045011,0.031674324449599944,0.005932543376987078,True,,64,1.0,0,0.008752928872396759,75.15255766009534,77.04351676414862,135.3432662353223,0.285947281334815
F1,eval_50031_low,Long_hue_10,0.00775534148743192,-0.03311935150857772,0.03520413760789534,0.008112422932666157,True,,64,1.0,0,0.007971540714422964,44.117708709173066,80.07528744182093,177.8245135239332,0.6024396956534349
F1,eval_50000_high,Long_hue_2,0.06511387887451758,-0.013415477794019404,0.056944245816492524,0.018550533697131208,False,detected_frames_below_58,49,0.765625,15,0.07146122121907805,103.70694864048339,50.53412462908012,58.43961352657005,-0.27917542320308864
F1,eval_50000_high,Long_hue_5,0.06511387887451758,-0.023758475220335022,0.07275474286889028,0.03128021952563919,True,,60,0.9375,3,0.07134705071978353,71.11761133603238,62.27208329278972,89.23824761770061,0.1130026454904676
F1,eval_50000_high,Long_hue_8,0.06511387887451758,0.023600017880585567,0.07593156863219978,0.027359881481138226,False,detected_frames_below_58,55,0.859375,9,0.17059902537913674,45.90909090909091,68.79674796747967,138.16666666666666,0.5011935138694515
F1,eval_50001_high,Long_hue_0,0.0647655897226971,-0.02892689549960161,0.04965437803249883,0.01737033738833453,False,detected_frames_below_58,44,0.6875,20,0.07574401936487418,124.10483573274271,43.84682097240844,47.37958968239398,-0.4474181597810332
F1,eval_50001_high,Long_hue_3,0.0647655897226971,-0.005116735422082529,0.06285819417662199,0.018051469758940626,False,detected_frames_below_58,51,0.796875,13,0.08919109984418006,95.804,59.02135231316726,71.37809187279152,-0.14610361584537393
F1,eval_50001_high,Long_hue_6,0.0647655897226971,0.017121904842196823,0.07178144948055051,0.023710400846761754,False,detected_frames_below_58,57,0.890625,7,0.12452716337593472,64.0650406504065,62.473684210526315,105.80952380952381,0.24573710191300402
F1,eval_50001_high,Long_hue_9,0.0647655897226971,0.02082443595092219,0.07643093813000461,0.029840002774326753,False,detected_frames_below_58,54,0.84375,10,0.18226658071249868,41.99852809152974,70.79702075559702,147.25384038586253,0.5561637782456912
F1,eval_50002_high,Long_hue_1,0.05984931609265929,-0.025073073249246285,0.05261123732751035,0.014547529732210332,False,detected_frames_below_58,43,0.671875,21,0.08466243311383503,117.22327044025157,48.376068376068375,53.16086956521739,-0.37598805189836054
F1,eval_50002_high,Long_hue_4,0.05984931609265929,-0.011431335011113949,0.06704309760623499,0.013833185249201635,False,detected_frames_below_58,57,0.890625,7,0.037908748248574264,84.84697508896797,61.34928229665072,80.51162790697674,-0.026217850800889505
F1,eval_50002_high,Long_hue_7,0.05984931609265929,0.021027901343985293,0.07300797003987161,0.018435383968855107,False,detected_frames_below_58,56,0.875,8,0.103915059398063,53.87764698555057,62.24680842602044,116.91224229751364,0.36907685564155535
F1,eval_50002_high,Long_hue_10,0.05984931609265929,0.01773706515949558,0.075449503341671,0.026557319595854816,False,detected_frames_below_58,56,0.875,8,0.1447088832205834,36.34375,70.33229813664596,150.841242864249,0.6116809425384048
F1,eval_50003_high,Long_hue_2,0.06533233898124247,-0.015388917161109893,0.056999185290523925,0.018547558212537642,False,detected_frames_below_58,50,0.78125,14,0.06741625993549105,103.9116325229339,51.4134710539337,58.07982511811579,-0.28292731031765067
F1,eval_50003_high,Long_hue_5,0.06533233898124247,-0.0031297637403928306,0.07061475599299272,0.0238372945539397,False,detected_frames_below_58,56,0.875,8,0.06701893655549884,70.16356584355782,62.6498727735369,90.24689265536722,0.1251996097994063
F1,eval_50003_high,Long_hue_8,0.06533233898124247,0.033483518164193274,0.07443610702743905,0.020122487037233794,False,detected_frames_below_58,52,0.8125,12,0.13885591074951553,46.33181818181818,69.91849909431737,138.67090264521408,0.4991228456025118
F1,eval_50004_high,Long_hue_0,0.05310521705655745,-0.021227524529060175,0.051088058320493915,0.011769366406548272,False,detected_frames_below_58,50,0.78125,13,0.06416890196417757,125.12814814814814,46.143128941074146,47.871050643720444,-0.4465748861494642
F1,eval_50004_high,Long_hue_3,0.05310521705655745,-0.02661294763756319,0.06381021048972707,0.013819427287817229,True,,64,1.0,0,0.020224159814247855,95.99796195652173,56.867853161331425,70.13834735058992,-0.15565299791347117
F1,eval_50004_high,Long_hue_6,0.05310521705655745,-0.018487677516957977,0.07362823209185591,0.0240635982798518,True,,64,1.0,0,0.09280118881306265,60.88666681366172,59.377146510778225,99.37868438037866,0.24017678980475765
F1,eval_50004_high,Long_hue_9,0.05310521705655745,0.003008712255198708,0.07505828720608466,0.020448457255679727,True,,58,0.90625,5,0.10153154579024093,39.99243801444226,63.253660837486976,138.57279578805182,0.5520691552009835
F1,eval_50005_high,Long_hue_1,0.049266470942510986,-0.018581982566111904,0.05401830132031513,0.01089500690506557,True,,61,0.953125,1,0.02929488410571568,118.0229357798165,48.45064377682404,55.56108597285068,-0.3598364018548022
F1,eval_50005_high,Long_hue_4,0.049266470942510986,-0.01860189851543644,0.06574441773216634,0.012839077478555706,True,,64,1.0,0,0.028015790975095878,85.56591889559965,60.05645477518299,80.52883771929825,-0.03032655141534773
F1,eval_50005_high,Long_hue_7,0.049266470942510986,-0.006422045340309922,0.07398207653270937,0.019508425611869613,True,,59,0.921875,5,0.12130086381669858,52.85945945945946,61.53191489361702,113.93522267206478,0.3661733241857453
F1,eval_50005_high,Long_hue_10,0.049266470942510986,-0.003971268627779849,0.07533221708025772,0.02041450896379479,False,detected_frames_below_58,57,0.890625,7,0.10799439543741252,35.675862068965515,65.57792207792208,142.98722044728436,0.6006353235764753
F1,eval_50006_high,Long_hue_2,0.0668358973637735,-0.01622364565364291,0.05736173377690858,0.017852394004833478,False,detected_frames_below_58,52,0.8125,12,0.06230444202134433,103.08580901856764,51.21168384879725,59.363360587747366,-0.2691454104491794
F1,eval_50006_high,Long_hue_5,0.0668358973637735,0.008442931324022082,0.07154830864880975,0.02959167356782196,True,,61,0.953125,3,0.13867900979429681,71.22689075630252,61.87323943661972,89.93596059113301,0.1160879798192282
F1,eval_50006_high,Long_hue_8,0.0668358973637735,0.04077638919278974,0.07535378973481113,0.020405737679728895,False,detected_frames_below_58,55,0.859375,9,0.12531115062230114,45.83018867924528,68.34615384615384,135.15662650602408,0.4935521835407635
F1,eval_50007_high,Long_hue_0,0.0611354978442743,-0.021357538356920617,0.0496964787751091,0.013661048542323322,False,detected_frames_below_58,42,0.65625,22,0.07786645015975735,128.20954022988508,44.27344489519946,47.03639101331306,-0.4631956282278717
F1,eval_50007_high,Long_hue_3,0.0611354978442743,-0.01728261229614298,0.06322858830984417,0.014676379089552922,False,detected_frames_below_58,52,0.8125,12,0.051366695411128704,97.39137547441435,56.36845855477456,70.70639036516373,-0.1587468160327421
F1,eval_50007_high,Long_hue_6,0.0611354978442743,0.0019149490569262254,0.07444152402365785,0.02750365973906609,True,,64,1.0,0,0.12385468861846805,62.693962115232836,61.41484709526557,103.3600494743352,0.24489674756919197
F1,eval_50007_high,Long_hue_9,0.0611354978442743,0.01955547396678141,0.07550710114902523,0.0244955750180833,False,detected_frames_below_58,56,0.875,8,0.11924367810964154,41.534946236559136,70.10890201224846,151.56295589585045,0.5698042725696896
F1,eval_50008_high,Long_hue_1,0.05471699164799937,-0.02413512766352759,0.05533713565613364,0.013993891540016214,False,detected_frames_below_58,51,0.796875,13,0.06409964212393149,116.17824773413898,48.88510638297873,54.91472868217054,-0.35807150202881216
F1,eval_50008_high,Long_hue_4,0.05471699164799937,-0.015025871396580492,0.06847112234294156,0.014802107462569283,True,,64,1.0,0,0.019528458561888562,82.75992849452535,58.52360525082044,79.97861842105263,-0.01709066552570078
F1,eval_50008_high,Long_hue_7,0.05471699164799937,-0.003255332451948095,0.07464876884402015,0.022418681836453562,True,,58,0.90625,6,0.10847942891727658,52.98456867911559,60.98730242360379,113.2228037766831,0.3624281775682781
F1,eval_50008_high,Long_hue_10,0.05471699164799937,0.01404023651819903,0.07445582939149757,0.020883138131521747,False,detected_frames_below_58,54,0.84375,8,0.11475780242184452,36.68001736676435,67.36388312662754,145.43396617476373,0.5971751685020894
F1,eval_50009_high,Long_hue_2,0.06292371888632753,-0.024142440013154937,0.057940005016827556,0.016274267605595534,False,detected_frames_below_58,48,0.75,16,0.07400332840263457,105.78750575241602,52.379807961480324,59.92862953692115,-0.2767315091884438
F1,eval_50009_high,Long_hue_5,0.06292371888632753,-0.018707786025308627,0.07252808707845593,0.026917180041354596,True,,61,0.953125,3,0.09484219108298364,69.32620320855615,61.149732620320854,90.0609756097561,0.13009059169580814
F1,eval_50008_high,Long_hue_3,0.05471699164799937,-0.020909384982939275,0.064475192215944,0.013608204407543574,True,,64,1.0,0,0.01527307576891046,94.17642029666995,55.70490510865203,70.15922699808243,-0.1461471913973122
F1,eval_50009_high,Long_hue_1,0.06292371888632753,-0.03114880628224682,0.05370042242498717,0.015561190920215915,False,detected_frames_below_58,46,0.71875,18,0.07106840532893255,114.10949575970255,47.997246503496505,53.29359636184857,-0.36329017957264065
F1,eval_50009_high,Long_hue_9,0.06292371888632753,0.0200937955769743,0.07634539596265703,0.03085054514508733,False,detected_frames_below_58,57,0.890625,6,0.14334802700944438,40.45945945945946,68.95348837209302,146.71502590673575,0.5676818944600988
F1,eval_50010_high,Long_hue_4,0.04978673499321216,-0.013554903117955696,0.0653724636732305,0.012400653527310672,True,,64,1.0,0,0.02891112726643008,85.7186894838764,60.00893917963225,80.4783388704319,-0.031530952540696426
F1,eval_50010_high,Long_hue_10,0.04978673499321216,0.004104226335504376,0.07562024577871303,0.02013867666902161,True,,60,0.9375,4,0.10128399021892598,36.19349582898853,63.77819342493255,142.05306602258565,0.5938940369674324
F1,eval_50011_high,Long_hue_5,0.05559903293318277,-0.018886501127738473,0.07101615675293994,0.016458071886844446,True,,64,1.0,0,0.022948362067840122,72.66965849872491,61.47908745247148,89.72363055366144,0.10501648285130173
F1,eval_50012_high,Long_hue_0,0.05452538276428,-0.01552774403432002,0.05008351827514779,0.01186878957858399,False,detected_frames_below_58,47,0.734375,17,0.0730034498951776,127.74794520547945,44.04095563139932,46.657243816254415,-0.46495578396534576
F1,eval_50012_high,Long_hue_6,0.05452538276428,0.001219574961337516,0.07280060910926361,0.02186692327531665,True,,64,1.0,0,0.10231478517759807,63.254170596078175,59.46520768591063,102.07260954135955,0.23479825175940042
F1,eval_50013_high,Long_hue_1,0.05941431759849394,-0.024260586713857935,0.05312698330131415,0.01425882998068754,False,detected_frames_below_58,45,0.703125,19,0.07677256033439106,117.23728813559322,48.95964125560538,52.73542600896861,-0.3794836274236663
F1,eval_50013_high,Long_hue_7,0.05941431759849394,0.02205440675221731,0.07262114370105519,0.016822276265155794,False,detected_frames_below_58,56,0.875,8,0.10181690589568437,53.00217609641781,62.89912501257166,117.37535216830354,0.37782668129723396
F1,eval_50014_high,Long_hue_2,0.06461412859500178,-0.013531091164457032,0.057333186280530204,0.01789761391742897,False,detected_frames_below_58,49,0.765625,15,0.07028897249912724,103.88439306358381,53.130742049469966,61.18279569892473,-0.25869221911870094
F1,eval_50014_high,Long_hue_8,0.06461412859500178,0.03484083876268255,0.07371641923676998,0.020666229609570087,False,detected_frames_below_58,51,0.796875,13,0.1217300058567059,46.46190476190476,69.93434343434343,142.25738396624473,0.5076083099398125
F1,eval_50015_high,Long_hue_3,0.06669411667584542,-0.004964387241987531,0.06335434293256427,0.017759433221799754,False,detected_frames_below_58,55,0.859375,9,0.05472226009595871,94.78260869565217,57.45614035087719,69.8923076923077,-0.1511481016617305
F1,eval_50015_high,Long_hue_9,0.06669411667584542,0.08972874115931252,0.07273202457814124,0.09190584439843631,False,detected_frames_below_58,57,0.890625,6,0.4814208989225379,39.51700680272109,67.584,141.444,0.5632539020320354
F1,eval_50016_high,Long_hue_4,0.06640241906099656,-0.0065992275846615805,0.06984855376176347,0.023756675005926722,True,,62,0.96875,2,0.04420493249532187,78.00902382645803,60.15057034220533,80.35548541963016,0.014816839987334907
F1,eval_50016_high,Long_hue_10,0.06640241906099656,0.02675315168924776,0.07962983511757413,0.03355153043483334,True,,59,0.921875,5,0.18163040180784684,35.30625,67.44692737430168,145.27611940298507,0.6089734549754259
F1,eval_50017_high,Long_hue_5,0.049586233301447014,-0.013847804847437386,0.0678997210446911,0.015320201353631817,True,,64,1.0,0,0.038143693576764504,73.96505025125629,60.50095742284299,90.69840062111801,0.1016215212374672
F1,eval_50018_high,Long_hue_0,0.052997093215728305,-0.019648534458796933,0.04989715438326746,0.012361837259481177,False,detected_frames_below_58,48,0.75,16,0.06399513587636152,127.33378046054102,44.47353579466295,47.82942097026604,-0.4538873395830249
F1,eval_50018_high,Long_hue_6,0.052997093215728305,-0.01160166573394757,0.07260567154253053,0.02089842908795178,True,,62,0.96875,2,0.06985639358756579,62.157073799548826,60.37931081598076,100.13076023391812,0.2339897297941517
F1,eval_50019_high,Long_hue_1,0.06204873469422123,-0.027136328150360354,0.05324990479218418,0.015484410152194187,False,detected_frames_below_58,44,0.6875,20,0.08818091216858759,116.79786612101725,48.22458683914819,53.27986946066644,-0.3734645010595433
F1,eval_50019_high,Long_hue_7,0.06204873469422123,0.016934058530238535,0.07449760731548534,0.02214467475457463,False,detected_frames_below_58,56,0.875,8,0.10543269136779254,54.70287643359231,65.70365632661763,124.52233154442456,0.38956269544067523
F1,eval_50020_high,Long_hue_2,0.058127420481205824,-0.022186605956609706,0.057515294663601384,0.014917638940177069,False,detected_frames_below_58,49,0.765625,15,0.06949875168043018,108.17291066282421,52.42696629213483,61.356846473029044,-0.2761524878035345
F1,eval_50020_high,Long_hue_8,0.058127420481205824,0.02098969632564216,0.07345952305269342,0.01798054670615635,False,detected_frames_below_58,56,0.875,8,0.10734851873419349,46.808812437143814,66.14974361713493,134.3955223880597,0.48335880063468034
F1,eval_50021_high,Long_hue_3,0.05443292206690774,-0.023258122560304663,0.06508160355743986,0.01354124376010704,True,,64,1.0,0,0.020049993750781203,93.8077943835321,57.2458318656804,68.95575440966152,-0.1526879953044479
F1,eval_50021_high,Long_hue_9,0.05443292206690774,0.009776172703542495,0.07571437656755392,0.02119729761623064,True,,59,0.921875,5,0.10711678735941144,41.49402390438247,65.90636704119851,141.9047619047619,0.5474994698431223
F1,eval_50022_high,Long_hue_4,0.058146214477300395,-0.020249910505103337,0.06906058151641872,0.013902009951434948,True,,64,1.0,0,0.02244393617951468,80.87356820767837,58.503551912568305,77.94831721470018,-0.018418437642889206
F1,eval_50022_high,Long_hue_10,0.058146214477300395,0.018348459506320917,0.07430426406229419,0.02254725128118327,False,detected_frames_below_58,56,0.875,8,0.12390330658825877,36.995457393483704,70.17539198606272,152.52723989951852,0.60959338462465
F1,eval_50023_high,Long_hue_5,0.057670019295714914,-0.015939552400791385,0.0713002792479764,0.01596757438663624,True,,64,1.0,0,0.025321978555589264,70.69340513983371,61.29163185742133,88.34431260229132,0.11098566876492735
F1,eval_50024_high,Long_hue_0,0.047389165559386034,-0.016546043257225983,0.04771538279798862,0.010550476922030259,False,detected_frames_below_58,50,0.78125,14,0.0549048556430447,128.06864098498275,45.07565868318675,50.21795992714026,-0.4366603023421511
F1,eval_50024_high,Long_hue_6,0.047389165559386034,-0.00947464011779201,0.07046875553570317,0.018798819900808533,True,,64,1.0,0,0.053633595028992676,62.908515392254216,58.20130470685384,97.9297619047619,0.21774198966229033
F1,eval_50025_high,Long_hue_1,0.06132079847974285,-0.022328178501972502,0.05288259945846747,0.014146084976585331,False,detected_frames_below_58,43,0.671875,21,0.07847323540003048,114.89942528735632,47.89622641509434,52.95038167938932,-0.3690742618502979
F1,eval_50025_high,Long_hue_7,0.06132079847974285,0.020377472593654192,0.07319321835671636,0.0199258818996075,False,detected_frames_below_58,56,0.875,8,0.10354789162923761,55.871975806451616,62.75315904139434,118.4688811737476,0.35904897137453606
F1,eval_50026_high,Long_hue_2,0.06295533431455241,-0.026987359278714748,0.05790532394855419,0.015439744527586485,False,detected_frames_below_58,48,0.75,16,0.07256309718408671,106.111660269555,52.14026777819881,59.87393092105263,-0.2785647176772442
F1,eval_50026_high,Long_hue_8,0.06295533431455241,0.014450734765285286,0.07609206559649453,0.02826808534699239,False,detected_frames_below_58,56,0.875,8,0.14060742407199112,46.6000417710944,67.4500720272394,139.65002486501845,0.49959704592063586
F1,eval_50027_high,Long_hue_3,0.04670501626689866,-0.027381332595779323,0.05876012533407726,0.010412365854224285,True,,64,1.0,0,0.019120462722411746,96.2618970714901,55.98463739739438,70.35607087700271,-0.1554803873403113
F1,eval_50027_high,Long_hue_9,0.04670501626689866,-0.0046215950870526915,0.07388376878845491,0.01633171370472369,False,detected_frames_below_58,57,0.890625,7,0.10114793441915648,39.43010752688172,60.974489795918366,134.71270718232043,0.5471520591564389
F1,eval_50028_high,Long_hue_4,0.05443996001683907,-0.016736280259741984,0.06902993955481353,0.015061647208945884,True,,64,1.0,0,0.020529624432397475,84.1474060534998,60.42506600660066,80.76986928104576,-0.02048018781296538
F1,eval_50028_high,Long_hue_10,0.05443996001683907,0.01447343262982456,0.07408577675067145,0.019442871919081412,False,detected_frames_below_58,56,0.875,8,0.1127909717424409,36.83747159265401,68.30934512182586,146.17557159725203,0.597433374686531
F1,eval_50029_high,Long_hue_5,0.056681276865603994,-0.010173871056862696,0.07054727922032754,0.017092545776784443,True,,64,1.0,0,0.02863664861178339,71.74355075363479,61.0121336996337,88.59501840460486,0.1050992767332175
F1,eval_50030_high,Long_hue_0,0.06139035744066626,-0.019446386693647663,0.04919959900253524,0.014158095069516347,False,detected_frames_below_58,41,0.640625,23,0.0861166628927531,125.73474801061008,43.98255813953488,46.758104738154614,-0.4578545836185123
F1,eval_50030_high,Long_hue_6,0.06139035744066626,0.005622428856103463,0.07315792185586859,0.025654361161073915,True,,62,0.96875,2,0.11000307019670041,62.2506035862518,59.71184286343762,102.98568301036113,0.24652623381421407
F1,eval_50031_high,Long_hue_1,0.04975534148743192,-0.01576454600598303,0.05316559834263332,0.01095269021578556,False,detected_frames_below_58,54,0.84375,9,0.039023463355863264,118.75667016806723,50.452893486161585,58.38066485753053,-0.3408429132221705
F1,eval_50031_high,Long_hue_7,0.04975534148743192,-0.010488105009624991,0.07429376560225841,0.02107084024209203,True,,60,0.9375,4,0.11928036002166642,52.39639022787029,60.639404761904764,113.0248447204969,0.36650950231117646
F1,eval_50007_high,Long_hue_5,0.0611354978442743,0.0008410387599488069,0.07099292205637527,0.020581292939575512,True,,62,0.96875,2,0.09311362331504736,74.49365804160325,62.960046082949304,91.6584146739722,0.10330750830747708
F1,eval_50008_high,Long_hue_5,0.05471699164799937,-0.018441173625606735,0.07167290300483047,0.017618345482805532,True,,64,1.0,0,0.015590156493596186,71.43471273603856,58.981424148606806,88.41660335428973,0.106235538333979
F1,eval_50009_high,Long_hue_3,0.06292371888632753,-0.01246576878007099,0.06269310499514845,0.016006303681696327,False,detected_frames_below_58,51,0.796875,13,0.08733460041632735,94.50347222222223,58.61290322580645,71.14695340501792,-0.14099884578481475
F1,eval_50009_high,Long_hue_10,0.06292371888632753,0.012417210844451704,0.07754284001263301,0.034271363120548744,False,detected_frames_below_58,57,0.890625,7,0.1512055558272607,35.32608695652174,69.815,152.3494623655914,0.6235408705702964
F1,eval_50010_high,Long_hue_5,0.04978673499321216,-0.012420117521844876,0.0686764711915716,0.013405272453357247,True,,64,1.0,0,0.04158932941637561,74.8955547112462,61.08833375132212,89.93418329415074,0.0912373505223435
F1,eval_50011_high,Long_hue_0,0.05559903293318277,-0.020403043755219837,0.050212308410958466,0.013016250668793685,False,detected_frames_below_58,47,0.734375,17,0.07498323557350384,125.97460317460317,45.320945945945944,47.09060402684564,-0.4558050715296905
F1,eval_50011_high,Long_hue_6,0.05559903293318277,-0.0032798027694867795,0.07303447634348698,0.021398590513673075,True,,63,0.984375,1,0.09801274840644913,62.33207547169811,60.37951807228916,100.50169491525423,0.2344084974072084
F1,eval_50012_high,Long_hue_1,0.05452538276428,-0.01615443416550884,0.054038420336568256,0.013165105876659285,False,detected_frames_below_58,49,0.765625,14,0.06654768401474576,116.52571428571429,48.40392156862745,54.207843137254905,-0.36500071859965383
F1,eval_50012_high,Long_hue_7,0.05452538276428,0.008256246583113823,0.07354762164865183,0.01659944610210741,True,,60,0.9375,4,0.08296371673214153,55.30930773705643,60.848831058923096,114.95574555403556,0.3503152095163347
F1,eval_50013_high,Long_hue_2,0.05941431759849394,-0.027686332122861517,0.056972045302467404,0.014601082014792854,False,detected_frames_below_58,48,0.75,16,0.07276364852353778,108.90639927895448,52.78583746340898,59.84760472452498,-0.2907118846994451
F1,eval_50013_high,Long_hue_8,0.05941431759849394,0.020618706216101835,0.07395322631190131,0.019624328067918344,False,detected_frames_below_58,56,0.875,8,0.11222602812545002,46.4353692630271,66.62448295535586,133.6074991400069,0.48417430054402716
F1,eval_50014_high,Long_hue_3,0.06461412859500178,-0.013071162909545709,0.0632919284753787,0.01770810103208418,False,detected_frames_below_58,55,0.859375,9,0.06017862648264327,92.42652329749104,56.72923076923077,70.44311377245509,-0.134975492796087
F1,eval_50014_high,Long_hue_9,0.06461412859500178,0.029087433299061393,0.07563223362658227,0.02697049165747842,False,detected_frames_below_58,52,0.8125,12,0.1749375192990581,40.1492116331453,70.93478355543942,147.75347132181332,0.5726595171313271
F1,eval_50015_high,Long_hue_4,0.06669411667584542,-0.017059485222406454,0.07065140749370707,0.022513893595523284,True,,64,1.0,0,0.025269454698268023,81.17910447761194,59.0961866351892,78.63009591442841,-0.015950324242473824
F1,eval_50015_high,Long_hue_10,0.06669411667584542,0.09984875858706896,0.0735979686518752,0.11068666316888755,True,,59,0.921875,5,0.6461998395893972,34.72611464968153,66.63706563706563,141.75155279503105,0.6064531546399667
F1,eval_50016_high,Long_hue_5,0.06640241906099656,-0.0022199008491279315,0.07339783845162733,0.03164056609841274,True,,64,1.0,0,0.1179080881532869,71.79736184597296,62.51775222427396,92.52416740347775,0.126135666167274
F1,eval_50017_high,Long_hue_0,0.049586233301447014,-0.019589629891774995,0.04822877579804494,0.010984965739026539,False,detected_frames_below_58,51,0.796875,13,0.05269201135060986,127.10508474576271,45.27181208053691,50.390151515151516,-0.43220840652783177
F1,eval_50017_high,Long_hue_6,0.049586233301447014,0.00025081060421235194,0.07056725980020488,0.01875197882190722,True,,64,1.0,0,0.0682621539743502,62.84323678710062,58.99895373169031,99.97308449695667,0.22804745505260055
F1,eval_50018_high,Long_hue_1,0.052997093215728305,-0.020288132572143174,0.05414464783748649,0.01324197188290756,False,detected_frames_below_58,51,0.796875,12,0.0530568653036354,117.61678832116789,48.91629955947136,54.86062717770035,-0.3638514698399975
F1,eval_50018_high,Long_hue_7,0.052997093215728305,-0.0010473091129147515,0.07342640705815778,0.021701395253932717,True,,59,0.921875,5,0.12901244797210065,52.3013698630137,60.52777777777778,114.0,0.37100494233937176
F1,eval_50019_high,Long_hue_2,0.06204873469422123,-0.023098290026048744,0.05753502317955774,0.015113560546263201,False,detected_frames_below_58,48,0.75,16,0.0674914221526296,106.31265114196148,52.33922782198644,59.667217989842285,-0.28103066592417913
F1,eval_50019_high,Long_hue_8,0.06204873469422123,0.01469956183338374,0.07593646274008187,0.025624499159596983,False,detected_frames_below_58,56,0.875,8,0.1351378259567616,47.325795584862384,66.89814242356115,137.21813755325624,0.4871053761551459
F1,eval_50020_high,Long_hue_3,0.058127420481205824,-0.02002311179785609,0.06416449665095257,0.014556642898395629,False,detected_frames_below_58,57,0.890625,5,0.028133877697568033,96.15867158671587,57.409774436090224,69.83082706766918,-0.15861150694758736
F1,eval_50020_high,Long_hue_9,0.058127420481205824,0.019865673801163528,0.07408406306540087,0.02046469903746374,False,detected_frames_below_58,56,0.875,8,0.11922806524184482,41.55915587817107,69.2795586039567,147.59483045212767,0.560578588012402
F1,eval_50021_high,Long_hue_4,0.05443292206690774,-0.015828620510409914,0.06903604867106689,0.014467219119949486,True,,64,1.0,0,0.01860409626386561,82.38500128633908,59.25955612924717,78.73655913978496,-0.02264403433596924
F1,eval_50021_high,Long_hue_10,0.05443292206690774,0.017447208490338956,0.07454861307598964,0.020101628255412264,False,detected_frames_below_58,56,0.875,8,0.12132690144501168,36.59915495886179,67.82056301079609,148.37436407874364,0.6042768159541646
F1,eval_50022_high,Long_hue_5,0.058146214477300395,-0.020077637744902867,0.0716929420949255,0.01564787839708225,True,,64,1.0,0,0.028082588258941832,69.95348054542296,59.57671348530202,86.21892234439764,0.10415055091679558
F1,eval_50023_high,Long_hue_0,0.057670019295714914,-0.016429907038210297,0.049165744119365744,0.013888188310498392,False,detected_frames_below_58,44,0.6875,20,0.08527930421484153,126.14408866995075,45.0357083951839,47.36578522043638,-0.4540277834521464
F1,eval_50023_high,Long_hue_6,0.057670019295714914,0.008705190421648575,0.07238832660774511,0.01996631288144091,True,,64,1.0,0,0.08304909979472908,62.378286111451814,60.97706093189964,99.67850934376358,0.23016759727684175
F1,eval_50024_high,Long_hue_1,0.047389165559386034,-0.018418751629063014,0.052236088420110564,0.011420167381568687,False,detected_frames_below_58,56,0.875,5,0.03436645691114648,115.51484174164524,49.02150195694716,57.01693104447342,-0.33905587215920635
F1,eval_50024_high,Long_hue_7,0.047389165559386034,-0.00593496362735348,0.07329374972030478,0.019331321126481397,True,,61,0.953125,3,0.10156483604106437,52.43396226415094,60.49171270718232,113.21333333333334,0.36692039462493403
F1,eval_50025_high,Long_hue_2,0.06132079847974285,-0.02301568919533069,0.05700192004547136,0.013777882595771618,False,detected_frames_below_58,47,0.734375,17,0.07003677305399292,106.70180722891567,51.95,59.64705882352941,-0.28286786391769536
F1,eval_50025_high,Long_hue_8,0.06132079847974285,0.017850200902277607,0.07457179382363506,0.022363044683380042,False,detected_frames_below_58,56,0.875,8,0.11508617073550731,48.330421581802796,66.84410666113301,134.39276880547067,0.4709984925354148
F1,eval_50026_high,Long_hue_3,0.06295533431455241,-0.01341138503690727,0.06226354617554519,0.016724683208442573,False,detected_frames_below_58,48,0.75,16,0.10918417596253083,94.18293057153817,57.724999999999994,70.295326787136,-0.14523259285457307
F1,eval_50026_high,Long_hue_9,0.06295533431455241,0.016064526393682887,0.07638013587291911,0.030542110526901384,False,detected_frames_below_58,55,0.859375,9,0.15627222798523188,40.20444444444445,71.03535353535354,149.35294117647058,0.5758071434383749
F1,eval_50027_high,Long_hue_4,0.04670501626689866,-0.027917472041444662,0.06263090338489499,0.012332063950187763,True,,64,1.0,0,0.018795406551312066,84.28147649862146,58.529271566086635,78.85611587501123,-0.033256348488854365
F1,eval_50027_high,Long_hue_10,0.04670501626689866,-0.0014717189634333198,0.07459811382392954,0.01837009945290216,True,,59,0.921875,4,0.09706388376094133,35.255102040816325,62.29100529100529,138.83892617449663,0.5949878074253709
F1,eval_50028_high,Long_hue_5,0.05443996001683907,-0.017298582453087404,0.07177666729815871,0.017163617726439994,True,,64,1.0,0,0.025905354257991897,72.1355954251699,61.55912698412698,90.31096022692981,0.11188519651155111
F1,eval_50029_high,Long_hue_0,0.056681276865603994,-0.019274668304245762,0.04953031369913984,0.01267678295235783,False,detected_frames_below_58,46,0.71875,18,0.0769213116292653,127.34117199391171,44.51378969273456,47.044643065778715,-0.460453328160022
F1,eval_50029_high,Long_hue_6,0.056681276865603994,-0.00018411796186821455,0.07238426967693865,0.018822541405544114,True,,62,0.96875,2,0.05538996333576862,61.60572746492408,60.10034101898509,98.7456014042594,0.23161562926387871
F1,eval_50030_high,Long_hue_1,0.06139035744066626,-0.023554760926441702,0.05380902796690901,0.014441091045792562,False,detected_frames_below_58,46,0.71875,18,0.07034198997129582,113.87284225723432,46.603435517970404,53.48385215234572,-0.3608400029525881
F1,eval_50030_high,Long_hue_7,0.06139035744066626,0.019975449863709905,0.07325676466400924,0.019811118710022283,False,detected_frames_below_58,56,0.875,8,0.10305152404729889,53.60855605692468,62.41974230181262,120.28435544430539,0.38343023192701386
F1,eval_50031_high,Long_hue_2,0.04975534148743192,-0.01994560831392832,0.05617012462834075,0.011036733889097993,False,detected_frames_below_58,57,0.890625,7,0.02706790607413545,110.29483282674772,53.04060913705584,63.17857142857143,-0.27160510050768377
F1,eval_50031_high,Long_hue_8,0.04975534148743192,-0.0006258539529931281,0.07399501711226586,0.01699779515562135,False,detected_frames_below_58,56,0.875,8,0.11433004836659566,45.67240327418781,63.79520063839489,127.06590789769744,0.4711954404979543
F1,eval_50007_high,Long_hue_8,0.0611354978442743,0.02022430823007747,0.0748153229687765,0.022323104630889407,False,detected_frames_below_58,56,0.875,8,0.11204658199454964,48.154606454361485,67.44940476190476,139.92136591478697,0.48792388684456006
F1,eval_50008_high,Long_hue_6,0.05471699164799937,-0.008174731837520514,0.07384393122197937,0.021703909344865147,True,,62,0.96875,2,0.07971390745618001,62.43607965341643,58.103381924198246,99.94678089304257,0.23100160394633404
F1,eval_50009_high,Long_hue_4,0.06292371888632753,-0.015499929674717207,0.06877889741541139,0.020009981432962898,False,detected_frames_below_58,57,0.890625,7,0.06350508984177972,81.05820105820106,60.98412698412698,81.02645502645503,-0.00019586080825231063
F1,eval_50010_high,Long_hue_0,0.04978673499321216,-0.01688908060861327,0.04793905227650881,0.010668714495275256,False,detected_frames_below_58,51,0.796875,13,0.054024225637138934,129.76256983240222,45.91641791044776,49.81071428571428,-0.4452324628317105
F1,eval_50010_high,Long_hue_6,0.04978673499321216,-0.002606629275672398,0.07186582155310456,0.018154374372321827,True,,64,1.0,0,0.04846091941108566,64.01905915349312,61.439594148183104,102.62214230670435,0.23165389360464622
F1,eval_50011_high,Long_hue_1,0.05559903293318277,-0.024515772047628726,0.0551246183349268,0.01407981600682183,False,detected_frames_below_58,52,0.8125,11,0.05378821150405799,115.9392325223936,48.792653363966934,54.15124503034107,-0.36326541250903055
F1,eval_50011_high,Long_hue_7,0.05559903293318277,-0.003286671905750313,0.07427951472784276,0.02516758341939536,True,,60,0.9375,4,0.134335291253058,53.327296157450796,60.29383116883117,113.63155153691022,0.36119233099795656
F1,eval_50012_high,Long_hue_2,0.05452538276428,-0.022947650721223123,0.058762790430360756,0.013907635746465554,True,,59,0.921875,4,0.031552305961754734,108.14095744680851,51.235023041474655,59.43540669856459,-0.2906468999768451
F1,eval_50012_high,Long_hue_8,0.05452538276428,0.006424889422121508,0.07483236187933882,0.018917181644792707,True,,60,0.9375,4,0.09418285144412897,47.424313789183046,62.4478920502883,127.02443609022556,0.4562951718259221
F1,eval_50013_high,Long_hue_3,0.05941431759849394,-0.019671687453703974,0.0629824958317801,0.014005180754771664,False,detected_frames_below_58,53,0.828125,11,0.05727458882400038,96.65491183879094,56.18541033434651,68.85171102661597,-0.1679884486241066
F1,eval_50013_high,Long_hue_9,0.05941431759849394,0.01867616121483031,0.07468335337812618,0.022107119915806262,False,detected_frames_below_58,56,0.875,8,0.12235946593632319,40.820791415157615,68.95256826506827,142.059835997336,0.5535799281453123
F1,eval_50014_high,Long_hue_4,0.06461412859500178,-0.023872085814710942,0.06999364645898301,0.022481139872883422,True,,63,0.984375,1,0.05442133317232545,78.8594249201278,59.16932907348243,79.73539518900344,0.005523322062302383
F1,eval_50014_high,Long_hue_10,0.06461412859500178,0.013056367854373991,0.07829900770019313,0.03398069649344402,False,detected_frames_below_58,53,0.828125,11,0.1869986415014706,34.91111111111111,70.4937343358396,154.06666666666666,0.6305268109125085
F1,eval_50015_high,Long_hue_5,0.06669411667584542,-0.004211076550522135,0.07354793989773006,0.03327502390908652,True,,64,1.0,0,0.11894606394539664,73.93080659852242,63.95570051049348,92.76862508383635,0.11300469530819258
F1,eval_50016_high,Long_hue_0,0.06640241906099656,-0.011853792635049161,0.049716609872845444,0.01828023825830305,False,detected_frames_below_58,44,0.6875,20,0.13704253618936446,120.62013704686119,44.4900462962963,49.16026139345059,-0.42089591207157345
F1,eval_50016_high,Long_hue_6,0.06640241906099656,0.029003740597556033,0.0725950908351824,0.020395765759696684,True,,60,0.9375,4,0.11700577868942852,65.06751879699249,61.88753676734342,105.78283077125214,0.23830979612948378
F1,eval_50017_high,Long_hue_1,0.049586233301447014,-0.018537618889029644,0.0523371617507215,0.011018116982694512,False,detected_frames_below_58,55,0.859375,4,0.03106524563217472,118.9375,49.11524163568773,57.40723981900452,-0.34892030374225014
F1,eval_50017_high,Long_hue_7,0.049586233301447014,-0.0020358982154618185,0.07372826784117574,0.02019920833569408,True,,64,1.0,0,0.0858203271466067,53.12192277221912,60.31347332372026,113.7564422926753,0.3633455990348223
F1,eval_50018_high,Long_hue_2,0.052997093215728305,-0.024752250232764488,0.05755682767149038,0.013496262223845493,False,detected_frames_below_58,56,0.875,5,0.0326490887203692,108.5075591985428,52.82854274239816,61.51992673992674,-0.2763531566632698
F1,eval_50018_high,Long_hue_8,0.052997093215728305,0.010148503046169512,0.07274193624435425,0.017252201959252537,False,detected_frames_below_58,55,0.859375,9,0.12384340193878218,46.58536585365854,61.41747572815534,129.85185185185185,0.4719326629666769
F1,eval_50019_high,Long_hue_3,0.06204873469422123,-0.015567687273232872,0.0626977984321651,0.015636195978130214,False,detected_frames_below_58,50,0.78125,13,0.08448631421072361,95.16472076576028,58.994781204458626,71.11660105877561,-0.14462309682840194
F1,eval_50019_high,Long_hue_9,0.06204873469422123,0.01285937816207562,0.07669227749527735,0.028291936353466145,False,detected_frames_below_58,56,0.875,8,0.14298880970249284,40.49096823091013,68.6735294117647,148.9982389251997,0.5726303483073617
F1,eval_50020_high,Long_hue_4,0.058127420481205824,-0.016818880386210246,0.06924110682459272,0.0144081376296114,True,,64,1.0,0,0.018178418113876882,81.42551586330643,57.78904872070916,78.39916310210154,-0.018935453403037258
F1,eval_50020_high,Long_hue_10,0.058127420481205824,0.018918340127993087,0.07462665389685541,0.023000129779786823,False,detected_frames_below_58,56,0.875,8,0.12655483281981061,36.79125863313061,70.99840263503306,155.34184528015493,0.6170232210505928
F1,eval_50021_high,Long_hue_5,0.05443292206690774,-0.016103822481834233,0.07183617247649522,0.017120933903009953,True,,64,1.0,0,0.02111379785952472,71.66705474705475,59.72144297235023,87.01847595473834,0.09674115302000894
F1,eval_50022_high,Long_hue_0,0.058146214477300395,-0.02110943275340136,0.04977449867614422,0.01344100034547949,False,detected_frames_below_58,44,0.6875,20,0.08466453520359973,124.71094042407772,44.36617100371747,47.441297231315545,-0.44884483783148194
F1,eval_50022_high,Long_hue_6,0.058146214477300395,0.006771627849989482,0.07262373313263308,0.02011801204458344,True,,64,1.0,0,0.08318341075910107,62.05357142857143,59.418242521367524,98.82034116438433,0.22854401402445026
F1,eval_50023_high,Long_hue_1,0.057670019295714914,-0.020728165236282937,0.05359734064719034,0.014539453880921732,False,detected_frames_below_58,48,0.75,16,0.06911872759448157,114.76548638432462,47.699092120606366,53.66805137699606,-0.36273913033820215
F1,eval_50023_high,Long_hue_7,0.057670019295714914,0.003907790246060226,0.07474803829690586,0.023869989031978626,True,,63,0.984375,1,0.11559111914880582,53.73640167364017,62.41721854304636,114.58219178082192,0.36149179278665355
F1,eval_50024_high,Long_hue_2,0.047389165559386034,-0.023751876039135277,0.056499714743834875,0.010815380385334401,True,,64,1.0,0,0.031374083107533535,106.84435169193372,52.134274308525804,62.02128691390796,-0.2654362672482435
F1,eval_50024_high,Long_hue_8,0.047389165559386034,-0.00039677758883985937,0.07355396339402054,0.015419039502475052,False,detected_frames_below_58,57,0.890625,7,0.0976770343235207,45.712,64.11581920903954,128.02298850574712,0.47377324057568176
F1,eval_50025_high,Long_hue_3,0.06132079847974285,-0.017851087359102114,0.06296115522274645,0.013765146093730899,False,detected_frames_below_58,51,0.796875,13,0.06933542169457918,93.72039473684211,57.9078947368421,70.24663677130044,-0.14316144989412596
F1,eval_50025_high,Long_hue_9,0.06132079847974285,0.016242968179488552,0.0754321036226883,0.02563873124826491,False,detected_frames_below_58,56,0.875,8,0.13795208828710082,41.84032999164578,70.1944252029592,145.51819923371647,0.5533661566982216
F1,eval_50026_high,Long_hue_4,0.06295533431455241,-0.02347192933140564,0.06923409948234051,0.021566817018531904,True,,59,0.921875,5,0.07323048240361163,79.93877551020408,60.09230769230769,79.66774193548387,-0.001698136010093912
F1,eval_50026_high,Long_hue_10,0.06295533431455241,0.015445474301097778,0.07671061777780629,0.032304034244567084,False,detected_frames_below_58,55,0.859375,9,0.16716619199195848,35.55458515283843,71.5311004784689,153.5430711610487,0.6239553059946873
F1,eval_50027_high,Long_hue_5,0.04670501626689866,-0.02965728346108959,0.06619376839431174,0.014984194075864045,True,,64,1.0,0,0.024682652798963867,72.20269656272785,60.5655652880955,88.16122753200034,0.09951447034836565
F1,eval_50028_high,Long_hue_0,0.05443996001683907,-0.017558873833359256,0.05026118987698814,0.01277753804148799,False,detected_frames_below_58,46,0.71875,18,0.08010211239892273,128.57926934818872,45.69931413741968,47.67926337201547,-0.4589849054547325
F1,eval_50028_high,Long_hue_6,0.05443996001683907,-0.010095312302386064,0.07406019665735063,0.022982001338028947,True,,62,0.96875,2,0.08516706119463213,63.15816956290237,59.693215339233035,100.70851985559567,0.2291518210683654
F1,eval_50029_high,Long_hue_1,0.056681276865603994,-0.020719593888706176,0.05413856697247952,0.014044469948689416,False,detected_frames_below_58,50,0.78125,14,0.06193680817646019,115.47999536641004,47.545306445931665,53.459693459693455,-0.3671150476106076
F1,eval_50029_high,Long_hue_7,0.056681276865603994,0.00833209877224772,0.07354939974535267,0.01901456113786271,True,,59,0.921875,4,0.11481481584834152,53.38265306122449,60.7037037037037,112.16988416988417,0.3550971316530976
F1,eval_50030_high,Long_hue_2,0.06139035744066626,-0.025420304357475464,0.05676157592726307,0.014621234112366946,False,detected_frames_below_58,48,0.75,16,0.06549222870865534,105.83715868858819,50.74316317678142,58.77428907666783,-0.28590277438683387
F1,eval_50030_high,Long_hue_8,0.06139035744066626,0.017193476859011028,0.07478518945244225,0.023172210345571057,False,detected_frames_below_58,56,0.875,8,0.11268699297078455,46.17702922077922,66.4844037541406,140.2692178206711,0.5046612098283373
F1,eval_50031_high,Long_hue_3,0.04975534148743192,-0.027440771190537634,0.06173957986575411,0.01177417440243173,True,,64,1.0,0,0.03225405492389566,97.77353165522501,55.71294621608757,70.66078787878789,-0.16096923626637705
F1,eval_50031_high,Long_hue_9,0.04975534148743192,-0.003084901509597343,0.07490738521011411,0.01874988263535121,False,detected_frames_below_58,56,0.875,8,0.12017685081130691,39.69095387225158,65.55195770413161,139.0656734569778,0.5559218758457545
F1,eval_50007_high,Long_hue_10,0.0611354978442743,0.017108345595130456,0.07613354441761329,0.02781032585206233,False,detected_frames_below_58,56,0.875,8,0.1488477201903151,36.38003064351379,71.81211361737678,156.32415458937197,0.6224261491825067
F1,eval_50008_high,Long_hue_8,0.05471699164799937,0.005810369582138006,0.07549936546481267,0.020333359754983137,True,,59,0.921875,4,0.09651157241708419,46.799126637554586,62.81666666666667,128.20955882352942,0.46517938222030286
F1,eval_50009_high,Long_hue_6,0.06292371888632753,0.006521657163118289,0.07294652340363346,0.027572857840088973,True,,59,0.921875,3,0.11907157438653493,64.42639593908629,59.78145695364238,103.62605042016807,0.2332584578821449
F1,eval_50010_high,Long_hue_1,0.04978673499321216,-0.01867800431908131,0.05299548569364497,0.01106077974702141,True,,60,0.9375,3,0.025304403895352046,118.69659868126465,49.7785054472376,56.94757944757945,-0.35155744922207866
F1,eval_50010_high,Long_hue_7,0.04978673499321216,-0.0033252266444682905,0.07490791670151996,0.021801628980645537,True,,64,1.0,0,0.10344345341080818,53.9748985801217,60.82187114845938,115.7149260700389,0.36384048140306924
F1,eval_50011_high,Long_hue_2,0.05559903293318277,-0.026822820967293458,0.05822001044212833,0.014980272079773649,False,detected_frames_below_58,55,0.859375,6,0.036172779880138006,107.56521739130434,52.25301204819277,61.03191489361702,-0.276002929984882
F1,eval_50011_high,Long_hue_8,0.05559903293318277,0.006726971074003306,0.07408249159102522,0.01909965059038434,True,,58,0.90625,6,0.10235015593361696,46.13470413290945,64.09454639320411,131.14898277398277,0.47953807890808114
F1,eval_50012_high,Long_hue_3,0.05452538276428,-0.02274835310623218,0.0638957278936833,0.014285765394167064,True,,64,1.0,0,0.019457325739420828,96.14698275862068,55.99063852813853,70.03999299443933,-0.15709407819644064
F1,eval_50012_high,Long_hue_9,0.05452538276428,0.01512440043905679,0.0735471899910883,0.017078504546978755,False,detected_frames_below_58,56,0.875,8,0.10204089154189111,41.52851893972531,64.66207754331789,137.7278911564626,0.5366579201553616
F1,eval_50013_high,Long_hue_4,0.05941431759849394,-0.016211766582192363,0.06866822838512915,0.014701834896158545,True,,63,0.984375,1,0.04607867776158181,81.1433447098976,58.73357664233577,79.08333333333333,-0.012856856309586905
F1,eval_50013_high,Long_hue_10,0.05941431759849394,0.01754565665505768,0.07518841507750208,0.025266191321337648,False,detected_frames_below_58,56,0.875,8,0.1435601108829455,35.781570537601155,68.92769895613395,147.75063416975183,0.6100785625644706
F1,eval_50014_high,Long_hue_5,0.06461412859500178,-0.026334618867744068,0.07390762600790213,0.029919030956606533,True,,63,0.984375,1,0.06526754221666708,69.09871244635193,61.30541871921182,87.65665236051503,0.11838790931989855
F1,eval_50015_high,Long_hue_0,0.06669411667584542,-0.008470303039831963,0.049652519601462636,0.017053430653529048,False,detected_frames_below_58,44,0.6875,20,0.135801866492397,122.147074099723,45.568687887080515,49.70213164338182,-0.42156111308793465
F1,eval_50015_high,Long_hue_6,0.06669411667584542,0.007869467752644405,0.07407242213859451,0.03129653962739849,True,,58,0.90625,6,0.13103034202189134,64.68808182967476,66.37123712371238,105.19515446588998,0.23844066971823125
F1,eval_50016_high,Long_hue_1,0.06640241906099656,-0.017561950943406016,0.05454656765437739,0.019160965724616928,False,detected_frames_below_58,49,0.765625,15,0.07227606766839223,110.98097826086956,47.24109589041096,53.040650406504064,-0.35324809493182624
F1,eval_50016_high,Long_hue_7,0.06640241906099656,0.040939959803607394,0.07340281213755884,0.015858932301007853,False,detected_frames_below_58,56,0.875,8,0.12263739919833971,56.00471325183969,64.44683960540738,126.02623421354764,0.3846682222813896
F1,eval_50017_high,Long_hue_2,0.049586233301447014,-0.022447411867422697,0.056703504517236054,0.010796760902701836,True,,62,0.96875,1,0.027453968099479198,108.14134707574306,50.938650527325024,60.610847547974416,-0.2816585564042681
F1,eval_50017_high,Long_hue_8,0.049586233301447014,-0.0071075021724205665,0.0750567749409657,0.03611930937858438,True,,61,0.953125,3,0.2998537948295409,46.5,61.84285714285714,126.77747252747253,0.46328857038669213
F1,eval_50018_high,Long_hue_3,0.052997093215728305,-0.0261703521329491,0.06319171466214672,0.013385399876876139,True,,63,0.984375,1,0.019701703953672545,96.76190476190476,57.403030303030306,71.29780564263324,-0.1515181661206991
F1,eval_50018_high,Long_hue_9,0.052997093215728305,0.011095538680783843,0.07263129072355753,0.017987523733025125,False,detected_frames_below_58,53,0.828125,11,0.12545593760244378,41.088,64.44280442804428,140.41666666666666,0.5472513103427982
F1,eval_50019_high,Long_hue_4,0.06204873469422123,-0.018195267384948463,0.06783117758045334,0.018393416649034395,False,detected_frames_below_58,54,0.84375,10,0.05027987089809027,81.31936351411923,61.90436478381875,80.65361780743291,-0.004110226911022072
F1,eval_50019_high,Long_hue_10,0.06204873469422123,0.010589273363786102,0.07687009900897059,0.030549439121322304,False,detected_frames_below_58,54,0.84375,10,0.16451440162627218,35.479876346230554,71.46347633603878,158.57450796626054,0.6343305875625397
F1,eval_50020_high,Long_hue_5,0.058127420481205824,-0.018585990023717688,0.07185134507118568,0.016141230067997572,True,,64,1.0,0,0.03220277053948983,68.9228356545034,58.288871226079934,87.95952526848777,0.12134372214941859
F1,eval_50021_high,Long_hue_0,0.05443292206690774,-0.015736723940096287,0.05089841454810339,0.011941271937207643,False,detected_frames_below_58,46,0.71875,18,0.07769555378875914,125.32851821530905,45.27978796240586,47.92628205128205,-0.44675377562368235
F1,eval_50021_high,Long_hue_6,0.05443292206690774,-0.007741913951391977,0.07433987586266787,0.020886773374627302,True,,63,0.984375,1,0.06975701463890449,62.1576354679803,59.43956043956044,98.72906403940887,0.22731169626454237
F1,eval_50022_high,Long_hue_1,0.058146214477300395,-0.02471691062031057,0.0535891590431377,0.014204380608119993,False,detected_frames_below_58,46,0.71875,18,0.07747021718262359,114.36597351541485,48.154465862986044,53.55766878861049,-0.3621187814441918
F1,eval_50022_high,Long_hue_7,0.058146214477300395,0.003143304041785468,0.07498463776241701,0.02489390129094783,True,,63,0.984375,1,0.11834135030624782,53.87567567567567,60.01398601398601,112.34848484848484,0.3517708195272243
F1,eval_50023_high,Long_hue_2,0.057670019295714914,-0.019578872745915493,0.056976811539091156,0.014544422398107213,False,detected_frames_below_58,50,0.78125,14,0.06302589023887373,106.70556701030928,51.3917994100295,59.82015242378811,-0.28155059017820855
F1,eval_50023_high,Long_hue_8,0.057670019295714914,0.022004008935758535,0.07281894154080995,0.016715770774081224,False,detected_frames_below_58,56,0.875,8,0.10841682689852095,47.357353937659994,68.22892821951035,133.70626595626595,0.4768981867765154
F1,eval_50024_high,Long_hue_3,0.047389165559386034,-0.029996145972226954,0.05994364050654769,0.011344127330480106,True,,64,1.0,0,0.029333454530305003,96.91114864864865,54.915267512853475,69.66615384615385,-0.16355766598720572
F1,eval_50024_high,Long_hue_9,0.047389165559386034,-0.002827366322768821,0.07435101567118142,0.01650889311217722,False,detected_frames_below_58,56,0.875,8,0.11286762368354852,39.644814814814815,64.12068821515075,135.3700468250961,0.5469548763649181
F1,eval_50025_high,Long_hue_4,0.06132079847974285,-0.013159601133418289,0.06724785616266123,0.017724324584948176,False,detected_frames_below_58,55,0.859375,9,0.06093826037702732,83.31274131274131,61.625,82.03968253968254,-0.007699063269825152
F1,eval_50025_high,Long_hue_10,0.06132079847974285,0.015199014343654487,0.0758545110879173,0.027677238032048655,False,detected_frames_below_58,56,0.875,8,0.14641775376943933,36.58715677243596,71.57849444162294,152.1658200502131,0.6123276317192783
F1,eval_50026_high,Long_hue_5,0.06295533431455241,-0.029991251244038376,0.07315483597699479,0.029745114338958174,True,,61,0.953125,3,0.09465066750990347,67.45422535211267,59.776595744680854,87.8996138996139,0.1316052995276965
F1,eval_50027_high,Long_hue_0,0.04670501626689866,-0.026736275093411,0.04867386015949704,0.011061446374370024,True,,58,0.90625,5,0.03196056606773734,125.92485463974228,44.70684485006519,49.43049149432128,-0.43622487042361807
F1,eval_50027_high,Long_hue_6,0.04670501626689866,-0.01512576949021462,0.06951017659039098,0.018895735593623657,True,,64,1.0,0,0.07047025300327159,63.20833333333333,58.631901658063136,100.11839832742479,0.2259891238793427
F1,eval_50028_high,Long_hue_1,0.05443996001683907,-0.021172721344457017,0.05495144542686675,0.013349865316866803,False,detected_frames_below_58,51,0.796875,13,0.0636073276502589,117.63719512195122,48.46951219512195,53.68564356435643,-0.37328094752556484
F1,eval_50028_high,Long_hue_7,0.05443996001683907,0.0056228958702786444,0.07371721924463304,0.017222719431011353,False,detected_frames_below_58,57,0.890625,7,0.10313692899299931,54.035714285714285,63.24285714285714,118.17777777777778,0.3724566683103731
F1,eval_50029_high,Long_hue_2,0.056681276865603994,-0.023080049086696516,0.05745705432890028,0.014565729461661478,False,detected_frames_below_58,53,0.828125,11,0.04986951964624742,106.67559523809524,51.13149847094801,59.345029239766085,-0.2850884710690891
F1,eval_50029_high,Long_hue_8,0.056681276865603994,0.010227970357491076,0.07402867329795673,0.019458044825633663,False,detected_frames_below_58,57,0.890625,7,0.12339313770326799,46.217948717948715,64.3962962962963,127.81368821292776,0.4688557835457673
F1,eval_50030_high,Long_hue_3,0.06139035744066626,-0.017111835777515468,0.06275845564003492,0.014721004367935305,False,detected_frames_below_58,51,0.796875,13,0.07008493791943726,95.03018867924528,54.537234042553195,68.7127659574468,-0.1607240004932769
F1,eval_50030_high,Long_hue_9,0.06139035744066626,0.015929519565045094,0.07552042593035857,0.025622632864908675,False,detected_frames_below_58,56,0.875,8,0.13138859611052556,39.323905179712156,69.18769290123457,149.820590598634,0.584191916154989
F1,eval_50031_high,Long_hue_4,0.04975534148743192,-0.020351056744982988,0.06559562536935949,0.015057644445099083,True,,64,1.0,0,0.02766922165450003,87.10901292335116,59.371677018633534,80.5232552076544,-0.03928693317297307
F1,eval_50031_high,Long_hue_10,0.04975534148743192,-0.005030519552157434,0.0753138501159796,0.020723756871268113,False,detected_frames_below_58,56,0.875,8,0.1240862408850324,34.979696969696974,66.70995635570102,143.81104286374745,0.608707956549839
F1,eval_50008_high,Long_hue_0,0.05471699164799937,-0.018738766582163977,0.05020283578446449,0.012283606538487538,False,detected_frames_below_58,46,0.71875,18,0.07786649389723899,125.86578988206082,45.9290842120468,49.07379862700229,-0.43896291233747653
F1,eval_50008_high,Long_hue_9,0.05471699164799937,0.016164693279529758,0.07418113736211064,0.018375778596756594,False,detected_frames_below_58,55,0.859375,8,0.10413300439547157,41.103305785123965,64.89677419354838,139.5811320754717,0.5450266080265653
F1,eval_50009_high,Long_hue_7,0.06292371888632753,0.012070174242825311,0.074865324761242,0.026886551099700767,False,detected_frames_below_58,57,0.890625,7,0.12946225772259246,54.78125,61.922448979591834,120.07142857142857,0.37340107743763673
F1,eval_50010_high,Long_hue_2,0.04978673499321216,-0.02058964063710733,0.056557774277894234,0.010930741890353802,True,,64,1.0,0,0.024598712854906446,107.83455698427508,52.8441194149469,62.095594128316534,-0.2691633153768736
F1,eval_50010_high,Long_hue_8,0.04978673499321216,0.007903152945811938,0.07438727142396293,0.016898907019630847,True,,60,0.9375,4,0.08840456614010783,46.90460030165912,62.504229323308266,130.97959288052374,0.4726389179096843
F1,eval_50011_high,Long_hue_3,0.05559903293318277,-0.02164204442325648,0.06464098580808332,0.014449346686954597,True,,64,1.0,0,0.021769032117738396,95.62825347002834,57.216759620747354,71.16435550874729,-0.14667255408417967
F1,eval_50011_high,Long_hue_9,0.05559903293318277,0.014155364692697426,0.07343164235703463,0.017698207159838695,False,detected_frames_below_58,56,0.875,8,0.10325627104831059,40.68509306803594,67.3943457774556,142.70210664911127,0.5562929895784646
F1,eval_50012_high,Long_hue_4,0.05452538276428,-0.015658614210681848,0.06801992058699237,0.015933299093005025,True,,64,1.0,0,0.02527932457982318,84.43223850320464,60.270462139839864,81.4419769638613,-0.018027283691581616
F1,eval_50012_high,Long_hue_10,0.05452538276428,0.014953604444011084,0.07397358434613564,0.019271214117863922,False,detected_frames_below_58,56,0.875,8,0.1098865653841462,36.68474302496329,65.56445182724252,142.40939716312056,0.5903300578518377
F1,eval_50013_high,Long_hue_5,0.05941431759849394,-0.006212406668165916,0.07103441341406472,0.021667639933052617,True,,64,1.0,0,0.07970509062711251,70.80250231696016,61.533562822719446,88.89525936289282,0.11329374222666437
F1,eval_50014_high,Long_hue_0,0.06461412859500178,-0.03164130434587172,0.0498194708504788,0.01672140575993876,False,detected_frames_below_58,43,0.671875,21,0.07920550230780299,123.49322493224932,44.38211382113821,47.98134328358209,-0.4403678191720044
F1,eval_50014_high,Long_hue_6,0.06461412859500178,0.021081056263075024,0.07101011368314673,0.017578897493868113,False,detected_frames_below_58,52,0.8125,12,0.12892054505567907,63.00303833700906,62.830267558528426,102.8472552988807,0.2402420646257401
F1,eval_50015_high,Long_hue_1,0.06669411667584542,-0.011735125125258719,0.05315248061178725,0.017787753731227412,False,detected_frames_below_58,47,0.734375,17,0.07267452812417585,112.74725274725274,48.276497695852534,53.95880149812734,-0.35264736793897367
F1,eval_50015_high,Long_hue_7,0.06669411667584542,0.038965061908753415,0.07341153043932877,0.01581639415169957,False,detected_frames_below_58,53,0.828125,11,0.12904789340356848,55.31627906976744,67.58620689655173,124.97619047619048,0.3863717191397493
F1,eval_50016_high,Long_hue_2,0.06640241906099656,-0.01542432481069576,0.057800739228836655,0.019254898812660508,False,detected_frames_below_58,51,0.796875,13,0.06665116697123286,103.53012048192771,50.685800604229605,58.80722891566265,-0.27549354312008145
F1,eval_50016_high,Long_hue_8,0.06640241906099656,0.04056433216043268,0.07527494981147584,0.018774719973485888,False,detected_frames_below_58,56,0.875,8,0.13399475378031245,48.2701090074584,66.62137445887446,138.48047785547786,0.48305266592938734
F1,eval_50017_high,Long_hue_3,0.049586233301447014,-0.02419264298486293,0.06048477136361425,0.010898453978347475,True,,64,1.0,0,0.028260284292796367,96.42508116883117,54.901788211788215,69.51258687258687,-0.16218435882518722
F1,eval_50017_high,Long_hue_9,0.049586233301447014,0.0033210533742394598,0.07462408980870798,0.018643487663511888,True,,60,0.9375,4,0.09449837042309128,40.45161834435969,63.592307692307685,136.6590514520202,0.5432051791022385
F1,eval_50018_high,Long_hue_4,0.052997093215728305,-0.02052675750654583,0.06770277333649673,0.01406953121767194,True,,64,1.0,0,0.020538097558800317,84.94123775324732,60.596941275285225,81.35305898675259,-0.02157728098219032
F1,eval_50018_high,Long_hue_10,0.052997093215728305,0.010963403727007033,0.07295804082807447,0.020149024642135593,False,detected_frames_below_58,53,0.828125,11,0.1383995224895953,36.2289156626506,65.98170731707317,148.18333333333334,0.6070877519265017
F1,eval_50019_high,Long_hue_5,0.06204873469422123,-0.02174838022485133,0.07165858892819171,0.030869792433149672,False,detected_frames_below_58,57,0.890625,7,0.21155058391577453,70.83060109289617,63.41803278688525,89.97354497354497,0.11904508900373247
F1,eval_50020_high,Long_hue_0,0.058127420481205824,-0.02056761754692956,0.05005873142764271,0.013883933241596154,False,detected_frames_below_58,44,0.6875,20,0.08575119719426227,126.03253921496429,44.73227735725633,47.69357175107231,-0.450933754449881
F1,eval_50020_high,Long_hue_6,0.058127420481205824,0.008715813126515847,0.07286893919170173,0.02058152079790456,True,,64,1.0,0,0.08922268872194827,62.26880905687288,58.51077851687607,99.6113732892874,0.23068027037776584
F1,eval_50021_high,Long_hue_1,0.05443292206690774,-0.019341827364677537,0.055818495046818115,0.013100262124337469,False,detected_frames_below_58,51,0.796875,13,0.06301210523867007,116.04402515723271,49.18245614035088,54.80174927113703,-0.3584652654770358
F1,eval_50021_high,Long_hue_7,0.05443292206690774,0.012267155542024986,0.07419159828310866,0.01769520161033667,True,,60,0.9375,4,0.08916933060054877,54.788717614705455,61.74544270833333,115.72319770056508,0.35736200589380257
F1,eval_50022_high,Long_hue_2,0.058146214477300395,-0.027176525435651164,0.056948705875625324,0.014214043824847465,False,detected_frames_below_58,49,0.765625,15,0.07365990124346078,105.7566765578635,50.66031746031746,57.81818181818182,-0.29306762185588864
F1,eval_50022_high,Long_hue_8,0.058146214477300395,0.021779626016168854,0.07294429806870892,0.018459521484614796,False,detected_frames_below_58,56,0.875,8,0.11420428808696959,47.17176851538085,66.32534495279594,132.94542483660132,0.476210264689182
F1,eval_50023_high,Long_hue_3,0.057670019295714914,-0.01939165020449024,0.06373188749944063,0.014927712088484514,True,,59,0.921875,5,0.027150870355252432,93.77807486631016,56.22185430463576,68.95364238410596,-0.15254821187687412
F1,eval_50023_high,Long_hue_9,0.057670019295714914,0.018011669546512146,0.07353390073235025,0.018168613628154057,False,detected_frames_below_58,55,0.859375,8,0.10358104181727912,42.05347593582888,71.42913385826772,146.13440860215053,0.553069252687815
F1,eval_50024_high,Long_hue_4,0.047389165559386034,-0.024445166589635595,0.06415167295850568,0.01288578867157555,True,,64,1.0,0,0.023401827315526313,84.42530565927227,58.984007996002,79.48636408147277,-0.030131726347558212
F1,eval_50024_high,Long_hue_10,0.047389165559386034,-0.0029248061687483086,0.0744172289332213,0.017412825694629805,False,detected_frames_below_58,55,0.859375,9,0.11224300614785732,34.87719298245614,64.79166666666667,141.46056782334384,0.6044274031485911
F1,eval_50025_high,Long_hue_5,0.06132079847974285,-0.015880716195069176,0.07024520505684288,0.02271059594904518,False,detected_frames_below_58,57,0.890625,7,0.12905275252610582,72.0,63.39719626168224,92.67965367965368,0.12557503745958234
F1,eval_50026_high,Long_hue_0,0.06295533431455241,-0.022463642920441368,0.04984396615324983,0.015229626848247163,False,detected_frames_below_58,41,0.640625,23,0.08685757573215758,123.95767195767196,44.64638783269962,49.24324324324324,-0.43137432979357315
F1,eval_50026_high,Long_hue_6,0.06295533431455241,0.013192370034308069,0.07259923524669983,0.02183601136165316,True,,58,0.90625,6,0.11059723596933124,64.38818334735072,60.97507171543316,105.52225672877847,0.24209267754822597
F1,eval_50027_high,Long_hue_1,0.04670501626689866,-0.021377290201202333,0.052864008070973065,0.010848739154936652,True,,63,0.984375,1,0.027409029977378596,117.06896551724138,48.666666666666664,56.50697674418605,-0.34890773447071904
F1,eval_50027_high,Long_hue_7,0.04670501626689866,-0.011429883892209268,0.07234807975113046,0.018512473268361612,True,,60,0.9375,4,0.10804042375973066,53.447966670812086,59.053670610963536,112.45721981424148,0.3556805811417185
F1,eval_50028_high,Long_hue_2,0.05443996001683907,-0.023837665807943928,0.05879255192807904,0.013567813693271895,False,detected_frames_below_58,57,0.890625,4,0.028008088794725938,108.32885906040268,51.55,59.96676737160121,-0.287363924506623
F1,eval_50028_high,Long_hue_8,0.05443996001683907,0.003732268434494889,0.07479857854833427,0.019186953304669848,True,,58,0.90625,6,0.1049897575762222,47.232881634329125,64.15464165464167,128.7035326714385,0.46306872490601914
F1,eval_50029_high,Long_hue_3,0.056681276865603994,-0.018615355013994306,0.06363758889377047,0.013978136797219475,True,,60,0.9375,4,0.02319582257964581,94.45448807854137,56.09264394288346,69.63513036039723,-0.15125489323616065
F1,eval_50029_high,Long_hue_9,0.056681276865603994,0.01885731419256066,0.07355334000207284,0.018230620699657297,False,detected_frames_below_58,56,0.875,8,0.11001166520851557,40.823496966354114,67.37278229149395,140.54275587062472,0.5498225681152643
F1,eval_50030_high,Long_hue_4,0.06139035744066626,-0.012028850463820519,0.0670917703698202,0.016807257498177644,False,detected_frames_below_58,54,0.84375,10,0.08173434713457794,81.90504833512352,61.155797101449274,81.0360497237569,-0.005333207040574835
F1,eval_50030_high,Long_hue_10,0.06139035744066626,0.015385117355108308,0.07593835808701711,0.027902215948748782,False,detected_frames_below_58,56,0.875,8,0.145086975278099,34.760813235000995,70.83020507473063,155.88078244274809,0.6353281338060217
F1,eval_50031_high,Long_hue_5,0.04975534148743192,-0.013136199430930902,0.06832427341537652,0.01823923976410869,True,,64,1.0,0,0.04371632138917203,74.79095397637101,60.93863625796253,91.59308323047082,0.10098402188193083
F1,eval_50008_high,Long_hue_2,0.05471699164799937,-0.027096592261326304,0.05845075919914222,0.014996033367513765,False,detected_frames_below_58,54,0.84375,7,0.04143299486542684,107.42654523290902,51.28949031333323,60.53112198780698,-0.27920977958973253
F1,eval_50009_high,Long_hue_0,0.06292371888632753,-0.02559616942103022,0.0494793698862862,0.01531740408837492,False,detected_frames_below_58,41,0.640625,23,0.08521537748957853,125.32972972972973,44.28846153846154,47.53488372093023,-0.45003337846819486
F1,eval_50009_high,Long_hue_8,0.06292371888632753,0.021628370457684704,0.07522400976306984,0.026145194541215576,False,detected_frames_below_58,56,0.875,7,0.1255532596468919,47.235405197797974,66.06158243929983,137.52048688100518,0.4886722727343267
F1,eval_50010_high,Long_hue_3,0.04978673499321216,-0.02323989858851796,0.06019100455497607,0.011447482337163311,True,,64,1.0,0,0.01927944103140955,97.3964745062012,56.434343898331036,69.82153329693219,-0.16490413665095788
F1,eval_50010_high,Long_hue_9,0.04978673499321216,0.005498823126235009,0.07523183245809069,0.018516888916057406,True,,60,0.9375,4,0.09485603887114191,40.77613890963406,63.1890126776796,138.74868803969275,0.5457325919479213
F1,eval_50011_high,Long_hue_4,0.05559903293318277,-0.01780051818489793,0.06850434153018586,0.014848032445865031,True,,64,1.0,0,0.019042765057744937,83.45903982649843,60.32963787907802,80.16563697291869,-0.0201277882896417
F1,eval_50011_high,Long_hue_10,0.05559903293318277,0.012788050913516704,0.0739788014814067,0.020496475400001636,False,detected_frames_below_58,56,0.875,8,0.11725171258354616,36.43376774240389,69.05869173140954,149.0766121015309,0.60720507636225
F1,eval_50012_high,Long_hue_5,0.05452538276428,-0.013187957862080567,0.07040617404246997,0.019378261362535478,True,,64,1.0,0,0.058304302871232006,73.83187645687646,61.24015151515152,90.16388807927717,0.0995880086817739
F1,eval_50013_high,Long_hue_0,0.05941431759849394,-0.020896461471967397,0.04910062726372592,0.014032584071847909,False,detected_frames_below_58,42,0.65625,22,0.08331020503625175,128.18818794326242,45.480652148460365,45.932782049422116,-0.47240378856892246
F1,eval_50013_high,Long_hue_6,0.05941431759849394,0.003946985691053326,0.07346049117559497,0.024190484688596373,True,,64,1.0,0,0.11042334853031277,60.874102870813395,59.06157602061576,100.19254942735654,0.24411289360975713
F1,eval_50014_high,Long_hue_1,0.06461412859500178,-0.023214070089508147,0.053875058942443384,0.017140636231443435,False,detected_frames_below_58,47,0.734375,17,0.07056535935613828,113.23011363636364,48.125786163522015,54.31481481481482,-0.35163880737050196
F1,eval_50014_high,Long_hue_7,0.06461412859500178,0.019199940593871468,0.07461819094700102,0.021415638172060363,False,detected_frames_below_58,54,0.84375,10,0.11440052425345759,53.72860338918507,66.31623931623932,122.0879649524901,0.38881069177995603
F1,eval_50015_high,Long_hue_2,0.06669411667584542,-0.014436029136007316,0.0574075266751457,0.01778161686902717,False,detected_frames_below_58,51,0.796875,13,0.06348473092891782,104.93230769230769,52.16101694915254,59.042402826855124,-0.2798596486016628
F1,eval_50015_high,Long_hue_8,0.06669411667584542,0.039827315393065096,0.07513520569558822,0.020729814769905305,False,detected_frames_below_58,54,0.84375,10,0.12411547099291287,47.48166510144801,71.3831888626215,144.17432932469936,0.5045115573492294
F1,eval_50016_high,Long_hue_3,0.06640241906099656,-0.007933201566746647,0.06313563023738733,0.01923865003487895,False,detected_frames_below_58,56,0.875,8,0.0535967767342691,91.4491452991453,55.84139108554996,69.32857083781326,-0.13758482825125146
F1,eval_50016_high,Long_hue_9,0.06640241906099656,0.03565087858536983,0.0773808294371893,0.02607256075853974,False,detected_frames_below_58,57,0.890625,7,0.19018125930053154,41.74285714285714,67.23076923076923,143.55864197530863,0.5494601248073205
F1,eval_50017_high,Long_hue_4,0.049586233301447014,-0.016986270839037244,0.06518499370776004,0.014613317782488908,True,,64,1.0,0,0.036223280291695636,85.59983041266253,60.11056539120503,81.73123959856775,-0.023119381318933256
F1,eval_50017_high,Long_hue_10,0.049586233301447014,0.0015523345737353917,0.07513689868858847,0.020546425015239688,True,,60,0.9375,4,0.10051379303866215,35.79926573245773,64.08051948051948,141.06336193686792,0.5951743315790744
F1,eval_50018_high,Long_hue_5,0.052997093215728305,-0.018864774332248133,0.07049669671515528,0.016579617872085867,True,,64,1.0,0,0.02256655121387585,73.4704854368932,61.9575645948449,92.1967553844437,0.11303544294400154
F1,eval_50019_high,Long_hue_0,0.06204873469422123,-0.025829082572433902,0.049892694518512394,0.01528287262118445,False,detected_frames_below_58,42,0.65625,22,0.08080339269032044,127.13095029367932,44.75829336683879,48.06172429078014,-0.4513272383702314
F1,eval_50019_high,Long_hue_6,0.06204873469422123,0.007309199976735544,0.07338877581642164,0.026104504200515036,True,,59,0.921875,4,0.1205979042597568,62.86335403726708,64.29694323144105,105.74299065420561,0.2543180489168563
F1,eval_50020_high,Long_hue_1,0.058127420481205824,-0.022368981796756993,0.05426774579305326,0.014038641586554912,False,detected_frames_below_58,47,0.734375,17,0.07448461937969408,116.53,48.116618075801746,53.9644128113879,-0.3669656158048175
F1,eval_50020_high,Long_hue_7,0.058127420481205824,0.009517731822378462,0.07447332792564598,0.02149414262091122,True,,61,0.953125,3,0.10366191567826177,52.56826568265683,61.655913978494624,115.26530612244898,0.3735667409414236
F1,eval_50021_high,Long_hue_2,0.05443292206690774,-0.019725106319401994,0.05843176153579518,0.013605738968337647,False,detected_frames_below_58,52,0.8125,12,0.06484038028006422,107.37734609609609,52.38203792615988,60.92808848730332,-0.27598192371961566
F1,eval_50021_high,Long_hue_8,0.05443292206690774,0.00932870415112032,0.07536794431543625,0.019709083317871936,True,,60,0.9375,4,0.09698891201151638,48.09617599210339,62.98205128205129,129.31373425594774,0.4577960619577963
F1,eval_50022_high,Long_hue_3,0.058146214477300395,-0.023057947051132042,0.06312796533609508,0.014564221742490092,False,detected_frames_below_58,55,0.859375,9,0.03958388309653438,93.14081145584726,55.8202614379085,67.62666666666667,-0.1587021522458492
F1,eval_50022_high,Long_hue_9,0.058146214477300395,0.020191981636704253,0.07368523101901038,0.02008465414610711,False,detected_frames_below_58,56,0.875,8,0.11543041628343464,41.44177085790674,68.84331304670287,144.03990322360798,0.5531443085887359
F1,eval_50023_high,Long_hue_4,0.057670019295714914,-0.015451658825749219,0.068404919794958,0.014501507379437523,True,,64,1.0,0,0.023035016550532972,81.51491653507783,59.09404199565562,79.15713205645162,-0.014674515569414985
F1,eval_50023_high,Long_hue_10,0.057670019295714914,0.014869671099076637,0.07394570672532289,0.02063476760910171,False,detected_frames_below_58,54,0.84375,10,0.1279191328450573,37.13636980722237,71.94051753489956,153.19760219557995,0.6097767580169461
F1,eval_50024_high,Long_hue_5,0.047389165559386034,-0.025997874942089754,0.06752884641037471,0.013538435544504335,True,,64,1.0,0,0.025040015292774775,72.6357298202895,60.88655109744163,90.21645403312243,0.10795510257730259
F1,eval_50025_high,Long_hue_0,0.06132079847974285,-0.02115983318959645,0.049155845939760336,0.0135829047975809,False,detected_frames_below_58,41,0.640625,23,0.08128567332339043,124.43909348441926,43.80769230769231,47.30402930402931,-0.44913043927472823
F1,eval_50025_high,Long_hue_6,0.06132079847974285,0.004539404724381681,0.07288096121090609,0.026260009367016293,True,,61,0.953125,3,0.11970341659466044,62.5130890052356,61.64356435643565,103.62222222222222,0.24744368258174435
F1,eval_50026_high,Long_hue_1,0.06295533431455241,-0.025968222653404767,0.05429183175771836,0.015337303869512993,False,detected_frames_below_58,45,0.703125,19,0.07624216399264705,113.99709302325581,47.38820638820639,54.76548672566372,-0.35097594730843146
F1,eval_50026_high,Long_hue_7,0.06295533431455241,0.01830111281579841,0.07427148392827748,0.02302785455368726,False,detected_frames_below_58,56,0.875,8,0.10601383917919349,54.33618459586099,63.95733532934132,124.14891793177131,0.39114039405670736
F1,eval_50027_high,Long_hue_2,0.04670501626689866,-0.020460481914893587,0.05550492523858725,0.01041468000475034,True,,64,1.0,0,0.022101374018895115,107.88723794215369,50.373761655011656,62.27060257749913,-0.26808424005231585
F1,eval_50027_high,Long_hue_8,0.04670501626689866,-0.0013853917866941763,0.07271939913593148,0.015788196485084786,False,detected_frames_below_58,57,0.890625,7,0.10356159040491453,46.10245901639344,61.0,125.22105263157894,0.4618081479543465
F1,eval_50028_high,Long_hue_3,0.05443996001683907,-0.02350980116157284,0.06469285208020548,0.01355650805117025,True,,64,1.0,0,0.01695931685661234,95.46770517320796,56.20833026387518,69.58735812384253,-0.1567982619399459
F1,eval_50028_high,Long_hue_9,0.05443996001683907,0.015123675200921737,0.07369411181699002,0.017166401697871446,False,detected_frames_below_58,56,0.875,8,0.10285949366047109,41.982806877249104,66.71284469632889,140.31763231811422,0.5394107983222328
F1,eval_50029_high,Long_hue_4,0.056681276865603994,-0.007900682218433958,0.06791152741779154,0.014927438562676842,True,,64,1.0,0,0.02052318417340182,82.67402721870806,60.14024540014291,80.45295083218812,-0.013615628837474955
F1,eval_50029_high,Long_hue_10,0.056681276865603994,0.016477284439953346,0.07404589983018571,0.020637774662548573,False,detected_frames_below_58,56,0.875,8,0.1208427757505921,36.69150412649632,68.84240872569835,146.5582130730051,0.5995464038118969
F1,eval_50030_high,Long_hue_5,0.06139035744066626,8.327568563887169e-06,0.07082720800052904,0.023797438864163283,True,,64,1.0,0,0.10243783237858761,70.09450261780104,60.4208007536505,89.56266764620457,0.1219373047650242
F1,eval_50031_high,Long_hue_0,0.04975534148743192,-0.017094539130522064,0.04937122124940513,0.010962488739204558,False,detected_frames_below_58,51,0.796875,13,0.05544470905764631,127.39890710382514,46.479069767441864,50.2972027972028,-0.4338964108418892
F1,eval_50031_high,Long_hue_6,0.04975534148743192,-0.013582478464599862,0.07214923528283308,0.021470717365754153,True,,64,1.0,0,0.06601662011574938,62.849003342825306,58.68836772983114,100.04742500181594,0.22835627543833814
F3,eval_50000_high,natural_conflict,0.06511387887451758,0.045512140468864426,0.03802876827049937,0.006361287493167456,True,,64.0,1.0,0,0.01863098585891043,165.86729702006784,46.97429356357928,50.99628965585936,-0.5296924630130132
F3,eval_50000_high,full_matched_edit,0.06511387887451758,0.06495350913229048,0.06437301330989786,0.0011639553145976447,True,,64.0,1.0,0,0.01418619711148672,46.48884291414216,92.08560080468368,199.11281754080943,0.6214289200811858
F3,eval_50000_high,top2_oracle_projection,0.06511387887451758,0.0649709913949332,0.06428555819066124,0.001227042706512578,True,,64.0,1.0,0,0.014805771107044952,46.65530964861192,92.34778325123153,199.09037541846007,0.6202960012430863
F3,eval_50000_high,fit_only_controller,0.06511387887451758,0.06504689916848252,0.06430431543621215,0.001235792066965657,True,,64.0,1.0,0,0.014932049408772352,46.70068454213842,92.18827669902913,199.01951219512193,0.6198872932527068
F3,eval_50003_high,natural_conflict,0.06533233898124247,0.04472196141257922,0.03788680210831676,0.00652848800642985,True,,64.0,1.0,0,0.020846378886433703,167.8875239188672,47.608783190160096,50.94733514001807,-0.534376421022492
F3,eval_50003_high,full_matched_edit,0.06533233898124247,0.0635810602097748,0.06415002585068609,0.0008651827567608457,True,,64.0,1.0,0,0.013281842972116098,47.054746550169895,92.72916053741297,198.76206153922323,0.6171559876974857
F3,eval_50003_high,top2_oracle_projection,0.06533233898124247,0.06342776034786834,0.06399736637497253,0.0008140475415939481,True,,64.0,1.0,0,0.012659523077134582,47.06268670649739,92.82660588682205,199.28884714836317,0.6179225193359262
F3,eval_50003_high,fit_only_controller,0.06533233898124247,0.063448244868408,0.06399498734045395,0.0008002191233020529,True,,64.0,1.0,0,0.012536927378599239,47.086689427722035,92.79280679933666,199.26074120603016,0.6177212865051009
F3,eval_50005_low,natural_conflict,0.007266470942510986,0.014106756028437884,0.035654708820409824,0.004641063668491036,True,,58.0,0.90625,6,0.007520971860765946,43.772624434389144,76.15315051369194,164.4751015897911,0.5796100608627355
F3,eval_50005_low,full_matched_edit,0.007266470942510986,0.00666164711035232,0.006812539904077822,0.00030484730388993184,True,,64.0,1.0,0,0.0020708516465541837,201.09190469490176,47.936655244622116,49.50514889719534,-0.6049023866196258
F3,eval_50005_low,top2_oracle_projection,0.007266470942510986,0.007332364461272773,0.00734861824608768,0.00035742927748001356,True,,64.0,1.0,0,0.0019195361773808317,201.7317679893217,47.77427184466019,49.372549019607845,-0.6067566690392471
F3,eval_50005_low,fit_only_controller,0.007266470942510986,0.007394283143013982,0.007366611293241702,0.0003658745031199453,True,,64.0,1.0,0,0.0018366365155817466,201.76341463414633,47.84649248048734,49.41379310344828,-0.6065423805883591
F3,eval_50007_high,natural_conflict,0.0611354978442743,0.04209568892337086,0.038067943484397716,0.006621082089593823,True,,64.0,1.0,0,0.013060124910128756,169.94409547738695,47.51231527093596,51.073415673115825,-0.5378337634221441
F3,eval_50007_high,full_matched_edit,0.0611354978442743,0.06029604156278552,0.0603757148646067,0.0007929630638453326,True,,64.0,1.0,0,0.010869674944478103,46.21859454238107,92.77475375234522,200.5608695652174,0.6254259266708708
F3,eval_50007_high,top2_oracle_projection,0.0611354978442743,0.06112133603102963,0.06122478419909102,0.0007835824582176907,True,,64.0,1.0,0,0.013584486149757602,45.63420670617072,92.68152221626104,200.51463414634145,0.6292145309470362
F3,eval_50007_high,fit_only_controller,0.0611354978442743,0.0611907642725419,0.06125127188545855,0.000777651359943183,True,,64.0,1.0,0,0.01383465810229223,45.506073823929455,92.63562842805462,200.482081475288,0.6300141056094619
F3,eval_50014_high,natural_conflict,0.06461412859500178,0.04385402825832608,0.03794867822089229,0.006737540893534544,True,,64.0,1.0,0,0.018167310366992373,167.00230318257957,47.61962968500797,51.256209846701864,-0.530316511962806
F3,eval_50014_high,full_matched_edit,0.06461412859500178,0.06383150336557288,0.06386084316202595,0.0011250896159883388,True,,64.0,1.0,0,0.014084060965151579,47.46601881958814,92.76281413612566,198.71959045352946,0.6143883555197591
F3,eval_50014_high,top2_oracle_projection,0.06461412859500178,0.06389946321310583,0.06386302055133283,0.0011193759516271269,True,,64.0,1.0,0,0.014266590123136247,47.2390062821245,92.20211442786069,197.9178369237556,0.6146221686950505
F3,eval_50014_high,fit_only_controller,0.06461412859500178,0.06392718212682269,0.0638689198583443,0.0011695817859107198,True,,64.0,1.0,0,0.014372088979520914,47.127333894028595,92.35412935323383,197.98310173271574,0.6154604044211753
F3,eval_50016_high,natural_conflict,0.06640241906099656,0.04484699642376828,0.03781864921351658,0.006428048309302657,True,,64.0,1.0,0,0.020235296061855923,165.23262953367876,47.19062043310748,50.62166666666667,-0.5309644741128305
F3,eval_50016_high,full_matched_edit,0.06640241906099656,0.06488991697746187,0.06538230820914002,0.0011738794842811545,True,,64.0,1.0,0,0.01342206975838467,46.827582022908175,91.54608472400514,195.89522049944452,0.6141476487888189
F3,eval_50016_high,top2_oracle_projection,0.06640241906099656,0.06444181700793174,0.06492760091362017,0.0011411669659065103,True,,64.0,1.0,0,0.013390896092145721,46.68137254901961,91.28569348380051,195.7749143346659,0.6149295763865711
F3,eval_50016_high,fit_only_controller,0.06640241906099656,0.06449520138904716,0.06491859019340503,0.0010977997651562014,True,,64.0,1.0,0,0.01324019722615466,46.71699669966996,91.34529558277842,195.6377159774801,0.6144742044946016
F3,eval_50022_low,natural_conflict,0.016146214477300393,0.02107278659290615,0.03743585570628684,0.004220648394092253,True,,60.0,0.9375,4,0.007274589567656697,46.83862221069019,86.42457503095801,184.07027027027027,0.5943107975839211
F3,eval_50022_low,full_matched_edit,0.016146214477300393,0.01615391804877417,0.016192429320423512,0.00041283872581283546,True,,64.0,1.0,0,0.003409994542761363,202.63170731707316,49.18722092797515,50.58406746754035,-0.6004666967485126
F3,eval_50022_low,top2_oracle_projection,0.016146214477300393,0.015061526707400021,0.015281858577257598,0.00043498885360231294,True,,64.0,1.0,0,0.0034413183943849956,199.8859223300971,48.62712773740428,50.051363690976814,-0.5994886198231588
F3,eval_50022_low,fit_only_controller,0.016146214477300393,0.015036682319506053,0.015291484952361286,0.00043859969730459717,True,,64.0,1.0,0,0.0035648529008501795,200.1282368644582,48.639024390243904,50.11893733303924,-0.5994445292438332
F3,eval_50034_low,natural_conflict,0.01684377991700454,0.021511813166345747,0.03706685532952816,0.004090619444218657,True,,60.0,0.9375,4,0.0082121946295175,45.60989201505845,87.50160122528544,188.09040545844277,0.6096719387340073
F3,eval_50034_low,full_matched_edit,0.01684377991700454,0.016784540757636707,0.016844653424628632,0.000489588553645477,True,,64.0,1.0,0,0.003932326078461168,202.70778460637987,48.71183340368651,49.77529873039582,-0.6057137922067982
F3,eval_50034_low,top2_oracle_projection,0.01684377991700454,0.01589622144819629,0.015897542057161936,0.00047653152308745517,True,,64.0,1.0,0,0.003536151006098276,200.66178060795386,48.228448275862064,49.438592233009715,-0.604649991749932
F3,eval_50034_low,fit_only_controller,0.01684377991700454,0.015916206554508205,0.01591259581001553,0.0004825440026749374,True,,64.0,1.0,0,0.003536151006098276,200.46049147582107,48.35195135746606,49.50603599648815,-0.6038986779782135
F3,eval_50038_high,natural_conflict,0.06492680178141044,0.04459219497539726,0.03810283804555672,0.006793459753112645,True,,64.0,1.0,0,0.020587203927444175,170.78589108910893,48.31177877849704,51.94316567206593,-0.5335753095945343
F3,eval_50038_high,full_matched_edit,0.06492680178141044,0.06356655915721922,0.06402510937046423,0.0007672354713610559,True,,64.0,1.0,0,0.011729597011164383,47.41001283697048,93.09203980099502,200.45501137528439,0.6174529828268788
F3,eval_50038_high,top2_oracle_projection,0.06492680178141044,0.06359443261985052,0.06388046674491987,0.0007437690823788219,True,,64.0,1.0,0,0.0111735677966176,47.03127263945907,93.02434219783312,200.33152200164227,0.6197385083096506
F3,eval_50038_high,fit_only_controller,0.06492680178141044,0.06368515683200622,0.06390109404688354,0.0007595723790338679,True,,64.0,1.0,0,0.011461302299618614,47.04601097509497,92.92508559636039,200.20385395537528,0.6194456082851635
F3,eval_50047_low,natural_conflict,0.01691397692932508,0.023563188214477216,0.038057807849905416,0.0037659549269486014,True,,58.0,0.90625,4,0.008055723803755188,45.59167241775937,87.22605846774194,187.0552224099099,0.6080611997720304
F3,eval_50047_low,full_matched_edit,0.01691397692932508,0.017089413834572856,0.016977069580376123,0.00039114119226793526,True,,64.0,1.0,0,0.003556707768555656,201.42597358037398,48.12009803921569,50.004975124378106,-0.6022369132998199
F3,eval_50047_low,top2_oracle_projection,0.01691397692932508,0.016052409179338544,0.016012032619645615,0.0004442752098876449,True,,64.0,1.0,0,0.0033693453625028846,199.01192587752053,47.960760166135415,49.506337590280765,-0.6015879324161201
F3,eval_50047_low,fit_only_controller,0.01691397692932508,0.01606276062574148,0.01600323425612302,0.0004663233804660913,True,,64.0,1.0,0,0.0032286240226870877,199.2014563106796,47.95656933438043,49.615647012462446,-0.601187809440686
F3,eval_50053_low,natural_conflict,0.018471270957218754,0.023268571899069074,0.03736786600932719,0.0038246013685756326,True,,60.0,0.9375,4,0.006952885320530622,45.569017163212436,86.34785469107553,187.83469275282448,0.6095261966520975
F3,eval_50053_low,full_matched_edit,0.018471270957218754,0.01830956299167929,0.01845564238972257,0.000508757973812489,True,,64.0,1.0,0,0.0038133463088367847,202.22815533980582,48.31410134975136,49.63768292682927,-0.6058402896681752
F3,eval_50053_low,top2_oracle_projection,0.018471270957218754,0.017352151755041186,0.01720639388624031,0.0004563558535595497,True,,64.0,1.0,0,0.004024471080320002,198.90996268656716,47.48031936412746,48.845398009950245,-0.6056965397428258
F3,eval_50053_low,fit_only_controller,0.018471270957218754,0.017404521574635824,0.0172202928858687,0.00044461268079600073,True,,64.0,1.0,0,0.004024471080320002,199.1452614973911,47.40115750705505,48.80807213930348,-0.6063124344936762
F3,eval_50055_high,natural_conflict,0.06639095284066318,0.04536040236764643,0.037496284805300324,0.00626863429335303,True,,64.0,1.0,0,0.015527779307306866,169.92668940255146,47.2179074147502,51.12276632302405,-0.5374540402715011
F3,eval_50055_high,full_matched_edit,0.06639095284066318,0.06574074341268887,0.06540507099612669,0.0013371738623477768,True,,64.0,1.0,0,0.013859419447854848,46.747482101686685,92.18508253264352,197.1275,0.6166274892256473
F3,eval_50055_high,top2_oracle_projection,0.06639095284066318,0.06518291136536716,0.06494451724649986,0.0013027085380688875,True,,64.0,1.0,0,0.01465277366644957,46.91019539981253,92.15209067774848,197.18622405215302,0.6156420851634488
F3,eval_50055_high,fit_only_controller,0.06639095284066318,0.06512093921971035,0.06493291632884715,0.001313886426095672,True,,64.0,1.0,0,0.014904681417440613,47.03746845272762,92.1856690702268,197.10328790828464,0.6146692657642677
F3,eval_50060_low,natural_conflict,0.005894401651397412,0.011021436803232872,0.035388424923771616,0.004714414694754175,True,,60.0,0.9375,4,0.00658498768734983,43.464763603925064,76.62332723424103,163.40825098269718,0.5797928145362264
F3,eval_50060_low,full_matched_edit,0.005894401651397412,0.00599909137900197,0.005827462507380897,0.0003850270529513635,True,,64.0,1.0,0,0.0015997019860199968,202.50845370589627,48.975704475491355,50.03883495145631,-0.6037270071875722
F3,eval_50060_low,top2_oracle_projection,0.005894401651397412,0.006585953240016987,0.0064637522528346834,0.00041361437535474547,True,,64.0,1.0,0,0.0020403443973291413,202.66152674662098,48.94350611531742,50.07134750060372,-0.6037607086158175
F3,eval_50060_low,fit_only_controller,0.005894401651397412,0.006613269066362074,0.006482536458779787,0.00044178233285625855,True,,64.0,1.0,0,0.002251773224107745,202.5158166714962,49.132108183079055,50.21116504854369,-0.6026449989090144
F3,eval_50064_low,natural_conflict,0.008894758105679055,0.014647958573770742,0.03564866365011128,0.00486100880641842,True,,60.0,0.9375,4,0.006184565066838954,42.62925490450825,78.9700894392845,171.6719137076796,0.602155646835011
F3,eval_50064_low,full_matched_edit,0.008894758105679055,0.008808001919380797,0.008957012184264023,0.00032876421302223353,True,,64.0,1.0,0,0.0024167771107819203,202.04368932038835,49.23849737914968,50.70673170258202,-0.5987604570757648
F3,eval_50064_low,top2_oracle_projection,0.008894758105679055,0.008961439354169435,0.009146585238482772,0.00034517527378774646,True,,64.0,1.0,0,0.0022329298389940355,202.51335485413676,49.15533391574452,50.60494805638199,-0.6001478559670027
F3,eval_50064_low,fit_only_controller,0.008894758105679055,0.008924574134197168,0.009179681868748036,0.00034474502120011077,True,,64.0,1.0,0,0.002347543486279524,202.29431683637225,49.31188118811881,50.83871484163342,-0.598324134115358
F3,eval_50067_low,natural_conflict,0.01709998591120215,0.022191077681429777,0.037234660298167264,0.0038799065900938217,True,,60.0,0.9375,4,0.007139107611548567,46.265276749732706,86.16956956956957,187.5327868852459,0.6042287431262433
F3,eval_50067_low,full_matched_edit,0.01709998591120215,0.0174002397507088,0.017244216659147958,0.0004597208934550103,True,,64.0,1.0,0,0.003556707768555656,201.20571456315395,48.67716507599859,50.250624924159695,-0.6003232606772659
F3,eval_50067_low,top2_oracle_projection,0.01709998591120215,0.01642039911722978,0.016150975728726476,0.0003914484404103632,True,,64.0,1.0,0,0.003575999589433887,198.22116041852883,48.107949629914444,49.725859677650774,-0.5988993160041834
F3,eval_50067_low,fit_only_controller,0.01709998591120215,0.016417763934842178,0.01614935348600117,0.0003900390181374367,True,,64.0,1.0,0,0.003684415685663023,198.34666309300457,48.12809125106176,49.72182956140978,-0.5991282163295293
F3,eval_50071_low,natural_conflict,0.005281390764774366,0.014975096701406112,0.036327500479839875,0.004250749179200596,True,,58.0,0.90625,6,0.006899132416519516,42.5720995508982,76.84852345107123,165.98224852071007,0.5917409543887224
F3,eval_50071_low,full_matched_edit,0.005281390764774366,0.005106947326264654,0.005218169884510853,0.0003143358598716554,True,,64.0,1.0,0,0.001331923061856033,200.86763433624915,47.96116976095134,49.30657022012881,-0.6058221085778039
F3,eval_50071_low,top2_oracle_projection,0.005281390764774366,0.006098314428990831,0.005980819216855384,0.0003802751729258981,True,,64.0,1.0,0,0.0019545401652381056,201.14937851782364,47.6609638836773,49.23491239454899,-0.6067252285265763
F3,eval_50071_low,fit_only_controller,0.005281390764774366,0.006173164746484207,0.006003402593189613,0.00039005676809863993,True,,64.0,1.0,0,0.0019545401652381056,201.5641250295998,47.94117647058823,49.46577910218206,-0.6058973191001613
F3,eval_50073_high,natural_conflict,0.06509883693868776,0.0444209330379673,0.03785231880254228,0.00658310765627231,True,,64.0,1.0,0,0.019671295500226504,166.67523352624633,46.84248356208906,50.567152219670874,-0.5344632950329171
F3,eval_50073_high,full_matched_edit,0.06509883693868776,0.06442657521191252,0.06439879283137534,0.0009454483132660847,True,,64.0,1.0,0,0.013570112246607535,46.65436976389947,91.72308056872038,197.1675245157828,0.6173077901660163
F3,eval_50073_high,top2_oracle_projection,0.06509883693868776,0.06445129365643308,0.06429713919717062,0.0009498891536525208,True,,64.0,1.0,0,0.013474251547433536,46.52085385878489,91.52747133895738,197.01686953581606,0.6179577175121401
F3,eval_50073_high,fit_only_controller,0.06509883693868776,0.06445725165002647,0.06429878271499344,0.0009117726218251599,True,,64.0,1.0,0,0.013224297014073572,46.64285714285714,91.58913612565445,196.90837378640776,0.6169770362901263
F3,eval_50076_high,natural_conflict,0.06567481243204965,0.044587682366255356,0.03769912187764517,0.006369176123177065,True,,64.0,1.0,0,0.0180903868597887,167.88925335832553,47.68993834647261,50.8983396651189,-0.5347237111414714
F3,eval_50076_high,full_matched_edit,0.06567481243204965,0.06416862523389415,0.06468970150557142,0.0008973438760179484,True,,64.0,1.0,0,0.01285805538452267,47.192233009708744,92.30148033307495,197.7474588489727,0.6146624285219016
F3,eval_50076_high,top2_oracle_projection,0.06567481243204965,0.06403740713203435,0.06434811137381931,0.000805370940624494,True,,64.0,1.0,0,0.011756740337771188,47.36676231468197,92.45311813790074,198.3838383838384,0.6145135582167676
F3,eval_50076_high,fit_only_controller,0.06567481243204965,0.06403973117559544,0.06434533652878566,0.0007925677193492547,True,,64.0,1.0,0,0.011824150900217822,47.33231707317073,92.31951219512194,198.46206488278477,0.6148624985118446
F3,eval_50081_low,natural_conflict,0.003831881469574032,0.010129783627780085,0.03367936503746581,0.004702900385058132,True,,62.0,0.96875,2,0.006358479383625326,41.88470588235295,72.96517319277109,159.03597756410255,0.5830722336407409
F3,eval_50081_low,full_matched_edit,0.003831881469574032,0.0033482514787849466,0.00375605094242442,0.00033732281901398275,True,,64.0,1.0,0,0.001025597552492763,201.99524364201125,49.34792755787902,49.8758052292535,-0.6039576167823392
F3,eval_50081_low,top2_oracle_projection,0.003831881469574032,0.004256800237012141,0.0047663380540407495,0.00035782350505510717,True,,64.0,1.0,0,0.0014120796053668228,203.046568627451,49.43872401778205,50.452006313070925,-0.6019543200595213
F3,eval_50081_low,fit_only_controller,0.003831881469574032,0.004180992130440734,0.004726205464350691,0.00031646217352574764,True,,64.0,1.0,0,0.0013679943620170665,202.95157646832644,49.36336379211879,50.43207258159538,-0.6019311208857087
F3,eval_50084_low,natural_conflict,0.005143582295106868,0.012903541264722379,0.03523167481442629,0.004624978238611519,True,,60.0,0.9375,4,0.006802404137352669,41.93704069134458,74.70937320711417,160.8883547807871,0.5864715008322807
F3,eval_50084_low,full_matched_edit,0.005143582295106868,0.004841505623425911,0.005151030176935748,0.00034335643879576205,True,,64.0,1.0,0,0.0016379359103118052,200.9517953363062,48.218178541391325,49.74802941459195,-0.6031267316279684
F3,eval_50084_low,top2_oracle_projection,0.005143582295106868,0.005682392076855489,0.005910530282398261,0.0004172417161927884,True,,64.0,1.0,0,0.0018503937007874338,201.10436893203882,48.269192313320005,49.84263167768866,-0.6027636787322742
F3,eval_50084_low,fit_only_controller,0.005143582295106868,0.005749129745712971,0.00593163659391192,0.00039377095107331927,True,,64.0,1.0,0,0.001841187761977503,201.11029411764707,48.42869845236951,49.97516095990635,-0.6019270734382388
F3,eval_50092_high,natural_conflict,0.06337247545209575,0.043884185637917184,0.037781597381121974,0.006664741978773162,True,,64.0,1.0,0,0.02033706415644443,168.30441542288557,47.14343137254902,50.553439959380555,-0.5380248986623569
F3,eval_50092_high,full_matched_edit,0.06337247545209575,0.06163654026135151,0.06232679695494223,0.001027771722780194,True,,64.0,1.0,0,0.012886330756792241,47.204499001254234,92.22660098522168,198.26108374384236,0.615388043624234
F3,eval_50092_high,top2_oracle_projection,0.06337247545209575,0.06229329183090501,0.06266060857035581,0.0010506403196518012,True,,64.0,1.0,0,0.01348874741231565,46.62862835063994,91.79268292682926,197.4459619378834,0.6179149308781384
F3,eval_50092_high,fit_only_controller,0.06337247545209575,0.062236531307741094,0.06267433892745713,0.001026983660443007,True,,64.0,1.0,0,0.013367382059107369,46.77759103641456,91.77941176470588,197.59939274217152,0.6171686030890948
F3,eval_50094_low,natural_conflict,0.013824462996421386,0.020151873612454994,0.03691880532709726,0.00413301503543224,True,,60.0,0.9375,4,0.0068500341566892775,46.094086021505376,84.3702612704918,182.369708994709,0.5964867342045657
F3,eval_50094_low,full_matched_edit,0.013824462996421386,0.013413309195374715,0.013471878505181212,0.00036202865473419695,True,,64.0,1.0,0,0.002660793638418979,202.9806052855925,48.61555129298096,49.965490196078434,-0.6049317140007061
F3,eval_50094_low,top2_oracle_projection,0.013824462996421386,0.012830513855130336,0.01281076564629708,0.00035568851026638763,True,,64.0,1.0,0,0.003285397290463621,201.94146341463414,48.342233009708735,49.63347472605161,-0.6054179713378613
F3,eval_50094_low,fit_only_controller,0.013824462996421386,0.012803359761538138,0.012887199866651962,0.0003867177231602699,True,,64.0,1.0,0,0.003285397290463621,201.94634146341463,48.35872358652199,49.73234583688548,-0.6047949361914327
F3,eval_50097_high,natural_conflict,0.06695300996135099,0.045494863408235754,0.03729228857190617,0.006039505213223396,True,,64.0,1.0,0,0.01459236473505976,167.2209536082474,47.4073924219345,50.834517947288546,-0.5337469169230004
F3,eval_50097_high,full_matched_edit,0.06695300996135099,0.06546640354810215,0.06554910567058159,0.0011866360042150704,True,,64.0,1.0,0,0.013803739926886327,46.85134165590472,91.51656238028349,196.67656878995973,0.615228155408331
F3,eval_50097_high,top2_oracle_projection,0.06695300996135099,0.06474026059689589,0.06494888888258343,0.0011498766993770628,True,,64.0,1.0,0,0.013498705331990601,46.752024510392886,91.966584539575,197.8489369304985,0.6177282032336494
F3,eval_50097_high,fit_only_controller,0.06695300996135099,0.06476474924327366,0.06491769418315343,0.0011483186410132964,True,,64.0,1.0,0,0.013498705331990601,46.89043079839899,91.64327852099592,197.7910926138538,0.6167227492744048
F3,eval_50101_high,natural_conflict,0.06469713758472403,0.043423260898606444,0.03766096640682368,0.006612534502553425,True,,64.0,1.0,0,0.02185274778796986,165.7659375,47.183357487922706,51.53415057298087,-0.5256867953438359
F3,eval_50101_high,full_matched_edit,0.06469713758472403,0.06437287523560906,0.0641610842160613,0.0011224782822146502,True,,64.0,1.0,0,0.012711611388135147,47.32070982933993,92.92747239412692,198.9893350985584,0.6157630530805814
F3,eval_50101_high,top2_oracle_projection,0.06469713758472403,0.06444838542117852,0.06406373949834022,0.0011826287299737024,True,,64.0,1.0,0,0.012890043978704857,47.107223008245114,92.53096409117352,199.31130399472107,0.6176649249455307
F3,eval_50101_high,fit_only_controller,0.06469713758472403,0.0644552712344891,0.06408447101036904,0.001201467457004275,True,,64.0,1.0,0,0.01307536857094993,47.19945536348567,92.5470662726889,198.92183002390595,0.6164536903893163
F3,eval_50106_high,natural_conflict,0.06452919097333171,0.04471388171772714,0.03771587918526315,0.006346640236164596,True,,64.0,1.0,0,0.0163302581580288,167.55284112872053,47.28782051282052,50.79070675517376,-0.5347633832332674
F3,eval_50106_high,full_matched_edit,0.06452919097333171,0.06381104156935426,0.06362382644199802,0.0009498638257247975,True,,64.0,1.0,0,0.01415062255937527,46.50869415299739,91.97447096315656,198.17856263238264,0.6198519304681944
F3,eval_50106_high,top2_oracle_projection,0.06452919097333171,0.0640620783462332,0.0636521167171367,0.0009308737121003171,True,,64.0,1.0,0,0.01415062255937527,46.208431372549015,92.03100288033517,198.02059278350515,0.6215975432713217
F3,eval_50106_high,fit_only_controller,0.06452919097333171,0.064093873890414,0.0636598229834007,0.0009554709976900772,True,,64.0,1.0,0,0.01415062255937527,46.27114427860697,92.02382822728464,198.05722326454034,0.6212380515296818
F3,eval_50110_low,natural_conflict,0.015194542695484623,0.020252063241660005,0.036970996437789685,0.004409356136585761,True,,60.0,0.9375,4,0.006649168853893217,44.532297767591885,84.76017076845807,183.57004504504505,0.6095410751289742
F3,eval_50110_low,full_matched_edit,0.015194542695484623,0.015228875812176992,0.015250176442313088,0.00037117092078978143,True,,64.0,1.0,0,0.003245497778124218,201.61876204754765,48.86669024045261,50.306763285024154,-0.6006219439763913
F3,eval_50110_low,top2_oracle_projection,0.015194542695484623,0.014435117828466399,0.014490403971930724,0.0003968422459541955,True,,64.0,1.0,0,0.0035256786931483486,199.19362365742694,48.322413123665314,49.79976550286608,-0.5999912634563396
F3,eval_50110_low,fit_only_controller,0.015194542695484623,0.014607576500577715,0.014530235350524778,0.0003892228225678544,True,,64.0,1.0,0,0.003812238022486092,199.2221511793123,48.29094930655189,49.95809066200738,-0.5990204496725591
F3,eval_50115_high,natural_conflict,0.06521975927623197,0.04403197680994884,0.03776330898091067,0.0065987228031862515,True,,64.0,1.0,0,0.02014021343778727,166.0368725068642,48.27072758037225,51.34178421654594,-0.5276281030490235
F3,eval_50115_high,full_matched_edit,0.06521975927623197,0.06333742159900893,0.06420900465881568,0.0009153174063932944,True,,64.0,1.0,0,0.012781205202964663,46.82718446601942,93.02711762585606,200.44898474107893,0.6212559858382383
F3,eval_50115_high,top2_oracle_projection,0.06521975927623197,0.06323304728588308,0.06406520532378919,0.0008444809117242093,True,,64.0,1.0,0,0.01292667200719022,46.76025983771868,92.83975515778178,200.56501412535312,0.621872370029593
F3,eval_50115_high,fit_only_controller,0.06521975927623197,0.06320785872408277,0.06405088859224926,0.0008655917731904752,True,,64.0,1.0,0,0.013074019872802434,46.77210365853659,92.95356066765508,200.64930590997244,0.6219235535024622
F3,eval_50118_low,natural_conflict,0.003650014233431919,0.014111050799501637,0.03476820619956144,0.003968234840573105,True,,60.0,0.9375,4,0.006140287509932896,42.7171732626139,74.24638947123223,159.21583901330737,0.5769173867990892
F3,eval_50118_low,full_matched_edit,0.003650014233431919,0.003160898961495424,0.003671733058273885,0.0003880920704873296,True,,64.0,1.0,0,0.0014895847746257962,201.69484311242437,48.357695950745914,49.67979518540089,-0.6047350240119194
F3,eval_50118_low,top2_oracle_projection,0.003650014233431919,0.004365448108019613,0.00467607147703423,0.0003770261267329227,True,,64.0,1.0,0,0.002350452462098973,203.33058576793638,48.74326780504137,50.4156802195917,-0.602629185313253
F3,eval_50118_low,fit_only_controller,0.003650014233431919,0.00426891555336097,0.004656485596713036,0.0003818324673281231,True,,64.0,1.0,0,0.002597715406750467,203.15441176470588,48.76470588235294,50.564732890143,-0.6014117660775666
F3,eval_50120_high,natural_conflict,0.06538017222884851,0.044658069523991976,0.03781618993633296,0.00659608342133315,True,,64.0,1.0,0,0.01915266664541415,166.6336925808307,48.35246305418719,51.76108374384236,-0.5259860641822967
F3,eval_50120_high,full_matched_edit,0.06538017222884851,0.0648249019546412,0.06455523200219006,0.0010021725046779313,True,,64.0,1.0,0,0.012755588011176044,46.98972699127498,92.8389423076923,198.4559223586501,0.6171068656891666
F3,eval_50120_high,top2_oracle_projection,0.06538017222884851,0.06474467072752452,0.06439066491549002,0.001088149926433733,True,,64.0,1.0,0,0.012593523432660847,46.82174057939965,92.98711810305517,198.59666871826434,0.6184333464356324
F3,eval_50120_high,fit_only_controller,0.06538017222884851,0.06483728953161601,0.06437798122863368,0.0010859452082049152,True,,64.0,1.0,0,0.012616941919214142,46.72559701492537,92.89609716785631,199.11203083533428,0.6198661903507597
F3,eval_50122_high,natural_conflict,0.06572112249168846,0.0454832122948473,0.03774859009008986,0.0062261268816891455,True,,64.0,1.0,0,0.01564361745866094,164.09840714840715,47.018593014128726,50.892681744409074,-0.5265600820340803
F3,eval_50122_high,full_matched_edit,0.06572112249168846,0.06536931305872862,0.06496736317931452,0.0013542623609256587,True,,64.0,1.0,0,0.014545928173729017,47.35096153846154,91.56041656702855,197.27090176171993,0.612864026954481
F3,eval_50122_high,top2_oracle_projection,0.06572112249168846,0.06513715320917632,0.06464074905174072,0.0014241315272101151,True,,64.0,1.0,0,0.014386740597215786,47.168675678186545,91.96821005629974,197.50519316637545,0.6144363441757447
F3,eval_50122_high,fit_only_controller,0.06572112249168846,0.0652452894302111,0.06468169160112816,0.0013860061966538349,True,,64.0,1.0,0,0.014085779341684868,47.25548188491594,91.81707955546037,197.48481932039832,0.6138316276298662
F3,eval_50142_low,natural_conflict,0.003419693060143414,0.014618796304525849,0.03538865277285088,0.0040416020226927765,True,,59.0,0.921875,4,0.006258046998852573,42.79651162790697,70.6625,150.63975155279502,0.5575130440983745
F3,eval_50142_low,full_matched_edit,0.003419693060143414,0.0032003609281189703,0.003574728452379251,0.00028842957347857885,True,,64.0,1.0,0,0.0016692960397214351,201.234477124183,48.20990099009901,49.66984566103669,-0.6040734164348727
F3,eval_50142_low,top2_oracle_projection,0.003419693060143414,0.00399703217069193,0.004547754505103463,0.00030486167037087027,True,,64.0,1.0,0,0.001229114653351182,201.9853179135732,48.4238921464962,50.178260557654596,-0.602018175171318
F3,eval_50142_low,fit_only_controller,0.003419693060143414,0.0039332932624683865,0.0045103827151809495,0.00029529178033696674,True,,64.0,1.0,0,0.0012351397251814111,202.07845516847516,48.29690977977741,49.933203440923464,-0.603723068079823
F3,eval_50143_high,natural_conflict,0.06531368708892389,0.04495694817064788,0.03815688240390061,0.006883044880078306,True,,64.0,1.0,0,0.02118581624097915,169.19949494949495,47.88821892393321,51.42028985507247,-0.5338560419626681
F3,eval_50143_high,full_matched_edit,0.06531368708892389,0.06445965310186849,0.06462791033548752,0.0010819003405635613,True,,64.0,1.0,0,0.01187565273254454,46.98317546767701,92.7584541062802,198.85881476497167,0.617777455973119
F3,eval_50143_high,top2_oracle_projection,0.06531368708892389,0.06452304412049605,0.06450137224645108,0.0010750770853296975,True,,64.0,1.0,0,0.01189951996132066,47.191293223014014,92.6556311881188,198.15700483091788,0.6153118354818109
F3,eval_50143_high,fit_only_controller,0.06531368708892389,0.06451949608456947,0.06449465992502061,0.0010739170339780658,True,,64.0,1.0,0,0.01198240433761577,47.14809716990244,92.66123708381171,198.59955995599557,0.6162885317295336
F3,eval_50146_low,natural_conflict,0.00593522170707521,0.011101957571796092,0.035670717631890364,0.005632181034680551,True,,59.0,0.921875,5,0.005623074289626828,43.10227272727273,73.45251396648045,157.8284023668639,0.5709736932195201
F3,eval_50146_low,full_matched_edit,0.00593522170707521,0.0061282772818708016,0.005875516560490734,0.00031572579014283044,True,,64.0,1.0,0,0.0022608560068606565,201.17653956193425,48.29449443523561,49.936272978493335,-0.6022801666445897
F3,eval_50146_low,top2_oracle_projection,0.00593522170707521,0.006825465689463527,0.006536188534712941,0.00040901636532593926,True,,64.0,1.0,0,0.0017520938562243238,202.21512434241987,48.48774509803921,50.34313725490196,-0.6013344648755208
F3,eval_50146_low,fit_only_controller,0.00593522170707521,0.006822522795918303,0.006566219139260211,0.0004265540188747285,True,,64.0,1.0,0,0.001841155753829371,201.82766990291262,48.52698505144632,50.43446601941748,-0.6001424008005211
F3,eval_50153_low,natural_conflict,0.004825156577535588,0.01418498462368885,0.035508962254968114,0.004084286399557685,True,,59.0,0.921875,5,0.006165050869655575,42.68604651162791,74.48214285714286,159.75641025641025,0.5782895822042058
F3,eval_50153_low,full_matched_edit,0.004825156577535588,0.005155047133972829,0.004873538362207247,0.00038913118002483773,True,,64.0,1.0,0,0.0016607049434211874,201.75407766990293,48.33503515232675,49.59161091096243,-0.6053911949636833
F3,eval_50153_low,top2_oracle_projection,0.004825156577535588,0.005929343834420613,0.00562349279325293,0.00046789186605137223,True,,64.0,1.0,0,0.001993031804087275,201.89523650102825,48.622815533980585,49.88152953226357,-0.6037638395461147
F3,eval_50153_low,fit_only_controller,0.004825156577535588,0.005933858535682106,0.005626643270159826,0.0004823542633192987,True,,64.0,1.0,0,0.0023483192131646957,201.68922330097087,48.75371920883388,50.07828907845729,-0.6021862502816748
F3,eval_50156_low,natural_conflict,0.00783312111183486,0.013138864193130971,0.035340086842311005,0.0051673569473115934,True,,60.0,0.9375,4,0.006293422880963462,42.80990116801438,76.28477176831608,162.9321041461381,0.5838487031109939
F3,eval_50156_low,full_matched_edit,0.00783312111183486,0.007921375625512947,0.007940650396839466,0.0003789542871700408,True,,64.0,1.0,0,0.0021464362912964052,202.61274509803923,48.90037887757518,49.947896655337175,-0.6044680888630999
F3,eval_50156_low,top2_oracle_projection,0.00783312111183486,0.008153798423737616,0.008228779936344396,0.00037741587475408756,True,,64.0,1.0,0,0.002689511983930415,202.09240733787482,48.91532178217822,49.99018436326391,-0.6033824943966698
F3,eval_50156_low,fit_only_controller,0.00783312111183486,0.008246361794891037,0.008261134437009527,0.00035475780012513605,True,,64.0,1.0,0,0.0021093953325289627,202.38747572815532,48.97317073170731,50.180193142466955,-0.6026396144300478
F3,eval_50161_low,natural_conflict,0.014120502819669076,0.01963481290432248,0.03686033020715344,0.0044920094990671695,True,,60.0,0.9375,4,0.006988488141109972,44.87347867186577,83.17142556896655,180.00604702560008,0.600910945247767
F3,eval_50161_low,full_matched_edit,0.014120502819669076,0.014439323653692432,0.014154686533750294,0.0004399245999714081,True,,64.0,1.0,0,0.00345128306253506,200.725291361288,49.30179028132992,50.3007412721186,-0.5992388459122316
F3,eval_50161_low,top2_oracle_projection,0.014120502819669076,0.013576429674956328,0.013415898736673893,0.0003947909226638031,True,,64.0,1.0,0,0.0028691955978169537,199.54177718832892,49.181651892500355,50.20668920550592,-0.5979419619231297
F3,eval_50161_low,fit_only_controller,0.014120502819669076,0.01364071292385319,0.013442708834308958,0.00039516882332635224,True,,64.0,1.0,0,0.0028691955978169537,199.86169003410384,49.148628066918924,50.23584882878532,-0.5982699465401266
F3,eval_50163_high,natural_conflict,0.06480414029130344,0.044222422565086086,0.03791661135305878,0.006851593905368556,True,,64.0,1.0,0,0.01698605186626634,168.28969474236857,48.66790419760494,51.93653930610452,-0.5283346733825249
F3,eval_50163_high,full_matched_edit,0.06480414029130344,0.06414197594275904,0.06394369566986245,0.001322665781764816,True,,64.0,1.0,0,0.013671368002076578,47.44489398630266,92.92361111111111,199.12996376811594,0.6151684367304253
F3,eval_50163_high,top2_oracle_projection,0.06480414029130344,0.06415784426051002,0.06390431489170807,0.0013614317781069616,True,,64.0,1.0,0,0.013894379862100736,47.230910633484164,92.96714311398777,198.96907241521617,0.6163207645376497
F3,eval_50163_high,fit_only_controller,0.06480414029130344,0.06420257975246363,0.06394018604964087,0.0013639395725153363,True,,64.0,1.0,0,0.013638679780412,47.199236425339365,92.63752647485781,199.02891651031894,0.6166219348794508
F3,eval_50169_high,natural_conflict,0.06461911179078858,0.04354035044134497,0.037654630378673545,0.006715321237221511,True,,64.0,1.0,0,0.02141834656254138,168.09439505218398,47.681021418468376,51.302564102564105,-0.5323311289252743
F3,eval_50169_high,full_matched_edit,0.06461911179078858,0.0632775289671429,0.06350650633602592,0.0008878513600860745,True,,64.0,1.0,0,0.011932806267578533,46.65533980582524,91.8528789772181,197.21842520072903,0.6173812316009338
F3,eval_50169_high,top2_oracle_projection,0.06461911179078858,0.06336562638550372,0.06352118435253787,0.00089015698878352,True,,64.0,1.0,0,0.011932806267578533,46.22222222222223,91.58748938235651,197.02138613861388,0.6199511877520344
F3,eval_50169_high,fit_only_controller,0.06461911179078858,0.06340403767354315,0.0635296921969414,0.0008763328207235427,True,,64.0,1.0,0,0.011932806267578533,46.27078127602865,91.59029370151728,196.9752719114276,0.6195557488419298
F3,eval_50178_low,natural_conflict,0.017229663400812972,0.022381960370855842,0.03719461007410519,0.003908771469851969,True,,60.0,0.9375,4,0.0073646679636943935,46.70887005180199,87.1205810088163,187.5274028038734,0.6011815806121373
F3,eval_50178_low,full_matched_edit,0.017229663400812972,0.01713271027321599,0.017318408525339404,0.0004377186195368935,True,,64.0,1.0,0,0.00365954030740534,200.4199328906975,48.38441865972058,49.67059299447935,-0.6027790911417034
F3,eval_50178_low,top2_oracle_projection,0.017229663400812972,0.01619866643267293,0.01623580866097725,0.00037189352485006216,True,,64.0,1.0,0,0.003465105213505071,198.12039800995024,47.71116504854369,49.04702970297029,-0.6031270774081314
F3,eval_50178_low,fit_only_controller,0.017229663400812972,0.0161468731398035,0.016230448656349754,0.00038388572007337716,True,,64.0,1.0,0,0.003465105213505071,198.06074273808065,47.758130470132485,49.09334250941756,-0.6027308837702912
F3,eval_50185_high,natural_conflict,0.06144111729752216,0.0424325459093662,0.03809963637098058,0.0067312581324037064,True,,64.0,1.0,0,0.015452260103755888,169.76265847001505,47.34720735785953,51.41103015075377,-0.5351071777899861
F3,eval_50185_high,full_matched_edit,0.06144111729752216,0.060056102914244625,0.06041230189689534,0.000847816447581988,True,,64.0,1.0,0,0.01060790509738918,46.54813929668829,92.65853001004828,199.02669516082295,0.6209046468501864
F3,eval_50185_high,top2_oracle_projection,0.06144111729752216,0.06092223591283298,0.061207945315683965,0.0008170767414650778,True,,64.0,1.0,0,0.012107194233677565,45.98280668028355,92.59994435591977,199.41234635802766,0.6252345972529865
F3,eval_50185_high,fit_only_controller,0.06144111729752216,0.06090326208546517,0.06122180440812699,0.0008047036399466148,True,,64.0,1.0,0,0.012107194233677565,46.01944497334348,92.54480534709194,199.814332168511,0.6256051913745848
F3,eval_50187_high,natural_conflict,0.06458603172283665,0.04405327682922396,0.03808419952108802,0.006665384378936255,True,,64.0,1.0,0,0.02232588658975776,167.92883689279734,47.548285024154595,51.188611111111115,-0.5327746687685198
F3,eval_50187_high,full_matched_edit,0.06458603172283665,0.0633525819610931,0.06347916146199216,0.0008442308291577356,True,,64.0,1.0,0,0.012095258427624711,47.242549128009244,93.07371051869023,199.8373786407767,0.6175929825249221
F3,eval_50187_high,top2_oracle_projection,0.06458603172283665,0.0634029324417649,0.06352298443939144,0.0008638413189805394,True,,64.0,1.0,0,0.01273879226635144,47.14935944813993,92.8847386292984,199.31629220233089,0.6173961026017057
F3,eval_50187_high,fit_only_controller,0.06458603172283665,0.06327623516632819,0.0635022033512284,0.0008864790683683323,True,,64.0,1.0,0,0.012598848076321278,46.90974205216067,92.86133080748283,199.20344827586206,0.6187953844355999
F3,eval_50194_low,natural_conflict,0.015808136250662082,0.02228353228838683,0.03738926966996558,0.0044951100720780676,True,,60.0,0.9375,4,0.006500864221240521,47.123684210526314,86.17773224043717,185.84589871716196,0.5954520446975828
F3,eval_50194_low,full_matched_edit,0.015808136250662082,0.015490882645139894,0.015808685397416783,0.00043822648146284523,True,,64.0,1.0,0,0.003457015456061585,201.01392156862744,48.41769293924466,49.96081455971684,-0.6018657867286848
F3,eval_50194_low,top2_oracle_projection,0.015808136250662082,0.014798338661716783,0.014960900871070482,0.00047618754256706196,True,,64.0,1.0,0,0.0034161867826223435,198.93405162206963,47.61993902439024,49.334351605892294,-0.6025724501027752
F3,eval_50194_low,fit_only_controller,0.015808136250662082,0.014776567063486654,0.015011838011969208,0.0004953444553606909,True,,64.0,1.0,0,0.0034161867826223435,198.72983696240925,47.68497536945813,49.31301114352671,-0.6023831243667543
F3,eval_50195_high,natural_conflict,0.06620475074383063,0.04442839757113039,0.037751755189712806,0.006505428326359367,True,,64.0,1.0,0,0.01681553052481255,164.25884420148378,46.98125730123462,50.80842118963946,-0.5275113476963676
F3,eval_50195_high,full_matched_edit,0.06620475074383063,0.06556158108362078,0.06509036682256,0.0011232673926997194,True,,64.0,1.0,0,0.013397590343187549,46.32843137254902,90.99764466762315,197.1871921182266,0.6195034165903999
F3,eval_50195_high,top2_oracle_projection,0.06620475074383063,0.06513884549056316,0.06469102225260902,0.001133271182340333,True,,64.0,1.0,0,0.013558671019781032,46.34909862142099,91.38378240326907,197.787850660066,0.6203024674648381
F3,eval_50195_high,fit_only_controller,0.06620475074383063,0.0652216767251747,0.06470199433811052,0.0011332078572056266,True,,64.0,1.0,0,0.013722192492928609,46.36977834612105,91.40441176470588,197.80008892276425,0.6201842687242163
F3,eval_50199_high,natural_conflict,0.06359471908698018,0.04356648138493893,0.037849460764972455,0.006585385326372986,True,,64.0,1.0,0,0.01802219784106318,167.50731523378585,47.73488468985124,51.65143069490895,-0.5286391106498258
F3,eval_50199_high,full_matched_edit,0.06359471908698018,0.06234887118396084,0.06274458136869493,0.0008339959083374171,True,,64.0,1.0,0,0.013016625324030917,47.19061098448643,92.86877493719521,199.8514583333333,0.6179548599572651
F3,eval_50199_high,top2_oracle_projection,0.06359471908698018,0.06317014396654093,0.06307201726148881,0.0008320462568899029,True,,64.0,1.0,0,0.01272079898802947,46.84349739321758,92.45290524586798,198.9327369807919,0.6188118227742566
F3,eval_50199_high,fit_only_controller,0.06359471908698018,0.06314131426057888,0.0630797383644677,0.0008361390050055413,True,,64.0,1.0,0,0.013103477916881157,46.83985587028326,92.45517676767676,199.03205507117877,0.6189897764984196
F3,eval_50204_low,natural_conflict,0.010085546178167065,0.015199802263388539,0.036078761587607665,0.005282829169254501,True,,60.0,0.9375,4,0.0066445641663213095,43.15625,79.19025126919864,174.3591736694678,0.6031890587622908
F3,eval_50204_low,full_matched_edit,0.010085546178167065,0.00994266851430491,0.009997697226308193,0.0003333390082547061,True,,64.0,1.0,0,0.0022223161373999822,201.73385394681299,49.07073170731707,50.28789222205803,-0.6009241822460658
F3,eval_50204_low,top2_oracle_projection,0.010085546178167065,0.009751147737091036,0.009913930836694505,0.00029917261244912375,True,,64.0,1.0,0,0.0020643109266514914,202.11060975609757,49.1484016102297,50.381067961165044,-0.6009288827524722
F3,eval_50204_low,fit_only_controller,0.010085546178167065,0.010004523945077002,0.01001261643205838,0.0002910910636101435,True,,64.0,1.0,0,0.0022223161373999822,201.9109886358094,49.45791150876333,50.62366684202975,-0.5990754873128892
F3,eval_50209_low,natural_conflict,0.013602031671591956,0.01827644083269033,0.03674233060569608,0.005015177823698736,True,,60.0,0.9375,4,0.00680558576586765,44.376795580110496,83.49478111377172,182.57746194470332,0.6089362141597285
F3,eval_50209_low,full_matched_edit,0.013602031671591956,0.01411259331130328,0.013620241180860084,0.0003732874310223326,True,,64.0,1.0,0,0.0027790643816580918,201.15473775717186,48.52669902912621,50.15302165642376,-0.6008637236394794
F3,eval_50209_low,top2_oracle_projection,0.013602031671591956,0.013207882964882529,0.012918921658451758,0.0003474654454617602,True,,64.0,1.0,0,0.002994760513249317,200.07598039215685,48.39642787808192,49.842562183047576,-0.6011295386931967
F3,eval_50209_low,fit_only_controller,0.013602031671591956,0.01334515575145865,0.012999936579749016,0.00035463849315745156,True,,64.0,1.0,0,0.002833713199944299,200.1697014925373,48.59953636627064,50.03951797824072,-0.600018591768277
F3,eval_50216_high,natural_conflict,0.06462940503869435,0.04470961453760514,0.03784506451177408,0.006272277641148597,True,,64.0,1.0,0,0.016442797591477376,167.82639816249133,47.416083542545806,51.46379942505982,-0.5306329239407679
F3,eval_50216_high,full_matched_edit,0.06462940503869435,0.0637744599221689,0.06357593732377913,0.0009646116336656901,True,,64.0,1.0,0,0.01317649059049808,46.7638565327121,93.20792588780236,199.7012741172188,0.6205235490359576
F3,eval_50216_high,top2_oracle_projection,0.06462940503869435,0.06367240313151816,0.06354846972889354,0.0010107784146966966,True,,64.0,1.0,0,0.012892792904413808,46.59448200917653,92.8236728976477,199.24271844660194,0.6209322110503098
F3,eval_50216_high,fit_only_controller,0.06462940503869435,0.06372505717633709,0.0635773447650464,0.00099416196587733,True,,64.0,1.0,0,0.012587129357971127,46.532247987504505,92.81267575167641,199.33112684729065,0.6214788150632718
F3,eval_50224_low,natural_conflict,0.016963296439720825,0.025449975899407895,0.03817235254691204,0.002943555358878616,True,,58.0,0.90625,4,0.006843129609826137,46.65444400159426,86.06617993405558,185.6088925306193,0.5982625178974483
F3,eval_50224_low,full_matched_edit,0.016963296439720825,0.017387598807205914,0.017034999552669516,0.00034885133474870153,True,,64.0,1.0,0,0.0034692445622515056,202.148185631371,48.63663620788121,50.17538849622808,-0.6022932960607567
F3,eval_50224_low,top2_oracle_projection,0.016963296439720825,0.01642414956468919,0.016064458671898672,0.0003620084825384621,True,,64.0,1.0,0,0.0031144460004775,199.73267326732673,48.1440665805711,49.73404964184574,-0.6012770836777814
F3,eval_50224_low,fit_only_controller,0.016963296439720825,0.016364352753599563,0.01604311654569698,0.0003591581727112548,True,,64.0,1.0,0,0.0031184220784282735,199.8964446062371,48.0640666505675,49.62962737160416,-0.6022088835990514
F3,eval_50230_high,natural_conflict,0.06619606505783483,0.044534426233528185,0.037840267691287954,0.006722965722554471,True,,64.0,1.0,0,0.020707714969582458,166.2493065368713,47.009420478170476,50.75145870199435,-0.5322462697665654
F3,eval_50230_high,full_matched_edit,0.06619606505783483,0.06467149436508446,0.06505171690937667,0.0007698118338302424,True,,64.0,1.0,0,0.011784654177168896,47.03045685279188,91.86452890924849,197.27724662973924,0.6149899804026848
F3,eval_50230_high,top2_oracle_projection,0.06619606505783483,0.06447020154486931,0.06466651031448188,0.0008442774824946116,True,,64.0,1.0,0,0.01248986322194745,47.206929373691224,91.79368932038835,197.3661305124861,0.6139646010426388
F3,eval_50230_high,fit_only_controller,0.06619606505783483,0.06450017471424421,0.06467057247421434,0.0008159024972118367,True,,64.0,1.0,0,0.01216778919061079,47.184330628803245,91.73058252427185,197.29337535622858,0.6139989089091631
F3,eval_50241_high,natural_conflict,0.06633662740069313,0.044316352371611106,0.03776403659279106,0.006779152777365859,True,,64.0,1.0,0,0.021103169796083288,168.32765107589228,48.82070707070707,51.74152204502815,-0.5297703780020273
F3,eval_50241_high,full_matched_edit,0.06633662740069313,0.06615516945396385,0.06558099786077835,0.0009298832942318923,True,,64.0,1.0,0,0.014195559888256382,47.04432367149758,92.36859559742382,198.370559114735,0.6166139303582855
F3,eval_50241_high,top2_oracle_projection,0.06633662740069313,0.06560546530248149,0.06506805072666524,0.0009226021209038323,True,,64.0,1.0,0,0.014134850889133133,47.02880338610168,92.5392156862745,198.97997307731384,0.617665645411673
F3,eval_50241_high,fit_only_controller,0.06633662740069313,0.06556939082649474,0.06505603453794183,0.0009235983392814346,True,,64.0,1.0,0,0.013358650652756321,47.04683460956933,92.4707072149248,198.7733935158222,0.6172256858734074
F3,eval_50246_low,natural_conflict,0.013294381761817999,0.018857721075964683,0.03721046514127932,0.004648034817696728,True,,58.0,0.90625,4,0.005674318643130505,45.520570359981306,84.95767195767195,182.64518132141083,0.6009868262477362
F3,eval_50246_low,full_matched_edit,0.013294381761817999,0.013550119173398774,0.013223833364006302,0.00038139072604370574,True,,64.0,1.0,0,0.0028703308638144964,201.6593896431575,48.4216344208848,49.39325042260323,-0.606510806580919
F3,eval_50246_low,top2_oracle_projection,0.013294381761817999,0.012929685643202404,0.012633835809633408,0.0004122248456805949,True,,64.0,1.0,0,0.002381910331261894,199.70896700143473,47.81683168316832,48.948141735355804,-0.606300081393057
F3,eval_50246_low,fit_only_controller,0.013294381761817999,0.012968829630343931,0.012702884166260989,0.0003971678323418937,True,,64.0,1.0,0,0.003071605241316,199.8468029068917,47.96362603012219,49.25667240637107,-0.604528420613738
F3,eval_50247_high,natural_conflict,0.06410924285595125,0.0439459129618981,0.037978947086469685,0.006493191886487602,True,,64.0,1.0,0,0.019339215763858664,163.0709210526316,47.29576365663322,51.227724358974356,-0.5219034235089922
F3,eval_50247_high,full_matched_edit,0.06410924285595125,0.06309761880103884,0.06312330215926133,0.0010428696379257843,True,,64.0,1.0,0,0.012157334499854122,47.1740810510554,92.85502633889377,199.78687841580276,0.6179632509292514
F3,eval_50247_high,top2_oracle_projection,0.06410924285595125,0.06346902334309058,0.06329394192899605,0.0009774655260757958,True,,64.0,1.0,0,0.011507315425599018,47.00973206776403,92.54884995313289,199.25928329367656,0.6182245501020925
F3,eval_50247_high,fit_only_controller,0.06410924285595125,0.06353621499740604,0.06330085003864218,0.0009913623577828652,True,,64.0,1.0,0,0.011810912227771864,46.967950104549715,92.40178697059238,199.36939263510283,0.6186696699558929
F3,eval_50257_low,natural_conflict,0.016179008259124644,0.02153389677520779,0.03759298154504137,0.0043888864587637785,True,,60.0,0.9375,4,0.0083447244847622,46.40384068278805,85.53933143669985,184.12813545150502,0.5974194863470352
F3,eval_50257_low,full_matched_edit,0.016179008259124644,0.016125292667880667,0.01626038175248075,0.00035720454349763846,True,,64.0,1.0,0,0.0034793794340063355,200.67676446329682,48.07575322812052,49.4405198019802,-0.6046613096155052
F3,eval_50257_low,top2_oracle_projection,0.016179008259124644,0.01544603837162375,0.015379392743124875,0.0003565968600424798,True,,64.0,1.0,0,0.003154675902562243,198.86721373632327,47.36483412085302,48.7925767451117,-0.6059709438479106
F3,eval_50257_low,fit_only_controller,0.016179008259124644,0.015410515509564762,0.015368060712398962,0.0003741695788051524,True,,64.0,1.0,0,0.003154675902562243,198.77941176470588,47.43884497145366,48.88394817742643,-0.6052387548255123
F3,eval_50261_high,natural_conflict,0.06645886878199246,0.04466946726420603,0.037543541206169186,0.006640048334487182,True,,64.0,1.0,0,0.019136323290280588,168.98260204081635,47.513733717129334,50.89611858729506,-0.5370528040011865
F3,eval_50261_high,full_matched_edit,0.06645886878199246,0.06461326900628603,0.06543195992663335,0.0007969199113967538,True,,64.0,1.0,0,0.0135262274201019,46.918548505096815,91.69499539806719,197.23920289855073,0.6156702112845868
F3,eval_50261_high,top2_oracle_projection,0.06645886878199246,0.06421658890044382,0.06499163884578503,0.000774225468250736,True,,64.0,1.0,0,0.011600436883754672,47.16392604979562,91.98655120220342,197.56619309392923,0.614563779768378
F3,eval_50261_high,fit_only_controller,0.06645886878199246,0.06428650726883206,0.0649929925475978,0.0007442072064752016,True,,64.0,1.0,0,0.011600436883754672,46.908176328502414,91.96054328856513,197.55657885343044,0.616237716609961
F3,eval_50276_high,natural_conflict,0.06560982400699188,0.044051863476901876,0.03790787315247278,0.006824107733400375,True,,64.0,1.0,0,0.02166539491841879,166.88761780104713,47.47599254518257,51.34187581006245,-0.5294689552682075
F3,eval_50276_high,full_matched_edit,0.06560982400699188,0.06509427415331882,0.06464057247639529,0.000964138333124289,True,,64.0,1.0,0,0.012205024257725627,47.67117729831145,92.9126213592233,198.23767405512928,0.6122857958472202
F3,eval_50276_high,top2_oracle_projection,0.06560982400699188,0.06516323248816266,0.06441547312348779,0.0009692312459453232,True,,64.0,1.0,0,0.012497598850605973,47.68038553538764,92.72799471344467,197.55964394516374,0.611153320798559
F3,eval_50276_high,fit_only_controller,0.06560982400699188,0.06513890169156637,0.06442291617674514,0.0009161240586800318,True,,64.0,1.0,0,0.012592666754352111,47.58495145631068,92.69296116504854,197.40603995519044,0.61153713300107
F3,eval_50281_low,natural_conflict,0.01366498664374326,0.01868059228813875,0.03684953469482568,0.004770231561944705,True,,60.0,0.9375,4,0.006680861320906395,44.92355272639923,83.5524861878453,181.00769581056466,0.6023254594722453
F3,eval_50281_low,full_matched_edit,0.01366498664374326,0.013476635222840021,0.013475279857969943,0.00032083038447603323,True,,64.0,1.0,0,0.0030133263707451396,200.98536585365855,48.51475535903105,50.48898887913374,-0.5984561612035404
F3,eval_50281_low,top2_oracle_projection,0.01366498664374326,0.012907563201832449,0.012850106305763971,0.0004006571413302855,True,,64.0,1.0,0,0.0028295982990125257,199.7584756097561,48.42055236728838,50.37532923617208,-0.5972129455496713
F3,eval_50281_low,fit_only_controller,0.01366498664374326,0.013083770309329836,0.012918088622779968,0.00039864374629101977,True,,64.0,1.0,0,0.0028225617837374095,199.78587666950838,48.43882067390063,50.42338022165388,-0.5969503219172448
F3,eval_50282_high,natural_conflict,0.06640661819273552,0.04546000765234416,0.03776815427746962,0.006426381144043584,True,,64.0,1.0,0,0.020131045786728197,168.16379734988425,47.495252165568104,51.83816425120773,-0.5287481632077349
F3,eval_50282_high,full_matched_edit,0.06640661819273552,0.06486951553323606,0.0651529721136759,0.0009859095029295163,True,,64.0,1.0,0,0.013373299883155387,47.71070527454043,92.92323170731707,198.40189250035178,0.6122855497370394
F3,eval_50282_high,top2_oracle_projection,0.06640661819273552,0.06444887257999278,0.06473559448959798,0.0009111712752558168,True,,64.0,1.0,0,0.013055456951077793,47.9247572815534,93.46385226080213,199.5470297029703,0.6126850832935488
F3,eval_50282_high,fit_only_controller,0.06640661819273552,0.06448777710109432,0.06473764217856226,0.0009400330285525244,True,,64.0,1.0,0,0.013055456951077793,47.78893601979498,93.32594127397584,199.5272277227723,0.6135397274758067
F3,eval_50288_low,natural_conflict,0.003063736618096823,0.015021985920547414,0.03580754004022446,0.004240002731826412,True,,58.0,0.90625,6,0.006903201139266457,41.98369058713887,72.85502907971262,153.65986183502935,0.5708144728782586
F3,eval_50288_low,full_matched_edit,0.003063736618096823,0.0028863782140591513,0.003431101499564021,0.00034982998677495245,True,,64.0,1.0,0,0.0015481569311002197,200.0394151077433,48.1220197044335,49.70686085528664,-0.6019411247385722
F3,eval_50288_low,top2_oracle_projection,0.003063736618096823,0.003771679434390383,0.00432158967865641,0.00036581663810693294,True,,64.0,1.0,0,0.0014262527313412265,202.23886350656767,48.732215299913065,50.427505433470174,-0.6008372175132037
F3,eval_50288_low,fit_only_controller,0.003063736618096823,0.003676144081359926,0.004270098303048719,0.00040122974852118255,True,,64.0,1.0,0,0.0019350990217131825,202.16232010045397,48.525717533390164,50.20344827586207,-0.6021374166642018
F3,eval_50292_low,natural_conflict,0.003732307664588469,0.014286287997302683,0.035494471130400156,0.004273663642305609,True,,59.0,0.921875,5,0.005950339798856508,42.63529411764706,71.58227848101266,155.40540540540542,0.5694289686884845
F3,eval_50292_low,full_matched_edit,0.003732307664588469,0.0035144074736050517,0.0037388091712650547,0.00035830165486396394,True,,64.0,1.0,0,0.0012474378098117356,200.99826613096093,48.676521430262845,49.960199004975124,-0.6018448791682431
F3,eval_50292_low,top2_oracle_projection,0.003732307664588469,0.004486147728536042,0.0047240243675344545,0.00033753705732490085,True,,64.0,1.0,0,0.002215803426581786,201.419716448396,49.169117647058826,50.71874701099952,-0.5976913136129459
F3,eval_50292_low,fit_only_controller,0.003732307664588469,0.004378515875284296,0.004687768341292991,0.00032434161966294435,True,,64.0,1.0,0,0.0019336841688759598,201.2914103923648,48.98039215686275,50.556097560975616,-0.5985181829129522
F3,eval_50298_low,natural_conflict,0.01522716962311263,0.020953953894182985,0.03731455567299647,0.004538819128104862,True,,59.0,0.921875,4,0.006324490337584088,45.883597883597886,85.44680851063829,186.3641304347826,0.6048736561100142
F3,eval_50298_low,full_matched_edit,0.01522716962311263,0.01510219975267971,0.015357613855287857,0.00042600609621341846,True,,64.0,1.0,0,0.0029431582246248755,203.38515710937872,48.81666985508633,50.04962809713807,-0.6050295301305672
F3,eval_50298_low,top2_oracle_projection,0.01522716962311263,0.014303904607441527,0.014606756975007804,0.00037706342252342507,True,,64.0,1.0,0,0.0031285569501832144,201.05623581123507,48.400784313725495,49.5193825851302,-0.6047549805360568
F3,eval_50298_low,fit_only_controller,0.01522716962311263,0.014281802069106724,0.01465314419876932,0.0003568742200074974,True,,64.0,1.0,0,0.0029431582246248755,201.234838891234,48.58960396039604,49.80684698904673,-0.6031985937761793
F3,eval_50301_high,natural_conflict,0.06688255651277687,0.0465813219944638,0.03728285644037349,0.006790967852765776,True,,64.0,1.0,0,0.02161219073751086,169.0172161172161,48.539320884429586,51.74699228911186,-0.5312012516642272
F3,eval_50301_high,full_matched_edit,0.06688255651277687,0.06607843897733097,0.06570470836705718,0.0012185807669105016,True,,64.0,1.0,0,0.014829076243518369,46.80148679705455,91.93223108718638,197.32309085841695,0.6165770177953575
F3,eval_50301_high,top2_oracle_projection,0.06688255651277687,0.06529887817171544,0.06517119811480707,0.0011663332801371308,True,,64.0,1.0,0,0.014248017660424273,46.939836683417084,92.04433497536945,197.37740384615384,0.6157468332429366
F3,eval_50301_high,fit_only_controller,0.06688255651277687,0.06520464853447874,0.06514289210911568,0.001149435308517543,True,,64.0,1.0,0,0.013945536657840485,47.00246191007061,92.40606915682241,197.84060293571162,0.6160605003071982
F3,eval_50304_low,natural_conflict,0.005343309461952666,0.012829311330608028,0.035128181329191654,0.004704381365705698,True,,60.0,0.9375,4,0.007257476809817698,42.42894223334929,75.05824481357382,162.89388482089848,0.5867099353532713
F3,eval_50304_low,full_matched_edit,0.005343309461952666,0.005360469527455582,0.00540355826968029,0.0003319665778382166,True,,64.0,1.0,0,0.001426586382584638,202.9608557015039,48.74407481439178,49.93810063574984,-0.6050746799511888
F3,eval_50304_low,top2_oracle_projection,0.005343309461952666,0.00628079848970171,0.006111381099242052,0.00045926892352383643,True,,64.0,1.0,0,0.0021725301578682243,203.37468624200807,48.9045193687231,50.08465873054594,-0.6047913819396189
F3,eval_50304_low,fit_only_controller,0.005343309461952666,0.00637122212602255,0.00613757348131905,0.0004556118012212567,True,,64.0,1.0,0,0.0019622670928510777,203.3398058252427,48.95873786407767,50.45550214842328,-0.6023921596402493
F3,eval_50311_high,natural_conflict,0.0634179998723445,0.04432851709989645,0.03799919295103362,0.006248726690585771,True,,64.0,1.0,0,0.017569963257128562,166.65119870184253,48.1073999806726,51.31806526806527,-0.529125672735672
F3,eval_50311_high,full_matched_edit,0.0634179998723445,0.062196160620074145,0.06252734618228406,0.0009947225961780995,True,,64.0,1.0,0,0.013908760324062852,47.3295021892252,93.35775298730395,200.76566311157876,0.6184568761600762
F3,eval_50311_high,top2_oracle_projection,0.0634179998723445,0.062857495762776,0.06286668907854923,0.0009999831593595421,True,,64.0,1.0,0,0.014179303641054242,47.13906339234723,93.03682566382315,200.15630280098048,0.6187630676791922
F3,eval_50311_high,fit_only_controller,0.0634179998723445,0.06288089169048006,0.06285773191452963,0.0009737419839473649,True,,64.0,1.0,0,0.014179303641054242,47.200980392156865,93.08383996155233,200.11930010604453,0.6183007693742251
F3,eval_50316_low,natural_conflict,0.016432461722628765,0.021614204176859917,0.037648076716559904,0.004178273689044742,True,,58.0,0.90625,4,0.008333333333333304,46.10927861659569,86.79580378250591,186.703714328854,0.6038942841355951
F3,eval_50316_low,full_matched_edit,0.016432461722628765,0.016034622919307358,0.016398127854557163,0.00041142741129210976,True,,64.0,1.0,0,0.0035476634559477027,202.10335215667428,48.59027777777778,50.02197710668475,-0.6031975267789593
F3,eval_50316_low,top2_oracle_projection,0.016432461722628765,0.015161563036448604,0.015459963938640887,0.00040351784211342,True,,64.0,1.0,0,0.0033511754042956365,200.1126907073509,47.99514633439583,49.37870989878195,-0.6041650351168981
F3,eval_50316_low,fit_only_controller,0.016432461722628765,0.015190924368527876,0.015503151294036262,0.00037916750341644993,True,,64.0,1.0,0,0.0030670058090035424,200.0353692701541,48.04686128182617,49.47185422545316,-0.6034435113152189
F4_source,eval_50003_high,after_block_0,0.06533233898124247,0.06434678143621343,,,True,,,,,,,,,
F4_source,eval_50003_high,after_block_1,0.06533233898124247,0.0635810602097748,,,True,,,,,,,,,
F4_source,eval_50003_high,after_block_2,0.06533233898124247,0.05933724268502276,,,True,,,,,,,,,
F4_source,eval_50003_high,after_block_3,0.06533233898124247,0.05955817714749413,,,True,,,,,,,,,
F4_source,eval_50003_high,after_block_4,0.06533233898124247,0.05459518673851558,,,True,,,,,,,,,
F4_source,eval_50003_high,after_block_5,0.06533233898124247,0.054041365184935214,,,True,,,,,,,,,
F4_source,eval_50003_high,after_block_6,0.06533233898124247,0.05226497629581506,,,True,,,,,,,,,
F4_source,eval_50003_high,after_block_7,0.06533233898124247,0.05222144248683475,,,True,,,,,,,,,
F4_source,eval_50003_high,after_block_8,0.06533233898124247,0.051658495857398956,,,True,,,,,,,,,
F4_source,eval_50003_high,after_block_9,0.06533233898124247,0.051044720465766996,,,True,,,,,,,,,
F4_source,eval_50003_high,after_block_10,0.06533233898124247,0.05189530459646268,,,True,,,,,,,,,
F4_source,eval_50003_high,after_block_11,0.06533233898124247,0.05123932922139812,,,True,,,,,,,,,
F4_source,eval_50003_high,after_block_12,0.06533233898124247,0.05490800764251062,,,True,,,,,,,,,
F4_source,eval_50003_high,after_block_13,0.06533233898124247,0.055605682590928504,,,True,,,,,,,,,
F4_source,eval_50003_high,after_block_14,0.06533233898124247,0.059480804049710234,,,True,,,,,,,,,
F4_source,eval_50003_high,after_block_15,0.06533233898124247,0.059060217960503,,,True,,,,,,,,,
F4_source,eval_50003_high,after_block_16,0.06533233898124247,0.06090188571125043,,,True,,,,,,,,,
F4_source,eval_50003_high,after_block_17,0.06533233898124247,0.05706651224179914,,,True,,,,,,,,,
F4_source,eval_50003_high,after_block_18,0.06533233898124247,0.05516949196081547,,,True,,,,,,,,,
F4_source,eval_50003_high,after_block_19,0.06533233898124247,0.05330362103113938,,,True,,,,,,,,,
F4_source,eval_50003_high,after_block_20,0.06533233898124247,0.05127091716725014,,,True,,,,,,,,,
F4_source,eval_50003_high,after_block_21,0.06533233898124247,0.05019264166041889,,,True,,,,,,,,,
F4_source,eval_50003_high,after_block_22,0.06533233898124247,0.04995657669286708,,,True,,,,,,,,,
F4_source,eval_50003_high,after_block_23,0.06533233898124247,0.048244158569214615,,,True,,,,,,,,,
F4_source,eval_50003_high,after_block_24,0.06533233898124247,0.04858275239622679,,,True,,,,,,,,,
F4_source,eval_50003_high,after_block_25,0.06533233898124247,0.048078535765060174,,,True,,,,,,,,,
F4_source,eval_50003_high,after_block_26,0.06533233898124247,0.045914539166390114,,,True,,,,,,,,,
F4_source,eval_50003_high,after_block_27,0.06533233898124247,0.045665319564793985,,,True,,,,,,,,,
F4_source,eval_50003_high,after_block_28,0.06533233898124247,0.04521821620380913,,,True,,,,,,,,,
F4_source,eval_50003_high,after_block_29,0.06533233898124247,0.04472196141257921,,,True,,,,,,,,,
F4_source,eval_50016_high,after_block_0,0.06640241906099656,0.06587151613358382,,,True,,,,,,,,,
F4_source,eval_50016_high,after_block_1,0.06640241906099656,0.06488991697746188,,,True,,,,,,,,,
F4_source,eval_50016_high,after_block_2,0.06640241906099656,0.0591114891427676,,,True,,,,,,,,,
F4_source,eval_50016_high,after_block_3,0.06640241906099656,0.059288584399206305,,,True,,,,,,,,,
F4_source,eval_50016_high,after_block_4,0.06640241906099656,0.052714995873562785,,,True,,,,,,,,,
F4_source,eval_50016_high,after_block_5,0.06640241906099656,0.05246513011882618,,,True,,,,,,,,,
F4_source,eval_50016_high,after_block_6,0.06640241906099656,0.05145489862905023,,,True,,,,,,,,,
F4_source,eval_50016_high,after_block_7,0.06640241906099656,0.051675717811604585,,,True,,,,,,,,,
F4_source,eval_50016_high,after_block_8,0.06640241906099656,0.05152838710484253,,,True,,,,,,,,,
F4_source,eval_50016_high,after_block_9,0.06640241906099656,0.04970706458045525,,,True,,,,,,,,,
F4_source,eval_50016_high,after_block_10,0.06640241906099656,0.050206835601004036,,,True,,,,,,,,,
F4_source,eval_50016_high,after_block_11,0.06640241906099656,0.049687147521623815,,,True,,,,,,,,,
F4_source,eval_50016_high,after_block_12,0.06640241906099656,0.05345171814224466,,,True,,,,,,,,,
F4_source,eval_50016_high,after_block_13,0.06640241906099656,0.05447697077968066,,,True,,,,,,,,,
F4_source,eval_50016_high,after_block_14,0.06640241906099656,0.05832532969176305,,,True,,,,,,,,,
F4_source,eval_50016_high,after_block_15,0.06640241906099656,0.05755815577591855,,,True,,,,,,,,,
F4_source,eval_50016_high,after_block_16,0.06640241906099656,0.057708069238307104,,,True,,,,,,,,,
F4_source,eval_50016_high,after_block_17,0.06640241906099656,0.056727811458402014,,,True,,,,,,,,,
F4_source,eval_50016_high,after_block_18,0.06640241906099656,0.06000725110521198,,,True,,,,,,,,,
F4_source,eval_50016_high,after_block_19,0.06640241906099656,0.05609893082566072,,,True,,,,,,,,,
F4_source,eval_50016_high,after_block_20,0.06640241906099656,0.05382546640657366,,,True,,,,,,,,,
F4_source,eval_50016_high,after_block_21,0.06640241906099656,0.05097314435439063,,,True,,,,,,,,,
F4_source,eval_50016_high,after_block_22,0.06640241906099656,0.0500621878919045,,,True,,,,,,,,,
F4_source,eval_50016_high,after_block_23,0.06640241906099656,0.04819148880794593,,,True,,,,,,,,,
F4_source,eval_50016_high,after_block_24,0.06640241906099656,0.0485001477974854,,,True,,,,,,,,,
F4_source,eval_50016_high,after_block_25,0.06640241906099656,0.04879276794357573,,,True,,,,,,,,,
F4_source,eval_50016_high,after_block_26,0.06640241906099656,0.04627927283941305,,,True,,,,,,,,,
F4_source,eval_50016_high,after_block_27,0.06640241906099656,0.04610309360511186,,,True,,,,,,,,,
F4_source,eval_50016_high,after_block_28,0.06640241906099656,0.04537778767489715,,,True,,,,,,,,,
F4_source,eval_50016_high,after_block_29,0.06640241906099656,0.04484699642376828,,,True,,,,,,,,,
F4_source,eval_50055_high,after_block_0,0.06639095284066318,0.06650713139951199,,,True,,,,,,,,,
F4_source,eval_50055_high,after_block_1,0.06639095284066318,0.06574074341268886,,,True,,,,,,,,,
F4_source,eval_50055_high,after_block_2,0.06639095284066318,0.059097012554353526,,,True,,,,,,,,,
F4_source,eval_50055_high,after_block_3,0.06639095284066318,0.059237455257313644,,,True,,,,,,,,,
F4_source,eval_50055_high,after_block_4,0.06639095284066318,0.05268908513481295,,,True,,,,,,,,,
F4_source,eval_50055_high,after_block_5,0.06639095284066318,0.052464759310108175,,,True,,,,,,,,,
F4_source,eval_50055_high,after_block_6,0.06639095284066318,0.05050738703705544,,,True,,,,,,,,,
F4_source,eval_50055_high,after_block_7,0.06639095284066318,0.05046321225354744,,,True,,,,,,,,,
F4_source,eval_50055_high,after_block_8,0.06639095284066318,0.04978680336629319,,,True,,,,,,,,,
F4_source,eval_50055_high,after_block_9,0.06639095284066318,0.048887951531367,,,True,,,,,,,,,
F4_source,eval_50055_high,after_block_10,0.06639095284066318,0.05025488992534939,,,True,,,,,,,,,
F4_source,eval_50055_high,after_block_11,0.06639095284066318,0.04988128956597279,,,True,,,,,,,,,
F4_source,eval_50055_high,after_block_12,0.06639095284066318,0.05439014762552456,,,True,,,,,,,,,
F4_source,eval_50055_high,after_block_13,0.06639095284066318,0.05546987977110216,,,True,,,,,,,,,
F4_source,eval_50055_high,after_block_14,0.06639095284066318,0.05988712132268342,,,True,,,,,,,,,
F4_source,eval_50055_high,after_block_15,0.06639095284066318,0.06140983701096343,,,True,,,,,,,,,
F4_source,eval_50055_high,after_block_16,0.06639095284066318,0.06121022198323302,,,True,,,,,,,,,
F4_source,eval_50055_high,after_block_17,0.06639095284066318,0.05929851259056486,,,True,,,,,,,,,
F4_source,eval_50055_high,after_block_18,0.06639095284066318,0.0571302154502637,,,True,,,,,,,,,
F4_source,eval_50055_high,after_block_19,0.06639095284066318,0.0544682542594648,,,True,,,,,,,,,
F4_source,eval_50055_high,after_block_20,0.06639095284066318,0.05262648241475169,,,True,,,,,,,,,
F4_source,eval_50055_high,after_block_21,0.06639095284066318,0.04970004973442065,,,True,,,,,,,,,
F4_source,eval_50055_high,after_block_22,0.06639095284066318,0.04986140840096546,,,True,,,,,,,,,
F4_source,eval_50055_high,after_block_23,0.06639095284066318,0.04743343936213633,,,True,,,,,,,,,
F4_source,eval_50055_high,after_block_24,0.06639095284066318,0.04787052128865083,,,True,,,,,,,,,
F4_source,eval_50055_high,after_block_25,0.06639095284066318,0.048107545710419995,,,True,,,,,,,,,
F4_source,eval_50055_high,after_block_26,0.06639095284066318,0.0464513567804739,,,True,,,,,,,,,
F4_source,eval_50055_high,after_block_27,0.06639095284066318,0.04621995359831431,,,True,,,,,,,,,
F4_source,eval_50055_high,after_block_28,0.06639095284066318,0.04565279506053462,,,True,,,,,,,,,
F4_source,eval_50055_high,after_block_29,0.06639095284066318,0.04536040236764643,,,True,,,,,,,,,
F4_source,eval_50106_high,after_block_0,0.06452919097333171,0.06476813601968905,,,True,,,,,,,,,
F4_source,eval_50106_high,after_block_1,0.06452919097333171,0.06381104156935426,,,True,,,,,,,,,
F4_source,eval_50106_high,after_block_2,0.06452919097333171,0.05824447288284408,,,True,,,,,,,,,
F4_source,eval_50106_high,after_block_3,0.06452919097333171,0.058204040899073176,,,True,,,,,,,,,
F4_source,eval_50106_high,after_block_4,0.06452919097333171,0.052852936918769286,,,True,,,,,,,,,
F4_source,eval_50106_high,after_block_5,0.06452919097333171,0.05252350983477047,,,True,,,,,,,,,
F4_source,eval_50106_high,after_block_6,0.06452919097333171,0.05023720049715508,,,True,,,,,,,,,
F4_source,eval_50106_high,after_block_7,0.06452919097333171,0.05037579787475722,,,True,,,,,,,,,
F4_source,eval_50106_high,after_block_8,0.06452919097333171,0.049697296972402404,,,True,,,,,,,,,
F4_source,eval_50106_high,after_block_9,0.06452919097333171,0.049067343826694,,,True,,,,,,,,,
F4_source,eval_50106_high,after_block_10,0.06452919097333171,0.05062290704307727,,,True,,,,,,,,,
F4_source,eval_50106_high,after_block_11,0.06452919097333171,0.05022950081199573,,,True,,,,,,,,,
F4_source,eval_50106_high,after_block_12,0.06452919097333171,0.054990225840379235,,,True,,,,,,,,,
F4_source,eval_50106_high,after_block_13,0.06452919097333171,0.05610431760138847,,,True,,,,,,,,,
F4_source,eval_50106_high,after_block_14,0.06452919097333171,0.06034934282393742,,,True,,,,,,,,,
F4_source,eval_50106_high,after_block_15,0.06452919097333171,0.05778932227181885,,,True,,,,,,,,,
F4_source,eval_50106_high,after_block_16,0.06452919097333171,0.057781012031860604,,,True,,,,,,,,,
F4_source,eval_50106_high,after_block_17,0.06452919097333171,0.0568056176181884,,,True,,,,,,,,,
F4_source,eval_50106_high,after_block_18,0.06452919097333171,0.055934534067620306,,,True,,,,,,,,,
F4_source,eval_50106_high,after_block_19,0.06452919097333171,0.053560268034292605,,,True,,,,,,,,,
F4_source,eval_50106_high,after_block_20,0.06452919097333171,0.05067936492674353,,,True,,,,,,,,,
F4_source,eval_50106_high,after_block_21,0.06452919097333171,0.04902618500370744,,,True,,,,,,,,,
F4_source,eval_50106_high,after_block_22,0.06452919097333171,0.04874624443978851,,,True,,,,,,,,,
F4_source,eval_50106_high,after_block_23,0.06452919097333171,0.0474106690669501,,,True,,,,,,,,,
F4_source,eval_50106_high,after_block_24,0.06452919097333171,0.0471650947874914,,,True,,,,,,,,,
F4_source,eval_50106_high,after_block_25,0.06452919097333171,0.047268671913616625,,,True,,,,,,,,,
F4_source,eval_50106_high,after_block_26,0.06452919097333171,0.045922931024949924,,,True,,,,,,,,,
F4_source,eval_50106_high,after_block_27,0.06452919097333171,0.04563163028048786,,,True,,,,,,,,,
F4_source,eval_50106_high,after_block_28,0.06452919097333171,0.04492926987622016,,,True,,,,,,,,,
F4_source,eval_50106_high,after_block_29,0.06452919097333171,0.04471388171772714,,,True,,,,,,,,,
F4_source,eval_50110_low,after_block_0,0.015194542695484623,0.015057800908486059,,,True,,,,,,,,,
F4_source,eval_50110_low,after_block_1,0.015194542695484623,0.015228875812176992,,,True,,,,,,,,,
F4_source,eval_50110_low,after_block_2,0.015194542695484623,0.01622212728845944,,,True,,,,,,,,,
F4_source,eval_50110_low,after_block_3,0.015194542695484623,0.016307013590519497,,,True,,,,,,,,,
F4_source,eval_50110_low,after_block_4,0.015194542695484623,0.01665783809032668,,,True,,,,,,,,,
F4_source,eval_50110_low,after_block_5,0.015194542695484623,0.017272333059690784,,,True,,,,,,,,,
F4_source,eval_50110_low,after_block_6,0.015194542695484623,0.019671353087599937,,,True,,,,,,,,,
F4_source,eval_50110_low,after_block_7,0.015194542695484623,0.020304093990372186,,,True,,,,,,,,,
F4_source,eval_50110_low,after_block_8,0.015194542695484623,0.01909289143681674,,,True,,,,,,,,,
F4_source,eval_50110_low,after_block_9,0.015194542695484623,0.019397228776725114,,,True,,,,,,,,,
F4_source,eval_50110_low,after_block_10,0.015194542695484623,0.016422702954445152,,,True,,,,,,,,,
F4_source,eval_50110_low,after_block_11,0.015194542695484623,0.018105938523767438,,,True,,,,,,,,,
F4_source,eval_50110_low,after_block_12,0.015194542695484623,0.014749145678620195,,,True,,,,,,,,,
F4_source,eval_50110_low,after_block_13,0.015194542695484623,0.010512436328187437,,,True,,,,,,,,,
F4_source,eval_50110_low,after_block_14,0.015194542695484623,0.015532806657858743,,,True,,,,,,,,,
F4_source,eval_50110_low,after_block_15,0.015194542695484623,0.02874078219275008,,,False,detected_frames_below_58,,,,,,,,
F4_source,eval_50110_low,after_block_16,0.015194542695484623,0.028289110780268894,,,False,detected_frames_below_58,,,,,,,,
F4_source,eval_50110_low,after_block_17,0.015194542695484623,0.02244832355623448,,,True,,,,,,,,,
F4_source,eval_50110_low,after_block_18,0.015194542695484623,0.020488409901539557,,,True,,,,,,,,,
F4_source,eval_50110_low,after_block_19,0.015194542695484623,0.01852196299893821,,,True,,,,,,,,,
F4_source,eval_50110_low,after_block_20,0.015194542695484623,0.018752524723917266,,,True,,,,,,,,,
F4_source,eval_50110_low,after_block_21,0.015194542695484623,0.021396421126919515,,,True,,,,,,,,,
F4_source,eval_50110_low,after_block_22,0.015194542695484623,0.022118803590085834,,,True,,,,,,,,,
F4_source,eval_50110_low,after_block_23,0.015194542695484623,0.02091872264128204,,,True,,,,,,,,,
F4_source,eval_50110_low,after_block_24,0.015194542695484623,0.02000663996217296,,,True,,,,,,,,,
F4_source,eval_50110_low,after_block_25,0.015194542695484623,0.02002452660300536,,,True,,,,,,,,,
F4_source,eval_50110_low,after_block_26,0.015194542695484623,0.01935205990900748,,,True,,,,,,,,,
F4_source,eval_50110_low,after_block_27,0.015194542695484623,0.0191386126430426,,,True,,,,,,,,,
F4_source,eval_50110_low,after_block_28,0.015194542695484623,0.019745806884697188,,,True,,,,,,,,,
F4_source,eval_50110_low,after_block_29,0.015194542695484623,0.020252063241660012,,,True,,,,,,,,,
F4_source,eval_50118_low,after_block_0,0.003650014233431919,0.003215274406288119,,,True,,,,,,,,,
F4_source,eval_50118_low,after_block_1,0.003650014233431919,0.003160898961495424,,,True,,,,,,,,,
F4_source,eval_50118_low,after_block_2,0.003650014233431919,0.004145823515005722,,,True,,,,,,,,,
F4_source,eval_50118_low,after_block_3,0.003650014233431919,0.00413628609166826,,,True,,,,,,,,,
F4_source,eval_50118_low,after_block_4,0.003650014233431919,0.006179846083999666,,,True,,,,,,,,,
F4_source,eval_50118_low,after_block_5,0.003650014233431919,0.006433107732155456,,,True,,,,,,,,,
F4_source,eval_50118_low,after_block_6,0.003650014233431919,0.013515452733951465,,,True,,,,,,,,,
F4_source,eval_50118_low,after_block_7,0.003650014233431919,0.014041043273233888,,,True,,,,,,,,,
F4_source,eval_50118_low,after_block_8,0.003650014233431919,0.01848904307581023,,,True,,,,,,,,,
F4_source,eval_50118_low,after_block_9,0.003650014233431919,0.024601452257851993,,,True,,,,,,,,,
F4_source,eval_50118_low,after_block_10,0.003650014233431919,0.024078279449623288,,,True,,,,,,,,,
F4_source,eval_50118_low,after_block_11,0.003650014233431919,0.026302305943587064,,,True,,,,,,,,,
F4_source,eval_50118_low,after_block_12,0.003650014233431919,0.022591246397677525,,,True,,,,,,,,,
F4_source,eval_50118_low,after_block_13,0.003650014233431919,0.017356081541513677,,,True,,,,,,,,,
F4_source,eval_50118_low,after_block_14,0.003650014233431919,0.01684086137206393,,,True,,,,,,,,,
F4_source,eval_50118_low,after_block_15,0.003650014233431919,0.01553570903286904,,,True,,,,,,,,,
F4_source,eval_50118_low,after_block_16,0.003650014233431919,0.015529247575060108,,,True,,,,,,,,,
F4_source,eval_50118_low,after_block_17,0.003650014233431919,0.01354004451174204,,,True,,,,,,,,,
F4_source,eval_50118_low,after_block_18,0.003650014233431919,0.015171748146501532,,,True,,,,,,,,,
F4_source,eval_50118_low,after_block_19,0.003650014233431919,0.012431550847680207,,,True,,,,,,,,,
F4_source,eval_50118_low,after_block_20,0.003650014233431919,0.014959384258027252,,,True,,,,,,,,,
F4_source,eval_50118_low,after_block_21,0.003650014233431919,0.015026101109589664,,,True,,,,,,,,,
F4_source,eval_50118_low,after_block_22,0.003650014233431919,0.014593279251422026,,,True,,,,,,,,,
F4_source,eval_50118_low,after_block_23,0.003650014233431919,0.01498626685757154,,,True,,,,,,,,,
F4_source,eval_50118_low,after_block_24,0.003650014233431919,0.014756171483800788,,,True,,,,,,,,,
F4_source,eval_50118_low,after_block_25,0.003650014233431919,0.014603372998076219,,,True,,,,,,,,,
F4_source,eval_50118_low,after_block_26,0.003650014233431919,0.014626837524052867,,,True,,,,,,,,,
F4_source,eval_50118_low,after_block_27,0.003650014233431919,0.014366836143150713,,,True,,,,,,,,,
F4_source,eval_50118_low,after_block_28,0.003650014233431919,0.014579941282993626,,,True,,,,,,,,,
F4_source,eval_50118_low,after_block_29,0.003650014233431919,0.01411105079950164,,,True,,,,,,,,,
F4_source,eval_50178_low,after_block_0,0.017229663400812972,0.01683112399771701,,,True,,,,,,,,,
F4_source,eval_50178_low,after_block_1,0.017229663400812972,0.017132710273215987,,,True,,,,,,,,,
F4_source,eval_50178_low,after_block_2,0.017229663400812972,0.01755196457008399,,,True,,,,,,,,,
F4_source,eval_50178_low,after_block_3,0.017229663400812972,0.017684927645392607,,,True,,,,,,,,,
F4_source,eval_50178_low,after_block_4,0.017229663400812972,0.018386772781439062,,,True,,,,,,,,,
F4_source,eval_50178_low,after_block_5,0.017229663400812972,0.01881133466523678,,,True,,,,,,,,,
F4_source,eval_50178_low,after_block_6,0.017229663400812972,0.021222709093547735,,,True,,,,,,,,,
F4_source,eval_50178_low,after_block_7,0.017229663400812972,0.021677469993270065,,,True,,,,,,,,,
F4_source,eval_50178_low,after_block_8,0.017229663400812972,0.020219243990065448,,,True,,,,,,,,,
F4_source,eval_50178_low,after_block_9,0.017229663400812972,0.020010674944323723,,,True,,,,,,,,,
F4_source,eval_50178_low,after_block_10,0.017229663400812972,0.016379259786884173,,,True,,,,,,,,,
F4_source,eval_50178_low,after_block_11,0.017229663400812972,0.017608305098828343,,,True,,,,,,,,,
F4_source,eval_50178_low,after_block_12,0.017229663400812972,0.015537374122753678,,,True,,,,,,,,,
F4_source,eval_50178_low,after_block_13,0.017229663400812972,0.013372116749039396,,,True,,,,,,,,,
F4_source,eval_50178_low,after_block_14,0.017229663400812972,0.02302855797165383,,,True,,,,,,,,,
F4_source,eval_50178_low,after_block_15,0.017229663400812972,0.031089888192584885,,,False,detected_frames_below_58,,,,,,,,
F4_source,eval_50178_low,after_block_16,0.017229663400812972,0.029388783841905162,,,False,detected_frames_below_58,,,,,,,,
F4_source,eval_50178_low,after_block_17,0.017229663400812972,0.02622456171353744,,,False,detected_frames_below_58,,,,,,,,
F4_source,eval_50178_low,after_block_18,0.017229663400812972,0.02474040783736558,,,True,,,,,,,,,
F4_source,eval_50178_low,after_block_19,0.017229663400812972,0.022028729462919637,,,True,,,,,,,,,
F4_source,eval_50178_low,after_block_20,0.017229663400812972,0.020998644097600997,,,True,,,,,,,,,
F4_source,eval_50178_low,after_block_21,0.017229663400812972,0.02359950026149848,,,True,,,,,,,,,
F4_source,eval_50178_low,after_block_22,0.017229663400812972,0.024163191242725476,,,True,,,,,,,,,
F4_source,eval_50178_low,after_block_23,0.017229663400812972,0.02345865850538668,,,True,,,,,,,,,
F4_source,eval_50178_low,after_block_24,0.017229663400812972,0.023049662967170315,,,True,,,,,,,,,
F4_source,eval_50178_low,after_block_25,0.017229663400812972,0.022661840108471828,,,True,,,,,,,,,
F4_source,eval_50178_low,after_block_26,0.017229663400812972,0.021665314565106533,,,True,,,,,,,,,
F4_source,eval_50178_low,after_block_27,0.017229663400812972,0.02195780757166428,,,True,,,,,,,,,
F4_source,eval_50178_low,after_block_28,0.017229663400812972,0.021960159071141325,,,True,,,,,,,,,
F4_source,eval_50178_low,after_block_29,0.017229663400812972,0.022381960370855845,,,True,,,,,,,,,
F4_source,eval_50185_high,after_block_0,0.06144111729752216,0.06093389129290631,,,True,,,,,,,,,
F4_source,eval_50185_high,after_block_1,0.06144111729752216,0.060056102914244625,,,True,,,,,,,,,
F4_source,eval_50185_high,after_block_2,0.06144111729752216,0.056354452598108624,,,True,,,,,,,,,
F4_source,eval_50185_high,after_block_3,0.06144111729752216,0.056429595816628556,,,True,,,,,,,,,
F4_source,eval_50185_high,after_block_4,0.06144111729752216,0.05185237334581526,,,True,,,,,,,,,
F4_source,eval_50185_high,after_block_5,0.06144111729752216,0.0515695373607867,,,True,,,,,,,,,
F4_source,eval_50185_high,after_block_6,0.06144111729752216,0.04959807466702232,,,True,,,,,,,,,
F4_source,eval_50185_high,after_block_7,0.06144111729752216,0.049480133287557806,,,True,,,,,,,,,
F4_source,eval_50185_high,after_block_8,0.06144111729752216,0.049984019081842926,,,True,,,,,,,,,
F4_source,eval_50185_high,after_block_9,0.06144111729752216,0.04982191824200644,,,True,,,,,,,,,
F4_source,eval_50185_high,after_block_10,0.06144111729752216,0.05134754664179851,,,True,,,,,,,,,
F4_source,eval_50185_high,after_block_11,0.06144111729752216,0.05098049300797244,,,True,,,,,,,,,
F4_source,eval_50185_high,after_block_12,0.06144111729752216,0.055307715764032636,,,True,,,,,,,,,
F4_source,eval_50185_high,after_block_13,0.06144111729752216,0.05640023203310297,,,True,,,,,,,,,
F4_source,eval_50185_high,after_block_14,0.06144111729752216,0.05842737188202958,,,True,,,,,,,,,
F4_source,eval_50185_high,after_block_15,0.06144111729752216,0.05485620698400389,,,True,,,,,,,,,
F4_source,eval_50185_high,after_block_16,0.06144111729752216,0.05514167308536232,,,True,,,,,,,,,
F4_source,eval_50185_high,after_block_17,0.06144111729752216,0.05561240658476326,,,True,,,,,,,,,
F4_source,eval_50185_high,after_block_18,0.06144111729752216,0.05918286207317206,,,True,,,,,,,,,
F4_source,eval_50185_high,after_block_19,0.06144111729752216,0.050252524304834956,,,True,,,,,,,,,
F4_source,eval_50185_high,after_block_20,0.06144111729752216,0.04863127820977244,,,True,,,,,,,,,
F4_source,eval_50185_high,after_block_21,0.06144111729752216,0.04704639809523712,,,True,,,,,,,,,
F4_source,eval_50185_high,after_block_22,0.06144111729752216,0.04820645251649338,,,True,,,,,,,,,
F4_source,eval_50185_high,after_block_23,0.06144111729752216,0.04607061361228319,,,True,,,,,,,,,
F4_source,eval_50185_high,after_block_24,0.06144111729752216,0.04632384048759389,,,True,,,,,,,,,
F4_source,eval_50185_high,after_block_25,0.06144111729752216,0.045279411041787496,,,True,,,,,,,,,
F4_source,eval_50185_high,after_block_26,0.06144111729752216,0.04410385959409917,,,True,,,,,,,,,
F4_source,eval_50185_high,after_block_27,0.06144111729752216,0.0435253636841893,,,True,,,,,,,,,
F4_source,eval_50185_high,after_block_28,0.06144111729752216,0.04296384953048688,,,True,,,,,,,,,
F4_source,eval_50185_high,after_block_29,0.06144111729752216,0.0424325459093662,,,True,,,,,,,,,
F4_source,eval_50194_low,after_block_0,0.015808136250662082,0.015268669880826737,,,True,,,,,,,,,
F4_source,eval_50194_low,after_block_1,0.015808136250662082,0.015490882645139892,,,True,,,,,,,,,
F4_source,eval_50194_low,after_block_2,0.015808136250662082,0.016415203433807358,,,True,,,,,,,,,
F4_source,eval_50194_low,after_block_3,0.015808136250662082,0.016652612771483246,,,True,,,,,,,,,
F4_source,eval_50194_low,after_block_4,0.015808136250662082,0.0171806966714986,,,True,,,,,,,,,
F4_source,eval_50194_low,after_block_5,0.015808136250662082,0.017424615018619433,,,True,,,,,,,,,
F4_source,eval_50194_low,after_block_6,0.015808136250662082,0.020155986494150676,,,True,,,,,,,,,
F4_source,eval_50194_low,after_block_7,0.015808136250662082,0.020534367282272963,,,True,,,,,,,,,
F4_source,eval_50194_low,after_block_8,0.015808136250662082,0.01970960461042146,,,True,,,,,,,,,
F4_source,eval_50194_low,after_block_9,0.015808136250662082,0.019978925343546287,,,True,,,,,,,,,
F4_source,eval_50194_low,after_block_10,0.015808136250662082,0.016732109046576963,,,True,,,,,,,,,
F4_source,eval_50194_low,after_block_11,0.015808136250662082,0.0180869047550945,,,True,,,,,,,,,
F4_source,eval_50194_low,after_block_12,0.015808136250662082,0.015159119453688249,,,True,,,,,,,,,
F4_source,eval_50194_low,after_block_13,0.015808136250662082,0.011103777039651624,,,True,,,,,,,,,
F4_source,eval_50194_low,after_block_14,0.015808136250662082,0.017869307478260158,,,True,,,,,,,,,
F4_source,eval_50194_low,after_block_15,0.015808136250662082,0.03278556629584427,,,False,detected_frames_below_58,,,,,,,,
F4_source,eval_50194_low,after_block_16,0.015808136250662082,0.03169260287143288,,,False,detected_frames_below_58,,,,,,,,
F4_source,eval_50194_low,after_block_17,0.015808136250662082,0.023450025545556655,,,False,detected_frames_below_58,,,,,,,,
F4_source,eval_50194_low,after_block_18,0.015808136250662082,0.02306975140391652,,,False,detected_frames_below_58,,,,,,,,
F4_source,eval_50194_low,after_block_19,0.015808136250662082,0.021770306082150095,,,False,detected_frames_below_58,,,,,,,,
F4_source,eval_50194_low,after_block_20,0.015808136250662082,0.021258137200536348,,,True,,,,,,,,,
F4_source,eval_50194_low,after_block_21,0.015808136250662082,0.022946069717348923,,,True,,,,,,,,,
F4_source,eval_50194_low,after_block_22,0.015808136250662082,0.02427633474693774,,,True,,,,,,,,,
F4_source,eval_50194_low,after_block_23,0.015808136250662082,0.023033211933579247,,,True,,,,,,,,,
F4_source,eval_50194_low,after_block_24,0.015808136250662082,0.02203273614077917,,,True,,,,,,,,,
F4_source,eval_50194_low,after_block_25,0.015808136250662082,0.02222438673745409,,,True,,,,,,,,,
F4_source,eval_50194_low,after_block_26,0.015808136250662082,0.021717400248310377,,,True,,,,,,,,,
F4_source,eval_50194_low,after_block_27,0.015808136250662082,0.021877529198869185,,,True,,,,,,,,,
F4_source,eval_50194_low,after_block_28,0.015808136250662082,0.021849271410627223,,,True,,,,,,,,,
F4_source,eval_50194_low,after_block_29,0.015808136250662082,0.022283532288386827,,,True,,,,,,,,,
F4_source,eval_50209_low,after_block_0,0.013602031671591956,0.013931141499658937,,,True,,,,,,,,,
F4_source,eval_50209_low,after_block_1,0.013602031671591956,0.01411259331130328,,,True,,,,,,,,,
F4_source,eval_50209_low,after_block_2,0.013602031671591956,0.014722100744481353,,,True,,,,,,,,,
F4_source,eval_50209_low,after_block_3,0.013602031671591956,0.014887473692475617,,,True,,,,,,,,,
F4_source,eval_50209_low,after_block_4,0.013602031671591956,0.015377300579161994,,,True,,,,,,,,,
F4_source,eval_50209_low,after_block_5,0.013602031671591956,0.015620391411043133,,,True,,,,,,,,,
F4_source,eval_50209_low,after_block_6,0.013602031671591956,0.018645773527172213,,,True,,,,,,,,,
F4_source,eval_50209_low,after_block_7,0.013602031671591956,0.018956020577609083,,,True,,,,,,,,,
F4_source,eval_50209_low,after_block_8,0.013602031671591956,0.019068819584968005,,,True,,,,,,,,,
F4_source,eval_50209_low,after_block_9,0.013602031671591956,0.020998145036672102,,,True,,,,,,,,,
F4_source,eval_50209_low,after_block_10,0.013602031671591956,0.01748237731744963,,,True,,,,,,,,,
F4_source,eval_50209_low,after_block_11,0.013602031671591956,0.019104101461944283,,,True,,,,,,,,,
F4_source,eval_50209_low,after_block_12,0.013602031671591956,0.015206078857246817,,,True,,,,,,,,,
F4_source,eval_50209_low,after_block_13,0.013602031671591956,0.010393181911549584,,,True,,,,,,,,,
F4_source,eval_50209_low,after_block_14,0.013602031671591956,0.014004679628568955,,,True,,,,,,,,,
F4_source,eval_50209_low,after_block_15,0.013602031671591956,0.029001237949026558,,,False,detected_frames_below_58,,,,,,,,
F4_source,eval_50209_low,after_block_16,0.013602031671591956,0.02701358090006098,,,False,detected_frames_below_58,,,,,,,,
F4_source,eval_50209_low,after_block_17,0.013602031671591956,0.02204334908646012,,,True,,,,,,,,,
F4_source,eval_50209_low,after_block_18,0.013602031671591956,0.020053986456171312,,,True,,,,,,,,,
F4_source,eval_50209_low,after_block_19,0.013602031671591956,0.017486640485900082,,,True,,,,,,,,,
F4_source,eval_50209_low,after_block_20,0.013602031671591956,0.017621466841888495,,,True,,,,,,,,,
F4_source,eval_50209_low,after_block_21,0.013602031671591956,0.019267186134212872,,,True,,,,,,,,,
F4_source,eval_50209_low,after_block_22,0.013602031671591956,0.01990396783692769,,,True,,,,,,,,,
F4_source,eval_50209_low,after_block_23,0.013602031671591956,0.018857851031492828,,,True,,,,,,,,,
F4_source,eval_50209_low,after_block_24,0.013602031671591956,0.018326032529132643,,,True,,,,,,,,,
F4_source,eval_50209_low,after_block_25,0.013602031671591956,0.018350785967522584,,,True,,,,,,,,,
F4_source,eval_50209_low,after_block_26,0.013602031671591956,0.01807710650700773,,,True,,,,,,,,,
F4_source,eval_50209_low,after_block_27,0.013602031671591956,0.01791384245182033,,,True,,,,,,,,,
F4_source,eval_50209_low,after_block_28,0.013602031671591956,0.017879068139673274,,,True,,,,,,,,,
F4_source,eval_50209_low,after_block_29,0.013602031671591956,0.018276440832690328,,,True,,,,,,,,,
F4_source,eval_50224_low,after_block_0,0.016963296439720825,0.017237241356587028,,,True,,,,,,,,,
F4_source,eval_50224_low,after_block_1,0.016963296439720825,0.017387598807205907,,,True,,,,,,,,,
F4_source,eval_50224_low,after_block_2,0.016963296439720825,0.018110771909840763,,,True,,,,,,,,,
F4_source,eval_50224_low,after_block_3,0.016963296439720825,0.01813157827231326,,,True,,,,,,,,,
F4_source,eval_50224_low,after_block_4,0.016963296439720825,0.01874090504995795,,,True,,,,,,,,,
F4_source,eval_50224_low,after_block_5,0.016963296439720825,0.019099495459493354,,,True,,,,,,,,,
F4_source,eval_50224_low,after_block_6,0.016963296439720825,0.021311601443475704,,,True,,,,,,,,,
F4_source,eval_50224_low,after_block_7,0.016963296439720825,0.021715521982017087,,,True,,,,,,,,,
F4_source,eval_50224_low,after_block_8,0.016963296439720825,0.02049778591791917,,,True,,,,,,,,,
F4_source,eval_50224_low,after_block_9,0.016963296439720825,0.019958446036852682,,,True,,,,,,,,,
F4_source,eval_50224_low,after_block_10,0.016963296439720825,0.01700322217630432,,,True,,,,,,,,,
F4_source,eval_50224_low,after_block_11,0.016963296439720825,0.018458278504762244,,,True,,,,,,,,,
F4_source,eval_50224_low,after_block_12,0.016963296439720825,0.015658662556409582,,,True,,,,,,,,,
F4_source,eval_50224_low,after_block_13,0.016963296439720825,0.01167859117605086,,,True,,,,,,,,,
F4_source,eval_50224_low,after_block_14,0.016963296439720825,0.019305919726851473,,,True,,,,,,,,,
F4_source,eval_50224_low,after_block_15,0.016963296439720825,0.028281752345540496,,,False,detected_frames_below_58,,,,,,,,
F4_source,eval_50224_low,after_block_16,0.016963296439720825,0.0282062117480022,,,False,detected_frames_below_58,,,,,,,,
F4_source,eval_50224_low,after_block_17,0.016963296439720825,0.027531567937231268,,,False,detected_frames_below_58,,,,,,,,
F4_source,eval_50224_low,after_block_18,0.016963296439720825,0.027879988755404254,,,False,detected_frames_below_58,,,,,,,,
F4_source,eval_50224_low,after_block_19,0.016963296439720825,0.025717483327752567,,,False,detected_frames_below_58,,,,,,,,
F4_source,eval_50224_low,after_block_20,0.016963296439720825,0.02266132320446554,,,True,,,,,,,,,
F4_source,eval_50224_low,after_block_21,0.016963296439720825,0.027987165742314492,,,False,detected_frames_below_58,,,,,,,,
F4_source,eval_50224_low,after_block_22,0.016963296439720825,0.028532787464015878,,,False,detected_frames_below_58,,,,,,,,
F4_source,eval_50224_low,after_block_23,0.016963296439720825,0.026427102672266525,,,False,detected_frames_below_58,,,,,,,,
F4_source,eval_50224_low,after_block_24,0.016963296439720825,0.025793445312122843,,,True,,,,,,,,,
F4_source,eval_50224_low,after_block_25,0.016963296439720825,0.02560220708823429,,,True,,,,,,,,,
F4_source,eval_50224_low,after_block_26,0.016963296439720825,0.025063347763286135,,,False,detected_frames_below_58,,,,,,,,
F4_source,eval_50224_low,after_block_27,0.016963296439720825,0.025195973455690742,,,False,detected_frames_below_58,,,,,,,,
F4_source,eval_50224_low,after_block_28,0.016963296439720825,0.025532556453470086,,,False,detected_frames_below_58,,,,,,,,
F4_source,eval_50224_low,after_block_29,0.016963296439720825,0.02544997589940789,,,True,,,,,,,,,
F4_source,eval_50230_high,after_block_0,0.06619606505783483,0.06533742563021638,,,True,,,,,,,,,
F4_source,eval_50230_high,after_block_1,0.06619606505783483,0.06467149436508447,,,True,,,,,,,,,
F4_source,eval_50230_high,after_block_2,0.06619606505783483,0.06060568748718241,,,True,,,,,,,,,
F4_source,eval_50230_high,after_block_3,0.06619606505783483,0.06071721453648758,,,True,,,,,,,,,
F4_source,eval_50230_high,after_block_4,0.06619606505783483,0.05402328999169543,,,True,,,,,,,,,
F4_source,eval_50230_high,after_block_5,0.06619606505783483,0.05373048524512202,,,True,,,,,,,,,
F4_source,eval_50230_high,after_block_6,0.06619606505783483,0.05233309290147724,,,True,,,,,,,,,
F4_source,eval_50230_high,after_block_7,0.06619606505783483,0.052267533551562356,,,True,,,,,,,,,
F4_source,eval_50230_high,after_block_8,0.06619606505783483,0.05044246915008893,,,True,,,,,,,,,
F4_source,eval_50230_high,after_block_9,0.06619606505783483,0.0488827059364822,,,True,,,,,,,,,
F4_source,eval_50230_high,after_block_10,0.06619606505783483,0.04980967832486486,,,True,,,,,,,,,
F4_source,eval_50230_high,after_block_11,0.06619606505783483,0.04915311343618197,,,True,,,,,,,,,
F4_source,eval_50230_high,after_block_12,0.06619606505783483,0.0533125511507532,,,True,,,,,,,,,
F4_source,eval_50230_high,after_block_13,0.06619606505783483,0.05447458683543835,,,True,,,,,,,,,
F4_source,eval_50230_high,after_block_14,0.06619606505783483,0.058099724729409226,,,True,,,,,,,,,
F4_source,eval_50230_high,after_block_15,0.06619606505783483,0.060815253603284575,,,True,,,,,,,,,
F4_source,eval_50230_high,after_block_16,0.06619606505783483,0.060686775093714326,,,True,,,,,,,,,
F4_source,eval_50230_high,after_block_17,0.06619606505783483,0.058483123064142536,,,True,,,,,,,,,
F4_source,eval_50230_high,after_block_18,0.06619606505783483,0.05839316222167508,,,True,,,,,,,,,
F4_source,eval_50230_high,after_block_19,0.06619606505783483,0.052925891200412585,,,True,,,,,,,,,
F4_source,eval_50230_high,after_block_20,0.06619606505783483,0.05283216014200891,,,True,,,,,,,,,
F4_source,eval_50230_high,after_block_21,0.06619606505783483,0.050462925415214986,,,True,,,,,,,,,
F4_source,eval_50230_high,after_block_22,0.06619606505783483,0.0499590346348259,,,True,,,,,,,,,
F4_source,eval_50230_high,after_block_23,0.06619606505783483,0.04757720054188304,,,True,,,,,,,,,
F4_source,eval_50230_high,after_block_24,0.06619606505783483,0.04800309517597351,,,True,,,,,,,,,
F4_source,eval_50230_high,after_block_25,0.06619606505783483,0.04831843308876124,,,True,,,,,,,,,
F4_source,eval_50230_high,after_block_26,0.06619606505783483,0.0457372122537806,,,True,,,,,,,,,
F4_source,eval_50230_high,after_block_27,0.06619606505783483,0.04562474206508953,,,True,,,,,,,,,
F4_source,eval_50230_high,after_block_28,0.06619606505783483,0.044897774875224776,,,True,,,,,,,,,
F4_source,eval_50230_high,after_block_29,0.06619606505783483,0.0445344262335282,,,True,,,,,,,,,
F4_source,eval_50247_high,after_block_0,0.06410924285595125,0.06390508997004664,,,True,,,,,,,,,
F4_source,eval_50247_high,after_block_1,0.06410924285595125,0.06309761880103884,,,True,,,,,,,,,
F4_source,eval_50247_high,after_block_2,0.06410924285595125,0.0584753214190132,,,True,,,,,,,,,
F4_source,eval_50247_high,after_block_3,0.06410924285595125,0.05860396827202292,,,True,,,,,,,,,
F4_source,eval_50247_high,after_block_4,0.06410924285595125,0.054002756623812015,,,True,,,,,,,,,
F4_source,eval_50247_high,after_block_5,0.06410924285595125,0.053646422678665005,,,True,,,,,,,,,
F4_source,eval_50247_high,after_block_6,0.06410924285595125,0.05128323957595318,,,True,,,,,,,,,
F4_source,eval_50247_high,after_block_7,0.06410924285595125,0.051245729894343554,,,True,,,,,,,,,
F4_source,eval_50247_high,after_block_8,0.06410924285595125,0.05107932978100187,,,True,,,,,,,,,
F4_source,eval_50247_high,after_block_9,0.06410924285595125,0.049256422123465725,,,True,,,,,,,,,
F4_source,eval_50247_high,after_block_10,0.06410924285595125,0.05079807115019364,,,True,,,,,,,,,
F4_source,eval_50247_high,after_block_11,0.06410924285595125,0.05056767619963002,,,True,,,,,,,,,
F4_source,eval_50247_high,after_block_12,0.06410924285595125,0.05467905112969375,,,True,,,,,,,,,
F4_source,eval_50247_high,after_block_13,0.06410924285595125,0.055976158723706614,,,True,,,,,,,,,
F4_source,eval_50247_high,after_block_14,0.06410924285595125,0.05894006193949189,,,True,,,,,,,,,
F4_source,eval_50247_high,after_block_15,0.06410924285595125,0.057140374427231896,,,True,,,,,,,,,
F4_source,eval_50247_high,after_block_16,0.06410924285595125,0.057207911392751526,,,True,,,,,,,,,
F4_source,eval_50247_high,after_block_17,0.06410924285595125,0.05424894784923639,,,True,,,,,,,,,
F4_source,eval_50247_high,after_block_18,0.06410924285595125,0.0559511446793702,,,True,,,,,,,,,
F4_source,eval_50247_high,after_block_19,0.06410924285595125,0.052853156664085466,,,True,,,,,,,,,
F4_source,eval_50247_high,after_block_20,0.06410924285595125,0.052380683006683366,,,True,,,,,,,,,
F4_source,eval_50247_high,after_block_21,0.06410924285595125,0.049336606332703814,,,True,,,,,,,,,
F4_source,eval_50247_high,after_block_22,0.06410924285595125,0.04934300795582549,,,True,,,,,,,,,
F4_source,eval_50247_high,after_block_23,0.06410924285595125,0.047132363773597016,,,True,,,,,,,,,
F4_source,eval_50247_high,after_block_24,0.06410924285595125,0.047692768920275616,,,True,,,,,,,,,
F4_source,eval_50247_high,after_block_25,0.06410924285595125,0.04778070213650123,,,True,,,,,,,,,
F4_source,eval_50247_high,after_block_26,0.06410924285595125,0.045252818222205615,,,True,,,,,,,,,
F4_source,eval_50247_high,after_block_27,0.06410924285595125,0.04492477091710357,,,True,,,,,,,,,
F4_source,eval_50247_high,after_block_28,0.06410924285595125,0.044265461030960546,,,True,,,,,,,,,
F4_source,eval_50247_high,after_block_29,0.06410924285595125,0.04394591296189809,,,True,,,,,,,,,
F4_source,eval_50288_low,after_block_0,0.003063736618096823,0.0028370760108970697,,,True,,,,,,,,,
F4_source,eval_50288_low,after_block_1,0.003063736618096823,0.0028863782140591504,,,True,,,,,,,,,
F4_source,eval_50288_low,after_block_2,0.003063736618096823,0.003797780600178676,,,True,,,,,,,,,
F4_source,eval_50288_low,after_block_3,0.003063736618096823,0.0037507533572337577,,,True,,,,,,,,,
F4_source,eval_50288_low,after_block_4,0.003063736618096823,0.005728657843391301,,,True,,,,,,,,,
F4_source,eval_50288_low,after_block_5,0.003063736618096823,0.006009265533155683,,,True,,,,,,,,,
F4_source,eval_50288_low,after_block_6,0.003063736618096823,0.013087180733471123,,,True,,,,,,,,,
F4_source,eval_50288_low,after_block_7,0.003063736618096823,0.013520191937138203,,,True,,,,,,,,,
F4_source,eval_50288_low,after_block_8,0.003063736618096823,0.019037493257855864,,,True,,,,,,,,,
F4_source,eval_50288_low,after_block_9,0.003063736618096823,0.02556133399797628,,,True,,,,,,,,,
F4_source,eval_50288_low,after_block_10,0.003063736618096823,0.025723655167581325,,,True,,,,,,,,,
F4_source,eval_50288_low,after_block_11,0.003063736618096823,0.027630131235837244,,,True,,,,,,,,,
F4_source,eval_50288_low,after_block_12,0.003063736618096823,0.02408997216355148,,,True,,,,,,,,,
F4_source,eval_50288_low,after_block_13,0.003063736618096823,0.019129784317876108,,,True,,,,,,,,,
F4_source,eval_50288_low,after_block_14,0.003063736618096823,0.01807599358198545,,,True,,,,,,,,,
F4_source,eval_50288_low,after_block_15,0.003063736618096823,0.016627559538011528,,,True,,,,,,,,,
F4_source,eval_50288_low,after_block_16,0.003063736618096823,0.016491928208757757,,,True,,,,,,,,,
F4_source,eval_50288_low,after_block_17,0.003063736618096823,0.012168919191779712,,,True,,,,,,,,,
F4_source,eval_50288_low,after_block_18,0.003063736618096823,0.01197590009519448,,,True,,,,,,,,,
F4_source,eval_50288_low,after_block_19,0.003063736618096823,0.012003591429940605,,,True,,,,,,,,,
F4_source,eval_50288_low,after_block_20,0.003063736618096823,0.011377331419004877,,,True,,,,,,,,,
F4_source,eval_50288_low,after_block_21,0.003063736618096823,0.012569808504649626,,,True,,,,,,,,,
F4_source,eval_50288_low,after_block_22,0.003063736618096823,0.012361568018124654,,,True,,,,,,,,,
F4_source,eval_50288_low,after_block_23,0.003063736618096823,0.013709229539764051,,,True,,,,,,,,,
F4_source,eval_50288_low,after_block_24,0.003063736618096823,0.012317398948862917,,,True,,,,,,,,,
F4_source,eval_50288_low,after_block_25,0.003063736618096823,0.012348510166593477,,,True,,,,,,,,,
F4_source,eval_50288_low,after_block_26,0.003063736618096823,0.014762981195494471,,,True,,,,,,,,,
F4_source,eval_50288_low,after_block_27,0.003063736618096823,0.014789352000951819,,,True,,,,,,,,,
F4_source,eval_50288_low,after_block_28,0.003063736618096823,0.01575833418258946,,,True,,,,,,,,,
F4_source,eval_50288_low,after_block_29,0.003063736618096823,0.015021985920547421,,,True,,,,,,,,,
F4_source,eval_50301_high,after_block_0,0.06688255651277687,0.06656501356732336,,,True,,,,,,,,,
F4_source,eval_50301_high,after_block_1,0.06688255651277687,0.06607843897733098,,,True,,,,,,,,,
F4_source,eval_50301_high,after_block_2,0.06688255651277687,0.060134193642059255,,,True,,,,,,,,,
F4_source,eval_50301_high,after_block_3,0.06688255651277687,0.0602479847154489,,,True,,,,,,,,,
F4_source,eval_50301_high,after_block_4,0.06688255651277687,0.05410364315383169,,,True,,,,,,,,,
F4_source,eval_50301_high,after_block_5,0.06688255651277687,0.05392302720594886,,,True,,,,,,,,,
F4_source,eval_50301_high,after_block_6,0.06688255651277687,0.05217988282847949,,,True,,,,,,,,,
F4_source,eval_50301_high,after_block_7,0.06688255651277687,0.05230641568623029,,,True,,,,,,,,,
F4_source,eval_50301_high,after_block_8,0.06688255651277687,0.051309446036219765,,,True,,,,,,,,,
F4_source,eval_50301_high,after_block_9,0.06688255651277687,0.04840375381027863,,,True,,,,,,,,,
F4_source,eval_50301_high,after_block_10,0.06688255651277687,0.049977573124665296,,,True,,,,,,,,,
F4_source,eval_50301_high,after_block_11,0.06688255651277687,0.049465775308391136,,,True,,,,,,,,,
F4_source,eval_50301_high,after_block_12,0.06688255651277687,0.053794725295436954,,,True,,,,,,,,,
F4_source,eval_50301_high,after_block_13,0.06688255651277687,0.055200802495911895,,,True,,,,,,,,,
F4_source,eval_50301_high,after_block_14,0.06688255651277687,0.05816381089256802,,,True,,,,,,,,,
F4_source,eval_50301_high,after_block_15,0.06688255651277687,0.056811937131874,,,True,,,,,,,,,
F4_source,eval_50301_high,after_block_16,0.06688255651277687,0.056925739712096746,,,True,,,,,,,,,
F4_source,eval_50301_high,after_block_17,0.06688255651277687,0.0566181620578486,,,True,,,,,,,,,
F4_source,eval_50301_high,after_block_18,0.06688255651277687,0.05667643932456762,,,True,,,,,,,,,
F4_source,eval_50301_high,after_block_19,0.06688255651277687,0.05492167863039658,,,True,,,,,,,,,
F4_source,eval_50301_high,after_block_20,0.06688255651277687,0.05304796117963821,,,True,,,,,,,,,
F4_source,eval_50301_high,after_block_21,0.06688255651277687,0.05061188933193546,,,True,,,,,,,,,
F4_source,eval_50301_high,after_block_22,0.06688255651277687,0.050360326360839,,,True,,,,,,,,,
F4_source,eval_50301_high,after_block_23,0.06688255651277687,0.04858343998887953,,,True,,,,,,,,,
F4_source,eval_50301_high,after_block_24,0.06688255651277687,0.048764200717755335,,,True,,,,,,,,,
F4_source,eval_50301_high,after_block_25,0.06688255651277687,0.048976233288678894,,,True,,,,,,,,,
F4_source,eval_50301_high,after_block_26,0.06688255651277687,0.04843112579817993,,,True,,,,,,,,,
F4_source,eval_50301_high,after_block_27,0.06688255651277687,0.0476892705447691,,,True,,,,,,,,,
F4_source,eval_50301_high,after_block_28,0.06688255651277687,0.046948521527292966,,,True,,,,,,,,,
F4_source,eval_50301_high,after_block_29,0.06688255651277687,0.0465813219944638,,,True,,,,,,,,,
F4_source,eval_50000_high,after_block_0,0.06511387887451758,0.06567496719022041,,,True,,,,,,,,,
F4_source,eval_50000_high,after_block_1,0.06511387887451758,0.06495350913229048,,,True,,,,,,,,,
F4_source,eval_50000_high,after_block_2,0.06511387887451758,0.05925707966873907,,,True,,,,,,,,,
F4_source,eval_50000_high,after_block_3,0.06511387887451758,0.059381187152468595,,,True,,,,,,,,,
F4_source,eval_50000_high,after_block_4,0.06511387887451758,0.053819991788929954,,,True,,,,,,,,,
F4_source,eval_50000_high,after_block_5,0.06511387887451758,0.05398168446599203,,,True,,,,,,,,,
F4_source,eval_50000_high,after_block_6,0.06511387887451758,0.052359465294000526,,,True,,,,,,,,,
F4_source,eval_50000_high,after_block_7,0.06511387887451758,0.05252589556725129,,,True,,,,,,,,,
F4_source,eval_50000_high,after_block_8,0.06511387887451758,0.051561723532924285,,,True,,,,,,,,,
F4_source,eval_50000_high,after_block_9,0.06511387887451758,0.04987136780449725,,,True,,,,,,,,,
F4_source,eval_50000_high,after_block_10,0.06511387887451758,0.051303771578048656,,,True,,,,,,,,,
F4_source,eval_50000_high,after_block_11,0.06511387887451758,0.050362997873096026,,,True,,,,,,,,,
F4_source,eval_50000_high,after_block_12,0.06511387887451758,0.05469159511029871,,,True,,,,,,,,,
F4_source,eval_50000_high,after_block_13,0.06511387887451758,0.05650341296300594,,,True,,,,,,,,,
F4_source,eval_50000_high,after_block_14,0.06511387887451758,0.05960532387534963,,,True,,,,,,,,,
F4_source,eval_50000_high,after_block_15,0.06511387887451758,0.060643723825661,,,True,,,,,,,,,
F4_source,eval_50000_high,after_block_16,0.06511387887451758,0.060843637164694354,,,True,,,,,,,,,
F4_source,eval_50000_high,after_block_17,0.06511387887451758,0.059305369118953934,,,True,,,,,,,,,
F4_source,eval_50000_high,after_block_18,0.06511387887451758,0.05733769138027088,,,True,,,,,,,,,
F4_source,eval_50000_high,after_block_19,0.06511387887451758,0.054169484954946306,,,True,,,,,,,,,
F4_source,eval_50000_high,after_block_20,0.06511387887451758,0.05271263370823362,,,True,,,,,,,,,
F4_source,eval_50000_high,after_block_21,0.06511387887451758,0.049588378503633436,,,True,,,,,,,,,
F4_source,eval_50000_high,after_block_22,0.06511387887451758,0.050645019482637596,,,True,,,,,,,,,
F4_source,eval_50000_high,after_block_23,0.06511387887451758,0.04827695011276333,,,True,,,,,,,,,
F4_source,eval_50000_high,after_block_24,0.06511387887451758,0.048665537431149486,,,True,,,,,,,,,
F4_source,eval_50000_high,after_block_25,0.06511387887451758,0.048855696007713244,,,True,,,,,,,,,
F4_source,eval_50000_high,after_block_26,0.06511387887451758,0.04656258425319112,,,True,,,,,,,,,
F4_source,eval_50000_high,after_block_27,0.06511387887451758,0.046375766365469355,,,True,,,,,,,,,
F4_source,eval_50000_high,after_block_28,0.06511387887451758,0.04565502163503028,,,True,,,,,,,,,
F4_source,eval_50000_high,after_block_29,0.06511387887451758,0.04551214046886443,,,True,,,,,,,,,
F4_source,eval_50014_high,after_block_0,0.06461412859500178,0.06512456598955026,,,True,,,,,,,,,
F4_source,eval_50014_high,after_block_1,0.06461412859500178,0.06383150336557288,,,True,,,,,,,,,
F4_source,eval_50014_high,after_block_2,0.06461412859500178,0.05829465244216645,,,True,,,,,,,,,
F4_source,eval_50014_high,after_block_3,0.06461412859500178,0.05837023486074415,,,True,,,,,,,,,
F4_source,eval_50014_high,after_block_4,0.06461412859500178,0.05421730164288086,,,True,,,,,,,,,
F4_source,eval_50014_high,after_block_5,0.06461412859500178,0.053981718925972824,,,True,,,,,,,,,
F4_source,eval_50014_high,after_block_6,0.06461412859500178,0.05261502540630207,,,True,,,,,,,,,
F4_source,eval_50014_high,after_block_7,0.06461412859500178,0.05281011570945517,,,True,,,,,,,,,
F4_source,eval_50014_high,after_block_8,0.06461412859500178,0.05262126836379453,,,True,,,,,,,,,
F4_source,eval_50014_high,after_block_9,0.06461412859500178,0.05116224430565366,,,True,,,,,,,,,
F4_source,eval_50014_high,after_block_10,0.06461412859500178,0.052743488991826806,,,True,,,,,,,,,
F4_source,eval_50014_high,after_block_11,0.06461412859500178,0.05196551377770744,,,True,,,,,,,,,
F4_source,eval_50014_high,after_block_12,0.06461412859500178,0.055426612852862205,,,True,,,,,,,,,
F4_source,eval_50014_high,after_block_13,0.06461412859500178,0.056436859276653345,,,True,,,,,,,,,
F4_source,eval_50014_high,after_block_14,0.06461412859500178,0.059604470703068034,,,True,,,,,,,,,
F4_source,eval_50014_high,after_block_15,0.06461412859500178,0.06145055094037184,,,True,,,,,,,,,
F4_source,eval_50014_high,after_block_16,0.06461412859500178,0.0614617071224361,,,True,,,,,,,,,
F4_source,eval_50014_high,after_block_17,0.06461412859500178,0.05869221125025474,,,True,,,,,,,,,
F4_source,eval_50014_high,after_block_18,0.06461412859500178,0.05828230150171214,,,True,,,,,,,,,
F4_source,eval_50014_high,after_block_19,0.06461412859500178,0.05247549460762979,,,True,,,,,,,,,
F4_source,eval_50014_high,after_block_20,0.06461412859500178,0.04999723073410329,,,True,,,,,,,,,
F4_source,eval_50014_high,after_block_21,0.06461412859500178,0.04893278234778809,,,True,,,,,,,,,
F4_source,eval_50014_high,after_block_22,0.06461412859500178,0.049087601855957876,,,True,,,,,,,,,
F4_source,eval_50014_high,after_block_23,0.06461412859500178,0.047038690601128266,,,True,,,,,,,,,
F4_source,eval_50014_high,after_block_24,0.06461412859500178,0.04745042355034278,,,True,,,,,,,,,
F4_source,eval_50014_high,after_block_25,0.06461412859500178,0.046966625476221074,,,True,,,,,,,,,
F4_source,eval_50014_high,after_block_26,0.06461412859500178,0.04504203420791609,,,True,,,,,,,,,
F4_source,eval_50014_high,after_block_27,0.06461412859500178,0.044869777040468815,,,True,,,,,,,,,
F4_source,eval_50014_high,after_block_28,0.06461412859500178,0.044146769535312644,,,True,,,,,,,,,
F4_source,eval_50014_high,after_block_29,0.06461412859500178,0.04385402825832608,,,True,,,,,,,,,
F4_source,eval_50034_low,after_block_0,0.01684377991700454,0.01649122777689714,,,True,,,,,,,,,
F4_source,eval_50034_low,after_block_1,0.01684377991700454,0.016784540757636707,,,True,,,,,,,,,
F4_source,eval_50034_low,after_block_2,0.01684377991700454,0.017462469985285757,,,True,,,,,,,,,
F4_source,eval_50034_low,after_block_3,0.01684377991700454,0.01778448980721856,,,True,,,,,,,,,
F4_source,eval_50034_low,after_block_4,0.01684377991700454,0.01841952803836319,,,True,,,,,,,,,
F4_source,eval_50034_low,after_block_5,0.01684377991700454,0.01884628454876875,,,True,,,,,,,,,
F4_source,eval_50034_low,after_block_6,0.01684377991700454,0.020884989392072895,,,True,,,,,,,,,
F4_source,eval_50034_low,after_block_7,0.01684377991700454,0.02162382739395948,,,True,,,,,,,,,
F4_source,eval_50034_low,after_block_8,0.01684377991700454,0.020433664028730425,,,True,,,,,,,,,
F4_source,eval_50034_low,after_block_9,0.01684377991700454,0.0204249080350845,,,True,,,,,,,,,
F4_source,eval_50034_low,after_block_10,0.01684377991700454,0.017272628606644684,,,True,,,,,,,,,
F4_source,eval_50034_low,after_block_11,0.01684377991700454,0.018789546946069317,,,True,,,,,,,,,
F4_source,eval_50034_low,after_block_12,0.01684377991700454,0.015876829551319787,,,True,,,,,,,,,
F4_source,eval_50034_low,after_block_13,0.01684377991700454,0.012394424407627953,,,True,,,,,,,,,
F4_source,eval_50034_low,after_block_14,0.01684377991700454,0.019800355321785097,,,True,,,,,,,,,
F4_source,eval_50034_low,after_block_15,0.01684377991700454,0.030457779559359965,,,False,detected_frames_below_58,,,,,,,,
F4_source,eval_50034_low,after_block_16,0.01684377991700454,0.029467028542225774,,,False,detected_frames_below_58,,,,,,,,
F4_source,eval_50034_low,after_block_17,0.01684377991700454,0.02764607522640123,,,False,detected_frames_below_58,,,,,,,,
F4_source,eval_50034_low,after_block_18,0.01684377991700454,0.025134891931838228,,,False,detected_frames_below_58,,,,,,,,
F4_source,eval_50034_low,after_block_19,0.01684377991700454,0.023754622261899623,,,False,detected_frames_below_58,,,,,,,,
F4_source,eval_50034_low,after_block_20,0.01684377991700454,0.020410939323983655,,,True,,,,,,,,,
F4_source,eval_50034_low,after_block_21,0.01684377991700454,0.022898993696914404,,,True,,,,,,,,,
F4_source,eval_50034_low,after_block_22,0.01684377991700454,0.02455029575268338,,,True,,,,,,,,,
F4_source,eval_50034_low,after_block_23,0.01684377991700454,0.02378555160563472,,,True,,,,,,,,,
F4_source,eval_50034_low,after_block_24,0.01684377991700454,0.021529868944201145,,,True,,,,,,,,,
F4_source,eval_50034_low,after_block_25,0.01684377991700454,0.021575444459705103,,,True,,,,,,,,,
F4_source,eval_50034_low,after_block_26,0.01684377991700454,0.020803319722311663,,,True,,,,,,,,,
F4_source,eval_50034_low,after_block_27,0.01684377991700454,0.020622583515877157,,,True,,,,,,,,,
F4_source,eval_50034_low,after_block_28,0.01684377991700454,0.02087660464310272,,,True,,,,,,,,,
F4_source,eval_50034_low,after_block_29,0.01684377991700454,0.02151181316634574,,,True,,,,,,,,,
F4_source,eval_50060_low,after_block_0,0.005894401651397412,0.005804340475252606,,,True,,,,,,,,,
F4_source,eval_50060_low,after_block_1,0.005894401651397412,0.00599909137900197,,,True,,,,,,,,,
F4_source,eval_50060_low,after_block_2,0.005894401651397412,0.006677421729715316,,,True,,,,,,,,,
F4_source,eval_50060_low,after_block_3,0.005894401651397412,0.006647190853176721,,,True,,,,,,,,,
F4_source,eval_50060_low,after_block_4,0.005894401651397412,0.0066542157723102225,,,True,,,,,,,,,
F4_source,eval_50060_low,after_block_5,0.005894401651397412,0.006699239668393002,,,True,,,,,,,,,
F4_source,eval_50060_low,after_block_6,0.005894401651397412,0.01314997451531794,,,True,,,,,,,,,
F4_source,eval_50060_low,after_block_7,0.005894401651397412,0.013154883657778619,,,True,,,,,,,,,
F4_source,eval_50060_low,after_block_8,0.005894401651397412,0.016188549375597813,,,True,,,,,,,,,
F4_source,eval_50060_low,after_block_9,0.005894401651397412,0.022542961107569516,,,True,,,,,,,,,
F4_source,eval_50060_low,after_block_10,0.005894401651397412,0.02085050195377953,,,True,,,,,,,,,
F4_source,eval_50060_low,after_block_11,0.005894401651397412,0.02330012842475207,,,True,,,,,,,,,
F4_source,eval_50060_low,after_block_12,0.005894401651397412,0.018631857188380178,,,True,,,,,,,,,
F4_source,eval_50060_low,after_block_13,0.005894401651397412,0.013015666277696672,,,True,,,,,,,,,
F4_source,eval_50060_low,after_block_14,0.005894401651397412,0.012813169126529458,,,True,,,,,,,,,
F4_source,eval_50060_low,after_block_15,0.005894401651397412,0.014877734754270872,,,True,,,,,,,,,
F4_source,eval_50060_low,after_block_16,0.005894401651397412,0.013756995515024925,,,True,,,,,,,,,
F4_source,eval_50060_low,after_block_17,0.005894401651397412,0.012416191967795878,,,True,,,,,,,,,
F4_source,eval_50060_low,after_block_18,0.005894401651397412,0.012548556734527561,,,True,,,,,,,,,
F4_source,eval_50060_low,after_block_19,0.005894401651397412,0.01019895268236795,,,True,,,,,,,,,
F4_source,eval_50060_low,after_block_20,0.005894401651397412,0.012442173869802379,,,True,,,,,,,,,
F4_source,eval_50060_low,after_block_21,0.005894401651397412,0.01239552074920715,,,True,,,,,,,,,
F4_source,eval_50060_low,after_block_22,0.005894401651397412,0.011908939163109146,,,True,,,,,,,,,
F4_source,eval_50060_low,after_block_23,0.005894401651397412,0.009726343798748227,,,True,,,,,,,,,
F4_source,eval_50060_low,after_block_24,0.005894401651397412,0.00833755443786893,,,True,,,,,,,,,
F4_source,eval_50060_low,after_block_25,0.005894401651397412,0.008443565846313759,,,True,,,,,,,,,
F4_source,eval_50060_low,after_block_26,0.005894401651397412,0.011192613441191386,,,True,,,,,,,,,
F4_source,eval_50060_low,after_block_27,0.005894401651397412,0.011106703497320108,,,True,,,,,,,,,
F4_source,eval_50060_low,after_block_28,0.005894401651397412,0.011263100247146702,,,True,,,,,,,,,
F4_source,eval_50060_low,after_block_29,0.005894401651397412,0.01102143680323288,,,True,,,,,,,,,
F4_source,eval_50076_high,after_block_0,0.06567481243204965,0.06438247829319521,,,True,,,,,,,,,
F4_source,eval_50076_high,after_block_1,0.06567481243204965,0.06416862523389413,,,True,,,,,,,,,
F4_source,eval_50076_high,after_block_2,0.06567481243204965,0.059434438652372426,,,True,,,,,,,,,
F4_source,eval_50076_high,after_block_3,0.06567481243204965,0.0595968092798607,,,True,,,,,,,,,
F4_source,eval_50076_high,after_block_4,0.06567481243204965,0.05403141904849579,,,True,,,,,,,,,
F4_source,eval_50076_high,after_block_5,0.06567481243204965,0.05396578822275929,,,True,,,,,,,,,
F4_source,eval_50076_high,after_block_6,0.06567481243204965,0.05228072464919225,,,True,,,,,,,,,
F4_source,eval_50076_high,after_block_7,0.06567481243204965,0.05251404678138353,,,True,,,,,,,,,
F4_source,eval_50076_high,after_block_8,0.06567481243204965,0.05169604783243689,,,True,,,,,,,,,
F4_source,eval_50076_high,after_block_9,0.06567481243204965,0.04891693203927181,,,True,,,,,,,,,
F4_source,eval_50076_high,after_block_10,0.06567481243204965,0.049526836687459795,,,True,,,,,,,,,
F4_source,eval_50076_high,after_block_11,0.06567481243204965,0.0487770964639607,,,True,,,,,,,,,
F4_source,eval_50076_high,after_block_12,0.06567481243204965,0.05299638719351039,,,True,,,,,,,,,
F4_source,eval_50076_high,after_block_13,0.06567481243204965,0.05438307816011115,,,True,,,,,,,,,
F4_source,eval_50076_high,after_block_14,0.06567481243204965,0.05782476604423985,,,True,,,,,,,,,
F4_source,eval_50076_high,after_block_15,0.06567481243204965,0.06036580354676886,,,True,,,,,,,,,
F4_source,eval_50076_high,after_block_16,0.06567481243204965,0.06044450108455246,,,True,,,,,,,,,
F4_source,eval_50076_high,after_block_17,0.06567481243204965,0.058798430482207016,,,True,,,,,,,,,
F4_source,eval_50076_high,after_block_18,0.06567481243204965,0.05874211112547113,,,True,,,,,,,,,
F4_source,eval_50076_high,after_block_19,0.06567481243204965,0.05347709856476748,,,True,,,,,,,,,
F4_source,eval_50076_high,after_block_20,0.06567481243204965,0.051502574222058076,,,True,,,,,,,,,
F4_source,eval_50076_high,after_block_21,0.06567481243204965,0.05000784662596025,,,True,,,,,,,,,
F4_source,eval_50076_high,after_block_22,0.06567481243204965,0.04935390124363228,,,True,,,,,,,,,
F4_source,eval_50076_high,after_block_23,0.06567481243204965,0.04753376378492512,,,True,,,,,,,,,
F4_source,eval_50076_high,after_block_24,0.06567481243204965,0.048087829613681035,,,True,,,,,,,,,
F4_source,eval_50076_high,after_block_25,0.06567481243204965,0.048312696758169044,,,True,,,,,,,,,
F4_source,eval_50076_high,after_block_26,0.06567481243204965,0.04586902411328892,,,True,,,,,,,,,
F4_source,eval_50076_high,after_block_27,0.06567481243204965,0.045798300144577385,,,True,,,,,,,,,
F4_source,eval_50076_high,after_block_28,0.06567481243204965,0.04530310477401256,,,True,,,,,,,,,
F4_source,eval_50076_high,after_block_29,0.06567481243204965,0.044587682366255356,,,True,,,,,,,,,
F4_source,eval_50084_low,after_block_0,0.005143582295106868,0.004762122737942264,,,True,,,,,,,,,
F4_source,eval_50084_low,after_block_1,0.005143582295106868,0.004841505623425912,,,True,,,,,,,,,
F4_source,eval_50084_low,after_block_2,0.005143582295106868,0.005740607524891838,,,True,,,,,,,,,
F4_source,eval_50084_low,after_block_3,0.005143582295106868,0.005883211846794709,,,True,,,,,,,,,
F4_source,eval_50084_low,after_block_4,0.005143582295106868,0.006581365415824402,,,True,,,,,,,,,
F4_source,eval_50084_low,after_block_5,0.005143582295106868,0.006867178281598063,,,True,,,,,,,,,
F4_source,eval_50084_low,after_block_6,0.005143582295106868,0.013596668803494154,,,True,,,,,,,,,
F4_source,eval_50084_low,after_block_7,0.005143582295106868,0.013726548934329673,,,True,,,,,,,,,
F4_source,eval_50084_low,after_block_8,0.005143582295106868,0.016944818420131888,,,True,,,,,,,,,
F4_source,eval_50084_low,after_block_9,0.005143582295106868,0.02279751653107919,,,True,,,,,,,,,
F4_source,eval_50084_low,after_block_10,0.005143582295106868,0.021859704188329304,,,True,,,,,,,,,
F4_source,eval_50084_low,after_block_11,0.005143582295106868,0.024020713635413398,,,True,,,,,,,,,
F4_source,eval_50084_low,after_block_12,0.005143582295106868,0.019440326597779677,,,True,,,,,,,,,
F4_source,eval_50084_low,after_block_13,0.005143582295106868,0.014698983527243916,,,True,,,,,,,,,
F4_source,eval_50084_low,after_block_14,0.005143582295106868,0.014804327005191702,,,True,,,,,,,,,
F4_source,eval_50084_low,after_block_15,0.005143582295106868,0.015724280998876034,,,True,,,,,,,,,
F4_source,eval_50084_low,after_block_16,0.005143582295106868,0.01569921150590012,,,True,,,,,,,,,
F4_source,eval_50084_low,after_block_17,0.005143582295106868,0.013899007388282454,,,True,,,,,,,,,
F4_source,eval_50084_low,after_block_18,0.005143582295106868,0.014430695856027255,,,True,,,,,,,,,
F4_source,eval_50084_low,after_block_19,0.005143582295106868,0.012181490656971711,,,True,,,,,,,,,
F4_source,eval_50084_low,after_block_20,0.005143582295106868,0.011638161851512684,,,True,,,,,,,,,
F4_source,eval_50084_low,after_block_21,0.005143582295106868,0.013907829655187005,,,True,,,,,,,,,
F4_source,eval_50084_low,after_block_22,0.005143582295106868,0.014075061325122738,,,True,,,,,,,,,
F4_source,eval_50084_low,after_block_23,0.005143582295106868,0.012003754605754985,,,True,,,,,,,,,
F4_source,eval_50084_low,after_block_24,0.005143582295106868,0.011392293605054863,,,True,,,,,,,,,
F4_source,eval_50084_low,after_block_25,0.005143582295106868,0.011221177268636444,,,True,,,,,,,,,
F4_source,eval_50084_low,after_block_26,0.005143582295106868,0.01296665775521182,,,True,,,,,,,,,
F4_source,eval_50084_low,after_block_27,0.005143582295106868,0.013959717876120473,,,True,,,,,,,,,
F4_source,eval_50084_low,after_block_28,0.005143582295106868,0.013078588591368281,,,True,,,,,,,,,
F4_source,eval_50084_low,after_block_29,0.005143582295106868,0.01290354126472237,,,True,,,,,,,,,
F4_source,eval_50122_high,after_block_0,0.06572112249168846,0.06611703624042284,,,True,,,,,,,,,
F4_source,eval_50122_high,after_block_1,0.06572112249168846,0.06536931305872862,,,True,,,,,,,,,
F4_source,eval_50122_high,after_block_2,0.06572112249168846,0.059858451428744144,,,True,,,,,,,,,
F4_source,eval_50122_high,after_block_3,0.06572112249168846,0.060006786407193355,,,True,,,,,,,,,
F4_source,eval_50122_high,after_block_4,0.06572112249168846,0.054419057044559765,,,True,,,,,,,,,
F4_source,eval_50122_high,after_block_5,0.06572112249168846,0.054171547418223664,,,True,,,,,,,,,
F4_source,eval_50122_high,after_block_6,0.06572112249168846,0.051975276286923715,,,True,,,,,,,,,
F4_source,eval_50122_high,after_block_7,0.06572112249168846,0.05216614486447071,,,True,,,,,,,,,
F4_source,eval_50122_high,after_block_8,0.06572112249168846,0.051592553574118426,,,True,,,,,,,,,
F4_source,eval_50122_high,after_block_9,0.06572112249168846,0.05039910486947876,,,True,,,,,,,,,
F4_source,eval_50122_high,after_block_10,0.06572112249168846,0.05115417867612215,,,True,,,,,,,,,
F4_source,eval_50122_high,after_block_11,0.06572112249168846,0.050612260626731756,,,True,,,,,,,,,
F4_source,eval_50122_high,after_block_12,0.06572112249168846,0.05506995482454898,,,True,,,,,,,,,
F4_source,eval_50122_high,after_block_13,0.06572112249168846,0.05605469801535982,,,True,,,,,,,,,
F4_source,eval_50122_high,after_block_14,0.06572112249168846,0.05866606398244387,,,True,,,,,,,,,
F4_source,eval_50122_high,after_block_15,0.06572112249168846,0.0630799833639431,,,True,,,,,,,,,
F4_source,eval_50122_high,after_block_16,0.06572112249168846,0.0628251633138191,,,True,,,,,,,,,
F4_source,eval_50122_high,after_block_17,0.06572112249168846,0.05896759453783659,,,True,,,,,,,,,
F4_source,eval_50122_high,after_block_18,0.06572112249168846,0.056225528328895644,,,True,,,,,,,,,
F4_source,eval_50122_high,after_block_19,0.06572112249168846,0.054339049274249984,,,True,,,,,,,,,
F4_source,eval_50122_high,after_block_20,0.06572112249168846,0.05213962023561651,,,True,,,,,,,,,
F4_source,eval_50122_high,after_block_21,0.06572112249168846,0.05057268674383912,,,True,,,,,,,,,
F4_source,eval_50122_high,after_block_22,0.06572112249168846,0.05041919050941446,,,True,,,,,,,,,
F4_source,eval_50122_high,after_block_23,0.06572112249168846,0.048565662057804576,,,True,,,,,,,,,
F4_source,eval_50122_high,after_block_24,0.06572112249168846,0.048451246555033564,,,True,,,,,,,,,
F4_source,eval_50122_high,after_block_25,0.06572112249168846,0.04870680752313761,,,True,,,,,,,,,
F4_source,eval_50122_high,after_block_26,0.06572112249168846,0.04820423254324252,,,True,,,,,,,,,
F4_source,eval_50122_high,after_block_27,0.06572112249168846,0.04808505742515352,,,True,,,,,,,,,
F4_source,eval_50122_high,after_block_28,0.06572112249168846,0.04697141716915471,,,True,,,,,,,,,
F4_source,eval_50122_high,after_block_29,0.06572112249168846,0.04548321229484729,,,True,,,,,,,,,
F4_source,eval_50143_high,after_block_0,0.06531368708892389,0.06517661938679425,,,True,,,,,,,,,
F4_source,eval_50143_high,after_block_1,0.06531368708892389,0.06445965310186849,,,True,,,,,,,,,
F4_source,eval_50143_high,after_block_2,0.06531368708892389,0.05977784567571708,,,True,,,,,,,,,
F4_source,eval_50143_high,after_block_3,0.06531368708892389,0.05986617527393454,,,True,,,,,,,,,
F4_source,eval_50143_high,after_block_4,0.06531368708892389,0.05378458354775568,,,True,,,,,,,,,
F4_source,eval_50143_high,after_block_5,0.06531368708892389,0.05340125297271681,,,True,,,,,,,,,
F4_source,eval_50143_high,after_block_6,0.06531368708892389,0.051865767985937825,,,True,,,,,,,,,
F4_source,eval_50143_high,after_block_7,0.06531368708892389,0.05201132372443992,,,True,,,,,,,,,
F4_source,eval_50143_high,after_block_8,0.06531368708892389,0.051262453613751174,,,True,,,,,,,,,
F4_source,eval_50143_high,after_block_9,0.06531368708892389,0.049381957966219116,,,True,,,,,,,,,
F4_source,eval_50143_high,after_block_10,0.06531368708892389,0.0501891407680947,,,True,,,,,,,,,
F4_source,eval_50143_high,after_block_11,0.06531368708892389,0.049657314379242874,,,True,,,,,,,,,
F4_source,eval_50143_high,after_block_12,0.06531368708892389,0.054176270415416936,,,True,,,,,,,,,
F4_source,eval_50143_high,after_block_13,0.06531368708892389,0.05546275257288005,,,True,,,,,,,,,
F4_source,eval_50143_high,after_block_14,0.06531368708892389,0.05952596955790603,,,True,,,,,,,,,
F4_source,eval_50143_high,after_block_15,0.06531368708892389,0.057704299410188654,,,True,,,,,,,,,
F4_source,eval_50143_high,after_block_16,0.06531368708892389,0.05755521614241404,,,True,,,,,,,,,
F4_source,eval_50143_high,after_block_17,0.06531368708892389,0.056509961828956054,,,True,,,,,,,,,
F4_source,eval_50143_high,after_block_18,0.06531368708892389,0.05669837529628413,,,True,,,,,,,,,
F4_source,eval_50143_high,after_block_19,0.06531368708892389,0.05277893734331492,,,True,,,,,,,,,
F4_source,eval_50143_high,after_block_20,0.06531368708892389,0.053422776420451366,,,True,,,,,,,,,
F4_source,eval_50143_high,after_block_21,0.06531368708892389,0.051161146790259966,,,True,,,,,,,,,
F4_source,eval_50143_high,after_block_22,0.06531368708892389,0.05066942335526534,,,True,,,,,,,,,
F4_source,eval_50143_high,after_block_23,0.06531368708892389,0.04822555303585497,,,True,,,,,,,,,
F4_source,eval_50143_high,after_block_24,0.06531368708892389,0.04843742751208314,,,True,,,,,,,,,
F4_source,eval_50143_high,after_block_25,0.06531368708892389,0.048638016178377916,,,True,,,,,,,,,
F4_source,eval_50143_high,after_block_26,0.06531368708892389,0.04632346500895687,,,True,,,,,,,,,
F4_source,eval_50143_high,after_block_27,0.06531368708892389,0.04596284700338877,,,True,,,,,,,,,
F4_source,eval_50143_high,after_block_28,0.06531368708892389,0.045234370224324846,,,True,,,,,,,,,
F4_source,eval_50143_high,after_block_29,0.06531368708892389,0.04495694817064788,,,True,,,,,,,,,
F4_source,eval_50153_low,after_block_0,0.004825156577535588,0.005082783416074107,,,True,,,,,,,,,
F4_source,eval_50153_low,after_block_1,0.004825156577535588,0.005155047133972829,,,True,,,,,,,,,
F4_source,eval_50153_low,after_block_2,0.004825156577535588,0.0059426626359082736,,,True,,,,,,,,,
F4_source,eval_50153_low,after_block_3,0.004825156577535588,0.005945032173674395,,,True,,,,,,,,,
F4_source,eval_50153_low,after_block_4,0.004825156577535588,0.006528662750848247,,,True,,,,,,,,,
F4_source,eval_50153_low,after_block_5,0.004825156577535588,0.006581758142506214,,,True,,,,,,,,,
F4_source,eval_50153_low,after_block_6,0.004825156577535588,0.013590747702960973,,,True,,,,,,,,,
F4_source,eval_50153_low,after_block_7,0.004825156577535588,0.013615138906082427,,,True,,,,,,,,,
F4_source,eval_50153_low,after_block_8,0.004825156577535588,0.017911238382498126,,,True,,,,,,,,,
F4_source,eval_50153_low,after_block_9,0.004825156577535588,0.024168341195261345,,,True,,,,,,,,,
F4_source,eval_50153_low,after_block_10,0.004825156577535588,0.022656309097572144,,,True,,,,,,,,,
F4_source,eval_50153_low,after_block_11,0.004825156577535588,0.024969337772971084,,,True,,,,,,,,,
F4_source,eval_50153_low,after_block_12,0.004825156577535588,0.02075968262155341,,,True,,,,,,,,,
F4_source,eval_50153_low,after_block_13,0.004825156577535588,0.015724983805014404,,,True,,,,,,,,,
F4_source,eval_50153_low,after_block_14,0.004825156577535588,0.01651691787389274,,,True,,,,,,,,,
F4_source,eval_50153_low,after_block_15,0.004825156577535588,0.017424189350929504,,,False,detected_frames_below_58,,,,,,,,
F4_source,eval_50153_low,after_block_16,0.004825156577535588,0.017626540186455555,,,False,detected_frames_below_58,,,,,,,,
F4_source,eval_50153_low,after_block_17,0.004825156577535588,0.016586788851995354,,,False,detected_frames_below_58,,,,,,,,
F4_source,eval_50153_low,after_block_18,0.004825156577535588,0.014232728501894028,,,True,,,,,,,,,
F4_source,eval_50153_low,after_block_19,0.004825156577535588,0.014533080211280065,,,True,,,,,,,,,
F4_source,eval_50153_low,after_block_20,0.004825156577535588,0.010128515244903099,,,True,,,,,,,,,
F4_source,eval_50153_low,after_block_21,0.004825156577535588,0.012834743836723882,,,True,,,,,,,,,
F4_source,eval_50153_low,after_block_22,0.004825156577535588,0.01213692586486197,,,True,,,,,,,,,
F4_source,eval_50153_low,after_block_23,0.004825156577535588,0.011416279346482787,,,True,,,,,,,,,
F4_source,eval_50153_low,after_block_24,0.004825156577535588,0.009068687420053796,,,True,,,,,,,,,
F4_source,eval_50153_low,after_block_25,0.004825156577535588,0.0112900775351084,,,True,,,,,,,,,
F4_source,eval_50153_low,after_block_26,0.004825156577535588,0.011178940978837652,,,True,,,,,,,,,
F4_source,eval_50153_low,after_block_27,0.004825156577535588,0.01128357979531565,,,True,,,,,,,,,
F4_source,eval_50153_low,after_block_28,0.004825156577535588,0.011681203284439499,,,True,,,,,,,,,
F4_source,eval_50153_low,after_block_29,0.004825156577535588,0.014184984623688848,,,True,,,,,,,,,
F4_source,eval_50199_high,after_block_0,0.06359471908698018,0.06348379655109183,,,True,,,,,,,,,
F4_source,eval_50199_high,after_block_1,0.06359471908698018,0.062348871183960854,,,True,,,,,,,,,
F4_source,eval_50199_high,after_block_2,0.06359471908698018,0.05862094395197035,,,True,,,,,,,,,
F4_source,eval_50199_high,after_block_3,0.06359471908698018,0.058868334734640856,,,True,,,,,,,,,
F4_source,eval_50199_high,after_block_4,0.06359471908698018,0.05394592471045195,,,True,,,,,,,,,
F4_source,eval_50199_high,after_block_5,0.06359471908698018,0.054099709768930464,,,True,,,,,,,,,
F4_source,eval_50199_high,after_block_6,0.06359471908698018,0.05112885957886741,,,True,,,,,,,,,
F4_source,eval_50199_high,after_block_7,0.06359471908698018,0.05132460119992662,,,True,,,,,,,,,
F4_source,eval_50199_high,after_block_8,0.06359471908698018,0.05088117744131589,,,True,,,,,,,,,
F4_source,eval_50199_high,after_block_9,0.06359471908698018,0.0496263229406344,,,True,,,,,,,,,
F4_source,eval_50199_high,after_block_10,0.06359471908698018,0.050508217050403,,,True,,,,,,,,,
F4_source,eval_50199_high,after_block_11,0.06359471908698018,0.05004853079389476,,,True,,,,,,,,,
F4_source,eval_50199_high,after_block_12,0.06359471908698018,0.05376277612406449,,,True,,,,,,,,,
F4_source,eval_50199_high,after_block_13,0.06359471908698018,0.055016374629100986,,,True,,,,,,,,,
F4_source,eval_50199_high,after_block_14,0.06359471908698018,0.05807143322287317,,,True,,,,,,,,,
F4_source,eval_50199_high,after_block_15,0.06359471908698018,0.056295482064277876,,,True,,,,,,,,,
F4_source,eval_50199_high,after_block_16,0.06359471908698018,0.056375380597554516,,,True,,,,,,,,,
F4_source,eval_50199_high,after_block_17,0.06359471908698018,0.053748250101792495,,,True,,,,,,,,,
F4_source,eval_50199_high,after_block_18,0.06359471908698018,0.05514961324393334,,,True,,,,,,,,,
F4_source,eval_50199_high,after_block_19,0.06359471908698018,0.052513721459980574,,,True,,,,,,,,,
F4_source,eval_50199_high,after_block_20,0.06359471908698018,0.051017127492855335,,,True,,,,,,,,,
F4_source,eval_50199_high,after_block_21,0.06359471908698018,0.048840930587836784,,,True,,,,,,,,,
F4_source,eval_50199_high,after_block_22,0.06359471908698018,0.04828907797674883,,,True,,,,,,,,,
F4_source,eval_50199_high,after_block_23,0.06359471908698018,0.046455022604636804,,,True,,,,,,,,,
F4_source,eval_50199_high,after_block_24,0.06359471908698018,0.046436548666403274,,,True,,,,,,,,,
F4_source,eval_50199_high,after_block_25,0.06359471908698018,0.046631174682604776,,,True,,,,,,,,,
F4_source,eval_50199_high,after_block_26,0.06359471908698018,0.04475495223889928,,,True,,,,,,,,,
F4_source,eval_50199_high,after_block_27,0.06359471908698018,0.04470421639038061,,,True,,,,,,,,,
F4_source,eval_50199_high,after_block_28,0.06359471908698018,0.04392812442456737,,,True,,,,,,,,,
F4_source,eval_50199_high,after_block_29,0.06359471908698018,0.043566481384938925,,,True,,,,,,,,,
F4_source,eval_50246_low,after_block_0,0.013294381761817999,0.013433802843057993,,,True,,,,,,,,,
F4_source,eval_50246_low,after_block_1,0.013294381761817999,0.013550119173398776,,,True,,,,,,,,,
F4_source,eval_50246_low,after_block_2,0.013294381761817999,0.014096923511621463,,,True,,,,,,,,,
F4_source,eval_50246_low,after_block_3,0.013294381761817999,0.014408624916213536,,,True,,,,,,,,,
F4_source,eval_50246_low,after_block_4,0.013294381761817999,0.014711540501884892,,,True,,,,,,,,,
F4_source,eval_50246_low,after_block_5,0.013294381761817999,0.015000754327472457,,,True,,,,,,,,,
F4_source,eval_50246_low,after_block_6,0.013294381761817999,0.017149988701118474,,,True,,,,,,,,,
F4_source,eval_50246_low,after_block_7,0.013294381761817999,0.017542497572399333,,,True,,,,,,,,,
F4_source,eval_50246_low,after_block_8,0.013294381761817999,0.017929530548174373,,,True,,,,,,,,,
F4_source,eval_50246_low,after_block_9,0.013294381761817999,0.020026946182031432,,,True,,,,,,,,,
F4_source,eval_50246_low,after_block_10,0.013294381761817999,0.016409308096623425,,,True,,,,,,,,,
F4_source,eval_50246_low,after_block_11,0.013294381761817999,0.018073546498243956,,,True,,,,,,,,,
F4_source,eval_50246_low,after_block_12,0.013294381761817999,0.014722236427400481,,,True,,,,,,,,,
F4_source,eval_50246_low,after_block_13,0.013294381761817999,0.01059901238187504,,,True,,,,,,,,,
F4_source,eval_50246_low,after_block_14,0.013294381761817999,0.014953598983495912,,,True,,,,,,,,,
F4_source,eval_50246_low,after_block_15,0.013294381761817999,0.02888611770065948,,,False,detected_frames_below_58,,,,,,,,
F4_source,eval_50246_low,after_block_16,0.013294381761817999,0.02806390393978287,,,False,detected_frames_below_58,,,,,,,,
F4_source,eval_50246_low,after_block_17,0.013294381761817999,0.025069971943596014,,,False,detected_frames_below_58,,,,,,,,
F4_source,eval_50246_low,after_block_18,0.013294381761817999,0.020210593193276043,,,True,,,,,,,,,
F4_source,eval_50246_low,after_block_19,0.013294381761817999,0.020007057686225266,,,False,detected_frames_below_58,,,,,,,,
F4_source,eval_50246_low,after_block_20,0.013294381761817999,0.016611729080490887,,,True,,,,,,,,,
F4_source,eval_50246_low,after_block_21,0.013294381761817999,0.02428979812416075,,,False,detected_frames_below_58,,,,,,,,
F4_source,eval_50246_low,after_block_22,0.013294381761817999,0.023967830812406138,,,False,detected_frames_below_58,,,,,,,,
F4_source,eval_50246_low,after_block_23,0.013294381761817999,0.020934464450410254,,,False,detected_frames_below_58,,,,,,,,
F4_source,eval_50246_low,after_block_24,0.013294381761817999,0.017149751467843682,,,True,,,,,,,,,
F4_source,eval_50246_low,after_block_25,0.013294381761817999,0.018572704465600515,,,True,,,,,,,,,
F4_source,eval_50246_low,after_block_26,0.013294381761817999,0.018050795491550406,,,True,,,,,,,,,
F4_source,eval_50246_low,after_block_27,0.013294381761817999,0.01818794549709985,,,True,,,,,,,,,
F4_source,eval_50246_low,after_block_28,0.013294381761817999,0.01825325546125731,,,True,,,,,,,,,
F4_source,eval_50246_low,after_block_29,0.013294381761817999,0.018857721075964687,,,True,,,,,,,,,
F4_source,eval_50257_low,after_block_0,0.016179008259124644,0.016042491153209663,,,True,,,,,,,,,
F4_source,eval_50257_low,after_block_1,0.016179008259124644,0.016125292667880667,,,True,,,,,,,,,
F4_source,eval_50257_low,after_block_2,0.016179008259124644,0.016898458250803296,,,True,,,,,,,,,
F4_source,eval_50257_low,after_block_3,0.016179008259124644,0.0169869347282798,,,True,,,,,,,,,
F4_source,eval_50257_low,after_block_4,0.016179008259124644,0.01776785957475336,,,True,,,,,,,,,
F4_source,eval_50257_low,after_block_5,0.016179008259124644,0.018393455135212653,,,True,,,,,,,,,
F4_source,eval_50257_low,after_block_6,0.016179008259124644,0.020590174592554338,,,True,,,,,,,,,
F4_source,eval_50257_low,after_block_7,0.016179008259124644,0.021266233138524826,,,True,,,,,,,,,
F4_source,eval_50257_low,after_block_8,0.016179008259124644,0.02008128499579646,,,True,,,,,,,,,
F4_source,eval_50257_low,after_block_9,0.016179008259124644,0.019568781848299893,,,True,,,,,,,,,
F4_source,eval_50257_low,after_block_10,0.016179008259124644,0.016251922619754233,,,True,,,,,,,,,
F4_source,eval_50257_low,after_block_11,0.016179008259124644,0.017699938326493754,,,True,,,,,,,,,
F4_source,eval_50257_low,after_block_12,0.016179008259124644,0.014423988070217388,,,True,,,,,,,,,
F4_source,eval_50257_low,after_block_13,0.016179008259124644,0.011062338978070442,,,True,,,,,,,,,
F4_source,eval_50257_low,after_block_14,0.016179008259124644,0.01756706061792627,,,True,,,,,,,,,
F4_source,eval_50257_low,after_block_15,0.016179008259124644,0.0317260049390135,,,False,detected_frames_below_58,,,,,,,,
F4_source,eval_50257_low,after_block_16,0.016179008259124644,0.030534031958264325,,,False,detected_frames_below_58,,,,,,,,
F4_source,eval_50257_low,after_block_17,0.016179008259124644,0.025728967216116984,,,False,detected_frames_below_58,,,,,,,,
F4_source,eval_50257_low,after_block_18,0.016179008259124644,0.021997528932974963,,,True,,,,,,,,,
F4_source,eval_50257_low,after_block_19,0.016179008259124644,0.020131134884345963,,,True,,,,,,,,,
F4_source,eval_50257_low,after_block_20,0.016179008259124644,0.01992415967878883,,,True,,,,,,,,,
F4_source,eval_50257_low,after_block_21,0.016179008259124644,0.021931142275693448,,,True,,,,,,,,,
F4_source,eval_50257_low,after_block_22,0.016179008259124644,0.02419732574744498,,,True,,,,,,,,,
F4_source,eval_50257_low,after_block_23,0.016179008259124644,0.02322296026883858,,,True,,,,,,,,,
F4_source,eval_50257_low,after_block_24,0.016179008259124644,0.021410397194789852,,,True,,,,,,,,,
F4_source,eval_50257_low,after_block_25,0.016179008259124644,0.021234652529358387,,,True,,,,,,,,,
F4_source,eval_50257_low,after_block_26,0.016179008259124644,0.020950741670129905,,,True,,,,,,,,,
F4_source,eval_50257_low,after_block_27,0.016179008259124644,0.02108086898626765,,,True,,,,,,,,,
F4_source,eval_50257_low,after_block_28,0.016179008259124644,0.02108570763323342,,,True,,,,,,,,,
F4_source,eval_50257_low,after_block_29,0.016179008259124644,0.02153389677520779,,,True,,,,,,,,,
F4_source,eval_50261_high,after_block_0,0.06645886878199246,0.06540218198036331,,,True,,,,,,,,,
F4_source,eval_50261_high,after_block_1,0.06645886878199246,0.064613269006286,,,True,,,,,,,,,
F4_source,eval_50261_high,after_block_2,0.06645886878199246,0.05921173666640347,,,True,,,,,,,,,
F4_source,eval_50261_high,after_block_3,0.06645886878199246,0.059566111558791,,,True,,,,,,,,,
F4_source,eval_50261_high,after_block_4,0.06645886878199246,0.053741705483654464,,,True,,,,,,,,,
F4_source,eval_50261_high,after_block_5,0.06645886878199246,0.05373468678438945,,,True,,,,,,,,,
F4_source,eval_50261_high,after_block_6,0.06645886878199246,0.05259060168179485,,,True,,,,,,,,,
F4_source,eval_50261_high,after_block_7,0.06645886878199246,0.05237475164051861,,,True,,,,,,,,,
F4_source,eval_50261_high,after_block_8,0.06645886878199246,0.051782253685570476,,,True,,,,,,,,,
F4_source,eval_50261_high,after_block_9,0.06645886878199246,0.04979654420510309,,,True,,,,,,,,,
F4_source,eval_50261_high,after_block_10,0.06645886878199246,0.05063159794990424,,,True,,,,,,,,,
F4_source,eval_50261_high,after_block_11,0.06645886878199246,0.04995626192053892,,,True,,,,,,,,,
F4_source,eval_50261_high,after_block_12,0.06645886878199246,0.054182929020160184,,,True,,,,,,,,,
F4_source,eval_50261_high,after_block_13,0.06645886878199246,0.05532653993705106,,,True,,,,,,,,,
F4_source,eval_50261_high,after_block_14,0.06645886878199246,0.05941577815168312,,,True,,,,,,,,,
F4_source,eval_50261_high,after_block_15,0.06645886878199246,0.05733116505658767,,,True,,,,,,,,,
F4_source,eval_50261_high,after_block_16,0.06645886878199246,0.05721612898023483,,,True,,,,,,,,,
F4_source,eval_50261_high,after_block_17,0.06645886878199246,0.05655206302547107,,,True,,,,,,,,,
F4_source,eval_50261_high,after_block_18,0.06645886878199246,0.05896139633350413,,,True,,,,,,,,,
F4_source,eval_50261_high,after_block_19,0.06645886878199246,0.05407709084784796,,,True,,,,,,,,,
F4_source,eval_50261_high,after_block_20,0.06645886878199246,0.05177776209051105,,,True,,,,,,,,,
F4_source,eval_50261_high,after_block_21,0.06645886878199246,0.04986089769412799,,,True,,,,,,,,,
F4_source,eval_50261_high,after_block_22,0.06645886878199246,0.0497669393957164,,,True,,,,,,,,,
F4_source,eval_50261_high,after_block_23,0.06645886878199246,0.04781850883029065,,,True,,,,,,,,,
F4_source,eval_50261_high,after_block_24,0.06645886878199246,0.04820667817167532,,,True,,,,,,,,,
F4_source,eval_50261_high,after_block_25,0.06645886878199246,0.0480941006820098,,,True,,,,,,,,,
F4_source,eval_50261_high,after_block_26,0.06645886878199246,0.04601945272941599,,,True,,,,,,,,,
F4_source,eval_50261_high,after_block_27,0.06645886878199246,0.04594186451510208,,,True,,,,,,,,,
F4_source,eval_50261_high,after_block_28,0.06645886878199246,0.04514536073213254,,,True,,,,,,,,,
F4_source,eval_50261_high,after_block_29,0.06645886878199246,0.04466946726420603,,,True,,,,,,,,,
F4_source,eval_50281_low,after_block_0,0.01366498664374326,0.013298490309044965,,,True,,,,,,,,,
F4_source,eval_50281_low,after_block_1,0.01366498664374326,0.013476635222840027,,,True,,,,,,,,,
F4_source,eval_50281_low,after_block_2,0.01366498664374326,0.014034222913005046,,,True,,,,,,,,,
F4_source,eval_50281_low,after_block_3,0.01366498664374326,0.014174374493937495,,,True,,,,,,,,,
F4_source,eval_50281_low,after_block_4,0.01366498664374326,0.014335142713490288,,,True,,,,,,,,,
F4_source,eval_50281_low,after_block_5,0.01366498664374326,0.014895752385186391,,,True,,,,,,,,,
F4_source,eval_50281_low,after_block_6,0.01366498664374326,0.017148769487911355,,,True,,,,,,,,,
F4_source,eval_50281_low,after_block_7,0.01366498664374326,0.017592156230554688,,,True,,,,,,,,,
F4_source,eval_50281_low,after_block_8,0.01366498664374326,0.01782110625208847,,,True,,,,,,,,,
F4_source,eval_50281_low,after_block_9,0.01366498664374326,0.01932367062053106,,,True,,,,,,,,,
F4_source,eval_50281_low,after_block_10,0.01366498664374326,0.01627159911190347,,,True,,,,,,,,,
F4_source,eval_50281_low,after_block_11,0.01366498664374326,0.018050647236022746,,,True,,,,,,,,,
F4_source,eval_50281_low,after_block_12,0.01366498664374326,0.014474326188162388,,,True,,,,,,,,,
F4_source,eval_50281_low,after_block_13,0.01366498664374326,0.00992100087377739,,,True,,,,,,,,,
F4_source,eval_50281_low,after_block_14,0.01366498664374326,0.015090709277136807,,,True,,,,,,,,,
F4_source,eval_50281_low,after_block_15,0.01366498664374326,0.027183240926139645,,,False,detected_frames_below_58,,,,,,,,
F4_source,eval_50281_low,after_block_16,0.01366498664374326,0.027154370492620743,,,False,detected_frames_below_58,,,,,,,,
F4_source,eval_50281_low,after_block_17,0.01366498664374326,0.021440972087273216,,,True,,,,,,,,,
F4_source,eval_50281_low,after_block_18,0.01366498664374326,0.019932188571923064,,,True,,,,,,,,,
F4_source,eval_50281_low,after_block_19,0.01366498664374326,0.018062250553491522,,,True,,,,,,,,,
F4_source,eval_50281_low,after_block_20,0.01366498664374326,0.01786140290691002,,,True,,,,,,,,,
F4_source,eval_50281_low,after_block_21,0.01366498664374326,0.021081431902685542,,,True,,,,,,,,,
F4_source,eval_50281_low,after_block_22,0.01366498664374326,0.022789518624069367,,,False,detected_frames_below_58,,,,,,,,
F4_source,eval_50281_low,after_block_23,0.01366498664374326,0.022593487997286058,,,False,detected_frames_below_58,,,,,,,,
F4_source,eval_50281_low,after_block_24,0.01366498664374326,0.019384536199362857,,,True,,,,,,,,,
F4_source,eval_50281_low,after_block_25,0.01366498664374326,0.019419329803982192,,,True,,,,,,,,,
F4_source,eval_50281_low,after_block_26,0.01366498664374326,0.01931820325442686,,,True,,,,,,,,,
F4_source,eval_50281_low,after_block_27,0.01366498664374326,0.018899417805382908,,,True,,,,,,,,,
F4_source,eval_50281_low,after_block_28,0.01366498664374326,0.019367534848236775,,,True,,,,,,,,,
F4_source,eval_50281_low,after_block_29,0.01366498664374326,0.018680592288138755,,,True,,,,,,,,,
F4_source,eval_50282_high,after_block_0,0.06640661819273552,0.06595085330478155,,,True,,,,,,,,,
F4_source,eval_50282_high,after_block_1,0.06640661819273552,0.06486951553323606,,,True,,,,,,,,,
F4_source,eval_50282_high,after_block_2,0.06640661819273552,0.05948966948139635,,,True,,,,,,,,,
F4_source,eval_50282_high,after_block_3,0.06640661819273552,0.05966578921259338,,,True,,,,,,,,,
F4_source,eval_50282_high,after_block_4,0.06640661819273552,0.053850562348133055,,,True,,,,,,,,,
F4_source,eval_50282_high,after_block_5,0.06640661819273552,0.05360214943404304,,,True,,,,,,,,,
F4_source,eval_50282_high,after_block_6,0.06640661819273552,0.05168174352304603,,,True,,,,,,,,,
F4_source,eval_50282_high,after_block_7,0.06640661819273552,0.05168454316974093,,,True,,,,,,,,,
F4_source,eval_50282_high,after_block_8,0.06640661819273552,0.050745730076616646,,,True,,,,,,,,,
F4_source,eval_50282_high,after_block_9,0.06640661819273552,0.04826748066193675,,,True,,,,,,,,,
F4_source,eval_50282_high,after_block_10,0.06640661819273552,0.04967847611257965,,,True,,,,,,,,,
F4_source,eval_50282_high,after_block_11,0.06640661819273552,0.049166488421673836,,,True,,,,,,,,,
F4_source,eval_50282_high,after_block_12,0.06640661819273552,0.054197335034061205,,,True,,,,,,,,,
F4_source,eval_50282_high,after_block_13,0.06640661819273552,0.0546024719699606,,,True,,,,,,,,,
F4_source,eval_50282_high,after_block_14,0.06640661819273552,0.059348602209558884,,,True,,,,,,,,,
F4_source,eval_50282_high,after_block_15,0.06640661819273552,0.056943182472779,,,True,,,,,,,,,
F4_source,eval_50282_high,after_block_16,0.06640661819273552,0.056963660743518225,,,True,,,,,,,,,
F4_source,eval_50282_high,after_block_17,0.06640661819273552,0.05377397483277069,,,True,,,,,,,,,
F4_source,eval_50282_high,after_block_18,0.06640661819273552,0.054683368597156536,,,True,,,,,,,,,
F4_source,eval_50282_high,after_block_19,0.06640661819273552,0.05276395442396071,,,True,,,,,,,,,
F4_source,eval_50282_high,after_block_20,0.06640661819273552,0.05070150566165788,,,True,,,,,,,,,
F4_source,eval_50282_high,after_block_21,0.06640661819273552,0.04989768081652306,,,True,,,,,,,,,
F4_source,eval_50282_high,after_block_22,0.06640661819273552,0.050087564452857516,,,True,,,,,,,,,
F4_source,eval_50282_high,after_block_23,0.06640661819273552,0.04815419314551939,,,True,,,,,,,,,
F4_source,eval_50282_high,after_block_24,0.06640661819273552,0.048489877243888334,,,True,,,,,,,,,
F4_source,eval_50282_high,after_block_25,0.06640661819273552,0.04873598857902952,,,True,,,,,,,,,
F4_source,eval_50282_high,after_block_26,0.06640661819273552,0.04633015932939021,,,True,,,,,,,,,
F4_source,eval_50282_high,after_block_27,0.06640661819273552,0.046266350418368664,,,True,,,,,,,,,
F4_source,eval_50282_high,after_block_28,0.06640661819273552,0.04553862193662341,,,True,,,,,,,,,
F4_source,eval_50282_high,after_block_29,0.06640661819273552,0.04546000765234416,,,True,,,,,,,,,
F4_source,eval_50304_low,after_block_0,0.005343309461952666,0.005290468151106702,,,True,,,,,,,,,
F4_source,eval_50304_low,after_block_1,0.005343309461952666,0.005360469527455582,,,True,,,,,,,,,
F4_source,eval_50304_low,after_block_2,0.005343309461952666,0.006473233730490096,,,True,,,,,,,,,
F4_source,eval_50304_low,after_block_3,0.005343309461952666,0.00650958943277927,,,True,,,,,,,,,
F4_source,eval_50304_low,after_block_4,0.005343309461952666,0.007625242638927389,,,True,,,,,,,,,
F4_source,eval_50304_low,after_block_5,0.005343309461952666,0.007868436575576494,,,True,,,,,,,,,
F4_source,eval_50304_low,after_block_6,0.005343309461952666,0.01392545031421816,,,True,,,,,,,,,
F4_source,eval_50304_low,after_block_7,0.005343309461952666,0.01416027281280453,,,True,,,,,,,,,
F4_source,eval_50304_low,after_block_8,0.005343309461952666,0.01759280055137183,,,True,,,,,,,,,
F4_source,eval_50304_low,after_block_9,0.005343309461952666,0.023271925491447434,,,True,,,,,,,,,
F4_source,eval_50304_low,after_block_10,0.005343309461952666,0.02211622323355354,,,True,,,,,,,,,
F4_source,eval_50304_low,after_block_11,0.005343309461952666,0.024213908491024328,,,True,,,,,,,,,
F4_source,eval_50304_low,after_block_12,0.005343309461952666,0.02072695423587872,,,True,,,,,,,,,
F4_source,eval_50304_low,after_block_13,0.005343309461952666,0.01607269518878081,,,True,,,,,,,,,
F4_source,eval_50304_low,after_block_14,0.005343309461952666,0.015526296152970454,,,True,,,,,,,,,
F4_source,eval_50304_low,after_block_15,0.005343309461952666,0.016157046763928692,,,True,,,,,,,,,
F4_source,eval_50304_low,after_block_16,0.005343309461952666,0.016451420742282247,,,True,,,,,,,,,
F4_source,eval_50304_low,after_block_17,0.005343309461952666,0.014001456526444406,,,True,,,,,,,,,
F4_source,eval_50304_low,after_block_18,0.005343309461952666,0.015257124773535753,,,True,,,,,,,,,
F4_source,eval_50304_low,after_block_19,0.005343309461952666,0.013053254335681067,,,True,,,,,,,,,
F4_source,eval_50304_low,after_block_20,0.005343309461952666,0.012088742545651562,,,True,,,,,,,,,
F4_source,eval_50304_low,after_block_21,0.005343309461952666,0.015599130809550783,,,True,,,,,,,,,
F4_source,eval_50304_low,after_block_22,0.005343309461952666,0.014799752785621803,,,True,,,,,,,,,
F4_source,eval_50304_low,after_block_23,0.005343309461952666,0.013574996403284733,,,True,,,,,,,,,
F4_source,eval_50304_low,after_block_24,0.005343309461952666,0.011541279404507696,,,True,,,,,,,,,
F4_source,eval_50304_low,after_block_25,0.005343309461952666,0.01123473979191922,,,True,,,,,,,,,
F4_source,eval_50304_low,after_block_26,0.005343309461952666,0.013180956805620274,,,True,,,,,,,,,
F4_source,eval_50304_low,after_block_27,0.005343309461952666,0.013122855098961451,,,True,,,,,,,,,
F4_source,eval_50304_low,after_block_28,0.005343309461952666,0.013233574716360576,,,True,,,,,,,,,
F4_source,eval_50304_low,after_block_29,0.005343309461952666,0.012829311330608033,,,True,,,,,,,,,
F4_source,eval_50311_high,after_block_0,0.0634179998723445,0.06354693321542011,,,True,,,,,,,,,
F4_source,eval_50311_high,after_block_1,0.0634179998723445,0.06219616062007414,,,True,,,,,,,,,
F4_source,eval_50311_high,after_block_2,0.0634179998723445,0.0577020792258583,,,True,,,,,,,,,
F4_source,eval_50311_high,after_block_3,0.0634179998723445,0.05779120156012983,,,True,,,,,,,,,
F4_source,eval_50311_high,after_block_4,0.0634179998723445,0.05364089568519443,,,True,,,,,,,,,
F4_source,eval_50311_high,after_block_5,0.0634179998723445,0.053231309885066795,,,True,,,,,,,,,
F4_source,eval_50311_high,after_block_6,0.0634179998723445,0.05000407782110812,,,True,,,,,,,,,
F4_source,eval_50311_high,after_block_7,0.0634179998723445,0.05001362156832106,,,True,,,,,,,,,
F4_source,eval_50311_high,after_block_8,0.0634179998723445,0.050276875708140614,,,True,,,,,,,,,
F4_source,eval_50311_high,after_block_9,0.0634179998723445,0.04938994444294583,,,True,,,,,,,,,
F4_source,eval_50311_high,after_block_10,0.0634179998723445,0.05058617966231526,,,True,,,,,,,,,
F4_source,eval_50311_high,after_block_11,0.0634179998723445,0.05039376585961892,,,True,,,,,,,,,
F4_source,eval_50311_high,after_block_12,0.0634179998723445,0.0544742076022192,,,True,,,,,,,,,
F4_source,eval_50311_high,after_block_13,0.0634179998723445,0.055870923313784154,,,True,,,,,,,,,
F4_source,eval_50311_high,after_block_14,0.0634179998723445,0.05863791234073666,,,True,,,,,,,,,
F4_source,eval_50311_high,after_block_15,0.0634179998723445,0.060113962011142635,,,True,,,,,,,,,
F4_source,eval_50311_high,after_block_16,0.0634179998723445,0.0599843052528404,,,True,,,,,,,,,
F4_source,eval_50311_high,after_block_17,0.0634179998723445,0.05595938895122727,,,True,,,,,,,,,
F4_source,eval_50311_high,after_block_18,0.0634179998723445,0.054243983571296533,,,True,,,,,,,,,
F4_source,eval_50311_high,after_block_19,0.0634179998723445,0.0515609577825797,,,True,,,,,,,,,
F4_source,eval_50311_high,after_block_20,0.0634179998723445,0.05011649901631157,,,True,,,,,,,,,
F4_source,eval_50311_high,after_block_21,0.0634179998723445,0.04902813035835616,,,True,,,,,,,,,
F4_source,eval_50311_high,after_block_22,0.0634179998723445,0.04934717771371087,,,True,,,,,,,,,
F4_source,eval_50311_high,after_block_23,0.0634179998723445,0.04740803732729421,,,True,,,,,,,,,
F4_source,eval_50311_high,after_block_24,0.0634179998723445,0.04760058473324507,,,True,,,,,,,,,
F4_source,eval_50311_high,after_block_25,0.0634179998723445,0.047792101737738145,,,True,,,,,,,,,
F4_source,eval_50311_high,after_block_26,0.0634179998723445,0.045135110801596365,,,True,,,,,,,,,
F4_source,eval_50311_high,after_block_27,0.0634179998723445,0.04524138094365339,,,True,,,,,,,,,
F4_source,eval_50311_high,after_block_28,0.0634179998723445,0.04477957477711851,,,True,,,,,,,,,
F4_source,eval_50311_high,after_block_29,0.0634179998723445,0.04432851709989645,,,True,,,,,,,,,
F4_source,eval_50005_low,after_block_0,0.007266470942510986,0.006763430303834031,,,True,,,,,,,,,
F4_source,eval_50005_low,after_block_1,0.007266470942510986,0.00666164711035232,,,True,,,,,,,,,
F4_source,eval_50005_low,after_block_2,0.007266470942510986,0.007181700199837656,,,True,,,,,,,,,
F4_source,eval_50005_low,after_block_3,0.007266470942510986,0.00706484840101664,,,True,,,,,,,,,
F4_source,eval_50005_low,after_block_4,0.007266470942510986,0.007043383040385155,,,True,,,,,,,,,
F4_source,eval_50005_low,after_block_5,0.007266470942510986,0.007316675601399022,,,True,,,,,,,,,
F4_source,eval_50005_low,after_block_6,0.007266470942510986,0.01241388914961261,,,True,,,,,,,,,
F4_source,eval_50005_low,after_block_7,0.007266470942510986,0.012657323564862004,,,True,,,,,,,,,
F4_source,eval_50005_low,after_block_8,0.007266470942510986,0.015602195615980379,,,True,,,,,,,,,
F4_source,eval_50005_low,after_block_9,0.007266470942510986,0.021677696362451898,,,True,,,,,,,,,
F4_source,eval_50005_low,after_block_10,0.007266470942510986,0.020171254702021614,,,True,,,,,,,,,
F4_source,eval_50005_low,after_block_11,0.007266470942510986,0.022722589170752396,,,True,,,,,,,,,
F4_source,eval_50005_low,after_block_12,0.007266470942510986,0.01873523396119306,,,True,,,,,,,,,
F4_source,eval_50005_low,after_block_13,0.007266470942510986,0.014395696676311534,,,True,,,,,,,,,
F4_source,eval_50005_low,after_block_14,0.007266470942510986,0.015501324039256649,,,True,,,,,,,,,
F4_source,eval_50005_low,after_block_15,0.007266470942510986,0.018900472629532816,,,False,detected_frames_below_58,,,,,,,,
F4_source,eval_50005_low,after_block_16,0.007266470942510986,0.019102677029751297,,,False,detected_frames_below_58,,,,,,,,
F4_source,eval_50005_low,after_block_17,0.007266470942510986,0.018455339894820674,,,False,detected_frames_below_58,,,,,,,,
F4_source,eval_50005_low,after_block_18,0.007266470942510986,0.015804299595906336,,,True,,,,,,,,,
F4_source,eval_50005_low,after_block_19,0.007266470942510986,0.013514902434166776,,,True,,,,,,,,,
F4_source,eval_50005_low,after_block_20,0.007266470942510986,0.012006613501157429,,,True,,,,,,,,,
F4_source,eval_50005_low,after_block_21,0.007266470942510986,0.014782185186140533,,,True,,,,,,,,,
F4_source,eval_50005_low,after_block_22,0.007266470942510986,0.014000532805643697,,,True,,,,,,,,,
F4_source,eval_50005_low,after_block_23,0.007266470942510986,0.01417461384923499,,,True,,,,,,,,,
F4_source,eval_50005_low,after_block_24,0.007266470942510986,0.011347756096224244,,,True,,,,,,,,,
F4_source,eval_50005_low,after_block_25,0.007266470942510986,0.009957788935796881,,,True,,,,,,,,,
F4_source,eval_50005_low,after_block_26,0.007266470942510986,0.01391528680320322,,,True,,,,,,,,,
F4_source,eval_50005_low,after_block_27,0.007266470942510986,0.01182150642983108,,,True,,,,,,,,,
F4_source,eval_50005_low,after_block_28,0.007266470942510986,0.01427255580962051,,,True,,,,,,,,,
F4_source,eval_50005_low,after_block_29,0.007266470942510986,0.014106756028437886,,,True,,,,,,,,,
F4_source,eval_50007_high,after_block_0,0.0611354978442743,0.061300263541443974,,,True,,,,,,,,,
F4_source,eval_50007_high,after_block_1,0.0611354978442743,0.06029604156278552,,,True,,,,,,,,,
F4_source,eval_50007_high,after_block_2,0.0611354978442743,0.056357920271335786,,,True,,,,,,,,,
F4_source,eval_50007_high,after_block_3,0.0611354978442743,0.05651195812930213,,,True,,,,,,,,,
F4_source,eval_50007_high,after_block_4,0.0611354978442743,0.05165752742671694,,,True,,,,,,,,,
F4_source,eval_50007_high,after_block_5,0.0611354978442743,0.05121906028152395,,,True,,,,,,,,,
F4_source,eval_50007_high,after_block_6,0.0611354978442743,0.04878659749155437,,,True,,,,,,,,,
F4_source,eval_50007_high,after_block_7,0.0611354978442743,0.048955868549390075,,,True,,,,,,,,,
F4_source,eval_50007_high,after_block_8,0.0611354978442743,0.04929430867279461,,,True,,,,,,,,,
F4_source,eval_50007_high,after_block_9,0.0611354978442743,0.04859706935971452,,,True,,,,,,,,,
F4_source,eval_50007_high,after_block_10,0.0611354978442743,0.050023990174883515,,,True,,,,,,,,,
F4_source,eval_50007_high,after_block_11,0.0611354978442743,0.04981363807492307,,,True,,,,,,,,,
F4_source,eval_50007_high,after_block_12,0.0611354978442743,0.054699606651695896,,,True,,,,,,,,,
F4_source,eval_50007_high,after_block_13,0.0611354978442743,0.05567087852423625,,,True,,,,,,,,,
F4_source,eval_50007_high,after_block_14,0.0611354978442743,0.05812791702533713,,,True,,,,,,,,,
F4_source,eval_50007_high,after_block_15,0.0611354978442743,0.05619451016966497,,,True,,,,,,,,,
F4_source,eval_50007_high,after_block_16,0.0611354978442743,0.056078168924560336,,,True,,,,,,,,,
F4_source,eval_50007_high,after_block_17,0.0611354978442743,0.05202912129767736,,,True,,,,,,,,,
F4_source,eval_50007_high,after_block_18,0.0611354978442743,0.052455942624825294,,,True,,,,,,,,,
F4_source,eval_50007_high,after_block_19,0.0611354978442743,0.049776470023465864,,,True,,,,,,,,,
F4_source,eval_50007_high,after_block_20,0.0611354978442743,0.04737196467525593,,,True,,,,,,,,,
F4_source,eval_50007_high,after_block_21,0.0611354978442743,0.04738649956856685,,,True,,,,,,,,,
F4_source,eval_50007_high,after_block_22,0.0611354978442743,0.047148136886421915,,,True,,,,,,,,,
F4_source,eval_50007_high,after_block_23,0.0611354978442743,0.04553689628167352,,,True,,,,,,,,,
F4_source,eval_50007_high,after_block_24,0.0611354978442743,0.045577355592629806,,,True,,,,,,,,,
F4_source,eval_50007_high,after_block_25,0.0611354978442743,0.04569852811361127,,,True,,,,,,,,,
F4_source,eval_50007_high,after_block_26,0.0611354978442743,0.04345771203643282,,,True,,,,,,,,,
F4_source,eval_50007_high,after_block_27,0.0611354978442743,0.04302682639348701,,,True,,,,,,,,,
F4_source,eval_50007_high,after_block_28,0.0611354978442743,0.04243811140304551,,,True,,,,,,,,,
F4_source,eval_50007_high,after_block_29,0.0611354978442743,0.04209568892337086,,,True,,,,,,,,,
F4_source,eval_50038_high,after_block_0,0.06492680178141044,0.0642337254155725,,,True,,,,,,,,,
F4_source,eval_50038_high,after_block_1,0.06492680178141044,0.06356655915721922,,,True,,,,,,,,,
F4_source,eval_50038_high,after_block_2,0.06492680178141044,0.05903503583417075,,,True,,,,,,,,,
F4_source,eval_50038_high,after_block_3,0.06492680178141044,0.05902233001118786,,,True,,,,,,,,,
F4_source,eval_50038_high,after_block_4,0.06492680178141044,0.05504925201206794,,,True,,,,,,,,,
F4_source,eval_50038_high,after_block_5,0.06492680178141044,0.0548365186919443,,,True,,,,,,,,,
F4_source,eval_50038_high,after_block_6,0.06492680178141044,0.05278018532917077,,,True,,,,,,,,,
F4_source,eval_50038_high,after_block_7,0.06492680178141044,0.05301473897380689,,,True,,,,,,,,,
F4_source,eval_50038_high,after_block_8,0.06492680178141044,0.0524682280851765,,,True,,,,,,,,,
F4_source,eval_50038_high,after_block_9,0.06492680178141044,0.0505397917035964,,,True,,,,,,,,,
F4_source,eval_50038_high,after_block_10,0.06492680178141044,0.05135643261729522,,,True,,,,,,,,,
F4_source,eval_50038_high,after_block_11,0.06492680178141044,0.05091476711952645,,,True,,,,,,,,,
F4_source,eval_50038_high,after_block_12,0.06492680178141044,0.05481512495149054,,,True,,,,,,,,,
F4_source,eval_50038_high,after_block_13,0.06492680178141044,0.055986510556431265,,,True,,,,,,,,,
F4_source,eval_50038_high,after_block_14,0.06492680178141044,0.060204249520330884,,,True,,,,,,,,,
F4_source,eval_50038_high,after_block_15,0.06492680178141044,0.06208439607049332,,,True,,,,,,,,,
F4_source,eval_50038_high,after_block_16,0.06492680178141044,0.062070744938514354,,,True,,,,,,,,,
F4_source,eval_50038_high,after_block_17,0.06492680178141044,0.05818012565417465,,,True,,,,,,,,,
F4_source,eval_50038_high,after_block_18,0.06492680178141044,0.05753882905482775,,,True,,,,,,,,,
F4_source,eval_50038_high,after_block_19,0.06492680178141044,0.0545725077915158,,,True,,,,,,,,,
F4_source,eval_50038_high,after_block_20,0.06492680178141044,0.05211841189652632,,,True,,,,,,,,,
F4_source,eval_50038_high,after_block_21,0.06492680178141044,0.04972609544682968,,,True,,,,,,,,,
F4_source,eval_50038_high,after_block_22,0.06492680178141044,0.05001758145735696,,,True,,,,,,,,,
F4_source,eval_50038_high,after_block_23,0.06492680178141044,0.04789615313233528,,,True,,,,,,,,,
F4_source,eval_50038_high,after_block_24,0.06492680178141044,0.04842959278224648,,,True,,,,,,,,,
F4_source,eval_50038_high,after_block_25,0.06492680178141044,0.04835496317030644,,,True,,,,,,,,,
F4_source,eval_50038_high,after_block_26,0.06492680178141044,0.045946037854981664,,,True,,,,,,,,,
F4_source,eval_50038_high,after_block_27,0.06492680178141044,0.04570417800024875,,,True,,,,,,,,,
F4_source,eval_50038_high,after_block_28,0.06492680178141044,0.045120952627680976,,,True,,,,,,,,,
F4_source,eval_50038_high,after_block_29,0.06492680178141044,0.04459219497539726,,,True,,,,,,,,,
F4_source,eval_50053_low,after_block_0,0.018471270957218754,0.018192708391659783,,,True,,,,,,,,,
F4_source,eval_50053_low,after_block_1,0.018471270957218754,0.018309562991679296,,,True,,,,,,,,,
F4_source,eval_50053_low,after_block_2,0.018471270957218754,0.018862037373128127,,,True,,,,,,,,,
F4_source,eval_50053_low,after_block_3,0.018471270957218754,0.018884889758495053,,,True,,,,,,,,,
F4_source,eval_50053_low,after_block_4,0.018471270957218754,0.019701996444728625,,,True,,,,,,,,,
F4_source,eval_50053_low,after_block_5,0.018471270957218754,0.0203626129232891,,,True,,,,,,,,,
F4_source,eval_50053_low,after_block_6,0.018471270957218754,0.021904912589466058,,,True,,,,,,,,,
F4_source,eval_50053_low,after_block_7,0.018471270957218754,0.022495985516866924,,,True,,,,,,,,,
F4_source,eval_50053_low,after_block_8,0.018471270957218754,0.020845754196868384,,,True,,,,,,,,,
F4_source,eval_50053_low,after_block_9,0.018471270957218754,0.019786649992218023,,,True,,,,,,,,,
F4_source,eval_50053_low,after_block_10,0.018471270957218754,0.016482202003512643,,,True,,,,,,,,,
F4_source,eval_50053_low,after_block_11,0.018471270957218754,0.017748755265308107,,,True,,,,,,,,,
F4_source,eval_50053_low,after_block_12,0.018471270957218754,0.014718480243859583,,,True,,,,,,,,,
F4_source,eval_50053_low,after_block_13,0.018471270957218754,0.011163666284095961,,,True,,,,,,,,,
F4_source,eval_50053_low,after_block_14,0.018471270957218754,0.017317578594677936,,,True,,,,,,,,,
F4_source,eval_50053_low,after_block_15,0.018471270957218754,0.030901532553243044,,,False,detected_frames_below_58,,,,,,,,
F4_source,eval_50053_low,after_block_16,0.018471270957218754,0.028896562176595312,,,False,detected_frames_below_58,,,,,,,,
F4_source,eval_50053_low,after_block_17,0.018471270957218754,0.025577626864773287,,,True,,,,,,,,,
F4_source,eval_50053_low,after_block_18,0.018471270957218754,0.025183365923221797,,,True,,,,,,,,,
F4_source,eval_50053_low,after_block_19,0.018471270957218754,0.023034011364358002,,,True,,,,,,,,,
F4_source,eval_50053_low,after_block_20,0.018471270957218754,0.022501639583646194,,,True,,,,,,,,,
F4_source,eval_50053_low,after_block_21,0.018471270957218754,0.024041602804452035,,,True,,,,,,,,,
F4_source,eval_50053_low,after_block_22,0.018471270957218754,0.02505460488021816,,,True,,,,,,,,,
F4_source,eval_50053_low,after_block_23,0.018471270957218754,0.024426882958436733,,,True,,,,,,,,,
F4_source,eval_50053_low,after_block_24,0.018471270957218754,0.02380238781402521,,,True,,,,,,,,,
F4_source,eval_50053_low,after_block_25,0.018471270957218754,0.02378078034730037,,,True,,,,,,,,,
F4_source,eval_50053_low,after_block_26,0.018471270957218754,0.022967339457985084,,,True,,,,,,,,,
F4_source,eval_50053_low,after_block_27,0.018471270957218754,0.02305524416722593,,,True,,,,,,,,,
F4_source,eval_50053_low,after_block_28,0.018471270957218754,0.02295572947059571,,,True,,,,,,,,,
F4_source,eval_50053_low,after_block_29,0.018471270957218754,0.023268571899069068,,,True,,,,,,,,,
F4_source,eval_50064_low,after_block_0,0.008894758105679055,0.008891468251794063,,,True,,,,,,,,,
F4_source,eval_50064_low,after_block_1,0.008894758105679055,0.008808001919380795,,,True,,,,,,,,,
F4_source,eval_50064_low,after_block_2,0.008894758105679055,0.008995314035809162,,,True,,,,,,,,,
F4_source,eval_50064_low,after_block_3,0.008894758105679055,0.009038053062742371,,,True,,,,,,,,,
F4_source,eval_50064_low,after_block_4,0.008894758105679055,0.008423071233016357,,,True,,,,,,,,,
F4_source,eval_50064_low,after_block_5,0.008894758105679055,0.008929435066864496,,,True,,,,,,,,,
F4_source,eval_50064_low,after_block_6,0.008894758105679055,0.012361533547869494,,,True,,,,,,,,,
F4_source,eval_50064_low,after_block_7,0.008894758105679055,0.012576211458847767,,,True,,,,,,,,,
F4_source,eval_50064_low,after_block_8,0.008894758105679055,0.015013339647441115,,,True,,,,,,,,,
F4_source,eval_50064_low,after_block_9,0.008894758105679055,0.020458169469554175,,,True,,,,,,,,,
F4_source,eval_50064_low,after_block_10,0.008894758105679055,0.017889210733984015,,,True,,,,,,,,,
F4_source,eval_50064_low,after_block_11,0.008894758105679055,0.020136315625898862,,,True,,,,,,,,,
F4_source,eval_50064_low,after_block_12,0.008894758105679055,0.016208417527180597,,,True,,,,,,,,,
F4_source,eval_50064_low,after_block_13,0.008894758105679055,0.011291210645865359,,,True,,,,,,,,,
F4_source,eval_50064_low,after_block_14,0.008894758105679055,0.011993059035171564,,,True,,,,,,,,,
F4_source,eval_50064_low,after_block_15,0.008894758105679055,0.022290069434255943,,,False,detected_frames_below_58,,,,,,,,
F4_source,eval_50064_low,after_block_16,0.008894758105679055,0.022071139780744136,,,False,detected_frames_below_58,,,,,,,,
F4_source,eval_50064_low,after_block_17,0.008894758105679055,0.017882941471726754,,,True,,,,,,,,,
F4_source,eval_50064_low,after_block_18,0.008894758105679055,0.016100053263179717,,,True,,,,,,,,,
F4_source,eval_50064_low,after_block_19,0.008894758105679055,0.011060348033865386,,,True,,,,,,,,,
F4_source,eval_50064_low,after_block_20,0.008894758105679055,0.00899375706208555,,,True,,,,,,,,,
F4_source,eval_50064_low,after_block_21,0.008894758105679055,0.015665757265561464,,,True,,,,,,,,,
F4_source,eval_50064_low,after_block_22,0.008894758105679055,0.015750642552866942,,,True,,,,,,,,,
F4_source,eval_50064_low,after_block_23,0.008894758105679055,0.014450925548162755,,,True,,,,,,,,,
F4_source,eval_50064_low,after_block_24,0.008894758105679055,0.011889832432378325,,,True,,,,,,,,,
F4_source,eval_50064_low,after_block_25,0.008894758105679055,0.011763859544484211,,,True,,,,,,,,,
F4_source,eval_50064_low,after_block_26,0.008894758105679055,0.014097330514158596,,,True,,,,,,,,,
F4_source,eval_50064_low,after_block_27,0.008894758105679055,0.014226050376174037,,,True,,,,,,,,,
F4_source,eval_50064_low,after_block_28,0.008894758105679055,0.014212017142775297,,,True,,,,,,,,,
F4_source,eval_50064_low,after_block_29,0.008894758105679055,0.01464795857377075,,,True,,,,,,,,,
F4_source,eval_50094_low,after_block_0,0.013824462996421386,0.01328865085062719,,,True,,,,,,,,,
F4_source,eval_50094_low,after_block_1,0.013824462996421386,0.013413309195374713,,,True,,,,,,,,,
F4_source,eval_50094_low,after_block_2,0.013824462996421386,0.01398829790321764,,,True,,,,,,,,,
F4_source,eval_50094_low,after_block_3,0.013824462996421386,0.014167993786854962,,,True,,,,,,,,,
F4_source,eval_50094_low,after_block_4,0.013824462996421386,0.014791033532808874,,,True,,,,,,,,,
F4_source,eval_50094_low,after_block_5,0.013824462996421386,0.015171133673345277,,,True,,,,,,,,,
F4_source,eval_50094_low,after_block_6,0.013824462996421386,0.017248549827467617,,,True,,,,,,,,,
F4_source,eval_50094_low,after_block_7,0.013824462996421386,0.017794191059962314,,,True,,,,,,,,,
F4_source,eval_50094_low,after_block_8,0.013824462996421386,0.018087784077443683,,,True,,,,,,,,,
F4_source,eval_50094_low,after_block_9,0.013824462996421386,0.01977501031085259,,,True,,,,,,,,,
F4_source,eval_50094_low,after_block_10,0.013824462996421386,0.016715210204549597,,,True,,,,,,,,,
F4_source,eval_50094_low,after_block_11,0.013824462996421386,0.018604125172706838,,,True,,,,,,,,,
F4_source,eval_50094_low,after_block_12,0.013824462996421386,0.01431273987705797,,,True,,,,,,,,,
F4_source,eval_50094_low,after_block_13,0.013824462996421386,0.010113941877793771,,,True,,,,,,,,,
F4_source,eval_50094_low,after_block_14,0.013824462996421386,0.012779717466012605,,,True,,,,,,,,,
F4_source,eval_50094_low,after_block_15,0.013824462996421386,0.02591718308427354,,,False,detected_frames_below_58,,,,,,,,
F4_source,eval_50094_low,after_block_16,0.013824462996421386,0.02609990521900496,,,False,detected_frames_below_58,,,,,,,,
F4_source,eval_50094_low,after_block_17,0.013824462996421386,0.02305767214878789,,,False,detected_frames_below_58,,,,,,,,
F4_source,eval_50094_low,after_block_18,0.013824462996421386,0.02199248813387261,,,True,,,,,,,,,
F4_source,eval_50094_low,after_block_19,0.013824462996421386,0.019309820148267598,,,True,,,,,,,,,
F4_source,eval_50094_low,after_block_20,0.013824462996421386,0.015439838808771778,,,True,,,,,,,,,
F4_source,eval_50094_low,after_block_21,0.013824462996421386,0.025386268708574487,,,False,detected_frames_below_58,,,,,,,,
F4_source,eval_50094_low,after_block_22,0.013824462996421386,0.025474943451989866,,,False,detected_frames_below_58,,,,,,,,
F4_source,eval_50094_low,after_block_23,0.013824462996421386,0.02361287222579262,,,False,detected_frames_below_58,,,,,,,,
F4_source,eval_50094_low,after_block_24,0.013824462996421386,0.020408841327146213,,,True,,,,,,,,,
F4_source,eval_50094_low,after_block_25,0.013824462996421386,0.02086036523355909,,,True,,,,,,,,,
F4_source,eval_50094_low,after_block_26,0.013824462996421386,0.019328880253838897,,,True,,,,,,,,,
F4_source,eval_50094_low,after_block_27,0.013824462996421386,0.01644915329266833,,,True,,,,,,,,,
F4_source,eval_50094_low,after_block_28,0.013824462996421386,0.016686479260733585,,,True,,,,,,,,,
F4_source,eval_50094_low,after_block_29,0.013824462996421386,0.020151873612454997,,,True,,,,,,,,,
F4_source,eval_50115_high,after_block_0,0.06521975927623197,0.06420838871348288,,,True,,,,,,,,,
F4_source,eval_50115_high,after_block_1,0.06521975927623197,0.06333742159900894,,,True,,,,,,,,,
F4_source,eval_50115_high,after_block_2,0.06521975927623197,0.058485634540082376,,,True,,,,,,,,,
F4_source,eval_50115_high,after_block_3,0.06521975927623197,0.058661411684315365,,,True,,,,,,,,,
F4_source,eval_50115_high,after_block_4,0.06521975927623197,0.05367221980750385,,,True,,,,,,,,,
F4_source,eval_50115_high,after_block_5,0.06521975927623197,0.05341550358095697,,,True,,,,,,,,,
F4_source,eval_50115_high,after_block_6,0.06521975927623197,0.05046126419326974,,,True,,,,,,,,,
F4_source,eval_50115_high,after_block_7,0.06521975927623197,0.0507025768835742,,,True,,,,,,,,,
F4_source,eval_50115_high,after_block_8,0.06521975927623197,0.04995679708643627,,,True,,,,,,,,,
F4_source,eval_50115_high,after_block_9,0.06521975927623197,0.04835094873490649,,,True,,,,,,,,,
F4_source,eval_50115_high,after_block_10,0.06521975927623197,0.04970927659688604,,,True,,,,,,,,,
F4_source,eval_50115_high,after_block_11,0.06521975927623197,0.04946397376202752,,,True,,,,,,,,,
F4_source,eval_50115_high,after_block_12,0.06521975927623197,0.05407425680388688,,,True,,,,,,,,,
F4_source,eval_50115_high,after_block_13,0.06521975927623197,0.05515398406544946,,,True,,,,,,,,,
F4_source,eval_50115_high,after_block_14,0.06521975927623197,0.05901839522760179,,,True,,,,,,,,,
F4_source,eval_50115_high,after_block_15,0.06521975927623197,0.05697974523393249,,,True,,,,,,,,,
F4_source,eval_50115_high,after_block_16,0.06521975927623197,0.05686853607509616,,,True,,,,,,,,,
F4_source,eval_50115_high,after_block_17,0.06521975927623197,0.05585029308453564,,,True,,,,,,,,,
F4_source,eval_50115_high,after_block_18,0.06521975927623197,0.05545098985652131,,,True,,,,,,,,,
F4_source,eval_50115_high,after_block_19,0.06521975927623197,0.05221040203538224,,,True,,,,,,,,,
F4_source,eval_50115_high,after_block_20,0.06521975927623197,0.049954674363278204,,,True,,,,,,,,,
F4_source,eval_50115_high,after_block_21,0.06521975927623197,0.04883281112463844,,,True,,,,,,,,,
F4_source,eval_50115_high,after_block_22,0.06521975927623197,0.04888049927302915,,,True,,,,,,,,,
F4_source,eval_50115_high,after_block_23,0.06521975927623197,0.047355531736167966,,,True,,,,,,,,,
F4_source,eval_50115_high,after_block_24,0.06521975927623197,0.047475461975149215,,,True,,,,,,,,,
F4_source,eval_50115_high,after_block_25,0.06521975927623197,0.04685433766585512,,,True,,,,,,,,,
F4_source,eval_50115_high,after_block_26,0.06521975927623197,0.04492988161911113,,,True,,,,,,,,,
F4_source,eval_50115_high,after_block_27,0.06521975927623197,0.045044940834086784,,,True,,,,,,,,,
F4_source,eval_50115_high,after_block_28,0.06521975927623197,0.04431680602731694,,,True,,,,,,,,,
F4_source,eval_50115_high,after_block_29,0.06521975927623197,0.044031976809948845,,,True,,,,,,,,,
F4_source,eval_50120_high,after_block_0,0.06538017222884851,0.06558698553252154,,,True,,,,,,,,,
F4_source,eval_50120_high,after_block_1,0.06538017222884851,0.0648249019546412,,,True,,,,,,,,,
F4_source,eval_50120_high,after_block_2,0.06538017222884851,0.05991836532447387,,,True,,,,,,,,,
F4_source,eval_50120_high,after_block_3,0.06538017222884851,0.060081346589673686,,,True,,,,,,,,,
F4_source,eval_50120_high,after_block_4,0.06538017222884851,0.05395843538198165,,,True,,,,,,,,,
F4_source,eval_50120_high,after_block_5,0.06538017222884851,0.05393852247789224,,,True,,,,,,,,,
F4_source,eval_50120_high,after_block_6,0.06538017222884851,0.05147382629816442,,,True,,,,,,,,,
F4_source,eval_50120_high,after_block_7,0.06538017222884851,0.05159443485266288,,,True,,,,,,,,,
F4_source,eval_50120_high,after_block_8,0.06538017222884851,0.050439235113343826,,,True,,,,,,,,,
F4_source,eval_50120_high,after_block_9,0.06538017222884851,0.04905536880578622,,,True,,,,,,,,,
F4_source,eval_50120_high,after_block_10,0.06538017222884851,0.05049711761118815,,,True,,,,,,,,,
F4_source,eval_50120_high,after_block_11,0.06538017222884851,0.04995117790713105,,,True,,,,,,,,,
F4_source,eval_50120_high,after_block_12,0.06538017222884851,0.05433112575607303,,,True,,,,,,,,,
F4_source,eval_50120_high,after_block_13,0.06538017222884851,0.055674852694964985,,,True,,,,,,,,,
F4_source,eval_50120_high,after_block_14,0.06538017222884851,0.058932210033974634,,,True,,,,,,,,,
F4_source,eval_50120_high,after_block_15,0.06538017222884851,0.06168868589537107,,,True,,,,,,,,,
F4_source,eval_50120_high,after_block_16,0.06538017222884851,0.061469080990010506,,,True,,,,,,,,,
F4_source,eval_50120_high,after_block_17,0.06538017222884851,0.05937048652615463,,,True,,,,,,,,,
F4_source,eval_50120_high,after_block_18,0.06538017222884851,0.056492934619583705,,,True,,,,,,,,,
F4_source,eval_50120_high,after_block_19,0.06538017222884851,0.052218768775098595,,,True,,,,,,,,,
F4_source,eval_50120_high,after_block_20,0.06538017222884851,0.05114863916402538,,,True,,,,,,,,,
F4_source,eval_50120_high,after_block_21,0.06538017222884851,0.04956929529157175,,,True,,,,,,,,,
F4_source,eval_50120_high,after_block_22,0.06538017222884851,0.04916645729816639,,,True,,,,,,,,,
F4_source,eval_50120_high,after_block_23,0.06538017222884851,0.0473391909012343,,,True,,,,,,,,,
F4_source,eval_50120_high,after_block_24,0.06538017222884851,0.047654143245278266,,,True,,,,,,,,,
F4_source,eval_50120_high,after_block_25,0.06538017222884851,0.04780146097957222,,,True,,,,,,,,,
F4_source,eval_50120_high,after_block_26,0.06538017222884851,0.04599844118275771,,,True,,,,,,,,,
F4_source,eval_50120_high,after_block_27,0.06538017222884851,0.0458861213238865,,,True,,,,,,,,,
F4_source,eval_50120_high,after_block_28,0.06538017222884851,0.04513356447876234,,,True,,,,,,,,,
F4_source,eval_50120_high,after_block_29,0.06538017222884851,0.044658069523992,,,True,,,,,,,,,
F4_source,eval_50142_low,after_block_0,0.003419693060143414,0.002943452531480558,,,True,,,,,,,,,
F4_source,eval_50142_low,after_block_1,0.003419693060143414,0.0032003609281189703,,,True,,,,,,,,,
F4_source,eval_50142_low,after_block_2,0.003419693060143414,0.0038006775629343147,,,True,,,,,,,,,
F4_source,eval_50142_low,after_block_3,0.003419693060143414,0.003846289080512306,,,True,,,,,,,,,
F4_source,eval_50142_low,after_block_4,0.003419693060143414,0.0058677762692075424,,,True,,,,,,,,,
F4_source,eval_50142_low,after_block_5,0.003419693060143414,0.00595084310726966,,,True,,,,,,,,,
F4_source,eval_50142_low,after_block_6,0.003419693060143414,0.01279661601653829,,,True,,,,,,,,,
F4_source,eval_50142_low,after_block_7,0.003419693060143414,0.013182838936451575,,,True,,,,,,,,,
F4_source,eval_50142_low,after_block_8,0.003419693060143414,0.018441082572236193,,,True,,,,,,,,,
F4_source,eval_50142_low,after_block_9,0.003419693060143414,0.024830095730622566,,,True,,,,,,,,,
F4_source,eval_50142_low,after_block_10,0.003419693060143414,0.025365324406165304,,,True,,,,,,,,,
F4_source,eval_50142_low,after_block_11,0.003419693060143414,0.027788206637074507,,,True,,,,,,,,,
F4_source,eval_50142_low,after_block_12,0.003419693060143414,0.02421456137241982,,,True,,,,,,,,,
F4_source,eval_50142_low,after_block_13,0.003419693060143414,0.01993110555888395,,,True,,,,,,,,,
F4_source,eval_50142_low,after_block_14,0.003419693060143414,0.019647015842364127,,,True,,,,,,,,,
F4_source,eval_50142_low,after_block_15,0.003419693060143414,0.017149028923049592,,,True,,,,,,,,,
F4_source,eval_50142_low,after_block_16,0.003419693060143414,0.017479326271678867,,,True,,,,,,,,,
F4_source,eval_50142_low,after_block_17,0.003419693060143414,0.011977884078711995,,,True,,,,,,,,,
F4_source,eval_50142_low,after_block_18,0.003419693060143414,0.011056180285039989,,,True,,,,,,,,,
F4_source,eval_50142_low,after_block_19,0.003419693060143414,0.009904145430671757,,,True,,,,,,,,,
F4_source,eval_50142_low,after_block_20,0.003419693060143414,0.010807232053468646,,,True,,,,,,,,,
F4_source,eval_50142_low,after_block_21,0.003419693060143414,0.011484400131949471,,,True,,,,,,,,,
F4_source,eval_50142_low,after_block_22,0.003419693060143414,0.012420429225030097,,,True,,,,,,,,,
F4_source,eval_50142_low,after_block_23,0.003419693060143414,0.012419322236709858,,,True,,,,,,,,,
F4_source,eval_50142_low,after_block_24,0.003419693060143414,0.009676947220495074,,,True,,,,,,,,,
F4_source,eval_50142_low,after_block_25,0.003419693060143414,0.00991511606659913,,,True,,,,,,,,,
F4_source,eval_50142_low,after_block_26,0.003419693060143414,0.012469845039849978,,,True,,,,,,,,,
F4_source,eval_50142_low,after_block_27,0.003419693060143414,0.011792588589599357,,,True,,,,,,,,,
F4_source,eval_50142_low,after_block_28,0.003419693060143414,0.012544296959478368,,,True,,,,,,,,,
F4_source,eval_50142_low,after_block_29,0.003419693060143414,0.014618796304525842,,,True,,,,,,,,,
F4_source,eval_50156_low,after_block_0,0.00783312111183486,0.00794965577149055,,,True,,,,,,,,,
F4_source,eval_50156_low,after_block_1,0.00783312111183486,0.007921375625512945,,,True,,,,,,,,,
F4_source,eval_50156_low,after_block_2,0.00783312111183486,0.008341453162058358,,,True,,,,,,,,,
F4_source,eval_50156_low,after_block_3,0.00783312111183486,0.008384615152636749,,,True,,,,,,,,,
F4_source,eval_50156_low,after_block_4,0.00783312111183486,0.008605208190264895,,,True,,,,,,,,,
F4_source,eval_50156_low,after_block_5,0.00783312111183486,0.008855408331552265,,,True,,,,,,,,,
F4_source,eval_50156_low,after_block_6,0.00783312111183486,0.012989718495204033,,,True,,,,,,,,,
F4_source,eval_50156_low,after_block_7,0.00783312111183486,0.013282812533054125,,,True,,,,,,,,,
F4_source,eval_50156_low,after_block_8,0.00783312111183486,0.015490007112938922,,,True,,,,,,,,,
F4_source,eval_50156_low,after_block_9,0.00783312111183486,0.02100660884957175,,,True,,,,,,,,,
F4_source,eval_50156_low,after_block_10,0.00783312111183486,0.019993301607102387,,,True,,,,,,,,,
F4_source,eval_50156_low,after_block_11,0.00783312111183486,0.022403548726349812,,,True,,,,,,,,,
F4_source,eval_50156_low,after_block_12,0.00783312111183486,0.018359599186720237,,,True,,,,,,,,,
F4_source,eval_50156_low,after_block_13,0.00783312111183486,0.013692701743802172,,,True,,,,,,,,,
F4_source,eval_50156_low,after_block_14,0.00783312111183486,0.015283071200452206,,,True,,,,,,,,,
F4_source,eval_50156_low,after_block_15,0.00783312111183486,0.019351866476811155,,,False,detected_frames_below_58,,,,,,,,
F4_source,eval_50156_low,after_block_16,0.00783312111183486,0.01968885085744631,,,False,detected_frames_below_58,,,,,,,,
F4_source,eval_50156_low,after_block_17,0.00783312111183486,0.017615256169506384,,,False,detected_frames_below_58,,,,,,,,
F4_source,eval_50156_low,after_block_18,0.00783312111183486,0.017657298755704782,,,True,,,,,,,,,
F4_source,eval_50156_low,after_block_19,0.00783312111183486,0.017662673619271672,,,False,detected_frames_below_58,,,,,,,,
F4_source,eval_50156_low,after_block_20,0.00783312111183486,0.01457742581686339,,,True,,,,,,,,,
F4_source,eval_50156_low,after_block_21,0.00783312111183486,0.01593698388312656,,,True,,,,,,,,,
F4_source,eval_50156_low,after_block_22,0.00783312111183486,0.016656252741392652,,,True,,,,,,,,,
F4_source,eval_50156_low,after_block_23,0.00783312111183486,0.013962656036192225,,,True,,,,,,,,,
F4_source,eval_50156_low,after_block_24,0.00783312111183486,0.013816308889193128,,,True,,,,,,,,,
F4_source,eval_50156_low,after_block_25,0.00783312111183486,0.013604930630662803,,,True,,,,,,,,,
F4_source,eval_50156_low,after_block_26,0.00783312111183486,0.01346349914823191,,,True,,,,,,,,,
F4_source,eval_50156_low,after_block_27,0.00783312111183486,0.013231823041825342,,,True,,,,,,,,,
F4_source,eval_50156_low,after_block_28,0.00783312111183486,0.013627097497107473,,,True,,,,,,,,,
F4_source,eval_50156_low,after_block_29,0.00783312111183486,0.01313886419313098,,,True,,,,,,,,,
F4_source,eval_50161_low,after_block_0,0.014120502819669076,0.014311839932246998,,,True,,,,,,,,,
F4_source,eval_50161_low,after_block_1,0.014120502819669076,0.014439323653692432,,,True,,,,,,,,,
F4_source,eval_50161_low,after_block_2,0.014120502819669076,0.015405705341724668,,,True,,,,,,,,,
F4_source,eval_50161_low,after_block_3,0.014120502819669076,0.015380423782528383,,,True,,,,,,,,,
F4_source,eval_50161_low,after_block_4,0.014120502819669076,0.01589308607848854,,,True,,,,,,,,,
F4_source,eval_50161_low,after_block_5,0.014120502819669076,0.016269192657446484,,,True,,,,,,,,,
F4_source,eval_50161_low,after_block_6,0.014120502819669076,0.01873726639665508,,,True,,,,,,,,,
F4_source,eval_50161_low,after_block_7,0.014120502819669076,0.019220677556034127,,,True,,,,,,,,,
F4_source,eval_50161_low,after_block_8,0.014120502819669076,0.019162027663968094,,,True,,,,,,,,,
F4_source,eval_50161_low,after_block_9,0.014120502819669076,0.019983450678487447,,,True,,,,,,,,,
F4_source,eval_50161_low,after_block_10,0.014120502819669076,0.017196453434744026,,,True,,,,,,,,,
F4_source,eval_50161_low,after_block_11,0.014120502819669076,0.018970881853689957,,,True,,,,,,,,,
F4_source,eval_50161_low,after_block_12,0.014120502819669076,0.015241752583979765,,,True,,,,,,,,,
F4_source,eval_50161_low,after_block_13,0.014120502819669076,0.010689731373262382,,,True,,,,,,,,,
F4_source,eval_50161_low,after_block_14,0.014120502819669076,0.013914897461778177,,,True,,,,,,,,,
F4_source,eval_50161_low,after_block_15,0.014120502819669076,0.031184978347337793,,,False,detected_frames_below_58,,,,,,,,
F4_source,eval_50161_low,after_block_16,0.014120502819669076,0.03005551399924204,,,False,detected_frames_below_58,,,,,,,,
F4_source,eval_50161_low,after_block_17,0.014120502819669076,0.0215051275686402,,,True,,,,,,,,,
F4_source,eval_50161_low,after_block_18,0.014120502819669076,0.01983342492444151,,,True,,,,,,,,,
F4_source,eval_50161_low,after_block_19,0.014120502819669076,0.017524830791558758,,,True,,,,,,,,,
F4_source,eval_50161_low,after_block_20,0.014120502819669076,0.011398399860317873,,,True,,,,,,,,,
F4_source,eval_50161_low,after_block_21,0.014120502819669076,0.01994138045574713,,,True,,,,,,,,,
F4_source,eval_50161_low,after_block_22,0.014120502819669076,0.020463504589277762,,,True,,,,,,,,,
F4_source,eval_50161_low,after_block_23,0.014120502819669076,0.019696660680056384,,,True,,,,,,,,,
F4_source,eval_50161_low,after_block_24,0.014120502819669076,0.015925709363904722,,,True,,,,,,,,,
F4_source,eval_50161_low,after_block_25,0.014120502819669076,0.015906321418493442,,,True,,,,,,,,,
F4_source,eval_50161_low,after_block_26,0.014120502819669076,0.015608159271739183,,,True,,,,,,,,,
F4_source,eval_50161_low,after_block_27,0.014120502819669076,0.018680776674529873,,,True,,,,,,,,,
F4_source,eval_50161_low,after_block_28,0.014120502819669076,0.019040492527837464,,,True,,,,,,,,,
F4_source,eval_50161_low,after_block_29,0.014120502819669076,0.019634812904322486,,,True,,,,,,,,,
F4_source,eval_50163_high,after_block_0,0.06480414029130344,0.06509699410936276,,,True,,,,,,,,,
F4_source,eval_50163_high,after_block_1,0.06480414029130344,0.06414197594275906,,,True,,,,,,,,,
F4_source,eval_50163_high,after_block_2,0.06480414029130344,0.05829665053232971,,,True,,,,,,,,,
F4_source,eval_50163_high,after_block_3,0.06480414029130344,0.058579635407095126,,,True,,,,,,,,,
F4_source,eval_50163_high,after_block_4,0.06480414029130344,0.05278346923630838,,,True,,,,,,,,,
F4_source,eval_50163_high,after_block_5,0.06480414029130344,0.052363827431857655,,,True,,,,,,,,,
F4_source,eval_50163_high,after_block_6,0.06480414029130344,0.049635532158526244,,,True,,,,,,,,,
F4_source,eval_50163_high,after_block_7,0.06480414029130344,0.04927472173822175,,,True,,,,,,,,,
F4_source,eval_50163_high,after_block_8,0.06480414029130344,0.04868856058400685,,,True,,,,,,,,,
F4_source,eval_50163_high,after_block_9,0.06480414029130344,0.046440644586826174,,,True,,,,,,,,,
F4_source,eval_50163_high,after_block_10,0.06480414029130344,0.04824291177731151,,,True,,,,,,,,,
F4_source,eval_50163_high,after_block_11,0.06480414029130344,0.04806847816959173,,,True,,,,,,,,,
F4_source,eval_50163_high,after_block_12,0.06480414029130344,0.05278960595821871,,,True,,,,,,,,,
F4_source,eval_50163_high,after_block_13,0.06480414029130344,0.05419894064633308,,,True,,,,,,,,,
F4_source,eval_50163_high,after_block_14,0.06480414029130344,0.057520026470306435,,,True,,,,,,,,,
F4_source,eval_50163_high,after_block_15,0.06480414029130344,0.05618571909626522,,,True,,,,,,,,,
F4_source,eval_50163_high,after_block_16,0.06480414029130344,0.05600344872246673,,,True,,,,,,,,,
F4_source,eval_50163_high,after_block_17,0.06480414029130344,0.057896732250620836,,,True,,,,,,,,,
F4_source,eval_50163_high,after_block_18,0.06480414029130344,0.057188404391577324,,,True,,,,,,,,,
F4_source,eval_50163_high,after_block_19,0.06480414029130344,0.053246068756198195,,,True,,,,,,,,,
F4_source,eval_50163_high,after_block_20,0.06480414029130344,0.05078313225007427,,,True,,,,,,,,,
F4_source,eval_50163_high,after_block_21,0.06480414029130344,0.04952638380223249,,,True,,,,,,,,,
F4_source,eval_50163_high,after_block_22,0.06480414029130344,0.049037045314927266,,,True,,,,,,,,,
F4_source,eval_50163_high,after_block_23,0.06480414029130344,0.04715347303816602,,,True,,,,,,,,,
F4_source,eval_50163_high,after_block_24,0.06480414029130344,0.0474857506401184,,,True,,,,,,,,,
F4_source,eval_50163_high,after_block_25,0.06480414029130344,0.047477137994548876,,,True,,,,,,,,,
F4_source,eval_50163_high,after_block_26,0.06480414029130344,0.04553053420516431,,,True,,,,,,,,,
F4_source,eval_50163_high,after_block_27,0.06480414029130344,0.045458429610528435,,,True,,,,,,,,,
F4_source,eval_50163_high,after_block_28,0.06480414029130344,0.04484395947307352,,,True,,,,,,,,,
F4_source,eval_50163_high,after_block_29,0.06480414029130344,0.044222422565086086,,,True,,,,,,,,,
F4_source,eval_50169_high,after_block_0,0.06461911179078858,0.0643716435209658,,,True,,,,,,,,,
F4_source,eval_50169_high,after_block_1,0.06461911179078858,0.0632775289671429,,,True,,,,,,,,,
F4_source,eval_50169_high,after_block_2,0.06461911179078858,0.05863227288523919,,,True,,,,,,,,,
F4_source,eval_50169_high,after_block_3,0.06461911179078858,0.05881495804049615,,,True,,,,,,,,,
F4_source,eval_50169_high,after_block_4,0.06461911179078858,0.053412854899068204,,,True,,,,,,,,,
F4_source,eval_50169_high,after_block_5,0.06461911179078858,0.053220558171691225,,,True,,,,,,,,,
F4_source,eval_50169_high,after_block_6,0.06461911179078858,0.05071493367982972,,,True,,,,,,,,,
F4_source,eval_50169_high,after_block_7,0.06461911179078858,0.05094091255586226,,,True,,,,,,,,,
F4_source,eval_50169_high,after_block_8,0.06461911179078858,0.05013323580012179,,,True,,,,,,,,,
F4_source,eval_50169_high,after_block_9,0.06461911179078858,0.04816608846861048,,,True,,,,,,,,,
F4_source,eval_50169_high,after_block_10,0.06461911179078858,0.049897423384384416,,,True,,,,,,,,,
F4_source,eval_50169_high,after_block_11,0.06461911179078858,0.04951764935109767,,,True,,,,,,,,,
F4_source,eval_50169_high,after_block_12,0.06461911179078858,0.053929948110404295,,,True,,,,,,,,,
F4_source,eval_50169_high,after_block_13,0.06461911179078858,0.05483454782222815,,,True,,,,,,,,,
F4_source,eval_50169_high,after_block_14,0.06461911179078858,0.05724248708029678,,,True,,,,,,,,,
F4_source,eval_50169_high,after_block_15,0.06461911179078858,0.054321632040277346,,,True,,,,,,,,,
F4_source,eval_50169_high,after_block_16,0.06461911179078858,0.05606381117709825,,,True,,,,,,,,,
F4_source,eval_50169_high,after_block_17,0.06461911179078858,0.05487413050363522,,,True,,,,,,,,,
F4_source,eval_50169_high,after_block_18,0.06461911179078858,0.05460250078616108,,,True,,,,,,,,,
F4_source,eval_50169_high,after_block_19,0.06461911179078858,0.05205144781086513,,,True,,,,,,,,,
F4_source,eval_50169_high,after_block_20,0.06461911179078858,0.04984035751578055,,,True,,,,,,,,,
F4_source,eval_50169_high,after_block_21,0.06461911179078858,0.04775097720411267,,,True,,,,,,,,,
F4_source,eval_50169_high,after_block_22,0.06461911179078858,0.04842365346272573,,,True,,,,,,,,,
F4_source,eval_50169_high,after_block_23,0.06461911179078858,0.0466216763017384,,,True,,,,,,,,,
F4_source,eval_50169_high,after_block_24,0.06461911179078858,0.04684728946560064,,,True,,,,,,,,,
F4_source,eval_50169_high,after_block_25,0.06461911179078858,0.0469864710978987,,,True,,,,,,,,,
F4_source,eval_50169_high,after_block_26,0.06461911179078858,0.04483303693420234,,,True,,,,,,,,,
F4_source,eval_50169_high,after_block_27,0.06461911179078858,0.04470000364693403,,,True,,,,,,,,,
F4_source,eval_50169_high,after_block_28,0.06461911179078858,0.04391236285211808,,,True,,,,,,,,,
F4_source,eval_50169_high,after_block_29,0.06461911179078858,0.04354035044134497,,,True,,,,,,,,,
F4_source,eval_50195_high,after_block_0,0.06620475074383063,0.06629942957593402,,,True,,,,,,,,,
F4_source,eval_50195_high,after_block_1,0.06620475074383063,0.06556158108362081,,,True,,,,,,,,,
F4_source,eval_50195_high,after_block_2,0.06620475074383063,0.060270278469198024,,,True,,,,,,,,,
F4_source,eval_50195_high,after_block_3,0.06620475074383063,0.06041952101441194,,,True,,,,,,,,,
F4_source,eval_50195_high,after_block_4,0.06620475074383063,0.05345619993362135,,,True,,,,,,,,,
F4_source,eval_50195_high,after_block_5,0.06620475074383063,0.05300808056186638,,,True,,,,,,,,,
F4_source,eval_50195_high,after_block_6,0.06620475074383063,0.05041577181245763,,,True,,,,,,,,,
F4_source,eval_50195_high,after_block_7,0.06620475074383063,0.050222009068173805,,,True,,,,,,,,,
F4_source,eval_50195_high,after_block_8,0.06620475074383063,0.04953811256206924,,,True,,,,,,,,,
F4_source,eval_50195_high,after_block_9,0.06620475074383063,0.047577753527811836,,,True,,,,,,,,,
F4_source,eval_50195_high,after_block_10,0.06620475074383063,0.04894159799950005,,,True,,,,,,,,,
F4_source,eval_50195_high,after_block_11,0.06620475074383063,0.04836182062134187,,,True,,,,,,,,,
F4_source,eval_50195_high,after_block_12,0.06620475074383063,0.05356775152720599,,,True,,,,,,,,,
F4_source,eval_50195_high,after_block_13,0.06620475074383063,0.054414732190397094,,,True,,,,,,,,,
F4_source,eval_50195_high,after_block_14,0.06620475074383063,0.058507256452913735,,,True,,,,,,,,,
F4_source,eval_50195_high,after_block_15,0.06620475074383063,0.0610228888557524,,,True,,,,,,,,,
F4_source,eval_50195_high,after_block_16,0.06620475074383063,0.06075939288137009,,,True,,,,,,,,,
F4_source,eval_50195_high,after_block_17,0.06620475074383063,0.05838875656091976,,,True,,,,,,,,,
F4_source,eval_50195_high,after_block_18,0.06620475074383063,0.05640872482218214,,,True,,,,,,,,,
F4_source,eval_50195_high,after_block_19,0.06620475074383063,0.053543135740752534,,,True,,,,,,,,,
F4_source,eval_50195_high,after_block_20,0.06620475074383063,0.052695682097778994,,,True,,,,,,,,,
F4_source,eval_50195_high,after_block_21,0.06620475074383063,0.049788410795662784,,,True,,,,,,,,,
F4_source,eval_50195_high,after_block_22,0.06620475074383063,0.04967358245591546,,,True,,,,,,,,,
F4_source,eval_50195_high,after_block_23,0.06620475074383063,0.04729098278549817,,,True,,,,,,,,,
F4_source,eval_50195_high,after_block_24,0.06620475074383063,0.04771119793694503,,,True,,,,,,,,,
F4_source,eval_50195_high,after_block_25,0.06620475074383063,0.047576490992117824,,,True,,,,,,,,,
F4_source,eval_50195_high,after_block_26,0.06620475074383063,0.045770465725220345,,,True,,,,,,,,,
F4_source,eval_50195_high,after_block_27,0.06620475074383063,0.04570810140499328,,,True,,,,,,,,,
F4_source,eval_50195_high,after_block_28,0.06620475074383063,0.04483580825437963,,,True,,,,,,,,,
F4_source,eval_50195_high,after_block_29,0.06620475074383063,0.04442839757113038,,,True,,,,,,,,,
F4_source,eval_50204_low,after_block_0,0.010085546178167065,0.009971631816955148,,,True,,,,,,,,,
F4_source,eval_50204_low,after_block_1,0.010085546178167065,0.00994266851430491,,,True,,,,,,,,,
F4_source,eval_50204_low,after_block_2,0.010085546178167065,0.010478294453041721,,,True,,,,,,,,,
F4_source,eval_50204_low,after_block_3,0.010085546178167065,0.01052422215677759,,,True,,,,,,,,,
F4_source,eval_50204_low,after_block_4,0.010085546178167065,0.010209020387277288,,,True,,,,,,,,,
F4_source,eval_50204_low,after_block_5,0.010085546178167065,0.010651864464060952,,,True,,,,,,,,,
F4_source,eval_50204_low,after_block_6,0.010085546178167065,0.013842961955212355,,,True,,,,,,,,,
F4_source,eval_50204_low,after_block_7,0.010085546178167065,0.01410172137618444,,,True,,,,,,,,,
F4_source,eval_50204_low,after_block_8,0.010085546178167065,0.01581672071341269,,,True,,,,,,,,,
F4_source,eval_50204_low,after_block_9,0.010085546178167065,0.02028784319542669,,,True,,,,,,,,,
F4_source,eval_50204_low,after_block_10,0.010085546178167065,0.017812373278592288,,,True,,,,,,,,,
F4_source,eval_50204_low,after_block_11,0.010085546178167065,0.019967583347245115,,,True,,,,,,,,,
F4_source,eval_50204_low,after_block_12,0.010085546178167065,0.015868790190290506,,,True,,,,,,,,,
F4_source,eval_50204_low,after_block_13,0.010085546178167065,0.011057925004172105,,,True,,,,,,,,,
F4_source,eval_50204_low,after_block_14,0.010085546178167065,0.012691668881842677,,,True,,,,,,,,,
F4_source,eval_50204_low,after_block_15,0.010085546178167065,0.02309738688596291,,,False,detected_frames_below_58,,,,,,,,
F4_source,eval_50204_low,after_block_16,0.010085546178167065,0.02423982406317619,,,False,detected_frames_below_58,,,,,,,,
F4_source,eval_50204_low,after_block_17,0.010085546178167065,0.023035394282098703,,,False,detected_frames_below_58,,,,,,,,
F4_source,eval_50204_low,after_block_18,0.010085546178167065,0.019150253904851408,,,True,,,,,,,,,
F4_source,eval_50204_low,after_block_19,0.010085546178167065,0.017920476609077245,,,False,detected_frames_below_58,,,,,,,,
F4_source,eval_50204_low,after_block_20,0.010085546178167065,0.010869860159471225,,,True,,,,,,,,,
F4_source,eval_50204_low,after_block_21,0.010085546178167065,0.016401748293268344,,,True,,,,,,,,,
F4_source,eval_50204_low,after_block_22,0.010085546178167065,0.01781282970634354,,,True,,,,,,,,,
F4_source,eval_50204_low,after_block_23,0.010085546178167065,0.01563688807615669,,,True,,,,,,,,,
F4_source,eval_50204_low,after_block_24,0.010085546178167065,0.0122662227609868,,,True,,,,,,,,,
F4_source,eval_50204_low,after_block_25,0.010085546178167065,0.014598301028698446,,,True,,,,,,,,,
F4_source,eval_50204_low,after_block_26,0.010085546178167065,0.015653376380895062,,,True,,,,,,,,,
F4_source,eval_50204_low,after_block_27,0.010085546178167065,0.015579363306209985,,,True,,,,,,,,,
F4_source,eval_50204_low,after_block_28,0.010085546178167065,0.012615129780056971,,,True,,,,,,,,,
F4_source,eval_50204_low,after_block_29,0.010085546178167065,0.015199802263388537,,,True,,,,,,,,,
F4_source,eval_50216_high,after_block_0,0.06462940503869435,0.0647704086524147,,,True,,,,,,,,,
F4_source,eval_50216_high,after_block_1,0.06462940503869435,0.06377445992216892,,,True,,,,,,,,,
F4_source,eval_50216_high,after_block_2,0.06462940503869435,0.05920159812864224,,,True,,,,,,,,,
F4_source,eval_50216_high,after_block_3,0.06462940503869435,0.05949102338063786,,,True,,,,,,,,,
F4_source,eval_50216_high,after_block_4,0.06462940503869435,0.054397015248007566,,,True,,,,,,,,,
F4_source,eval_50216_high,after_block_5,0.06462940503869435,0.054203434633911654,,,True,,,,,,,,,
F4_source,eval_50216_high,after_block_6,0.06462940503869435,0.05179020644854206,,,True,,,,,,,,,
F4_source,eval_50216_high,after_block_7,0.06462940503869435,0.05209428314566577,,,True,,,,,,,,,
F4_source,eval_50216_high,after_block_8,0.06462940503869435,0.051405175842501226,,,True,,,,,,,,,
F4_source,eval_50216_high,after_block_9,0.06462940503869435,0.05040829827731217,,,True,,,,,,,,,
F4_source,eval_50216_high,after_block_10,0.06462940503869435,0.051514120150500185,,,True,,,,,,,,,
F4_source,eval_50216_high,after_block_11,0.06462940503869435,0.05125635766866908,,,True,,,,,,,,,
F4_source,eval_50216_high,after_block_12,0.06462940503869435,0.055147191554353915,,,True,,,,,,,,,
F4_source,eval_50216_high,after_block_13,0.06462940503869435,0.05598303063038478,,,True,,,,,,,,,
F4_source,eval_50216_high,after_block_14,0.06462940503869435,0.060357576926370435,,,True,,,,,,,,,
F4_source,eval_50216_high,after_block_15,0.06462940503869435,0.05766226572538069,,,True,,,,,,,,,
F4_source,eval_50216_high,after_block_16,0.06462940503869435,0.05757740472270221,,,True,,,,,,,,,
F4_source,eval_50216_high,after_block_17,0.06462940503869435,0.05659033778105568,,,True,,,,,,,,,
F4_source,eval_50216_high,after_block_18,0.06462940503869435,0.055050114068332996,,,True,,,,,,,,,
F4_source,eval_50216_high,after_block_19,0.06462940503869435,0.052702330982775665,,,True,,,,,,,,,
F4_source,eval_50216_high,after_block_20,0.06462940503869435,0.05042467865300037,,,True,,,,,,,,,
F4_source,eval_50216_high,after_block_21,0.06462940503869435,0.048913665937641515,,,True,,,,,,,,,
F4_source,eval_50216_high,after_block_22,0.06462940503869435,0.04922333069943164,,,True,,,,,,,,,
F4_source,eval_50216_high,after_block_23,0.06462940503869435,0.047789405051767535,,,True,,,,,,,,,
F4_source,eval_50216_high,after_block_24,0.06462940503869435,0.04748050171658409,,,True,,,,,,,,,
F4_source,eval_50216_high,after_block_25,0.06462940503869435,0.04764290387259321,,,True,,,,,,,,,
F4_source,eval_50216_high,after_block_26,0.06462940503869435,0.04604122504525598,,,True,,,,,,,,,
F4_source,eval_50216_high,after_block_27,0.06462940503869435,0.0458487807309362,,,True,,,,,,,,,
F4_source,eval_50216_high,after_block_28,0.06462940503869435,0.04508387809260775,,,True,,,,,,,,,
F4_source,eval_50216_high,after_block_29,0.06462940503869435,0.04470961453760514,,,True,,,,,,,,,
F4_source,eval_50316_low,after_block_0,0.016432461722628765,0.015801174567334538,,,True,,,,,,,,,
F4_source,eval_50316_low,after_block_1,0.016432461722628765,0.016034622919307358,,,True,,,,,,,,,
F4_source,eval_50316_low,after_block_2,0.016432461722628765,0.016653243722012066,,,True,,,,,,,,,
F4_source,eval_50316_low,after_block_3,0.016432461722628765,0.01692765414693428,,,True,,,,,,,,,
F4_source,eval_50316_low,after_block_4,0.016432461722628765,0.01745839986881199,,,True,,,,,,,,,
F4_source,eval_50316_low,after_block_5,0.016432461722628765,0.018000129121124385,,,True,,,,,,,,,
F4_source,eval_50316_low,after_block_6,0.016432461722628765,0.02004879567739521,,,True,,,,,,,,,
F4_source,eval_50316_low,after_block_7,0.016432461722628765,0.020413288199102392,,,True,,,,,,,,,
F4_source,eval_50316_low,after_block_8,0.016432461722628765,0.01945994777508632,,,True,,,,,,,,,
F4_source,eval_50316_low,after_block_9,0.016432461722628765,0.01924267701645416,,,True,,,,,,,,,
F4_source,eval_50316_low,after_block_10,0.016432461722628765,0.01590757610690654,,,True,,,,,,,,,
F4_source,eval_50316_low,after_block_11,0.016432461722628765,0.017320249982987233,,,True,,,,,,,,,
F4_source,eval_50316_low,after_block_12,0.016432461722628765,0.015024485369178761,,,True,,,,,,,,,
F4_source,eval_50316_low,after_block_13,0.016432461722628765,0.011241518008757174,,,True,,,,,,,,,
F4_source,eval_50316_low,after_block_14,0.016432461722628765,0.01855100948216438,,,True,,,,,,,,,
F4_source,eval_50316_low,after_block_15,0.016432461722628765,0.03082968607917931,,,False,detected_frames_below_58,,,,,,,,
F4_source,eval_50316_low,after_block_16,0.016432461722628765,0.029364327353063508,,,False,detected_frames_below_58,,,,,,,,
F4_source,eval_50316_low,after_block_17,0.016432461722628765,0.02537620513544575,,,False,detected_frames_below_58,,,,,,,,
F4_source,eval_50316_low,after_block_18,0.016432461722628765,0.02619478652449889,,,False,detected_frames_below_58,,,,,,,,
F4_source,eval_50316_low,after_block_19,0.016432461722628765,0.023247452237826906,,,False,detected_frames_below_58,,,,,,,,
F4_source,eval_50316_low,after_block_20,0.016432461722628765,0.021272760532274625,,,True,,,,,,,,,
F4_source,eval_50316_low,after_block_21,0.016432461722628765,0.024973086315147268,,,False,detected_frames_below_58,,,,,,,,
F4_source,eval_50316_low,after_block_22,0.016432461722628765,0.025186047279500717,,,False,detected_frames_below_58,,,,,,,,
F4_source,eval_50316_low,after_block_23,0.016432461722628765,0.024597904060293878,,,False,detected_frames_below_58,,,,,,,,
F4_source,eval_50316_low,after_block_24,0.016432461722628765,0.02231356843040202,,,True,,,,,,,,,
F4_source,eval_50316_low,after_block_25,0.016432461722628765,0.022309374682524558,,,True,,,,,,,,,
F4_source,eval_50316_low,after_block_26,0.016432461722628765,0.02103117123415836,,,False,detected_frames_below_58,,,,,,,,
F4_source,eval_50316_low,after_block_27,0.016432461722628765,0.02101046889488863,,,True,,,,,,,,,
F4_source,eval_50316_low,after_block_28,0.016432461722628765,0.021090994925117672,,,True,,,,,,,,,
F4_source,eval_50316_low,after_block_29,0.016432461722628765,0.021614204176859934,,,True,,,,,,,,,
F4_source,eval_50022_low,after_block_0,0.016146214477300393,0.015837265137317785,,,True,,,,,,,,,
F4_source,eval_50022_low,after_block_1,0.016146214477300393,0.016153918048774172,,,True,,,,,,,,,
F4_source,eval_50022_low,after_block_2,0.016146214477300393,0.016513410714865055,,,True,,,,,,,,,
F4_source,eval_50022_low,after_block_3,0.016146214477300393,0.016695825877003495,,,True,,,,,,,,,
F4_source,eval_50022_low,after_block_4,0.016146214477300393,0.017269759041622097,,,True,,,,,,,,,
F4_source,eval_50022_low,after_block_5,0.016146214477300393,0.017616611528656085,,,True,,,,,,,,,
F4_source,eval_50022_low,after_block_6,0.016146214477300393,0.02000851624881147,,,True,,,,,,,,,
F4_source,eval_50022_low,after_block_7,0.016146214477300393,0.020506408856160136,,,True,,,,,,,,,
F4_source,eval_50022_low,after_block_8,0.016146214477300393,0.019555065592113587,,,True,,,,,,,,,
F4_source,eval_50022_low,after_block_9,0.016146214477300393,0.019411080894596918,,,True,,,,,,,,,
F4_source,eval_50022_low,after_block_10,0.016146214477300393,0.015875961720156716,,,True,,,,,,,,,
F4_source,eval_50022_low,after_block_11,0.016146214477300393,0.017169503615789197,,,True,,,,,,,,,
F4_source,eval_50022_low,after_block_12,0.016146214477300393,0.014361267670110294,,,True,,,,,,,,,
F4_source,eval_50022_low,after_block_13,0.016146214477300393,0.01051890407568116,,,True,,,,,,,,,
F4_source,eval_50022_low,after_block_14,0.016146214477300393,0.01643073263781255,,,True,,,,,,,,,
F4_source,eval_50022_low,after_block_15,0.016146214477300393,0.02678448104754626,,,False,detected_frames_below_58,,,,,,,,
F4_source,eval_50022_low,after_block_16,0.016146214477300393,0.02611973177563744,,,False,detected_frames_below_58,,,,,,,,
F4_source,eval_50022_low,after_block_17,0.016146214477300393,0.02318900212941847,,,False,detected_frames_below_58,,,,,,,,
F4_source,eval_50022_low,after_block_18,0.016146214477300393,0.021567181512113405,,,True,,,,,,,,,
F4_source,eval_50022_low,after_block_19,0.016146214477300393,0.020209519131459026,,,True,,,,,,,,,
F4_source,eval_50022_low,after_block_20,0.016146214477300393,0.019583009546057364,,,True,,,,,,,,,
F4_source,eval_50022_low,after_block_21,0.016146214477300393,0.02286270846716558,,,True,,,,,,,,,
F4_source,eval_50022_low,after_block_22,0.016146214477300393,0.02287087562685411,,,True,,,,,,,,,
F4_source,eval_50022_low,after_block_23,0.016146214477300393,0.02144072061981024,,,True,,,,,,,,,
F4_source,eval_50022_low,after_block_24,0.016146214477300393,0.02098043297954207,,,True,,,,,,,,,
F4_source,eval_50022_low,after_block_25,0.016146214477300393,0.020935062599499257,,,True,,,,,,,,,
F4_source,eval_50022_low,after_block_26,0.016146214477300393,0.020153636471626813,,,True,,,,,,,,,
F4_source,eval_50022_low,after_block_27,0.016146214477300393,0.020335501535306114,,,True,,,,,,,,,
F4_source,eval_50022_low,after_block_28,0.016146214477300393,0.020738763843583072,,,True,,,,,,,,,
F4_source,eval_50022_low,after_block_29,0.016146214477300393,0.021072786592906158,,,True,,,,,,,,,
F4_source,eval_50047_low,after_block_0,0.01691397692932508,0.01688648951396273,,,True,,,,,,,,,
F4_source,eval_50047_low,after_block_1,0.01691397692932508,0.017089413834572863,,,True,,,,,,,,,
F4_source,eval_50047_low,after_block_2,0.01691397692932508,0.01786143393305922,,,True,,,,,,,,,
F4_source,eval_50047_low,after_block_3,0.01691397692932508,0.017894389055871065,,,True,,,,,,,,,
F4_source,eval_50047_low,after_block_4,0.01691397692932508,0.018268036018993367,,,True,,,,,,,,,
F4_source,eval_50047_low,after_block_5,0.01691397692932508,0.018566511641922655,,,True,,,,,,,,,
F4_source,eval_50047_low,after_block_6,0.01691397692932508,0.021138554292439056,,,True,,,,,,,,,
F4_source,eval_50047_low,after_block_7,0.01691397692932508,0.02161271697520905,,,True,,,,,,,,,
F4_source,eval_50047_low,after_block_8,0.01691397692932508,0.020156066920851826,,,True,,,,,,,,,
F4_source,eval_50047_low,after_block_9,0.01691397692932508,0.02005488018394223,,,True,,,,,,,,,
F4_source,eval_50047_low,after_block_10,0.01691397692932508,0.016289993603014224,,,True,,,,,,,,,
F4_source,eval_50047_low,after_block_11,0.01691397692932508,0.017682749090165553,,,True,,,,,,,,,
F4_source,eval_50047_low,after_block_12,0.01691397692932508,0.016392394844236033,,,True,,,,,,,,,
F4_source,eval_50047_low,after_block_13,0.01691397692932508,0.013833095874891135,,,True,,,,,,,,,
F4_source,eval_50047_low,after_block_14,0.01691397692932508,0.024519562162586786,,,True,,,,,,,,,
F4_source,eval_50047_low,after_block_15,0.01691397692932508,0.028557728511868684,,,False,detected_frames_below_58,,,,,,,,
F4_source,eval_50047_low,after_block_16,0.01691397692932508,0.027288347920508955,,,False,detected_frames_below_58,,,,,,,,
F4_source,eval_50047_low,after_block_17,0.01691397692932508,0.02848140032151036,,,False,detected_frames_below_58,,,,,,,,
F4_source,eval_50047_low,after_block_18,0.01691397692932508,0.030308787037166298,,,False,detected_frames_below_58,,,,,,,,
F4_source,eval_50047_low,after_block_19,0.01691397692932508,0.026941440050813566,,,False,detected_frames_below_58,,,,,,,,
F4_source,eval_50047_low,after_block_20,0.01691397692932508,0.024757883066661025,,,False,detected_frames_below_58,,,,,,,,
F4_source,eval_50047_low,after_block_21,0.01691397692932508,0.029366340348888822,,,False,detected_frames_below_58,,,,,,,,
F4_source,eval_50047_low,after_block_22,0.01691397692932508,0.03193884187187023,,,False,detected_frames_below_58,,,,,,,,
F4_source,eval_50047_low,after_block_23,0.01691397692932508,0.03260433585330798,,,False,detected_frames_below_58,,,,,,,,
F4_source,eval_50047_low,after_block_24,0.01691397692932508,0.024749888818047325,,,False,detected_frames_below_58,,,,,,,,
F4_source,eval_50047_low,after_block_25,0.01691397692932508,0.02496864092546607,,,False,detected_frames_below_58,,,,,,,,
F4_source,eval_50047_low,after_block_26,0.01691397692932508,0.023928546261736374,,,False,detected_frames_below_58,,,,,,,,
F4_source,eval_50047_low,after_block_27,0.01691397692932508,0.023961370522784166,,,False,detected_frames_below_58,,,,,,,,
F4_source,eval_50047_low,after_block_28,0.01691397692932508,0.02425975051731082,,,False,detected_frames_below_58,,,,,,,,
F4_source,eval_50047_low,after_block_29,0.01691397692932508,0.023563188214477223,,,True,,,,,,,,,
F4_source,eval_50067_low,after_block_0,0.01709998591120215,0.017234132698679922,,,True,,,,,,,,,
F4_source,eval_50067_low,after_block_1,0.01709998591120215,0.017400239750708795,,,True,,,,,,,,,
F4_source,eval_50067_low,after_block_2,0.01709998591120215,0.017891924150031022,,,True,,,,,,,,,
F4_source,eval_50067_low,after_block_3,0.01709998591120215,0.018065879849856754,,,True,,,,,,,,,
F4_source,eval_50067_low,after_block_4,0.01709998591120215,0.01863199504300548,,,True,,,,,,,,,
F4_source,eval_50067_low,after_block_5,0.01709998591120215,0.01915341404246445,,,True,,,,,,,,,
F4_source,eval_50067_low,after_block_6,0.01709998591120215,0.021325990344436795,,,True,,,,,,,,,
F4_source,eval_50067_low,after_block_7,0.01709998591120215,0.021697295513248383,,,True,,,,,,,,,
F4_source,eval_50067_low,after_block_8,0.01709998591120215,0.020164286488581006,,,True,,,,,,,,,
F4_source,eval_50067_low,after_block_9,0.01709998591120215,0.019804230334378028,,,True,,,,,,,,,
F4_source,eval_50067_low,after_block_10,0.01709998591120215,0.016811764192905167,,,True,,,,,,,,,
F4_source,eval_50067_low,after_block_11,0.01709998591120215,0.018325008345456507,,,True,,,,,,,,,
F4_source,eval_50067_low,after_block_12,0.01709998591120215,0.015173752564983373,,,True,,,,,,,,,
F4_source,eval_50067_low,after_block_13,0.01709998591120215,0.011264552014405778,,,True,,,,,,,,,
F4_source,eval_50067_low,after_block_14,0.01709998591120215,0.015498078644331378,,,True,,,,,,,,,
F4_source,eval_50067_low,after_block_15,0.01709998591120215,0.029649285395563125,,,False,detected_frames_below_58,,,,,,,,
F4_source,eval_50067_low,after_block_16,0.01709998591120215,0.028558602829507364,,,False,detected_frames_below_58,,,,,,,,
F4_source,eval_50067_low,after_block_17,0.01709998591120215,0.0243286688875247,,,False,detected_frames_below_58,,,,,,,,
F4_source,eval_50067_low,after_block_18,0.01709998591120215,0.022496094744059215,,,True,,,,,,,,,
F4_source,eval_50067_low,after_block_19,0.01709998591120215,0.020645813214142647,,,True,,,,,,,,,
F4_source,eval_50067_low,after_block_20,0.01709998591120215,0.020550211359389475,,,True,,,,,,,,,
F4_source,eval_50067_low,after_block_21,0.01709998591120215,0.023465185133967042,,,True,,,,,,,,,
F4_source,eval_50067_low,after_block_22,0.01709998591120215,0.024278556868627652,,,True,,,,,,,,,
F4_source,eval_50067_low,after_block_23,0.01709998591120215,0.02287220590130976,,,True,,,,,,,,,
F4_source,eval_50067_low,after_block_24,0.01709998591120215,0.022336324661482252,,,True,,,,,,,,,
F4_source,eval_50067_low,after_block_25,0.01709998591120215,0.02203920110888772,,,True,,,,,,,,,
F4_source,eval_50067_low,after_block_26,0.01709998591120215,0.021321307605441916,,,True,,,,,,,,,
F4_source,eval_50067_low,after_block_27,0.01709998591120215,0.021183194548757663,,,True,,,,,,,,,
F4_source,eval_50067_low,after_block_28,0.01709998591120215,0.021420464631777575,,,True,,,,,,,,,
F4_source,eval_50067_low,after_block_29,0.01709998591120215,0.022191077681429767,,,True,,,,,,,,,
F4_source,eval_50071_low,after_block_0,0.005281390764774366,0.0051191136777562095,,,True,,,,,,,,,
F4_source,eval_50071_low,after_block_1,0.005281390764774366,0.005106947326264654,,,True,,,,,,,,,
F4_source,eval_50071_low,after_block_2,0.005281390764774366,0.006150501389744189,,,True,,,,,,,,,
F4_source,eval_50071_low,after_block_3,0.005281390764774366,0.006310345073407624,,,True,,,,,,,,,
F4_source,eval_50071_low,after_block_4,0.005281390764774366,0.007313077688779584,,,True,,,,,,,,,
F4_source,eval_50071_low,after_block_5,0.005281390764774366,0.007513005292326588,,,True,,,,,,,,,
F4_source,eval_50071_low,after_block_6,0.005281390764774366,0.013715673995143618,,,True,,,,,,,,,
F4_source,eval_50071_low,after_block_7,0.005281390764774366,0.01400564817226303,,,True,,,,,,,,,
F4_source,eval_50071_low,after_block_8,0.005281390764774366,0.017111942783643683,,,True,,,,,,,,,
F4_source,eval_50071_low,after_block_9,0.005281390764774366,0.023270435388232213,,,True,,,,,,,,,
F4_source,eval_50071_low,after_block_10,0.005281390764774366,0.022060446468963876,,,True,,,,,,,,,
F4_source,eval_50071_low,after_block_11,0.005281390764774366,0.024301355993152803,,,True,,,,,,,,,
F4_source,eval_50071_low,after_block_12,0.005281390764774366,0.02075008939376282,,,True,,,,,,,,,
F4_source,eval_50071_low,after_block_13,0.005281390764774366,0.015775949549557803,,,True,,,,,,,,,
F4_source,eval_50071_low,after_block_14,0.005281390764774366,0.01612576144903048,,,True,,,,,,,,,
F4_source,eval_50071_low,after_block_15,0.005281390764774366,0.01732419259217039,,,False,detected_frames_below_58,,,,,,,,
F4_source,eval_50071_low,after_block_16,0.005281390764774366,0.017676451799456715,,,False,detected_frames_below_58,,,,,,,,
F4_source,eval_50071_low,after_block_17,0.005281390764774366,0.015529926333400432,,,True,,,,,,,,,
F4_source,eval_50071_low,after_block_18,0.005281390764774366,0.013757851307331134,,,True,,,,,,,,,
F4_source,eval_50071_low,after_block_19,0.005281390764774366,0.0113486101173417,,,True,,,,,,,,,
F4_source,eval_50071_low,after_block_20,0.005281390764774366,0.010205996052821308,,,True,,,,,,,,,
F4_source,eval_50071_low,after_block_21,0.005281390764774366,0.011079383206501855,,,True,,,,,,,,,
F4_source,eval_50071_low,after_block_22,0.005281390764774366,0.012847077268276988,,,True,,,,,,,,,
F4_source,eval_50071_low,after_block_23,0.005281390764774366,0.013346635271399811,,,True,,,,,,,,,
F4_source,eval_50071_low,after_block_24,0.005281390764774366,0.008899744684384998,,,True,,,,,,,,,
F4_source,eval_50071_low,after_block_25,0.005281390764774366,0.008629136746664918,,,True,,,,,,,,,
F4_source,eval_50071_low,after_block_26,0.005281390764774366,0.013092202989691507,,,True,,,,,,,,,
F4_source,eval_50071_low,after_block_27,0.005281390764774366,0.011573707864662098,,,True,,,,,,,,,
F4_source,eval_50071_low,after_block_28,0.005281390764774366,0.015546941307805975,,,True,,,,,,,,,
F4_source,eval_50071_low,after_block_29,0.005281390764774366,0.014975096701406117,,,True,,,,,,,,,
F4_source,eval_50073_high,after_block_0,0.06509883693868776,0.06543370956673693,,,True,,,,,,,,,
F4_source,eval_50073_high,after_block_1,0.06509883693868776,0.06442657521191252,,,True,,,,,,,,,
F4_source,eval_50073_high,after_block_2,0.06509883693868776,0.05890291242859348,,,True,,,,,,,,,
F4_source,eval_50073_high,after_block_3,0.06509883693868776,0.05904989030592613,,,True,,,,,,,,,
F4_source,eval_50073_high,after_block_4,0.06509883693868776,0.05361188831883396,,,True,,,,,,,,,
F4_source,eval_50073_high,after_block_5,0.06509883693868776,0.053421069829001744,,,True,,,,,,,,,
F4_source,eval_50073_high,after_block_6,0.06509883693868776,0.050707929114593105,,,True,,,,,,,,,
F4_source,eval_50073_high,after_block_7,0.06509883693868776,0.05068085985649434,,,True,,,,,,,,,
F4_source,eval_50073_high,after_block_8,0.06509883693868776,0.04985429398908424,,,True,,,,,,,,,
F4_source,eval_50073_high,after_block_9,0.06509883693868776,0.04889079056176898,,,True,,,,,,,,,
F4_source,eval_50073_high,after_block_10,0.06509883693868776,0.049924786983888476,,,True,,,,,,,,,
F4_source,eval_50073_high,after_block_11,0.06509883693868776,0.04933735909013027,,,True,,,,,,,,,
F4_source,eval_50073_high,after_block_12,0.06509883693868776,0.0547642603838312,,,True,,,,,,,,,
F4_source,eval_50073_high,after_block_13,0.06509883693868776,0.05601735313174712,,,True,,,,,,,,,
F4_source,eval_50073_high,after_block_14,0.06509883693868776,0.05958508722220944,,,True,,,,,,,,,
F4_source,eval_50073_high,after_block_15,0.06509883693868776,0.06053410259194819,,,True,,,,,,,,,
F4_source,eval_50073_high,after_block_16,0.06509883693868776,0.06055461022209977,,,True,,,,,,,,,
F4_source,eval_50073_high,after_block_17,0.06509883693868776,0.05863040130234238,,,True,,,,,,,,,
F4_source,eval_50073_high,after_block_18,0.06509883693868776,0.0586180979374374,,,True,,,,,,,,,
F4_source,eval_50073_high,after_block_19,0.06509883693868776,0.053282941915014405,,,True,,,,,,,,,
F4_source,eval_50073_high,after_block_20,0.06509883693868776,0.05144396978904374,,,True,,,,,,,,,
F4_source,eval_50073_high,after_block_21,0.06509883693868776,0.04906875119082353,,,True,,,,,,,,,
F4_source,eval_50073_high,after_block_22,0.06509883693868776,0.04898888159182464,,,True,,,,,,,,,
F4_source,eval_50073_high,after_block_23,0.06509883693868776,0.04781686371281961,,,True,,,,,,,,,
F4_source,eval_50073_high,after_block_24,0.06509883693868776,0.04803506411201451,,,True,,,,,,,,,
F4_source,eval_50073_high,after_block_25,0.06509883693868776,0.048127180836600086,,,True,,,,,,,,,
F4_source,eval_50073_high,after_block_26,0.06509883693868776,0.045619798168033396,,,True,,,,,,,,,
F4_source,eval_50073_high,after_block_27,0.06509883693868776,0.04541796649748283,,,True,,,,,,,,,
F4_source,eval_50073_high,after_block_28,0.06509883693868776,0.044796530540848464,,,True,,,,,,,,,
F4_source,eval_50073_high,after_block_29,0.06509883693868776,0.04442093303796729,,,True,,,,,,,,,
F4_source,eval_50081_low,after_block_0,0.003831881469574032,0.0032176706505762168,,,True,,,,,,,,,
F4_source,eval_50081_low,after_block_1,0.003831881469574032,0.0033482514787849453,,,True,,,,,,,,,
F4_source,eval_50081_low,after_block_2,0.003831881469574032,0.004070885956141896,,,True,,,,,,,,,
F4_source,eval_50081_low,after_block_3,0.003831881469574032,0.004023979799356615,,,True,,,,,,,,,
F4_source,eval_50081_low,after_block_4,0.003831881469574032,0.005107592727271532,,,True,,,,,,,,,
F4_source,eval_50081_low,after_block_5,0.003831881469574032,0.005773684926581024,,,True,,,,,,,,,
F4_source,eval_50081_low,after_block_6,0.003831881469574032,0.012576475789738055,,,True,,,,,,,,,
F4_source,eval_50081_low,after_block_7,0.003831881469574032,0.013112546784069945,,,True,,,,,,,,,
F4_source,eval_50081_low,after_block_8,0.003831881469574032,0.018317637575809193,,,True,,,,,,,,,
F4_source,eval_50081_low,after_block_9,0.003831881469574032,0.025604506984031578,,,True,,,,,,,,,
F4_source,eval_50081_low,after_block_10,0.003831881469574032,0.024534994815698683,,,True,,,,,,,,,
F4_source,eval_50081_low,after_block_11,0.003831881469574032,0.02645764372277774,,,True,,,,,,,,,
F4_source,eval_50081_low,after_block_12,0.003831881469574032,0.022157527813513,,,True,,,,,,,,,
F4_source,eval_50081_low,after_block_13,0.003831881469574032,0.017340678137968694,,,True,,,,,,,,,
F4_source,eval_50081_low,after_block_14,0.003831881469574032,0.016993919565199217,,,True,,,,,,,,,
F4_source,eval_50081_low,after_block_15,0.003831881469574032,0.01535831784854475,,,True,,,,,,,,,
F4_source,eval_50081_low,after_block_16,0.003831881469574032,0.01569384419754416,,,True,,,,,,,,,
F4_source,eval_50081_low,after_block_17,0.003831881469574032,0.011908958244365284,,,True,,,,,,,,,
F4_source,eval_50081_low,after_block_18,0.003831881469574032,0.011483352050855974,,,True,,,,,,,,,
F4_source,eval_50081_low,after_block_19,0.003831881469574032,0.010150774226284581,,,True,,,,,,,,,
F4_source,eval_50081_low,after_block_20,0.003831881469574032,0.010177973687688139,,,True,,,,,,,,,
F4_source,eval_50081_low,after_block_21,0.003831881469574032,0.010915896369365881,,,True,,,,,,,,,
F4_source,eval_50081_low,after_block_22,0.003831881469574032,0.010664643394128908,,,True,,,,,,,,,
F4_source,eval_50081_low,after_block_23,0.003831881469574032,0.011736479409292195,,,True,,,,,,,,,
F4_source,eval_50081_low,after_block_24,0.003831881469574032,0.009322558381984716,,,True,,,,,,,,,
F4_source,eval_50081_low,after_block_25,0.003831881469574032,0.009144655574969714,,,True,,,,,,,,,
F4_source,eval_50081_low,after_block_26,0.003831881469574032,0.011519399912575536,,,True,,,,,,,,,
F4_source,eval_50081_low,after_block_27,0.003831881469574032,0.009651464247064614,,,True,,,,,,,,,
F4_source,eval_50081_low,after_block_28,0.003831881469574032,0.01030748627297575,,,True,,,,,,,,,
F4_source,eval_50081_low,after_block_29,0.003831881469574032,0.010129783627780083,,,True,,,,,,,,,
F4_source,eval_50092_high,after_block_0,0.06337247545209575,0.06309414931641269,,,True,,,,,,,,,
F4_source,eval_50092_high,after_block_1,0.06337247545209575,0.06163654026135151,,,True,,,,,,,,,
F4_source,eval_50092_high,after_block_2,0.06337247545209575,0.05662388087907314,,,True,,,,,,,,,
F4_source,eval_50092_high,after_block_3,0.06337247545209575,0.0568294217052568,,,True,,,,,,,,,
F4_source,eval_50092_high,after_block_4,0.06337247545209575,0.05309824435103628,,,True,,,,,,,,,
F4_source,eval_50092_high,after_block_5,0.06337247545209575,0.052972255291808455,,,True,,,,,,,,,
F4_source,eval_50092_high,after_block_6,0.06337247545209575,0.050177541976340875,,,True,,,,,,,,,
F4_source,eval_50092_high,after_block_7,0.06337247545209575,0.05046325174611631,,,True,,,,,,,,,
F4_source,eval_50092_high,after_block_8,0.06337247545209575,0.0504449463673268,,,True,,,,,,,,,
F4_source,eval_50092_high,after_block_9,0.06337247545209575,0.04935716889791045,,,True,,,,,,,,,
F4_source,eval_50092_high,after_block_10,0.06337247545209575,0.051317988257495784,,,True,,,,,,,,,
F4_source,eval_50092_high,after_block_11,0.06337247545209575,0.050673587747360985,,,True,,,,,,,,,
F4_source,eval_50092_high,after_block_12,0.06337247545209575,0.054681472358973124,,,True,,,,,,,,,
F4_source,eval_50092_high,after_block_13,0.06337247545209575,0.05606688662848189,,,True,,,,,,,,,
F4_source,eval_50092_high,after_block_14,0.06337247545209575,0.0592870094295203,,,True,,,,,,,,,
F4_source,eval_50092_high,after_block_15,0.06337247545209575,0.0544683553277573,,,True,,,,,,,,,
F4_source,eval_50092_high,after_block_16,0.06337247545209575,0.0529111159562667,,,True,,,,,,,,,
F4_source,eval_50092_high,after_block_17,0.06337247545209575,0.050597305380227185,,,True,,,,,,,,,
F4_source,eval_50092_high,after_block_18,0.06337247545209575,0.0556798147479483,,,True,,,,,,,,,
F4_source,eval_50092_high,after_block_19,0.06337247545209575,0.05264101519068191,,,True,,,,,,,,,
F4_source,eval_50092_high,after_block_20,0.06337247545209575,0.05121671279260208,,,True,,,,,,,,,
F4_source,eval_50092_high,after_block_21,0.06337247545209575,0.04926117205498041,,,True,,,,,,,,,
F4_source,eval_50092_high,after_block_22,0.06337247545209575,0.04843692441270937,,,True,,,,,,,,,
F4_source,eval_50092_high,after_block_23,0.06337247545209575,0.04657157986612642,,,True,,,,,,,,,
F4_source,eval_50092_high,after_block_24,0.06337247545209575,0.046894519787021915,,,True,,,,,,,,,
F4_source,eval_50092_high,after_block_25,0.06337247545209575,0.04705028511671746,,,True,,,,,,,,,
F4_source,eval_50092_high,after_block_26,0.06337247545209575,0.04502140974832383,,,True,,,,,,,,,
F4_source,eval_50092_high,after_block_27,0.06337247545209575,0.04479694726408971,,,True,,,,,,,,,
F4_source,eval_50092_high,after_block_28,0.06337247545209575,0.04413242674188892,,,True,,,,,,,,,
F4_source,eval_50092_high,after_block_29,0.06337247545209575,0.04388418563791719,,,True,,,,,,,,,
F4_source,eval_50097_high,after_block_0,0.06695300996135099,0.06616936356620731,,,True,,,,,,,,,
F4_source,eval_50097_high,after_block_1,0.06695300996135099,0.06546640354810217,,,True,,,,,,,,,
F4_source,eval_50097_high,after_block_2,0.06695300996135099,0.061104880396169715,,,True,,,,,,,,,
F4_source,eval_50097_high,after_block_3,0.06695300996135099,0.06110291777485121,,,True,,,,,,,,,
F4_source,eval_50097_high,after_block_4,0.06695300996135099,0.05453614588790535,,,True,,,,,,,,,
F4_source,eval_50097_high,after_block_5,0.06695300996135099,0.05445847972335198,,,True,,,,,,,,,
F4_source,eval_50097_high,after_block_6,0.06695300996135099,0.05312578303091434,,,True,,,,,,,,,
F4_source,eval_50097_high,after_block_7,0.06695300996135099,0.053144160227879295,,,True,,,,,,,,,
F4_source,eval_50097_high,after_block_8,0.06695300996135099,0.05215859503176084,,,True,,,,,,,,,
F4_source,eval_50097_high,after_block_9,0.06695300996135099,0.0502686928775103,,,True,,,,,,,,,
F4_source,eval_50097_high,after_block_10,0.06695300996135099,0.05109130813778905,,,True,,,,,,,,,
F4_source,eval_50097_high,after_block_11,0.06695300996135099,0.050459011942640665,,,True,,,,,,,,,
F4_source,eval_50097_high,after_block_12,0.06695300996135099,0.054620680707493006,,,True,,,,,,,,,
F4_source,eval_50097_high,after_block_13,0.06695300996135099,0.05608981681308286,,,True,,,,,,,,,
F4_source,eval_50097_high,after_block_14,0.06695300996135099,0.06047275354031644,,,True,,,,,,,,,
F4_source,eval_50097_high,after_block_15,0.06695300996135099,0.05963738029584966,,,True,,,,,,,,,
F4_source,eval_50097_high,after_block_16,0.06695300996135099,0.05993958751750515,,,True,,,,,,,,,
F4_source,eval_50097_high,after_block_17,0.06695300996135099,0.05981378909649448,,,True,,,,,,,,,
F4_source,eval_50097_high,after_block_18,0.06695300996135099,0.05740710980186984,,,True,,,,,,,,,
F4_source,eval_50097_high,after_block_19,0.06695300996135099,0.05578593231780478,,,True,,,,,,,,,
F4_source,eval_50097_high,after_block_20,0.06695300996135099,0.05317370608343289,,,True,,,,,,,,,
F4_source,eval_50097_high,after_block_21,0.06695300996135099,0.050980297672784565,,,True,,,,,,,,,
F4_source,eval_50097_high,after_block_22,0.06695300996135099,0.05024241709861458,,,True,,,,,,,,,
F4_source,eval_50097_high,after_block_23,0.06695300996135099,0.04831842464332842,,,True,,,,,,,,,
F4_source,eval_50097_high,after_block_24,0.06695300996135099,0.048727695330991215,,,True,,,,,,,,,
F4_source,eval_50097_high,after_block_25,0.06695300996135099,0.04867598367706758,,,True,,,,,,,,,
F4_source,eval_50097_high,after_block_26,0.06695300996135099,0.04688715322843797,,,True,,,,,,,,,
F4_source,eval_50097_high,after_block_27,0.06695300996135099,0.046759369426620706,,,True,,,,,,,,,
F4_source,eval_50097_high,after_block_28,0.06695300996135099,0.046038641211827235,,,True,,,,,,,,,
F4_source,eval_50097_high,after_block_29,0.06695300996135099,0.045494863408235754,,,True,,,,,,,,,
F4_source,eval_50101_high,after_block_0,0.06469713758472403,0.06493916816904197,,,True,,,,,,,,,
F4_source,eval_50101_high,after_block_1,0.06469713758472403,0.06437287523560906,,,True,,,,,,,,,
F4_source,eval_50101_high,after_block_2,0.06469713758472403,0.05928824581860324,,,True,,,,,,,,,
F4_source,eval_50101_high,after_block_3,0.06469713758472403,0.059563179098302124,,,True,,,,,,,,,
F4_source,eval_50101_high,after_block_4,0.06469713758472403,0.053729172738949046,,,True,,,,,,,,,
F4_source,eval_50101_high,after_block_5,0.06469713758472403,0.053426166383315654,,,True,,,,,,,,,
F4_source,eval_50101_high,after_block_6,0.06469713758472403,0.051058300771939465,,,True,,,,,,,,,
F4_source,eval_50101_high,after_block_7,0.06469713758472403,0.05109945620875716,,,True,,,,,,,,,
F4_source,eval_50101_high,after_block_8,0.06469713758472403,0.050203819688869854,,,True,,,,,,,,,
F4_source,eval_50101_high,after_block_9,0.06469713758472403,0.048802112754312496,,,True,,,,,,,,,
F4_source,eval_50101_high,after_block_10,0.06469713758472403,0.049901312534739256,,,True,,,,,,,,,
F4_source,eval_50101_high,after_block_11,0.06469713758472403,0.04935974454961611,,,True,,,,,,,,,
F4_source,eval_50101_high,after_block_12,0.06469713758472403,0.05407170685458566,,,True,,,,,,,,,
F4_source,eval_50101_high,after_block_13,0.06469713758472403,0.055792233614099844,,,True,,,,,,,,,
F4_source,eval_50101_high,after_block_14,0.06469713758472403,0.05947656937697432,,,True,,,,,,,,,
F4_source,eval_50101_high,after_block_15,0.06469713758472403,0.0627215418696843,,,True,,,,,,,,,
F4_source,eval_50101_high,after_block_16,0.06469713758472403,0.06219830243841294,,,True,,,,,,,,,
F4_source,eval_50101_high,after_block_17,0.06469713758472403,0.05730889263841732,,,True,,,,,,,,,
F4_source,eval_50101_high,after_block_18,0.06469713758472403,0.05443419572735404,,,True,,,,,,,,,
F4_source,eval_50101_high,after_block_19,0.06469713758472403,0.05236960284141135,,,True,,,,,,,,,
F4_source,eval_50101_high,after_block_20,0.06469713758472403,0.049229273557383296,,,True,,,,,,,,,
F4_source,eval_50101_high,after_block_21,0.06469713758472403,0.04733762660120311,,,True,,,,,,,,,
F4_source,eval_50101_high,after_block_22,0.06469713758472403,0.04805678842929068,,,True,,,,,,,,,
F4_source,eval_50101_high,after_block_23,0.06469713758472403,0.04643068478318159,,,True,,,,,,,,,
F4_source,eval_50101_high,after_block_24,0.06469713758472403,0.0464571887763622,,,True,,,,,,,,,
F4_source,eval_50101_high,after_block_25,0.06469713758472403,0.04612344262082657,,,True,,,,,,,,,
F4_source,eval_50101_high,after_block_26,0.06469713758472403,0.04469608923570159,,,True,,,,,,,,,
F4_source,eval_50101_high,after_block_27,0.06469713758472403,0.04463838511248003,,,True,,,,,,,,,
F4_source,eval_50101_high,after_block_28,0.06469713758472403,0.04383606473672249,,,True,,,,,,,,,
F4_source,eval_50101_high,after_block_29,0.06469713758472403,0.043423260898606444,,,True,,,,,,,,,
F4_source,eval_50146_low,after_block_0,0.00593522170707521,0.006030059496100101,,,True,,,,,,,,,
F4_source,eval_50146_low,after_block_1,0.00593522170707521,0.006128277281870804,,,True,,,,,,,,,
F4_source,eval_50146_low,after_block_2,0.00593522170707521,0.006888236144948659,,,True,,,,,,,,,
F4_source,eval_50146_low,after_block_3,0.00593522170707521,0.006765184424463752,,,True,,,,,,,,,
F4_source,eval_50146_low,after_block_4,0.00593522170707521,0.007649292505070046,,,True,,,,,,,,,
F4_source,eval_50146_low,after_block_5,0.00593522170707521,0.007631617861758405,,,True,,,,,,,,,
F4_source,eval_50146_low,after_block_6,0.00593522170707521,0.013843358808794193,,,True,,,,,,,,,
F4_source,eval_50146_low,after_block_7,0.00593522170707521,0.014049375431990243,,,True,,,,,,,,,
F4_source,eval_50146_low,after_block_8,0.00593522170707521,0.016289457860707134,,,True,,,,,,,,,
F4_source,eval_50146_low,after_block_9,0.00593522170707521,0.02188932370854893,,,True,,,,,,,,,
F4_source,eval_50146_low,after_block_10,0.00593522170707521,0.02095462568294627,,,True,,,,,,,,,
F4_source,eval_50146_low,after_block_11,0.00593522170707521,0.023434033158690866,,,True,,,,,,,,,
F4_source,eval_50146_low,after_block_12,0.00593522170707521,0.019292975031465206,,,True,,,,,,,,,
F4_source,eval_50146_low,after_block_13,0.00593522170707521,0.014985457783785966,,,True,,,,,,,,,
F4_source,eval_50146_low,after_block_14,0.00593522170707521,0.015244106154026962,,,True,,,,,,,,,
F4_source,eval_50146_low,after_block_15,0.00593522170707521,0.01807798066210357,,,False,detected_frames_below_58,,,,,,,,
F4_source,eval_50146_low,after_block_16,0.00593522170707521,0.018183809555220337,,,False,detected_frames_below_58,,,,,,,,
F4_source,eval_50146_low,after_block_17,0.00593522170707521,0.011785256182644968,,,True,,,,,,,,,
F4_source,eval_50146_low,after_block_18,0.00593522170707521,0.010801449537478747,,,True,,,,,,,,,
F4_source,eval_50146_low,after_block_19,0.00593522170707521,0.008151688234836724,,,True,,,,,,,,,
F4_source,eval_50146_low,after_block_20,0.00593522170707521,0.0083063879170454,,,True,,,,,,,,,
F4_source,eval_50146_low,after_block_21,0.00593522170707521,0.01048610268442053,,,True,,,,,,,,,
F4_source,eval_50146_low,after_block_22,0.00593522170707521,0.00988232645497449,,,True,,,,,,,,,
F4_source,eval_50146_low,after_block_23,0.00593522170707521,0.008851804189307873,,,True,,,,,,,,,
F4_source,eval_50146_low,after_block_24,0.00593522170707521,0.007017488220688616,,,True,,,,,,,,,
F4_source,eval_50146_low,after_block_25,0.00593522170707521,0.0069176385281622494,,,True,,,,,,,,,
F4_source,eval_50146_low,after_block_26,0.00593522170707521,0.009110940231144124,,,True,,,,,,,,,
F4_source,eval_50146_low,after_block_27,0.00593522170707521,0.008277551927315871,,,True,,,,,,,,,
F4_source,eval_50146_low,after_block_28,0.00593522170707521,0.009041144394335818,,,True,,,,,,,,,
F4_source,eval_50146_low,after_block_29,0.00593522170707521,0.011101957571796073,,,True,,,,,,,,,
F4_source,eval_50187_high,after_block_0,0.06458603172283665,0.06429768586996899,,,True,,,,,,,,,
F4_source,eval_50187_high,after_block_1,0.06458603172283665,0.06335258196109309,,,True,,,,,,,,,
F4_source,eval_50187_high,after_block_2,0.06458603172283665,0.0584597965590695,,,True,,,,,,,,,
F4_source,eval_50187_high,after_block_3,0.06458603172283665,0.058548585916009026,,,True,,,,,,,,,
F4_source,eval_50187_high,after_block_4,0.06458603172283665,0.053719194503484315,,,True,,,,,,,,,
F4_source,eval_50187_high,after_block_5,0.06458603172283665,0.05351602640280899,,,True,,,,,,,,,
F4_source,eval_50187_high,after_block_6,0.06458603172283665,0.0511511790206602,,,True,,,,,,,,,
F4_source,eval_50187_high,after_block_7,0.06458603172283665,0.051223981951663354,,,True,,,,,,,,,
F4_source,eval_50187_high,after_block_8,0.06458603172283665,0.05056679567450106,,,True,,,,,,,,,
F4_source,eval_50187_high,after_block_9,0.06458603172283665,0.049228135172038015,,,True,,,,,,,,,
F4_source,eval_50187_high,after_block_10,0.06458603172283665,0.050681320693001825,,,True,,,,,,,,,
F4_source,eval_50187_high,after_block_11,0.06458603172283665,0.05013076788301783,,,True,,,,,,,,,
F4_source,eval_50187_high,after_block_12,0.06458603172283665,0.054536793244702675,,,True,,,,,,,,,
F4_source,eval_50187_high,after_block_13,0.06458603172283665,0.055695348267048125,,,True,,,,,,,,,
F4_source,eval_50187_high,after_block_14,0.06458603172283665,0.05842381414527068,,,True,,,,,,,,,
F4_source,eval_50187_high,after_block_15,0.06458603172283665,0.060765125872344374,,,True,,,,,,,,,
F4_source,eval_50187_high,after_block_16,0.06458603172283665,0.062198779247800644,,,True,,,,,,,,,
F4_source,eval_50187_high,after_block_17,0.06458603172283665,0.058960744556818864,,,True,,,,,,,,,
F4_source,eval_50187_high,after_block_18,0.06458603172283665,0.05518433578398314,,,True,,,,,,,,,
F4_source,eval_50187_high,after_block_19,0.06458603172283665,0.052606276675833064,,,True,,,,,,,,,
F4_source,eval_50187_high,after_block_20,0.06458603172283665,0.0509139228251974,,,True,,,,,,,,,
F4_source,eval_50187_high,after_block_21,0.06458603172283665,0.0490357115147052,,,True,,,,,,,,,
F4_source,eval_50187_high,after_block_22,0.06458603172283665,0.050202140937469504,,,True,,,,,,,,,
F4_source,eval_50187_high,after_block_23,0.06458603172283665,0.04802701331358961,,,True,,,,,,,,,
F4_source,eval_50187_high,after_block_24,0.06458603172283665,0.048024605780466946,,,True,,,,,,,,,
F4_source,eval_50187_high,after_block_25,0.06458603172283665,0.04743431556475554,,,True,,,,,,,,,
F4_source,eval_50187_high,after_block_26,0.06458603172283665,0.045301370071828315,,,True,,,,,,,,,
F4_source,eval_50187_high,after_block_27,0.06458603172283665,0.045016974056302644,,,True,,,,,,,,,
F4_source,eval_50187_high,after_block_28,0.06458603172283665,0.04443937645392435,,,True,,,,,,,,,
F4_source,eval_50187_high,after_block_29,0.06458603172283665,0.04405327682922396,,,True,,,,,,,,,
F4_source,eval_50241_high,after_block_0,0.06633662740069313,0.06686649348218641,,,True,,,,,,,,,
F4_source,eval_50241_high,after_block_1,0.06633662740069313,0.06615516945396385,,,True,,,,,,,,,
F4_source,eval_50241_high,after_block_2,0.06633662740069313,0.0606937501677405,,,True,,,,,,,,,
F4_source,eval_50241_high,after_block_3,0.06633662740069313,0.06089554416570602,,,True,,,,,,,,,
F4_source,eval_50241_high,after_block_4,0.06633662740069313,0.05460992569202734,,,True,,,,,,,,,
F4_source,eval_50241_high,after_block_5,0.06633662740069313,0.05453192100688576,,,True,,,,,,,,,
F4_source,eval_50241_high,after_block_6,0.06633662740069313,0.05242159272770152,,,True,,,,,,,,,
F4_source,eval_50241_high,after_block_7,0.06633662740069313,0.05269306350212744,,,True,,,,,,,,,
F4_source,eval_50241_high,after_block_8,0.06633662740069313,0.05174761177143015,,,True,,,,,,,,,
F4_source,eval_50241_high,after_block_9,0.06633662740069313,0.050052162489561604,,,True,,,,,,,,,
F4_source,eval_50241_high,after_block_10,0.06633662740069313,0.05048720163054212,,,True,,,,,,,,,
F4_source,eval_50241_high,after_block_11,0.06633662740069313,0.04964653687032037,,,True,,,,,,,,,
F4_source,eval_50241_high,after_block_12,0.06633662740069313,0.05400335537639056,,,True,,,,,,,,,
F4_source,eval_50241_high,after_block_13,0.06633662740069313,0.05557326330113924,,,True,,,,,,,,,
F4_source,eval_50241_high,after_block_14,0.06633662740069313,0.05942331515585388,,,True,,,,,,,,,
F4_source,eval_50241_high,after_block_15,0.06633662740069313,0.060830608155509155,,,True,,,,,,,,,
F4_source,eval_50241_high,after_block_16,0.06633662740069313,0.06096708120655986,,,True,,,,,,,,,
F4_source,eval_50241_high,after_block_17,0.06633662740069313,0.05867075851848453,,,True,,,,,,,,,
F4_source,eval_50241_high,after_block_18,0.06633662740069313,0.05837822346984224,,,True,,,,,,,,,
F4_source,eval_50241_high,after_block_19,0.06633662740069313,0.054091439867939545,,,True,,,,,,,,,
F4_source,eval_50241_high,after_block_20,0.06633662740069313,0.0520228677767649,,,True,,,,,,,,,
F4_source,eval_50241_high,after_block_21,0.06633662740069313,0.04961635417330377,,,True,,,,,,,,,
F4_source,eval_50241_high,after_block_22,0.06633662740069313,0.05002273007091213,,,True,,,,,,,,,
F4_source,eval_50241_high,after_block_23,0.06633662740069313,0.047894145946766456,,,True,,,,,,,,,
F4_source,eval_50241_high,after_block_24,0.06633662740069313,0.04831192198167679,,,True,,,,,,,,,
F4_source,eval_50241_high,after_block_25,0.06633662740069313,0.048322653112496235,,,True,,,,,,,,,
F4_source,eval_50241_high,after_block_26,0.06633662740069313,0.04553951861359026,,,True,,,,,,,,,
F4_source,eval_50241_high,after_block_27,0.06633662740069313,0.04538084298591496,,,True,,,,,,,,,
F4_source,eval_50241_high,after_block_28,0.06633662740069313,0.04473539086630579,,,True,,,,,,,,,
F4_source,eval_50241_high,after_block_29,0.06633662740069313,0.04431635237161109,,,True,,,,,,,,,
F4_source,eval_50276_high,after_block_0,0.06560982400699188,0.06601141449114303,,,True,,,,,,,,,
F4_source,eval_50276_high,after_block_1,0.06560982400699188,0.06509427415331882,,,True,,,,,,,,,
F4_source,eval_50276_high,after_block_2,0.06560982400699188,0.059352389633164145,,,True,,,,,,,,,
F4_source,eval_50276_high,after_block_3,0.06560982400699188,0.05950373466483729,,,True,,,,,,,,,
F4_source,eval_50276_high,after_block_4,0.06560982400699188,0.053166201709327794,,,True,,,,,,,,,
F4_source,eval_50276_high,after_block_5,0.06560982400699188,0.05271288177734584,,,True,,,,,,,,,
F4_source,eval_50276_high,after_block_6,0.06560982400699188,0.05108207030676431,,,True,,,,,,,,,
F4_source,eval_50276_high,after_block_7,0.06560982400699188,0.05114944158524261,,,True,,,,,,,,,
F4_source,eval_50276_high,after_block_8,0.06560982400699188,0.05034301449289035,,,True,,,,,,,,,
F4_source,eval_50276_high,after_block_9,0.06560982400699188,0.04842845027702706,,,True,,,,,,,,,
F4_source,eval_50276_high,after_block_10,0.06560982400699188,0.049947042824029765,,,True,,,,,,,,,
F4_source,eval_50276_high,after_block_11,0.06560982400699188,0.049244455503384195,,,True,,,,,,,,,
F4_source,eval_50276_high,after_block_12,0.06560982400699188,0.0531179351455637,,,True,,,,,,,,,
F4_source,eval_50276_high,after_block_13,0.06560982400699188,0.054134657219143366,,,True,,,,,,,,,
F4_source,eval_50276_high,after_block_14,0.06560982400699188,0.05640821014324821,,,True,,,,,,,,,
F4_source,eval_50276_high,after_block_15,0.06560982400699188,0.055840441681810384,,,True,,,,,,,,,
F4_source,eval_50276_high,after_block_16,0.06560982400699188,0.05576566413270944,,,True,,,,,,,,,
F4_source,eval_50276_high,after_block_17,0.06560982400699188,0.05532385327051411,,,True,,,,,,,,,
F4_source,eval_50276_high,after_block_18,0.06560982400699188,0.056245066706244524,,,True,,,,,,,,,
F4_source,eval_50276_high,after_block_19,0.06560982400699188,0.052909144573164126,,,True,,,,,,,,,
F4_source,eval_50276_high,after_block_20,0.06560982400699188,0.05156587858905071,,,True,,,,,,,,,
F4_source,eval_50276_high,after_block_21,0.06560982400699188,0.04951870364700879,,,True,,,,,,,,,
F4_source,eval_50276_high,after_block_22,0.06560982400699188,0.04950678794043046,,,True,,,,,,,,,
F4_source,eval_50276_high,after_block_23,0.06560982400699188,0.047260423443178476,,,True,,,,,,,,,
F4_source,eval_50276_high,after_block_24,0.06560982400699188,0.04739609645845939,,,True,,,,,,,,,
F4_source,eval_50276_high,after_block_25,0.06560982400699188,0.04749756003580144,,,True,,,,,,,,,
F4_source,eval_50276_high,after_block_26,0.06560982400699188,0.045215981405826576,,,True,,,,,,,,,
F4_source,eval_50276_high,after_block_27,0.06560982400699188,0.04514822878028443,,,True,,,,,,,,,
F4_source,eval_50276_high,after_block_28,0.06560982400699188,0.04447100265928286,,,True,,,,,,,,,
F4_source,eval_50276_high,after_block_29,0.06560982400699188,0.04405186347690187,,,True,,,,,,,,,
F4_source,eval_50292_low,after_block_0,0.003732307664588469,0.00349861734776276,,,True,,,,,,,,,
F4_source,eval_50292_low,after_block_1,0.003732307664588469,0.0035144074736050517,,,True,,,,,,,,,
F4_source,eval_50292_low,after_block_2,0.003732307664588469,0.004296821038721729,,,True,,,,,,,,,
F4_source,eval_50292_low,after_block_3,0.003732307664588469,0.004409651718750968,,,True,,,,,,,,,
F4_source,eval_50292_low,after_block_4,0.003732307664588469,0.006192745481629629,,,True,,,,,,,,,
F4_source,eval_50292_low,after_block_5,0.003732307664588469,0.006733824180688508,,,True,,,,,,,,,
F4_source,eval_50292_low,after_block_6,0.003732307664588469,0.013304776508911799,,,True,,,,,,,,,
F4_source,eval_50292_low,after_block_7,0.003732307664588469,0.013703550371427762,,,True,,,,,,,,,
F4_source,eval_50292_low,after_block_8,0.003732307664588469,0.018497050108621838,,,True,,,,,,,,,
F4_source,eval_50292_low,after_block_9,0.003732307664588469,0.025413620487122812,,,True,,,,,,,,,
F4_source,eval_50292_low,after_block_10,0.003732307664588469,0.02489213521931885,,,True,,,,,,,,,
F4_source,eval_50292_low,after_block_11,0.003732307664588469,0.027316337489027218,,,True,,,,,,,,,
F4_source,eval_50292_low,after_block_12,0.003732307664588469,0.023431143025915698,,,True,,,,,,,,,
F4_source,eval_50292_low,after_block_13,0.003732307664588469,0.018583254725076773,,,True,,,,,,,,,
F4_source,eval_50292_low,after_block_14,0.003732307664588469,0.018225046635915596,,,True,,,,,,,,,
F4_source,eval_50292_low,after_block_15,0.003732307664588469,0.01694800512151527,,,True,,,,,,,,,
F4_source,eval_50292_low,after_block_16,0.003732307664588469,0.017200483860274726,,,True,,,,,,,,,
F4_source,eval_50292_low,after_block_17,0.003732307664588469,0.014117232514258417,,,True,,,,,,,,,
F4_source,eval_50292_low,after_block_18,0.003732307664588469,0.01536186084553907,,,True,,,,,,,,,
F4_source,eval_50292_low,after_block_19,0.003732307664588469,0.01295370854663891,,,True,,,,,,,,,
F4_source,eval_50292_low,after_block_20,0.003732307664588469,0.014611097644608403,,,True,,,,,,,,,
F4_source,eval_50292_low,after_block_21,0.003732307664588469,0.015047200164590477,,,True,,,,,,,,,
F4_source,eval_50292_low,after_block_22,0.003732307664588469,0.01498757635509327,,,True,,,,,,,,,
F4_source,eval_50292_low,after_block_23,0.003732307664588469,0.015560487307669601,,,True,,,,,,,,,
F4_source,eval_50292_low,after_block_24,0.003732307664588469,0.014324711196265445,,,True,,,,,,,,,
F4_source,eval_50292_low,after_block_25,0.003732307664588469,0.014034825437087525,,,True,,,,,,,,,
F4_source,eval_50292_low,after_block_26,0.003732307664588469,0.015091152351051082,,,True,,,,,,,,,
F4_source,eval_50292_low,after_block_27,0.003732307664588469,0.01367979507226864,,,True,,,,,,,,,
F4_source,eval_50292_low,after_block_28,0.003732307664588469,0.01507969707557161,,,True,,,,,,,,,
F4_source,eval_50292_low,after_block_29,0.003732307664588469,0.014286287997302681,,,True,,,,,,,,,
F4_source,eval_50298_low,after_block_0,0.01522716962311263,0.014947808089496854,,,True,,,,,,,,,
F4_source,eval_50298_low,after_block_1,0.01522716962311263,0.01510219975267971,,,True,,,,,,,,,
F4_source,eval_50298_low,after_block_2,0.01522716962311263,0.015950596916614337,,,True,,,,,,,,,
F4_source,eval_50298_low,after_block_3,0.01522716962311263,0.016045517175217114,,,True,,,,,,,,,
F4_source,eval_50298_low,after_block_4,0.01522716962311263,0.01670757293778998,,,True,,,,,,,,,
F4_source,eval_50298_low,after_block_5,0.01522716962311263,0.01715261549751042,,,True,,,,,,,,,
F4_source,eval_50298_low,after_block_6,0.01522716962311263,0.0194267417427069,,,True,,,,,,,,,
F4_source,eval_50298_low,after_block_7,0.01522716962311263,0.019588332047799827,,,True,,,,,,,,,
F4_source,eval_50298_low,after_block_8,0.01522716962311263,0.019065991879058622,,,True,,,,,,,,,
F4_source,eval_50298_low,after_block_9,0.01522716962311263,0.019604039400553074,,,True,,,,,,,,,
F4_source,eval_50298_low,after_block_10,0.01522716962311263,0.016345904950003293,,,True,,,,,,,,,
F4_source,eval_50298_low,after_block_11,0.01522716962311263,0.01802155868960461,,,True,,,,,,,,,
F4_source,eval_50298_low,after_block_12,0.01522716962311263,0.014818444228017109,,,True,,,,,,,,,
F4_source,eval_50298_low,after_block_13,0.01522716962311263,0.010649556639594632,,,True,,,,,,,,,
F4_source,eval_50298_low,after_block_14,0.01522716962311263,0.017336603221120978,,,True,,,,,,,,,
F4_source,eval_50298_low,after_block_15,0.01522716962311263,0.03183909905142813,,,False,detected_frames_below_58,,,,,,,,
F4_source,eval_50298_low,after_block_16,0.01522716962311263,0.030376737440355774,,,False,detected_frames_below_58,,,,,,,,
F4_source,eval_50298_low,after_block_17,0.01522716962311263,0.02431447000474576,,,False,detected_frames_below_58,,,,,,,,
F4_source,eval_50298_low,after_block_18,0.01522716962311263,0.021804475521393387,,,True,,,,,,,,,
F4_source,eval_50298_low,after_block_19,0.01522716962311263,0.020020707537158833,,,False,detected_frames_below_58,,,,,,,,
F4_source,eval_50298_low,after_block_20,0.01522716962311263,0.019414449392613525,,,True,,,,,,,,,
F4_source,eval_50298_low,after_block_21,0.01522716962311263,0.021900510076499794,,,True,,,,,,,,,
F4_source,eval_50298_low,after_block_22,0.01522716962311263,0.02362465039158047,,,True,,,,,,,,,
F4_source,eval_50298_low,after_block_23,0.01522716962311263,0.02134329203190158,,,True,,,,,,,,,
F4_source,eval_50298_low,after_block_24,0.01522716962311263,0.020639886484206088,,,True,,,,,,,,,
F4_source,eval_50298_low,after_block_25,0.01522716962311263,0.020630314852968033,,,True,,,,,,,,,
F4_source,eval_50298_low,after_block_26,0.01522716962311263,0.019988952823250822,,,True,,,,,,,,,
F4_source,eval_50298_low,after_block_27,0.01522716962311263,0.01994843835104922,,,True,,,,,,,,,
F4_source,eval_50298_low,after_block_28,0.01522716962311263,0.020261196930506542,,,True,,,,,,,,,
F4_source,eval_50298_low,after_block_29,0.01522716962311263,0.020953953894182975,,,True,,,,,,,,,
