receiver_id,history_regime,direction,split,site_index,site_label,gravity_hat_conflict,gravity_hat_aligned,gravity_hat_edited,normalized_recovery_g,valid,invalid_reasons,writable_indicator,common_strict
eval_50003_high,hist32,high,heldout,0,after_block_0,0.04472196141257921,0.06421369918563438,0.06434678143621343,1.0068276236900242,True,,True,True
eval_50003_high,hist32,high,heldout,1,after_block_1,0.04472196141257921,0.06421369918563438,0.0635810602097748,0.9675432235326846,True,,True,True
eval_50003_high,hist32,high,heldout,2,after_block_2,0.04472196141257921,0.06421369918563438,0.05933724268502276,0.7498193051133337,True,,False,True
eval_50003_high,hist32,high,heldout,3,after_block_3,0.04472196141257921,0.06421369918563438,0.05955817714749413,0.7611540801366663,True,,False,True
eval_50003_high,hist32,high,heldout,4,after_block_4,0.04472196141257921,0.06421369918563438,0.05459518673851558,0.5065338678824644,True,,False,True
eval_50003_high,hist32,high,heldout,5,after_block_5,0.04472196141257921,0.06421369918563438,0.054041365184935214,0.4781207238093919,True,,False,True
eval_50003_high,hist32,high,heldout,6,after_block_6,0.04472196141257921,0.06421369918563438,0.05226497629581506,0.3869852432379373,True,,False,True
eval_50003_high,hist32,high,heldout,7,after_block_7,0.04472196141257921,0.06421369918563438,0.05222144248683475,0.38475179389200553,True,,False,True
eval_50003_high,hist32,high,heldout,8,after_block_8,0.04472196141257921,0.06421369918563438,0.051658495857398956,0.3558704988535509,True,,False,True
eval_50003_high,hist32,high,heldout,9,after_block_9,0.04472196141257921,0.06421369918563438,0.051044720465766996,0.32438149572934377,True,,False,True
eval_50003_high,hist32,high,heldout,10,after_block_10,0.04472196141257921,0.06421369918563438,0.05189530459646268,0.36801968441211524,True,,False,True
eval_50003_high,hist32,high,heldout,11,after_block_11,0.04472196141257921,0.06421369918563438,0.05123932922139812,0.33436566224630504,True,,False,True
eval_50003_high,hist32,high,heldout,12,after_block_12,0.04472196141257921,0.06421369918563438,0.05490800764251062,0.5225827655044855,True,,False,True
eval_50003_high,hist32,high,heldout,13,after_block_13,0.04472196141257921,0.06421369918563438,0.055605682590928504,0.5583761337788282,True,,False,True
eval_50003_high,hist32,high,heldout,14,after_block_14,0.04472196141257921,0.06421369918563438,0.059480804049710234,0.757184547061434,True,,False,True
eval_50003_high,hist32,high,heldout,15,after_block_15,0.04472196141257921,0.06421369918563438,0.059060217960503,0.7356068871265338,True,,False,True
eval_50003_high,hist32,high,heldout,16,after_block_16,0.04472196141257921,0.06421369918563438,0.06090188571125043,0.8300914206345362,True,,False,True
eval_50003_high,hist32,high,heldout,17,after_block_17,0.04472196141257921,0.06421369918563438,0.05706651224179914,0.6333222298057329,True,,False,True
eval_50003_high,hist32,high,heldout,18,after_block_18,0.04472196141257921,0.06421369918563438,0.05516949196081547,0.5359979017714178,True,,False,True
eval_50003_high,hist32,high,heldout,19,after_block_19,0.04472196141257921,0.06421369918563438,0.05330362103113938,0.44027165348095393,True,,False,True
eval_50003_high,hist32,high,heldout,20,after_block_20,0.04472196141257921,0.06421369918563438,0.05127091716725014,0.33598624355207657,True,,False,True
eval_50003_high,hist32,high,heldout,21,after_block_21,0.04472196141257921,0.06421369918563438,0.05019264166041889,0.28066662457373054,True,,False,True
eval_50003_high,hist32,high,heldout,22,after_block_22,0.04472196141257921,0.06421369918563438,0.04995657669286708,0.2685555973118032,True,,False,True
eval_50003_high,hist32,high,heldout,23,after_block_23,0.04472196141257921,0.06421369918563438,0.048244158569214615,0.18070205938766476,True,,False,True
eval_50003_high,hist32,high,heldout,24,after_block_24,0.04472196141257921,0.06421369918563438,0.04858275239622679,0.1980732056114886,True,,False,True
eval_50003_high,hist32,high,heldout,25,after_block_25,0.04472196141257921,0.06421369918563438,0.048078535765060174,0.17220498200632456,True,,False,True
eval_50003_high,hist32,high,heldout,26,after_block_26,0.04472196141257921,0.06421369918563438,0.045914539166390114,0.06118375732816849,True,,False,True
eval_50003_high,hist32,high,heldout,27,after_block_27,0.04472196141257921,0.06421369918563438,0.045665319564793985,0.04839784749817667,True,,False,True
eval_50003_high,hist32,high,heldout,28,after_block_28,0.04472196141257921,0.06421369918563438,0.04521821620380913,0.02545975104979737,True,,False,True
eval_50003_high,hist32,high,heldout,29,after_block_29,0.04472196141257921,0.06421369918563438,0.04472196141257921,0.0,True,,False,True
eval_50016_high,hist32,high,heldout,0,after_block_0,0.04484699642376828,0.06579045670406226,0.06587151613358382,1.0038703933560502,True,,True,True
eval_50016_high,hist32,high,heldout,1,after_block_1,0.04484699642376828,0.06579045670406226,0.06488991697746188,0.9570013878056381,True,,True,True
eval_50016_high,hist32,high,heldout,2,after_block_2,0.04484699642376828,0.06579045670406226,0.0591114891427676,0.6810953170150682,True,,False,True
eval_50016_high,hist32,high,heldout,3,after_block_3,0.04484699642376828,0.06579045670406226,0.059288584399206305,0.6895511907851413,True,,False,True
eval_50016_high,hist32,high,heldout,4,after_block_4,0.04484699642376828,0.06579045670406226,0.052714995873562785,0.37567810402360424,True,,False,True
eval_50016_high,hist32,high,heldout,5,after_block_5,0.04484699642376828,0.06579045670406226,0.05246513011882618,0.36374761348419177,True,,False,True
eval_50016_high,hist32,high,heldout,6,after_block_6,0.04484699642376828,0.06579045670406226,0.05145489862905023,0.3155114826702932,True,,False,True
eval_50016_high,hist32,high,heldout,7,after_block_7,0.04484699642376828,0.06579045670406226,0.051675717811604585,0.32605506904995796,True,,False,True
eval_50016_high,hist32,high,heldout,8,after_block_8,0.04484699642376828,0.06579045670406226,0.05152838710484253,0.31902038114307574,True,,False,True
eval_50016_high,hist32,high,heldout,9,after_block_9,0.04484699642376828,0.06579045670406226,0.04970706458045525,0.23205659865384717,True,,False,True
eval_50016_high,hist32,high,heldout,10,after_block_10,0.04484699642376828,0.06579045670406226,0.050206835601004036,0.2559194662917718,True,,False,True
eval_50016_high,hist32,high,heldout,11,after_block_11,0.04484699642376828,0.06579045670406226,0.049687147521623815,0.23110560686142714,True,,False,True
eval_50016_high,hist32,high,heldout,12,after_block_12,0.04484699642376828,0.06579045670406226,0.05345171814224466,0.4108548254832892,True,,False,True
eval_50016_high,hist32,high,heldout,13,after_block_13,0.04484699642376828,0.06579045670406226,0.05447697077968066,0.4598081800729638,True,,False,True
eval_50016_high,hist32,high,heldout,14,after_block_14,0.04484699642376828,0.06579045670406226,0.05832532969176305,0.6435580886639224,True,,False,True
eval_50016_high,hist32,high,heldout,15,after_block_15,0.04484699642376828,0.06579045670406226,0.05755815577591855,0.606927374083947,True,,False,True
eval_50016_high,hist32,high,heldout,16,after_block_16,0.04484699642376828,0.06579045670406226,0.057708069238307104,0.6140853823778109,True,,False,True
eval_50016_high,hist32,high,heldout,17,after_block_17,0.04484699642376828,0.06579045670406226,0.056727811458402014,0.5672804243247508,True,,False,True
eval_50016_high,hist32,high,heldout,18,after_block_18,0.04484699642376828,0.06579045670406226,0.06000725110521198,0.7238658024294207,True,,False,True
eval_50016_high,hist32,high,heldout,19,after_block_19,0.04484699642376828,0.06579045670406226,0.05609893082566072,0.5372528823462641,True,,False,True
eval_50016_high,hist32,high,heldout,20,after_block_20,0.04484699642376828,0.06579045670406226,0.05382546640657366,0.42870040875018905,True,,False,True
eval_50016_high,hist32,high,heldout,21,after_block_21,0.04484699642376828,0.06579045670406226,0.05097314435439063,0.29250887143928833,True,,False,True
eval_50016_high,hist32,high,heldout,22,after_block_22,0.04484699642376828,0.06579045670406226,0.0500621878919045,0.24901288508868213,True,,False,True
eval_50016_high,hist32,high,heldout,23,after_block_23,0.04484699642376828,0.06579045670406226,0.04819148880794593,0.15969149029898058,True,,False,True
eval_50016_high,hist32,high,heldout,24,after_block_24,0.04484699642376828,0.06579045670406226,0.0485001477974854,0.17442921679730378,True,,False,True
eval_50016_high,hist32,high,heldout,25,after_block_25,0.04484699642376828,0.06579045670406226,0.04879276794357573,0.18840112698664652,True,,False,True
eval_50016_high,hist32,high,heldout,26,after_block_26,0.04484699642376828,0.06579045670406226,0.04627927283941305,0.0683877638401722,True,,False,True
eval_50016_high,hist32,high,heldout,27,after_block_27,0.04484699642376828,0.06579045670406226,0.04610309360511186,0.05997562793028353,True,,False,True
eval_50016_high,hist32,high,heldout,28,after_block_28,0.04484699642376828,0.06579045670406226,0.04537778767489715,0.025344009252773754,True,,False,True
eval_50016_high,hist32,high,heldout,29,after_block_29,0.04484699642376828,0.06579045670406226,0.04484699642376828,0.0,True,,False,True
eval_50055_high,hist32,high,heldout,0,after_block_0,0.04536040236764643,0.0663863306202967,0.06650713139951199,1.0057453244281886,True,,True,True
eval_50055_high,hist32,high,heldout,1,after_block_1,0.04536040236764643,0.0663863306202967,0.06574074341268886,0.9692956620107147,True,,True,True
eval_50055_high,hist32,high,heldout,2,after_block_2,0.04536040236764643,0.0663863306202967,0.059097012554353526,0.6533176572109548,True,,False,True
eval_50055_high,hist32,high,heldout,3,after_block_3,0.04536040236764643,0.0663863306202967,0.059237455257313644,0.6599971579337073,True,,False,True
eval_50055_high,hist32,high,heldout,4,after_block_4,0.04536040236764643,0.0663863306202967,0.05268908513481295,0.3485545408080976,True,,False,True
eval_50055_high,hist32,high,heldout,5,after_block_5,0.04536040236764643,0.0663863306202967,0.052464759310108175,0.3378855314778438,True,,False,True
eval_50055_high,hist32,high,heldout,6,after_block_6,0.04536040236764643,0.0663863306202967,0.05050738703705544,0.2447922682681203,True,,False,True
eval_50055_high,hist32,high,heldout,7,after_block_7,0.04536040236764643,0.0663863306202967,0.05046321225354744,0.24269130116801454,True,,False,True
eval_50055_high,hist32,high,heldout,8,after_block_8,0.04536040236764643,0.0663863306202967,0.04978680336629319,0.21052107405002785,True,,False,True
eval_50055_high,hist32,high,heldout,9,after_block_9,0.04536040236764643,0.0663863306202967,0.048887951531367,0.16777138784709447,True,,False,True
eval_50055_high,hist32,high,heldout,10,after_block_10,0.04536040236764643,0.0663863306202967,0.05025488992534939,0.23278342334712498,True,,False,True
eval_50055_high,hist32,high,heldout,11,after_block_11,0.04536040236764643,0.0663863306202967,0.04988128956597279,0.21501486849963528,True,,False,True
eval_50055_high,hist32,high,heldout,12,after_block_12,0.04536040236764643,0.0663863306202967,0.05439014762552456,0.4294576272388809,True,,False,True
eval_50055_high,hist32,high,heldout,13,after_block_13,0.04536040236764643,0.0663863306202967,0.05546987977110216,0.48081003996489224,True,,False,True
eval_50055_high,hist32,high,heldout,14,after_block_14,0.04536040236764643,0.0663863306202967,0.05988712132268342,0.6908954877274414,True,,False,True
eval_50055_high,hist32,high,heldout,15,after_block_15,0.04536040236764643,0.0663863306202967,0.06140983701096343,0.7633163421117454,True,,False,True
eval_50055_high,hist32,high,heldout,16,after_block_16,0.04536040236764643,0.0663863306202967,0.06121022198323302,0.7538225863387866,True,,False,True
eval_50055_high,hist32,high,heldout,17,after_block_17,0.04536040236764643,0.0663863306202967,0.05929851259056486,0.6629010646015862,True,,False,True
eval_50055_high,hist32,high,heldout,18,after_block_18,0.04536040236764643,0.0663863306202967,0.0571302154502637,0.5597761459655753,True,,False,True
eval_50055_high,hist32,high,heldout,19,after_block_19,0.04536040236764643,0.0663863306202967,0.0544682542594648,0.4331724042038594,True,,False,True
eval_50055_high,hist32,high,heldout,20,after_block_20,0.04536040236764643,0.0663863306202967,0.05262648241475169,0.3455771350398947,True,,False,True
eval_50055_high,hist32,high,heldout,21,after_block_21,0.04536040236764643,0.0663863306202967,0.04970004973442065,0.2063950430453515,True,,False,True
eval_50055_high,hist32,high,heldout,22,after_block_22,0.04536040236764643,0.0663863306202967,0.04986140840096546,0.21406931381265837,True,,False,True
eval_50055_high,hist32,high,heldout,23,after_block_23,0.04536040236764643,0.0663863306202967,0.04743343936213633,0.0985943150561545,True,,False,True
eval_50055_high,hist32,high,heldout,24,after_block_24,0.04536040236764643,0.0663863306202967,0.04787052128865083,0.11938207392522653,True,,False,True
eval_50055_high,hist32,high,heldout,25,after_block_25,0.04536040236764643,0.0663863306202967,0.048107545710419995,0.13065503267030773,True,,False,True
eval_50055_high,hist32,high,heldout,26,after_block_26,0.04536040236764643,0.0663863306202967,0.0464513567804739,0.0518861474137276,True,,False,True
eval_50055_high,hist32,high,heldout,27,after_block_27,0.04536040236764643,0.0663863306202967,0.04621995359831431,0.040880536656427345,True,,False,True
eval_50055_high,hist32,high,heldout,28,after_block_28,0.04536040236764643,0.0663863306202967,0.04565279506053462,0.01390629176390052,True,,False,True
eval_50055_high,hist32,high,heldout,29,after_block_29,0.04536040236764643,0.0663863306202967,0.04536040236764643,0.0,True,,False,True
eval_50106_high,hist32,high,heldout,0,after_block_0,0.04471388171772714,0.06468748950413072,0.06476813601968905,1.004037653909136,True,,True,True
eval_50106_high,hist32,high,heldout,1,after_block_1,0.04471388171772714,0.06468748950413072,0.06381104156935426,0.9561196983464809,True,,True,True
eval_50106_high,hist32,high,heldout,2,after_block_2,0.04471388171772714,0.06468748950413072,0.05824447288284408,0.6774234935326743,True,,False,True
eval_50106_high,hist32,high,heldout,3,after_block_3,0.04471388171772714,0.06468748950413072,0.058204040899073176,0.6753992230952409,True,,False,True
eval_50106_high,hist32,high,heldout,4,after_block_4,0.04471388171772714,0.06468748950413072,0.052852936918769286,0.40749048885312333,True,,False,True
eval_50106_high,hist32,high,heldout,5,after_block_5,0.04471388171772714,0.06468748950413072,0.05252350983477047,0.39099737015760844,True,,False,True
eval_50106_high,hist32,high,heldout,6,after_block_6,0.04471388171772714,0.06468748950413072,0.05023720049715508,0.2765308520370449,True,,False,True
eval_50106_high,hist32,high,heldout,7,after_block_7,0.04471388171772714,0.06468748950413072,0.05037579787475722,0.2834698777295634,True,,False,True
eval_50106_high,hist32,high,heldout,8,after_block_8,0.04471388171772714,0.06468748950413072,0.049697296972402404,0.24950000560577595,True,,False,True
eval_50106_high,hist32,high,heldout,9,after_block_9,0.04471388171772714,0.06468748950413072,0.049067343826694,0.21796072875378794,True,,False,True
eval_50106_high,hist32,high,heldout,10,after_block_10,0.04471388171772714,0.06468748950413072,0.05062290704307727,0.2958416620843291,True,,False,True
eval_50106_high,hist32,high,heldout,11,after_block_11,0.04471388171772714,0.06468748950413072,0.05022950081199573,0.27614535907845245,True,,False,True
eval_50106_high,hist32,high,heldout,12,after_block_12,0.04471388171772714,0.06468748950413072,0.054990225840379235,0.5144961407346448,True,,False,True
eval_50106_high,hist32,high,heldout,13,after_block_13,0.04471388171772714,0.06468748950413072,0.05610431760138847,0.5702743342850166,True,,False,True
eval_50106_high,hist32,high,heldout,14,after_block_14,0.04471388171772714,0.06468748950413072,0.06034934282393742,0.7828060545403137,True,,False,True
eval_50106_high,hist32,high,heldout,15,after_block_15,0.04471388171772714,0.06468748950413072,0.05778932227181885,0.6546358922193521,True,,False,True
eval_50106_high,hist32,high,heldout,16,after_block_16,0.04471388171772714,0.06468748950413072,0.057781012031860604,0.6542198311828527,True,,False,True
eval_50106_high,hist32,high,heldout,17,after_block_17,0.04471388171772714,0.06468748950413072,0.0568056176181884,0.6053856684165159,True,,False,True
eval_50106_high,hist32,high,heldout,18,after_block_18,0.04471388171772714,0.06468748950413072,0.055934534067620306,0.5617739403860368,True,,False,True
eval_50106_high,hist32,high,heldout,19,after_block_19,0.04471388171772714,0.06468748950413072,0.053560268034292605,0.44290377638171957,True,,False,True
eval_50106_high,hist32,high,heldout,20,after_block_20,0.04471388171772714,0.06468748950413072,0.05067936492674353,0.2986682863111594,True,,False,True
eval_50106_high,hist32,high,heldout,21,after_block_21,0.04471388171772714,0.06468748950413072,0.04902618500370744,0.21590006833496375,True,,False,True
eval_50106_high,hist32,high,heldout,22,after_block_22,0.04471388171772714,0.06468748950413072,0.04874624443978851,0.20188454510487983,True,,False,True
eval_50106_high,hist32,high,heldout,23,after_block_23,0.04471388171772714,0.06468748950413072,0.0474106690669501,0.13501753804631714,True,,False,True
eval_50106_high,hist32,high,heldout,24,after_block_24,0.04471388171772714,0.06468748950413072,0.0471650947874914,0.12272259954122318,True,,False,True
eval_50106_high,hist32,high,heldout,25,after_block_25,0.04471388171772714,0.06468748950413072,0.047268671913616625,0.12790829895180883,True,,False,True
eval_50106_high,hist32,high,heldout,26,after_block_26,0.04471388171772714,0.06468748950413072,0.045922931024949924,0.06053234448940208,True,,False,True
eval_50106_high,hist32,high,heldout,27,after_block_27,0.04471388171772714,0.06468748950413072,0.04563163028048786,0.0459480616909606,True,,False,True
eval_50106_high,hist32,high,heldout,28,after_block_28,0.04471388171772714,0.06468748950413072,0.04492926987622016,0.010783638128693004,True,,False,True
eval_50106_high,hist32,high,heldout,29,after_block_29,0.04471388171772714,0.06468748950413072,0.04471388171772714,0.0,True,,False,True
eval_50110_low,hist32,low,heldout,0,after_block_0,0.020252063241660012,0.015076838461815038,0.015057800908486059,1.0036785944840738,True,,True,True
eval_50110_low,hist32,low,heldout,1,after_block_1,0.020252063241660012,0.015076838461815038,0.015228875812176992,0.9706220779135881,True,,True,True
eval_50110_low,hist32,low,heldout,2,after_block_2,0.020252063241660012,0.015076838461815038,0.01622212728845944,0.7786977618624887,True,,False,True
eval_50110_low,hist32,low,heldout,3,after_block_3,0.020252063241660012,0.015076838461815038,0.016307013590519497,0.7622953241576284,True,,False,True
eval_50110_low,hist32,low,heldout,4,after_block_4,0.020252063241660012,0.015076838461815038,0.01665783809032668,0.6945060947557523,True,,False,True
eval_50110_low,hist32,low,heldout,5,after_block_5,0.020252063241660012,0.015076838461815038,0.017272333059690784,0.5757682629697268,True,,False,True
eval_50110_low,hist32,low,heldout,6,after_block_6,0.020252063241660012,0.015076838461815038,0.019671353087599937,0.11220964861693809,True,,False,True
eval_50110_low,hist32,low,heldout,7,after_block_7,0.020252063241660012,0.015076838461815038,0.020304093990372186,-0.010053814264224527,True,,False,True
eval_50110_low,hist32,low,heldout,8,after_block_8,0.020252063241660012,0.015076838461815038,0.01909289143681674,0.22398482271875267,True,,False,True
eval_50110_low,hist32,low,heldout,9,after_block_9,0.020252063241660012,0.015076838461815038,0.019397228776725114,0.16517822921703224,True,,False,True
eval_50110_low,hist32,low,heldout,10,after_block_10,0.020252063241660012,0.015076838461815038,0.016422702954445152,0.739940862497101,True,,False,True
eval_50110_low,hist32,low,heldout,11,after_block_11,0.020252063241660012,0.015076838461815038,0.018105938523767438,0.4146920779655222,True,,False,True
eval_50110_low,hist32,low,heldout,12,after_block_12,0.020252063241660012,0.015076838461815038,0.014749145678620195,1.0633195266167086,True,,True,True
eval_50110_low,hist32,low,heldout,13,after_block_13,0.020252063241660012,0.015076838461815038,0.010512436328187437,1.8819717650533296,True,,False,True
eval_50110_low,hist32,low,heldout,14,after_block_14,0.020252063241660012,0.015076838461815038,0.015532806657858743,0.9118940306091664,True,,True,True
eval_50110_low,hist32,low,heldout,15,after_block_15,0.020252063241660012,0.015076838461815038,0.02874078219275008,-1.6402609185497736,False,detected_frames_below_58,False,False
eval_50110_low,hist32,low,heldout,16,after_block_16,0.020252063241660012,0.015076838461815038,0.028289110780268894,-1.5529852094365715,False,detected_frames_below_58,False,False
eval_50110_low,hist32,low,heldout,17,after_block_17,0.020252063241660012,0.015076838461815038,0.02244832355623448,-0.4243796951830678,True,,False,True
eval_50110_low,hist32,low,heldout,18,after_block_18,0.020252063241660012,0.015076838461815038,0.020488409901539557,-0.045668868490505464,True,,False,True
eval_50110_low,hist32,low,heldout,19,after_block_19,0.020252063241660012,0.015076838461815038,0.01852196299893821,0.3343043667319951,True,,False,True
eval_50110_low,hist32,low,heldout,20,after_block_20,0.020252063241660012,0.015076838461815038,0.018752524723917266,0.2897533115049865,True,,False,True
eval_50110_low,hist32,low,heldout,21,after_block_21,0.020252063241660012,0.015076838461815038,0.021396421126919515,-0.22112235389585974,True,,False,True
eval_50110_low,hist32,low,heldout,22,after_block_22,0.020252063241660012,0.015076838461815038,0.022118803590085834,-0.360707105070273,True,,False,True
eval_50110_low,hist32,low,heldout,23,after_block_23,0.020252063241660012,0.015076838461815038,0.02091872264128204,-0.12881747711101285,True,,False,True
eval_50110_low,hist32,low,heldout,24,after_block_24,0.020252063241660012,0.015076838461815038,0.02000663996217296,0.04742272846637685,True,,False,True
eval_50110_low,hist32,low,heldout,25,after_block_25,0.020252063241660012,0.015076838461815038,0.02002452660300536,0.0439665228727456,True,,False,True
eval_50110_low,hist32,low,heldout,26,after_block_26,0.020252063241660012,0.015076838461815038,0.01935205990900748,0.17390613373115948,True,,False,True
eval_50110_low,hist32,low,heldout,27,after_block_27,0.020252063241660012,0.015076838461815038,0.0191386126430426,0.21515019076152378,True,,False,True
eval_50110_low,hist32,low,heldout,28,after_block_28,0.020252063241660012,0.015076838461815038,0.019745806884697188,0.09782306633992989,True,,False,True
eval_50110_low,hist32,low,heldout,29,after_block_29,0.020252063241660012,0.015076838461815038,0.020252063241660012,-0.0,True,,False,True
eval_50118_low,hist32,low,heldout,0,after_block_0,0.01411105079950164,0.0034237917043662912,0.003215274406288119,1.0195108302532951,True,,True,True
eval_50118_low,hist32,low,heldout,1,after_block_1,0.01411105079950164,0.0034237917043662912,0.003160898961495424,1.0245987058543882,True,,True,True
eval_50118_low,hist32,low,heldout,2,after_block_2,0.01411105079950164,0.0034237917043662912,0.004145823515005722,0.9324399451522527,True,,True,True
eval_50118_low,hist32,low,heldout,3,after_block_3,0.01411105079950164,0.0034237917043662912,0.00413628609166826,0.9333323557556227,True,,True,True
eval_50118_low,hist32,low,heldout,4,after_block_4,0.01411105079950164,0.0034237917043662912,0.006179846083999666,0.742117753944238,True,,False,True
eval_50118_low,hist32,low,heldout,5,after_block_5,0.01411105079950164,0.0034237917043662912,0.006433107732155456,0.7184202234641293,True,,False,True
eval_50118_low,hist32,low,heldout,6,after_block_6,0.01411105079950164,0.0034237917043662912,0.013515452733951465,0.05572973016264585,True,,False,True
eval_50118_low,hist32,low,heldout,7,after_block_7,0.01411105079950164,0.0034237917043662912,0.014041043273233888,0.0065505594694170175,True,,False,True
eval_50118_low,hist32,low,heldout,8,after_block_8,0.01411105079950164,0.0034237917043662912,0.01848904307581023,-0.4096459379656449,True,,False,True
eval_50118_low,hist32,low,heldout,9,after_block_9,0.01411105079950164,0.0034237917043662912,0.024601452257851993,-0.9815801567986124,True,,False,True
eval_50118_low,hist32,low,heldout,10,after_block_10,0.01411105079950164,0.0034237917043662912,0.024078279449623288,-0.9326272116541606,True,,False,True
eval_50118_low,hist32,low,heldout,11,after_block_11,0.01411105079950164,0.0034237917043662912,0.026302305943587064,-1.1407279486313444,True,,False,True
eval_50118_low,hist32,low,heldout,12,after_block_12,0.01411105079950164,0.0034237917043662912,0.022591246397677525,-0.7934864798062133,True,,False,True
eval_50118_low,hist32,low,heldout,13,after_block_13,0.01411105079950164,0.0034237917043662912,0.017356081541513677,-0.3036354516275475,True,,False,True
eval_50118_low,hist32,low,heldout,14,after_block_14,0.01411105079950164,0.0034237917043662912,0.01684086137206393,-0.2554266298086524,True,,False,True
eval_50118_low,hist32,low,heldout,15,after_block_15,0.01411105079950164,0.0034237917043662912,0.01553570903286904,-0.1333043599566029,True,,False,True
eval_50118_low,hist32,low,heldout,16,after_block_16,0.01411105079950164,0.0034237917043662912,0.015529247575060108,-0.13269976548093668,True,,False,True
eval_50118_low,hist32,low,heldout,17,after_block_17,0.01411105079950164,0.0034237917043662912,0.01354004451174204,0.053428693238990695,True,,False,True
eval_50118_low,hist32,low,heldout,18,after_block_18,0.01411105079950164,0.0034237917043662912,0.015171748146501532,-0.09924877253913517,True,,False,True
eval_50118_low,hist32,low,heldout,19,after_block_19,0.01411105079950164,0.0034237917043662912,0.012431550847680207,0.15714973660420678,True,,False,True
eval_50118_low,hist32,low,heldout,20,after_block_20,0.01411105079950164,0.0034237917043662912,0.014959384258027252,-0.0793780192820213,True,,False,True
eval_50118_low,hist32,low,heldout,21,after_block_21,0.01411105079950164,0.0034237917043662912,0.015026101109589664,-0.08562067242334738,True,,False,True
eval_50118_low,hist32,low,heldout,22,after_block_22,0.01411105079950164,0.0034237917043662912,0.014593279251422026,-0.04512180790488067,True,,False,True
eval_50118_low,hist32,low,heldout,23,after_block_23,0.01411105079950164,0.0034237917043662912,0.01498626685757154,-0.08189340693239881,True,,False,True
eval_50118_low,hist32,low,heldout,24,after_block_24,0.01411105079950164,0.0034237917043662912,0.014756171483800788,-0.060363529933769,True,,False,True
eval_50118_low,hist32,low,heldout,25,after_block_25,0.01411105079950164,0.0034237917043662912,0.014603372998076219,-0.04606627332527897,True,,False,True
eval_50118_low,hist32,low,heldout,26,after_block_26,0.01411105079950164,0.0034237917043662912,0.014626837524052867,-0.048261834017480125,True,,False,True
eval_50118_low,hist32,low,heldout,27,after_block_27,0.01411105079950164,0.0034237917043662912,0.014366836143150713,-0.023933671053741123,True,,False,True
eval_50118_low,hist32,low,heldout,28,after_block_28,0.01411105079950164,0.0034237917043662912,0.014579941282993626,-0.043873782727455,True,,False,True
eval_50118_low,hist32,low,heldout,29,after_block_29,0.01411105079950164,0.0034237917043662912,0.01411105079950164,-0.0,True,,False,True
eval_50178_low,hist32,low,heldout,0,after_block_0,0.022381960370855845,0.016895079341908852,0.01683112399771701,1.0116560471886369,True,,True,True
eval_50178_low,hist32,low,heldout,1,after_block_1,0.022381960370855845,0.016895079341908852,0.017132710273215987,0.9566910727508996,True,,True,True
eval_50178_low,hist32,low,heldout,2,after_block_2,0.022381960370855845,0.016895079341908852,0.01755196457008399,0.8802807597413492,True,,False,True
eval_50178_low,hist32,low,heldout,3,after_block_3,0.022381960370855845,0.016895079341908852,0.017684927645392607,0.8560478531761901,True,,False,True
eval_50178_low,hist32,low,heldout,4,after_block_4,0.022381960370855845,0.016895079341908852,0.018386772781439062,0.7281345391561213,True,,False,True
eval_50178_low,hist32,low,heldout,5,after_block_5,0.022381960370855845,0.016895079341908852,0.01881133466523678,0.6507569030167792,True,,False,True
eval_50178_low,hist32,low,heldout,6,after_block_6,0.022381960370855845,0.016895079341908852,0.021222709093547735,0.2112769114533884,True,,False,True
eval_50178_low,hist32,low,heldout,7,after_block_7,0.022381960370855845,0.016895079341908852,0.021677469993270065,0.12839541697170387,True,,False,True
eval_50178_low,hist32,low,heldout,8,after_block_8,0.022381960370855845,0.016895079341908852,0.020219243990065448,0.39416134036451894,True,,False,True
eval_50178_low,hist32,low,heldout,9,after_block_9,0.022381960370855845,0.016895079341908852,0.020010674944323723,0.4321736545811719,True,,False,True
eval_50178_low,hist32,low,heldout,10,after_block_10,0.022381960370855845,0.016895079341908852,0.016379259786884173,1.0940096117089808,True,,True,True
eval_50178_low,hist32,low,heldout,11,after_block_11,0.022381960370855845,0.016895079341908852,0.017608305098828343,0.8700125347794596,True,,False,True
eval_50178_low,hist32,low,heldout,12,after_block_12,0.022381960370855845,0.016895079341908852,0.015537374122753678,1.2474457186136103,True,,False,True
eval_50178_low,hist32,low,heldout,13,after_block_13,0.022381960370855845,0.016895079341908852,0.013372116749039396,1.6420701623168892,True,,False,True
eval_50178_low,hist32,low,heldout,14,after_block_14,0.022381960370855845,0.016895079341908852,0.02302855797165383,-0.11784429029657198,True,,False,True
eval_50178_low,hist32,low,heldout,15,after_block_15,0.022381960370855845,0.016895079341908852,0.031089888192584885,-1.5870451310660565,False,detected_frames_below_58,False,False
eval_50178_low,hist32,low,heldout,16,after_block_16,0.022381960370855845,0.016895079341908852,0.029388783841905162,-1.2770139235903974,False,detected_frames_below_58,False,False
eval_50178_low,hist32,low,heldout,17,after_block_17,0.022381960370855845,0.016895079341908852,0.02622456171353744,-0.7003252526178873,False,detected_frames_below_58,False,False
eval_50178_low,hist32,low,heldout,18,after_block_18,0.022381960370855845,0.016895079341908852,0.02474040783736558,-0.4298338990889969,True,,False,True
eval_50178_low,hist32,low,heldout,19,after_block_19,0.022381960370855845,0.016895079341908852,0.022028729462919637,0.06437735866199347,True,,False,True
eval_50178_low,hist32,low,heldout,20,after_block_20,0.022381960370855845,0.016895079341908852,0.020998644097600997,0.2521134075911111,True,,False,True
eval_50178_low,hist32,low,heldout,21,after_block_21,0.022381960370855845,0.016895079341908852,0.02359950026149848,-0.22190018048856777,True,,False,True
eval_50178_low,hist32,low,heldout,22,after_block_22,0.022381960370855845,0.016895079341908852,0.024163191242725476,-0.3246344986290823,True,,False,True
eval_50178_low,hist32,low,heldout,23,after_block_23,0.022381960370855845,0.016895079341908852,0.02345865850538668,-0.19623136146938988,True,,False,True
eval_50178_low,hist32,low,heldout,24,after_block_24,0.022381960370855845,0.016895079341908852,0.023049662967170315,-0.12169073701286547,True,,False,True
eval_50178_low,hist32,low,heldout,25,after_block_25,0.022381960370855845,0.016895079341908852,0.022661840108471828,-0.05100889487842516,True,,False,True
eval_50178_low,hist32,low,heldout,26,after_block_26,0.022381960370855845,0.016895079341908852,0.021665314565106533,0.13061077905070723,True,,False,True
eval_50178_low,hist32,low,heldout,27,after_block_27,0.022381960370855845,0.016895079341908852,0.02195780757166428,0.07730307928199509,True,,False,True
eval_50178_low,hist32,low,heldout,28,after_block_28,0.022381960370855845,0.016895079341908852,0.021960159071141325,0.07687451167416133,True,,False,True
eval_50178_low,hist32,low,heldout,29,after_block_29,0.022381960370855845,0.016895079341908852,0.022381960370855845,-0.0,True,,False,True
eval_50185_high,hist32,high,heldout,0,after_block_0,0.0424325459093662,0.06080518889109834,0.06093389129290631,1.0070051109106044,True,,True,True
eval_50185_high,hist32,high,heldout,1,after_block_1,0.0424325459093662,0.06080518889109834,0.060056102914244625,0.9592281862985893,True,,True,True
eval_50185_high,hist32,high,heldout,2,after_block_2,0.0424325459093662,0.06080518889109834,0.056354452598108624,0.7577519849803283,True,,False,True
eval_50185_high,hist32,high,heldout,3,after_block_3,0.0424325459093662,0.06080518889109834,0.056429595816628556,0.7618419364693245,True,,False,True
eval_50185_high,hist32,high,heldout,4,after_block_4,0.0424325459093662,0.06080518889109834,0.05185237334581526,0.5127094368412407,True,,False,True
eval_50185_high,hist32,high,heldout,5,after_block_5,0.0424325459093662,0.06080518889109834,0.0515695373607867,0.49731502759321994,True,,False,True
eval_50185_high,hist32,high,heldout,6,after_block_6,0.0424325459093662,0.06080518889109834,0.04959807466702232,0.3900107766085032,True,,False,True
eval_50185_high,hist32,high,heldout,7,after_block_7,0.0424325459093662,0.06080518889109834,0.049480133287557806,0.3835913746976415,True,,False,True
eval_50185_high,hist32,high,heldout,8,after_block_8,0.0424325459093662,0.06080518889109834,0.049984019081842926,0.4110172488511931,True,,False,True
eval_50185_high,hist32,high,heldout,9,after_block_9,0.0424325459093662,0.06080518889109834,0.04982191824200644,0.40219430269164164,True,,False,True
eval_50185_high,hist32,high,heldout,10,after_block_10,0.0424325459093662,0.06080518889109834,0.05134754664179851,0.48523235014670824,True,,False,True
eval_50185_high,hist32,high,heldout,11,after_block_11,0.0424325459093662,0.06080518889109834,0.05098049300797244,0.46525407950861686,True,,False,True
eval_50185_high,hist32,high,heldout,12,after_block_12,0.0424325459093662,0.06080518889109834,0.055307715764032636,0.700779407049284,True,,False,True
eval_50185_high,hist32,high,heldout,13,after_block_13,0.0424325459093662,0.06080518889109834,0.05640023203310297,0.7602437024234783,True,,False,True
eval_50185_high,hist32,high,heldout,14,after_block_14,0.0424325459093662,0.06080518889109834,0.05842737188202958,0.8705783913924081,True,,False,True
eval_50185_high,hist32,high,heldout,15,after_block_15,0.0424325459093662,0.06080518889109834,0.05485620698400389,0.6762043483341236,True,,False,True
eval_50185_high,hist32,high,heldout,16,after_block_16,0.0424325459093662,0.06080518889109834,0.05514167308536232,0.6917419115275228,True,,False,True
eval_50185_high,hist32,high,heldout,17,after_block_17,0.0424325459093662,0.06080518889109834,0.05561240658476326,0.7173633476959062,True,,False,True
eval_50185_high,hist32,high,heldout,18,after_block_18,0.0424325459093662,0.06080518889109834,0.05918286207317206,0.9116987784751845,True,,True,True
eval_50185_high,hist32,high,heldout,19,after_block_19,0.0424325459093662,0.06080518889109834,0.050252524304834956,0.4256316526285377,True,,False,True
eval_50185_high,hist32,high,heldout,20,after_block_20,0.0424325459093662,0.06080518889109834,0.04863127820977244,0.33738925349878196,True,,False,True
eval_50185_high,hist32,high,heldout,21,after_block_21,0.0424325459093662,0.06080518889109834,0.04704639809523712,0.2511262092480901,True,,False,True
eval_50185_high,hist32,high,heldout,22,after_block_22,0.0424325459093662,0.06080518889109834,0.04820645251649338,0.3142665218536144,True,,False,True
eval_50185_high,hist32,high,heldout,23,after_block_23,0.0424325459093662,0.06080518889109834,0.04607061361228319,0.19801547913026507,True,,False,True
eval_50185_high,hist32,high,heldout,24,after_block_24,0.0424325459093662,0.06080518889109834,0.04632384048759389,0.21179830153434034,True,,False,True
eval_50185_high,hist32,high,heldout,25,after_block_25,0.0424325459093662,0.06080518889109834,0.045279411041787496,0.15495131186361827,True,,False,True
eval_50185_high,hist32,high,heldout,26,after_block_26,0.0424325459093662,0.06080518889109834,0.04410385959409917,0.0909675154736718,True,,False,True
eval_50185_high,hist32,high,heldout,27,after_block_27,0.0424325459093662,0.06080518889109834,0.0435253636841893,0.05948070595557117,True,,False,True
eval_50185_high,hist32,high,heldout,28,after_block_28,0.0424325459093662,0.06080518889109834,0.04296384953048688,0.028918192208325887,True,,False,True
eval_50185_high,hist32,high,heldout,29,after_block_29,0.0424325459093662,0.06080518889109834,0.0424325459093662,0.0,True,,False,True
eval_50194_low,hist32,low,heldout,0,after_block_0,0.022283532288386827,0.015242655007474305,0.015268669880826737,0.9963051659169012,True,,True,True
eval_50194_low,hist32,low,heldout,1,after_block_1,0.022283532288386827,0.015242655007474305,0.015490882645139892,0.9647447856620764,True,,True,True
eval_50194_low,hist32,low,heldout,2,after_block_2,0.022283532288386827,0.015242655007474305,0.016415203433807358,0.8334655782864197,True,,False,True
eval_50194_low,hist32,low,heldout,3,after_block_3,0.022283532288386827,0.015242655007474305,0.016652612771483246,0.7997468628190313,True,,False,True
eval_50194_low,hist32,low,heldout,4,after_block_4,0.022283532288386827,0.015242655007474305,0.0171806966714986,0.7247442915560777,True,,False,True
eval_50194_low,hist32,low,heldout,5,after_block_5,0.022283532288386827,0.015242655007474305,0.017424615018619433,0.6901011160838839,True,,False,True
eval_50194_low,hist32,low,heldout,6,after_block_6,0.022283532288386827,0.015242655007474305,0.020155986494150676,0.3021705547977415,True,,False,True
eval_50194_low,hist32,low,heldout,7,after_block_7,0.022283532288386827,0.015242655007474305,0.020534367282272963,0.24842998057298415,True,,False,True
eval_50194_low,hist32,low,heldout,8,after_block_8,0.022283532288386827,0.015242655007474305,0.01970960461042146,0.36556917203246275,True,,False,True
eval_50194_low,hist32,low,heldout,9,after_block_9,0.022283532288386827,0.015242655007474305,0.019978925343546287,0.32731815268080555,True,,False,True
eval_50194_low,hist32,low,heldout,10,after_block_10,0.022283532288386827,0.015242655007474305,0.016732109046576963,0.7884561852625246,True,,False,True
eval_50194_low,hist32,low,heldout,11,after_block_11,0.022283532288386827,0.015242655007474305,0.0180869047550945,0.5960375910355915,True,,False,True
eval_50194_low,hist32,low,heldout,12,after_block_12,0.022283532288386827,0.015242655007474305,0.015159119453688249,1.0118643672447631,True,,True,True
eval_50194_low,hist32,low,heldout,13,after_block_13,0.022283532288386827,0.015242655007474305,0.011103777039651624,1.5878355498458947,True,,False,True
eval_50194_low,hist32,low,heldout,14,after_block_14,0.022283532288386827,0.015242655007474305,0.017869307478260158,0.6269424439612686,True,,False,True
eval_50194_low,hist32,low,heldout,15,after_block_15,0.022283532288386827,0.015242655007474305,0.03278556629584427,-1.4915803227998232,False,detected_frames_below_58,False,False
eval_50194_low,hist32,low,heldout,16,after_block_16,0.022283532288386827,0.015242655007474305,0.03169260287143288,-1.3363491803150138,False,detected_frames_below_58,False,False
eval_50194_low,hist32,low,heldout,17,after_block_17,0.022283532288386827,0.015242655007474305,0.023450025545556655,-0.16567441962553944,False,detected_frames_below_58,False,False
eval_50194_low,hist32,low,heldout,18,after_block_18,0.022283532288386827,0.015242655007474305,0.02306975140391652,-0.11166493664945655,False,detected_frames_below_58,False,False
eval_50194_low,hist32,low,heldout,19,after_block_19,0.022283532288386827,0.015242655007474305,0.021770306082150095,0.07289236635725246,False,detected_frames_below_58,False,False
eval_50194_low,hist32,low,heldout,20,after_block_20,0.022283532288386827,0.015242655007474305,0.021258137200536348,0.14563456327101104,True,,False,True
eval_50194_low,hist32,low,heldout,21,after_block_21,0.022283532288386827,0.015242655007474305,0.022946069717348923,-0.09409870425638624,True,,False,True
eval_50194_low,hist32,low,heldout,22,after_block_22,0.022283532288386827,0.015242655007474305,0.02427633474693774,-0.2830332612035869,True,,False,True
eval_50194_low,hist32,low,heldout,23,after_block_23,0.022283532288386827,0.015242655007474305,0.023033211933579247,-0.1064753176745127,True,,False,True
eval_50194_low,hist32,low,heldout,24,after_block_24,0.022283532288386827,0.015242655007474305,0.02203273614077917,0.03562001404108442,True,,False,True
eval_50194_low,hist32,low,heldout,25,after_block_25,0.022283532288386827,0.015242655007474305,0.02222438673745409,0.008400309872333337,True,,False,True
eval_50194_low,hist32,low,heldout,26,after_block_26,0.022283532288386827,0.015242655007474305,0.021717400248310377,0.08040646321321437,True,,False,True
eval_50194_low,hist32,low,heldout,27,after_block_27,0.022283532288386827,0.015242655007474305,0.021877529198869185,0.057663707705614554,True,,False,True
eval_50194_low,hist32,low,heldout,28,after_block_28,0.022283532288386827,0.015242655007474305,0.021849271410627223,0.061677097957219575,True,,False,True
eval_50194_low,hist32,low,heldout,29,after_block_29,0.022283532288386827,0.015242655007474305,0.022283532288386827,-0.0,True,,False,True
eval_50209_low,hist32,low,heldout,0,after_block_0,0.018276440832690328,0.013931596095711702,0.013931141499658937,1.0001046288372277,True,,True,True
eval_50209_low,hist32,low,heldout,1,after_block_1,0.018276440832690328,0.013931596095711702,0.01411259331130328,0.9583420751376626,True,,True,True
eval_50209_low,hist32,low,heldout,2,after_block_2,0.018276440832690328,0.013931596095711702,0.014722100744481353,0.8180591720477995,True,,False,True
eval_50209_low,hist32,low,heldout,3,after_block_3,0.018276440832690328,0.013931596095711702,0.014887473692475617,0.7799972945802833,True,,False,True
eval_50209_low,hist32,low,heldout,4,after_block_4,0.018276440832690328,0.013931596095711702,0.015377300579161994,0.6672598053628896,True,,False,True
eval_50209_low,hist32,low,heldout,5,after_block_5,0.018276440832690328,0.013931596095711702,0.015620391411043133,0.6113105490379831,True,,False,True
eval_50209_low,hist32,low,heldout,6,after_block_6,0.018276440832690328,0.013931596095711702,0.018645773527172213,-0.08500480842008556,True,,False,True
eval_50209_low,hist32,low,heldout,7,after_block_7,0.018276440832690328,0.013931596095711702,0.018956020577609083,-0.15641059371694133,True,,False,True
eval_50209_low,hist32,low,heldout,8,after_block_8,0.018276440832690328,0.013931596095711702,0.019068819584968005,-0.18237216753312385,True,,False,True
eval_50209_low,hist32,low,heldout,9,after_block_9,0.018276440832690328,0.013931596095711702,0.020998145036672102,-0.6264215107199499,True,,False,True
eval_50209_low,hist32,low,heldout,10,after_block_10,0.018276440832690328,0.013931596095711702,0.01748237731744963,0.18275992890666204,True,,False,True
eval_50209_low,hist32,low,heldout,11,after_block_11,0.018276440832690328,0.013931596095711702,0.019104101461944283,-0.19049256748113505,True,,False,True
eval_50209_low,hist32,low,heldout,12,after_block_12,0.018276440832690328,0.013931596095711702,0.015206078857246817,0.706667823895272,True,,False,True
eval_50209_low,hist32,low,heldout,13,after_block_13,0.018276440832690328,0.013931596095711702,0.010393181911549584,1.8143937006648265,True,,False,True
eval_50209_low,hist32,low,heldout,14,after_block_14,0.018276440832690328,0.013931596095711702,0.014004679628568955,0.9831792532802738,True,,True,True
eval_50209_low,hist32,low,heldout,15,after_block_15,0.018276440832690328,0.013931596095711702,0.029001237949026558,-2.468395941760206,False,detected_frames_below_58,False,False
eval_50209_low,hist32,low,heldout,16,after_block_16,0.018276440832690328,0.013931596095711702,0.02701358090006098,-2.0109211252152583,False,detected_frames_below_58,False,False
eval_50209_low,hist32,low,heldout,17,after_block_17,0.018276440832690328,0.013931596095711702,0.02204334908646012,-0.8669833979819664,True,,False,True
eval_50209_low,hist32,low,heldout,18,after_block_18,0.018276440832690328,0.013931596095711702,0.020053986456171312,-0.40911602855504486,True,,False,True
eval_50209_low,hist32,low,heldout,19,after_block_19,0.018276440832690328,0.013931596095711702,0.017486640485900082,0.18177872734284806,True,,False,True
eval_50209_low,hist32,low,heldout,20,after_block_20,0.018276440832690328,0.013931596095711702,0.017621466841888495,0.15074738694973408,True,,False,True
eval_50209_low,hist32,low,heldout,21,after_block_21,0.018276440832690328,0.013931596095711702,0.019267186134212872,-0.2280277803923326,True,,False,True
eval_50209_low,hist32,low,heldout,22,after_block_22,0.018276440832690328,0.013931596095711702,0.01990396783692769,-0.3745880699454248,True,,False,True
eval_50209_low,hist32,low,heldout,23,after_block_23,0.018276440832690328,0.013931596095711702,0.018857851031492828,-0.13381610483204706,True,,False,True
eval_50209_low,hist32,low,heldout,24,after_block_24,0.018276440832690328,0.013931596095711702,0.018326032529132643,-0.011413916824286996,True,,False,True
eval_50209_low,hist32,low,heldout,25,after_block_25,0.018276440832690328,0.013931596095711702,0.018350785967522584,-0.0171111142820619,True,,False,True
eval_50209_low,hist32,low,heldout,26,after_block_26,0.018276440832690328,0.013931596095711702,0.01807710650700773,0.04587835417594543,True,,False,True
eval_50209_low,hist32,low,heldout,27,after_block_27,0.018276440832690328,0.013931596095711702,0.01791384245182033,0.08345485346897476,True,,False,True
eval_50209_low,hist32,low,heldout,28,after_block_28,0.018276440832690328,0.013931596095711702,0.017879068139673274,0.09145843340155432,True,,False,True
eval_50209_low,hist32,low,heldout,29,after_block_29,0.018276440832690328,0.013931596095711702,0.018276440832690328,-0.0,True,,False,True
eval_50224_low,hist32,low,heldout,0,after_block_0,0.02544997589940789,0.017283455155078228,0.017237241356587028,1.005658933582369,True,,True,True
eval_50224_low,hist32,low,heldout,1,after_block_1,0.02544997589940789,0.017283455155078228,0.017387598807205907,0.9872474882035914,True,,True,True
eval_50224_low,hist32,low,heldout,2,after_block_2,0.02544997589940789,0.017283455155078228,0.018110771909840763,0.8986940974420503,True,,False,True
eval_50224_low,hist32,low,heldout,3,after_block_3,0.02544997589940789,0.017283455155078228,0.01813157827231326,0.8961463340647339,True,,False,True
eval_50224_low,hist32,low,heldout,4,after_block_4,0.02544997589940789,0.017283455155078228,0.01874090504995795,0.821533558720011,True,,False,True
eval_50224_low,hist32,low,heldout,5,after_block_5,0.02544997589940789,0.017283455155078228,0.019099495459493354,0.7776237443986076,True,,False,True
eval_50224_low,hist32,low,heldout,6,after_block_6,0.02544997589940789,0.017283455155078228,0.021311601443475704,0.5067487839060011,True,,False,True
eval_50224_low,hist32,low,heldout,7,after_block_7,0.02544997589940789,0.017283455155078228,0.021715521982017087,0.45728824236242616,True,,False,True
eval_50224_low,hist32,low,heldout,8,after_block_8,0.02544997589940789,0.017283455155078228,0.02049778591791917,0.6064014451842571,True,,False,True
eval_50224_low,hist32,low,heldout,9,after_block_9,0.02544997589940789,0.017283455155078228,0.019958446036852682,0.6724442433294735,True,,False,True
eval_50224_low,hist32,low,heldout,10,after_block_10,0.02544997589940789,0.017283455155078228,0.01700322217630432,1.0343148554380988,True,,True,True
eval_50224_low,hist32,low,heldout,11,after_block_11,0.02544997589940789,0.017283455155078228,0.018458278504762244,0.8561415091610779,True,,False,True
eval_50224_low,hist32,low,heldout,12,after_block_12,0.02544997589940789,0.017283455155078228,0.015658662556409582,1.1989577507406448,True,,False,True
eval_50224_low,hist32,low,heldout,13,after_block_13,0.02544997589940789,0.017283455155078228,0.01167859117605086,1.6863221382152302,True,,False,True
eval_50224_low,hist32,low,heldout,14,after_block_14,0.02544997589940789,0.017283455155078228,0.019305919726851473,0.7523468518490544,True,,False,True
eval_50224_low,hist32,low,heldout,15,after_block_15,0.02544997589940789,0.017283455155078228,0.028281752345540496,-0.3467543320818499,False,detected_frames_below_58,False,False
eval_50224_low,hist32,low,heldout,16,after_block_16,0.02544997589940789,0.017283455155078228,0.0282062117480022,-0.3375042977155322,False,detected_frames_below_58,False,False
eval_50224_low,hist32,low,heldout,17,after_block_17,0.02544997589940789,0.017283455155078228,0.027531567937231268,-0.2548933754033145,False,detected_frames_below_58,False,False
eval_50224_low,hist32,low,heldout,18,after_block_18,0.02544997589940789,0.017283455155078228,0.027879988755404254,-0.29755791138883914,False,detected_frames_below_58,False,False
eval_50224_low,hist32,low,heldout,19,after_block_19,0.02544997589940789,0.017283455155078228,0.025717483327752567,-0.03275659693026761,False,detected_frames_below_58,False,False
eval_50224_low,hist32,low,heldout,20,after_block_20,0.02544997589940789,0.017283455155078228,0.02266132320446554,0.3414737783992802,True,,False,True
eval_50224_low,hist32,low,heldout,21,after_block_21,0.02544997589940789,0.017283455155078228,0.027987165742314492,-0.31068185857095526,False,detected_frames_below_58,False,False
eval_50224_low,hist32,low,heldout,22,after_block_22,0.02544997589940789,0.017283455155078228,0.028532787464015878,-0.37749387543630547,False,detected_frames_below_58,False,False
eval_50224_low,hist32,low,heldout,23,after_block_23,0.02544997589940789,0.017283455155078228,0.026427102672266525,-0.11965031418515536,False,detected_frames_below_58,False,False
eval_50224_low,hist32,low,heldout,24,after_block_24,0.02544997589940789,0.017283455155078228,0.025793445312122843,-0.042058230606153275,True,,False,True
eval_50224_low,hist32,low,heldout,25,after_block_25,0.02544997589940789,0.017283455155078228,0.02560220708823429,-0.018640886809979423,True,,False,True
eval_50224_low,hist32,low,heldout,26,after_block_26,0.02544997589940789,0.017283455155078228,0.025063347763286135,0.04734306667747183,False,detected_frames_below_58,False,False
eval_50224_low,hist32,low,heldout,27,after_block_27,0.02544997589940789,0.017283455155078228,0.025195973455690742,0.031102895794823445,False,detected_frames_below_58,False,False
eval_50224_low,hist32,low,heldout,28,after_block_28,0.02544997589940789,0.017283455155078228,0.025532556453470086,-0.010112085262200934,False,detected_frames_below_58,False,False
eval_50224_low,hist32,low,heldout,29,after_block_29,0.02544997589940789,0.017283455155078228,0.02544997589940789,-0.0,True,,False,True
eval_50230_high,hist32,high,heldout,0,after_block_0,0.0445344262335282,0.0651828046177614,0.06533742563021638,1.0074882884058853,True,,True,True
eval_50230_high,hist32,high,heldout,1,after_block_1,0.0445344262335282,0.0651828046177614,0.06467149436508447,0.9752372683625679,True,,True,True
eval_50230_high,hist32,high,heldout,2,after_block_2,0.0445344262335282,0.0651828046177614,0.06060568748718241,0.7783304313100924,True,,False,True
eval_50230_high,hist32,high,heldout,3,after_block_3,0.0445344262335282,0.0651828046177614,0.06071721453648758,0.7837316810949342,True,,False,True
eval_50230_high,hist32,high,heldout,4,after_block_4,0.0445344262335282,0.0651828046177614,0.05402328999169543,0.4595452282786909,True,,False,True
eval_50230_high,hist32,high,heldout,5,after_block_5,0.0445344262335282,0.0651828046177614,0.05373048524512202,0.4453647080884473,True,,False,True
eval_50230_high,hist32,high,heldout,6,after_block_6,0.0445344262335282,0.0651828046177614,0.05233309290147724,0.3776890622027727,True,,False,True
eval_50230_high,hist32,high,heldout,7,after_block_7,0.0445344262335282,0.0651828046177614,0.052267533551562356,0.3745140259507762,True,,False,True
eval_50230_high,hist32,high,heldout,8,after_block_8,0.0445344262335282,0.0651828046177614,0.05044246915008893,0.2861262422947474,True,,False,True
eval_50230_high,hist32,high,heldout,9,after_block_9,0.0445344262335282,0.0651828046177614,0.0488827059364822,0.21058698276637006,True,,False,True
eval_50230_high,hist32,high,heldout,10,after_block_10,0.0445344262335282,0.0651828046177614,0.04980967832486486,0.255480212207113,True,,False,True
eval_50230_high,hist32,high,heldout,11,after_block_11,0.0445344262335282,0.0651828046177614,0.04915311343618197,0.22368280533741744,True,,False,True
eval_50230_high,hist32,high,heldout,12,after_block_12,0.0445344262335282,0.0651828046177614,0.0533125511507532,0.42512417943327946,True,,False,True
eval_50230_high,hist32,high,heldout,13,after_block_13,0.0445344262335282,0.0651828046177614,0.05447458683543835,0.48140151332660164,True,,False,True
eval_50230_high,hist32,high,heldout,14,after_block_14,0.0445344262335282,0.0651828046177614,0.058099724729409226,0.6569667720850803,True,,False,True
eval_50230_high,hist32,high,heldout,15,after_block_15,0.0445344262335282,0.0651828046177614,0.060815253603284575,0.7884797085173614,True,,False,True
eval_50230_high,hist32,high,heldout,16,after_block_16,0.0445344262335282,0.0651828046177614,0.060686775093714326,0.7822575003042287,True,,False,True
eval_50230_high,hist32,high,heldout,17,after_block_17,0.0445344262335282,0.0651828046177614,0.058483123064142536,0.675534735515374,True,,False,True
eval_50230_high,hist32,high,heldout,18,after_block_18,0.0445344262335282,0.0651828046177614,0.05839316222167508,0.6711779361196331,True,,False,True
eval_50230_high,hist32,high,heldout,19,after_block_19,0.0445344262335282,0.0651828046177614,0.052925891200412585,0.40639825611157865,True,,False,True
eval_50230_high,hist32,high,heldout,20,after_block_20,0.0445344262335282,0.0651828046177614,0.05283216014200891,0.40185886533427434,True,,False,True
eval_50230_high,hist32,high,heldout,21,after_block_21,0.0445344262335282,0.0651828046177614,0.050462925415214986,0.2871169382586336,True,,False,True
eval_50230_high,hist32,high,heldout,22,after_block_22,0.0445344262335282,0.0651828046177614,0.0499590346348259,0.26271353131729963,True,,False,True
eval_50230_high,hist32,high,heldout,23,after_block_23,0.0445344262335282,0.0651828046177614,0.04757720054188304,0.14736141752798654,True,,False,True
eval_50230_high,hist32,high,heldout,24,after_block_24,0.0445344262335282,0.0651828046177614,0.04800309517597351,0.16798747474978162,True,,False,True
eval_50230_high,hist32,high,heldout,25,after_block_25,0.0445344262335282,0.0651828046177614,0.04831843308876124,0.1832592751265376,True,,False,True
eval_50230_high,hist32,high,heldout,26,after_block_26,0.0445344262335282,0.0651828046177614,0.0457372122537806,0.058250870740088306,True,,False,True
eval_50230_high,hist32,high,heldout,27,after_block_27,0.0445344262335282,0.0651828046177614,0.04562474206508953,0.0528039447588716,True,,False,True
eval_50230_high,hist32,high,heldout,28,after_block_28,0.0445344262335282,0.0651828046177614,0.044897774875224776,0.017596957733689394,True,,False,True
eval_50230_high,hist32,high,heldout,29,after_block_29,0.0445344262335282,0.0651828046177614,0.0445344262335282,0.0,True,,False,True
eval_50247_high,hist32,high,heldout,0,after_block_0,0.04394591296189809,0.06380902055331113,0.06390508997004664,1.0048365753592878,True,,True,True
eval_50247_high,hist32,high,heldout,1,after_block_1,0.04394591296189809,0.06380902055331113,0.06309761880103884,0.9641847707364868,True,,True,True
eval_50247_high,hist32,high,heldout,2,after_block_2,0.04394591296189809,0.06380902055331113,0.0584753214190132,0.7314771059990773,True,,False,True
eval_50247_high,hist32,high,heldout,3,after_block_3,0.04394591296189809,0.06380902055331113,0.05860396827202292,0.7379537790180227,True,,False,True
eval_50247_high,hist32,high,heldout,4,after_block_4,0.04394591296189809,0.06380902055331113,0.054002756623812015,0.5063076668960687,True,,False,True
eval_50247_high,hist32,high,heldout,5,after_block_5,0.04394591296189809,0.06380902055331113,0.053646422678665005,0.48836818066476734,True,,False,True
eval_50247_high,hist32,high,heldout,6,after_block_6,0.04394591296189809,0.06380902055331113,0.05128323957595318,0.36939469719365914,True,,False,True
eval_50247_high,hist32,high,heldout,7,after_block_7,0.04394591296189809,0.06380902055331113,0.051245729894343554,0.36750628766675086,True,,False,True
eval_50247_high,hist32,high,heldout,8,after_block_8,0.04394591296189809,0.06380902055331113,0.05107932978100187,0.3591289422500839,True,,False,True
eval_50247_high,hist32,high,heldout,9,after_block_9,0.04394591296189809,0.06380902055331113,0.049256422123465725,0.26735540434082955,True,,False,True
eval_50247_high,hist32,high,heldout,10,after_block_10,0.04394591296189809,0.06380902055331113,0.05079807115019364,0.34496909190874986,True,,False,True
eval_50247_high,hist32,high,heldout,11,after_block_11,0.04394591296189809,0.06380902055331113,0.05056767619963002,0.33336995267520797,True,,False,True
eval_50247_high,hist32,high,heldout,12,after_block_12,0.04394591296189809,0.06380902055331113,0.05467905112969375,0.5403554362478341,True,,False,True
eval_50247_high,hist32,high,heldout,13,after_block_13,0.04394591296189809,0.06380902055331113,0.055976158723706614,0.6056577857439227,True,,False,True
eval_50247_high,hist32,high,heldout,14,after_block_14,0.04394591296189809,0.06380902055331113,0.05894006193949189,0.754874276776101,True,,False,True
eval_50247_high,hist32,high,heldout,15,after_block_15,0.04394591296189809,0.06380902055331113,0.057140374427231896,0.6642697475513784,True,,False,True
eval_50247_high,hist32,high,heldout,16,after_block_16,0.04394591296189809,0.06380902055331113,0.057207911392751526,0.6676698683637343,True,,False,True
eval_50247_high,hist32,high,heldout,17,after_block_17,0.04394591296189809,0.06380902055331113,0.05424894784923639,0.518702063104787,True,,False,True
eval_50247_high,hist32,high,heldout,18,after_block_18,0.04394591296189809,0.06380902055331113,0.0559511446793702,0.6043984639474065,True,,False,True
eval_50247_high,hist32,high,heldout,19,after_block_19,0.04394591296189809,0.06380902055331113,0.052853156664085466,0.44843152871195435,True,,False,True
eval_50247_high,hist32,high,heldout,20,after_block_20,0.04394591296189809,0.06380902055331113,0.052380683006683366,0.4246450363301504,True,,False,True
eval_50247_high,hist32,high,heldout,21,after_block_21,0.04394591296189809,0.06380902055331113,0.049336606332703814,0.27139224544784507,True,,False,True
eval_50247_high,hist32,high,heldout,22,after_block_22,0.04394591296189809,0.06380902055331113,0.04934300795582549,0.2717145325367215,True,,False,True
eval_50247_high,hist32,high,heldout,23,after_block_23,0.04394591296189809,0.06380902055331113,0.047132363773597016,0.16042055841637035,True,,False,True
eval_50247_high,hist32,high,heldout,24,after_block_24,0.04394591296189809,0.06380902055331113,0.047692768920275616,0.18863392553929056,True,,False,True
eval_50247_high,hist32,high,heldout,25,after_block_25,0.04394591296189809,0.06380902055331113,0.04778070213650123,0.1930608872229511,True,,False,True
eval_50247_high,hist32,high,heldout,26,after_block_26,0.04394591296189809,0.06380902055331113,0.045252818222205615,0.06579560898479488,True,,False,True
eval_50247_high,hist32,high,heldout,27,after_block_27,0.04394591296189809,0.06380902055331113,0.04492477091710357,0.0492802020379049,True,,False,True
eval_50247_high,hist32,high,heldout,28,after_block_28,0.04394591296189809,0.06380902055331113,0.044265461030960546,0.016087516396507663,True,,False,True
eval_50247_high,hist32,high,heldout,29,after_block_29,0.04394591296189809,0.06380902055331113,0.04394591296189809,0.0,True,,False,True
eval_50288_low,hist32,low,heldout,0,after_block_0,0.015021985920547421,0.003203717091866532,0.0028370760108970697,1.03102324767564,True,,True,True
eval_50288_low,hist32,low,heldout,1,after_block_1,0.015021985920547421,0.003203717091866532,0.0028863782140591504,1.0268515535064877,True,,True,True
eval_50288_low,hist32,low,heldout,2,after_block_2,0.015021985920547421,0.003203717091866532,0.003797780600178676,0.9497334578419425,True,,True,True
eval_50288_low,hist32,low,heldout,3,after_block_3,0.015021985920547421,0.003203717091866532,0.0037507533572337577,0.9537126567945667,True,,True,True
eval_50288_low,hist32,low,heldout,4,after_block_4,0.015021985920547421,0.003203717091866532,0.005728657843391301,0.7863527401409947,True,,False,True
eval_50288_low,hist32,low,heldout,5,after_block_5,0.015021985920547421,0.003203717091866532,0.006009265533155683,0.7626091873557174,True,,False,True
eval_50288_low,hist32,low,heldout,6,after_block_6,0.015021985920547421,0.003203717091866532,0.013087180733471123,0.16371307973472915,True,,False,True
eval_50288_low,hist32,low,heldout,7,after_block_7,0.015021985920547421,0.003203717091866532,0.013520191937138203,0.12707393994665483,True,,False,True
eval_50288_low,hist32,low,heldout,8,after_block_8,0.015021985920547421,0.003203717091866532,0.019037493257855864,-0.33977119623167673,True,,False,True
eval_50288_low,hist32,low,heldout,9,after_block_9,0.015021985920547421,0.003203717091866532,0.02556133399797628,-0.8917844254694637,True,,False,True
eval_50288_low,hist32,low,heldout,10,after_block_10,0.015021985920547421,0.003203717091866532,0.025723655167581325,-0.9055191925455959,True,,False,True
eval_50288_low,hist32,low,heldout,11,after_block_11,0.015021985920547421,0.003203717091866532,0.027630131235837244,-1.0668352106437147,True,,False,True
eval_50288_low,hist32,low,heldout,12,after_block_12,0.015021985920547421,0.003203717091866532,0.02408997216355148,-0.7672854945554825,True,,False,True
eval_50288_low,hist32,low,heldout,13,after_block_13,0.015021985920547421,0.003203717091866532,0.019129784317876108,-0.3475803822772902,True,,False,True
eval_50288_low,hist32,low,heldout,14,after_block_14,0.015021985920547421,0.003203717091866532,0.01807599358198545,-0.2584141303357801,True,,False,True
eval_50288_low,hist32,low,heldout,15,after_block_15,0.015021985920547421,0.003203717091866532,0.016627559538011528,-0.13585522894585525,True,,False,True
eval_50288_low,hist32,low,heldout,16,after_block_16,0.015021985920547421,0.003203717091866532,0.016491928208757757,-0.12437881634939973,True,,False,True
eval_50288_low,hist32,low,heldout,17,after_block_17,0.015021985920547421,0.003203717091866532,0.012168919191779712,0.24141156121307808,True,,False,True
eval_50288_low,hist32,low,heldout,18,after_block_18,0.015021985920547421,0.003203717091866532,0.01197590009519448,0.2577438260636464,True,,False,True
eval_50288_low,hist32,low,heldout,19,after_block_19,0.015021985920547421,0.003203717091866532,0.012003591429940605,0.25540073037446026,True,,False,True
eval_50288_low,hist32,low,heldout,20,after_block_20,0.015021985920547421,0.003203717091866532,0.011377331419004877,0.3083915719278275,True,,False,True
eval_50288_low,hist32,low,heldout,21,after_block_21,0.015021985920547421,0.003203717091866532,0.012569808504649626,0.2074904075584053,True,,False,True
eval_50288_low,hist32,low,heldout,22,after_block_22,0.015021985920547421,0.003203717091866532,0.012361568018124654,0.22511062669063625,True,,False,True
eval_50288_low,hist32,low,heldout,23,after_block_23,0.015021985920547421,0.003203717091866532,0.013709229539764051,0.11107856825845237,True,,False,True
eval_50288_low,hist32,low,heldout,24,after_block_24,0.015021985920547421,0.003203717091866532,0.012317398948862917,0.22884798195831696,True,,False,True
eval_50288_low,hist32,low,heldout,25,after_block_25,0.015021985920547421,0.003203717091866532,0.012348510166593477,0.22621551368554776,True,,False,True
eval_50288_low,hist32,low,heldout,26,after_block_26,0.015021985920547421,0.003203717091866532,0.014762981195494471,0.021915623075385676,True,,False,True
eval_50288_low,hist32,low,heldout,27,after_block_27,0.015021985920547421,0.003203717091866532,0.014789352000951819,0.01968426365721518,True,,False,True
eval_50288_low,hist32,low,heldout,28,after_block_28,0.015021985920547421,0.003203717091866532,0.01575833418258946,-0.06230593268068577,True,,False,True
eval_50288_low,hist32,low,heldout,29,after_block_29,0.015021985920547421,0.003203717091866532,0.015021985920547421,-0.0,True,,False,True
eval_50301_high,hist32,high,heldout,0,after_block_0,0.0465813219944638,0.06649891624135643,0.06656501356732336,1.0033185396362438,True,,True,True
eval_50301_high,hist32,high,heldout,1,after_block_1,0.0465813219944638,0.06649891624135643,0.06607843897733098,0.9788891540407275,True,,True,True
eval_50301_high,hist32,high,heldout,2,after_block_2,0.0465813219944638,0.06649891624135643,0.060134193642059255,0.6804472206632013,True,,False,True
eval_50301_high,hist32,high,heldout,3,after_block_3,0.0465813219944638,0.06649891624135643,0.0602479847154489,0.6861603139203047,True,,False,True
eval_50301_high,hist32,high,heldout,4,after_block_4,0.0465813219944638,0.06649891624135643,0.05410364315383169,0.37767217597283165,True,,False,True
eval_50301_high,hist32,high,heldout,5,after_block_5,0.0465813219944638,0.06649891624135643,0.05392302720594886,0.368604015147585,True,,False,True
eval_50301_high,hist32,high,heldout,6,after_block_6,0.0465813219944638,0.06649891624135643,0.05217988282847949,0.2810861976912263,True,,False,True
eval_50301_high,hist32,high,heldout,7,after_block_7,0.0465813219944638,0.06649891624135643,0.05230641568623029,0.2874390160176936,True,,False,True
eval_50301_high,hist32,high,heldout,8,after_block_8,0.0465813219944638,0.06649891624135643,0.051309446036219765,0.23738429366255456,True,,False,True
eval_50301_high,hist32,high,heldout,9,after_block_9,0.0465813219944638,0.06649891624135643,0.04840375381027863,0.09149859130698738,True,,False,True
eval_50301_high,hist32,high,heldout,10,after_block_10,0.0465813219944638,0.06649891624135643,0.049977573124665296,0.1705151278865595,True,,False,True
eval_50301_high,hist32,high,heldout,11,after_block_11,0.0465813219944638,0.06649891624135643,0.049465775308391136,0.14481936313053195,True,,False,True
eval_50301_high,hist32,high,heldout,12,after_block_12,0.0465813219944638,0.06649891624135643,0.053794725295436954,0.3621623782248968,True,,False,True
eval_50301_high,hist32,high,heldout,13,after_block_13,0.0465813219944638,0.06649891624135643,0.055200802495911895,0.432757108845755,True,,False,True
eval_50301_high,hist32,high,heldout,14,after_block_14,0.0465813219944638,0.06649891624135643,0.05816381089256802,0.5815204765460681,True,,False,True
eval_50301_high,hist32,high,heldout,15,after_block_15,0.0465813219944638,0.06649891624135643,0.056811937131874,0.5136471308027721,True,,False,True
eval_50301_high,hist32,high,heldout,16,after_block_16,0.0465813219944638,0.06649891624135643,0.056925739712096746,0.5193608017819117,True,,False,True
eval_50301_high,hist32,high,heldout,17,after_block_17,0.0465813219944638,0.06649891624135643,0.0566181620578486,0.50391829148496,True,,False,True
eval_50301_high,hist32,high,heldout,18,after_block_18,0.0465813219944638,0.06649891624135643,0.05667643932456762,0.5068442104486978,True,,False,True
eval_50301_high,hist32,high,heldout,19,after_block_19,0.0465813219944638,0.06649891624135643,0.05492167863039658,0.41874317412776746,True,,False,True
eval_50301_high,hist32,high,heldout,20,after_block_20,0.0465813219944638,0.06649891624135643,0.05304796117963821,0.32466969178184174,True,,False,True
eval_50301_high,hist32,high,heldout,21,after_block_21,0.0465813219944638,0.06649891624135643,0.05061188933193546,0.20236215717169131,True,,False,True
eval_50301_high,hist32,high,heldout,22,after_block_22,0.0465813219944638,0.06649891624135643,0.050360326360839,0.18973196860683972,True,,False,True
eval_50301_high,hist32,high,heldout,23,after_block_23,0.0465813219944638,0.06649891624135643,0.04858343998887953,0.10052007132980371,True,,False,True
eval_50301_high,hist32,high,heldout,24,after_block_24,0.0465813219944638,0.06649891624135643,0.048764200717755335,0.10959550115507002,True,,False,True
eval_50301_high,hist32,high,heldout,25,after_block_25,0.0465813219944638,0.06649891624135643,0.048976233288678894,0.12024099218653024,True,,False,True
eval_50301_high,hist32,high,heldout,26,after_block_26,0.0465813219944638,0.06649891624135643,0.04843112579817993,0.09287285305577117,True,,False,True
eval_50301_high,hist32,high,heldout,27,after_block_27,0.0465813219944638,0.06649891624135643,0.0476892705447691,0.05562662521243756,True,,False,True
eval_50301_high,hist32,high,heldout,28,after_block_28,0.0465813219944638,0.06649891624135643,0.046948521527292966,0.01843593800925308,True,,False,True
eval_50301_high,hist32,high,heldout,29,after_block_29,0.0465813219944638,0.06649891624135643,0.0465813219944638,0.0,True,,False,True
eval_50000_high,hist32,high,heldout,0,after_block_0,0.04551214046886443,0.06537975040105169,0.06567496719022041,1.0148591999831063,True,,True,True
eval_50000_high,hist32,high,heldout,1,after_block_1,0.04551214046886443,0.06537975040105169,0.06495350913229048,0.9785459212146768,True,,True,True
eval_50000_high,hist32,high,heldout,2,after_block_2,0.04551214046886443,0.06537975040105169,0.05925707966873907,0.6918265079085651,True,,False,True
eval_50000_high,hist32,high,heldout,3,after_block_3,0.04551214046886443,0.06537975040105169,0.059381187152468595,0.6980732323083865,True,,False,True
eval_50000_high,hist32,high,heldout,4,after_block_4,0.04551214046886443,0.06537975040105169,0.053819991788929954,0.41816058138961537,True,,False,True
eval_50000_high,hist32,high,heldout,5,after_block_5,0.04551214046886443,0.06537975040105169,0.05398168446599203,0.42629908811558653,True,,False,True
eval_50000_high,hist32,high,heldout,6,after_block_6,0.04551214046886443,0.06537975040105169,0.052359465294000526,0.34464763746155647,True,,False,True
eval_50000_high,hist32,high,heldout,7,after_block_7,0.04551214046886443,0.06537975040105169,0.05252589556725129,0.35302460247238715,True,,False,True
eval_50000_high,hist32,high,heldout,8,after_block_8,0.04551214046886443,0.06537975040105169,0.051561723532924285,0.30449475728124703,True,,False,True
eval_50000_high,hist32,high,heldout,9,after_block_9,0.04551214046886443,0.06537975040105169,0.04987136780449725,0.21941377702259457,True,,False,True
eval_50000_high,hist32,high,heldout,10,after_block_10,0.04551214046886443,0.06537975040105169,0.051303771578048656,0.2915112149348813,True,,False,True
eval_50000_high,hist32,high,heldout,11,after_block_11,0.04551214046886443,0.06537975040105169,0.050362997873096026,0.24415908208328477,True,,False,True
eval_50000_high,hist32,high,heldout,12,after_block_12,0.04551214046886443,0.06537975040105169,0.05469159511029871,0.4620311488279605,True,,False,True
eval_50000_high,hist32,high,heldout,13,after_block_13,0.04551214046886443,0.06537975040105169,0.05650341296300594,0.5532257041313605,True,,False,True
eval_50000_high,hist32,high,heldout,14,after_block_14,0.04551214046886443,0.06537975040105169,0.05960532387534963,0.7093547464737069,True,,False,True
eval_50000_high,hist32,high,heldout,15,after_block_15,0.04551214046886443,0.06537975040105169,0.060643723825661,0.7616207187701065,True,,False,True
eval_50000_high,hist32,high,heldout,16,after_block_16,0.04551214046886443,0.06537975040105169,0.060843637164694354,0.7716829929800243,True,,False,True
eval_50000_high,hist32,high,heldout,17,after_block_17,0.04551214046886443,0.06537975040105169,0.059305369118953934,0.6942570695302039,True,,False,True
eval_50000_high,hist32,high,heldout,18,after_block_18,0.04551214046886443,0.06537975040105169,0.05733769138027088,0.5952175904283296,True,,False,True
eval_50000_high,hist32,high,heldout,19,after_block_19,0.04551214046886443,0.06537975040105169,0.054169484954946306,0.43575168405416603,True,,False,True
eval_50000_high,hist32,high,heldout,20,after_block_20,0.04551214046886443,0.06537975040105169,0.05271263370823362,0.36242372705857084,True,,False,True
eval_50000_high,hist32,high,heldout,21,after_block_21,0.04551214046886443,0.06537975040105169,0.049588378503633436,0.20517002541735743,True,,False,True
eval_50000_high,hist32,high,heldout,22,after_block_22,0.04551214046886443,0.06537975040105169,0.050645019482637596,0.2583541267063761,True,,False,True
eval_50000_high,hist32,high,heldout,23,after_block_23,0.04551214046886443,0.06537975040105169,0.04827695011276333,0.13916166329698607,True,,False,True
eval_50000_high,hist32,high,heldout,24,after_block_24,0.04551214046886443,0.06537975040105169,0.048665537431149486,0.15872049899551707,True,,False,True
eval_50000_high,hist32,high,heldout,25,after_block_25,0.04551214046886443,0.06537975040105169,0.048855696007713244,0.16829178498375688,True,,False,True
eval_50000_high,hist32,high,heldout,26,after_block_26,0.04551214046886443,0.06537975040105169,0.04656258425319112,0.052872176769731855,True,,False,True
eval_50000_high,hist32,high,heldout,27,after_block_27,0.04551214046886443,0.06537975040105169,0.046375766365469355,0.04346903827650516,True,,False,True
eval_50000_high,hist32,high,heldout,28,after_block_28,0.04551214046886443,0.06537975040105169,0.04565502163503028,0.00719166354954299,True,,False,True
eval_50000_high,hist32,high,heldout,29,after_block_29,0.04551214046886443,0.06537975040105169,0.04551214046886443,0.0,True,,False,True
eval_50014_high,hist32,high,heldout,0,after_block_0,0.04385402825832608,0.0649111250286957,0.06512456598955026,1.0101362957667983,True,,True,True
eval_50014_high,hist32,high,heldout,1,after_block_1,0.04385402825832608,0.0649111250286957,0.06383150336557288,0.9487288454388447,True,,True,True
eval_50014_high,hist32,high,heldout,2,after_block_2,0.04385402825832608,0.0649111250286957,0.05829465244216645,0.6857841962411656,True,,False,True
eval_50014_high,hist32,high,heldout,3,after_block_3,0.04385402825832608,0.0649111250286957,0.05837023486074415,0.6893735998233371,True,,False,True
eval_50014_high,hist32,high,heldout,4,after_block_4,0.04385402825832608,0.0649111250286957,0.05421730164288086,0.4921511021945536,True,,False,True
eval_50014_high,hist32,high,heldout,5,after_block_5,0.04385402825832608,0.0649111250286957,0.053981718925972824,0.480963296036986,True,,False,True
eval_50014_high,hist32,high,heldout,6,after_block_6,0.04385402825832608,0.0649111250286957,0.05261502540630207,0.41605911980724625,True,,False,True
eval_50014_high,hist32,high,heldout,7,after_block_7,0.04385402825832608,0.0649111250286957,0.05281011570945517,0.4253239441693408,True,,False,True
eval_50014_high,hist32,high,heldout,8,after_block_8,0.04385402825832608,0.0649111250286957,0.05262126836379453,0.41635559740624944,True,,False,True
eval_50014_high,hist32,high,heldout,9,after_block_9,0.04385402825832608,0.0649111250286957,0.05116224430565366,0.3470666505940788,True,,False,True
eval_50014_high,hist32,high,heldout,10,after_block_10,0.04385402825832608,0.0649111250286957,0.052743488991826806,0.4221598461763962,True,,False,True
eval_50014_high,hist32,high,heldout,11,after_block_11,0.04385402825832608,0.0649111250286957,0.05196551377770744,0.3852138596235827,True,,False,True
eval_50014_high,hist32,high,heldout,12,after_block_12,0.04385402825832608,0.0649111250286957,0.055426612852862205,0.549581203939777,True,,False,True
eval_50014_high,hist32,high,heldout,13,after_block_13,0.04385402825832608,0.0649111250286957,0.056436859276653345,0.5975577334114325,True,,False,True
eval_50014_high,hist32,high,heldout,14,after_block_14,0.04385402825832608,0.0649111250286957,0.059604470703068034,0.7479873705526731,True,,False,True
eval_50014_high,hist32,high,heldout,15,after_block_15,0.04385402825832608,0.0649111250286957,0.06145055094037184,0.8356575872703693,True,,False,True
eval_50014_high,hist32,high,heldout,16,after_block_16,0.04385402825832608,0.0649111250286957,0.0614617071224361,0.8361873935483154,True,,False,True
eval_50014_high,hist32,high,heldout,17,after_block_17,0.04385402825832608,0.0649111250286957,0.05869221125025474,0.7046642352334217,True,,False,True
eval_50014_high,hist32,high,heldout,18,after_block_18,0.04385402825832608,0.0649111250286957,0.05828230150171214,0.6851976509738382,True,,False,True
eval_50014_high,hist32,high,heldout,19,after_block_19,0.04385402825832608,0.0649111250286957,0.05247549460762979,0.4094328122875591,True,,False,True
eval_50014_high,hist32,high,heldout,20,after_block_20,0.04385402825832608,0.0649111250286957,0.04999723073410329,0.2917402404884981,True,,False,True
eval_50014_high,hist32,high,heldout,21,after_block_21,0.04385402825832608,0.0649111250286957,0.04893278234778809,0.2411896637436056,True,,False,True
eval_50014_high,hist32,high,heldout,22,after_block_22,0.04385402825832608,0.0649111250286957,0.049087601855957876,0.2485420309696345,True,,False,True
eval_50014_high,hist32,high,heldout,23,after_block_23,0.04385402825832608,0.0649111250286957,0.047038690601128266,0.15123938392511296,True,,False,True
eval_50014_high,hist32,high,heldout,24,after_block_24,0.04385402825832608,0.0649111250286957,0.04745042355034278,0.17079255185251113,True,,False,True
eval_50014_high,hist32,high,heldout,25,after_block_25,0.04385402825832608,0.0649111250286957,0.046966625476221074,0.14781701636451944,True,,False,True
eval_50014_high,hist32,high,heldout,26,after_block_26,0.04385402825832608,0.0649111250286957,0.04504203420791609,0.056418316472843774,True,,False,True
eval_50014_high,hist32,high,heldout,27,after_block_27,0.04385402825832608,0.0649111250286957,0.044869777040468815,0.04823783607111697,True,,False,True
eval_50014_high,hist32,high,heldout,28,after_block_28,0.04385402825832608,0.0649111250286957,0.044146769535312644,0.013902262034455486,True,,False,True
eval_50014_high,hist32,high,heldout,29,after_block_29,0.04385402825832608,0.0649111250286957,0.04385402825832608,0.0,True,,False,True
eval_50034_low,hist32,low,heldout,0,after_block_0,0.02151181316634574,0.016669812988946955,0.01649122777689714,1.0368825290183596,True,,True,True
eval_50034_low,hist32,low,heldout,1,after_block_1,0.02151181316634574,0.016669812988946955,0.016784540757636707,0.9763057074584027,True,,True,True
eval_50034_low,hist32,low,heldout,2,after_block_2,0.02151181316634574,0.016669812988946955,0.017462469985285757,0.8362955457873129,True,,False,True
eval_50034_low,hist32,low,heldout,3,after_block_3,0.02151181316634574,0.016669812988946955,0.01778448980721856,0.7697900087912779,True,,False,True
eval_50034_low,hist32,low,heldout,4,after_block_4,0.02151181316634574,0.016669812988946955,0.01841952803836319,0.6386379625545132,True,,False,True
eval_50034_low,hist32,low,heldout,5,after_block_5,0.02151181316634574,0.016669812988946955,0.01884628454876875,0.5505015530604467,True,,False,True
eval_50034_low,hist32,low,heldout,6,after_block_6,0.02151181316634574,0.016669812988946955,0.020884989392072895,0.12945554549929558,True,,False,True
eval_50034_low,hist32,low,heldout,7,after_block_7,0.02151181316634574,0.016669812988946955,0.02162382739395948,-0.023133875156922667,True,,False,True
eval_50034_low,hist32,low,heldout,8,after_block_8,0.02151181316634574,0.016669812988946955,0.020433664028730425,0.22266606735122377,True,,False,True
eval_50034_low,hist32,low,heldout,9,after_block_9,0.02151181316634574,0.016669812988946955,0.0204249080350845,0.22447440963233228,True,,False,True
eval_50034_low,hist32,low,heldout,10,after_block_10,0.02151181316634574,0.016669812988946955,0.017272628606644684,0.8755027683576886,True,,False,True
eval_50034_low,hist32,low,heldout,11,after_block_11,0.02151181316634574,0.016669812988946955,0.018789546946069317,0.5622193557495646,True,,False,True
eval_50034_low,hist32,low,heldout,12,after_block_12,0.02151181316634574,0.016669812988946955,0.015876829551319787,1.1637718728984379,True,,False,True
eval_50034_low,hist32,low,heldout,13,after_block_13,0.02151181316634574,0.016669812988946955,0.012394424407627953,1.8829798481370195,True,,False,True
eval_50034_low,hist32,low,heldout,14,after_block_14,0.02151181316634574,0.016669812988946955,0.019800355321785097,0.35346092149052144,True,,False,True
eval_50034_low,hist32,low,heldout,15,after_block_15,0.02151181316634574,0.016669812988946955,0.030457779559359965,-1.8475766347080491,False,detected_frames_below_58,False,False
eval_50034_low,hist32,low,heldout,16,after_block_16,0.02151181316634574,0.016669812988946955,0.029467028542225774,-1.6429605709254076,False,detected_frames_below_58,False,False
eval_50034_low,hist32,low,heldout,17,after_block_17,0.02151181316634574,0.016669812988946955,0.02764607522640123,-1.2668859635091818,False,detected_frames_below_58,False,False
eval_50034_low,hist32,low,heldout,18,after_block_18,0.02151181316634574,0.016669812988946955,0.025134891931838228,-0.7482607667806559,False,detected_frames_below_58,False,False
eval_50034_low,hist32,low,heldout,19,after_block_19,0.02151181316634574,0.016669812988946955,0.023754622261899623,-0.4631988875222971,False,detected_frames_below_58,False,False
eval_50034_low,hist32,low,heldout,20,after_block_20,0.02151181316634574,0.016669812988946955,0.020410939323983655,0.22735931475192456,True,,False,True
eval_50034_low,hist32,low,heldout,21,after_block_21,0.02151181316634574,0.016669812988946955,0.022898993696914404,-0.2864891531899702,True,,False,True
eval_50034_low,hist32,low,heldout,22,after_block_22,0.02151181316634574,0.016669812988946955,0.02455029575268338,-0.627526326934166,True,,False,True
eval_50034_low,hist32,low,heldout,23,after_block_23,0.02151181316634574,0.016669812988946955,0.02378555160563472,-0.46958660801009644,True,,False,True
eval_50034_low,hist32,low,heldout,24,after_block_24,0.02151181316634574,0.016669812988946955,0.021529868944201145,-0.0037289915724671562,True,,False,True
eval_50034_low,hist32,low,heldout,25,after_block_25,0.02151181316634574,0.016669812988946955,0.021575444459705103,-0.013141530571679272,True,,False,True
eval_50034_low,hist32,low,heldout,26,after_block_26,0.02151181316634574,0.016669812988946955,0.020803319722311663,0.14632247378699892,True,,False,True
eval_50034_low,hist32,low,heldout,27,after_block_27,0.02151181316634574,0.016669812988946955,0.020622583515877157,0.18364923954759013,True,,False,True
eval_50034_low,hist32,low,heldout,28,after_block_28,0.02151181316634574,0.016669812988946955,0.02087660464310272,0.1311872160203567,True,,False,True
eval_50034_low,hist32,low,heldout,29,after_block_29,0.02151181316634574,0.016669812988946955,0.02151181316634574,-0.0,True,,False,True
eval_50060_low,hist32,low,heldout,0,after_block_0,0.01102143680323288,0.006003853321373581,0.005804340475252606,1.039762735755628,True,,True,True
eval_50060_low,hist32,low,heldout,1,after_block_1,0.01102143680323288,0.006003853321373581,0.00599909137900197,1.0009490509502887,True,,True,True
eval_50060_low,hist32,low,heldout,2,after_block_2,0.01102143680323288,0.006003853321373581,0.006677421729715316,0.8657584052608249,True,,False,True
eval_50060_low,hist32,low,heldout,3,after_block_3,0.01102143680323288,0.006003853321373581,0.006647190853176721,0.8717833925177172,True,,False,True
eval_50060_low,hist32,low,heldout,4,after_block_4,0.01102143680323288,0.006003853321373581,0.0066542157723102225,0.8703833322777831,True,,False,True
eval_50060_low,hist32,low,heldout,5,after_block_5,0.01102143680323288,0.006003853321373581,0.006699239668393002,0.861410109162401,True,,False,True
eval_50060_low,hist32,low,heldout,6,after_block_6,0.01102143680323288,0.006003853321373581,0.01314997451531794,-0.42421570458780195,True,,False,True
eval_50060_low,hist32,low,heldout,7,after_block_7,0.01102143680323288,0.006003853321373581,0.013154883657778619,-0.42519409238711375,True,,False,True
eval_50060_low,hist32,low,heldout,8,after_block_8,0.01102143680323288,0.006003853321373581,0.016188549375597813,-1.0298010169728606,True,,False,True
eval_50060_low,hist32,low,heldout,9,after_block_9,0.01102143680323288,0.006003853321373581,0.022542961107569516,-2.2962297181485574,True,,False,True
eval_50060_low,hist32,low,heldout,10,after_block_10,0.01102143680323288,0.006003853321373581,0.02085050195377953,-1.9589240888732409,True,,False,True
eval_50060_low,hist32,low,heldout,11,after_block_11,0.01102143680323288,0.006003853321373581,0.02330012842475207,-2.447132502311499,True,,False,True
eval_50060_low,hist32,low,heldout,12,after_block_12,0.01102143680323288,0.006003853321373581,0.018631857188380178,-1.5167501273595563,True,,False,True
eval_50060_low,hist32,low,heldout,13,after_block_13,0.01102143680323288,0.006003853321373581,0.013015666277696672,-0.3974481902839843,True,,False,True
eval_50060_low,hist32,low,heldout,14,after_block_14,0.01102143680323288,0.006003853321373581,0.012813169126529458,-0.3570906851424502,True,,False,True
eval_50060_low,hist32,low,heldout,15,after_block_15,0.01102143680323288,0.006003853321373581,0.014877734754270872,-0.7685568092648883,True,,False,True
eval_50060_low,hist32,low,heldout,16,after_block_16,0.01102143680323288,0.006003853321373581,0.013756995515024925,-0.5451944589825469,True,,False,True
eval_50060_low,hist32,low,heldout,17,after_block_17,0.01102143680323288,0.006003853321373581,0.012416191967795878,-0.27797348456794624,True,,False,True
eval_50060_low,hist32,low,heldout,18,after_block_18,0.01102143680323288,0.006003853321373581,0.012548556734527561,-0.30435366682305726,True,,False,True
eval_50060_low,hist32,low,heldout,19,after_block_19,0.01102143680323288,0.006003853321373581,0.01019895268236795,0.1639203660165419,True,,False,True
eval_50060_low,hist32,low,heldout,20,after_block_20,0.01102143680323288,0.006003853321373581,0.012442173869802379,-0.2831516549163692,True,,False,True
eval_50060_low,hist32,low,heldout,21,after_block_21,0.01102143680323288,0.006003853321373581,0.01239552074920715,-0.27385372878043146,True,,False,True
eval_50060_low,hist32,low,heldout,22,after_block_22,0.01102143680323288,0.006003853321373581,0.011908939163109146,-0.17687844419230192,True,,False,True
eval_50060_low,hist32,low,heldout,23,after_block_23,0.01102143680323288,0.006003853321373581,0.009726343798748227,0.2581109032200392,True,,False,True
eval_50060_low,hist32,low,heldout,24,after_block_24,0.01102143680323288,0.006003853321373581,0.00833755443786893,0.5348954083309878,True,,False,True
eval_50060_low,hist32,low,heldout,25,after_block_25,0.01102143680323288,0.006003853321373581,0.008443565846313759,0.5137674273361316,True,,False,True
eval_50060_low,hist32,low,heldout,26,after_block_26,0.01102143680323288,0.006003853321373581,0.011192613441191386,-0.03411535424918832,True,,False,True
eval_50060_low,hist32,low,heldout,27,after_block_27,0.01102143680323288,0.006003853321373581,0.011106703497320108,-0.01699357756487816,True,,False,True
eval_50060_low,hist32,low,heldout,28,after_block_28,0.01102143680323288,0.006003853321373581,0.011263100247146702,-0.048163313034559015,True,,False,True
eval_50060_low,hist32,low,heldout,29,after_block_29,0.01102143680323288,0.006003853321373581,0.01102143680323288,-0.0,True,,False,True
eval_50076_high,hist32,high,heldout,0,after_block_0,0.044587682366255356,0.06429090713689196,0.06438247829319521,1.004647521274777,True,,True,True
eval_50076_high,hist32,high,heldout,1,after_block_1,0.044587682366255356,0.06429090713689196,0.06416862523389413,0.9937938127173951,True,,True,True
eval_50076_high,hist32,high,heldout,2,after_block_2,0.044587682366255356,0.06429090713689196,0.059434438652372426,0.75351910456013,True,,False,True
eval_50076_high,hist32,high,heldout,3,after_block_3,0.044587682366255356,0.06429090713689196,0.0595968092798607,0.7617599194205609,True,,False,True
eval_50076_high,hist32,high,heldout,4,after_block_4,0.044587682366255356,0.06429090713689196,0.05403141904849579,0.4792990382119722,True,,False,True
eval_50076_high,hist32,high,heldout,5,after_block_5,0.044587682366255356,0.06429090713689196,0.05396578822275929,0.4759680694745954,True,,False,True
eval_50076_high,hist32,high,heldout,6,after_block_6,0.044587682366255356,0.06429090713689196,0.05228072464919225,0.3904458469357619,True,,False,True
eval_50076_high,hist32,high,heldout,7,after_block_7,0.044587682366255356,0.06429090713689196,0.05251404678138353,0.4022876715562167,True,,False,True
eval_50076_high,hist32,high,heldout,8,after_block_8,0.044587682366255356,0.06429090713689196,0.05169604783243689,0.36077167818615236,True,,False,True
eval_50076_high,hist32,high,heldout,9,after_block_9,0.044587682366255356,0.06429090713689196,0.04891693203927181,0.21972289934327222,True,,False,True
eval_50076_high,hist32,high,heldout,10,after_block_10,0.044587682366255356,0.06429090713689196,0.049526836687459795,0.25067745908097133,True,,False,True
eval_50076_high,hist32,high,heldout,11,after_block_11,0.044587682366255356,0.06429090713689196,0.0487770964639607,0.2126258085401716,True,,False,True
eval_50076_high,hist32,high,heldout,12,after_block_12,0.044587682366255356,0.06429090713689196,0.05299638719351039,0.42676794916263583,True,,False,True
eval_50076_high,hist32,high,heldout,13,after_block_13,0.044587682366255356,0.06429090713689196,0.05438307816011115,0.4971468329617652,True,,False,True
eval_50076_high,hist32,high,heldout,14,after_block_14,0.044587682366255356,0.06429090713689196,0.05782476604423985,0.6718232082350042,True,,False,True
eval_50076_high,hist32,high,heldout,15,after_block_15,0.044587682366255356,0.06429090713689196,0.06036580354676886,0.8007887726088057,True,,False,True
eval_50076_high,hist32,high,heldout,16,after_block_16,0.044587682366255356,0.06429090713689196,0.06044450108455246,0.8047829176637248,True,,False,True
eval_50076_high,hist32,high,heldout,17,after_block_17,0.044587682366255356,0.06429090713689196,0.058798430482207016,0.721239709812868,True,,False,True
eval_50076_high,hist32,high,heldout,18,after_block_18,0.044587682366255356,0.06429090713689196,0.05874211112547113,0.7183813271170661,True,,False,True
eval_50076_high,hist32,high,heldout,19,after_block_19,0.044587682366255356,0.06429090713689196,0.05347709856476748,0.4511655478731521,True,,False,True
eval_50076_high,hist32,high,heldout,20,after_block_20,0.044587682366255356,0.06429090713689196,0.051502574222058076,0.3509522901097829,True,,False,True
eval_50076_high,hist32,high,heldout,21,after_block_21,0.044587682366255356,0.06429090713689196,0.05000784662596025,0.27509021100863024,True,,False,True
eval_50076_high,hist32,high,heldout,22,after_block_22,0.044587682366255356,0.06429090713689196,0.04935390124363228,0.24190044689943047,True,,False,True
eval_50076_high,hist32,high,heldout,23,after_block_23,0.044587682366255356,0.06429090713689196,0.04753376378492512,0.14952280415844713,True,,False,True
eval_50076_high,hist32,high,heldout,24,after_block_24,0.044587682366255356,0.06429090713689196,0.048087829613681035,0.17764336996459032,True,,False,True
eval_50076_high,hist32,high,heldout,25,after_block_25,0.044587682366255356,0.06429090713689196,0.048312696758169044,0.1890560776358302,True,,False,True
eval_50076_high,hist32,high,heldout,26,after_block_26,0.044587682366255356,0.06429090713689196,0.04586902411328892,0.06503208291787484,True,,False,True
eval_50076_high,hist32,high,heldout,27,after_block_27,0.044587682366255356,0.06429090713689196,0.045798300144577385,0.06144262131781559,True,,False,True
eval_50076_high,hist32,high,heldout,28,after_block_28,0.044587682366255356,0.06429090713689196,0.04530310477401256,0.03630991454877912,True,,False,True
eval_50076_high,hist32,high,heldout,29,after_block_29,0.044587682366255356,0.06429090713689196,0.044587682366255356,0.0,True,,False,True
eval_50084_low,hist32,low,heldout,0,after_block_0,0.01290354126472237,0.004945824665685711,0.004762122737942264,1.0230847537050622,True,,True,True
eval_50084_low,hist32,low,heldout,1,after_block_1,0.01290354126472237,0.004945824665685711,0.004841505623425912,1.0131091678073116,True,,True,True
eval_50084_low,hist32,low,heldout,2,after_block_2,0.01290354126472237,0.004945824665685711,0.005740607524891838,0.9001242568374022,True,,True,True
eval_50084_low,hist32,low,heldout,3,after_block_3,0.01290354126472237,0.004945824665685711,0.005883211846794709,0.8822040004261429,True,,False,True
eval_50084_low,hist32,low,heldout,4,after_block_4,0.01290354126472237,0.004945824665685711,0.006581365415824402,0.7944710986143079,True,,False,True
eval_50084_low,hist32,low,heldout,5,after_block_5,0.01290354126472237,0.004945824665685711,0.006867178281598063,0.7585546567284205,True,,False,True
eval_50084_low,hist32,low,heldout,6,after_block_6,0.01290354126472237,0.004945824665685711,0.013596668803494154,-0.08710130979729692,True,,False,True
eval_50084_low,hist32,low,heldout,7,after_block_7,0.01290354126472237,0.004945824665685711,0.013726548934329673,-0.10342259106172916,True,,False,True
eval_50084_low,hist32,low,heldout,8,after_block_8,0.01290354126472237,0.004945824665685711,0.016944818420131888,-0.5078438148826191,True,,False,True
eval_50084_low,hist32,low,heldout,9,after_block_9,0.01290354126472237,0.004945824665685711,0.02279751653107919,-1.2433183744636698,True,,False,True
eval_50084_low,hist32,low,heldout,10,after_block_10,0.01290354126472237,0.004945824665685711,0.021859704188329304,-1.125468947297161,True,,False,True
eval_50084_low,hist32,low,heldout,11,after_block_11,0.01290354126472237,0.004945824665685711,0.024020713635413398,-1.3970304461504504,True,,False,True
eval_50084_low,hist32,low,heldout,12,after_block_12,0.01290354126472237,0.004945824665685711,0.019440326597779677,-0.8214398253198203,True,,False,True
eval_50084_low,hist32,low,heldout,13,after_block_13,0.01290354126472237,0.004945824665685711,0.014698983527243916,-0.22562279520470702,True,,False,True
eval_50084_low,hist32,low,heldout,14,after_block_14,0.01290354126472237,0.004945824665685711,0.014804327005191702,-0.23886069789158315,True,,False,True
eval_50084_low,hist32,low,heldout,15,after_block_15,0.01290354126472237,0.004945824665685711,0.015724280998876034,-0.35446597011197106,True,,False,True
eval_50084_low,hist32,low,heldout,16,after_block_16,0.01290354126472237,0.004945824665685711,0.01569921150590012,-0.3513156326170485,True,,False,True
eval_50084_low,hist32,low,heldout,17,after_block_17,0.01290354126472237,0.004945824665685711,0.013899007388282454,-0.1250944427551734,True,,False,True
eval_50084_low,hist32,low,heldout,18,after_block_18,0.01290354126472237,0.004945824665685711,0.014430695856027255,-0.19190864267392457,True,,False,True
eval_50084_low,hist32,low,heldout,19,after_block_19,0.01290354126472237,0.004945824665685711,0.012181490656971711,0.09073590379406934,True,,False,True
eval_50084_low,hist32,low,heldout,20,after_block_20,0.01290354126472237,0.004945824665685711,0.011638161851512684,0.15901287730740113,True,,False,True
eval_50084_low,hist32,low,heldout,21,after_block_21,0.01290354126472237,0.004945824665685711,0.013907829655187005,-0.12620308576787115,True,,False,True
eval_50084_low,hist32,low,heldout,22,after_block_22,0.01290354126472237,0.004945824665685711,0.014075061325122738,-0.1472181178885145,True,,False,True
eval_50084_low,hist32,low,heldout,23,after_block_23,0.01290354126472237,0.004945824665685711,0.012003754605754985,0.11307096046575865,True,,False,True
eval_50084_low,hist32,low,heldout,24,after_block_24,0.01290354126472237,0.004945824665685711,0.011392293605054863,0.1899097110156517,True,,False,True
eval_50084_low,hist32,low,heldout,25,after_block_25,0.01290354126472237,0.004945824665685711,0.011221177268636444,0.21141290659805467,True,,False,True
eval_50084_low,hist32,low,heldout,26,after_block_26,0.01290354126472237,0.004945824665685711,0.01296665775521182,-0.007931482568390326,True,,False,True
eval_50084_low,hist32,low,heldout,27,after_block_27,0.01290354126472237,0.004945824665685711,0.013959717876120473,-0.1327235769524591,True,,False,True
eval_50084_low,hist32,low,heldout,28,after_block_28,0.01290354126472237,0.004945824665685711,0.013078588591368281,-0.021997180279968987,True,,False,True
eval_50084_low,hist32,low,heldout,29,after_block_29,0.01290354126472237,0.004945824665685711,0.01290354126472237,-0.0,True,,False,True
eval_50122_high,hist32,high,heldout,0,after_block_0,0.04548321229484729,0.06603215462204166,0.06611703624042284,1.0041307049788564,True,,True,True
eval_50122_high,hist32,high,heldout,1,after_block_1,0.04548321229484729,0.06603215462204166,0.06536931305872862,0.9677432758942612,True,,True,True
eval_50122_high,hist32,high,heldout,2,after_block_2,0.04548321229484729,0.06603215462204166,0.059858451428744144,0.6995610238719066,True,,False,True
eval_50122_high,hist32,high,heldout,3,after_block_3,0.04548321229484729,0.06603215462204166,0.060006786407193355,0.7067796425281527,True,,False,True
eval_50122_high,hist32,high,heldout,4,after_block_4,0.04548321229484729,0.06603215462204166,0.054419057044559765,0.43485667570767483,True,,False,True
eval_50122_high,hist32,high,heldout,5,after_block_5,0.04548321229484729,0.06603215462204166,0.054171547418223664,0.4228117917231328,True,,False,True
eval_50122_high,hist32,high,heldout,6,after_block_6,0.04548321229484729,0.06603215462204166,0.051975276286923715,0.3159317831889021,True,,False,True
eval_50122_high,hist32,high,heldout,7,after_block_7,0.04548321229484729,0.06603215462204166,0.05216614486447071,0.3252202698909354,True,,False,True
eval_50122_high,hist32,high,heldout,8,after_block_8,0.04548321229484729,0.06603215462204166,0.051592553574118426,0.297306848303626,True,,False,True
eval_50122_high,hist32,high,heldout,9,after_block_9,0.04548321229484729,0.06603215462204166,0.05039910486947876,0.23922849635554247,True,,False,True
eval_50122_high,hist32,high,heldout,10,after_block_10,0.04548321229484729,0.06603215462204166,0.05115417867612215,0.2759736384957358,True,,False,True
eval_50122_high,hist32,high,heldout,11,after_block_11,0.04548321229484729,0.06603215462204166,0.050612260626731756,0.24960157317180795,True,,False,True
eval_50122_high,hist32,high,heldout,12,after_block_12,0.04548321229484729,0.06603215462204166,0.05506995482454898,0.46653216389705093,True,,False,True
eval_50122_high,hist32,high,heldout,13,after_block_13,0.04548321229484729,0.06603215462204166,0.05605469801535982,0.5144540070328717,True,,False,True
eval_50122_high,hist32,high,heldout,14,after_block_14,0.04548321229484729,0.06603215462204166,0.05866606398244387,0.6415343173234981,True,,False,True
eval_50122_high,hist32,high,heldout,15,after_block_15,0.04548321229484729,0.06603215462204166,0.0630799833639431,0.8563346370293876,True,,False,True
eval_50122_high,hist32,high,heldout,16,after_block_16,0.04548321229484729,0.06603215462204166,0.0628251633138191,0.8439339963508269,True,,False,True
eval_50122_high,hist32,high,heldout,17,after_block_17,0.04548321229484729,0.06603215462204166,0.05896759453783659,0.6562080922843476,True,,False,True
eval_50122_high,hist32,high,heldout,18,after_block_18,0.04548321229484729,0.06603215462204166,0.056225528328895644,0.5227673455403116,True,,False,True
eval_50122_high,hist32,high,heldout,19,after_block_19,0.04548321229484729,0.06603215462204166,0.054339049274249984,0.43096315315863837,True,,False,True
eval_50122_high,hist32,high,heldout,20,after_block_20,0.04548321229484729,0.06603215462204166,0.05213962023561651,0.32392946725828137,True,,False,True
eval_50122_high,hist32,high,heldout,21,after_block_21,0.04548321229484729,0.06603215462204166,0.05057268674383912,0.24767573765859696,True,,False,True
eval_50122_high,hist32,high,heldout,22,after_block_22,0.04548321229484729,0.06603215462204166,0.05041919050941446,0.24020595006658416,True,,False,True
eval_50122_high,hist32,high,heldout,23,after_block_23,0.04548321229484729,0.06603215462204166,0.048565662057804576,0.15000527588604834,True,,False,True
eval_50122_high,hist32,high,heldout,24,after_block_24,0.04548321229484729,0.06603215462204166,0.048451246555033564,0.14443732494486558,True,,False,True
eval_50122_high,hist32,high,heldout,25,after_block_25,0.04548321229484729,0.06603215462204166,0.04870680752313761,0.1568740218821009,True,,False,True
eval_50122_high,hist32,high,heldout,26,after_block_26,0.04548321229484729,0.06603215462204166,0.04820423254324252,0.13241655969778293,True,,False,True
eval_50122_high,hist32,high,heldout,27,after_block_27,0.04548321229484729,0.06603215462204166,0.04808505742515352,0.1266169853843504,True,,False,True
eval_50122_high,hist32,high,heldout,28,after_block_28,0.04548321229484729,0.06603215462204166,0.04697141716915471,0.07242245613478322,True,,False,True
eval_50122_high,hist32,high,heldout,29,after_block_29,0.04548321229484729,0.06603215462204166,0.04548321229484729,0.0,True,,False,True
eval_50143_high,hist32,high,heldout,0,after_block_0,0.04495694817064788,0.06501050769424253,0.06517661938679425,1.0082834018746785,True,,True,True
eval_50143_high,hist32,high,heldout,1,after_block_1,0.04495694817064788,0.06501050769424253,0.06445965310186849,0.9725308321584546,True,,True,True
eval_50143_high,hist32,high,heldout,2,after_block_2,0.04495694817064788,0.06501050769424253,0.05977784567571708,0.739065674980604,True,,False,True
eval_50143_high,hist32,high,heldout,3,after_block_3,0.04495694817064788,0.06501050769424253,0.05986617527393454,0.7434703592519192,True,,False,True
eval_50143_high,hist32,high,heldout,4,after_block_4,0.04495694817064788,0.06501050769424253,0.05378458354775568,0.44020291593227434,True,,False,True
eval_50143_high,hist32,high,heldout,5,after_block_5,0.04495694817064788,0.06501050769424253,0.05340125297271681,0.42108757760104965,True,,False,True
eval_50143_high,hist32,high,heldout,6,after_block_6,0.04495694817064788,0.06501050769424253,0.051865767985937825,0.3445183787527173,True,,False,True
eval_50143_high,hist32,high,heldout,7,after_block_7,0.04495694817064788,0.06501050769424253,0.05201132372443992,0.3517767279914567,True,,False,True
eval_50143_high,hist32,high,heldout,8,after_block_8,0.04495694817064788,0.06501050769424253,0.051262453613751174,0.3144332274619052,True,,False,True
eval_50143_high,hist32,high,heldout,9,after_block_9,0.04495694817064788,0.06501050769424253,0.049381957966219116,0.220659568709727,True,,False,True
eval_50143_high,hist32,high,heldout,10,after_block_10,0.04495694817064788,0.06501050769424253,0.0501891407680947,0.26091091665251326,True,,False,True
eval_50143_high,hist32,high,heldout,11,after_block_11,0.04495694817064788,0.06501050769424253,0.049657314379242874,0.23439061793815846,True,,False,True
eval_50143_high,hist32,high,heldout,12,after_block_12,0.04495694817064788,0.06501050769424253,0.054176270415416936,0.45973495298536743,True,,False,True
eval_50143_high,hist32,high,heldout,13,after_block_13,0.04495694817064788,0.06501050769424253,0.05546275257288005,0.5238872625017635,True,,False,True
eval_50143_high,hist32,high,heldout,14,after_block_14,0.04495694817064788,0.06501050769424253,0.05952596955790603,0.7265055049262703,True,,False,True
eval_50143_high,hist32,high,heldout,15,after_block_15,0.04495694817064788,0.06501050769424253,0.057704299410188654,0.6356652655376455,True,,False,True
eval_50143_high,hist32,high,heldout,16,after_block_16,0.04495694817064788,0.06501050769424253,0.05755521614241404,0.628231010905733,True,,False,True
eval_50143_high,hist32,high,heldout,17,after_block_17,0.04495694817064788,0.06501050769424253,0.056509961828956054,0.576107879736518,True,,False,True
eval_50143_high,hist32,high,heldout,18,after_block_18,0.04495694817064788,0.06501050769424253,0.05669837529628413,0.5855033921444969,True,,False,True
eval_50143_high,hist32,high,heldout,19,after_block_19,0.04495694817064788,0.06501050769424253,0.05277893734331492,0.39005490089995404,True,,False,True
eval_50143_high,hist32,high,heldout,20,after_block_20,0.04495694817064788,0.06501050769424253,0.053422776420451366,0.42216087572097843,True,,False,True
eval_50143_high,hist32,high,heldout,21,after_block_21,0.04495694817064788,0.06501050769424253,0.051161146790259966,0.30938141492099386,True,,False,True
eval_50143_high,hist32,high,heldout,22,after_block_22,0.04495694817064788,0.06501050769424253,0.05066942335526534,0.2848609085033641,True,,False,True
eval_50143_high,hist32,high,heldout,23,after_block_23,0.04495694817064788,0.06501050769424253,0.04822555303585497,0.1629937498807285,True,,False,True
eval_50143_high,hist32,high,heldout,24,after_block_24,0.04495694817064788,0.06501050769424253,0.04843742751208314,0.17355917972269153,True,,False,True
eval_50143_high,hist32,high,heldout,25,after_block_25,0.04495694817064788,0.06501050769424253,0.048638016178377916,0.1835618261884608,True,,False,True
eval_50143_high,hist32,high,heldout,26,after_block_26,0.04495694817064788,0.06501050769424253,0.04632346500895687,0.06814335563225925,True,,False,True
eval_50143_high,hist32,high,heldout,27,after_block_27,0.04495694817064788,0.06501050769424253,0.04596284700338877,0.05016061271104345,True,,False,True
eval_50143_high,hist32,high,heldout,28,after_block_28,0.04495694817064788,0.06501050769424253,0.045234370224324846,0.013834055412983182,True,,False,True
eval_50143_high,hist32,high,heldout,29,after_block_29,0.04495694817064788,0.06501050769424253,0.04495694817064788,0.0,True,,False,True
eval_50153_low,hist32,low,heldout,0,after_block_0,0.014184984623688848,0.005319282263975514,0.005082783416074107,1.0266757035490028,True,,True,True
eval_50153_low,hist32,low,heldout,1,after_block_1,0.014184984623688848,0.005319282263975514,0.005155047133972829,1.0185247737109906,True,,True,True
eval_50153_low,hist32,low,heldout,2,after_block_2,0.014184984623688848,0.005319282263975514,0.0059426626359082736,0.92968629594814,True,,True,True
eval_50153_low,hist32,low,heldout,3,after_block_3,0.014184984623688848,0.005319282263975514,0.005945032173674395,0.9294190257793502,True,,True,True
eval_50153_low,hist32,low,heldout,4,after_block_4,0.014184984623688848,0.005319282263975514,0.006528662750848247,0.8635888689013199,True,,False,True
eval_50153_low,hist32,low,heldout,5,after_block_5,0.014184984623688848,0.005319282263975514,0.006581758142506214,0.8576000155083571,True,,False,True
eval_50153_low,hist32,low,heldout,6,after_block_6,0.014184984623688848,0.005319282263975514,0.013590747702960973,0.0670264911472947,True,,False,True
eval_50153_low,hist32,low,heldout,7,after_block_7,0.014184984623688848,0.005319282263975514,0.013615138906082427,0.06427530436797194,True,,False,True
eval_50153_low,hist32,low,heldout,8,after_block_8,0.014184984623688848,0.005319282263975514,0.017911238382498126,-0.4202998936375035,True,,False,True
eval_50153_low,hist32,low,heldout,9,after_block_9,0.014184984623688848,0.005319282263975514,0.024168341195261345,-1.1260649372730915,True,,False,True
eval_50153_low,hist32,low,heldout,10,after_block_10,0.014184984623688848,0.005319282263975514,0.022656309097572144,-0.9555164532003542,True,,False,True
eval_50153_low,hist32,low,heldout,11,after_block_11,0.014184984623688848,0.005319282263975514,0.024969337772971084,-1.2164127230672042,True,,False,True
eval_50153_low,hist32,low,heldout,12,after_block_12,0.014184984623688848,0.005319282263975514,0.02075968262155341,-0.7415879454447588,True,,False,True
eval_50153_low,hist32,low,heldout,13,after_block_13,0.014184984623688848,0.005319282263975514,0.015724983805014404,-0.17370300951264397,True,,False,True
eval_50153_low,hist32,low,heldout,14,after_block_14,0.014184984623688848,0.005319282263975514,0.01651691787389274,-0.2630285966739009,True,,False,True
eval_50153_low,hist32,low,heldout,15,after_block_15,0.014184984623688848,0.005319282263975514,0.017424189350929504,-0.3653635770539665,False,detected_frames_below_58,False,False
eval_50153_low,hist32,low,heldout,16,after_block_16,0.014184984623688848,0.005319282263975514,0.017626540186455555,-0.38818758211481247,False,detected_frames_below_58,False,False
eval_50153_low,hist32,low,heldout,17,after_block_17,0.014184984623688848,0.005319282263975514,0.016586788851995354,-0.2709096392882026,False,detected_frames_below_58,False,False
eval_50153_low,hist32,low,heldout,18,after_block_18,0.014184984623688848,0.005319282263975514,0.014232728501894028,-0.0053852335966220735,True,,False,True
eval_50153_low,hist32,low,heldout,19,after_block_19,0.014184984623688848,0.005319282263975514,0.014533080211280065,-0.03926317097819557,True,,False,True
eval_50153_low,hist32,low,heldout,20,after_block_20,0.014184984623688848,0.005319282263975514,0.010128515244903099,0.45754630757950593,True,,False,True
eval_50153_low,hist32,low,heldout,21,after_block_21,0.014184984623688848,0.005319282263975514,0.012834743836723882,0.15229935905592765,True,,False,True
eval_50153_low,hist32,low,heldout,22,after_block_22,0.014184984623688848,0.005319282263975514,0.01213692586486197,0.23100919427810573,True,,False,True
eval_50153_low,hist32,low,heldout,23,after_block_23,0.014184984623688848,0.005319282263975514,0.011416279346482787,0.31229395764371065,True,,False,True
eval_50153_low,hist32,low,heldout,24,after_block_24,0.014184984623688848,0.005319282263975514,0.009068687420053796,0.5770887625197112,True,,False,True
eval_50153_low,hist32,low,heldout,25,after_block_25,0.014184984623688848,0.005319282263975514,0.0112900775351084,0.3265287927705767,True,,False,True
eval_50153_low,hist32,low,heldout,26,after_block_26,0.014184984623688848,0.005319282263975514,0.011178940978837652,0.33906435416904684,True,,False,True
eval_50153_low,hist32,low,heldout,27,after_block_27,0.014184984623688848,0.005319282263975514,0.01128357979531565,0.3272617002751503,True,,False,True
eval_50153_low,hist32,low,heldout,28,after_block_28,0.014184984623688848,0.005319282263975514,0.011681203284439499,0.28241206817711245,True,,False,True
eval_50153_low,hist32,low,heldout,29,after_block_29,0.014184984623688848,0.005319282263975514,0.014184984623688848,-0.0,True,,False,True
eval_50199_high,hist32,high,heldout,0,after_block_0,0.043566481384938925,0.06326896529868191,0.06348379655109183,1.0109037648933226,True,,True,True
eval_50199_high,hist32,high,heldout,1,after_block_1,0.043566481384938925,0.06326896529868191,0.062348871183960854,0.9533006031752541,True,,True,True
eval_50199_high,hist32,high,heldout,2,after_block_2,0.043566481384938925,0.06326896529868191,0.05862094395197035,0.7640895753519968,True,,False,True
eval_50199_high,hist32,high,heldout,3,after_block_3,0.043566481384938925,0.06326896529868191,0.058868334734640856,0.7766458999125739,True,,False,True
eval_50199_high,hist32,high,heldout,4,after_block_4,0.043566481384938925,0.06326896529868191,0.05394592471045195,0.5268088719652803,True,,False,True
eval_50199_high,hist32,high,heldout,5,after_block_5,0.043566481384938925,0.06326896529868191,0.054099709768930464,0.5346142359565306,True,,False,True
eval_50199_high,hist32,high,heldout,6,after_block_6,0.043566481384938925,0.06326896529868191,0.05112885957886741,0.3838286698792092,True,,False,True
eval_50199_high,hist32,high,heldout,7,after_block_7,0.043566481384938925,0.06326896529868191,0.05132460119992662,0.39376354011771125,True,,False,True
eval_50199_high,hist32,high,heldout,8,after_block_8,0.043566481384938925,0.06326896529868191,0.05088117744131589,0.37125755759530304,True,,False,True
eval_50199_high,hist32,high,heldout,9,after_block_9,0.043566481384938925,0.06326896529868191,0.0496263229406344,0.3075673900928085,True,,False,True
eval_50199_high,hist32,high,heldout,10,after_block_10,0.043566481384938925,0.06326896529868191,0.050508217050403,0.35232794483451096,True,,False,True
eval_50199_high,hist32,high,heldout,11,after_block_11,0.043566481384938925,0.06326896529868191,0.05004853079389476,0.3289965588772512,True,,False,True
eval_50199_high,hist32,high,heldout,12,after_block_12,0.043566481384938925,0.06326896529868191,0.05376277612406449,0.5175131614757159,True,,False,True
eval_50199_high,hist32,high,heldout,13,after_block_13,0.043566481384938925,0.06326896529868191,0.055016374629100986,0.5811395808919031,True,,False,True
eval_50199_high,hist32,high,heldout,14,after_block_14,0.043566481384938925,0.06326896529868191,0.05807143322287317,0.7361991463328476,True,,False,True
eval_50199_high,hist32,high,heldout,15,after_block_15,0.043566481384938925,0.06326896529868191,0.056295482064277876,0.6460607066127407,True,,False,True
eval_50199_high,hist32,high,heldout,16,after_block_16,0.043566481384938925,0.06326896529868191,0.056375380597554516,0.6501159584087293,True,,False,True
eval_50199_high,hist32,high,heldout,17,after_block_17,0.043566481384938925,0.06326896529868191,0.053748250101792495,0.5167758928990435,True,,False,True
eval_50199_high,hist32,high,heldout,18,after_block_18,0.043566481384938925,0.06326896529868191,0.05514961324393334,0.5879021096885598,True,,False,True
eval_50199_high,hist32,high,heldout,19,after_block_19,0.043566481384938925,0.06326896529868191,0.052513721459980574,0.454117364806004,True,,False,True
eval_50199_high,hist32,high,heldout,20,after_block_20,0.043566481384938925,0.06326896529868191,0.051017127492855335,0.3781577054210609,True,,False,True
eval_50199_high,hist32,high,heldout,21,after_block_21,0.043566481384938925,0.06326896529868191,0.048840930587836784,0.2677047841271829,True,,False,True
eval_50199_high,hist32,high,heldout,22,after_block_22,0.043566481384938925,0.06326896529868191,0.04828907797674883,0.23969549283660477,True,,False,True
eval_50199_high,hist32,high,heldout,23,after_block_23,0.043566481384938925,0.06326896529868191,0.046455022604636804,0.14660797249442484,True,,False,True
eval_50199_high,hist32,high,heldout,24,after_block_24,0.043566481384938925,0.06326896529868191,0.046436548666403274,0.14567032735717164,True,,False,True
eval_50199_high,hist32,high,heldout,25,after_block_25,0.043566481384938925,0.06326896529868191,0.046631174682604776,0.15554857504683198,True,,False,True
eval_50199_high,hist32,high,heldout,26,after_block_26,0.043566481384938925,0.06326896529868191,0.04475495223889928,0.06032086406787365,True,,False,True
eval_50199_high,hist32,high,heldout,27,after_block_27,0.043566481384938925,0.06326896529868191,0.04470421639038061,0.057745764971699004,True,,False,True
eval_50199_high,hist32,high,heldout,28,after_block_28,0.043566481384938925,0.06326896529868191,0.04392812442456737,0.018355200349951455,True,,False,True
eval_50199_high,hist32,high,heldout,29,after_block_29,0.043566481384938925,0.06326896529868191,0.043566481384938925,0.0,True,,False,True
eval_50246_low,hist32,low,heldout,0,after_block_0,0.018857721075964687,0.013589024275197379,0.013433802843057993,1.0294610675104288,True,,True,True
eval_50246_low,hist32,low,heldout,1,after_block_1,0.018857721075964687,0.013589024275197379,0.013550119173398776,1.007384198269473,True,,True,True
eval_50246_low,hist32,low,heldout,2,after_block_2,0.018857721075964687,0.013589024275197379,0.014096923511621463,0.9036005950560457,True,,True,True
eval_50246_low,hist32,low,heldout,3,after_block_3,0.018857721075964687,0.013589024275197379,0.014408624916213536,0.8444395887619127,True,,False,True
eval_50246_low,hist32,low,heldout,4,after_block_4,0.018857721075964687,0.013589024275197379,0.014711540501884892,0.7869461331454801,True,,False,True
eval_50246_low,hist32,low,heldout,5,after_block_5,0.018857721075964687,0.013589024275197379,0.015000754327472457,0.7320532750965133,True,,False,True
eval_50246_low,hist32,low,heldout,6,after_block_6,0.018857721075964687,0.013589024275197379,0.017149988701118474,0.32412804141576473,True,,False,True
eval_50246_low,hist32,low,heldout,7,after_block_7,0.018857721075964687,0.013589024275197379,0.017542497572399333,0.249629757281499,True,,False,True
eval_50246_low,hist32,low,heldout,8,after_block_8,0.018857721075964687,0.013589024275197379,0.017929530548174373,0.17617079951443335,True,,False,True
eval_50246_low,hist32,low,heldout,9,after_block_9,0.018857721075964687,0.013589024275197379,0.020026946182031432,-0.22191922410423479,True,,False,True
eval_50246_low,hist32,low,heldout,10,after_block_10,0.018857721075964687,0.013589024275197379,0.016409308096623425,0.46470940954216344,True,,False,True
eval_50246_low,hist32,low,heldout,11,after_block_11,0.018857721075964687,0.013589024275197379,0.018073546498243956,0.14883653536611322,True,,False,True
eval_50246_low,hist32,low,heldout,12,after_block_12,0.018857721075964687,0.013589024275197379,0.014722236427400481,0.7849160437476557,True,,False,True
eval_50246_low,hist32,low,heldout,13,after_block_13,0.018857721075964687,0.013589024275197379,0.01059901238187504,1.5675050219034976,True,,False,True
eval_50246_low,hist32,low,heldout,14,after_block_14,0.018857721075964687,0.013589024275197379,0.014953598983495912,0.74100337144096,True,,False,True
eval_50246_low,hist32,low,heldout,15,after_block_15,0.018857721075964687,0.013589024275197379,0.02888611770065948,-1.9033922436444446,False,detected_frames_below_58,False,False
eval_50246_low,hist32,low,heldout,16,after_block_16,0.018857721075964687,0.013589024275197379,0.02806390393978287,-1.7473358615886643,False,detected_frames_below_58,False,False
eval_50246_low,hist32,low,heldout,17,after_block_17,0.018857721075964687,0.013589024275197379,0.025069971943596014,-1.1790868031591046,False,detected_frames_below_58,False,False
eval_50246_low,hist32,low,heldout,18,after_block_18,0.018857721075964687,0.013589024275197379,0.020210593193276043,-0.2567754737973023,True,,False,True
eval_50246_low,hist32,low,heldout,19,after_block_19,0.018857721075964687,0.013589024275197379,0.020007057686225266,-0.21814438251470364,False,detected_frames_below_58,False,False
eval_50246_low,hist32,low,heldout,20,after_block_20,0.018857721075964687,0.013589024275197379,0.016611729080490887,0.42628985504474354,True,,False,True
eval_50246_low,hist32,low,heldout,21,after_block_21,0.018857721075964687,0.013589024275197379,0.02428979812416075,-1.0310096127385733,False,detected_frames_below_58,False,False
eval_50246_low,hist32,low,heldout,22,after_block_22,0.018857721075964687,0.013589024275197379,0.023967830812406138,-0.9699001346399814,False,detected_frames_below_58,False,False
eval_50246_low,hist32,low,heldout,23,after_block_23,0.018857721075964687,0.013589024275197379,0.020934464450410254,-0.39416642349643655,False,detected_frames_below_58,False,False
eval_50246_low,hist32,low,heldout,24,after_block_24,0.018857721075964687,0.013589024275197379,0.017149751467843682,0.3241730683519812,True,,False,True
eval_50246_low,hist32,low,heldout,25,after_block_25,0.018857721075964687,0.013589024275197379,0.018572704465600515,0.05409622552633186,True,,False,True
eval_50246_low,hist32,low,heldout,26,after_block_26,0.018857721075964687,0.013589024275197379,0.018050795491550406,0.1531546822540185,True,,False,True
eval_50246_low,hist32,low,heldout,27,after_block_27,0.018857721075964687,0.013589024275197379,0.01818794549709985,0.12712357613125366,True,,False,True
eval_50246_low,hist32,low,heldout,28,after_block_28,0.018857721075964687,0.013589024275197379,0.01825325546125731,0.11472772823430373,True,,False,True
eval_50246_low,hist32,low,heldout,29,after_block_29,0.018857721075964687,0.013589024275197379,0.018857721075964687,-0.0,True,,False,True
eval_50257_low,hist32,low,heldout,0,after_block_0,0.02153389677520779,0.015972799900981972,0.016042491153209663,0.9874680744098002,True,,True,True
eval_50257_low,hist32,low,heldout,1,after_block_1,0.02153389677520779,0.015972799900981972,0.016125292667880667,0.972578653034178,True,,True,True
eval_50257_low,hist32,low,heldout,2,after_block_2,0.02153389677520779,0.015972799900981972,0.016898458250803296,0.8335475229515421,True,,False,True
eval_50257_low,hist32,low,heldout,3,after_block_3,0.02153389677520779,0.015972799900981972,0.0169869347282798,0.8176376261312641,True,,False,True
eval_50257_low,hist32,low,heldout,4,after_block_4,0.02153389677520779,0.015972799900981972,0.01776785957475336,0.6772112203096112,True,,False,True
eval_50257_low,hist32,low,heldout,5,after_block_5,0.02153389677520779,0.015972799900981972,0.018393455135212653,0.564716226137012,True,,False,True
eval_50257_low,hist32,low,heldout,6,after_block_6,0.02153389677520779,0.015972799900981972,0.020590174592554338,0.16970072703235037,True,,False,True
eval_50257_low,hist32,low,heldout,7,after_block_7,0.02153389677520779,0.015972799900981972,0.021266233138524826,0.048131446499972565,True,,False,True
eval_50257_low,hist32,low,heldout,8,after_block_8,0.02153389677520779,0.015972799900981972,0.02008128499579646,0.2612095800998888,True,,False,True
eval_50257_low,hist32,low,heldout,9,after_block_9,0.02153389677520779,0.015972799900981972,0.019568781848299893,0.35336822417456437,True,,False,True
eval_50257_low,hist32,low,heldout,10,after_block_10,0.02153389677520779,0.015972799900981972,0.016251922619754233,0.9498079740229093,True,,True,True
eval_50257_low,hist32,low,heldout,11,after_block_11,0.02153389677520779,0.015972799900981972,0.017699938326493754,0.6894248626531572,True,,False,True
eval_50257_low,hist32,low,heldout,12,after_block_12,0.02153389677520779,0.015972799900981972,0.014423988070217388,1.2785083349191253,True,,False,True
eval_50257_low,hist32,low,heldout,13,after_block_13,0.02153389677520779,0.015972799900981972,0.011062338978070442,1.8830022267136166,True,,False,True
eval_50257_low,hist32,low,heldout,14,after_block_14,0.02153389677520779,0.015972799900981972,0.01756706061792627,0.7133190172727853,True,,False,True
eval_50257_low,hist32,low,heldout,15,after_block_15,0.02153389677520779,0.015972799900981972,0.0317260049390135,-1.8327514147511759,False,detected_frames_below_58,False,False
eval_50257_low,hist32,low,heldout,16,after_block_16,0.02153389677520779,0.015972799900981972,0.030534031958264325,-1.6184100702812299,False,detected_frames_below_58,False,False
eval_50257_low,hist32,low,heldout,17,after_block_17,0.02153389677520779,0.015972799900981972,0.025728967216116984,-0.7543602522646587,False,detected_frames_below_58,False,False
eval_50257_low,hist32,low,heldout,18,after_block_18,0.02153389677520779,0.015972799900981972,0.021997528932974963,-0.08337063141553651,True,,False,True
eval_50257_low,hist32,low,heldout,19,after_block_19,0.02153389677520779,0.015972799900981972,0.020131134884345963,0.2522455412282512,True,,False,True
eval_50257_low,hist32,low,heldout,20,after_block_20,0.02153389677520779,0.015972799900981972,0.01992415967878883,0.28946395519194357,True,,False,True
eval_50257_low,hist32,low,heldout,21,after_block_21,0.02153389677520779,0.015972799900981972,0.021931142275693448,-0.0714329402040779,True,,False,True
eval_50257_low,hist32,low,heldout,22,after_block_22,0.02153389677520779,0.015972799900981972,0.02419732574744498,-0.4789395028490625,True,,False,True
eval_50257_low,hist32,low,heldout,23,after_block_23,0.02153389677520779,0.015972799900981972,0.02322296026883858,-0.30372847872137293,True,,False,True
eval_50257_low,hist32,low,heldout,24,after_block_24,0.02153389677520779,0.015972799900981972,0.021410397194789852,0.0222077736121314,True,,False,True
eval_50257_low,hist32,low,heldout,25,after_block_25,0.02153389677520779,0.015972799900981972,0.021234652529358387,0.053810291857406795,True,,False,True
eval_50257_low,hist32,low,heldout,26,after_block_26,0.02153389677520779,0.015972799900981972,0.020950741670129905,0.1048633243165844,True,,False,True
eval_50257_low,hist32,low,heldout,27,after_block_27,0.02153389677520779,0.015972799900981972,0.02108086898626765,0.08146374702440484,True,,False,True
eval_50257_low,hist32,low,heldout,28,after_block_28,0.02153389677520779,0.015972799900981972,0.02108570763323342,0.08059365842943808,True,,False,True
eval_50257_low,hist32,low,heldout,29,after_block_29,0.02153389677520779,0.015972799900981972,0.02153389677520779,-0.0,True,,False,True
eval_50261_high,hist32,high,heldout,0,after_block_0,0.04466946726420603,0.06520221574624219,0.06540218198036331,1.0097388926911597,True,,True,True
eval_50261_high,hist32,high,heldout,1,after_block_1,0.04466946726420603,0.06520221574624219,0.064613269006286,0.9713167119116348,True,,True,True
eval_50261_high,hist32,high,heldout,2,after_block_2,0.04466946726420603,0.06520221574624219,0.05921173666640347,0.7082475789795158,True,,False,True
eval_50261_high,hist32,high,heldout,3,after_block_3,0.04466946726420603,0.06520221574624219,0.059566111558791,0.7255065880545829,True,,False,True
eval_50261_high,hist32,high,heldout,4,after_block_4,0.04466946726420603,0.06520221574624219,0.053741705483654464,0.44184236841870544,True,,False,True
eval_50261_high,hist32,high,heldout,5,after_block_5,0.04466946726420603,0.06520221574624219,0.05373468678438945,0.4415005389129697,True,,False,True
eval_50261_high,hist32,high,heldout,6,after_block_6,0.04466946726420603,0.06520221574624219,0.05259060168179485,0.38578052151756115,True,,False,True
eval_50261_high,hist32,high,heldout,7,after_block_7,0.04466946726420603,0.06520221574624219,0.05237475164051861,0.3752680447556173,True,,False,True
eval_50261_high,hist32,high,heldout,8,after_block_8,0.04466946726420603,0.06520221574624219,0.051782253685570476,0.3464118029589333,True,,False,True
eval_50261_high,hist32,high,heldout,9,after_block_9,0.04466946726420603,0.06520221574624219,0.04979654420510309,0.24970241784156066,True,,False,True
eval_50261_high,hist32,high,heldout,10,after_block_10,0.04466946726420603,0.06520221574624219,0.05063159794990424,0.2903717780848678,True,,False,True
eval_50261_high,hist32,high,heldout,11,after_block_11,0.04466946726420603,0.06520221574624219,0.04995626192053892,0.2574810995692193,True,,False,True
eval_50261_high,hist32,high,heldout,12,after_block_12,0.04466946726420603,0.06520221574624219,0.054182929020160184,0.46333113972916784,True,,False,True
eval_50261_high,hist32,high,heldout,13,after_block_13,0.04466946726420603,0.06520221574624219,0.05532653993705106,0.5190280630071893,True,,False,True
eval_50261_high,hist32,high,heldout,14,after_block_14,0.04466946726420603,0.06520221574624219,0.05941577815168312,0.7181849473478161,True,,False,True
eval_50261_high,hist32,high,heldout,15,after_block_15,0.04466946726420603,0.06520221574624219,0.05733116505658767,0.6166586905527625,True,,False,True
eval_50261_high,hist32,high,heldout,16,after_block_16,0.04466946726420603,0.06520221574624219,0.05721612898023483,0.6110561246588938,True,,False,True
eval_50261_high,hist32,high,heldout,17,after_block_17,0.04466946726420603,0.06520221574624219,0.05655206302547107,0.5787143290466433,True,,False,True
eval_50261_high,hist32,high,heldout,18,after_block_18,0.04466946726420603,0.06520221574624219,0.05896139633350413,0.6960553323780269,True,,False,True
eval_50261_high,hist32,high,heldout,19,after_block_19,0.04466946726420603,0.06520221574624219,0.05407709084784796,0.4581765364667347,True,,False,True
eval_50261_high,hist32,high,heldout,20,after_block_20,0.04466946726420603,0.06520221574624219,0.05177776209051105,0.34619305021556057,True,,False,True
eval_50261_high,hist32,high,heldout,21,after_block_21,0.04466946726420603,0.06520221574624219,0.04986089769412799,0.25283660560415866,True,,False,True
eval_50261_high,hist32,high,heldout,22,after_block_22,0.04466946726420603,0.06520221574624219,0.0497669393957164,0.2482605841088486,True,,False,True
eval_50261_high,hist32,high,heldout,23,after_block_23,0.04466946726420603,0.06520221574624219,0.04781850883029065,0.15336678228146994,True,,False,True
eval_50261_high,hist32,high,heldout,24,after_block_24,0.04466946726420603,0.06520221574624219,0.04820667817167532,0.1722716717912341,True,,False,True
eval_50261_high,hist32,high,heldout,25,after_block_25,0.04466946726420603,0.06520221574624219,0.0480941006820098,0.16678884567255747,True,,False,True
eval_50261_high,hist32,high,heldout,26,after_block_26,0.04466946726420603,0.06520221574624219,0.04601945272941599,0.06574791808271767,True,,False,True
eval_50261_high,hist32,high,heldout,27,after_block_27,0.04466946726420603,0.06520221574624219,0.04594186451510208,0.06196916365138611,True,,False,True
eval_50261_high,hist32,high,heldout,28,after_block_28,0.04466946726420603,0.06520221574624219,0.04514536073213254,0.02317729009065013,True,,False,True
eval_50261_high,hist32,high,heldout,29,after_block_29,0.04466946726420603,0.06520221574624219,0.04466946726420603,0.0,True,,False,True
eval_50281_low,hist32,low,heldout,0,after_block_0,0.018680592288138755,0.013101727313543714,0.013298490309044965,0.9647306403009811,True,,True,True
eval_50281_low,hist32,low,heldout,1,after_block_1,0.018680592288138755,0.013101727313543714,0.013476635222840027,0.9327985332135545,True,,True,True
eval_50281_low,hist32,low,heldout,2,after_block_2,0.018680592288138755,0.013101727313543714,0.014034222913005046,0.8328520938026431,True,,False,True
eval_50281_low,hist32,low,heldout,3,after_block_3,0.018680592288138755,0.013101727313543714,0.014174374493937495,0.8077302129952263,True,,False,True
eval_50281_low,hist32,low,heldout,4,after_block_4,0.018680592288138755,0.013101727313543714,0.014335142713490288,0.7789128423858107,True,,False,True
eval_50281_low,hist32,low,heldout,5,after_block_5,0.018680592288138755,0.013101727313543714,0.014895752385186391,0.6784247190401123,True,,False,True
eval_50281_low,hist32,low,heldout,6,after_block_6,0.018680592288138755,0.013101727313543714,0.017148769487911355,0.27457606649434857,True,,False,True
eval_50281_low,hist32,low,heldout,7,after_block_7,0.018680592288138755,0.013101727313543714,0.017592156230554688,0.1950999105625558,True,,False,True
eval_50281_low,hist32,low,heldout,8,after_block_8,0.018680592288138755,0.013101727313543714,0.01782110625208847,0.15406109306538152,True,,False,True
eval_50281_low,hist32,low,heldout,9,after_block_9,0.018680592288138755,0.013101727313543714,0.01932367062053106,-0.11527046008834194,True,,False,True
eval_50281_low,hist32,low,heldout,10,after_block_10,0.018680592288138755,0.013101727313543714,0.01627159911190347,0.4318070408954734,True,,False,True
eval_50281_low,hist32,low,heldout,11,after_block_11,0.018680592288138755,0.013101727313543714,0.018050647236022746,0.11291634678104676,True,,False,True
eval_50281_low,hist32,low,heldout,12,after_block_12,0.018680592288138755,0.013101727313543714,0.014474326188162388,0.7539644926218513,True,,False,True
eval_50281_low,hist32,low,heldout,13,after_block_13,0.018680592288138755,0.013101727313543714,0.00992100087377739,1.5701386311105705,True,,False,True
eval_50281_low,hist32,low,heldout,14,after_block_14,0.018680592288138755,0.013101727313543714,0.015090709277136807,0.6434790996644493,True,,False,True
eval_50281_low,hist32,low,heldout,15,after_block_15,0.018680592288138755,0.013101727313543714,0.027183240926139645,-1.524082170247915,False,detected_frames_below_58,False,False
eval_50281_low,hist32,low,heldout,16,after_block_16,0.018680592288138755,0.013101727313543714,0.027154370492620743,-1.5189072047934056,False,detected_frames_below_58,False,False
eval_50281_low,hist32,low,heldout,17,after_block_17,0.018680592288138755,0.013101727313543714,0.021440972087273216,-0.49479236577774155,True,,False,True
eval_50281_low,hist32,low,heldout,18,after_block_18,0.018680592288138755,0.013101727313543714,0.019932188571923064,-0.2243460434127392,True,,False,True
eval_50281_low,hist32,low,heldout,19,after_block_19,0.018680592288138755,0.013101727313543714,0.018062250553491522,0.11083647614040301,True,,False,True
eval_50281_low,hist32,low,heldout,20,after_block_20,0.018680592288138755,0.013101727313543714,0.01786140290691002,0.14683800109146705,True,,False,True
eval_50281_low,hist32,low,heldout,21,after_block_21,0.018680592288138755,0.013101727313543714,0.021081431902685542,-0.4303455318384111,True,,False,True
eval_50281_low,hist32,low,heldout,22,after_block_22,0.018680592288138755,0.013101727313543714,0.022789518624069367,-0.7365165413828412,False,detected_frames_below_58,False,False
eval_50281_low,hist32,low,heldout,23,after_block_23,0.018680592288138755,0.013101727313543714,0.022593487997286058,-0.7013784572607141,False,detected_frames_below_58,False,False
eval_50281_low,hist32,low,heldout,24,after_block_24,0.018680592288138755,0.013101727313543714,0.019384536199362857,-0.1261804891191509,True,,False,True
eval_50281_low,hist32,low,heldout,25,after_block_25,0.018680592288138755,0.013101727313543714,0.019419329803982192,-0.13241717073409912,True,,False,True
eval_50281_low,hist32,low,heldout,26,after_block_26,0.018680592288138755,0.013101727313543714,0.01931820325442686,-0.11429044603008845,True,,False,True
eval_50281_low,hist32,low,heldout,27,after_block_27,0.018680592288138755,0.013101727313543714,0.018899417805382908,-0.03922402105816099,True,,False,True
eval_50281_low,hist32,low,heldout,28,after_block_28,0.018680592288138755,0.013101727313543714,0.019367534848236775,-0.12313303211786072,True,,False,True
eval_50281_low,hist32,low,heldout,29,after_block_29,0.018680592288138755,0.013101727313543714,0.018680592288138755,-0.0,True,,False,True
eval_50282_high,hist32,high,heldout,0,after_block_0,0.04546000765234416,0.0657871150269394,0.06595085330478155,1.0080551686388388,True,,True,True
eval_50282_high,hist32,high,heldout,1,after_block_1,0.04546000765234416,0.0657871150269394,0.06486951553323606,0.9548583339088296,True,,True,True
eval_50282_high,hist32,high,heldout,2,after_block_2,0.04546000765234416,0.0657871150269394,0.05948966948139635,0.6901947025963181,True,,False,True
eval_50282_high,hist32,high,heldout,3,after_block_3,0.04546000765234416,0.0657871150269394,0.05966578921259338,0.698858981677027,True,,False,True
eval_50282_high,hist32,high,heldout,4,after_block_4,0.04546000765234416,0.0657871150269394,0.053850562348133055,0.4127766209507696,True,,False,True
eval_50282_high,hist32,high,heldout,5,after_block_5,0.04546000765234416,0.0657871150269394,0.05360214943404304,0.40055585045390685,True,,False,True
eval_50282_high,hist32,high,heldout,6,after_block_6,0.04546000765234416,0.0657871150269394,0.05168174352304603,0.30608073032948,True,,False,True
eval_50282_high,hist32,high,heldout,7,after_block_7,0.04546000765234416,0.0657871150269394,0.05168454316974093,0.30621846004395953,True,,False,True
eval_50282_high,hist32,high,heldout,8,after_block_8,0.04546000765234416,0.0657871150269394,0.050745730076616646,0.2600331826297413,True,,False,True
eval_50282_high,hist32,high,heldout,9,after_block_9,0.04546000765234416,0.0657871150269394,0.04826748066193675,0.13811473309288266,True,,False,True
eval_50282_high,hist32,high,heldout,10,after_block_10,0.04546000765234416,0.0657871150269394,0.04967847611257965,0.20752920632021263,True,,False,True
eval_50282_high,hist32,high,heldout,11,after_block_11,0.04546000765234416,0.0657871150269394,0.049166488421673836,0.18234177155781758,True,,False,True
eval_50282_high,hist32,high,heldout,12,after_block_12,0.04546000765234416,0.0657871150269394,0.054197335034061205,0.42983623890514444,True,,False,True
eval_50282_high,hist32,high,heldout,13,after_block_13,0.04546000765234416,0.0657871150269394,0.0546024719699606,0.44976710897108074,True,,False,True
eval_50282_high,hist32,high,heldout,14,after_block_14,0.04546000765234416,0.0657871150269394,0.059348602209558884,0.6832548429676053,True,,False,True
eval_50282_high,hist32,high,heldout,15,after_block_15,0.04546000765234416,0.0657871150269394,0.056943182472779,0.5649192779286676,True,,False,True
eval_50282_high,hist32,high,heldout,16,after_block_16,0.04546000765234416,0.0657871150269394,0.056963660743518225,0.5659267144695312,True,,False,True
eval_50282_high,hist32,high,heldout,17,after_block_17,0.04546000765234416,0.0657871150269394,0.05377397483277069,0.40900886816868487,True,,False,True
eval_50282_high,hist32,high,heldout,18,after_block_18,0.04546000765234416,0.0657871150269394,0.054683368597156536,0.45374685019569994,True,,False,True
eval_50282_high,hist32,high,heldout,19,after_block_19,0.04546000765234416,0.0657871150269394,0.05276395442396071,0.35932051900040624,True,,False,True
eval_50282_high,hist32,high,heldout,20,after_block_20,0.04546000765234416,0.0657871150269394,0.05070150566165788,0.2578575452336386,True,,False,True
eval_50282_high,hist32,high,heldout,21,after_block_21,0.04546000765234416,0.0657871150269394,0.04989768081652306,0.21831306749159435,True,,False,True
eval_50282_high,hist32,high,heldout,22,after_block_22,0.04546000765234416,0.0657871150269394,0.050087564452857516,0.22765446727048147,True,,False,True
eval_50282_high,hist32,high,heldout,23,after_block_23,0.04546000765234416,0.0657871150269394,0.04815419314551939,0.1325415094005169,True,,False,True
eval_50282_high,hist32,high,heldout,24,after_block_24,0.04546000765234416,0.0657871150269394,0.048489877243888334,0.149055619951656,True,,False,True
eval_50282_high,hist32,high,heldout,25,after_block_25,0.04546000765234416,0.0657871150269394,0.04873598857902952,0.1611631633716694,True,,False,True
eval_50282_high,hist32,high,heldout,26,after_block_26,0.04546000765234416,0.0657871150269394,0.04633015932939021,0.04280745218739602,True,,False,True
eval_50282_high,hist32,high,heldout,27,after_block_27,0.04546000765234416,0.0657871150269394,0.046266350418368664,0.03966834784531453,True,,False,True
eval_50282_high,hist32,high,heldout,28,after_block_28,0.04546000765234416,0.0657871150269394,0.04553862193662341,0.003867460471896877,True,,False,True
eval_50282_high,hist32,high,heldout,29,after_block_29,0.04546000765234416,0.0657871150269394,0.04546000765234416,0.0,True,,False,True
eval_50304_low,hist32,low,heldout,0,after_block_0,0.012829311330608033,0.005552155621460983,0.005290468151106702,1.0359601306902575,True,,True,True
eval_50304_low,hist32,low,heldout,1,after_block_1,0.012829311330608033,0.005552155621460983,0.005360469527455582,1.0263407987497726,True,,True,True
eval_50304_low,hist32,low,heldout,2,after_block_2,0.012829311330608033,0.005552155621460983,0.006473233730490096,0.8734288304603185,True,,False,True
eval_50304_low,hist32,low,heldout,3,after_block_3,0.012829311330608033,0.005552155621460983,0.00650958943277927,0.8684329634289896,True,,False,True
eval_50304_low,hist32,low,heldout,4,after_block_4,0.012829311330608033,0.005552155621460983,0.007625242638927389,0.7151239989463698,True,,False,True
eval_50304_low,hist32,low,heldout,5,after_block_5,0.012829311330608033,0.005552155621460983,0.007868436575576494,0.6817051817093797,True,,False,True
eval_50304_low,hist32,low,heldout,6,after_block_6,0.012829311330608033,0.005552155621460983,0.01392545031421816,-0.15062739172013745,True,,False,True
eval_50304_low,hist32,low,heldout,7,after_block_7,0.012829311330608033,0.005552155621460983,0.01416027281280453,-0.18289583669668344,True,,False,True
eval_50304_low,hist32,low,heldout,8,after_block_8,0.012829311330608033,0.005552155621460983,0.01759280055137183,-0.6545811868195026,True,,False,True
eval_50304_low,hist32,low,heldout,9,after_block_9,0.012829311330608033,0.005552155621460983,0.023271925491447434,-1.4349856699800327,True,,False,True
eval_50304_low,hist32,low,heldout,10,after_block_10,0.012829311330608033,0.005552155621460983,0.02211622323355354,-1.2761733119537737,True,,False,True
eval_50304_low,hist32,low,heldout,11,after_block_11,0.012829311330608033,0.005552155621460983,0.024213908491024328,-1.5644295127705428,True,,False,True
eval_50304_low,hist32,low,heldout,12,after_block_12,0.012829311330608033,0.005552155621460983,0.02072695423587872,-1.0852650707121347,True,,False,True
eval_50304_low,hist32,low,heldout,13,after_block_13,0.012829311330608033,0.005552155621460983,0.01607269518878081,-0.44569389302691304,True,,False,True
eval_50304_low,hist32,low,heldout,14,after_block_14,0.012829311330608033,0.005552155621460983,0.015526296152970454,-0.37060974509208794,True,,False,True
eval_50304_low,hist32,low,heldout,15,after_block_15,0.012829311330608033,0.005552155621460983,0.016157046763928692,-0.4572851765612007,True,,False,True
eval_50304_low,hist32,low,heldout,16,after_block_16,0.012829311330608033,0.005552155621460983,0.016451420742282247,-0.4977369670847346,True,,False,True
eval_50304_low,hist32,low,heldout,17,after_block_17,0.012829311330608033,0.005552155621460983,0.014001456526444406,-0.16107188614406587,True,,False,True
eval_50304_low,hist32,low,heldout,18,after_block_18,0.012829311330608033,0.005552155621460983,0.015257124773535753,-0.33362120311319843,True,,False,True
eval_50304_low,hist32,low,heldout,19,after_block_19,0.012829311330608033,0.005552155621460983,0.013053254335681067,-0.0307734249511175,True,,False,True
eval_50304_low,hist32,low,heldout,20,after_block_20,0.012829311330608033,0.005552155621460983,0.012088742545651562,0.1017662414486488,True,,False,True
eval_50304_low,hist32,low,heldout,21,after_block_21,0.012829311330608033,0.005552155621460983,0.015599130809550783,-0.38061841599200824,True,,False,True
eval_50304_low,hist32,low,heldout,22,after_block_22,0.012829311330608033,0.005552155621460983,0.014799752785621803,-0.2707708249992528,True,,False,True
eval_50304_low,hist32,low,heldout,23,after_block_23,0.012829311330608033,0.005552155621460983,0.013574996403284733,-0.10246930290902079,True,,False,True
eval_50304_low,hist32,low,heldout,24,after_block_24,0.012829311330608033,0.005552155621460983,0.011541279404507696,0.17699661482869472,True,,False,True
eval_50304_low,hist32,low,heldout,25,after_block_25,0.012829311330608033,0.005552155621460983,0.01123473979191922,0.2191201621101099,True,,False,True
eval_50304_low,hist32,low,heldout,26,after_block_26,0.012829311330608033,0.005552155621460983,0.013180956805620274,-0.0483218291688109,True,,False,True
eval_50304_low,hist32,low,heldout,27,after_block_27,0.012829311330608033,0.005552155621460983,0.013122855098961451,-0.040337706115652655,True,,False,True
eval_50304_low,hist32,low,heldout,28,after_block_28,0.012829311330608033,0.005552155621460983,0.013233574716360576,-0.05555238913527746,True,,False,True
eval_50304_low,hist32,low,heldout,29,after_block_29,0.012829311330608033,0.005552155621460983,0.012829311330608033,-0.0,True,,False,True
eval_50311_high,hist32,high,heldout,0,after_block_0,0.04432851709989645,0.0633308975598246,0.06354693321542011,1.0113688732867487,True,,True,True
eval_50311_high,hist32,high,heldout,1,after_block_1,0.04432851709989645,0.0633308975598246,0.06219616062007414,0.9402844847705595,True,,True,True
eval_50311_high,hist32,high,heldout,2,after_block_2,0.04432851709989645,0.0633308975598246,0.0577020792258583,0.7037835156581439,True,,False,True
eval_50311_high,hist32,high,heldout,3,after_block_3,0.04432851709989645,0.0633308975598246,0.05779120156012983,0.708473577224876,True,,False,True
eval_50311_high,hist32,high,heldout,4,after_block_4,0.04432851709989645,0.0633308975598246,0.05364089568519443,0.49006378989915195,True,,False,True
eval_50311_high,hist32,high,heldout,5,after_block_5,0.04432851709989645,0.0633308975598246,0.053231309885066795,0.46850934302385855,True,,False,True
eval_50311_high,hist32,high,heldout,6,after_block_6,0.04432851709989645,0.0633308975598246,0.05000407782110812,0.2986763018023022,True,,False,True
eval_50311_high,hist32,high,heldout,7,after_block_7,0.04432851709989645,0.0633308975598246,0.05001362156832106,0.2991785413629227,True,,False,True
eval_50311_high,hist32,high,heldout,8,after_block_8,0.04432851709989645,0.0633308975598246,0.050276875708140614,0.3130322867068127,True,,False,True
eval_50311_high,hist32,high,heldout,9,after_block_9,0.04432851709989645,0.0633308975598246,0.04938994444294583,0.2663575415576391,True,,False,True
eval_50311_high,hist32,high,heldout,10,after_block_10,0.04432851709989645,0.0633308975598246,0.05058617966231526,0.32930940287270044,True,,False,True
eval_50311_high,hist32,high,heldout,11,after_block_11,0.04432851709989645,0.0633308975598246,0.05039376585961892,0.31918362925701577,True,,False,True
eval_50311_high,hist32,high,heldout,12,after_block_12,0.04432851709989645,0.0633308975598246,0.0544742076022192,0.5339168176175498,True,,False,True
eval_50311_high,hist32,high,heldout,13,after_block_13,0.04432851709989645,0.0633308975598246,0.055870923313784154,0.6074189619678495,True,,False,True
eval_50311_high,hist32,high,heldout,14,after_block_14,0.04432851709989645,0.0633308975598246,0.05863791234073666,0.7530317199476974,True,,False,True
eval_50311_high,hist32,high,heldout,15,after_block_15,0.04432851709989645,0.0633308975598246,0.060113962011142635,0.8307088127476567,True,,False,True
eval_50311_high,hist32,high,heldout,16,after_block_16,0.04432851709989645,0.0633308975598246,0.0599843052528404,0.8238856276958865,True,,False,True
eval_50311_high,hist32,high,heldout,17,after_block_17,0.04432851709989645,0.0633308975598246,0.05595938895122727,0.612074464873376,True,,False,True
eval_50311_high,hist32,high,heldout,18,after_block_18,0.04432851709989645,0.0633308975598246,0.054243983571296533,0.5218012812820807,True,,False,True
eval_50311_high,hist32,high,heldout,19,after_block_19,0.04432851709989645,0.0633308975598246,0.0515609577825797,0.3806070875138449,True,,False,True
eval_50311_high,hist32,high,heldout,20,after_block_20,0.04432851709989645,0.0633308975598246,0.05011649901631157,0.30459246559244013,True,,False,True
eval_50311_high,hist32,high,heldout,21,after_block_21,0.04432851709989645,0.0633308975598246,0.04902813035835616,0.2473170805294717,True,,False,True
eval_50311_high,hist32,high,heldout,22,after_block_22,0.04432851709989645,0.0633308975598246,0.04934717771371087,0.2641069430431451,True,,False,True
eval_50311_high,hist32,high,heldout,23,after_block_23,0.04432851709989645,0.0633308975598246,0.04740803732729421,0.16205970793458194,True,,False,True
eval_50311_high,hist32,high,heldout,24,after_block_24,0.04432851709989645,0.0633308975598246,0.04760058473324507,0.17219251241962513,True,,False,True
eval_50311_high,hist32,high,heldout,25,after_block_25,0.04432851709989645,0.0633308975598246,0.047792101737738145,0.18227109204268563,True,,False,True
eval_50311_high,hist32,high,heldout,26,after_block_26,0.04432851709989645,0.0633308975598246,0.045135110801596365,0.042446982018955144,True,,False,True
eval_50311_high,hist32,high,heldout,27,after_block_27,0.04432851709989645,0.0633308975598246,0.04524138094365339,0.0480394467252126,True,,False,True
eval_50311_high,hist32,high,heldout,28,after_block_28,0.04432851709989645,0.0633308975598246,0.04477957477711851,0.023736903814405914,True,,False,True
eval_50311_high,hist32,high,heldout,29,after_block_29,0.04432851709989645,0.0633308975598246,0.04432851709989645,0.0,True,,False,True
eval_50005_low,hist32,low,heldout,0,after_block_0,0.014106756028437886,0.006862231475129824,0.006763430303834031,1.0136380476826017,True,,True,True
eval_50005_low,hist32,low,heldout,1,after_block_1,0.014106756028437886,0.006862231475129824,0.00666164711035232,1.027687719642818,True,,True,True
eval_50005_low,hist32,low,heldout,2,after_block_2,0.014106756028437886,0.006862231475129824,0.007181700199837656,0.9559020440393217,True,,True,True
eval_50005_low,hist32,low,heldout,3,after_block_3,0.014106756028437886,0.006862231475129824,0.00706484840101664,0.9720317152083783,True,,True,True
eval_50005_low,hist32,low,heldout,4,after_block_4,0.014106756028437886,0.006862231475129824,0.007043383040385155,0.9749946923469793,True,,True,True
eval_50005_low,hist32,low,heldout,5,after_block_5,0.014106756028437886,0.006862231475129824,0.007316675601399022,0.9372706762293068,True,,True,True
eval_50005_low,hist32,low,heldout,6,after_block_6,0.014106756028437886,0.006862231475129824,0.01241388914961261,0.2336753594205521,True,,False,True
eval_50005_low,hist32,low,heldout,7,after_block_7,0.014106756028437886,0.006862231475129824,0.012657323564862004,0.20007282091604317,True,,False,True
eval_50005_low,hist32,low,heldout,8,after_block_8,0.014106756028437886,0.006862231475129824,0.015602195615980379,-0.20642342731237373,True,,False,True
eval_50005_low,hist32,low,heldout,9,after_block_9,0.014106756028437886,0.006862231475129824,0.021677696362451898,-1.0450568948043526,True,,False,True
eval_50005_low,hist32,low,heldout,10,after_block_10,0.014106756028437886,0.006862231475129824,0.020171254702021614,-0.837114793242643,True,,False,True
eval_50005_low,hist32,low,heldout,11,after_block_11,0.014106756028437886,0.006862231475129824,0.022722589170752396,-1.1892889697475413,True,,False,True
eval_50005_low,hist32,low,heldout,12,after_block_12,0.014106756028437886,0.006862231475129824,0.01873523396119306,-0.6388932632772535,True,,False,True
eval_50005_low,hist32,low,heldout,13,after_block_13,0.014106756028437886,0.006862231475129824,0.014395696676311534,-0.03988400422243166,True,,False,True
eval_50005_low,hist32,low,heldout,14,after_block_14,0.014106756028437886,0.006862231475129824,0.015501324039256649,-0.19249959062972086,True,,False,True
eval_50005_low,hist32,low,heldout,15,after_block_15,0.014106756028437886,0.006862231475129824,0.018900472629532816,-0.6617020296944097,False,detected_frames_below_58,False,False
eval_50005_low,hist32,low,heldout,16,after_block_16,0.014106756028437886,0.006862231475129824,0.019102677029751297,-0.6896133713884824,False,detected_frames_below_58,False,False
eval_50005_low,hist32,low,heldout,17,after_block_17,0.014106756028437886,0.006862231475129824,0.018455339894820674,-0.6002580064963818,False,detected_frames_below_58,False,False
eval_50005_low,hist32,low,heldout,18,after_block_18,0.014106756028437886,0.006862231475129824,0.015804299595906336,-0.23432090746290618,True,,False,True
eval_50005_low,hist32,low,heldout,19,after_block_19,0.014106756028437886,0.006862231475129824,0.013514902434166776,0.08169667863170564,True,,False,True
eval_50005_low,hist32,low,heldout,20,after_block_20,0.014106756028437886,0.006862231475129824,0.012006613501157429,0.2898937689874307,True,,False,True
eval_50005_low,hist32,low,heldout,21,after_block_21,0.014106756028437886,0.006862231475129824,0.014782185186140533,-0.09323305521743688,True,,False,True
eval_50005_low,hist32,low,heldout,22,after_block_22,0.014106756028437886,0.006862231475129824,0.014000532805643697,0.014662552664782365,True,,False,True
eval_50005_low,hist32,low,heldout,23,after_block_23,0.014106756028437886,0.006862231475129824,0.01417461384923499,-0.009366773526375731,True,,False,True
eval_50005_low,hist32,low,heldout,24,after_block_24,0.014106756028437886,0.006862231475129824,0.011347756096224244,0.3808393376144748,True,,False,True
eval_50005_low,hist32,low,heldout,25,after_block_25,0.014106756028437886,0.006862231475129824,0.009957788935796881,0.5727038485564198,True,,False,True
eval_50005_low,hist32,low,heldout,26,after_block_26,0.014106756028437886,0.006862231475129824,0.01391528680320322,0.026429508772557782,True,,False,True
eval_50005_low,hist32,low,heldout,27,after_block_27,0.014106756028437886,0.006862231475129824,0.01182150642983108,0.3154450760420564,True,,False,True
eval_50005_low,hist32,low,heldout,28,after_block_28,0.014106756028437886,0.006862231475129824,0.01427255580962051,-0.022886219787455336,True,,False,True
eval_50005_low,hist32,low,heldout,29,after_block_29,0.014106756028437886,0.006862231475129824,0.014106756028437886,-0.0,True,,False,True
eval_50007_high,hist32,high,heldout,0,after_block_0,0.04209568892337086,0.06107342772387357,0.061300263541443974,1.0119527315638044,True,,True,True
eval_50007_high,hist32,high,heldout,1,after_block_1,0.04209568892337086,0.06107342772387357,0.06029604156278552,0.9590369448510137,True,,True,True
eval_50007_high,hist32,high,heldout,2,after_block_2,0.04209568892337086,0.06107342772387357,0.056357920271335786,0.75152427261709,True,,False,True
eval_50007_high,hist32,high,heldout,3,after_block_3,0.04209568892337086,0.06107342772387357,0.05651195812930213,0.7596410382436812,True,,False,True
eval_50007_high,hist32,high,heldout,4,after_block_4,0.04209568892337086,0.06107342772387357,0.05165752742671694,0.5038449840553604,True,,False,True
eval_50007_high,hist32,high,heldout,5,after_block_5,0.04209568892337086,0.06107342772387357,0.05121906028152395,0.4807406959311408,True,,False,True
eval_50007_high,hist32,high,heldout,6,after_block_6,0.04209568892337086,0.06107342772387357,0.04878659749155437,0.3525661638891494,True,,False,True
eval_50007_high,hist32,high,heldout,7,after_block_7,0.04209568892337086,0.06107342772387357,0.048955868549390075,0.3614856173401171,True,,False,True
eval_50007_high,hist32,high,heldout,8,after_block_8,0.04209568892337086,0.06107342772387357,0.04929430867279461,0.37931914993123733,True,,False,True
eval_50007_high,hist32,high,heldout,9,after_block_9,0.04209568892337086,0.06107342772387357,0.04859706935971452,0.34257929802318937,True,,False,True
eval_50007_high,hist32,high,heldout,10,after_block_10,0.04209568892337086,0.06107342772387357,0.050023990174883515,0.4177684883776901,True,,False,True
eval_50007_high,hist32,high,heldout,11,after_block_11,0.04209568892337086,0.06107342772387357,0.04981363807492307,0.4066843385655495,True,,False,True
eval_50007_high,hist32,high,heldout,12,after_block_12,0.04209568892337086,0.06107342772387357,0.054699606651695896,0.6641422279450471,True,,False,True
eval_50007_high,hist32,high,heldout,13,after_block_13,0.04209568892337086,0.06107342772387357,0.05567087852423625,0.7153217642823597,True,,False,True
eval_50007_high,hist32,high,heldout,14,after_block_14,0.04209568892337086,0.06107342772387357,0.05812791702533713,0.8447912720530005,True,,False,True
eval_50007_high,hist32,high,heldout,15,after_block_15,0.04209568892337086,0.06107342772387357,0.05619451016966497,0.7429136523852168,True,,False,True
eval_50007_high,hist32,high,heldout,16,after_block_16,0.04209568892337086,0.06107342772387357,0.056078168924560336,0.7367832463169472,True,,False,True
eval_50007_high,hist32,high,heldout,17,after_block_17,0.04209568892337086,0.06107342772387357,0.05202912129767736,0.523425497564724,True,,False,True
eval_50007_high,hist32,high,heldout,18,after_block_18,0.04209568892337086,0.06107342772387357,0.052455942624825294,0.5459161289109953,True,,False,True
eval_50007_high,hist32,high,heldout,19,after_block_19,0.04209568892337086,0.06107342772387357,0.049776470023465864,0.4047258306606868,True,,False,True
eval_50007_high,hist32,high,heldout,20,after_block_20,0.04209568892337086,0.06107342772387357,0.04737196467525593,0.2780244689501842,True,,False,True
eval_50007_high,hist32,high,heldout,21,after_block_21,0.04209568892337086,0.06107342772387357,0.04738649956856685,0.278790360685955,True,,False,True
eval_50007_high,hist32,high,heldout,22,after_block_22,0.04209568892337086,0.06107342772387357,0.047148136886421915,0.266230240397092,True,,False,True
eval_50007_high,hist32,high,heldout,23,after_block_23,0.04209568892337086,0.06107342772387357,0.04553689628167352,0.1813286290046053,True,,False,True
eval_50007_high,hist32,high,heldout,24,after_block_24,0.04209568892337086,0.06107342772387357,0.045577355592629806,0.18346056428844515,True,,False,True
eval_50007_high,hist32,high,heldout,25,after_block_25,0.04209568892337086,0.06107342772387357,0.04569852811361127,0.1898455463063372,True,,False,True
eval_50007_high,hist32,high,heldout,26,after_block_26,0.04209568892337086,0.06107342772387357,0.04345771203643282,0.0717695151872298,True,,False,True
eval_50007_high,hist32,high,heldout,27,after_block_27,0.04209568892337086,0.06107342772387357,0.04302682639348701,0.049064721561637645,True,,False,True
eval_50007_high,hist32,high,heldout,28,after_block_28,0.04209568892337086,0.06107342772387357,0.04243811140304551,0.018043376151092274,True,,False,True
eval_50007_high,hist32,high,heldout,29,after_block_29,0.04209568892337086,0.06107342772387357,0.04209568892337086,0.0,True,,False,True
eval_50038_high,hist32,high,heldout,0,after_block_0,0.04459219497539726,0.06420013772039576,0.0642337254155725,1.0017129637521665,True,,True,True
eval_50038_high,hist32,high,heldout,1,after_block_1,0.04459219497539726,0.06420013772039576,0.06356655915721922,0.9676876574245326,True,,True,True
eval_50038_high,hist32,high,heldout,2,after_block_2,0.04459219497539726,0.06420013772039576,0.05903503583417075,0.7365811419689862,True,,False,True
eval_50038_high,hist32,high,heldout,3,after_block_3,0.04459219497539726,0.06420013772039576,0.05902233001118786,0.7359331482886633,True,,False,True
eval_50038_high,hist32,high,heldout,4,after_block_4,0.04459219497539726,0.06420013772039576,0.05504925201206794,0.5333071996723375,True,,False,True
eval_50038_high,hist32,high,heldout,5,after_block_5,0.04459219497539726,0.06420013772039576,0.0548365186919443,0.5224578554606456,True,,False,True
eval_50038_high,hist32,high,heldout,6,after_block_6,0.04459219497539726,0.06420013772039576,0.05278018532917077,0.4175853867108043,True,,False,True
eval_50038_high,hist32,high,heldout,7,after_block_7,0.04459219497539726,0.06420013772039576,0.05301473897380689,0.42954756181945764,True,,False,True
eval_50038_high,hist32,high,heldout,8,after_block_8,0.04459219497539726,0.06420013772039576,0.0524682280851765,0.40167564808848827,True,,False,True
eval_50038_high,hist32,high,heldout,9,after_block_9,0.04459219497539726,0.06420013772039576,0.0505397917035964,0.3033258922441633,True,,False,True
eval_50038_high,hist32,high,heldout,10,after_block_10,0.04459219497539726,0.06420013772039576,0.05135643261729522,0.3449743672687617,True,,False,True
eval_50038_high,hist32,high,heldout,11,after_block_11,0.04459219497539726,0.06420013772039576,0.05091476711952645,0.32244954130855585,True,,False,True
eval_50038_high,hist32,high,heldout,12,after_block_12,0.04459219497539726,0.06420013772039576,0.05481512495149054,0.5213667802401604,True,,False,True
eval_50038_high,hist32,high,heldout,13,after_block_13,0.04459219497539726,0.06420013772039576,0.055986510556431265,0.5811071426113998,True,,False,True
eval_50038_high,hist32,high,heldout,14,after_block_14,0.04459219497539726,0.06420013772039576,0.060204249520330884,0.7962107370451126,True,,False,True
eval_50038_high,hist32,high,heldout,15,after_block_15,0.04459219497539726,0.06420013772039576,0.06208439607049332,0.8920977239979898,True,,False,True
eval_50038_high,hist32,high,heldout,16,after_block_16,0.04459219497539726,0.06420013772039576,0.062070744938514354,0.8914015198037764,True,,False,True
eval_50038_high,hist32,high,heldout,17,after_block_17,0.04459219497539726,0.06420013772039576,0.05818012565417465,0.692980944277968,True,,False,True
eval_50038_high,hist32,high,heldout,18,after_block_18,0.04459219497539726,0.06420013772039576,0.05753882905482775,0.660274983857389,True,,False,True
eval_50038_high,hist32,high,heldout,19,after_block_19,0.04459219497539726,0.06420013772039576,0.0545725077915158,0.5089933679383202,True,,False,True
eval_50038_high,hist32,high,heldout,20,after_block_20,0.04459219497539726,0.06420013772039576,0.05211841189652632,0.38383511309715623,True,,False,True
eval_50038_high,hist32,high,heldout,21,after_block_21,0.04459219497539726,0.06420013772039576,0.04972609544682968,0.26182759396020544,True,,False,True
eval_50038_high,hist32,high,heldout,22,after_block_22,0.04459219497539726,0.06420013772039576,0.05001758145735696,0.2766933049793603,True,,False,True
eval_50038_high,hist32,high,heldout,23,after_block_23,0.04459219497539726,0.06420013772039576,0.04789615313233528,0.16850101001956352,True,,False,True
eval_50038_high,hist32,high,heldout,24,after_block_24,0.04459219497539726,0.06420013772039576,0.04842959278224648,0.19570629396233064,True,,False,True
eval_50038_high,hist32,high,heldout,25,after_block_25,0.04459219497539726,0.06420013772039576,0.04835496317030644,0.19190020308831093,True,,False,True
eval_50038_high,hist32,high,heldout,26,after_block_26,0.04459219497539726,0.06420013772039576,0.045946037854981664,0.0690456361073238,True,,False,True
eval_50038_high,hist32,high,heldout,27,after_block_27,0.04459219497539726,0.06420013772039576,0.04570417800024875,0.05671084617661544,True,,False,True
eval_50038_high,hist32,high,heldout,28,after_block_28,0.04459219497539726,0.06420013772039576,0.045120952627680976,0.026966503276769856,True,,False,True
eval_50038_high,hist32,high,heldout,29,after_block_29,0.04459219497539726,0.06420013772039576,0.04459219497539726,0.0,True,,False,True
eval_50053_low,hist32,low,heldout,0,after_block_0,0.023268571899069068,0.018120805768325563,0.018192708391659783,0.9860322669080084,True,,True,True
eval_50053_low,hist32,low,heldout,1,after_block_1,0.023268571899069068,0.018120805768325563,0.018309562991679296,0.9633322069107926,True,,True,True
eval_50053_low,hist32,low,heldout,2,after_block_2,0.023268571899069068,0.018120805768325563,0.018862037373128127,0.8560090753976218,True,,False,True
eval_50053_low,hist32,low,heldout,3,after_block_3,0.023268571899069068,0.018120805768325563,0.018884889758495053,0.8515697934282163,True,,False,True
eval_50053_low,hist32,low,heldout,4,after_block_4,0.023268571899069068,0.018120805768325563,0.019701996444728625,0.6928394499198652,True,,False,True
eval_50053_low,hist32,low,heldout,5,after_block_5,0.023268571899069068,0.018120805768325563,0.0203626129232891,0.564508740679766,True,,False,True
eval_50053_low,hist32,low,heldout,6,after_block_6,0.023268571899069068,0.018120805768325563,0.021904912589466058,0.26490312010465267,True,,False,True
eval_50053_low,hist32,low,heldout,7,after_block_7,0.023268571899069068,0.018120805768325563,0.022495985516866924,0.1500818729095133,True,,False,True
eval_50053_low,hist32,low,heldout,8,after_block_8,0.023268571899069068,0.018120805768325563,0.020845754196868384,0.4706541907044154,True,,False,True
eval_50053_low,hist32,low,heldout,9,after_block_9,0.023268571899069068,0.018120805768325563,0.019786649992218023,0.6763947348066767,True,,False,True
eval_50053_low,hist32,low,heldout,10,after_block_10,0.023268571899069068,0.018120805768325563,0.016482202003512643,1.318313560328012,True,,False,True
eval_50053_low,hist32,low,heldout,11,after_block_11,0.023268571899069068,0.018120805768325563,0.017748755265308107,1.0722741658358361,True,,True,True
eval_50053_low,hist32,low,heldout,12,after_block_12,0.023268571899069068,0.018120805768325563,0.014718480243859583,1.6609324196269526,True,,False,True
eval_50053_low,hist32,low,heldout,13,after_block_13,0.023268571899069068,0.018120805768325563,0.011163666284095961,2.3514870931451513,True,,False,True
eval_50053_low,hist32,low,heldout,14,after_block_14,0.023268571899069068,0.018120805768325563,0.017317578594677936,1.1560341230054318,True,,False,True
eval_50053_low,hist32,low,heldout,15,after_block_15,0.023268571899069068,0.018120805768325563,0.030901532553243044,-1.4827714508218208,False,detected_frames_below_58,False,False
eval_50053_low,hist32,low,heldout,16,after_block_16,0.023268571899069068,0.018120805768325563,0.028896562176595312,-1.0932878717847618,False,detected_frames_below_58,False,False
eval_50053_low,hist32,low,heldout,17,after_block_17,0.023268571899069068,0.018120805768325563,0.025577626864773287,-0.44855475308290993,True,,False,True
eval_50053_low,hist32,low,heldout,18,after_block_18,0.023268571899069068,0.018120805768325563,0.025183365923221797,-0.3719660092398508,True,,False,True
eval_50053_low,hist32,low,heldout,19,after_block_19,0.023268571899069068,0.018120805768325563,0.023034011364358002,0.045565499432894244,True,,False,True
eval_50053_low,hist32,low,heldout,20,after_block_20,0.023268571899069068,0.018120805768325563,0.022501639583646194,0.14898351944207366,True,,False,True
eval_50053_low,hist32,low,heldout,21,after_block_21,0.023268571899069068,0.018120805768325563,0.024041602804452035,-0.1501682255466638,True,,False,True
eval_50053_low,hist32,low,heldout,22,after_block_22,0.023268571899069068,0.018120805768325563,0.02505460488021816,-0.34695301530552075,True,,False,True
eval_50053_low,hist32,low,heldout,23,after_block_23,0.023268571899069068,0.018120805768325563,0.024426882958436733,-0.22501237040470756,True,,False,True
eval_50053_low,hist32,low,heldout,24,after_block_24,0.023268571899069068,0.018120805768325563,0.02380238781402521,-0.10369855611118094,True,,False,True
eval_50053_low,hist32,low,heldout,25,after_block_25,0.023268571899069068,0.018120805768325563,0.02378078034730037,-0.09950111081626067,True,,False,True
eval_50053_low,hist32,low,heldout,26,after_block_26,0.023268571899069068,0.018120805768325563,0.022967339457985084,0.05851711857789392,True,,False,True
eval_50053_low,hist32,low,heldout,27,after_block_27,0.023268571899069068,0.018120805768325563,0.02305524416722593,0.04144083597137425,True,,False,True
eval_50053_low,hist32,low,heldout,28,after_block_28,0.023268571899069068,0.018120805768325563,0.02295572947059571,0.060772463341914405,True,,False,True
eval_50053_low,hist32,low,heldout,29,after_block_29,0.023268571899069068,0.018120805768325563,0.023268571899069068,-0.0,True,,False,True
eval_50064_low,hist32,low,heldout,0,after_block_0,0.01464795857377075,0.00889751618245465,0.008891468251794063,1.0010517331100857,True,,True,True
eval_50064_low,hist32,low,heldout,1,after_block_1,0.01464795857377075,0.00889751618245465,0.008808001919380795,1.0155665002764018,True,,True,True
eval_50064_low,hist32,low,heldout,2,after_block_2,0.01464795857377075,0.00889751618245465,0.008995314035809162,0.9829929861566478,True,,True,True
eval_50064_low,hist32,low,heldout,3,after_block_3,0.01464795857377075,0.00889751618245465,0.009038053062742371,0.9755606837310552,True,,True,True
eval_50064_low,hist32,low,heldout,4,after_block_4,0.01464795857377075,0.00889751618245465,0.008423071233016357,1.0825058173184667,True,,True,True
eval_50064_low,hist32,low,heldout,5,after_block_5,0.01464795857377075,0.00889751618245465,0.008929435066864496,0.9944493167242145,True,,True,True
eval_50064_low,hist32,low,heldout,6,after_block_6,0.01464795857377075,0.00889751618245465,0.012361533547869494,0.3976085438842148,True,,False,True
eval_50064_low,hist32,low,heldout,7,after_block_7,0.01464795857377075,0.00889751618245465,0.012576211458847767,0.3602761272857171,True,,False,True
eval_50064_low,hist32,low,heldout,8,after_block_8,0.01464795857377075,0.00889751618245465,0.015013339647441115,-0.06353964596221963,True,,False,True
eval_50064_low,hist32,low,heldout,9,after_block_9,0.01464795857377075,0.00889751618245465,0.020458169469554175,-1.0103937228477555,True,,False,True
eval_50064_low,hist32,low,heldout,10,after_block_10,0.01464795857377075,0.00889751618245465,0.017889210733984015,-0.5636526617687654,True,,False,True
eval_50064_low,hist32,low,heldout,11,after_block_11,0.01464795857377075,0.00889751618245465,0.020136315625898862,-0.9544234475622656,True,,False,True
eval_50064_low,hist32,low,heldout,12,after_block_12,0.01464795857377075,0.00889751618245465,0.016208417527180597,-0.27136328776484014,True,,False,True
eval_50064_low,hist32,low,heldout,13,after_block_13,0.01464795857377075,0.00889751618245465,0.011291210645865359,0.5837373369698491,True,,False,True
eval_50064_low,hist32,low,heldout,14,after_block_14,0.01464795857377075,0.00889751618245465,0.011993059035171564,0.4616861378540932,True,,False,True
eval_50064_low,hist32,low,heldout,15,after_block_15,0.01464795857377075,0.00889751618245465,0.022290069434255943,-1.3289605112861842,False,detected_frames_below_58,False,False
eval_50064_low,hist32,low,heldout,16,after_block_16,0.01464795857377075,0.00889751618245465,0.022071139780744136,-1.2908887180894697,False,detected_frames_below_58,False,False
eval_50064_low,hist32,low,heldout,17,after_block_17,0.01464795857377075,0.00889751618245465,0.017882941471726754,-0.5625624391683741,True,,False,True
eval_50064_low,hist32,low,heldout,18,after_block_18,0.01464795857377075,0.00889751618245465,0.016100053263179717,-0.2525187786598496,True,,False,True
eval_50064_low,hist32,low,heldout,19,after_block_19,0.01464795857377075,0.00889751618245465,0.011060348033865386,0.6238842676388017,True,,False,True
eval_50064_low,hist32,low,heldout,20,after_block_20,0.01464795857377075,0.00889751618245465,0.00899375706208555,0.9832637433641217,True,,True,True
eval_50064_low,hist32,low,heldout,21,after_block_21,0.01464795857377075,0.00889751618245465,0.015665757265561464,-0.17699485057492603,True,,False,True
eval_50064_low,hist32,low,heldout,22,after_block_22,0.01464795857377075,0.00889751618245465,0.015750642552866942,-0.19175637352030245,True,,False,True
eval_50064_low,hist32,low,heldout,23,after_block_23,0.01464795857377075,0.00889751618245465,0.014450925548162755,0.03426397696037105,True,,False,True
eval_50064_low,hist32,low,heldout,24,after_block_24,0.01464795857377075,0.00889751618245465,0.011889832432378325,0.47963720940106214,True,,False,True
eval_50064_low,hist32,low,heldout,25,after_block_25,0.01464795857377075,0.00889751618245465,0.011763859544484211,0.5015438522855035,True,,False,True
eval_50064_low,hist32,low,heldout,26,after_block_26,0.01464795857377075,0.00889751618245465,0.014097330514158596,0.09575403458413444,True,,False,True
eval_50064_low,hist32,low,heldout,27,after_block_27,0.01464795857377075,0.00889751618245465,0.014226050376174037,0.07336969382283504,True,,False,True
eval_50064_low,hist32,low,heldout,28,after_block_28,0.01464795857377075,0.00889751618245465,0.014212017142775297,0.07581006839643856,True,,False,True
eval_50064_low,hist32,low,heldout,29,after_block_29,0.01464795857377075,0.00889751618245465,0.01464795857377075,-0.0,True,,False,True
eval_50094_low,hist32,low,heldout,0,after_block_0,0.020151873612454997,0.01330545647404268,0.01328865085062719,1.0024546595797095,True,,True,True
eval_50094_low,hist32,low,heldout,1,after_block_1,0.020151873612454997,0.01330545647404268,0.013413309195374713,0.9842468375572798,True,,True,True
eval_50094_low,hist32,low,heldout,2,after_block_2,0.020151873612454997,0.01330545647404268,0.01398829790321764,0.9002629528160315,True,,True,True
eval_50094_low,hist32,low,heldout,3,after_block_3,0.020151873612454997,0.01330545647404268,0.014167993786854962,0.8740162488825062,True,,False,True
eval_50094_low,hist32,low,heldout,4,after_block_4,0.020151873612454997,0.01330545647404268,0.014791033532808874,0.783013943098609,True,,False,True
eval_50094_low,hist32,low,heldout,5,after_block_5,0.020151873612454997,0.01330545647404268,0.015171133673345277,0.7274958329905024,True,,False,True
eval_50094_low,hist32,low,heldout,6,after_block_6,0.020151873612454997,0.01330545647404268,0.017248549827467617,0.42406469344353453,True,,False,True
eval_50094_low,hist32,low,heldout,7,after_block_7,0.020151873612454997,0.01330545647404268,0.017794191059962314,0.3443673537308639,True,,False,True
eval_50094_low,hist32,low,heldout,8,after_block_8,0.020151873612454997,0.01330545647404268,0.018087784077443683,0.3014846295926948,True,,False,True
eval_50094_low,hist32,low,heldout,9,after_block_9,0.020151873612454997,0.01330545647404268,0.01977501031085259,0.0550453315921972,True,,False,True
eval_50094_low,hist32,low,heldout,10,after_block_10,0.020151873612454997,0.01330545647404268,0.016715210204549597,0.5019652379379211,True,,False,True
eval_50094_low,hist32,low,heldout,11,after_block_11,0.020151873612454997,0.01330545647404268,0.018604125172706838,0.22606692061814426,True,,False,True
eval_50094_low,hist32,low,heldout,12,after_block_12,0.020151873612454997,0.01330545647404268,0.01431273987705797,0.8528743746325574,True,,False,True
eval_50094_low,hist32,low,heldout,13,after_block_13,0.020151873612454997,0.01330545647404268,0.010113941877793771,1.4661583616257745,True,,False,True
eval_50094_low,hist32,low,heldout,14,after_block_14,0.020151873612454997,0.01330545647404268,0.012779717466012605,1.0767903850147225,True,,True,True
eval_50094_low,hist32,low,heldout,15,after_block_15,0.020151873612454997,0.01330545647404268,0.02591718308427354,-0.8420914699269283,False,detected_frames_below_58,False,False
eval_50094_low,hist32,low,heldout,16,after_block_16,0.020151873612454997,0.01330545647404268,0.02609990521900496,-0.8687801935377414,False,detected_frames_below_58,False,False
eval_50094_low,hist32,low,heldout,17,after_block_17,0.020151873612454997,0.01330545647404268,0.02305767214878789,-0.4244261600757132,False,detected_frames_below_58,False,False
eval_50094_low,hist32,low,heldout,18,after_block_18,0.020151873612454997,0.01330545647404268,0.02199248813387261,-0.2688434672042857,True,,False,True
eval_50094_low,hist32,low,heldout,19,after_block_19,0.020151873612454997,0.01330545647404268,0.019309820148267598,0.12299184334869073,True,,False,True
eval_50094_low,hist32,low,heldout,20,after_block_20,0.020151873612454997,0.01330545647404268,0.015439838808771778,0.6882482776642411,True,,False,True
eval_50094_low,hist32,low,heldout,21,after_block_21,0.020151873612454997,0.01330545647404268,0.025386268708574487,-0.7645451614029679,False,detected_frames_below_58,False,False
eval_50094_low,hist32,low,heldout,22,after_block_22,0.020151873612454997,0.01330545647404268,0.025474943451989866,-0.7774971539010385,False,detected_frames_below_58,False,False
eval_50094_low,hist32,low,heldout,23,after_block_23,0.020151873612454997,0.01330545647404268,0.02361287222579262,-0.5055196818083785,False,detected_frames_below_58,False,False
eval_50094_low,hist32,low,heldout,24,after_block_24,0.020151873612454997,0.01330545647404268,0.020408841327146213,-0.037533166544802,True,,False,True
eval_50094_low,hist32,low,heldout,25,after_block_25,0.020151873612454997,0.01330545647404268,0.02086036523355909,-0.10348356034706832,True,,False,True
eval_50094_low,hist32,low,heldout,26,after_block_26,0.020151873612454997,0.01330545647404268,0.019328880253838897,0.12020789005078819,True,,False,True
eval_50094_low,hist32,low,heldout,27,after_block_27,0.020151873612454997,0.01330545647404268,0.01644915329266833,0.5408259889705356,True,,False,True
eval_50094_low,hist32,low,heldout,28,after_block_28,0.020151873612454997,0.01330545647404268,0.016686479260733585,0.5061617312621178,True,,False,True
eval_50094_low,hist32,low,heldout,29,after_block_29,0.020151873612454997,0.01330545647404268,0.020151873612454997,-0.0,True,,False,True
eval_50115_high,hist32,high,heldout,0,after_block_0,0.044031976809948845,0.06408591633102229,0.06420838871348288,1.0061071482903343,True,,True,True
eval_50115_high,hist32,high,heldout,1,after_block_1,0.044031976809948845,0.06408591633102229,0.06333742159900894,0.9626759255343922,True,,True,True
eval_50115_high,hist32,high,heldout,2,after_block_2,0.044031976809948845,0.06408591633102229,0.058485634540082376,0.7207390704926121,True,,False,True
eval_50115_high,hist32,high,heldout,3,after_block_3,0.044031976809948845,0.06408591633102229,0.058661411684315365,0.7295042881222094,True,,False,True
eval_50115_high,hist32,high,heldout,4,after_block_4,0.044031976809948845,0.06408591633102229,0.05367221980750385,0.48071567122383463,True,,False,True
eval_50115_high,hist32,high,heldout,5,after_block_5,0.044031976809948845,0.06408591633102229,0.05341550358095697,0.4679143846598102,True,,False,True
eval_50115_high,hist32,high,heldout,6,after_block_6,0.044031976809948845,0.06408591633102229,0.05046126419326974,0.3205997194000089,True,,False,True
eval_50115_high,hist32,high,heldout,7,after_block_7,0.044031976809948845,0.06408591633102229,0.0507025768835742,0.33263290071338025,True,,False,True
eval_50115_high,hist32,high,heldout,8,after_block_8,0.044031976809948845,0.06408591633102229,0.04995679708643627,0.29544420787054837,True,,False,True
eval_50115_high,hist32,high,heldout,9,after_block_9,0.044031976809948845,0.06408591633102229,0.04835094873490649,0.21536775457107085,True,,False,True
eval_50115_high,hist32,high,heldout,10,after_block_10,0.044031976809948845,0.06408591633102229,0.04970927659688604,0.28310147145757925,True,,False,True
eval_50115_high,hist32,high,heldout,11,after_block_11,0.044031976809948845,0.06408591633102229,0.04946397376202752,0.2708693195354721,True,,False,True
eval_50115_high,hist32,high,heldout,12,after_block_12,0.044031976809948845,0.06408591633102229,0.05407425680388688,0.5007634526565331,True,,False,True
eval_50115_high,hist32,high,heldout,13,after_block_13,0.044031976809948845,0.06408591633102229,0.05515398406544946,0.5546046074295372,True,,False,True
eval_50115_high,hist32,high,heldout,14,after_block_14,0.044031976809948845,0.06408591633102229,0.05901839522760179,0.7473054559631364,True,,False,True
eval_50115_high,hist32,high,heldout,15,after_block_15,0.044031976809948845,0.06408591633102229,0.05697974523393249,0.6456471263602664,True,,False,True
eval_50115_high,hist32,high,heldout,16,after_block_16,0.044031976809948845,0.06408591633102229,0.05686853607509616,0.6401016245041616,True,,False,True
eval_50115_high,hist32,high,heldout,17,after_block_17,0.044031976809948845,0.06408591633102229,0.05585029308453564,0.5893264145016324,True,,False,True
eval_50115_high,hist32,high,heldout,18,after_block_18,0.044031976809948845,0.06408591633102229,0.05545098985652131,0.5694149538335316,True,,False,True
eval_50115_high,hist32,high,heldout,19,after_block_19,0.044031976809948845,0.06408591633102229,0.05221040203538224,0.407821376784307,True,,False,True
eval_50115_high,hist32,high,heldout,20,after_block_20,0.044031976809948845,0.06408591633102229,0.049954674363278204,0.2953383571893973,True,,False,True
eval_50115_high,hist32,high,heldout,21,after_block_21,0.044031976809948845,0.06408591633102229,0.04883281112463844,0.23939607026563028,True,,False,True
eval_50115_high,hist32,high,heldout,22,after_block_22,0.044031976809948845,0.06408591633102229,0.04888049927302915,0.24177406429222012,True,,False,True
eval_50115_high,hist32,high,heldout,23,after_block_23,0.044031976809948845,0.06408591633102229,0.047355531736167966,0.16573077438109374,True,,False,True
eval_50115_high,hist32,high,heldout,24,after_block_24,0.044031976809948845,0.06408591633102229,0.047475461975149215,0.17171115738041523,True,,False,True
eval_50115_high,hist32,high,heldout,25,after_block_25,0.044031976809948845,0.06408591633102229,0.04685433766585512,0.14073847449975743,True,,False,True
eval_50115_high,hist32,high,heldout,26,after_block_26,0.044031976809948845,0.06408591633102229,0.04492988161911113,0.04477448474494158,True,,False,True
eval_50115_high,hist32,high,heldout,27,after_block_27,0.044031976809948845,0.06408591633102229,0.045044940834086784,0.05051197162898984,True,,False,True
eval_50115_high,hist32,high,heldout,28,after_block_28,0.044031976809948845,0.06408591633102229,0.04431680602731694,0.014203155298677685,True,,False,True
eval_50115_high,hist32,high,heldout,29,after_block_29,0.044031976809948845,0.06408591633102229,0.044031976809948845,0.0,True,,False,True
eval_50120_high,hist32,high,heldout,0,after_block_0,0.044658069523992,0.06549110474644389,0.06558698553252154,1.0046023435881453,True,,True,True
eval_50120_high,hist32,high,heldout,1,after_block_1,0.044658069523992,0.06549110474644389,0.0648249019546412,0.9680218084072209,True,,True,True
eval_50120_high,hist32,high,heldout,2,after_block_2,0.044658069523992,0.06549110474644389,0.05991836532447387,0.7325046800686902,True,,False,True
eval_50120_high,hist32,high,heldout,3,after_block_3,0.044658069523992,0.06549110474644389,0.060081346589673686,0.7403278927431528,True,,False,True
eval_50120_high,hist32,high,heldout,4,after_block_4,0.044658069523992,0.06549110474644389,0.05395843538198165,0.44642394920767897,True,,False,True
eval_50120_high,hist32,high,heldout,5,after_block_5,0.044658069523992,0.06549110474644389,0.05393852247789224,0.445468116134064,True,,False,True
eval_50120_high,hist32,high,heldout,6,after_block_6,0.044658069523992,0.06549110474644389,0.05147382629816442,0.3271610066125668,True,,False,True
eval_50120_high,hist32,high,heldout,7,after_block_7,0.044658069523992,0.06549110474644389,0.05159443485266288,0.332950300069359,True,,False,True
eval_50120_high,hist32,high,heldout,8,after_block_8,0.044658069523992,0.06549110474644389,0.050439235113343826,0.27749991912467137,True,,False,True
eval_50120_high,hist32,high,heldout,9,after_block_9,0.044658069523992,0.06549110474644389,0.04905536880578622,0.21107338584323151,True,,False,True
eval_50120_high,hist32,high,heldout,10,after_block_10,0.044658069523992,0.06549110474644389,0.05049711761118815,0.280278318778215,True,,False,True
eval_50120_high,hist32,high,heldout,11,after_block_11,0.044658069523992,0.06549110474644389,0.04995117790713105,0.25407283800080355,True,,False,True
eval_50120_high,hist32,high,heldout,12,after_block_12,0.044658069523992,0.06549110474644389,0.05433112575607303,0.4643133431491693,True,,False,True
eval_50120_high,hist32,high,heldout,13,after_block_13,0.044658069523992,0.06549110474644389,0.055674852694964985,0.5288131591646393,True,,False,True
eval_50120_high,hist32,high,heldout,14,after_block_14,0.044658069523992,0.06549110474644389,0.058932210033974634,0.6851685487767672,True,,False,True
eval_50120_high,hist32,high,heldout,15,after_block_15,0.044658069523992,0.06549110474644389,0.06168868589537107,0.8174812834293619,True,,False,True
eval_50120_high,hist32,high,heldout,16,after_block_16,0.044658069523992,0.06549110474644389,0.061469080990010506,0.8069400971348226,True,,False,True
eval_50120_high,hist32,high,heldout,17,after_block_17,0.044658069523992,0.06549110474644389,0.05937048652615463,0.7062061214348146,True,,False,True
eval_50120_high,hist32,high,heldout,18,after_block_18,0.044658069523992,0.06549110474644389,0.056492934619583705,0.5680816534518792,True,,False,True
eval_50120_high,hist32,high,heldout,19,after_block_19,0.044658069523992,0.06549110474644389,0.052218768775098595,0.3629187571745852,True,,False,True
eval_50120_high,hist32,high,heldout,20,after_block_20,0.044658069523992,0.06549110474644389,0.05114863916402538,0.3115518008167363,True,,False,True
eval_50120_high,hist32,high,heldout,21,after_block_21,0.044658069523992,0.06549110474644389,0.04956929529157175,0.23574221015509525,True,,False,True
eval_50120_high,hist32,high,heldout,22,after_block_22,0.044658069523992,0.06549110474644389,0.04916645729816639,0.2164057097794217,True,,False,True
eval_50120_high,hist32,high,heldout,23,after_block_23,0.044658069523992,0.06549110474644389,0.0473391909012343,0.12869566765541876,True,,False,True
eval_50120_high,hist32,high,heldout,24,after_block_24,0.044658069523992,0.06549110474644389,0.047654143245278266,0.14381359649684564,True,,False,True
eval_50120_high,hist32,high,heldout,25,after_block_25,0.044658069523992,0.06549110474644389,0.04780146097957222,0.1508849489292165,True,,False,True
eval_50120_high,hist32,high,heldout,26,after_block_26,0.044658069523992,0.06549110474644389,0.04599844118275771,0.06433876026481196,True,,False,True
eval_50120_high,hist32,high,heldout,27,after_block_27,0.044658069523992,0.06549110474644389,0.0458861213238865,0.05894732989127895,True,,False,True
eval_50120_high,hist32,high,heldout,28,after_block_28,0.044658069523992,0.06549110474644389,0.04513356447876234,0.022824084426157076,True,,False,True
eval_50120_high,hist32,high,heldout,29,after_block_29,0.044658069523992,0.06549110474644389,0.044658069523992,0.0,True,,False,True
eval_50142_low,hist32,low,heldout,0,after_block_0,0.014618796304525842,0.0030716598287096595,0.002943452531480558,1.0111029515843701,True,,True,True
eval_50142_low,hist32,low,heldout,1,after_block_1,0.014618796304525842,0.0030716598287096595,0.0032003609281189703,0.9888542843778753,True,,True,True
eval_50142_low,hist32,low,heldout,2,after_block_2,0.014618796304525842,0.0030716598287096595,0.0038006775629343147,0.9368659289901459,True,,True,True
eval_50142_low,hist32,low,heldout,3,after_block_3,0.014618796304525842,0.0030716598287096595,0.003846289080512306,0.9329159005416627,True,,True,True
eval_50142_low,hist32,low,heldout,4,after_block_4,0.014618796304525842,0.0030716598287096595,0.0058677762692075424,0.7578519621419606,True,,False,True
eval_50142_low,hist32,low,heldout,5,after_block_5,0.014618796304525842,0.0030716598287096595,0.00595084310726966,0.7506582446141487,True,,False,True
eval_50142_low,hist32,low,heldout,6,after_block_6,0.014618796304525842,0.0030716598287096595,0.01279661601653829,0.15780365043782468,True,,False,True
eval_50142_low,hist32,low,heldout,7,after_block_7,0.014618796304525842,0.0030716598287096595,0.013182838936451575,0.12435614414722415,True,,False,True
eval_50142_low,hist32,low,heldout,8,after_block_8,0.014618796304525842,0.0030716598287096595,0.018441082572236193,-0.3310159428457073,True,,False,True
eval_50142_low,hist32,low,heldout,9,after_block_9,0.014618796304525842,0.0030716598287096595,0.024830095730622566,-0.8843144313296047,True,,False,True
eval_50142_low,hist32,low,heldout,10,after_block_10,0.014618796304525842,0.0030716598287096595,0.025365324406165304,-0.9306660680893935,True,,False,True
eval_50142_low,hist32,low,heldout,11,after_block_11,0.014618796304525842,0.0030716598287096595,0.027788206637074507,-1.1404914421969552,True,,False,True
eval_50142_low,hist32,low,heldout,12,after_block_12,0.014618796304525842,0.0030716598287096595,0.02421456137241982,-0.8310081973994963,True,,False,True
eval_50142_low,hist32,low,heldout,13,after_block_13,0.014618796304525842,0.0030716598287096595,0.01993110555888395,-0.460054253752346,True,,False,True
eval_50142_low,hist32,low,heldout,14,after_block_14,0.014618796304525842,0.0030716598287096595,0.019647015842364127,-0.4354516419173851,True,,False,True
eval_50142_low,hist32,low,heldout,15,after_block_15,0.014618796304525842,0.0030716598287096595,0.017149028923049592,-0.21912208484094375,True,,False,True
eval_50142_low,hist32,low,heldout,16,after_block_16,0.014618796304525842,0.0030716598287096595,0.017479326271678867,-0.24772634957108142,True,,False,True
eval_50142_low,hist32,low,heldout,17,after_block_17,0.014618796304525842,0.0030716598287096595,0.011977884078711995,0.22870711118248738,True,,False,True
eval_50142_low,hist32,low,heldout,18,after_block_18,0.014618796304525842,0.0030716598287096595,0.011056180285039989,0.3085280949911037,True,,False,True
eval_50142_low,hist32,low,heldout,19,after_block_19,0.014618796304525842,0.0030716598287096595,0.009904145430671757,0.4082961073274092,True,,False,True
eval_50142_low,hist32,low,heldout,20,after_block_20,0.014618796304525842,0.0030716598287096595,0.010807232053468646,0.3300873995072258,True,,False,True
eval_50142_low,hist32,low,heldout,21,after_block_21,0.014618796304525842,0.0030716598287096595,0.011484400131949471,0.2714435894250417,True,,False,True
eval_50142_low,hist32,low,heldout,22,after_block_22,0.014618796304525842,0.0030716598287096595,0.012420429225030097,0.19038201238029087,True,,False,True
eval_50142_low,hist32,low,heldout,23,after_block_23,0.014618796304525842,0.0030716598287096595,0.012419322236709858,0.19047787929262514,True,,False,True
eval_50142_low,hist32,low,heldout,24,after_block_24,0.014618796304525842,0.0030716598287096595,0.009676947220495074,0.4279718261216329,True,,False,True
eval_50142_low,hist32,low,heldout,25,after_block_25,0.014618796304525842,0.0030716598287096595,0.00991511606659913,0.4073460331726306,True,,False,True
eval_50142_low,hist32,low,heldout,26,after_block_26,0.014618796304525842,0.0030716598287096595,0.012469845039849978,0.18610252586661064,True,,False,True
eval_50142_low,hist32,low,heldout,27,after_block_27,0.014618796304525842,0.0030716598287096595,0.011792588589599357,0.24475398908167154,True,,False,True
eval_50142_low,hist32,low,heldout,28,after_block_28,0.014618796304525842,0.0030716598287096595,0.012544296959478368,0.17965487369030533,True,,False,True
eval_50142_low,hist32,low,heldout,29,after_block_29,0.014618796304525842,0.0030716598287096595,0.014618796304525842,-0.0,True,,False,True
eval_50156_low,hist32,low,heldout,0,after_block_0,0.01313886419313098,0.008062293867284987,0.00794965577149055,1.0221878332347667,True,,True,True
eval_50156_low,hist32,low,heldout,1,after_block_1,0.01313886419313098,0.008062293867284987,0.007921375625512945,1.02775855207887,True,,True,True
eval_50156_low,hist32,low,heldout,2,after_block_2,0.01313886419313098,0.008062293867284987,0.008341453162058358,0.9450102575449202,True,,True,True
eval_50156_low,hist32,low,heldout,3,after_block_3,0.01313886419313098,0.008062293867284987,0.008384615152636749,0.9365080625967596,True,,True,True
eval_50156_low,hist32,low,heldout,4,after_block_4,0.01313886419313098,0.008062293867284987,0.008605208190264895,0.8930548996404509,True,,False,True
eval_50156_low,hist32,low,heldout,5,after_block_5,0.01313886419313098,0.008062293867284987,0.008855408331552265,0.8437696292259856,True,,False,True
eval_50156_low,hist32,low,heldout,6,after_block_6,0.01313886419313098,0.008062293867284987,0.012989718495204033,0.02937922423089694,True,,False,True
eval_50156_low,hist32,low,heldout,7,after_block_7,0.01313886419313098,0.008062293867284987,0.013282812533054125,-0.02835543106539282,True,,False,True
eval_50156_low,hist32,low,heldout,8,after_block_8,0.01313886419313098,0.008062293867284987,0.015490007112938922,-0.4631360877318551,True,,False,True
eval_50156_low,hist32,low,heldout,9,after_block_9,0.01313886419313098,0.008062293867284987,0.02100660884957175,-1.5498149639303256,True,,False,True
eval_50156_low,hist32,low,heldout,10,after_block_10,0.01313886419313098,0.008062293867284987,0.019993301607102387,-1.3502102746560767,True,,False,True
eval_50156_low,hist32,low,heldout,11,after_block_11,0.01313886419313098,0.008062293867284987,0.022403548726349812,-1.8249889075800214,True,,False,True
eval_50156_low,hist32,low,heldout,12,after_block_12,0.01313886419313098,0.008062293867284987,0.018359599186720237,-1.0283980440513723,True,,False,True
eval_50156_low,hist32,low,heldout,13,after_block_13,0.01313886419313098,0.008062293867284987,0.013692701743802172,-0.10909679471029435,True,,False,True
eval_50156_low,hist32,low,heldout,14,after_block_14,0.01313886419313098,0.008062293867284987,0.015283071200452206,-0.4223731514965078,True,,False,True
eval_50156_low,hist32,low,heldout,15,after_block_15,0.01313886419313098,0.008062293867284987,0.019351866476811155,-1.2238582123147874,False,detected_frames_below_58,False,False
eval_50156_low,hist32,low,heldout,16,after_block_16,0.01313886419313098,0.008062293867284987,0.01968885085744631,-1.2902385358413795,False,detected_frames_below_58,False,False
eval_50156_low,hist32,low,heldout,17,after_block_17,0.01313886419313098,0.008062293867284987,0.017615256169506384,-0.8817748379422732,False,detected_frames_below_58,False,False
eval_50156_low,hist32,low,heldout,18,after_block_18,0.01313886419313098,0.008062293867284987,0.017657298755704782,-0.8900565288280173,True,,False,True
eval_50156_low,hist32,low,heldout,19,after_block_19,0.01313886419313098,0.008062293867284987,0.017662673619271672,-0.8911152876399511,False,detected_frames_below_58,False,False
eval_50156_low,hist32,low,heldout,20,after_block_20,0.01313886419313098,0.008062293867284987,0.01457742581686339,-0.283372736197184,True,,False,True
eval_50156_low,hist32,low,heldout,21,after_block_21,0.01313886419313098,0.008062293867284987,0.01593698388312656,-0.5511830843255939,True,,False,True
eval_50156_low,hist32,low,heldout,22,after_block_22,0.01313886419313098,0.008062293867284987,0.016656252741392652,-0.6928670977635892,True,,False,True
eval_50156_low,hist32,low,heldout,23,after_block_23,0.01313886419313098,0.008062293867284987,0.013962656036192225,-0.16227330464962342,True,,False,True
eval_50156_low,hist32,low,heldout,24,after_block_24,0.01313886419313098,0.008062293867284987,0.013816308889193128,-0.13344534844974384,True,,False,True
eval_50156_low,hist32,low,heldout,25,after_block_25,0.01313886419313098,0.008062293867284987,0.013604930630662803,-0.09180734385948927,True,,False,True
eval_50156_low,hist32,low,heldout,26,after_block_26,0.01313886419313098,0.008062293867284987,0.01346349914823191,-0.06394769189902443,True,,False,True
eval_50156_low,hist32,low,heldout,27,after_block_27,0.01313886419313098,0.008062293867284987,0.013231823041825342,-0.01831134855378383,True,,False,True
eval_50156_low,hist32,low,heldout,28,after_block_28,0.01313886419313098,0.008062293867284987,0.013627097497107473,-0.09617384821614389,True,,False,True
eval_50156_low,hist32,low,heldout,29,after_block_29,0.01313886419313098,0.008062293867284987,0.01313886419313098,-0.0,True,,False,True
eval_50161_low,hist32,low,heldout,0,after_block_0,0.019634812904322486,0.014359154968982714,0.014311839932246998,1.0089685565886994,True,,True,True
eval_50161_low,hist32,low,heldout,1,after_block_1,0.019634812904322486,0.014359154968982714,0.014439323653692432,0.984804040426371,True,,True,True
eval_50161_low,hist32,low,heldout,2,after_block_2,0.019634812904322486,0.014359154968982714,0.015405705341724668,0.801626567611315,True,,False,True
eval_50161_low,hist32,low,heldout,3,after_block_3,0.019634812904322486,0.014359154968982714,0.015380423782528383,0.8064186825486639,True,,False,True
eval_50161_low,hist32,low,heldout,4,after_block_4,0.019634812904322486,0.014359154968982714,0.01589308607848854,0.7092436377971814,True,,False,True
eval_50161_low,hist32,low,heldout,5,after_block_5,0.019634812904322486,0.014359154968982714,0.016269192657446484,0.6379527043121767,True,,False,True
eval_50161_low,hist32,low,heldout,6,after_block_6,0.019634812904322486,0.014359154968982714,0.01873726639665508,0.17012977692413672,True,,False,True
eval_50161_low,hist32,low,heldout,7,after_block_7,0.019634812904322486,0.014359154968982714,0.019220677556034127,0.0784992797797243,True,,False,True
eval_50161_low,hist32,low,heldout,8,after_block_8,0.019634812904322486,0.014359154968982714,0.019162027663968094,0.08961635613017495,True,,False,True
eval_50161_low,hist32,low,heldout,9,after_block_9,0.019634812904322486,0.014359154968982714,0.019983450678487447,-0.06608422654349112,True,,False,True
eval_50161_low,hist32,low,heldout,10,after_block_10,0.019634812904322486,0.014359154968982714,0.017196453434744026,0.46219059299594656,True,,False,True
eval_50161_low,hist32,low,heldout,11,after_block_11,0.019634812904322486,0.014359154968982714,0.018970881853689957,0.12584800962645606,True,,False,True
eval_50161_low,hist32,low,heldout,12,after_block_12,0.019634812904322486,0.014359154968982714,0.015241752583979765,0.8327037829566545,True,,False,True
eval_50161_low,hist32,low,heldout,13,after_block_13,0.019634812904322486,0.014359154968982714,0.010689731373262382,1.6955385737085336,True,,False,True
eval_50161_low,hist32,low,heldout,14,after_block_14,0.019634812904322486,0.014359154968982714,0.013914897461778177,1.0842089295116373,True,,True,True
eval_50161_low,hist32,low,heldout,15,after_block_15,0.019634812904322486,0.014359154968982714,0.031184978347337793,-2.1893317543665636,False,detected_frames_below_58,False,False
eval_50161_low,hist32,low,heldout,16,after_block_16,0.019634812904322486,0.014359154968982714,0.03005551399924204,-1.9752419930630738,False,detected_frames_below_58,False,False
eval_50161_low,hist32,low,heldout,17,after_block_17,0.019634812904322486,0.014359154968982714,0.0215051275686402,-0.35451780370162644,True,,False,True
eval_50161_low,hist32,low,heldout,18,after_block_18,0.019634812904322486,0.014359154968982714,0.01983342492444151,-0.037646872210685495,True,,False,True
eval_50161_low,hist32,low,heldout,19,after_block_19,0.019634812904322486,0.014359154968982714,0.017524830791558758,0.39994672486813493,True,,False,True
eval_50161_low,hist32,low,heldout,20,after_block_20,0.019634812904322486,0.014359154968982714,0.011398399860317873,1.5612105911628174,True,,False,True
eval_50161_low,hist32,low,heldout,21,after_block_21,0.019634812904322486,0.014359154968982714,0.01994138045574713,-0.05810982349159804,True,,False,True
eval_50161_low,hist32,low,heldout,22,after_block_22,0.019634812904322486,0.014359154968982714,0.020463504589277762,-0.1570783578298666,True,,False,True
eval_50161_low,hist32,low,heldout,23,after_block_23,0.019634812904322486,0.014359154968982714,0.019696660680056384,-0.011723234616786109,True,,False,True
eval_50161_low,hist32,low,heldout,24,after_block_24,0.019634812904322486,0.014359154968982714,0.015925709363904722,0.7030598999930961,True,,False,True
eval_50161_low,hist32,low,heldout,25,after_block_25,0.019634812904322486,0.014359154968982714,0.015906321418493442,0.7067348815117815,True,,False,True
eval_50161_low,hist32,low,heldout,26,after_block_26,0.019634812904322486,0.014359154968982714,0.015608159271739183,0.7632514620802403,True,,False,True
eval_50161_low,hist32,low,heldout,27,after_block_27,0.019634812904322486,0.014359154968982714,0.018680776674529873,0.18083739345605818,True,,False,True
eval_50161_low,hist32,low,heldout,28,after_block_28,0.019634812904322486,0.014359154968982714,0.019040492527837464,0.11265331903038671,True,,False,True
eval_50161_low,hist32,low,heldout,29,after_block_29,0.019634812904322486,0.014359154968982714,0.019634812904322486,-0.0,True,,False,True
eval_50163_high,hist32,high,heldout,0,after_block_0,0.044222422565086086,0.06493265781975895,0.06509699410936276,1.0079350276606218,True,,True,True
eval_50163_high,hist32,high,heldout,1,after_block_1,0.044222422565086086,0.06493265781975895,0.06414197594275906,0.961821685399663,True,,True,True
eval_50163_high,hist32,high,heldout,2,after_block_2,0.044222422565086086,0.06493265781975895,0.05829665053232971,0.6795783724411362,True,,False,True
eval_50163_high,hist32,high,heldout,3,after_block_3,0.044222422565086086,0.06493265781975895,0.058579635407095126,0.6932423830757604,True,,False,True
eval_50163_high,hist32,high,heldout,4,after_block_4,0.044222422565086086,0.06493265781975895,0.05278346923630838,0.4133727389354818,True,,False,True
eval_50163_high,hist32,high,heldout,5,after_block_5,0.044222422565086086,0.06493265781975895,0.052363827431857655,0.3931102069414987,True,,False,True
eval_50163_high,hist32,high,heldout,6,after_block_6,0.044222422565086086,0.06493265781975895,0.049635532158526244,0.2613736409497712,True,,False,True
eval_50163_high,hist32,high,heldout,7,after_block_7,0.044222422565086086,0.06493265781975895,0.04927472173822175,0.24395180020930515,True,,False,True
eval_50163_high,hist32,high,heldout,8,after_block_8,0.044222422565086086,0.06493265781975895,0.04868856058400685,0.21564883083175337,True,,False,True
eval_50163_high,hist32,high,heldout,9,after_block_9,0.044222422565086086,0.06493265781975895,0.046440644586826174,0.10710752410403399,True,,False,True
eval_50163_high,hist32,high,heldout,10,after_block_10,0.044222422565086086,0.06493265781975895,0.04824291177731151,0.1941305428347697,True,,False,True
eval_50163_high,hist32,high,heldout,11,after_block_11,0.044222422565086086,0.06493265781975895,0.04806847816959173,0.18570796310186063,True,,False,True
eval_50163_high,hist32,high,heldout,12,after_block_12,0.044222422565086086,0.06493265781975895,0.05278960595821871,0.4136690524169495,True,,False,True
eval_50163_high,hist32,high,heldout,13,after_block_13,0.044222422565086086,0.06493265781975895,0.05419894064633308,0.48171920591756606,True,,False,True
eval_50163_high,hist32,high,heldout,14,after_block_14,0.044222422565086086,0.06493265781975895,0.057520026470306435,0.6420788437070025,True,,False,True
eval_50163_high,hist32,high,heldout,15,after_block_15,0.044222422565086086,0.06493265781975895,0.05618571909626522,0.5776514068559337,True,,False,True
eval_50163_high,hist32,high,heldout,16,after_block_16,0.044222422565086086,0.06493265781975895,0.05600344872246673,0.568850426492499,True,,False,True
eval_50163_high,hist32,high,heldout,17,after_block_17,0.044222422565086086,0.06493265781975895,0.057896732250620836,0.6602681967337579,True,,False,True
eval_50163_high,hist32,high,heldout,18,after_block_18,0.044222422565086086,0.06493265781975895,0.057188404391577324,0.6260663709054545,True,,False,True
eval_50163_high,hist32,high,heldout,19,after_block_19,0.044222422565086086,0.06493265781975895,0.053246068756198195,0.4357094972678352,True,,False,True
eval_50163_high,hist32,high,heldout,20,after_block_20,0.044222422565086086,0.06493265781975895,0.05078313225007427,0.3167858599533719,True,,False,True
eval_50163_high,hist32,high,heldout,21,after_block_21,0.044222422565086086,0.06493265781975895,0.04952638380223249,0.2561033794123448,True,,False,True
eval_50163_high,hist32,high,heldout,22,after_block_22,0.044222422565086086,0.06493265781975895,0.049037045314927266,0.23247552191638451,True,,False,True
eval_50163_high,hist32,high,heldout,23,after_block_23,0.044222422565086086,0.06493265781975895,0.04715347303816602,0.14152666239841963,True,,False,True
eval_50163_high,hist32,high,heldout,24,after_block_24,0.044222422565086086,0.06493265781975895,0.0474857506401184,0.15757078733791835,True,,False,True
eval_50163_high,hist32,high,heldout,25,after_block_25,0.044222422565086086,0.06493265781975895,0.047477137994548876,0.1571549231305051,True,,False,True
eval_50163_high,hist32,high,heldout,26,after_block_26,0.044222422565086086,0.06493265781975895,0.04553053420516431,0.06316256787971881,True,,False,True
eval_50163_high,hist32,high,heldout,27,after_block_27,0.044222422565086086,0.06493265781975895,0.045458429610528435,0.059680975625975456,True,,False,True
eval_50163_high,hist32,high,heldout,28,after_block_28,0.044222422565086086,0.06493265781975895,0.04484395947307352,0.030011098393833865,True,,False,True
eval_50163_high,hist32,high,heldout,29,after_block_29,0.044222422565086086,0.06493265781975895,0.044222422565086086,0.0,True,,False,True
eval_50169_high,hist32,high,heldout,0,after_block_0,0.04354035044134497,0.06420748266933733,0.0643716435209658,1.0079430880790576,True,,True,True
eval_50169_high,hist32,high,heldout,1,after_block_1,0.04354035044134497,0.06420748266933733,0.0632775289671429,0.9550032538653392,True,,True,True
eval_50169_high,hist32,high,heldout,2,after_block_2,0.04354035044134497,0.06420748266933733,0.05863227288523919,0.730237861615514,True,,False,True
eval_50169_high,hist32,high,heldout,3,after_block_3,0.04354035044134497,0.06420748266933733,0.05881495804049615,0.7390772667754387,True,,False,True
eval_50169_high,hist32,high,heldout,4,after_block_4,0.04354035044134497,0.06420748266933733,0.053412854899068204,0.4776910675759616,True,,False,True
eval_50169_high,hist32,high,heldout,5,after_block_5,0.04354035044134497,0.06420748266933733,0.053220558171691225,0.4683865968223209,True,,False,True
eval_50169_high,hist32,high,heldout,6,after_block_6,0.04354035044134497,0.06420748266933733,0.05071493367982972,0.34714943318392344,True,,False,True
eval_50169_high,hist32,high,heldout,7,after_block_7,0.04354035044134497,0.06420748266933733,0.05094091255586226,0.358083648610603,True,,False,True
eval_50169_high,hist32,high,heldout,8,after_block_8,0.04354035044134497,0.06420748266933733,0.05013323580012179,0.3190033956354701,True,,False,True
eval_50169_high,hist32,high,heldout,9,after_block_9,0.04354035044134497,0.06420748266933733,0.04816608846861048,0.2238209915258697,True,,False,True
eval_50169_high,hist32,high,heldout,10,after_block_10,0.04354035044134497,0.06420748266933733,0.049897423384384416,0.3075933744900117,True,,False,True
eval_50169_high,hist32,high,heldout,11,after_block_11,0.04354035044134497,0.06420748266933733,0.04951764935109767,0.2892176255424936,True,,False,True
eval_50169_high,hist32,high,heldout,12,after_block_12,0.04354035044134497,0.06420748266933733,0.053929948110404295,0.5027111432028897,True,,False,True
eval_50169_high,hist32,high,heldout,13,after_block_13,0.04354035044134497,0.06420748266933733,0.05483454782222815,0.5464811109877104,True,,False,True
eval_50169_high,hist32,high,heldout,14,after_block_14,0.04354035044134497,0.06420748266933733,0.05724248708029678,0.6629916762420044,True,,False,True
eval_50169_high,hist32,high,heldout,15,after_block_15,0.04354035044134497,0.06420748266933733,0.054321632040277346,0.5216631644873201,True,,False,True
eval_50169_high,hist32,high,heldout,16,after_block_16,0.04354035044134497,0.06420748266933733,0.05606381117709825,0.6059602560045085,True,,False,True
eval_50169_high,hist32,high,heldout,17,after_block_17,0.04354035044134497,0.06420748266933733,0.05487413050363522,0.5483963588784387,True,,False,True
eval_50169_high,hist32,high,heldout,18,after_block_18,0.04354035044134497,0.06420748266933733,0.05460250078616108,0.5352532815284892,True,,False,True
eval_50169_high,hist32,high,heldout,19,after_block_19,0.04354035044134497,0.06420748266933733,0.05205144781086513,0.4118180149828626,True,,False,True
eval_50169_high,hist32,high,heldout,20,after_block_20,0.04354035044134497,0.06420748266933733,0.04984035751578055,0.3048321849851334,True,,False,True
eval_50169_high,hist32,high,heldout,21,after_block_21,0.04354035044134497,0.06420748266933733,0.04775097720411267,0.2037354150695694,True,,False,True
eval_50169_high,hist32,high,heldout,22,after_block_22,0.04354035044134497,0.06420748266933733,0.04842365346272573,0.23628353307608993,True,,False,True
eval_50169_high,hist32,high,heldout,23,after_block_23,0.04354035044134497,0.06420748266933733,0.0466216763017384,0.14909305395646327,True,,False,True
eval_50169_high,hist32,high,heldout,24,after_block_24,0.04354035044134497,0.06420748266933733,0.04684728946560064,0.1600095740315932,True,,False,True
eval_50169_high,hist32,high,heldout,25,after_block_25,0.04354035044134497,0.06420748266933733,0.0469864710978987,0.1667440174348992,True,,False,True
eval_50169_high,hist32,high,heldout,26,after_block_26,0.04354035044134497,0.06420748266933733,0.04483303693420234,0.0625479374011312,True,,False,True
eval_50169_high,hist32,high,heldout,27,after_block_27,0.04354035044134497,0.06420748266933733,0.04470000364693403,0.05611098786208845,True,,False,True
eval_50169_high,hist32,high,heldout,28,after_block_28,0.04354035044134497,0.06420748266933733,0.04391236285211808,0.01800019502798942,True,,False,True
eval_50169_high,hist32,high,heldout,29,after_block_29,0.04354035044134497,0.06420748266933733,0.04354035044134497,0.0,True,,False,True
eval_50195_high,hist32,high,heldout,0,after_block_0,0.04442839757113038,0.0662713550123928,0.06629942957593402,1.0012852913171997,True,,True,True
eval_50195_high,hist32,high,heldout,1,after_block_1,0.04442839757113038,0.0662713550123928,0.06556158108362081,0.967505593934309,True,,True,True
eval_50195_high,hist32,high,heldout,2,after_block_2,0.04442839757113038,0.0662713550123928,0.060270278469198024,0.7252626362830132,True,,False,True
eval_50195_high,hist32,high,heldout,3,after_block_3,0.04442839757113038,0.0662713550123928,0.06041952101441194,0.7320951609361076,True,,False,True
eval_50195_high,hist32,high,heldout,4,after_block_4,0.04442839757113038,0.0662713550123928,0.05345619993362135,0.41330494676682417,True,,False,True
eval_50195_high,hist32,high,heldout,5,after_block_5,0.04442839757113038,0.0662713550123928,0.05300808056186638,0.3927894386008625,True,,False,True
eval_50195_high,hist32,high,heldout,6,after_block_6,0.04442839757113038,0.0662713550123928,0.05041577181245763,0.2741100538893512,True,,False,True
eval_50195_high,hist32,high,heldout,7,after_block_7,0.04442839757113038,0.0662713550123928,0.050222009068173805,0.2652393345829172,True,,False,True
eval_50195_high,hist32,high,heldout,8,after_block_8,0.04442839757113038,0.0662713550123928,0.04953811256206924,0.2339296317670957,True,,False,True
eval_50195_high,hist32,high,heldout,9,after_block_9,0.04442839757113038,0.0662713550123928,0.047577753527811836,0.1441817558428314,True,,False,True
eval_50195_high,hist32,high,heldout,10,after_block_10,0.04442839757113038,0.0662713550123928,0.04894159799950005,0.2066203919732962,True,,False,True
eval_50195_high,hist32,high,heldout,11,after_block_11,0.04442839757113038,0.0662713550123928,0.04836182062134187,0.18007740301599715,True,,False,True
eval_50195_high,hist32,high,heldout,12,after_block_12,0.04442839757113038,0.0662713550123928,0.05356775152720599,0.41841192890899115,True,,False,True
eval_50195_high,hist32,high,heldout,13,after_block_13,0.04442839757113038,0.0662713550123928,0.054414732190397094,0.4571878440051363,True,,False,True
eval_50195_high,hist32,high,heldout,14,after_block_14,0.04442839757113038,0.0662713550123928,0.058507256452913735,0.6445491147269141,True,,False,True
eval_50195_high,hist32,high,heldout,15,after_block_15,0.04442839757113038,0.0662713550123928,0.0610228888557524,0.7597181530589905,True,,False,True
eval_50195_high,hist32,high,heldout,16,after_block_16,0.04442839757113038,0.0662713550123928,0.06075939288137009,0.7476549525930797,True,,False,True
eval_50195_high,hist32,high,heldout,17,after_block_17,0.04442839757113038,0.0662713550123928,0.05838875656091976,0.6391240301287031,True,,False,True
eval_50195_high,hist32,high,heldout,18,after_block_18,0.04442839757113038,0.0662713550123928,0.05640872482218214,0.548475511306923,True,,False,True
eval_50195_high,hist32,high,heldout,19,after_block_19,0.04442839757113038,0.0662713550123928,0.053543135740752534,0.4172849850636053,True,,False,True
eval_50195_high,hist32,high,heldout,20,after_block_20,0.04442839757113038,0.0662713550123928,0.052695682097778994,0.37848741631622224,True,,False,True
eval_50195_high,hist32,high,heldout,21,after_block_21,0.04442839757113038,0.0662713550123928,0.049788410795662784,0.24538862189087432,True,,False,True
eval_50195_high,hist32,high,heldout,22,after_block_22,0.04442839757113038,0.0662713550123928,0.04967358245591546,0.24013162589772147,True,,False,True
eval_50195_high,hist32,high,heldout,23,after_block_23,0.04442839757113038,0.0662713550123928,0.04729098278549817,0.13105300516496105,True,,False,True
eval_50195_high,hist32,high,heldout,24,after_block_24,0.04442839757113038,0.0662713550123928,0.04771119793694503,0.1502910205562769,True,,False,True
eval_50195_high,hist32,high,heldout,25,after_block_25,0.04442839757113038,0.0662713550123928,0.047576490992117824,0.1441239552589404,True,,False,True
eval_50195_high,hist32,high,heldout,26,after_block_26,0.04442839757113038,0.0662713550123928,0.045770465725220345,0.061441686992198784,True,,False,True
eval_50195_high,hist32,high,heldout,27,after_block_27,0.04442839757113038,0.0662713550123928,0.04570810140499328,0.05858656444779218,True,,False,True
eval_50195_high,hist32,high,heldout,28,after_block_28,0.04442839757113038,0.0662713550123928,0.04483580825437963,0.018651809597890527,True,,False,True
eval_50195_high,hist32,high,heldout,29,after_block_29,0.04442839757113038,0.0662713550123928,0.04442839757113038,0.0,True,,False,True
eval_50204_low,hist32,low,heldout,0,after_block_0,0.015199802263388537,0.009887796076830428,0.009971631816955148,0.9842176877849157,True,,True,True
eval_50204_low,hist32,low,heldout,1,after_block_1,0.015199802263388537,0.009887796076830428,0.00994266851430491,0.9896701103975868,True,,True,True
eval_50204_low,hist32,low,heldout,2,after_block_2,0.015199802263388537,0.009887796076830428,0.010478294453041721,0.8888370315332965,True,,False,True
eval_50204_low,hist32,low,heldout,3,after_block_3,0.015199802263388537,0.009887796076830428,0.01052422215677759,0.8801910130380455,True,,False,True
eval_50204_low,hist32,low,heldout,4,after_block_4,0.015199802263388537,0.009887796076830428,0.010209020387277288,0.9395286264425465,True,,True,True
eval_50204_low,hist32,low,heldout,5,after_block_5,0.015199802263388537,0.009887796076830428,0.010651864464060952,0.8561619922122873,True,,False,True
eval_50204_low,hist32,low,heldout,6,after_block_6,0.015199802263388537,0.009887796076830428,0.013842961955212355,0.2554289774002204,True,,False,True
eval_50204_low,hist32,low,heldout,7,after_block_7,0.015199802263388537,0.009887796076830428,0.01410172137618444,0.20671679373844873,True,,False,True
eval_50204_low,hist32,low,heldout,8,after_block_8,0.015199802263388537,0.009887796076830428,0.01581672071341269,-0.11613662114800402,True,,False,True
eval_50204_low,hist32,low,heldout,9,after_block_9,0.015199802263388537,0.009887796076830428,0.02028784319542669,-0.9578379153460523,True,,False,True
eval_50204_low,hist32,low,heldout,10,after_block_10,0.015199802263388537,0.009887796076830428,0.017812373278592288,-0.4918237900051383,True,,False,True
eval_50204_low,hist32,low,heldout,11,after_block_11,0.015199802263388537,0.009887796076830428,0.019967583347245115,-0.8975481045035909,True,,False,True
eval_50204_low,hist32,low,heldout,12,after_block_12,0.015199802263388537,0.009887796076830428,0.015868790190290506,-0.12593884558998175,True,,False,True
eval_50204_low,hist32,low,heldout,13,after_block_13,0.015199802263388537,0.009887796076830428,0.011057925004172105,0.7797199614897555,True,,False,True
eval_50204_low,hist32,low,heldout,14,after_block_14,0.015199802263388537,0.009887796076830428,0.012691668881842677,0.4721631137954292,True,,False,True
eval_50204_low,hist32,low,heldout,15,after_block_15,0.015199802263388537,0.009887796076830428,0.02309738688596291,-1.4867423615881707,False,detected_frames_below_58,False,False
eval_50204_low,hist32,low,heldout,16,after_block_16,0.015199802263388537,0.009887796076830428,0.02423982406317619,-1.7018093507991745,False,detected_frames_below_58,False,False
eval_50204_low,hist32,low,heldout,17,after_block_17,0.015199802263388537,0.009887796076830428,0.023035394282098703,-1.4750720807776776,False,detected_frames_below_58,False,False
eval_50204_low,hist32,low,heldout,18,after_block_18,0.015199802263388537,0.009887796076830428,0.019150253904851408,-0.7436835543338381,True,,False,True
eval_50204_low,hist32,low,heldout,19,after_block_19,0.015199802263388537,0.009887796076830428,0.017920476609077245,-0.5121745438801074,False,detected_frames_below_58,False,False
eval_50204_low,hist32,low,heldout,20,after_block_20,0.015199802263388537,0.009887796076830428,0.010869860159471225,0.815123693732533,True,,False,True
eval_50204_low,hist32,low,heldout,21,after_block_21,0.015199802263388537,0.009887796076830428,0.016401748293268344,-0.22626969692190876,True,,False,True
eval_50204_low,hist32,low,heldout,22,after_block_22,0.015199802263388537,0.009887796076830428,0.01781282970634354,-0.4919097138040241,True,,False,True
eval_50204_low,hist32,low,heldout,23,after_block_23,0.015199802263388537,0.009887796076830428,0.01563688807615669,-0.08228262494764925,True,,False,True
eval_50204_low,hist32,low,heldout,24,after_block_24,0.015199802263388537,0.009887796076830428,0.0122662227609868,0.5522545342332399,True,,False,True
eval_50204_low,hist32,low,heldout,25,after_block_25,0.015199802263388537,0.009887796076830428,0.014598301028698446,0.11323428730414022,True,,False,True
eval_50204_low,hist32,low,heldout,26,after_block_26,0.015199802263388537,0.009887796076830428,0.015653376380895062,-0.08538659436321491,True,,False,True
eval_50204_low,hist32,low,heldout,27,after_block_27,0.015199802263388537,0.009887796076830428,0.015579363306209985,-0.071453426349901,True,,False,True
eval_50204_low,hist32,low,heldout,28,after_block_28,0.015199802263388537,0.009887796076830428,0.012615129780056971,0.4865718134651294,True,,False,True
eval_50204_low,hist32,low,heldout,29,after_block_29,0.015199802263388537,0.009887796076830428,0.015199802263388537,-0.0,True,,False,True
eval_50216_high,hist32,high,heldout,0,after_block_0,0.04470961453760514,0.06459998055601249,0.0647704086524147,1.0085683740683546,True,,True,True
eval_50216_high,hist32,high,heldout,1,after_block_1,0.04470961453760514,0.06459998055601249,0.06377445992216892,0.9584964583819322,True,,True,True
eval_50216_high,hist32,high,heldout,2,after_block_2,0.04470961453760514,0.06459998055601249,0.05920159812864224,0.7285931077198695,True,,False,True
eval_50216_high,hist32,high,heldout,3,after_block_3,0.04470961453760514,0.06459998055601249,0.05949102338063786,0.7431441346706946,True,,False,True
eval_50216_high,hist32,high,heldout,4,after_block_4,0.04470961453760514,0.06459998055601249,0.054397015248007566,0.48703984137030526,True,,False,True
eval_50216_high,hist32,high,heldout,5,after_block_5,0.04470961453760514,0.06459998055601249,0.054203434633911654,0.4773074606832548,True,,False,True
eval_50216_high,hist32,high,heldout,6,after_block_6,0.04470961453760514,0.06459998055601249,0.05179020644854206,0.355980976136098,True,,False,True
eval_50216_high,hist32,high,heldout,7,after_block_7,0.04470961453760514,0.06459998055601249,0.05209428314566577,0.3712686132184072,True,,False,True
eval_50216_high,hist32,high,heldout,8,after_block_8,0.04470961453760514,0.06459998055601249,0.051405175842501226,0.3366233330598211,True,,False,True
eval_50216_high,hist32,high,heldout,9,after_block_9,0.04470961453760514,0.06459998055601249,0.05040829827731217,0.2865047196433307,True,,False,True
eval_50216_high,hist32,high,heldout,10,after_block_10,0.04470961453760514,0.06459998055601249,0.051514120150500185,0.34210057304113356,True,,False,True
eval_50216_high,hist32,high,heldout,11,after_block_11,0.04470961453760514,0.06459998055601249,0.05125635766866908,0.32914141072141756,True,,False,True
eval_50216_high,hist32,high,heldout,12,after_block_12,0.04470961453760514,0.06459998055601249,0.055147191554353915,0.5247554020418437,True,,False,True
eval_50216_high,hist32,high,heldout,13,after_block_13,0.04470961453760514,0.06459998055601249,0.05598303063038478,0.5667777094874357,True,,False,True
eval_50216_high,hist32,high,heldout,14,after_block_14,0.04470961453760514,0.06459998055601249,0.060357576926370435,0.786710630376738,True,,False,True
eval_50216_high,hist32,high,heldout,15,after_block_15,0.04470961453760514,0.06459998055601249,0.05766226572538069,0.6512022541862047,True,,False,True
eval_50216_high,hist32,high,heldout,16,after_block_16,0.04470961453760514,0.06459998055601249,0.05757740472270221,0.6469358167259817,True,,False,True
eval_50216_high,hist32,high,heldout,17,after_block_17,0.04470961453760514,0.06459998055601249,0.05659033778105568,0.5973104382521489,True,,False,True
eval_50216_high,hist32,high,heldout,18,after_block_18,0.04470961453760514,0.06459998055601249,0.055050114068332996,0.5198747736043842,True,,False,True
eval_50216_high,hist32,high,heldout,19,after_block_19,0.04470961453760514,0.06459998055601249,0.052702330982775665,0.40183858043505793,True,,False,True
eval_50216_high,hist32,high,heldout,20,after_block_20,0.04470961453760514,0.06459998055601249,0.05042467865300037,0.2873282527886252,True,,False,True
eval_50216_high,hist32,high,heldout,21,after_block_21,0.04470961453760514,0.06459998055601249,0.048913665937641515,0.21136118843392696,True,,False,True
eval_50216_high,hist32,high,heldout,22,after_block_22,0.04470961453760514,0.06459998055601249,0.04922333069943164,0.2269297687960756,True,,False,True
eval_50216_high,hist32,high,heldout,23,after_block_23,0.04470961453760514,0.06459998055601249,0.047789405051767535,0.15483830268946433,True,,False,True
eval_50216_high,hist32,high,heldout,24,after_block_24,0.04470961453760514,0.06459998055601249,0.04748050171658409,0.13930800350353828,True,,False,True
eval_50216_high,hist32,high,heldout,25,after_block_25,0.04470961453760514,0.06459998055601249,0.04764290387259321,0.14747286863768555,True,,False,True
eval_50216_high,hist32,high,heldout,26,after_block_26,0.04470961453760514,0.06459998055601249,0.04604122504525598,0.06694751149468588,True,,False,True
eval_50216_high,hist32,high,heldout,27,after_block_27,0.04470961453760514,0.06459998055601249,0.0458487807309362,0.057272258955759096,True,,False,True
eval_50216_high,hist32,high,heldout,28,after_block_28,0.04470961453760514,0.06459998055601249,0.04508387809260775,0.018816323171541815,True,,False,True
eval_50216_high,hist32,high,heldout,29,after_block_29,0.04470961453760514,0.06459998055601249,0.04470961453760514,0.0,True,,False,True
eval_50316_low,hist32,low,heldout,0,after_block_0,0.021614204176859934,0.01578288997628444,0.015801174567334538,0.9968644133344258,True,,True,True
eval_50316_low,hist32,low,heldout,1,after_block_1,0.021614204176859934,0.01578288997628444,0.016034622919307358,0.9568308387501956,True,,True,True
eval_50316_low,hist32,low,heldout,2,after_block_2,0.021614204176859934,0.01578288997628444,0.016653243722012066,0.8507448379917977,True,,False,True
eval_50316_low,hist32,low,heldout,3,after_block_3,0.021614204176859934,0.01578288997628444,0.01692765414693428,0.803686762319056,True,,False,True
eval_50316_low,hist32,low,heldout,4,after_block_4,0.021614204176859934,0.01578288997628444,0.01745839986881199,0.7126702772486185,True,,False,True
eval_50316_low,hist32,low,heldout,5,after_block_5,0.021614204176859934,0.01578288997628444,0.018000129121124385,0.6197702492825503,True,,False,True
eval_50316_low,hist32,low,heldout,6,after_block_6,0.021614204176859934,0.01578288997628444,0.02004879567739521,0.26844866279203977,True,,False,True
eval_50316_low,hist32,low,heldout,7,after_block_7,0.021614204176859934,0.01578288997628444,0.020413288199102392,0.2059425948337723,True,,False,True
eval_50316_low,hist32,low,heldout,8,after_block_8,0.021614204176859934,0.01578288997628444,0.01945994777508632,0.369428970498796,True,,False,True
eval_50316_low,hist32,low,heldout,9,after_block_9,0.021614204176859934,0.01578288997628444,0.01924267701645416,0.4066882830926392,True,,False,True
eval_50316_low,hist32,low,heldout,10,after_block_10,0.021614204176859934,0.01578288997628444,0.01590757610690654,0.9786178335906178,True,,True,True
eval_50316_low,hist32,low,heldout,11,after_block_11,0.021614204176859934,0.01578288997628444,0.017320249982987233,0.7363613151644153,True,,False,True
eval_50316_low,hist32,low,heldout,12,after_block_12,0.021614204176859934,0.01578288997628444,0.015024485369178761,1.1300572359882155,True,,False,True
eval_50316_low,hist32,low,heldout,13,after_block_13,0.021614204176859934,0.01578288997628444,0.011241518008757174,1.778790476952704,True,,False,True
eval_50316_low,hist32,low,heldout,14,after_block_14,0.021614204176859934,0.01578288997628444,0.01855100948216438,0.5253009166258346,True,,False,True
eval_50316_low,hist32,low,heldout,15,after_block_15,0.021614204176859934,0.01578288997628444,0.03082968607917931,-1.58034391311137,False,detected_frames_below_58,False,False
eval_50316_low,hist32,low,heldout,16,after_block_16,0.021614204176859934,0.01578288997628444,0.029364327353063508,-1.3290525788232628,False,detected_frames_below_58,False,False
eval_50316_low,hist32,low,heldout,17,after_block_17,0.021614204176859934,0.01578288997628444,0.02537620513544575,-0.6451377561192884,False,detected_frames_below_58,False,False
eval_50316_low,hist32,low,heldout,18,after_block_18,0.021614204176859934,0.01578288997628444,0.02619478652449889,-0.7855145838629132,False,detected_frames_below_58,False,False
eval_50316_low,hist32,low,heldout,19,after_block_19,0.021614204176859934,0.01578288997628444,0.023247452237826906,-0.2800823287494585,False,detected_frames_below_58,False,False
eval_50316_low,hist32,low,heldout,20,after_block_20,0.021614204176859934,0.01578288997628444,0.021272760532274625,0.05855346373749023,True,,False,True
eval_50316_low,hist32,low,heldout,21,after_block_21,0.021614204176859934,0.01578288997628444,0.024973086315147268,-0.5760077441815508,False,detected_frames_below_58,False,False
eval_50316_low,hist32,low,heldout,22,after_block_22,0.021614204176859934,0.01578288997628444,0.025186047279500717,-0.6125279790768737,False,detected_frames_below_58,False,False
eval_50316_low,hist32,low,heldout,23,after_block_23,0.021614204176859934,0.01578288997628444,0.024597904060293878,-0.5116685160164206,False,detected_frames_below_58,False,False
eval_50316_low,hist32,low,heldout,24,after_block_24,0.021614204176859934,0.01578288997628444,0.02231356843040202,-0.11993252798366852,True,,False,True
eval_50316_low,hist32,low,heldout,25,after_block_25,0.021614204176859934,0.01578288997628444,0.022309374682524558,-0.1192133508422538,True,,False,True
eval_50316_low,hist32,low,heldout,26,after_block_26,0.021614204176859934,0.01578288997628444,0.02103117123415836,0.09998311232209611,False,detected_frames_below_58,False,False
eval_50316_low,hist32,low,heldout,27,after_block_27,0.021614204176859934,0.01578288997628444,0.02101046889488863,0.1035333136245209,True,,False,True
eval_50316_low,hist32,low,heldout,28,after_block_28,0.021614204176859934,0.01578288997628444,0.021090994925117672,0.08972407140925916,True,,False,True
eval_50316_low,hist32,low,heldout,29,after_block_29,0.021614204176859934,0.01578288997628444,0.021614204176859934,-0.0,True,,False,True
eval_50022_low,hist32,low,heldout,0,after_block_0,0.021072786592906158,0.0157886463276882,0.015837265137317785,0.9907991069143998,True,,True,True
eval_50022_low,hist32,low,heldout,1,after_block_1,0.021072786592906158,0.0157886463276882,0.016153918048774172,0.9308739543705307,True,,True,True
eval_50022_low,hist32,low,heldout,2,after_block_2,0.021072786592906158,0.0157886463276882,0.016513410714865055,0.8628415691484372,True,,False,True
eval_50022_low,hist32,low,heldout,3,after_block_3,0.021072786592906158,0.0157886463276882,0.016695825877003495,0.82832031252337,True,,False,True
eval_50022_low,hist32,low,heldout,4,after_block_4,0.021072786592906158,0.0157886463276882,0.017269759041622097,0.7197060184637614,True,,False,True
eval_50022_low,hist32,low,heldout,5,after_block_5,0.021072786592906158,0.0157886463276882,0.017616611528656085,0.6540657308057877,True,,False,True
eval_50022_low,hist32,low,heldout,6,after_block_6,0.021072786592906158,0.0157886463276882,0.02000851624881147,0.20140842041989032,True,,False,True
eval_50022_low,hist32,low,heldout,7,after_block_7,0.021072786592906158,0.0157886463276882,0.020506408856160136,0.10718446300037039,True,,False,True
eval_50022_low,hist32,low,heldout,8,after_block_8,0.021072786592906158,0.0157886463276882,0.019555065592113587,0.28722193670420443,True,,False,True
eval_50022_low,hist32,low,heldout,9,after_block_9,0.021072786592906158,0.0157886463276882,0.019411080894596918,0.31447039913894076,True,,False,True
eval_50022_low,hist32,low,heldout,10,after_block_10,0.021072786592906158,0.0157886463276882,0.015875961720156716,0.9834759510372468,True,,True,True
eval_50022_low,hist32,low,heldout,11,after_block_11,0.021072786592906158,0.0157886463276882,0.017169503615789197,0.7386789110822288,True,,False,True
eval_50022_low,hist32,low,heldout,12,after_block_12,0.021072786592906158,0.0157886463276882,0.014361267670110294,1.2701250508002988,True,,False,True
eval_50022_low,hist32,low,heldout,13,after_block_13,0.021072786592906158,0.0157886463276882,0.01051890407568116,1.9972752401548286,True,,False,True
eval_50022_low,hist32,low,heldout,14,after_block_14,0.021072786592906158,0.0157886463276882,0.01643073263781255,0.878488026831766,True,,False,True
eval_50022_low,hist32,low,heldout,15,after_block_15,0.021072786592906158,0.0157886463276882,0.02678448104754626,-1.0809127252424495,False,detected_frames_below_58,False,False
eval_50022_low,hist32,low,heldout,16,after_block_16,0.021072786592906158,0.0157886463276882,0.02611973177563744,-0.9551118875386453,False,detected_frames_below_58,False,False
eval_50022_low,hist32,low,heldout,17,after_block_17,0.021072786592906158,0.0157886463276882,0.02318900212941847,-0.4004843608035871,False,detected_frames_below_58,False,False
eval_50022_low,hist32,low,heldout,18,after_block_18,0.021072786592906158,0.0157886463276882,0.021567181512113405,-0.09356203552383456,True,,False,True
eval_50022_low,hist32,low,heldout,19,after_block_19,0.021072786592906158,0.0157886463276882,0.020209519131459026,0.16336952051206075,True,,False,True
eval_50022_low,hist32,low,heldout,20,after_block_20,0.021072786592906158,0.0157886463276882,0.019583009546057364,0.2819336679336508,True,,False,True
eval_50022_low,hist32,low,heldout,21,after_block_21,0.021072786592906158,0.0157886463276882,0.02286270846716558,-0.3387347391289568,True,,False,True
eval_50022_low,hist32,low,heldout,22,after_block_22,0.021072786592906158,0.0157886463276882,0.02287087562685411,-0.34028033770859495,True,,False,True
eval_50022_low,hist32,low,heldout,23,after_block_23,0.021072786592906158,0.0157886463276882,0.02144072061981024,-0.0696298751427839,True,,False,True
eval_50022_low,hist32,low,heldout,24,after_block_24,0.021072786592906158,0.0157886463276882,0.02098043297954207,0.017477509817820702,True,,False,True
eval_50022_low,hist32,low,heldout,25,after_block_25,0.021072786592906158,0.0157886463276882,0.020935062599499257,0.026063652078550645,True,,False,True
eval_50022_low,hist32,low,heldout,26,after_block_26,0.021072786592906158,0.0157886463276882,0.020153636471626813,0.17394506488207914,True,,False,True
eval_50022_low,hist32,low,heldout,27,after_block_27,0.021072786592906158,0.0157886463276882,0.020335501535306114,0.1395279119392627,True,,False,True
eval_50022_low,hist32,low,heldout,28,after_block_28,0.021072786592906158,0.0157886463276882,0.020738763843583072,0.06321231696322284,True,,False,True
eval_50022_low,hist32,low,heldout,29,after_block_29,0.021072786592906158,0.0157886463276882,0.021072786592906158,-0.0,True,,False,True
eval_50047_low,hist32,low,heldout,0,after_block_0,0.023563188214477223,0.01676586524119642,0.01688648951396273,0.9822541501646358,True,,True,True
eval_50047_low,hist32,low,heldout,1,after_block_1,0.023563188214477223,0.01676586524119642,0.017089413834572863,0.952400585546948,True,,True,True
eval_50047_low,hist32,low,heldout,2,after_block_2,0.023563188214477223,0.01676586524119642,0.01786143393305922,0.8388235050520172,True,,False,True
eval_50047_low,hist32,low,heldout,3,after_block_3,0.023563188214477223,0.01676586524119642,0.017894389055871065,0.8339752548009424,True,,False,True
eval_50047_low,hist32,low,heldout,4,after_block_4,0.023563188214477223,0.01676586524119642,0.018268036018993367,0.7790055314861831,True,,False,True
eval_50047_low,hist32,low,heldout,5,after_block_5,0.023563188214477223,0.01676586524119642,0.018566511641922655,0.7350947707201363,True,,False,True
eval_50047_low,hist32,low,heldout,6,after_block_6,0.023563188214477223,0.01676586524119642,0.021138554292439056,0.3567042395320948,True,,False,True
eval_50047_low,hist32,low,heldout,7,after_block_7,0.023563188214477223,0.01676586524119642,0.02161271697520905,0.28694697117308765,True,,False,True
eval_50047_low,hist32,low,heldout,8,after_block_8,0.023563188214477223,0.01676586524119642,0.020156066920851826,0.5012445792289478,True,,False,True
eval_50047_low,hist32,low,heldout,9,after_block_9,0.023563188214477223,0.01676586524119642,0.02005488018394223,0.5161308421455908,True,,False,True
eval_50047_low,hist32,low,heldout,10,after_block_10,0.023563188214477223,0.01676586524119642,0.016289993603014224,1.0700086843089212,True,,True,True
eval_50047_low,hist32,low,heldout,11,after_block_11,0.023563188214477223,0.01676586524119642,0.017682749090165553,0.865111036716475,True,,False,True
eval_50047_low,hist32,low,heldout,12,after_block_12,0.023563188214477223,0.01676586524119642,0.016392394844236033,1.0549437474765342,True,,True,True
eval_50047_low,hist32,low,heldout,13,after_block_13,0.023563188214477223,0.01676586524119642,0.013833095874891135,1.4314594698285683,True,,False,True
eval_50047_low,hist32,low,heldout,14,after_block_14,0.023563188214477223,0.01676586524119642,0.024519562162586786,-0.14069861795134891,True,,False,True
eval_50047_low,hist32,low,heldout,15,after_block_15,0.023563188214477223,0.01676586524119642,0.028557728511868684,-0.7347804888813146,False,detected_frames_below_58,False,False
eval_50047_low,hist32,low,heldout,16,after_block_16,0.023563188214477223,0.01676586524119642,0.027288347920508955,-0.5480333538180755,False,detected_frames_below_58,False,False
eval_50047_low,hist32,low,heldout,17,after_block_17,0.023563188214477223,0.01676586524119642,0.02848140032151036,-0.7235513343070274,False,detected_frames_below_58,False,False
eval_50047_low,hist32,low,heldout,18,after_block_18,0.023563188214477223,0.01676586524119642,0.030308787037166298,-0.99239051155947,False,detected_frames_below_58,False,False
eval_50047_low,hist32,low,heldout,19,after_block_19,0.023563188214477223,0.01676586524119642,0.026941440050813566,-0.4969973987723863,False,detected_frames_below_58,False,False
eval_50047_low,hist32,low,heldout,20,after_block_20,0.023563188214477223,0.01676586524119642,0.024757883066661025,-0.17575961255334752,False,detected_frames_below_58,False,False
eval_50047_low,hist32,low,heldout,21,after_block_21,0.023563188214477223,0.01676586524119642,0.029366340348888822,-0.8537408266788068,False,detected_frames_below_58,False,False
eval_50047_low,hist32,low,heldout,22,after_block_22,0.023563188214477223,0.01676586524119642,0.03193884187187023,-1.2321988656882086,False,detected_frames_below_58,False,False
eval_50047_low,hist32,low,heldout,23,after_block_23,0.023563188214477223,0.01676586524119642,0.03260433585330798,-1.3301041710641186,False,detected_frames_below_58,False,False
eval_50047_low,hist32,low,heldout,24,after_block_24,0.023563188214477223,0.01676586524119642,0.024749888818047325,-0.17458352475450023,False,detected_frames_below_58,False,False
eval_50047_low,hist32,low,heldout,25,after_block_25,0.023563188214477223,0.01676586524119642,0.02496864092546607,-0.2067656217769049,False,detected_frames_below_58,False,False
eval_50047_low,hist32,low,heldout,26,after_block_26,0.023563188214477223,0.01676586524119642,0.023928546261736374,-0.053750285030638605,False,detected_frames_below_58,False,False
eval_50047_low,hist32,low,heldout,27,after_block_27,0.023563188214477223,0.01676586524119642,0.023961370522784166,-0.05857928332552892,False,detected_frames_below_58,False,False
eval_50047_low,hist32,low,heldout,28,after_block_28,0.023563188214477223,0.01676586524119642,0.02425975051731082,-0.10247597555268036,False,detected_frames_below_58,False,False
eval_50047_low,hist32,low,heldout,29,after_block_29,0.023563188214477223,0.01676586524119642,0.023563188214477223,-0.0,True,,False,True
eval_50067_low,hist32,low,heldout,0,after_block_0,0.022191077681429767,0.017172965214373385,0.017234132698679922,0.9878106589463473,True,,True,True
eval_50067_low,hist32,low,heldout,1,after_block_1,0.022191077681429767,0.017172965214373385,0.017400239750708795,0.9547091585078147,True,,True,True
eval_50067_low,hist32,low,heldout,2,after_block_2,0.022191077681429767,0.017172965214373385,0.017891924150031022,0.8567272175788087,True,,False,True
eval_50067_low,hist32,low,heldout,3,after_block_3,0.022191077681429767,0.017172965214373385,0.018065879849856754,0.8220616533915288,True,,False,True
eval_50067_low,hist32,low,heldout,4,after_block_4,0.022191077681429767,0.017172965214373385,0.01863199504300548,0.7092472840713434,True,,False,True
eval_50067_low,hist32,low,heldout,5,after_block_5,0.022191077681429767,0.017172965214373385,0.01915341404246445,0.6053398880370665,True,,False,True
eval_50067_low,hist32,low,heldout,6,after_block_6,0.022191077681429767,0.017172965214373385,0.021325990344436795,0.17239297498256978,True,,False,True
eval_50067_low,hist32,low,heldout,7,after_block_7,0.022191077681429767,0.017172965214373385,0.021697295513248383,0.09839998035576825,True,,False,True
eval_50067_low,hist32,low,heldout,8,after_block_8,0.022191077681429767,0.017172965214373385,0.020164286488581006,0.4038951311184292,True,,False,True
eval_50067_low,hist32,low,heldout,9,after_block_9,0.022191077681429767,0.017172965214373385,0.019804230334378028,0.4756464433033843,True,,False,True
eval_50067_low,hist32,low,heldout,10,after_block_10,0.022191077681429767,0.017172965214373385,0.016811764192905167,1.0719794591770275,True,,True,True
eval_50067_low,hist32,low,heldout,11,after_block_11,0.022191077681429767,0.017172965214373385,0.018325008345456507,0.7704230148992837,True,,False,True
eval_50067_low,hist32,low,heldout,12,after_block_12,0.022191077681429767,0.017172965214373385,0.015173752564983373,1.3983993309266638,True,,False,True
eval_50067_low,hist32,low,heldout,13,after_block_13,0.022191077681429767,0.017172965214373385,0.011264552014405778,2.1774174530276076,True,,False,True
eval_50067_low,hist32,low,heldout,14,after_block_14,0.022191077681429767,0.017172965214373385,0.015498078644331378,1.3337682407553717,True,,False,True
eval_50067_low,hist32,low,heldout,15,after_block_15,0.022191077681429767,0.017172965214373385,0.029649285395563125,-1.4862575845192911,False,detected_frames_below_58,False,False
eval_50067_low,hist32,low,heldout,16,after_block_16,0.022191077681429767,0.017172965214373385,0.028558602829507364,-1.2689084172345744,False,detected_frames_below_58,False,False
eval_50067_low,hist32,low,heldout,17,after_block_17,0.022191077681429767,0.017172965214373385,0.0243286688875247,-0.4259751490481923,False,detected_frames_below_58,False,False
eval_50067_low,hist32,low,heldout,18,after_block_18,0.022191077681429767,0.017172965214373385,0.022496094744059215,-0.06078322569130671,True,,False,True
eval_50067_low,hist32,low,heldout,19,after_block_19,0.022191077681429767,0.017172965214373385,0.020645813214142647,0.30793739228279393,True,,False,True
eval_50067_low,hist32,low,heldout,20,after_block_20,0.022191077681429767,0.017172965214373385,0.020550211359389475,0.32698874981628734,True,,False,True
eval_50067_low,hist32,low,heldout,21,after_block_21,0.022191077681429767,0.017172965214373385,0.023465185133967042,-0.25390173315200026,True,,False,True
eval_50067_low,hist32,low,heldout,22,after_block_22,0.022191077681429767,0.017172965214373385,0.024278556868627652,-0.41598892031656637,True,,False,True
eval_50067_low,hist32,low,heldout,23,after_block_23,0.022191077681429767,0.017172965214373385,0.02287220590130976,-0.13573394864135863,True,,False,True
eval_50067_low,hist32,low,heldout,24,after_block_24,0.022191077681429767,0.017172965214373385,0.022336324661482252,-0.028944544588433062,True,,False,True
eval_50067_low,hist32,low,heldout,25,after_block_25,0.022191077681429767,0.017172965214373385,0.02203920110888772,0.030265677291831966,True,,False,True
eval_50067_low,hist32,low,heldout,26,after_block_26,0.022191077681429767,0.017172965214373385,0.021321307605441916,0.17332614238876481,True,,False,True
eval_50067_low,hist32,low,heldout,27,after_block_27,0.022191077681429767,0.017172965214373385,0.021183194548757663,0.20084905216628726,True,,False,True
eval_50067_low,hist32,low,heldout,28,after_block_28,0.022191077681429767,0.017172965214373385,0.021420464631777575,0.15356631695906023,True,,False,True
eval_50067_low,hist32,low,heldout,29,after_block_29,0.022191077681429767,0.017172965214373385,0.022191077681429767,-0.0,True,,False,True
eval_50071_low,hist32,low,heldout,0,after_block_0,0.014975096701406117,0.005301204886937605,0.0051191136777562095,1.0188229528170922,True,,True,True
eval_50071_low,hist32,low,heldout,1,after_block_1,0.014975096701406117,0.005301204886937605,0.005106947326264654,1.0200806008996726,True,,True,True
eval_50071_low,hist32,low,heldout,2,after_block_2,0.014975096701406117,0.005301204886937605,0.006150501389744189,0.9122073598614825,True,,True,True
eval_50071_low,hist32,low,heldout,3,after_block_3,0.014975096701406117,0.005301204886937605,0.006310345073407624,0.8956841563019421,True,,False,True
eval_50071_low,hist32,low,heldout,4,after_block_4,0.014975096701406117,0.005301204886937605,0.007313077688779584,0.7920306697214691,True,,False,True
eval_50071_low,hist32,low,heldout,5,after_block_5,0.014975096701406117,0.005301204886937605,0.007513005292326588,0.7713639507441091,True,,False,True
eval_50071_low,hist32,low,heldout,6,after_block_6,0.014975096701406117,0.005301204886937605,0.013715673995143618,0.13018780139538833,True,,False,True
eval_50071_low,hist32,low,heldout,7,after_block_7,0.014975096701406117,0.005301204886937605,0.01400564817226303,0.10021287685822132,True,,False,True
eval_50071_low,hist32,low,heldout,8,after_block_8,0.014975096701406117,0.005301204886937605,0.017111942783643683,-0.2208879449159898,True,,False,True
eval_50071_low,hist32,low,heldout,9,after_block_9,0.014975096701406117,0.005301204886937605,0.023270435388232213,-0.8574975662245242,True,,False,True
eval_50071_low,hist32,low,heldout,10,after_block_10,0.014975096701406117,0.005301204886937605,0.022060446468963876,-0.7324197854849621,True,,False,True
eval_50071_low,hist32,low,heldout,11,after_block_11,0.014975096701406117,0.005301204886937605,0.024301355993152803,-0.9640648738492301,True,,False,True
eval_50071_low,hist32,low,heldout,12,after_block_12,0.014975096701406117,0.005301204886937605,0.02075008939376282,-0.5969668467575253,True,,False,True
eval_50071_low,hist32,low,heldout,13,after_block_13,0.014975096701406117,0.005301204886937605,0.015775949549557803,-0.08278497046596181,True,,False,True
eval_50071_low,hist32,low,heldout,14,after_block_14,0.014975096701406117,0.005301204886937605,0.01612576144903048,-0.11894538099996096,True,,False,True
eval_50071_low,hist32,low,heldout,15,after_block_15,0.014975096701406117,0.005301204886937605,0.01732419259217039,-0.2428284227089358,False,detected_frames_below_58,False,False
eval_50071_low,hist32,low,heldout,16,after_block_16,0.014975096701406117,0.005301204886937605,0.017676451799456715,-0.27924181393163655,False,detected_frames_below_58,False,False
eval_50071_low,hist32,low,heldout,17,after_block_17,0.014975096701406117,0.005301204886937605,0.015529926333400432,-0.057353301301602044,True,,False,True
eval_50071_low,hist32,low,heldout,18,after_block_18,0.014975096701406117,0.005301204886937605,0.013757851307331134,0.12582788989374896,True,,False,True
eval_50071_low,hist32,low,heldout,19,after_block_19,0.014975096701406117,0.005301204886937605,0.0113486101173417,0.3748735931324511,True,,False,True
eval_50071_low,hist32,low,heldout,20,after_block_20,0.014975096701406117,0.005301204886937605,0.010205996052821308,0.49298676686171167,True,,False,True
eval_50071_low,hist32,low,heldout,21,after_block_21,0.014975096701406117,0.005301204886937605,0.011079383206501855,0.4027038517298422,True,,False,True
eval_50071_low,hist32,low,heldout,22,after_block_22,0.014975096701406117,0.005301204886937605,0.012847077268276988,0.2199755252530746,True,,False,True
eval_50071_low,hist32,low,heldout,23,after_block_23,0.014975096701406117,0.005301204886937605,0.013346635271399811,0.16833570823799568,True,,False,True
eval_50071_low,hist32,low,heldout,24,after_block_24,0.014975096701406117,0.005301204886937605,0.008899744684384998,0.6280152945203163,True,,False,True
eval_50071_low,hist32,low,heldout,25,after_block_25,0.014975096701406117,0.005301204886937605,0.008629136746664918,0.6559883112657953,True,,False,True
eval_50071_low,hist32,low,heldout,26,after_block_26,0.014975096701406117,0.005301204886937605,0.013092202989691507,0.19463663102976905,True,,False,True
eval_50071_low,hist32,low,heldout,27,after_block_27,0.014975096701406117,0.005301204886937605,0.011573707864662098,0.3516050108868096,True,,False,True
eval_50071_low,hist32,low,heldout,28,after_block_28,0.014975096701406117,0.005301204886937605,0.015546941307805975,-0.059112156448203466,True,,False,True
eval_50071_low,hist32,low,heldout,29,after_block_29,0.014975096701406117,0.005301204886937605,0.014975096701406117,-0.0,True,,False,True
eval_50073_high,hist32,high,heldout,0,after_block_0,0.04442093303796729,0.0652522673377784,0.06543370956673693,1.0087100627519654,True,,True,True
eval_50073_high,hist32,high,heldout,1,after_block_1,0.04442093303796729,0.0652522673377784,0.06442657521191252,0.9603629746428016,True,,True,True
eval_50073_high,hist32,high,heldout,2,after_block_2,0.04442093303796729,0.0652522673377784,0.05890291242859348,0.6952017178639155,True,,False,True
eval_50073_high,hist32,high,heldout,3,after_block_3,0.04442093303796729,0.0652522673377784,0.05904989030592613,0.7022573329876179,True,,False,True
eval_50073_high,hist32,high,heldout,4,after_block_4,0.04442093303796729,0.0652522673377784,0.05361188831883396,0.44120818899968445,True,,False,True
eval_50073_high,hist32,high,heldout,5,after_block_5,0.04442093303796729,0.0652522673377784,0.053421069829001744,0.43204802253670616,True,,False,True
eval_50073_high,hist32,high,heldout,6,after_block_6,0.04442093303796729,0.0652522673377784,0.050707929114593105,0.30180477093504376,True,,False,True
eval_50073_high,hist32,high,heldout,7,after_block_7,0.04442093303796729,0.0652522673377784,0.05068085985649434,0.30050532185947454,True,,False,True
eval_50073_high,hist32,high,heldout,8,after_block_8,0.04442093303796729,0.0652522673377784,0.04985429398908424,0.2608263528835123,True,,False,True
eval_50073_high,hist32,high,heldout,9,after_block_9,0.04442093303796729,0.0652522673377784,0.04889079056176898,0.2145737502682303,True,,False,True
eval_50073_high,hist32,high,heldout,10,after_block_10,0.04442093303796729,0.0652522673377784,0.049924786983888476,0.26421034134002114,True,,False,True
eval_50073_high,hist32,high,heldout,11,after_block_11,0.04442093303796729,0.0652522673377784,0.04933735909013027,0.23601109662032335,True,,False,True
eval_50073_high,hist32,high,heldout,12,after_block_12,0.04442093303796729,0.0652522673377784,0.0547642603838312,0.4965273561932945,True,,False,True
eval_50073_high,hist32,high,heldout,13,after_block_13,0.04442093303796729,0.0652522673377784,0.05601735313174712,0.556681580108144,True,,False,True
eval_50073_high,hist32,high,heldout,14,after_block_14,0.04442093303796729,0.0652522673377784,0.05958508722220944,0.7279492502013972,True,,False,True
eval_50073_high,hist32,high,heldout,15,after_block_15,0.04442093303796729,0.0652522673377784,0.06053410259194819,0.7735063593178957,True,,False,True
eval_50073_high,hist32,high,heldout,16,after_block_16,0.04442093303796729,0.0652522673377784,0.06055461022209977,0.7744908200277296,True,,False,True
eval_50073_high,hist32,high,heldout,17,after_block_17,0.04442093303796729,0.0652522673377784,0.05863040130234238,0.6821199285589656,True,,False,True
eval_50073_high,hist32,high,heldout,18,after_block_18,0.04442093303796729,0.0652522673377784,0.0586180979374374,0.6815293103715799,True,,False,True
eval_50073_high,hist32,high,heldout,19,after_block_19,0.04442093303796729,0.0652522673377784,0.053282941915014405,0.42541724641841444,True,,False,True
eval_50073_high,hist32,high,heldout,20,after_block_20,0.04442093303796729,0.0652522673377784,0.05144396978904374,0.33713811367043006,True,,False,True
eval_50073_high,hist32,high,heldout,21,after_block_21,0.04442093303796729,0.0652522673377784,0.04906875119082353,0.22311668018780648,True,,False,True
eval_50073_high,hist32,high,heldout,22,after_block_22,0.04442093303796729,0.0652522673377784,0.04898888159182464,0.21928257153929745,True,,False,True
eval_50073_high,hist32,high,heldout,23,after_block_23,0.04442093303796729,0.0652522673377784,0.04781686371281961,0.16302031478046564,True,,False,True
eval_50073_high,hist32,high,heldout,24,after_block_24,0.04442093303796729,0.0652522673377784,0.04803506411201451,0.17349493901982027,True,,False,True
eval_50073_high,hist32,high,heldout,25,after_block_25,0.04442093303796729,0.0652522673377784,0.048127180836600086,0.1779169661093865,True,,False,True
eval_50073_high,hist32,high,heldout,26,after_block_26,0.04442093303796729,0.0652522673377784,0.045619798168033396,0.05755104847397964,True,,False,True
eval_50073_high,hist32,high,heldout,27,after_block_27,0.04442093303796729,0.0652522673377784,0.04541796649748283,0.04786219860744007,True,,False,True
eval_50073_high,hist32,high,heldout,28,after_block_28,0.04442093303796729,0.0652522673377784,0.044796530540848464,0.01803041022122996,True,,False,True
eval_50073_high,hist32,high,heldout,29,after_block_29,0.04442093303796729,0.0652522673377784,0.04442093303796729,0.0,True,,False,True
eval_50081_low,hist32,low,heldout,0,after_block_0,0.010129783627780083,0.003263436451231198,0.0032176706505762168,1.0066652325433367,True,,True,True
eval_50081_low,hist32,low,heldout,1,after_block_1,0.010129783627780083,0.003263436451231198,0.0033482514787849453,0.9876477222352779,True,,True,True
eval_50081_low,hist32,low,heldout,2,after_block_2,0.010129783627780083,0.003263436451231198,0.004070885956141896,0.8824047948422362,True,,False,True
eval_50081_low,hist32,low,heldout,3,after_block_3,0.010129783627780083,0.003263436451231198,0.004023979799356615,0.8892361063939566,True,,False,True
eval_50081_low,hist32,low,heldout,4,after_block_4,0.010129783627780083,0.003263436451231198,0.005107592727271532,0.7314210556758898,True,,False,True
eval_50081_low,hist32,low,heldout,5,after_block_5,0.010129783627780083,0.003263436451231198,0.005773684926581024,0.634412823761191,True,,False,True
eval_50081_low,hist32,low,heldout,6,after_block_6,0.010129783627780083,0.003263436451231198,0.012576475789738055,-0.3563309717740941,True,,False,True
eval_50081_low,hist32,low,heldout,7,after_block_7,0.010129783627780083,0.003263436451231198,0.013112546784069945,-0.43440319570165364,True,,False,True
eval_50081_low,hist32,low,heldout,8,after_block_8,0.010129783627780083,0.003263436451231198,0.018317637575809193,-1.192461397232237,True,,False,True
eval_50081_low,hist32,low,heldout,9,after_block_9,0.010129783627780083,0.003263436451231198,0.025604506984031578,-2.2537053484716587,True,,False,True
eval_50081_low,hist32,low,heldout,10,after_block_10,0.010129783627780083,0.003263436451231198,0.024534994815698683,-2.0979439019800403,True,,False,True
eval_50081_low,hist32,low,heldout,11,after_block_11,0.010129783627780083,0.003263436451231198,0.02645764372277774,-2.3779543438705426,True,,False,True
eval_50081_low,hist32,low,heldout,12,after_block_12,0.010129783627780083,0.003263436451231198,0.022157527813513,-1.751694733236343,True,,False,True
eval_50081_low,hist32,low,heldout,13,after_block_13,0.010129783627780083,0.003263436451231198,0.017340678137968694,-1.0501791308800235,True,,False,True
eval_50081_low,hist32,low,heldout,14,after_block_14,0.010129783627780083,0.003263436451231198,0.016993919565199217,-0.9996779599002359,True,,False,True
eval_50081_low,hist32,low,heldout,15,after_block_15,0.010129783627780083,0.003263436451231198,0.01535831784854475,-0.7614724519934042,True,,False,True
eval_50081_low,hist32,low,heldout,16,after_block_16,0.010129783627780083,0.003263436451231198,0.01569384419754416,-0.8103377861182729,True,,False,True
eval_50081_low,hist32,low,heldout,17,after_block_17,0.010129783627780083,0.003263436451231198,0.011908958244365284,-0.2591151555315671,True,,False,True
eval_50081_low,hist32,low,heldout,18,after_block_18,0.010129783627780083,0.003263436451231198,0.011483352050855974,-0.19713078705062106,True,,False,True
eval_50081_low,hist32,low,heldout,19,after_block_19,0.010129783627780083,0.003263436451231198,0.010150774226284581,-0.0030570255136804906,True,,False,True
eval_50081_low,hist32,low,heldout,20,after_block_20,0.010129783627780083,0.003263436451231198,0.010177973687688139,-0.00701829643462289,True,,False,True
eval_50081_low,hist32,low,heldout,21,after_block_21,0.010129783627780083,0.003263436451231198,0.010915896369365881,-0.11448776494591827,True,,False,True
eval_50081_low,hist32,low,heldout,22,after_block_22,0.010129783627780083,0.003263436451231198,0.010664643394128908,-0.07789582329532782,True,,False,True
eval_50081_low,hist32,low,heldout,23,after_block_23,0.010129783627780083,0.003263436451231198,0.011736479409292195,-0.23399570982946685,True,,False,True
eval_50081_low,hist32,low,heldout,24,after_block_24,0.010129783627780083,0.003263436451231198,0.009322558381984716,0.1175625445436752,True,,False,True
eval_50081_low,hist32,low,heldout,25,after_block_25,0.010129783627780083,0.003263436451231198,0.009144655574969714,0.14347192582614313,True,,False,True
eval_50081_low,hist32,low,heldout,26,after_block_26,0.010129783627780083,0.003263436451231198,0.011519399912575536,-0.20238071991779066,True,,False,True
eval_50081_low,hist32,low,heldout,27,after_block_27,0.010129783627780083,0.003263436451231198,0.009651464247064614,0.06966140342409524,True,,False,True
eval_50081_low,hist32,low,heldout,28,after_block_28,0.010129783627780083,0.003263436451231198,0.01030748627297575,-0.025880230146618284,True,,False,True
eval_50081_low,hist32,low,heldout,29,after_block_29,0.010129783627780083,0.003263436451231198,0.010129783627780083,-0.0,True,,False,True
eval_50092_high,hist32,high,heldout,0,after_block_0,0.04388418563791719,0.06299375206378395,0.06309414931641269,1.0052537692583565,True,,True,True
eval_50092_high,hist32,high,heldout,1,after_block_1,0.04388418563791719,0.06299375206378395,0.06163654026135151,0.928977362846113,True,,True,True
eval_50092_high,hist32,high,heldout,2,after_block_2,0.04388418563791719,0.06299375206378395,0.05662388087907314,0.6666658445955878,True,,False,True
eval_50092_high,hist32,high,heldout,3,after_block_3,0.04388418563791719,0.06299375206378395,0.0568294217052568,0.6774217571894727,True,,False,True
eval_50092_high,hist32,high,heldout,4,after_block_4,0.04388418563791719,0.06299375206378395,0.05309824435103628,0.48216995131019375,True,,False,True
eval_50092_high,hist32,high,heldout,5,after_block_5,0.04388418563791719,0.06299375206378395,0.052972255291808455,0.47557696764849827,True,,False,True
eval_50092_high,hist32,high,heldout,6,after_block_6,0.04388418563791719,0.06299375206378395,0.050177541976340875,0.3293301479569406,True,,False,True
eval_50092_high,hist32,high,heldout,7,after_block_7,0.04388418563791719,0.06299375206378395,0.05046325174611631,0.34428128621974785,True,,False,True
eval_50092_high,hist32,high,heldout,8,after_block_8,0.04388418563791719,0.06299375206378395,0.0504449463673268,0.34332336920679396,True,,False,True
eval_50092_high,hist32,high,heldout,9,after_block_9,0.04388418563791719,0.06299375206378395,0.04935716889791045,0.2864001797856079,True,,False,True
eval_50092_high,hist32,high,heldout,10,after_block_10,0.04388418563791719,0.06299375206378395,0.051317988257495784,0.38900948634377064,True,,False,True
eval_50092_high,hist32,high,heldout,11,after_block_11,0.04388418563791719,0.06299375206378395,0.050673587747360985,0.35528812941844884,True,,False,True
eval_50092_high,hist32,high,heldout,12,after_block_12,0.04388418563791719,0.06299375206378395,0.054681472358973124,0.5650199737886621,True,,False,True
eval_50092_high,hist32,high,heldout,13,after_block_13,0.04388418563791719,0.06299375206378395,0.05606688662848189,0.6375184407153351,True,,False,True
eval_50092_high,hist32,high,heldout,14,after_block_14,0.04388418563791719,0.06299375206378395,0.0592870094295203,0.8060268583987238,True,,False,True
eval_50092_high,hist32,high,heldout,15,after_block_15,0.04388418563791719,0.06299375206378395,0.0544683553277573,0.5538675998170919,True,,False,True
eval_50092_high,hist32,high,heldout,16,after_block_16,0.04388418563791719,0.06299375206378395,0.0529111159562667,0.47237755777287715,True,,False,True
eval_50092_high,hist32,high,heldout,17,after_block_17,0.04388418563791719,0.06299375206378395,0.050597305380227185,0.35129628756113995,True,,False,True
eval_50092_high,hist32,high,heldout,18,after_block_18,0.04388418563791719,0.06299375206378395,0.0556798147479483,0.617263042350585,True,,False,True
eval_50092_high,hist32,high,heldout,19,after_block_19,0.04388418563791719,0.06299375206378395,0.05264101519068191,0.4582432357497891,True,,False,True
eval_50092_high,hist32,high,heldout,20,after_block_20,0.04388418563791719,0.06299375206378395,0.05121671279260208,0.38370976040354116,True,,False,True
eval_50092_high,hist32,high,heldout,21,after_block_21,0.04388418563791719,0.06299375206378395,0.04926117205498041,0.28137668313525493,True,,False,True
eval_50092_high,hist32,high,heldout,22,after_block_22,0.04388418563791719,0.06299375206378395,0.04843692441270937,0.23824395977030557,True,,False,True
eval_50092_high,hist32,high,heldout,23,after_block_23,0.04388418563791719,0.06299375206378395,0.04657157986612642,0.14063083213502783,True,,False,True
eval_50092_high,hist32,high,heldout,24,after_block_24,0.04388418563791719,0.06299375206378395,0.046894519787021915,0.1575302171707009,True,,False,True
eval_50092_high,hist32,high,heldout,25,after_block_25,0.04388418563791719,0.06299375206378395,0.04705028511671746,0.1656813874392581,True,,False,True
eval_50092_high,hist32,high,heldout,26,after_block_26,0.04388418563791719,0.06299375206378395,0.04502140974832383,0.059510722800455156,True,,False,True
eval_50092_high,hist32,high,heldout,27,after_block_27,0.04388418563791719,0.06299375206378395,0.04479694726408971,0.04776464341634696,True,,False,True
eval_50092_high,hist32,high,heldout,28,after_block_28,0.04388418563791719,0.06299375206378395,0.04413242674188892,0.012990410061617644,True,,False,True
eval_50092_high,hist32,high,heldout,29,after_block_29,0.04388418563791719,0.06299375206378395,0.04388418563791719,0.0,True,,False,True
eval_50097_high,hist32,high,heldout,0,after_block_0,0.045494863408235754,0.06591974524422596,0.06616936356620731,1.012221285977846,True,,True,True
eval_50097_high,hist32,high,heldout,1,after_block_1,0.045494863408235754,0.06591974524422596,0.06546640354810217,0.9778044397140663,True,,True,True
eval_50097_high,hist32,high,heldout,2,after_block_2,0.045494863408235754,0.06591974524422596,0.061104880396169715,0.7642647391197102,True,,False,True
eval_50097_high,hist32,high,heldout,3,after_block_3,0.045494863408235754,0.06591974524422596,0.06110291777485121,0.7641686493927651,True,,False,True
eval_50097_high,hist32,high,heldout,4,after_block_4,0.045494863408235754,0.06591974524422596,0.05453614588790535,0.4426602098494475,True,,False,True
eval_50097_high,hist32,high,heldout,5,after_block_5,0.045494863408235754,0.06591974524422596,0.05445847972335198,0.4388576828543334,True,,False,True
eval_50097_high,hist32,high,heldout,6,after_block_6,0.045494863408235754,0.06591974524422596,0.05312578303091434,0.3736089972982034,True,,False,True
eval_50097_high,hist32,high,heldout,7,after_block_7,0.045494863408235754,0.06591974524422596,0.053144160227879295,0.37450874286894986,True,,False,True
eval_50097_high,hist32,high,heldout,8,after_block_8,0.045494863408235754,0.06591974524422596,0.05215859503176084,0.32625557773279645,True,,False,True
eval_50097_high,hist32,high,heldout,9,after_block_9,0.045494863408235754,0.06591974524422596,0.0502686928775103,0.2337261731846443,True,,False,True
eval_50097_high,hist32,high,heldout,10,after_block_10,0.045494863408235754,0.06591974524422596,0.05109130813778905,0.27400132713090825,True,,False,True
eval_50097_high,hist32,high,heldout,11,after_block_11,0.045494863408235754,0.06591974524422596,0.050459011942640665,0.2430441739769432,True,,False,True
eval_50097_high,hist32,high,heldout,12,after_block_12,0.045494863408235754,0.06591974524422596,0.054620680707493006,0.4467990254502654,True,,False,True
eval_50097_high,hist32,high,heldout,13,after_block_13,0.045494863408235754,0.06591974524422596,0.05608981681308286,0.5187277698800677,True,,False,True
eval_50097_high,hist32,high,heldout,14,after_block_14,0.045494863408235754,0.06591974524422596,0.06047275354031644,0.7333158767992722,True,,False,True
eval_50097_high,hist32,high,heldout,15,after_block_15,0.045494863408235754,0.06591974524422596,0.05963738029584966,0.6924160933305233,True,,False,True
eval_50097_high,hist32,high,heldout,16,after_block_16,0.045494863408235754,0.06591974524422596,0.05993958751750515,0.7072121261341492,True,,False,True
eval_50097_high,hist32,high,heldout,17,after_block_17,0.045494863408235754,0.06591974524422596,0.05981378909649448,0.7010530490819135,True,,False,True
eval_50097_high,hist32,high,heldout,18,after_block_18,0.045494863408235754,0.06591974524422596,0.05740710980186984,0.5832222917757005,True,,False,True
eval_50097_high,hist32,high,heldout,19,after_block_19,0.045494863408235754,0.06591974524422596,0.05578593231780478,0.5038496179417485,True,,False,True
eval_50097_high,hist32,high,heldout,20,after_block_20,0.045494863408235754,0.06591974524422596,0.05317370608343289,0.37595530475316746,True,,False,True
eval_50097_high,hist32,high,heldout,21,after_block_21,0.045494863408235754,0.06591974524422596,0.050980297672784565,0.2685662668012627,True,,False,True
eval_50097_high,hist32,high,heldout,22,after_block_22,0.045494863408235754,0.06591974524422596,0.05024241709861458,0.2324397138990186,True,,False,True
eval_50097_high,hist32,high,heldout,23,after_block_23,0.045494863408235754,0.06591974524422596,0.04831842464332842,0.13824125190860745,True,,False,True
eval_50097_high,hist32,high,heldout,24,after_block_24,0.045494863408235754,0.06591974524422596,0.048727695330991215,0.15827910039895376,True,,False,True
eval_50097_high,hist32,high,heldout,25,after_block_25,0.045494863408235754,0.06591974524422596,0.04867598367706758,0.1557473034299983,True,,False,True
eval_50097_high,hist32,high,heldout,26,after_block_26,0.045494863408235754,0.06591974524422596,0.04688715322843797,0.06816635862974224,True,,False,True
eval_50097_high,hist32,high,heldout,27,after_block_27,0.045494863408235754,0.06591974524422596,0.046759369426620706,0.06191007754849261,True,,False,True
eval_50097_high,hist32,high,heldout,28,after_block_28,0.045494863408235754,0.06591974524422596,0.046038641211827235,0.02662330230147536,True,,False,True
eval_50097_high,hist32,high,heldout,29,after_block_29,0.045494863408235754,0.06591974524422596,0.045494863408235754,0.0,True,,False,True
eval_50101_high,hist32,high,heldout,0,after_block_0,0.043423260898606444,0.06491845438529864,0.06493916816904197,1.0009636472337944,True,,True,True
eval_50101_high,hist32,high,heldout,1,after_block_1,0.043423260898606444,0.06491845438529864,0.06437287523560906,0.9746185513506842,True,,True,True
eval_50101_high,hist32,high,heldout,2,after_block_2,0.043423260898606444,0.06491845438529864,0.05928824581860324,0.7380712776472051,True,,False,True
eval_50101_high,hist32,high,heldout,3,after_block_3,0.043423260898606444,0.06491845438529864,0.059563179098302124,0.7508617314697819,True,,False,True
eval_50101_high,hist32,high,heldout,4,after_block_4,0.043423260898606444,0.06491845438529864,0.053729172738949046,0.4794519224366626,True,,False,True
eval_50101_high,hist32,high,heldout,5,after_block_5,0.043423260898606444,0.06491845438529864,0.053426166383315654,0.4653554521806035,True,,False,True
eval_50101_high,hist32,high,heldout,6,after_block_6,0.043423260898606444,0.06491845438529864,0.051058300771939465,0.35519754116472224,True,,False,True
eval_50101_high,hist32,high,heldout,7,after_block_7,0.043423260898606444,0.06491845438529864,0.05109945620875716,0.35711217556162467,True,,False,True
eval_50101_high,hist32,high,heldout,8,after_block_8,0.043423260898606444,0.06491845438529864,0.050203819688869854,0.3154453480244918,True,,False,True
eval_50101_high,hist32,high,heldout,9,after_block_9,0.043423260898606444,0.06491845438529864,0.048802112754312496,0.25023509832726704,True,,False,True
eval_50101_high,hist32,high,heldout,10,after_block_10,0.043423260898606444,0.06491845438529864,0.049901312534739256,0.30137210163488004,True,,False,True
eval_50101_high,hist32,high,heldout,11,after_block_11,0.043423260898606444,0.06491845438529864,0.04935974454961611,0.27617726049709557,True,,False,True
eval_50101_high,hist32,high,heldout,12,after_block_12,0.043423260898606444,0.06491845438529864,0.05407170685458566,0.49538730426277555,True,,False,True
eval_50101_high,hist32,high,heldout,13,after_block_13,0.043423260898606444,0.06491845438529864,0.055792233614099844,0.5754296988836646,True,,False,True
eval_50101_high,hist32,high,heldout,14,after_block_14,0.043423260898606444,0.06491845438529864,0.05947656937697432,0.7468324715619133,True,,False,True
eval_50101_high,hist32,high,heldout,15,after_block_15,0.043423260898606444,0.06491845438529864,0.0627215418696843,0.8977951737454952,True,,False,True
eval_50101_high,hist32,high,heldout,16,after_block_16,0.043423260898606444,0.06491845438529864,0.06219830243841294,0.8734530141089559,True,,False,True
eval_50101_high,hist32,high,heldout,17,after_block_17,0.043423260898606444,0.06491845438529864,0.05730889263841732,0.6459877529554481,True,,False,True
eval_50101_high,hist32,high,heldout,18,after_block_18,0.043423260898606444,0.06491845438529864,0.05443419572735404,0.5122510218651688,True,,False,True
eval_50101_high,hist32,high,heldout,19,after_block_19,0.043423260898606444,0.06491845438529864,0.05236960284141135,0.41620197316872914,True,,False,True
eval_50101_high,hist32,high,heldout,20,after_block_20,0.043423260898606444,0.06491845438529864,0.049229273557383296,0.27010748530230205,True,,False,True
eval_50101_high,hist32,high,heldout,21,after_block_21,0.043423260898606444,0.06491845438529864,0.04733762660120311,0.18210423204704212,True,,False,True
eval_50101_high,hist32,high,heldout,22,after_block_22,0.043423260898606444,0.06491845438529864,0.04805678842929068,0.21556109897558645,True,,False,True
eval_50101_high,hist32,high,heldout,23,after_block_23,0.043423260898606444,0.06491845438529864,0.04643068478318159,0.1399114591100126,True,,False,True
eval_50101_high,hist32,high,heldout,24,after_block_24,0.043423260898606444,0.06491845438529864,0.0464571887763622,0.14114447863119162,True,,False,True
eval_50101_high,hist32,high,heldout,25,after_block_25,0.043423260898606444,0.06491845438529864,0.04612344262082657,0.12561793053371795,True,,False,True
eval_50101_high,hist32,high,heldout,26,after_block_26,0.043423260898606444,0.06491845438529864,0.04469608923570159,0.059214555937036006,True,,False,True
eval_50101_high,hist32,high,heldout,27,after_block_27,0.043423260898606444,0.06491845438529864,0.04463838511248003,0.0565300430826954,True,,False,True
eval_50101_high,hist32,high,heldout,28,after_block_28,0.043423260898606444,0.06491845438529864,0.04383606473672249,0.019204471844908696,True,,False,True
eval_50101_high,hist32,high,heldout,29,after_block_29,0.043423260898606444,0.06491845438529864,0.043423260898606444,0.0,True,,False,True
eval_50146_low,hist32,low,heldout,0,after_block_0,0.011101957571796073,0.0061292427443607475,0.006030059496100101,1.019945492895236,True,,True,True
eval_50146_low,hist32,low,heldout,1,after_block_1,0.011101957571796073,0.0061292427443607475,0.006128277281870804,1.0001941519921105,True,,True,True
eval_50146_low,hist32,low,heldout,2,after_block_2,0.011101957571796073,0.0061292427443607475,0.006888236144948659,0.8473684039952555,True,,False,True
eval_50146_low,hist32,low,heldout,3,after_block_3,0.011101957571796073,0.0061292427443607475,0.006765184424463752,0.8721137844876194,True,,False,True
eval_50146_low,hist32,low,heldout,4,after_block_4,0.011101957571796073,0.0061292427443607475,0.007649292505070046,0.6943219522014571,True,,False,True
eval_50146_low,hist32,low,heldout,5,after_block_5,0.011101957571796073,0.0061292427443607475,0.007631617861758405,0.6978762769365348,True,,False,True
eval_50146_low,hist32,low,heldout,6,after_block_6,0.011101957571796073,0.0061292427443607475,0.013843358808794193,-0.5512886485815226,True,,False,True
eval_50146_low,hist32,low,heldout,7,after_block_7,0.011101957571796073,0.0061292427443607475,0.014049375431990243,-0.5927180549209774,True,,False,True
eval_50146_low,hist32,low,heldout,8,after_block_8,0.011101957571796073,0.0061292427443607475,0.016289457860707134,-1.043192796878423,True,,False,True
eval_50146_low,hist32,low,heldout,9,after_block_9,0.011101957571796073,0.0061292427443607475,0.02188932370854893,-2.1693112336217424,True,,False,True
eval_50146_low,hist32,low,heldout,10,after_block_10,0.011101957571796073,0.0061292427443607475,0.02095462568294627,-1.9813458951620002,True,,False,True
eval_50146_low,hist32,low,heldout,11,after_block_11,0.011101957571796073,0.0061292427443607475,0.023434033158690866,-2.479948280737235,True,,False,True
eval_50146_low,hist32,low,heldout,12,after_block_12,0.011101957571796073,0.0061292427443607475,0.019292975031465206,-1.6471922770390686,True,,False,True
eval_50146_low,hist32,low,heldout,13,after_block_13,0.011101957571796073,0.0061292427443607475,0.014985457783785966,-0.7809617777725664,True,,False,True
eval_50146_low,hist32,low,heldout,14,after_block_14,0.011101957571796073,0.0061292427443607475,0.015244106154026962,-0.8329752913595487,True,,False,True
eval_50146_low,hist32,low,heldout,15,after_block_15,0.011101957571796073,0.0061292427443607475,0.01807798066210357,-1.4028600739015988,False,detected_frames_below_58,False,False
eval_50146_low,hist32,low,heldout,16,after_block_16,0.011101957571796073,0.0061292427443607475,0.018183809555220337,-1.4241419886683355,False,detected_frames_below_58,False,False
eval_50146_low,hist32,low,heldout,17,after_block_17,0.011101957571796073,0.0061292427443607475,0.011785256182644968,-0.1374095709408105,True,,False,True
eval_50146_low,hist32,low,heldout,18,after_block_18,0.011101957571796073,0.0061292427443607475,0.010801449537478747,0.060431383006194474,True,,False,True
eval_50146_low,hist32,low,heldout,19,after_block_19,0.011101957571796073,0.0061292427443607475,0.008151688234836724,0.5932914794715765,True,,False,True
eval_50146_low,hist32,low,heldout,20,after_block_20,0.011101957571796073,0.0061292427443607475,0.0083063879170454,0.5621817763059794,True,,False,True
eval_50146_low,hist32,low,heldout,21,after_block_21,0.011101957571796073,0.0061292427443607475,0.01048610268442053,0.12384681381240001,True,,False,True
eval_50146_low,hist32,low,heldout,22,after_block_22,0.011101957571796073,0.0061292427443607475,0.00988232645497449,0.2452646409749192,True,,False,True
eval_50146_low,hist32,low,heldout,23,after_block_23,0.011101957571796073,0.0061292427443607475,0.008851804189307873,0.45249998453032453,True,,False,True
eval_50146_low,hist32,low,heldout,24,after_block_24,0.011101957571796073,0.0061292427443607475,0.007017488220688616,0.8213761482103769,True,,False,True
eval_50146_low,hist32,low,heldout,25,after_block_25,0.011101957571796073,0.0061292427443607475,0.0069176385281622494,0.8414556613116468,True,,False,True
eval_50146_low,hist32,low,heldout,26,after_block_26,0.011101957571796073,0.0061292427443607475,0.009110940231144124,0.4003884014557124,True,,False,True
eval_50146_low,hist32,low,heldout,27,after_block_27,0.011101957571796073,0.0061292427443607475,0.008277551927315871,0.5679806187351563,True,,False,True
eval_50146_low,hist32,low,heldout,28,after_block_28,0.011101957571796073,0.0061292427443607475,0.009041144394335818,0.4144241624495322,True,,False,True
eval_50146_low,hist32,low,heldout,29,after_block_29,0.011101957571796073,0.0061292427443607475,0.011101957571796073,-0.0,True,,False,True
eval_50187_high,hist32,high,heldout,0,after_block_0,0.04405327682922396,0.06397846749776157,0.06429768586996899,1.0160208440419836,True,,True,True
eval_50187_high,hist32,high,heldout,1,after_block_1,0.04405327682922396,0.06397846749776157,0.06335258196109309,0.9685882284852225,True,,True,True
eval_50187_high,hist32,high,heldout,2,after_block_2,0.04405327682922396,0.06397846749776157,0.0584597965590695,0.7230304577508415,True,,False,True
eval_50187_high,hist32,high,heldout,3,after_block_3,0.04405327682922396,0.06397846749776157,0.058548585916009026,0.7274865936251007,True,,False,True
eval_50187_high,hist32,high,heldout,4,after_block_4,0.04405327682922396,0.06397846749776157,0.053719194503484315,0.48511042303465074,True,,False,True
eval_50187_high,hist32,high,heldout,5,after_block_5,0.04405327682922396,0.06397846749776157,0.05351602640280899,0.4749138781656406,True,,False,True
eval_50187_high,hist32,high,heldout,6,after_block_6,0.04405327682922396,0.06397846749776157,0.0511511790206602,0.35622756687814344,True,,False,True
eval_50187_high,hist32,high,heldout,7,after_block_7,0.04405327682922396,0.06397846749776157,0.051223981951663354,0.35988138039562767,True,,False,True
eval_50187_high,hist32,high,heldout,8,after_block_8,0.04405327682922396,0.06397846749776157,0.05056679567450106,0.3268986959086977,True,,False,True
eval_50187_high,hist32,high,heldout,9,after_block_9,0.04405327682922396,0.06397846749776157,0.049228135172038015,0.2597143700604727,True,,False,True
eval_50187_high,hist32,high,heldout,10,after_block_10,0.04405327682922396,0.06397846749776157,0.050681320693001825,0.33264644610120175,True,,False,True
eval_50187_high,hist32,high,heldout,11,after_block_11,0.04405327682922396,0.06397846749776157,0.05013076788301783,0.3050154527951588,True,,False,True
eval_50187_high,hist32,high,heldout,12,after_block_12,0.04405327682922396,0.06397846749776157,0.054536793244702675,0.526143844235953,True,,False,True
eval_50187_high,hist32,high,heldout,13,after_block_13,0.04405327682922396,0.06397846749776157,0.055695348267048125,0.5842890856852526,True,,False,True
eval_50187_high,hist32,high,heldout,14,after_block_14,0.04405327682922396,0.06397846749776157,0.05842381414527068,0.7212245822439317,True,,False,True
eval_50187_high,hist32,high,heldout,15,after_block_15,0.04405327682922396,0.06397846749776157,0.060765125872344374,0.8387296925348302,True,,False,True
eval_50187_high,hist32,high,heldout,16,after_block_16,0.04405327682922396,0.06397846749776157,0.062198779247800644,0.9106814946182124,True,,True,True
eval_50187_high,hist32,high,heldout,17,after_block_17,0.04405327682922396,0.06397846749776157,0.058960744556818864,0.7481718983564952,True,,False,True
eval_50187_high,hist32,high,heldout,18,after_block_18,0.04405327682922396,0.06397846749776157,0.05518433578398314,0.5586425314531828,True,,False,True
eval_50187_high,hist32,high,heldout,19,after_block_19,0.04405327682922396,0.06397846749776157,0.052606276675833064,0.42925560858569406,True,,False,True
eval_50187_high,hist32,high,heldout,20,after_block_20,0.04405327682922396,0.06397846749776157,0.0509139228251974,0.3443202180647924,True,,False,True
eval_50187_high,hist32,high,heldout,21,after_block_21,0.04405327682922396,0.06397846749776157,0.0490357115147052,0.2500570643646904,True,,False,True
eval_50187_high,hist32,high,heldout,22,after_block_22,0.04405327682922396,0.06397846749776157,0.050202140937469504,0.3085975040607646,True,,False,True
eval_50187_high,hist32,high,heldout,23,after_block_23,0.04405327682922396,0.06397846749776157,0.04802701331358961,0.19943279592502391,True,,False,True
eval_50187_high,hist32,high,heldout,24,after_block_24,0.04405327682922396,0.06397846749776157,0.048024605780466946,0.19931196731350811,True,,False,True
eval_50187_high,hist32,high,heldout,25,after_block_25,0.04405327682922396,0.06397846749776157,0.04743431556475554,0.16968664399635205,True,,False,True
eval_50187_high,hist32,high,heldout,26,after_block_26,0.04405327682922396,0.06397846749776157,0.045301370071828315,0.06263896107027593,True,,False,True
eval_50187_high,hist32,high,heldout,27,after_block_27,0.04405327682922396,0.06397846749776157,0.045016974056302644,0.04836577190703549,True,,False,True
eval_50187_high,hist32,high,heldout,28,after_block_28,0.04405327682922396,0.06397846749776157,0.04443937645392435,0.019377461983841937,True,,False,True
eval_50187_high,hist32,high,heldout,29,after_block_29,0.04405327682922396,0.06397846749776157,0.04405327682922396,0.0,True,,False,True
eval_50241_high,hist32,high,heldout,0,after_block_0,0.04431635237161109,0.06676789510488826,0.06686649348218641,1.0043916081166224,True,,True,True
eval_50241_high,hist32,high,heldout,1,after_block_1,0.04431635237161109,0.06676789510488826,0.06615516945396385,0.9727089733563726,True,,True,True
eval_50241_high,hist32,high,heldout,2,after_block_2,0.04431635237161109,0.06676789510488826,0.0606937501677405,0.7294553425878927,True,,False,True
eval_50241_high,hist32,high,heldout,3,after_block_3,0.04431635237161109,0.06676789510488826,0.06089554416570602,0.7384433217376029,True,,False,True
eval_50241_high,hist32,high,heldout,4,after_block_4,0.04431635237161109,0.06676789510488826,0.05460992569202734,0.45847955495545295,True,,False,True
eval_50241_high,hist32,high,heldout,5,after_block_5,0.04431635237161109,0.06676789510488826,0.05453192100688576,0.45500519748842844,True,,False,True
eval_50241_high,hist32,high,heldout,6,after_block_6,0.04431635237161109,0.06676789510488826,0.05242159272770152,0.36101039703062476,True,,False,True
eval_50241_high,hist32,high,heldout,7,after_block_7,0.04431635237161109,0.06676789510488826,0.05269306350212744,0.3731018055209444,True,,False,True
eval_50241_high,hist32,high,heldout,8,after_block_8,0.04431635237161109,0.06676789510488826,0.05174761177143015,0.3309910364780685,True,,False,True
eval_50241_high,hist32,high,heldout,9,after_block_9,0.04431635237161109,0.06676789510488826,0.050052162489561604,0.2554750996887632,True,,False,True
eval_50241_high,hist32,high,heldout,10,after_block_10,0.04431635237161109,0.06676789510488826,0.05048720163054212,0.2748519035970181,True,,False,True
eval_50241_high,hist32,high,heldout,11,after_block_11,0.04431635237161109,0.06676789510488826,0.04964653687032037,0.2374083848950388,True,,False,True
eval_50241_high,hist32,high,heldout,12,after_block_12,0.04431635237161109,0.06676789510488826,0.05400335537639056,0.43146268921741454,True,,False,True
eval_50241_high,hist32,high,heldout,13,after_block_13,0.04431635237161109,0.06676789510488826,0.05557326330113924,0.5013869676244302,True,,False,True
eval_50241_high,hist32,high,heldout,14,after_block_14,0.04431635237161109,0.06676789510488826,0.05942331515585388,0.6728696982524766,True,,False,True
eval_50241_high,hist32,high,heldout,15,after_block_15,0.04431635237161109,0.06676789510488826,0.060830608155509155,0.7355510478761448,True,,False,True
eval_50241_high,hist32,high,heldout,16,after_block_16,0.04431635237161109,0.06676789510488826,0.06096708120655986,0.7416296079409026,True,,False,True
eval_50241_high,hist32,high,heldout,17,after_block_17,0.04431635237161109,0.06676789510488826,0.05867075851848453,0.6393505478622483,True,,False,True
eval_50241_high,hist32,high,heldout,18,after_block_18,0.04431635237161109,0.06676789510488826,0.05837822346984224,0.6263209288237,True,,False,True
eval_50241_high,hist32,high,heldout,19,after_block_19,0.04431635237161109,0.06676789510488826,0.054091439867939545,0.4353860049821895,True,,False,True
eval_50241_high,hist32,high,heldout,20,after_block_20,0.04431635237161109,0.06676789510488826,0.0520228677767649,0.34325104055016176,True,,False,True
eval_50241_high,hist32,high,heldout,21,after_block_21,0.04431635237161109,0.06676789510488826,0.04961635417330377,0.23606403642976098,True,,False,True
eval_50241_high,hist32,high,heldout,22,after_block_22,0.04431635237161109,0.06676789510488826,0.05002273007091213,0.2541641688988782,True,,False,True
eval_50241_high,hist32,high,heldout,23,after_block_23,0.04431635237161109,0.06676789510488826,0.047894145946766456,0.15935624636842613,True,,False,True
eval_50241_high,hist32,high,heldout,24,after_block_24,0.04431635237161109,0.06676789510488826,0.04831192198167679,0.17796414516065992,True,,False,True
eval_50241_high,hist32,high,heldout,25,after_block_25,0.04431635237161109,0.06676789510488826,0.048322653112496235,0.1784421136881206,True,,False,True
eval_50241_high,hist32,high,heldout,26,after_block_26,0.04431635237161109,0.06676789510488826,0.04553951861359026,0.05448027587726617,True,,False,True
eval_50241_high,hist32,high,heldout,27,after_block_27,0.04431635237161109,0.06676789510488826,0.04538084298591496,0.04741280485487985,True,,False,True
eval_50241_high,hist32,high,heldout,28,after_block_28,0.04431635237161109,0.06676789510488826,0.04473539086630579,0.018664129216991808,True,,False,True
eval_50241_high,hist32,high,heldout,29,after_block_29,0.04431635237161109,0.06676789510488826,0.04431635237161109,0.0,True,,False,True
eval_50276_high,hist32,high,heldout,0,after_block_0,0.04405186347690187,0.06584968180532542,0.06601141449114303,1.0074196730783243,True,,True,True
eval_50276_high,hist32,high,heldout,1,after_block_1,0.04405186347690187,0.06584968180532542,0.06509427415331882,0.9653448046669159,True,,True,True
eval_50276_high,hist32,high,heldout,2,after_block_2,0.04405186347690187,0.06584968180532542,0.059352389633164145,0.7019292447405597,True,,False,True
eval_50276_high,hist32,high,heldout,3,after_block_3,0.04405186347690187,0.06584968180532542,0.05950373466483729,0.7088723722312499,True,,False,True
eval_50276_high,hist32,high,heldout,4,after_block_4,0.04405186347690187,0.06584968180532542,0.053166201709327794,0.41813075488115076,True,,False,True
eval_50276_high,hist32,high,heldout,5,after_block_5,0.04405186347690187,0.06584968180532542,0.05271288177734584,0.3973341813364101,True,,False,True
eval_50276_high,hist32,high,heldout,6,after_block_6,0.04405186347690187,0.06584968180532542,0.05108207030676431,0.32251882844143664,True,,False,True
eval_50276_high,hist32,high,heldout,7,after_block_7,0.04405186347690187,0.06584968180532542,0.05114944158524261,0.3256095633701909,True,,False,True
eval_50276_high,hist32,high,heldout,8,after_block_8,0.04405186347690187,0.06584968180532542,0.05034301449289035,0.2886137924998234,True,,False,True
eval_50276_high,hist32,high,heldout,9,after_block_9,0.04405186347690187,0.06584968180532542,0.04842845027702706,0.20078095588209768,True,,False,True
eval_50276_high,hist32,high,heldout,10,after_block_10,0.04405186347690187,0.06584968180532542,0.049947042824029765,0.2704481365201947,True,,False,True
eval_50276_high,hist32,high,heldout,11,after_block_11,0.04405186347690187,0.06584968180532542,0.049244455503384195,0.23821613467212802,True,,False,True
eval_50276_high,hist32,high,heldout,12,after_block_12,0.04405186347690187,0.06584968180532542,0.0531179351455637,0.41591647072496263,True,,False,True
eval_50276_high,hist32,high,heldout,13,after_block_13,0.04405186347690187,0.06584968180532542,0.054134657219143366,0.4625597658594073,True,,False,True
eval_50276_high,hist32,high,heldout,14,after_block_14,0.04405186347690187,0.06584968180532542,0.05640821014324821,0.5668616225796377,True,,False,True
eval_50276_high,hist32,high,heldout,15,after_block_15,0.04405186347690187,0.06584968180532542,0.055840441681810384,0.5408145910426568,True,,False,True
eval_50276_high,hist32,high,heldout,16,after_block_16,0.04405186347690187,0.06584968180532542,0.05576566413270944,0.5373840849262059,True,,False,True
eval_50276_high,hist32,high,heldout,17,after_block_17,0.04405186347690187,0.06584968180532542,0.05532385327051411,0.5171155032021705,True,,False,True
eval_50276_high,hist32,high,heldout,18,after_block_18,0.04405186347690187,0.06584968180532542,0.056245066706244524,0.5593772296672078,True,,False,True
eval_50276_high,hist32,high,heldout,19,after_block_19,0.04405186347690187,0.06584968180532542,0.052909144573164126,0.4063379629470848,True,,False,True
eval_50276_high,hist32,high,heldout,20,after_block_20,0.04405186347690187,0.06584968180532542,0.05156587858905071,0.34471409014134397,True,,False,True
eval_50276_high,hist32,high,heldout,21,after_block_21,0.04405186347690187,0.06584968180532542,0.04951870364700879,0.25079758385628725,True,,False,True
eval_50276_high,hist32,high,heldout,22,after_block_22,0.04405186347690187,0.06584968180532542,0.04950678794043046,0.2502509371048188,True,,False,True
eval_50276_high,hist32,high,heldout,23,after_block_23,0.04405186347690187,0.06584968180532542,0.047260423443178476,0.14719638075397493,True,,False,True
eval_50276_high,hist32,high,heldout,24,after_block_24,0.04405186347690187,0.06584968180532542,0.04739609645845939,0.15342053645785098,True,,False,True
eval_50276_high,hist32,high,heldout,25,after_block_25,0.04405186347690187,0.06584968180532542,0.04749756003580144,0.15807529482923108,True,,False,True
eval_50276_high,hist32,high,heldout,26,after_block_26,0.04405186347690187,0.06584968180532542,0.045215981405826576,0.05340524961650589,True,,False,True
eval_50276_high,hist32,high,heldout,27,after_block_27,0.04405186347690187,0.06584968180532542,0.04514822878028443,0.0502970199523566,True,,False,True
eval_50276_high,hist32,high,heldout,28,after_block_28,0.04405186347690187,0.06584968180532542,0.04447100265928286,0.019228492322759156,True,,False,True
eval_50276_high,hist32,high,heldout,29,after_block_29,0.04405186347690187,0.06584968180532542,0.04405186347690187,0.0,True,,False,True
eval_50292_low,hist32,low,heldout,0,after_block_0,0.014286287997302681,0.003662082535451897,0.00349861734776276,1.0153861094155328,True,,True,True
eval_50292_low,hist32,low,heldout,1,after_block_1,0.014286287997302681,0.003662082535451897,0.0035144074736050517,1.0138998687833283,True,,True,True
eval_50292_low,hist32,low,heldout,2,after_block_2,0.014286287997302681,0.003662082535451897,0.004296821038721729,0.9402554378725977,True,,True,True
eval_50292_low,hist32,low,heldout,3,after_block_3,0.014286287997302681,0.003662082535451897,0.004409651718750968,0.929635285576561,True,,True,True
eval_50292_low,hist32,low,heldout,4,after_block_4,0.014286287997302681,0.003662082535451897,0.006192745481629629,0.7618021455566918,True,,False,True
eval_50292_low,hist32,low,heldout,5,after_block_5,0.014286287997302681,0.003662082535451897,0.006733824180688508,0.7108732830641719,True,,False,True
eval_50292_low,hist32,low,heldout,6,after_block_6,0.014286287997302681,0.003662082535451897,0.013304776508911799,0.0923844603641446,True,,False,True
eval_50292_low,hist32,low,heldout,7,after_block_7,0.014286287997302681,0.003662082535451897,0.013703550371427762,0.05484999588603626,True,,False,True
eval_50292_low,hist32,low,heldout,8,after_block_8,0.014286287997302681,0.003662082535451897,0.018497050108621838,-0.3963366603214791,True,,False,True
eval_50292_low,hist32,low,heldout,9,after_block_9,0.014286287997302681,0.003662082535451897,0.025413620487122812,-1.0473566733791027,True,,False,True
eval_50292_low,hist32,low,heldout,10,after_block_10,0.014286287997302681,0.003662082535451897,0.02489213521931885,-0.9982720364454043,True,,False,True
eval_50292_low,hist32,low,heldout,11,after_block_11,0.014286287997302681,0.003662082535451897,0.027316337489027218,-1.2264493131757115,True,,False,True
eval_50292_low,hist32,low,heldout,12,after_block_12,0.014286287997302681,0.003662082535451897,0.023431143025915698,-0.8607566054186552,True,,False,True
eval_50292_low,hist32,low,heldout,13,after_block_13,0.014286287997302681,0.003662082535451897,0.018583254725076773,-0.4044506427519278,True,,False,True
eval_50292_low,hist32,low,heldout,14,after_block_14,0.014286287997302681,0.003662082535451897,0.018225046635915596,-0.3707344189413639,True,,False,True
eval_50292_low,hist32,low,heldout,15,after_block_15,0.014286287997302681,0.003662082535451897,0.01694800512151527,-0.2505332877616341,True,,False,True
eval_50292_low,hist32,low,heldout,16,after_block_16,0.014286287997302681,0.003662082535451897,0.017200483860274726,-0.27429776969546465,True,,False,True
eval_50292_low,hist32,low,heldout,17,after_block_17,0.014286287997302681,0.003662082535451897,0.014117232514258417,0.015912294208852172,True,,False,True
eval_50292_low,hist32,low,heldout,18,after_block_18,0.014286287997302681,0.003662082535451897,0.01536186084553907,-0.10123795629692385,True,,False,True
eval_50292_low,hist32,low,heldout,19,after_block_19,0.014286287997302681,0.003662082535451897,0.01295370854663891,0.12542862197542903,True,,False,True
eval_50292_low,hist32,low,heldout,20,after_block_20,0.014286287997302681,0.003662082535451897,0.014611097644608403,-0.030572605967763206,True,,False,True
eval_50292_low,hist32,low,heldout,21,after_block_21,0.014286287997302681,0.003662082535451897,0.015047200164590477,-0.07162061859779217,True,,False,True
eval_50292_low,hist32,low,heldout,22,after_block_22,0.014286287997302681,0.003662082535451897,0.01498757635509327,-0.06600854626811978,True,,False,True
eval_50292_low,hist32,low,heldout,23,after_block_23,0.014286287997302681,0.003662082535451897,0.015560487307669601,-0.11993360961836562,True,,False,True
eval_50292_low,hist32,low,heldout,24,after_block_24,0.014286287997302681,0.003662082535451897,0.014324711196265445,-0.003616571526288085,True,,False,True
eval_50292_low,hist32,low,heldout,25,after_block_25,0.014286287997302681,0.003662082535451897,0.014034825437087525,0.023668834447724482,True,,False,True
eval_50292_low,hist32,low,heldout,26,after_block_26,0.014286287997302681,0.003662082535451897,0.015091152351051082,-0.07575760433460123,True,,False,True
eval_50292_low,hist32,low,heldout,27,after_block_27,0.014286287997302681,0.003662082535451897,0.01367979507226864,0.05708595595330166,True,,False,True
eval_50292_low,hist32,low,heldout,28,after_block_28,0.014286287997302681,0.003662082535451897,0.01507969707557161,-0.07467938013039072,True,,False,True
eval_50292_low,hist32,low,heldout,29,after_block_29,0.014286287997302681,0.003662082535451897,0.014286287997302681,-0.0,True,,False,True
eval_50298_low,hist32,low,heldout,0,after_block_0,0.020953953894182975,0.014955436928192596,0.014947808089496854,1.0012717874666348,True,,True,True
eval_50298_low,hist32,low,heldout,1,after_block_1,0.020953953894182975,0.014955436928192596,0.01510219975267971,0.9755334818057179,True,,True,True
eval_50298_low,hist32,low,heldout,2,after_block_2,0.020953953894182975,0.014955436928192596,0.015950596916614337,0.8340989957911311,True,,False,True
eval_50298_low,hist32,low,heldout,3,after_block_3,0.020953953894182975,0.014955436928192596,0.016045517175217114,0.8182750414469252,True,,False,True
eval_50298_low,hist32,low,heldout,4,after_block_4,0.020953953894182975,0.014955436928192596,0.01670757293778998,0.7079051339637079,True,,False,True
eval_50298_low,hist32,low,heldout,5,after_block_5,0.020953953894182975,0.014955436928192596,0.01715261549751042,0.6337130357761583,True,,False,True
eval_50298_low,hist32,low,heldout,6,after_block_6,0.020953953894182975,0.014955436928192596,0.0194267417427069,0.25459828823271924,True,,False,True
eval_50298_low,hist32,low,heldout,7,after_block_7,0.020953953894182975,0.014955436928192596,0.019588332047799827,0.2276599122959518,True,,False,True
eval_50298_low,hist32,low,heldout,8,after_block_8,0.020953953894182975,0.014955436928192596,0.019065991879058622,0.31473813041264664,True,,False,True
eval_50298_low,hist32,low,heldout,9,after_block_9,0.020953953894182975,0.014955436928192596,0.019604039400553074,0.22504137293992388,True,,False,True
eval_50298_low,hist32,low,heldout,10,after_block_10,0.020953953894182975,0.014955436928192596,0.016345904950003293,0.7681980346652025,True,,False,True
eval_50298_low,hist32,low,heldout,11,after_block_11,0.020953953894182975,0.014955436928192596,0.01802155868960461,0.4888533651240937,True,,False,True
eval_50298_low,hist32,low,heldout,12,after_block_12,0.020953953894182975,0.014955436928192596,0.014818444228017109,1.0228377615587638,True,,True,True
eval_50298_low,hist32,low,heldout,13,after_block_13,0.020953953894182975,0.014955436928192596,0.010649556639594632,1.7178241410353412,True,,False,True
eval_50298_low,hist32,low,heldout,14,after_block_14,0.020953953894182975,0.014955436928192596,0.017336603221120978,0.6030408338546323,True,,False,True
eval_50298_low,hist32,low,heldout,15,after_block_15,0.020953953894182975,0.014955436928192596,0.03183909905142813,-1.8146393881955076,False,detected_frames_below_58,False,False
eval_50298_low,hist32,low,heldout,16,after_block_16,0.020953953894182975,0.014955436928192596,0.030376737440355774,-1.5708521955671522,False,detected_frames_below_58,False,False
eval_50298_low,hist32,low,heldout,17,after_block_17,0.020953953894182975,0.014955436928192596,0.02431447000474576,-0.5602244904225175,False,detected_frames_below_58,False,False
eval_50298_low,hist32,low,heldout,18,after_block_18,0.020953953894182975,0.014955436928192596,0.021804475521393387,-0.14178865076694627,True,,False,True
eval_50298_low,hist32,low,heldout,19,after_block_19,0.020953953894182975,0.014955436928192596,0.020020707537158833,0.15557951445588,False,detected_frames_below_58,False,False
eval_50298_low,hist32,low,heldout,20,after_block_20,0.020953953894182975,0.014955436928192596,0.019414449392613525,0.25664751976162353,True,,False,True
eval_50298_low,hist32,low,heldout,21,after_block_21,0.020953953894182975,0.014955436928192596,0.021900510076499794,-0.15779836711031772,True,,False,True
eval_50298_low,hist32,low,heldout,22,after_block_22,0.020953953894182975,0.014955436928192596,0.02362465039158047,-0.4452261304818286,True,,False,True
eval_50298_low,hist32,low,heldout,23,after_block_23,0.020953953894182975,0.014955436928192596,0.02134329203190158,-0.06490573252122529,True,,False,True
eval_50298_low,hist32,low,heldout,24,after_block_24,0.020953953894182975,0.014955436928192596,0.020639886484206088,0.05235750965739466,True,,False,True
eval_50298_low,hist32,low,heldout,25,after_block_25,0.020953953894182975,0.014955436928192596,0.020630314852968033,0.0539531759349634,True,,False,True
eval_50298_low,hist32,low,heldout,26,after_block_26,0.020953953894182975,0.014955436928192596,0.019988952823250822,0.1608732752450967,True,,False,True
eval_50298_low,hist32,low,heldout,27,after_block_27,0.020953953894182975,0.014955436928192596,0.01994843835104922,0.1676273567007809,True,,False,True
eval_50298_low,hist32,low,heldout,28,after_block_28,0.020953953894182975,0.014955436928192596,0.020261196930506542,0.11548803939442658,True,,False,True
eval_50298_low,hist32,low,heldout,29,after_block_29,0.020953953894182975,0.014955436928192596,0.020953953894182975,-0.0,True,,False,True
