receiver_id,target_label,phase_index,diffusion_repeat,location,location_label,block_index_zero_based,omega_true,omega_aligned,omega_conflict,omega_hat,frequency_recovery,aligned_color_recovered,video,valid,detection_rate,max_missing_run,max_adjacent_jump_px,median_length_error,boundary_jump_px,median_area_px,area_valid,fit_valid,detected_color,detected_shape,amplitude_hat,fit_center,fit_rmse,strict_valid,strict_detection_rate,strict_frequency_recovery
B_002,low,2,0,0,embedding output,,2.3281417495092174,2.3392500000000003,6.005,2.358625,0.9947145877378436,True,runs/pendulum/unified_mechanism_v2/paired_layer_control/large_seed3407/long_common_scan/B/videos/B_002/location_00.mp4,True,1.0,0,2.0701386005477524,0.001295917127363433,1.2033037246269134,192.0,True,True,red,circle,0.12023308569102521,-0.0009014183727657657,0.004286710116619509,True,0.984375,1.0010570824524314
B_002,low,2,0,1,after block 0,0,2.3281417495092174,2.3392500000000003,6.005,2.358625,0.9947145877378436,True,runs/pendulum/unified_mechanism_v2/paired_layer_control/large_seed3407/long_common_scan/B/videos/B_002/location_01.mp4,True,1.0,0,2.178231713428327,0.0013809926897498381,1.0831036452701364,192.0,True,True,red,circle,0.12044373773728329,-0.000890011047374867,0.004540042493038104,True,0.984375,1.0010570824524314
B_002,low,2,0,2,after block 1,1,2.3281417495092174,2.3392500000000003,6.005,2.3625000000000003,0.9936575052854123,True,runs/pendulum/unified_mechanism_v2/paired_layer_control/large_seed3407/long_common_scan/B/videos/B_002/location_02.mp4,True,1.0,0,2.338560671407574,0.0012735757074784637,1.3136371781273848,191.0,True,True,red,circle,0.12132932334139881,-0.001070998842399784,0.004905031854469425,True,0.984375,1.0
B_002,low,2,0,3,after block 2,2,2.3281417495092174,2.3392500000000003,6.005,2.3470000000000004,0.9978858350951374,True,runs/pendulum/unified_mechanism_v2/paired_layer_control/large_seed3407/long_common_scan/B/videos/B_002/location_03.mp4,True,1.0,0,1.3908112273713864,0.0012234120346932553,0.5226749885612889,189.5,True,True,red,circle,0.12124313302329516,-0.00033837494356081407,0.003216606708614097,True,0.984375,1.0010570824524314
B_002,low,2,0,4,after block 3,3,2.3281417495092174,2.3392500000000003,6.005,2.3315,1.0021141649048626,True,runs/pendulum/unified_mechanism_v2/paired_layer_control/large_seed3407/long_common_scan/B/videos/B_002/location_04.mp4,True,0.984375,1,0.8913144683387069,0.0013020620541910888,1.175212951219214,189.0,True,True,red,circle,0.12160295351183543,0.0006652553913612069,0.0027170738450811435,True,0.984375,1.0021141649048626
B_002,low,2,0,5,after block 4,4,2.3281417495092174,2.3392500000000003,6.005,2.335375,1.0010570824524314,True,runs/pendulum/unified_mechanism_v2/paired_layer_control/large_seed3407/long_common_scan/B/videos/B_002/location_05.mp4,True,0.984375,1,0.8773066075669124,0.0013710046483121907,1.2174902975982478,188.0,True,True,red,circle,0.12199718590249126,0.0005374211772589421,0.002749394755636395,True,0.984375,1.0010570824524314
B_002,low,2,0,6,after block 5,5,2.3281417495092174,2.3392500000000003,6.005,2.3392500000000003,1.0,True,runs/pendulum/unified_mechanism_v2/paired_layer_control/large_seed3407/long_common_scan/B/videos/B_002/location_06.mp4,True,0.984375,1,0.9093798922566392,0.0015683507642456629,1.0997083700521633,184.0,True,True,red,circle,0.123581228866214,-0.0012018789211120067,0.002818271979109963,True,0.984375,0.9989429175475687
B_002,low,2,0,7,after block 6,6,2.3281417495092174,2.3392500000000003,6.005,2.343125,0.9989429175475687,True,runs/pendulum/unified_mechanism_v2/paired_layer_control/large_seed3407/long_common_scan/B/videos/B_002/location_07.mp4,True,0.984375,1,0.8861062655881047,0.0014913493821709922,1.1451311590762714,182.0,True,True,red,circle,0.12334554720640475,-0.00226709644145226,0.0032272392980418887,True,0.984375,1.0010570824524314
B_002,low,2,0,8,after block 7,7,2.3281417495092174,2.3392500000000003,6.005,2.335375,1.0010570824524314,True,runs/pendulum/unified_mechanism_v2/paired_layer_control/large_seed3407/long_common_scan/B/videos/B_002/location_08.mp4,True,0.984375,1,0.8322518075780365,0.001767302151924166,1.1086286429645904,180.0,True,True,red,circle,0.12443610047345385,-0.002922907909681315,0.0034084838417135074,True,0.984375,1.0031712473572938
B_002,low,2,0,9,after block 8,8,2.3281417495092174,2.3392500000000003,6.005,2.343125,0.9989429175475687,True,runs/pendulum/unified_mechanism_v2/paired_layer_control/large_seed3407/long_common_scan/B/videos/B_002/location_09.mp4,True,0.984375,1,0.905495954526918,0.0016348231175098982,1.1454258344347656,179.0,True,True,red,circle,0.12454894979108284,-0.0028527178712407387,0.0035674408434314435,True,0.984375,1.0021141649048626
B_002,low,2,0,10,after block 9,9,2.3281417495092174,2.3392500000000003,6.005,2.312125,1.007399577167019,True,runs/pendulum/unified_mechanism_v2/paired_layer_control/large_seed3407/long_common_scan/B/videos/B_002/location_10.mp4,True,0.984375,1,0.8706937606401398,0.0015957601425691248,1.26204733348522,175.0,True,True,red,circle,0.11923619034838094,-0.0039975061081392056,0.003826149060545141,True,0.984375,1.0095137420718816
B_002,low,2,0,11,after block 10,10,2.3281417495092174,2.3392500000000003,6.005,2.61825,0.9238900634249472,True,runs/pendulum/unified_mechanism_v2/paired_layer_control/large_seed3407/long_common_scan/B/videos/B_002/location_11.mp4,False,1.0,0,13.250548385425894,0.1322939612605924,3.7749745975173896,31.0,False,True,blue,circle,0.07809606847033022,0.049896908630948936,0.01839242539954626,False,0.5,1.1627906976744184
B_002,low,2,0,12,after block 11,11,2.3281417495092174,2.3392500000000003,6.005,2.273375,1.017970401691332,False,runs/pendulum/unified_mechanism_v2/paired_layer_control/large_seed3407/long_common_scan/B/videos/B_002/location_12.mp4,True,1.0,0,6.279984762463999,0.04073819927019112,3.8157325362063723,114.0,True,True,blue,circle,0.09223214253402692,0.03373787666317657,0.017757780518554693,False,0.015625,nan
B_002,low,2,0,13,after block 12,12,2.3281417495092174,2.3392500000000003,6.005,2.2811250000000003,1.0158562367864694,False,runs/pendulum/unified_mechanism_v2/paired_layer_control/large_seed3407/long_common_scan/B/videos/B_002/location_13.mp4,True,1.0,0,3.0167905724864372,0.020094444115022897,3.1171575202380994,171.5,True,True,blue,circle,0.10481264880612125,0.0033444853342416364,0.007012535198681386,False,0.015625,nan
B_002,low,2,0,14,after block 13,13,2.3281417495092174,2.3392500000000003,6.005,2.296625,1.0116279069767442,False,runs/pendulum/unified_mechanism_v2/paired_layer_control/large_seed3407/long_common_scan/B/videos/B_002/location_14.mp4,True,1.0,0,2.4187467299826273,0.018139436748313642,2.6264450822977685,178.5,True,True,blue,circle,0.09733087874693211,0.0027997927029646892,0.007690985811653088,False,0.234375,0.9545454545454546
B_002,low,2,0,15,after block 14,14,2.3281417495092174,2.3392500000000003,6.005,2.3043750000000003,1.0095137420718816,False,runs/pendulum/unified_mechanism_v2/paired_layer_control/large_seed3407/long_common_scan/B/videos/B_002/location_15.mp4,True,1.0,0,2.511757760439114,0.020060946202344443,3.012934304691469,179.5,True,True,blue,circle,0.08931629980886001,-0.0010948692628052214,0.009663521024799863,False,0.765625,0.9978858350951374
B_002,low,2,0,16,after block 15,15,2.3281417495092174,2.3392500000000003,6.005,2.285,1.014799154334038,False,runs/pendulum/unified_mechanism_v2/paired_layer_control/large_seed3407/long_common_scan/B/videos/B_002/location_16.mp4,True,1.0,0,2.3925420856871074,0.018807212997615702,3.1631230737779457,181.5,True,True,blue,circle,0.08783144246145394,-0.0015481088919983461,0.010757917332314843,False,0.8125,0.9883720930232559
B_002,low,2,0,17,after block 16,16,2.3281417495092174,2.3392500000000003,6.005,2.288875,1.0137420718816068,False,runs/pendulum/unified_mechanism_v2/paired_layer_control/large_seed3407/long_common_scan/B/videos/B_002/location_17.mp4,True,1.0,0,2.5362910417927202,0.019453346383827508,3.0264495727740948,190.0,True,True,blue,circle,0.08347840528990956,-0.0014846405213677963,0.011675710201293342,True,1.0,1.0116279069767442
B_002,low,2,0,18,after block 17,17,2.3281417495092174,2.3392500000000003,6.005,2.242375,1.0264270613107822,False,runs/pendulum/unified_mechanism_v2/paired_layer_control/large_seed3407/long_common_scan/B/videos/B_002/location_18.mp4,True,1.0,0,2.0343189700327042,0.019925520853787765,3.162052088894563,191.0,True,True,blue,circle,0.07817049362263093,-0.0018767319256471817,0.013547178071040087,True,1.0,1.025369978858351
B_002,low,2,0,19,after block 18,18,2.3281417495092174,2.3392500000000003,6.005,2.195875,1.0391120507399578,False,runs/pendulum/unified_mechanism_v2/paired_layer_control/large_seed3407/long_common_scan/B/videos/B_002/location_19.mp4,True,1.0,0,1.9893857975374545,0.020589713227518514,2.7092812993583992,192.0,True,True,blue,circle,0.07281661319598258,0.00023959013283152361,0.015410788261692114,True,1.0,1.0369978858350952
B_002,low,2,0,20,after block 19,19,2.3281417495092174,2.3392500000000003,6.005,2.161,1.0486257928118394,False,runs/pendulum/unified_mechanism_v2/paired_layer_control/large_seed3407/long_common_scan/B/videos/B_002/location_20.mp4,True,1.0,0,2.6317099308541394,0.018806282411075237,2.2238344875560268,198.5,True,True,blue,circle,0.06274586902870474,0.0047531707601015175,0.020229946080974757,True,1.0,1.0465116279069768
B_002,low,2,0,21,after block 20,20,2.3281417495092174,2.3392500000000003,6.005,2.087375,1.0687103594080338,False,runs/pendulum/unified_mechanism_v2/paired_layer_control/large_seed3407/long_common_scan/B/videos/B_002/location_21.mp4,True,1.0,0,2.433240809386049,0.01949048190902422,2.6476265356934032,199.0,True,True,blue,circle,0.06056075207389322,0.007195244934205115,0.024254413499181636,True,1.0,1.0539112050739958
B_002,low,2,0,22,after block 21,21,2.3281417495092174,2.3392500000000003,6.005,1.9440000000000002,1.1078224101479917,False,runs/pendulum/unified_mechanism_v2/paired_layer_control/large_seed3407/long_common_scan/B/videos/B_002/location_22.mp4,True,1.0,0,3.6699914009965413,0.018294820439951065,2.3206860371975564,199.0,True,True,blue,circle,0.05187124865671591,0.005364636193157836,0.02672316296459442,True,1.0,1.0887949260042284
B_002,low,2,0,23,after block 22,22,2.3281417495092174,2.3392500000000003,6.005,6.194875000000001,-0.05179704016913338,False,runs/pendulum/unified_mechanism_v2/paired_layer_control/large_seed3407/long_common_scan/B/videos/B_002/location_23.mp4,True,1.0,0,3.515506090843328,0.019362364825445566,1.964255644266902,201.5,True,True,blue,circle,0.04337503310573172,0.0028351562582665693,0.03170265988589981,True,1.0,-0.05602536997885838
B_002,low,2,0,24,after block 23,23,2.3281417495092174,2.3392500000000003,6.005,6.13675,-0.03594080338266392,False,runs/pendulum/unified_mechanism_v2/paired_layer_control/large_seed3407/long_common_scan/B/videos/B_002/location_24.mp4,True,1.0,0,2.7257686444380274,0.018591457787699772,1.948558711192329,209.0,True,True,blue,circle,0.04639610418374822,0.002776231001909091,0.028307238177516417,True,1.0,-0.03382663847780142
B_002,low,2,0,25,after block 24,24,2.3281417495092174,2.3392500000000003,6.005,6.094125,-0.024312896405919698,False,runs/pendulum/unified_mechanism_v2/paired_layer_control/large_seed3407/long_common_scan/B/videos/B_002/location_25.mp4,True,1.0,0,2.3828159113813054,0.019101794205219957,1.6632167208141857,210.5,True,True,blue,circle,0.04722190726454583,0.0012013226700809977,0.027905056556280172,True,1.0,-0.02114164904862595
B_002,low,2,0,26,after block 25,25,2.3281417495092174,2.3392500000000003,6.005,6.09025,-0.023255813953488448,False,runs/pendulum/unified_mechanism_v2/paired_layer_control/large_seed3407/long_common_scan/B/videos/B_002/location_26.mp4,True,1.0,0,2.6642875580001775,0.019073220820028713,1.9359359515396617,213.5,True,True,blue,circle,0.04722930167465903,0.002172380111832203,0.026481514114162708,True,1.0,-0.01902748414376321
B_002,low,2,0,27,after block 26,26,2.3281417495092174,2.3392500000000003,6.005,6.070875,-0.01797040169133196,False,runs/pendulum/unified_mechanism_v2/paired_layer_control/large_seed3407/long_common_scan/B/videos/B_002/location_27.mp4,True,1.0,0,2.887893891510256,0.017655043520073938,2.053285743782935,213.5,True,True,blue,circle,0.048897303503363194,0.0020238800369985557,0.02610617795826809,True,1.0,-0.012684989429175474
B_002,low,2,0,28,after block 27,27,2.3281417495092174,2.3392500000000003,6.005,6.04375,-0.010570824524312974,False,runs/pendulum/unified_mechanism_v2/paired_layer_control/large_seed3407/long_common_scan/B/videos/B_002/location_28.mp4,True,1.0,0,2.5754655876206103,0.017078379965239032,2.0453768389055043,212.0,True,True,blue,circle,0.05115554380516451,0.0005970791101196721,0.025633517402655275,True,1.0,-0.0042283298097252385
B_002,low,2,0,29,after block 28,28,2.3281417495092174,2.3392500000000003,6.005,6.0360000000000005,-0.008456659619450477,False,runs/pendulum/unified_mechanism_v2/paired_layer_control/large_seed3407/long_common_scan/B/videos/B_002/location_29.mp4,True,1.0,0,3.040010907969701,0.01702935626474006,2.127716336114204,210.0,True,True,blue,circle,0.05285546722585467,-4.875635052551336e-05,0.025271131159440702,True,1.0,-0.006342494714587737
B_002,low,2,0,30,after block 29,29,2.3281417495092174,2.3392500000000003,6.005,6.0127500000000005,-0.0021141649048627403,False,runs/pendulum/unified_mechanism_v2/paired_layer_control/large_seed3407/long_common_scan/B/videos/B_002/location_30.mp4,True,1.0,0,2.669182940872173,0.017554519887542475,2.116776668922416,211.5,True,True,blue,circle,0.05720419376976651,0.00012130217921180266,0.025434548865285095,True,1.0,-0.0
B_003,low,3,0,0,embedding output,,2.4739467604667036,2.4787500000000002,6.249125,2.474875,1.0010277492291881,True,runs/pendulum/unified_mechanism_v2/paired_layer_control/large_seed3407/long_common_scan/B/videos/B_003/location_00.mp4,True,1.0,0,0.827072125819541,0.001501787405572691,0.5935673248834512,193.0,True,True,red,circle,0.11431061009276268,0.0010026943069073719,0.003103263061819584,True,0.984375,1.0
B_003,low,3,0,1,after block 0,0,2.4739467604667036,2.4787500000000002,6.249125,2.4787500000000002,1.0,True,runs/pendulum/unified_mechanism_v2/paired_layer_control/large_seed3407/long_common_scan/B/videos/B_003/location_01.mp4,True,1.0,0,0.8330454683788163,0.0013545491172584079,0.6858180700384129,193.0,True,True,red,circle,0.11429040339761466,0.0009914168966135468,0.0032018287255858005,True,0.984375,0.998972250770812
B_003,low,3,0,2,after block 1,1,2.4739467604667036,2.4787500000000002,6.249125,2.474875,1.0010277492291881,True,runs/pendulum/unified_mechanism_v2/paired_layer_control/large_seed3407/long_common_scan/B/videos/B_003/location_02.mp4,True,1.0,0,0.7529375082581595,0.0013390370941411822,0.5173936925295751,191.0,True,True,red,circle,0.11508925816873022,0.000769855066816084,0.0029786322691003316,True,0.984375,1.0
B_003,low,3,0,3,after block 2,2,2.4739467604667036,2.4787500000000002,6.249125,2.474875,1.0010277492291881,True,runs/pendulum/unified_mechanism_v2/paired_layer_control/large_seed3407/long_common_scan/B/videos/B_003/location_03.mp4,True,1.0,0,0.8127434275368242,0.0012607998795965414,0.4680757836849,190.0,True,True,red,circle,0.11494993651012443,0.0008432622296331503,0.0030157189011776665,True,0.984375,1.0010277492291881
B_003,low,3,0,4,after block 3,3,2.4739467604667036,2.4787500000000002,6.249125,2.474875,1.0010277492291881,True,runs/pendulum/unified_mechanism_v2/paired_layer_control/large_seed3407/long_common_scan/B/videos/B_003/location_04.mp4,True,1.0,0,0.8152213471108071,0.0011310455045044632,0.6042073478610362,189.0,True,True,red,circle,0.11565746845296773,0.0013157625193015257,0.0030368851624049094,True,0.984375,1.0
B_003,low,3,0,5,after block 4,4,2.4739467604667036,2.4787500000000002,6.249125,2.471,1.0020554984583763,True,runs/pendulum/unified_mechanism_v2/paired_layer_control/large_seed3407/long_common_scan/B/videos/B_003/location_05.mp4,True,1.0,0,0.8271122763438907,0.0013135164476364147,0.6599153010766999,189.0,True,True,red,circle,0.11596727783085471,0.0013791239177559445,0.0031941146875601864,True,0.984375,1.0010277492291881
B_003,low,3,0,6,after block 5,5,2.4739467604667036,2.4787500000000002,6.249125,2.474875,1.0010277492291881,True,runs/pendulum/unified_mechanism_v2/paired_layer_control/large_seed3407/long_common_scan/B/videos/B_003/location_06.mp4,True,1.0,0,0.894368890709503,0.0014801747546495103,0.8570705934143898,183.0,True,True,red,circle,0.11770338478658987,0.0003958467223454784,0.003177137721007517,True,0.984375,1.0010277492291881
B_003,low,3,0,7,after block 6,6,2.4739467604667036,2.4787500000000002,6.249125,2.471,1.0020554984583763,True,runs/pendulum/unified_mechanism_v2/paired_layer_control/large_seed3407/long_common_scan/B/videos/B_003/location_07.mp4,True,1.0,0,0.955441802955336,0.001451048796178217,0.9410914166666846,182.0,True,True,red,circle,0.1178068928967196,-0.000468700826363923,0.003523328346771582,True,0.984375,1.0
B_003,low,3,0,8,after block 7,7,2.4739467604667036,2.4787500000000002,6.249125,2.4632500000000004,1.0041109969167523,True,runs/pendulum/unified_mechanism_v2/paired_layer_control/large_seed3407/long_common_scan/B/videos/B_003/location_08.mp4,True,1.0,0,0.9526347873017842,0.0013050399074553132,1.0929496180124028,180.0,True,True,red,circle,0.11843400360884294,-0.0016356637188282039,0.0036220765277348685,True,0.984375,0.998972250770812
B_003,low,3,0,9,after block 8,8,2.4739467604667036,2.4787500000000002,6.249125,2.4787500000000002,1.0,True,runs/pendulum/unified_mechanism_v2/paired_layer_control/large_seed3407/long_common_scan/B/videos/B_003/location_09.mp4,True,1.0,0,0.9526347873017842,0.0012735635023370384,1.0548452899799643,181.0,True,True,red,circle,0.11833641053846496,-0.0019157496850304577,0.003681415197749124,True,0.984375,0.9969167523124358
B_003,low,3,0,10,after block 9,9,2.4739467604667036,2.4787500000000002,6.249125,2.4632500000000004,1.0041109969167523,True,runs/pendulum/unified_mechanism_v2/paired_layer_control/large_seed3407/long_common_scan/B/videos/B_003/location_10.mp4,True,1.0,0,1.181834238752263,0.0014283825491021584,1.1797925049087803,175.0,True,True,red,circle,0.1166649833024079,-0.0031139839132748905,0.0049748508514291,True,0.984375,0.998972250770812
B_003,low,3,0,11,after block 10,10,2.4739467604667036,2.4787500000000002,6.249125,2.471,1.0020554984583763,True,runs/pendulum/unified_mechanism_v2/paired_layer_control/large_seed3407/long_common_scan/B/videos/B_003/location_11.mp4,True,0.984375,1,1.2138828679688247,0.0018404079714314792,1.2196485084576456,167.0,True,True,red,circle,0.11669956673609963,-0.0031477937769038024,0.005718155978824173,False,0.359375,1.278520041109969
B_003,low,3,0,12,after block 11,11,2.4739467604667036,2.4787500000000002,6.249125,2.3973750000000003,1.0215827338129497,False,runs/pendulum/unified_mechanism_v2/paired_layer_control/large_seed3407/long_common_scan/B/videos/B_003/location_12.mp4,True,1.0,0,3.958018324246295,0.03109651937333252,0.7329524610521742,132.5,True,True,blue,circle,0.09644130716452952,0.026948344527790994,0.01996096139521408,False,0.015625,nan
B_003,low,3,0,13,after block 12,12,2.4739467604667036,2.4787500000000002,6.249125,2.3973750000000003,1.0215827338129497,False,runs/pendulum/unified_mechanism_v2/paired_layer_control/large_seed3407/long_common_scan/B/videos/B_003/location_13.mp4,True,1.0,0,3.3519796463228486,0.020907932451813355,0.220297222107537,179.0,True,True,blue,circle,0.105811302494478,0.0042845994204723315,0.005305786477519368,False,0.046875,nan
B_003,low,3,0,14,after block 13,13,2.4739467604667036,2.4787500000000002,6.249125,2.405125,1.0195272353545735,False,runs/pendulum/unified_mechanism_v2/paired_layer_control/large_seed3407/long_common_scan/B/videos/B_003/location_14.mp4,True,1.0,0,3.197201533527517,0.01998543609442352,0.1718029099250929,182.0,True,True,blue,circle,0.09848448561749135,0.0034376917275350588,0.005660388116137553,False,0.1875,1.0215827338129497
B_003,low,3,0,15,after block 14,14,2.4739467604667036,2.4787500000000002,6.249125,2.3935000000000004,1.0226104830421376,False,runs/pendulum/unified_mechanism_v2/paired_layer_control/large_seed3407/long_common_scan/B/videos/B_003/location_15.mp4,True,1.0,0,3.562173965336082,0.02043400261678252,0.2164457735935789,184.5,True,True,blue,circle,0.09399523908593763,0.0007698016311401967,0.005843350197174605,False,0.6875,1.102774922918808
B_003,low,3,0,16,after block 15,15,2.4739467604667036,2.4787500000000002,6.249125,2.389625,1.0236382322713258,False,runs/pendulum/unified_mechanism_v2/paired_layer_control/large_seed3407/long_common_scan/B/videos/B_003/location_16.mp4,True,1.0,0,2.9503125440176348,0.020514627332968327,0.14149090221218685,186.0,True,True,blue,circle,0.0925133485952339,-0.0003641589349996181,0.005976456715144213,False,0.78125,1.077081192189106
B_003,low,3,0,17,after block 16,16,2.4739467604667036,2.4787500000000002,6.249125,2.389625,1.0236382322713258,False,runs/pendulum/unified_mechanism_v2/paired_layer_control/large_seed3407/long_common_scan/B/videos/B_003/location_17.mp4,True,1.0,0,2.5585365224371794,0.020320578529283012,0.23529497452281486,194.0,True,True,blue,circle,0.08791893525784338,-0.000521997892554016,0.006668211048147303,True,1.0,1.0205549845837616
B_003,low,3,0,18,after block 17,17,2.4739467604667036,2.4787500000000002,6.249125,2.389625,1.0236382322713258,False,runs/pendulum/unified_mechanism_v2/paired_layer_control/large_seed3407/long_common_scan/B/videos/B_003/location_18.mp4,True,1.0,0,2.468048448194469,0.019146553938548944,0.2644293679462282,191.0,True,True,blue,circle,0.08510496481882297,-0.0030121960061058038,0.006958044795576924,True,1.0,1.0226104830421376
B_003,low,3,0,19,after block 18,18,2.4739467604667036,2.4787500000000002,6.249125,2.3741250000000003,1.027749229188078,False,runs/pendulum/unified_mechanism_v2/paired_layer_control/large_seed3407/long_common_scan/B/videos/B_003/location_19.mp4,True,1.0,0,2.336342141948538,0.019141550811510588,0.23309007790575043,193.0,True,True,blue,circle,0.08088049129012964,-0.0027556381379570953,0.007962095409223078,True,1.0,1.025693730729702
B_003,low,3,0,20,after block 19,19,2.4739467604667036,2.4787500000000002,6.249125,2.3005000000000004,1.0472764645426516,False,runs/pendulum/unified_mechanism_v2/paired_layer_control/large_seed3407/long_common_scan/B/videos/B_003/location_20.mp4,True,1.0,0,2.3405715675387793,0.019008507165232003,1.420724705572695,198.0,True,True,blue,circle,0.07461110051835919,0.0018067248124540095,0.011244278239736281,True,1.0,1.0452209660842755
B_003,low,3,0,21,after block 20,20,2.4739467604667036,2.4787500000000002,6.249125,2.3005000000000004,1.0472764645426516,False,runs/pendulum/unified_mechanism_v2/paired_layer_control/large_seed3407/long_common_scan/B/videos/B_003/location_21.mp4,True,1.0,0,2.2981994662974867,0.020267986480391575,1.0872470602077944,201.0,True,True,blue,circle,0.07279924600726784,0.0015001973212742064,0.013918737718409539,True,1.0,1.0462487153134634
B_003,low,3,0,22,after block 21,21,2.4739467604667036,2.4787500000000002,6.249125,2.288875,1.050359712230216,False,runs/pendulum/unified_mechanism_v2/paired_layer_control/large_seed3407/long_common_scan/B/videos/B_003/location_22.mp4,True,1.0,0,2.7800832645162052,0.020847250320204125,1.5630928580644687,199.5,True,True,blue,circle,0.06488000939216122,-0.002654845971954308,0.015729627658728495,True,1.0,1.0513874614594039
B_003,low,3,0,23,after block 22,22,2.4739467604667036,2.4787500000000002,6.249125,2.102875,1.0996916752312436,False,runs/pendulum/unified_mechanism_v2/paired_layer_control/large_seed3407/long_common_scan/B/videos/B_003/location_23.mp4,True,1.0,0,2.5266406766864757,0.02067589608548087,1.3474454438285546,199.5,True,True,blue,circle,0.05452440184640364,-0.003722285478209078,0.021642392225717455,True,1.0,1.1007194244604317
B_003,low,3,0,24,after block 23,23,2.4739467604667036,2.4787500000000002,6.249125,1.99825,1.1274409044193219,False,runs/pendulum/unified_mechanism_v2/paired_layer_control/large_seed3407/long_common_scan/B/videos/B_003/location_24.mp4,True,1.0,0,2.370214860882054,0.020242271430019165,1.7438036509998347,207.5,True,True,blue,circle,0.050267566003848727,-0.004867556028064769,0.025103630978411416,True,1.0,1.1223021582733814
B_003,low,3,0,25,after block 24,24,2.4739467604667036,2.4787500000000002,6.249125,1.99825,1.1274409044193219,False,runs/pendulum/unified_mechanism_v2/paired_layer_control/large_seed3407/long_common_scan/B/videos/B_003/location_25.mp4,True,1.0,0,3.1652143447976058,0.018001229546183717,1.8400133070803908,209.0,True,True,blue,circle,0.04736603808112981,-0.0063724871082100785,0.02696445286094919,True,1.0,1.1202466598150052
B_003,low,3,0,26,after block 25,25,2.4739467604667036,2.4787500000000002,6.249125,1.9556250000000002,1.1387461459403905,False,runs/pendulum/unified_mechanism_v2/paired_layer_control/large_seed3407/long_common_scan/B/videos/B_003/location_26.mp4,True,1.0,0,1.9976934170481995,0.01789699474167722,2.2653127348138167,213.0,True,True,blue,circle,0.04541486333688576,-0.005718707652677065,0.0274904952921972,True,1.0,1.1356628982528263
B_003,low,3,0,27,after block 26,26,2.4739467604667036,2.4787500000000002,6.249125,1.9207500000000002,1.1479958890030832,False,runs/pendulum/unified_mechanism_v2/paired_layer_control/large_seed3407/long_common_scan/B/videos/B_003/location_27.mp4,True,1.0,0,2.241173430153802,0.017790963572867413,2.3304124178879904,213.0,True,True,blue,circle,0.044885678279573765,-0.006172961067234316,0.028451623640563136,True,1.0,1.144912641315519
B_003,low,3,0,28,after block 27,27,2.4739467604667036,2.4787500000000002,6.249125,1.8471250000000001,1.1675231243576567,False,runs/pendulum/unified_mechanism_v2/paired_layer_control/large_seed3407/long_common_scan/B/videos/B_003/location_28.mp4,True,1.0,0,2.011404201946182,0.017705967564516534,2.6871643202597206,212.5,True,True,blue,circle,0.04537028120961282,-0.008418642072701559,0.029642615571268068,True,1.0,1.1603288797533402
B_003,low,3,0,29,after block 28,28,2.4739467604667036,2.4787500000000002,6.249125,1.8471250000000001,1.1675231243576567,False,runs/pendulum/unified_mechanism_v2/paired_layer_control/large_seed3407/long_common_scan/B/videos/B_003/location_29.mp4,True,1.0,0,2.2171613611519247,0.017314287295801756,2.084438024817871,212.0,True,True,blue,circle,0.04474790192846547,-0.008737730287979075,0.03040322162521664,True,1.0,1.1664953751284688
B_003,low,3,0,30,after block 29,29,2.4739467604667036,2.4787500000000002,6.249125,6.2375,0.0030832476875643513,False,runs/pendulum/unified_mechanism_v2/paired_layer_control/large_seed3407/long_common_scan/B/videos/B_003/location_30.mp4,True,1.0,0,2.5707801679745583,0.017433087771602462,2.7184821448789673,210.0,True,True,blue,circle,0.043832768631482714,-0.003368617191953176,0.032754786154022775,True,1.0,-0.0
B_004,low,4,0,0,embedding output,,2.228327834330999,2.2307500000000005,5.8267500000000005,2.2346250000000003,0.9989224137931035,True,runs/pendulum/unified_mechanism_v2/paired_layer_control/large_seed3407/long_common_scan/B/videos/B_004/location_00.mp4,True,1.0,0,1.0123948690915934,0.0013380163210877372,0.9154183596435987,192.5,True,True,red,circle,0.12488133430374196,0.00027474010205281606,0.0030941295952945157,True,0.984375,1.0
B_004,low,4,0,1,after block 0,0,2.228327834330999,2.2307500000000005,5.8267500000000005,2.2307500000000005,1.0,True,runs/pendulum/unified_mechanism_v2/paired_layer_control/large_seed3407/long_common_scan/B/videos/B_004/location_01.mp4,True,1.0,0,0.9870601651817373,0.0012581985230410153,0.9200178622572327,192.0,True,True,red,circle,0.12505290992117557,0.00027468563122840607,0.0032026361379155974,True,0.984375,0.9989224137931035
B_004,low,4,0,2,after block 1,1,2.228327834330999,2.2307500000000005,5.8267500000000005,2.2346250000000003,0.9989224137931035,True,runs/pendulum/unified_mechanism_v2/paired_layer_control/large_seed3407/long_common_scan/B/videos/B_004/location_02.mp4,True,1.0,0,0.9441688522227352,0.0012931442181304265,0.7840438861680264,190.5,True,True,red,circle,0.12562281439285436,-2.480021377656383e-05,0.0030431813963185225,True,0.984375,0.9989224137931035
B_004,low,4,0,3,after block 2,2,2.228327834330999,2.2307500000000005,5.8267500000000005,2.2346250000000003,0.9989224137931035,True,runs/pendulum/unified_mechanism_v2/paired_layer_control/large_seed3407/long_common_scan/B/videos/B_004/location_03.mp4,True,1.0,0,1.0326895931997249,0.0012461437508905493,0.6340167209425251,190.0,True,True,red,circle,0.12578933070885506,-5.022266329264153e-05,0.0032147031678573176,True,0.984375,0.9989224137931035
B_004,low,4,0,4,after block 3,3,2.228327834330999,2.2307500000000005,5.8267500000000005,2.2385,0.997844827586207,True,runs/pendulum/unified_mechanism_v2/paired_layer_control/large_seed3407/long_common_scan/B/videos/B_004/location_04.mp4,True,1.0,0,1.4841147176077614,0.0011504847080361646,0.22170084295969153,189.0,True,True,red,circle,0.1257935556642196,0.00013496084615616905,0.0035029621758863993,True,0.984375,0.9989224137931035
B_004,low,4,0,5,after block 4,4,2.228327834330999,2.2307500000000005,5.8267500000000005,2.2385,0.997844827586207,True,runs/pendulum/unified_mechanism_v2/paired_layer_control/large_seed3407/long_common_scan/B/videos/B_004/location_05.mp4,True,1.0,0,1.3178136493988757,0.0011934114574351229,0.3716639074085283,188.5,True,True,red,circle,0.12598907652229943,5.436670531926758e-05,0.003273723398806009,True,0.984375,0.9989224137931035
B_004,low,4,0,6,after block 5,5,2.228327834330999,2.2307500000000005,5.8267500000000005,2.250125,0.9946120689655173,True,runs/pendulum/unified_mechanism_v2/paired_layer_control/large_seed3407/long_common_scan/B/videos/B_004/location_06.mp4,True,1.0,0,2.8848939989297615,0.0011496264902672304,1.3994924459474016,184.0,True,True,red,circle,0.12806672241571448,-0.001602907050458528,0.006533860329480964,True,0.984375,0.9967672413793105
B_004,low,4,0,7,after block 6,6,2.228327834330999,2.2307500000000005,5.8267500000000005,2.2307500000000005,1.0,True,runs/pendulum/unified_mechanism_v2/paired_layer_control/large_seed3407/long_common_scan/B/videos/B_004/location_07.mp4,True,0.984375,1,0.8096159260051201,0.0012454639572353488,1.5489024676157903,183.0,True,True,red,circle,0.12715654560545883,-0.0018617710451754692,0.003143836400900237,True,0.984375,0.9967672413793105
B_004,low,4,0,8,after block 7,7,2.228327834330999,2.2307500000000005,5.8267500000000005,2.2346250000000003,0.9989224137931035,True,runs/pendulum/unified_mechanism_v2/paired_layer_control/large_seed3407/long_common_scan/B/videos/B_004/location_08.mp4,True,0.984375,1,0.902863409758403,0.0013753778943859651,1.3380013669484248,181.0,True,True,red,circle,0.12806776379548426,-0.002660159048526097,0.0034806181131692713,True,0.984375,0.9935344827586207
B_004,low,4,0,9,after block 8,8,2.228327834330999,2.2307500000000005,5.8267500000000005,2.24625,0.9956896551724139,True,runs/pendulum/unified_mechanism_v2/paired_layer_control/large_seed3407/long_common_scan/B/videos/B_004/location_09.mp4,True,0.984375,1,0.8825801192562849,0.0015099318763706626,1.3466106128701671,181.0,True,True,red,circle,0.1284788237765492,-0.003247791711331855,0.003589001051510503,True,0.984375,0.9903017241379312
B_004,low,4,0,10,after block 9,9,2.228327834330999,2.2307500000000005,5.8267500000000005,2.226875,1.0010775862068966,True,runs/pendulum/unified_mechanism_v2/paired_layer_control/large_seed3407/long_common_scan/B/videos/B_004/location_10.mp4,True,0.984375,1,1.0021126342382936,0.0014411043123768175,0.9972555416635295,175.0,True,True,red,circle,0.12361823682132565,-0.004403419617782383,0.0051138219676794255,True,0.984375,0.9870689655172414
B_004,low,4,0,11,after block 10,10,2.228327834330999,2.2307500000000005,5.8267500000000005,2.24625,0.9956896551724139,True,runs/pendulum/unified_mechanism_v2/paired_layer_control/large_seed3407/long_common_scan/B/videos/B_004/location_11.mp4,True,0.984375,1,1.8105852220936858,0.0022166586620591677,1.3217195301640519,167.0,True,True,red,circle,0.12475503706694405,-0.006675948271274995,0.008788020310988881,False,0.25,1.2866379310344829
B_004,low,4,0,12,after block 11,11,2.228327834330999,2.2307500000000005,5.8267500000000005,2.099,1.0366379310344829,False,runs/pendulum/unified_mechanism_v2/paired_layer_control/large_seed3407/long_common_scan/B/videos/B_004/location_12.mp4,True,1.0,0,3.967792978784101,0.03188163069818359,3.2463592955708958,138.5,True,True,blue,circle,0.08901338767683248,0.030713633382413022,0.017753414056750114,False,0.03125,nan
B_004,low,4,0,13,after block 12,12,2.228327834330999,2.2307500000000005,5.8267500000000005,2.133875,1.026939655172414,False,runs/pendulum/unified_mechanism_v2/paired_layer_control/large_seed3407/long_common_scan/B/videos/B_004/location_13.mp4,True,1.0,0,3.790051868472384,0.018714478329516532,3.323014734613459,173.5,True,True,blue,circle,0.10757531349148604,0.004306443360509293,0.005246997707347182,False,0.0625,nan
B_004,low,4,0,14,after block 13,13,2.228327834330999,2.2307500000000005,5.8267500000000005,2.149375,1.0226293103448276,False,runs/pendulum/unified_mechanism_v2/paired_layer_control/large_seed3407/long_common_scan/B/videos/B_004/location_14.mp4,True,1.0,0,3.5576561463906695,0.01893189472917478,3.491236451370883,182.0,True,True,blue,circle,0.1013583229964625,0.0026649487575547376,0.00635420664230565,False,0.375,1.0237068965517242
B_004,low,4,0,15,after block 14,14,2.228327834330999,2.2307500000000005,5.8267500000000005,2.1648750000000003,1.0183189655172413,False,runs/pendulum/unified_mechanism_v2/paired_layer_control/large_seed3407/long_common_scan/B/videos/B_004/location_15.mp4,True,1.0,0,3.342532986538827,0.019808543426003716,3.1750656888109923,181.0,True,True,blue,circle,0.09272854555469129,-0.0007562480384436926,0.007536361405510781,False,0.71875,1.0355603448275863
B_004,low,4,0,16,after block 15,15,2.228327834330999,2.2307500000000005,5.8267500000000005,2.161,1.0193965517241381,False,runs/pendulum/unified_mechanism_v2/paired_layer_control/large_seed3407/long_common_scan/B/videos/B_004/location_16.mp4,True,1.0,0,3.092752536779328,0.017929684517900668,3.134488117275799,181.0,True,True,blue,circle,0.09123523706298674,-0.0018507238697434549,0.007780432240663424,False,0.734375,1.0366379310344829
B_004,low,4,0,17,after block 16,16,2.228327834330999,2.2307500000000005,5.8267500000000005,2.157125,1.0204741379310345,False,runs/pendulum/unified_mechanism_v2/paired_layer_control/large_seed3407/long_common_scan/B/videos/B_004/location_17.mp4,True,1.0,0,2.503263464777178,0.018189793315694897,3.2702010045989347,192.0,True,True,blue,circle,0.0844912520320355,-0.0017333182066441915,0.009201867289245248,True,1.0,1.0204741379310345
B_004,low,4,0,18,after block 17,17,2.228327834330999,2.2307500000000005,5.8267500000000005,2.1455,1.0237068965517242,False,runs/pendulum/unified_mechanism_v2/paired_layer_control/large_seed3407/long_common_scan/B/videos/B_004/location_18.mp4,True,1.0,0,2.2259637920272084,0.018145280009733922,2.9586950352320573,191.5,True,True,blue,circle,0.07925220724865782,-0.0035426210623413982,0.009776157955001358,True,1.0,1.0258620689655173
B_004,low,4,0,19,after block 18,18,2.228327834330999,2.2307500000000005,5.8267500000000005,2.10675,1.0344827586206897,False,runs/pendulum/unified_mechanism_v2/paired_layer_control/large_seed3407/long_common_scan/B/videos/B_004/location_19.mp4,True,1.0,0,2.535920774009481,0.02135570689770183,3.002555497178407,193.5,True,True,blue,circle,0.07468478174595324,-0.002071499500716791,0.011913473727147135,True,1.0,1.0377155172413794
B_004,low,4,0,20,after block 19,19,2.228327834330999,2.2307500000000005,5.8267500000000005,2.0525,1.0495689655172415,False,runs/pendulum/unified_mechanism_v2/paired_layer_control/large_seed3407/long_common_scan/B/videos/B_004/location_20.mp4,True,1.0,0,2.4724181466880983,0.021359800955959213,2.872292209877007,197.5,True,True,blue,circle,0.06722309087381301,0.0021566670316810616,0.016286199318442288,True,1.0,1.052801724137931
B_004,low,4,0,21,after block 20,20,2.228327834330999,2.2307500000000005,5.8267500000000005,2.033125,1.0549568965517242,False,runs/pendulum/unified_mechanism_v2/paired_layer_control/large_seed3407/long_common_scan/B/videos/B_004/location_21.mp4,True,1.0,0,2.958499045892725,0.023503708798621348,3.06560824620291,201.5,True,True,blue,circle,0.06079964654291041,0.0032312039911114626,0.02007156517234151,True,1.0,1.0517241379310347
B_004,low,4,0,22,after block 21,21,2.228327834330999,2.2307500000000005,5.8267500000000005,1.975,1.0711206896551726,False,runs/pendulum/unified_mechanism_v2/paired_layer_control/large_seed3407/long_common_scan/B/videos/B_004/location_22.mp4,True,1.0,0,2.648689747616661,0.025693095778301173,3.282406619028702,201.0,True,True,blue,circle,0.05073268780831362,-0.0003890825979541128,0.02437808149174931,True,1.0,1.0689655172413794
B_004,low,4,0,23,after block 22,22,2.228327834330999,2.2307500000000005,5.8267500000000005,1.8587500000000001,1.103448275862069,False,runs/pendulum/unified_mechanism_v2/paired_layer_control/large_seed3407/long_common_scan/B/videos/B_004/location_23.mp4,True,1.0,0,3.0545354408764185,0.023971229006866518,3.2627282660380996,200.0,True,True,blue,circle,0.044488960861001695,6.770060465560233e-05,0.03065360041103068,True,1.0,1.105603448275862
B_004,low,4,0,24,after block 23,23,2.228327834330999,2.2307500000000005,5.8267500000000005,5.93525,-0.030172413793103273,False,runs/pendulum/unified_mechanism_v2/paired_layer_control/large_seed3407/long_common_scan/B/videos/B_004/location_24.mp4,True,1.0,0,2.809720139473728,0.02254094953362229,3.3618556805679862,209.0,True,True,blue,circle,0.0430041909429475,0.0015826813534756655,0.03234063938170569,True,1.0,-0.031249999999999785
B_004,low,4,0,25,after block 24,24,2.228327834330999,2.2307500000000005,5.8267500000000005,5.892625,-0.018318965517241166,False,runs/pendulum/unified_mechanism_v2/paired_layer_control/large_seed3407/long_common_scan/B/videos/B_004/location_25.mp4,True,1.0,0,3.0329176171873238,0.0210828967067552,3.2049782321510953,210.5,True,True,blue,circle,0.04356616285177322,-0.00030736171665281546,0.031926622374647724,True,1.0,-0.012931034482758617
B_004,low,4,0,26,after block 25,25,2.228327834330999,2.2307500000000005,5.8267500000000005,5.881,-0.015086206896551636,False,runs/pendulum/unified_mechanism_v2/paired_layer_control/large_seed3407/long_common_scan/B/videos/B_004/location_26.mp4,True,1.0,0,3.1375123187511633,0.0205134109118158,3.246349415376036,212.5,True,True,blue,circle,0.04375049636054325,0.00047189887906712167,0.03028524705991464,True,1.0,-0.012931034482758617
B_004,low,4,0,27,after block 26,26,2.228327834330999,2.2307500000000005,5.8267500000000005,5.8655,-0.01077586206896535,False,runs/pendulum/unified_mechanism_v2/paired_layer_control/large_seed3407/long_common_scan/B/videos/B_004/location_27.mp4,True,1.0,0,2.886415564434625,0.02028401322579984,3.241051096341686,215.0,True,True,blue,circle,0.04562674217944905,0.00019600978085149861,0.03001954319936331,True,1.0,-0.008620689655172329
B_004,low,4,0,28,after block 27,27,2.228327834330999,2.2307500000000005,5.8267500000000005,5.881,-0.015086206896551636,False,runs/pendulum/unified_mechanism_v2/paired_layer_control/large_seed3407/long_common_scan/B/videos/B_004/location_28.mp4,True,1.0,0,2.7369438622407856,0.01922620371257361,3.039190741083728,213.0,True,True,blue,circle,0.04908876572683697,-0.00044660153282843505,0.029431073330545537,True,1.0,-0.008620689655172329
B_004,low,4,0,29,after block 28,28,2.228327834330999,2.2307500000000005,5.8267500000000005,5.8732500000000005,-0.012931034482758617,False,runs/pendulum/unified_mechanism_v2/paired_layer_control/large_seed3407/long_common_scan/B/videos/B_004/location_29.mp4,True,1.0,0,2.684741670596602,0.01885928201806994,3.1222708137698683,213.0,True,True,blue,circle,0.05044248456686482,-0.0009214107156296059,0.029229904356888867,True,1.0,-0.004310344827586041
B_004,low,4,0,30,after block 29,29,2.228327834330999,2.2307500000000005,5.8267500000000005,5.8345,-0.0021551724137930206,False,runs/pendulum/unified_mechanism_v2/paired_layer_control/large_seed3407/long_common_scan/B/videos/B_004/location_30.mp4,True,1.0,0,2.7234033460441927,0.01990864814751847,3.8038705565780924,211.5,True,True,blue,circle,0.05507919460805603,-0.0006045847142522259,0.030161808083448555,True,1.0,-0.0
B_034,low,34,0,0,embedding output,,2.414988156630852,2.428375,6.13675,2.4245,1.0010449320794148,True,runs/pendulum/unified_mechanism_v2/paired_layer_control/large_seed3407/long_common_scan/B/videos/B_034/location_00.mp4,True,1.0,0,1.5172361639375536,0.0012132576806203055,0.5573645489249075,190.0,True,True,red,circle,0.16227737250886903,-0.000710038401483629,0.003817966607586261,True,0.984375,1.0010449320794148
B_034,low,34,0,1,after block 0,0,2.414988156630852,2.428375,6.13675,2.4245,1.0010449320794148,True,runs/pendulum/unified_mechanism_v2/paired_layer_control/large_seed3407/long_common_scan/B/videos/B_034/location_01.mp4,True,1.0,0,1.4362906711298453,0.0011625653500809963,0.626769189904566,190.0,True,True,red,circle,0.16246755007181254,-0.0008573398402042475,0.003774076036968006,True,0.984375,1.0010449320794148
B_034,low,34,0,2,after block 1,1,2.414988156630852,2.428375,6.13675,2.4167500000000004,1.0031347962382444,True,runs/pendulum/unified_mechanism_v2/paired_layer_control/large_seed3407/long_common_scan/B/videos/B_034/location_02.mp4,True,1.0,0,1.2649542094880861,0.001259668629590982,1.0042019661941026,189.0,True,True,red,circle,0.1633467001295248,-0.00044856787216442437,0.0035088779168297194,True,0.984375,1.0010449320794148
B_034,low,34,0,3,after block 2,2,2.414988156630852,2.428375,6.13675,2.4167500000000004,1.0031347962382444,True,runs/pendulum/unified_mechanism_v2/paired_layer_control/large_seed3407/long_common_scan/B/videos/B_034/location_03.mp4,True,1.0,0,1.2417124488373275,0.0013602480093969083,1.0877369411850648,189.0,True,True,red,circle,0.16344662136558713,-0.00034469915384429604,0.003550968392245846,True,0.984375,1.0010449320794148
B_034,low,34,0,4,after block 3,3,2.414988156630852,2.428375,6.13675,2.4167500000000004,1.0031347962382444,True,runs/pendulum/unified_mechanism_v2/paired_layer_control/large_seed3407/long_common_scan/B/videos/B_034/location_04.mp4,True,1.0,0,1.4214949616765002,0.0012861530307257396,1.5756522726721742,186.5,True,True,red,circle,0.16362898388934463,0.0007844110005319769,0.0036820043691096335,True,0.984375,1.0010449320794148
B_034,low,34,0,5,after block 4,4,2.414988156630852,2.428375,6.13675,2.412875,1.0041797283176592,True,runs/pendulum/unified_mechanism_v2/paired_layer_control/large_seed3407/long_common_scan/B/videos/B_034/location_05.mp4,True,1.0,0,1.4571048721612792,0.0012861530307257396,2.0004739716950706,186.0,True,True,red,circle,0.16366906536449743,0.0008305918189598461,0.0041074548371013075,True,0.984375,1.0
B_034,low,34,0,6,after block 5,5,2.414988156630852,2.428375,6.13675,2.428375,1.0,True,runs/pendulum/unified_mechanism_v2/paired_layer_control/large_seed3407/long_common_scan/B/videos/B_034/location_06.mp4,True,0.984375,1,1.045017834852519,0.0012301127988320615,1.8738268247460885,182.0,True,True,red,circle,0.16498292477571352,-0.0025246396139753883,0.004433508907952492,True,0.984375,0.9989550679205851
B_034,low,34,0,7,after block 6,6,2.414988156630852,2.428375,6.13675,2.4206250000000002,1.0020898641588296,True,runs/pendulum/unified_mechanism_v2/paired_layer_control/large_seed3407/long_common_scan/B/videos/B_034/location_07.mp4,True,0.984375,1,1.0359553457972293,0.0010996130994403996,1.8738268247460885,180.0,True,True,red,circle,0.1647095314792412,-0.0028275500315257133,0.004558527593429917,True,0.984375,1.0
B_034,low,34,0,8,after block 7,7,2.414988156630852,2.428375,6.13675,2.4206250000000002,1.0020898641588296,True,runs/pendulum/unified_mechanism_v2/paired_layer_control/large_seed3407/long_common_scan/B/videos/B_034/location_08.mp4,True,0.984375,1,1.107956019846909,0.001269744312527632,1.9390629966883515,177.0,True,True,red,circle,0.1654281116422747,-0.0033984297823963566,0.0050844324288078875,True,0.984375,1.005224660397074
B_034,low,34,0,9,after block 8,8,2.414988156630852,2.428375,6.13675,2.4206250000000002,1.0020898641588296,True,runs/pendulum/unified_mechanism_v2/paired_layer_control/large_seed3407/long_common_scan/B/videos/B_034/location_09.mp4,True,0.984375,1,1.1153834164496776,0.0015032819357367888,1.8814614508622574,178.0,True,True,red,circle,0.1650116550611583,-0.0031157648889643405,0.004906336749272094,True,0.984375,1.006269592476489
B_034,low,34,0,10,after block 9,9,2.414988156630852,2.428375,6.13675,2.3973750000000003,1.0083594566353187,True,runs/pendulum/unified_mechanism_v2/paired_layer_control/large_seed3407/long_common_scan/B/videos/B_034/location_10.mp4,True,0.984375,1,1.17213502121142,0.0012894397844426253,1.8801423554158547,175.0,True,True,red,circle,0.15964532083781846,-0.0029763406334524472,0.004298894870807655,True,0.984375,1.0240334378265412
B_034,low,34,0,11,after block 10,10,2.414988156630852,2.428375,6.13675,2.583375,0.9582027168234064,True,runs/pendulum/unified_mechanism_v2/paired_layer_control/large_seed3407/long_common_scan/B/videos/B_034/location_11.mp4,False,1.0,0,12.338344707379816,0.1126674245511155,3.624173899218193,31.5,False,True,blue,circle,0.1275452198913261,0.041699445955881195,0.022724687447018325,False,0.328125,1.1170323928944617
B_034,low,34,0,12,after block 11,11,2.414988156630852,2.428375,6.13675,2.4438750000000002,0.9958202716823406,False,runs/pendulum/unified_mechanism_v2/paired_layer_control/large_seed3407/long_common_scan/B/videos/B_034/location_12.mp4,True,1.0,0,8.855695811725075,0.03388061234288797,3.8740793414343284,130.5,True,True,blue,circle,0.1427850911377989,0.012828100802755553,0.020160244367569743,False,0.015625,nan
B_034,low,34,0,13,after block 12,12,2.414988156630852,2.428375,6.13675,2.3702500000000004,1.0156739811912225,False,runs/pendulum/unified_mechanism_v2/paired_layer_control/large_seed3407/long_common_scan/B/videos/B_034/location_13.mp4,True,1.0,0,3.7572331892655852,0.021368943239476662,3.8292589132550994,174.0,True,True,blue,circle,0.14557470496180616,0.003874536612371164,0.009325442514875472,False,0.109375,0.9435736677115988
B_034,low,34,0,14,after block 13,13,2.414988156630852,2.428375,6.13675,2.389625,1.0104493207941483,False,runs/pendulum/unified_mechanism_v2/paired_layer_control/large_seed3407/long_common_scan/B/videos/B_034/location_14.mp4,True,1.0,0,3.549801591208844,0.01744506180221128,4.04500538034484,181.5,True,True,blue,circle,0.13862470133647917,0.0037148969369477777,0.011148656610765653,False,0.46875,0.9780564263322883
B_034,low,34,0,15,after block 14,14,2.414988156630852,2.428375,6.13675,2.405125,1.006269592476489,False,runs/pendulum/unified_mechanism_v2/paired_layer_control/large_seed3407/long_common_scan/B/videos/B_034/location_15.mp4,True,1.0,0,3.0733619820305433,0.01692406599324528,2.4095671961580427,180.0,True,True,blue,circle,0.12803424683139064,-0.001208565641498001,0.013927600538491283,False,0.734375,0.9989550679205851
B_034,low,34,0,16,after block 15,15,2.414988156630852,2.428375,6.13675,2.3935000000000004,1.0094043887147335,False,runs/pendulum/unified_mechanism_v2/paired_layer_control/large_seed3407/long_common_scan/B/videos/B_034/location_16.mp4,True,1.0,0,2.77406644209449,0.018031621853101365,2.4798343599439034,182.5,True,True,blue,circle,0.12638667921414273,-0.0012378943565812587,0.013770618216831955,True,0.921875,0.9937304075235109
B_034,low,34,0,17,after block 16,16,2.414988156630852,2.428375,6.13675,2.381875,1.0125391849529781,False,runs/pendulum/unified_mechanism_v2/paired_layer_control/large_seed3407/long_common_scan/B/videos/B_034/location_17.mp4,True,1.0,0,3.039987335258448,0.016944778120007137,2.6497846347416747,191.0,True,True,blue,circle,0.1206581752127985,0.000739370419350599,0.013786056490369776,True,1.0,1.0041797283176592
B_034,low,34,0,18,after block 17,17,2.414988156630852,2.428375,6.13675,2.3702500000000004,1.0156739811912225,False,runs/pendulum/unified_mechanism_v2/paired_layer_control/large_seed3407/long_common_scan/B/videos/B_034/location_18.mp4,True,1.0,0,2.3954132368769234,0.01762026158244076,2.796999958167336,191.0,True,True,blue,circle,0.11449659121654927,0.0003382808663288477,0.016571204268455996,True,1.0,1.011494252873563
B_034,low,34,0,19,after block 18,18,2.414988156630852,2.428375,6.13675,2.3470000000000004,1.0219435736677114,False,runs/pendulum/unified_mechanism_v2/paired_layer_control/large_seed3407/long_common_scan/B/videos/B_034/location_19.mp4,True,1.0,0,2.4536394989249835,0.01811055477712159,3.0612896879816867,192.5,True,True,blue,circle,0.10686666019885427,0.0014646118762971594,0.019179712661305096,True,1.0,1.0156739811912225
B_034,low,34,0,20,after block 19,19,2.414988156630852,2.428375,6.13675,2.3043750000000003,1.0334378265412747,False,runs/pendulum/unified_mechanism_v2/paired_layer_control/large_seed3407/long_common_scan/B/videos/B_034/location_20.mp4,True,1.0,0,2.669606152243845,0.019629699112140464,3.497374684649986,196.5,True,True,blue,circle,0.09477906088852557,0.0050036562588919465,0.023374360480829755,True,1.0,1.0282131661442004
B_034,low,34,0,21,after block 20,20,2.414988156630852,2.428375,6.13675,2.26175,1.044932079414838,False,runs/pendulum/unified_mechanism_v2/paired_layer_control/large_seed3407/long_common_scan/B/videos/B_034/location_21.mp4,True,1.0,0,2.9631507325061595,0.0179479904078145,3.1094812288317204,200.0,True,True,blue,circle,0.09149449444658166,0.0065063349458770415,0.02787743380205962,True,1.0,1.0344827586206895
B_034,low,34,0,22,after block 21,21,2.414988156630852,2.428375,6.13675,2.192,1.063740856844305,False,runs/pendulum/unified_mechanism_v2/paired_layer_control/large_seed3407/long_common_scan/B/videos/B_034/location_22.mp4,True,1.0,0,3.2552504775274578,0.018955070639658345,2.986151448485791,198.0,True,True,blue,circle,0.07594142580516927,0.0013394644547088045,0.03066468010681984,True,1.0,1.0553814002089865
B_034,low,34,0,23,after block 22,22,2.414988156630852,2.428375,6.13675,2.0215,1.1097178683385578,False,runs/pendulum/unified_mechanism_v2/paired_layer_control/large_seed3407/long_common_scan/B/videos/B_034/location_23.mp4,True,1.0,0,2.8043777098653275,0.020823087001530988,2.9901431242273584,200.0,True,True,blue,circle,0.06715117566207372,0.004625008470344797,0.03523666468775207,True,1.0,1.1055381400208986
B_034,low,34,0,24,after block 23,23,2.414988156630852,2.428375,6.13675,1.9440000000000002,1.1306165099268548,False,runs/pendulum/unified_mechanism_v2/paired_layer_control/large_seed3407/long_common_scan/B/videos/B_034/location_24.mp4,True,1.0,0,3.2054445470958184,0.020275096787396363,2.8148595022492278,207.0,True,True,blue,circle,0.06226469349441629,0.006516268615413553,0.038951646101760974,True,1.0,1.122257053291536
B_034,low,34,0,25,after block 24,24,2.414988156630852,2.428375,6.13675,1.8742500000000002,1.1494252873563218,False,runs/pendulum/unified_mechanism_v2/paired_layer_control/large_seed3407/long_common_scan/B/videos/B_034/location_25.mp4,True,1.0,0,2.7825387677071634,0.02057294169217913,2.9008801138233573,209.0,True,True,blue,circle,0.060440259310201555,0.00670234978728287,0.03959138236618792,True,1.0,1.1306165099268548
B_034,low,34,0,26,after block 25,25,2.414988156630852,2.428375,6.13675,1.8665000000000003,1.1515151515151514,False,runs/pendulum/unified_mechanism_v2/paired_layer_control/large_seed3407/long_common_scan/B/videos/B_034/location_26.mp4,True,1.0,0,2.5337280438376006,0.018956919196368383,3.0510413579481606,211.5,True,True,blue,circle,0.05886447534422347,0.008333899723611354,0.03988484253304635,True,1.0,1.1316614420062696
B_034,low,34,0,27,after block 26,26,2.414988156630852,2.428375,6.13675,1.8355000000000001,1.15987460815047,False,runs/pendulum/unified_mechanism_v2/paired_layer_control/large_seed3407/long_common_scan/B/videos/B_034/location_27.mp4,True,1.0,0,2.4278393415971187,0.019137792918800883,2.8819968749014833,211.0,True,True,blue,circle,0.05784556740099307,0.008878385609796874,0.04121086404917777,True,1.0,1.1421107628004177
B_034,low,34,0,28,after block 27,27,2.414988156630852,2.428375,6.13675,6.179375,-0.011494252873563255,False,runs/pendulum/unified_mechanism_v2/paired_layer_control/large_seed3407/long_common_scan/B/videos/B_034/location_28.mp4,True,1.0,0,2.745818338566923,0.019425489862424566,3.2001238827751246,213.0,True,True,blue,circle,0.059011636047121986,0.002125223210327072,0.04072361424501647,True,1.0,-0.011494252873563255
B_034,low,34,0,29,after block 28,28,2.414988156630852,2.428375,6.13675,6.1755,-0.010449320794148457,False,runs/pendulum/unified_mechanism_v2/paired_layer_control/large_seed3407/long_common_scan/B/videos/B_034/location_29.mp4,True,1.0,0,2.7871005852906383,0.019763792225598903,2.977454185923421,212.0,True,True,blue,circle,0.06030328740736057,0.0014685413821549963,0.040051084707977684,True,1.0,-0.009404388714733659
B_034,low,34,0,30,after block 29,29,2.414988156630852,2.428375,6.13675,6.13675,-0.0,False,runs/pendulum/unified_mechanism_v2/paired_layer_control/large_seed3407/long_common_scan/B/videos/B_034/location_30.mp4,True,1.0,0,2.761262471166644,0.019789103551516085,3.3428302174459374,210.0,True,True,blue,circle,0.06697155498645976,0.0011455711446399083,0.03914144165221811,True,1.0,-0.0
B_040,low,40,0,0,embedding output,,2.4432154764586125,2.451625,5.714375,2.4671250000000002,0.9952494061757718,True,runs/pendulum/unified_mechanism_v2/paired_layer_control/large_seed3407/long_common_scan/B/videos/B_040/location_00.mp4,True,1.0,0,1.9846795029631374,0.0013482650895511317,0.7883367680234877,193.0,True,True,red,circle,0.10411122108856408,0.00034086126608873907,0.00390914546769077,True,0.984375,1.001187648456057
B_040,low,40,0,1,after block 0,0,2.4432154764586125,2.451625,5.714375,2.4671250000000002,0.9952494061757718,True,runs/pendulum/unified_mechanism_v2/paired_layer_control/large_seed3407/long_common_scan/B/videos/B_040/location_01.mp4,True,1.0,0,2.1130661539262503,0.001368028265770066,0.9204542857755837,193.0,True,True,red,circle,0.10448608220387692,0.00019130206295728814,0.0041588728180765805,True,0.984375,1.001187648456057
B_040,low,40,0,2,after block 1,1,2.4432154764586125,2.451625,5.714375,2.482625,0.9904988123515439,True,runs/pendulum/unified_mechanism_v2/paired_layer_control/large_seed3407/long_common_scan/B/videos/B_040/location_02.mp4,True,1.0,0,3.8039849872554408,0.0012898753570092514,2.83699643136147,191.0,True,True,red,circle,0.10522073148979011,-0.0005178539844238429,0.006645699851924708,True,0.984375,1.0
B_040,low,40,0,3,after block 2,2,2.4432154764586125,2.451625,5.714375,2.49425,0.9869358669833729,True,runs/pendulum/unified_mechanism_v2/paired_layer_control/large_seed3407/long_common_scan/B/videos/B_040/location_03.mp4,True,1.0,0,4.532387140844369,0.0013040034977610804,3.3871070032011152,190.0,True,True,red,circle,0.10528641861708178,-0.0010768124492010344,0.00944336036022776,True,0.984375,1.0
B_040,low,40,0,4,after block 3,3,2.4432154764586125,2.451625,5.714375,2.44775,1.001187648456057,True,runs/pendulum/unified_mechanism_v2/paired_layer_control/large_seed3407/long_common_scan/B/videos/B_040/location_04.mp4,True,0.984375,1,0.7894356972709037,0.0010551974841084832,1.2459135409955122,189.0,True,True,red,circle,0.10462146809060036,0.0009826581534516687,0.002105801921914967,True,0.984375,0.9988123515439429
B_040,low,40,0,5,after block 4,4,2.4432154764586125,2.451625,5.714375,2.44775,1.001187648456057,True,runs/pendulum/unified_mechanism_v2/paired_layer_control/large_seed3407/long_common_scan/B/videos/B_040/location_05.mp4,True,0.984375,1,0.7833917085769493,0.0010551974841084832,1.2459135409955122,189.0,True,True,red,circle,0.10467262775416744,0.0009218456687177665,0.002139795084756723,True,0.984375,0.9988123515439429
B_040,low,40,0,6,after block 5,5,2.4432154764586125,2.451625,5.714375,2.4555000000000002,0.9988123515439429,True,runs/pendulum/unified_mechanism_v2/paired_layer_control/large_seed3407/long_common_scan/B/videos/B_040/location_06.mp4,True,0.984375,1,0.8378851969825627,0.0012260694861842558,1.2639288947236456,185.0,True,True,red,circle,0.10705461407269486,-0.0005167223951141885,0.0024104418842685405,True,0.984375,0.9964370546318289
B_040,low,40,0,7,after block 6,6,2.4432154764586125,2.451625,5.714375,2.4555000000000002,0.9988123515439429,True,runs/pendulum/unified_mechanism_v2/paired_layer_control/large_seed3407/long_common_scan/B/videos/B_040/location_07.mp4,True,0.984375,1,0.8316815703167535,0.001343746306028737,1.2258051576533975,184.0,True,True,red,circle,0.10723930193617248,-0.0015994464111337594,0.0026918051083818432,True,0.984375,0.994061757719715
B_040,low,40,0,8,after block 7,7,2.4432154764586125,2.451625,5.714375,2.4555000000000002,0.9988123515439429,True,runs/pendulum/unified_mechanism_v2/paired_layer_control/large_seed3407/long_common_scan/B/videos/B_040/location_08.mp4,True,0.984375,1,0.7103731418698599,0.0012535085518061706,1.1539268389319048,180.0,True,True,red,circle,0.10868918224893175,-0.002989508971386756,0.002940705490135539,True,0.984375,0.9952494061757718
B_040,low,40,0,9,after block 8,8,2.4432154764586125,2.451625,5.714375,2.4671250000000002,0.9952494061757718,True,runs/pendulum/unified_mechanism_v2/paired_layer_control/large_seed3407/long_common_scan/B/videos/B_040/location_09.mp4,True,0.984375,1,0.8221055682426591,0.0013863323049225218,1.0773946462825008,178.0,True,True,red,circle,0.10884170731006042,-0.003075676560456302,0.003064730868789498,True,0.984375,0.9916864608076008
B_040,low,40,0,10,after block 9,9,2.4432154764586125,2.451625,5.714375,2.459375,0.997624703087886,True,runs/pendulum/unified_mechanism_v2/paired_layer_control/large_seed3407/long_common_scan/B/videos/B_040/location_10.mp4,True,0.984375,1,0.9703127291161155,0.0013636382553809945,0.898591386725633,173.0,True,True,red,circle,0.10565678685790084,-0.00485277077043172,0.0030233343157328152,True,0.984375,0.9916864608076008
B_040,low,40,0,11,after block 10,10,2.4432154764586125,2.451625,5.714375,2.459375,0.997624703087886,True,runs/pendulum/unified_mechanism_v2/paired_layer_control/large_seed3407/long_common_scan/B/videos/B_040/location_11.mp4,True,0.984375,1,1.0807317879237357,0.0019380912392316096,0.6037686062909133,163.0,True,True,red,circle,0.10619907425904715,-0.00597453758464149,0.004352783914458187,False,0.40625,1.2232779097387172
B_040,low,40,0,12,after block 11,11,2.4432154764586125,2.451625,5.714375,2.412875,1.01187648456057,False,runs/pendulum/unified_mechanism_v2/paired_layer_control/large_seed3407/long_common_scan/B/videos/B_040/location_12.mp4,True,1.0,0,4.9056408521895465,0.03330593586241165,1.2702263641837366,130.0,True,True,blue,circle,0.09368964559042081,0.025087007953630346,0.015341461668023179,False,0.015625,nan
B_040,low,40,0,13,after block 12,12,2.4432154764586125,2.451625,5.714375,2.389625,1.019002375296912,False,runs/pendulum/unified_mechanism_v2/paired_layer_control/large_seed3407/long_common_scan/B/videos/B_040/location_13.mp4,True,1.0,0,3.876535096431066,0.020470311117236156,1.2117679312829293,173.5,True,True,blue,circle,0.0935547240008047,0.0038269932191058935,0.006507362081710198,False,0.03125,nan
B_040,low,40,0,14,after block 13,13,2.4432154764586125,2.451625,5.714375,2.4167500000000004,1.010688836104513,False,runs/pendulum/unified_mechanism_v2/paired_layer_control/large_seed3407/long_common_scan/B/videos/B_040/location_14.mp4,True,1.0,0,2.6816847357477838,0.017966456272763803,1.1792547749843476,179.0,True,True,blue,circle,0.0865970406711102,0.0034230994174793885,0.007452857033598378,False,0.28125,0.9750593824228028
B_040,low,40,0,15,after block 14,14,2.4432154764586125,2.451625,5.714375,2.436125,1.004750593824228,False,runs/pendulum/unified_mechanism_v2/paired_layer_control/large_seed3407/long_common_scan/B/videos/B_040/location_15.mp4,True,1.0,0,2.623939259328589,0.020586881817728553,1.4507266198426896,178.0,True,True,blue,circle,0.07927432022651891,-0.0012131854120554367,0.009397508420496452,False,0.890625,0.9857482185273159
B_040,low,40,0,16,after block 15,15,2.4432154764586125,2.451625,5.714375,2.4322500000000002,1.005938242280285,False,runs/pendulum/unified_mechanism_v2/paired_layer_control/large_seed3407/long_common_scan/B/videos/B_040/location_16.mp4,True,1.0,0,2.3362389572755617,0.019831416937833912,1.288594067897332,181.5,True,True,blue,circle,0.0783592891343989,-0.0019414724606132004,0.009813908275853683,False,0.90625,0.9869358669833729
B_040,low,40,0,17,after block 16,16,2.4432154764586125,2.451625,5.714375,2.459375,0.997624703087886,False,runs/pendulum/unified_mechanism_v2/paired_layer_control/large_seed3407/long_common_scan/B/videos/B_040/location_17.mp4,True,1.0,0,3.7162326735501012,0.020090036409494055,1.0853852960722417,190.0,True,True,blue,circle,0.07469067564416912,-0.0021552935755894927,0.01008355801569202,True,1.0,0.9988123515439429
B_040,low,40,0,18,after block 17,17,2.4432154764586125,2.451625,5.714375,2.44775,1.001187648456057,False,runs/pendulum/unified_mechanism_v2/paired_layer_control/large_seed3407/long_common_scan/B/videos/B_040/location_18.mp4,True,1.0,0,3.693342369600203,0.021196516502035495,0.9825773198923954,193.0,True,True,blue,circle,0.0704924203933796,-0.003417092168113406,0.011267395584764445,True,1.0,1.001187648456057
B_040,low,40,0,19,after block 18,18,2.4432154764586125,2.451625,5.714375,2.4245,1.008313539192399,False,runs/pendulum/unified_mechanism_v2/paired_layer_control/large_seed3407/long_common_scan/B/videos/B_040/location_19.mp4,True,1.0,0,3.5791529101268047,0.022073804622747023,0.9902479589168205,193.0,True,True,blue,circle,0.06541906786106566,-0.0022887111081002255,0.013199641515687657,True,1.0,1.008313539192399
B_040,low,40,0,20,after block 19,19,2.4432154764586125,2.451625,5.714375,2.366375,1.026128266033254,False,runs/pendulum/unified_mechanism_v2/paired_layer_control/large_seed3407/long_common_scan/B/videos/B_040/location_20.mp4,True,1.0,0,2.196059100655007,0.021827745401557908,1.262328255349609,199.5,True,True,blue,circle,0.05911626793195143,0.0026504960297184877,0.01700964347403144,True,1.0,1.020190023752969
B_040,low,40,0,21,after block 20,20,2.4432154764586125,2.451625,5.714375,2.3508750000000003,1.030878859857482,False,runs/pendulum/unified_mechanism_v2/paired_layer_control/large_seed3407/long_common_scan/B/videos/B_040/location_21.mp4,True,1.0,0,2.0106746889176117,0.021189412082354864,0.8811060321758761,201.0,True,True,blue,circle,0.05759276787188764,0.002690111183125133,0.019129374786269755,True,1.0,1.022565320665083
B_040,low,40,0,22,after block 21,21,2.4432154764586125,2.451625,5.714375,2.3315,1.0368171021377672,False,runs/pendulum/unified_mechanism_v2/paired_layer_control/large_seed3407/long_common_scan/B/videos/B_040/location_22.mp4,True,1.0,0,2.841703588223673,0.021099629087609678,0.5701390947881277,199.0,True,True,blue,circle,0.04925492306503585,-0.002039075599835794,0.020859290003991882,True,1.0,1.032066508313539
B_040,low,40,0,23,after block 22,22,2.4432154764586125,2.451625,5.714375,2.2113750000000003,1.0736342042755342,False,runs/pendulum/unified_mechanism_v2/paired_layer_control/large_seed3407/long_common_scan/B/videos/B_040/location_23.mp4,True,1.0,0,2.3663273389168458,0.01794402996067765,1.4461538105128582,197.5,True,True,blue,circle,0.04029634109376534,-0.0006900950778320595,0.023170813253073345,True,1.0,1.0665083135391922
B_040,low,40,0,24,after block 23,23,2.4432154764586125,2.451625,5.714375,2.180375,1.0831353919239903,False,runs/pendulum/unified_mechanism_v2/paired_layer_control/large_seed3407/long_common_scan/B/videos/B_040/location_24.mp4,True,1.0,0,2.270031925147734,0.017802445770621872,1.3045126218359595,205.5,True,True,blue,circle,0.03653988972361731,5.567491975157539e-05,0.023672007797384424,True,1.0,1.0748218527315914
B_040,low,40,0,25,after block 24,24,2.4432154764586125,2.451625,5.714375,2.2113750000000003,1.0736342042755342,False,runs/pendulum/unified_mechanism_v2/paired_layer_control/large_seed3407/long_common_scan/B/videos/B_040/location_25.mp4,True,1.0,0,2.1755245074598117,0.017420878080079194,1.3496347919662954,208.0,True,True,blue,circle,0.03527719349982523,-0.001868505963656372,0.023239819704426633,True,1.0,1.0593824228028503
B_040,low,40,0,26,after block 25,25,2.4432154764586125,2.451625,5.714375,2.219125,1.0712589073634204,False,runs/pendulum/unified_mechanism_v2/paired_layer_control/large_seed3407/long_common_scan/B/videos/B_040/location_26.mp4,True,1.0,0,2.355373993958527,0.017119226590494502,1.6620699990436871,209.0,True,True,blue,circle,0.03435544051140924,-0.0008194383233301778,0.023455402670524268,True,1.0,1.0605700712589072
B_040,low,40,0,27,after block 26,26,2.4432154764586125,2.451625,5.714375,2.2113750000000003,1.0736342042755342,False,runs/pendulum/unified_mechanism_v2/paired_layer_control/large_seed3407/long_common_scan/B/videos/B_040/location_27.mp4,True,1.0,0,2.4144732359124346,0.017341500887813277,1.6183404990520525,210.0,True,True,blue,circle,0.03407395204113591,-0.000794705547701109,0.024029366783104907,True,1.0,1.0581947743467932
B_040,low,40,0,28,after block 27,27,2.4432154764586125,2.451625,5.714375,2.203625,1.0760095011876485,False,runs/pendulum/unified_mechanism_v2/paired_layer_control/large_seed3407/long_common_scan/B/videos/B_040/location_28.mp4,True,1.0,0,2.345168490813082,0.016412733456333872,1.0696991356095218,210.0,True,True,blue,circle,0.03320851006795593,-0.0019256036500503884,0.024591178365492707,True,1.0,1.0712589073634204
B_040,low,40,0,29,after block 28,28,2.4432154764586125,2.451625,5.714375,2.16875,1.0866983372921615,False,runs/pendulum/unified_mechanism_v2/paired_layer_control/large_seed3407/long_common_scan/B/videos/B_040/location_29.mp4,True,1.0,0,2.0698161422449353,0.01626399339421919,0.9826643032474234,207.5,True,True,blue,circle,0.03253868746944045,-0.0024621711012166,0.025250223509254575,True,1.0,1.0819477434679334
B_040,low,40,0,30,after block 29,29,2.4432154764586125,2.451625,5.714375,5.760875,-0.01425178147268408,False,runs/pendulum/unified_mechanism_v2/paired_layer_control/large_seed3407/long_common_scan/B/videos/B_040/location_30.mp4,True,1.0,0,2.8701138710266987,0.018051469259767722,1.3029920165638589,208.0,True,True,blue,circle,0.03524203602611058,-0.00024684628601824273,0.02593407667625484,True,1.0,-0.0
B_063,low,63,0,0,embedding output,,2.248179295764967,2.265625,5.946875,2.265625,1.0,True,runs/pendulum/unified_mechanism_v2/paired_layer_control/large_seed3407/long_common_scan/B/videos/B_063/location_00.mp4,True,1.0,0,0.9498423083451745,0.0008680488706667988,0.28120059677741105,190.0,True,True,red,circle,0.1595335373766402,-0.0019846103296312784,0.0029093927291245726,True,0.984375,1.0010526315789474
B_063,low,63,0,1,after block 0,0,2.248179295764967,2.265625,5.946875,2.265625,1.0,True,runs/pendulum/unified_mechanism_v2/paired_layer_control/large_seed3407/long_common_scan/B/videos/B_063/location_01.mp4,True,1.0,0,0.9314097337371883,0.0008611349049132133,0.33037654453272974,190.0,True,True,red,circle,0.1596658249643234,-0.0021334446719248057,0.0029198154880407086,True,0.984375,1.0010526315789474
B_063,low,63,0,2,after block 1,1,2.248179295764967,2.265625,5.946875,2.2578750000000003,1.0021052631578946,True,runs/pendulum/unified_mechanism_v2/paired_layer_control/large_seed3407/long_common_scan/B/videos/B_063/location_02.mp4,True,1.0,0,0.94951385440899,0.0009266091585211633,0.3206996584789687,189.0,True,True,red,circle,0.16057610478985473,-0.0014797030696918564,0.0030402336075973087,True,0.984375,1.0021052631578946
B_063,low,63,0,3,after block 2,2,2.248179295764967,2.265625,5.946875,2.2578750000000003,1.0021052631578946,True,runs/pendulum/unified_mechanism_v2/paired_layer_control/large_seed3407/long_common_scan/B/videos/B_063/location_03.mp4,True,1.0,0,0.9289944430058528,0.0009019430119576732,0.3111203252395898,189.0,True,True,red,circle,0.1606531457473424,-0.001553806352495126,0.0030166049677548675,True,0.984375,1.0021052631578946
B_063,low,63,0,4,after block 3,3,2.248179295764967,2.265625,5.946875,2.2540000000000004,1.003157894736842,True,runs/pendulum/unified_mechanism_v2/paired_layer_control/large_seed3407/long_common_scan/B/videos/B_063/location_04.mp4,True,1.0,0,0.963531930073164,0.000824054452916001,0.38965867304028406,187.0,True,True,red,circle,0.16103308428807978,-0.0005980890956887884,0.003199818571024724,True,0.984375,1.0021052631578946
B_063,low,63,0,5,after block 4,4,2.248179295764967,2.265625,5.946875,2.2578750000000003,1.0021052631578946,True,runs/pendulum/unified_mechanism_v2/paired_layer_control/large_seed3407/long_common_scan/B/videos/B_063/location_05.mp4,True,1.0,0,0.9973743685474848,0.0008956098869596363,0.589397448710383,187.0,True,True,red,circle,0.16123210822273812,-0.0005952673688823165,0.0033699013551878486,True,0.984375,1.0021052631578946
B_063,low,63,0,6,after block 5,5,2.248179295764967,2.265625,5.946875,2.2578750000000003,1.0021052631578946,True,runs/pendulum/unified_mechanism_v2/paired_layer_control/large_seed3407/long_common_scan/B/videos/B_063/location_06.mp4,True,0.984375,1,1.029738836989148,0.0011664492665651727,0.24222847907656567,181.0,True,True,red,circle,0.1630744933110195,-0.002872876136440546,0.004024956108309688,True,0.984375,1.003157894736842
B_063,low,63,0,7,after block 6,6,2.248179295764967,2.265625,5.946875,2.250125,1.0042105263157894,True,runs/pendulum/unified_mechanism_v2/paired_layer_control/large_seed3407/long_common_scan/B/videos/B_063/location_07.mp4,True,0.984375,1,0.9823094931915192,0.0009241290507161493,0.27134709282597747,178.0,True,True,red,circle,0.16291659886489998,-0.0034662027712417656,0.004084734960743089,True,0.984375,1.0073684210526315
B_063,low,63,0,8,after block 7,7,2.248179295764967,2.265625,5.946875,2.24625,1.0052631578947369,True,runs/pendulum/unified_mechanism_v2/paired_layer_control/large_seed3407/long_common_scan/B/videos/B_063/location_08.mp4,True,0.984375,1,1.1522864468941876,0.0011301182903985518,0.2529985424241872,177.0,True,True,red,circle,0.1641049921553156,-0.0038123673968733533,0.004585422269715777,True,0.984375,1.0210526315789472
B_063,low,63,0,9,after block 8,8,2.248179295764967,2.265625,5.946875,2.2540000000000004,1.003157894736842,True,runs/pendulum/unified_mechanism_v2/paired_layer_control/large_seed3407/long_common_scan/B/videos/B_063/location_09.mp4,True,0.984375,1,1.0244808846178424,0.0011868651695271515,0.27762025227047993,176.0,True,True,red,circle,0.16366072379245533,-0.0036828869038483237,0.0044362904567562325,True,0.984375,1.0242105263157895
B_063,low,63,0,10,after block 9,9,2.248179295764967,2.265625,5.946875,2.21525,1.0136842105263157,True,runs/pendulum/unified_mechanism_v2/paired_layer_control/large_seed3407/long_common_scan/B/videos/B_063/location_10.mp4,True,0.984375,1,1.1008369967592553,0.0011655543944341096,0.1379711592820227,173.0,True,True,red,circle,0.15667315651788377,-0.002160580831592791,0.0054069092606334,True,0.953125,1.0705263157894735
B_063,low,63,0,11,after block 10,10,2.248179295764967,2.265625,5.946875,2.133875,1.0357894736842104,True,runs/pendulum/unified_mechanism_v2/paired_layer_control/large_seed3407/long_common_scan/B/videos/B_063/location_11.mp4,True,0.984375,1,1.6483689991211394,0.002159110670757358,0.39563577556874385,161.0,True,True,red,circle,0.15751914141120843,-0.0010251811904908035,0.009588508563708008,False,0.21875,1.0178947368421052
B_063,low,63,0,12,after block 11,11,2.248179295764967,2.265625,5.946875,2.068,1.0536842105263158,False,runs/pendulum/unified_mechanism_v2/paired_layer_control/large_seed3407/long_common_scan/B/videos/B_063/location_12.mp4,True,1.0,0,10.96115972089513,0.032701545658843506,1.3223155238969513,138.5,True,True,blue,circle,0.13857632714132684,0.027650903446288778,0.01964642629923507,False,0.015625,nan
B_063,low,63,0,13,after block 12,12,2.248179295764967,2.265625,5.946875,2.161,1.028421052631579,False,runs/pendulum/unified_mechanism_v2/paired_layer_control/large_seed3407/long_common_scan/B/videos/B_063/location_13.mp4,True,1.0,0,2.8441405358099163,0.01854276072015007,1.4120871295401525,169.0,True,True,blue,circle,0.1387502094754051,0.005890299349356823,0.0085225674950033,False,0.234375,0.9736842105263157
B_063,low,63,0,14,after block 13,13,2.248179295764967,2.265625,5.946875,2.18425,1.0221052631578946,False,runs/pendulum/unified_mechanism_v2/paired_layer_control/large_seed3407/long_common_scan/B/videos/B_063/location_14.mp4,True,1.0,0,2.4209688322575458,0.016816360614520992,1.5047751727256384,176.0,True,True,blue,circle,0.132453010682007,0.004657654806412597,0.01052594872219383,False,0.5,0.9463157894736841
B_063,low,63,0,15,after block 14,14,2.248179295764967,2.265625,5.946875,2.12225,1.0389473684210526,False,runs/pendulum/unified_mechanism_v2/paired_layer_control/large_seed3407/long_common_scan/B/videos/B_063/location_15.mp4,True,1.0,0,2.432425027070914,0.01703870669695373,1.8144358864688184,179.0,True,True,blue,circle,0.1246050226613383,0.003929707251457331,0.012775309229195465,False,0.78125,0.9273684210526315
B_063,low,63,0,16,after block 15,15,2.248179295764967,2.265625,5.946875,2.087375,1.048421052631579,False,runs/pendulum/unified_mechanism_v2/paired_layer_control/large_seed3407/long_common_scan/B/videos/B_063/location_16.mp4,True,1.0,0,2.542741112905807,0.018310815533857022,1.9245357655194872,180.0,True,True,blue,circle,0.12375200333509494,0.00502298339764528,0.013603279966641547,False,0.84375,0.9199999999999999
B_063,low,63,0,17,after block 16,16,2.248179295764967,2.265625,5.946875,2.033125,1.063157894736842,False,runs/pendulum/unified_mechanism_v2/paired_layer_control/large_seed3407/long_common_scan/B/videos/B_063/location_17.mp4,True,1.0,0,2.963908673512005,0.018217645132650617,1.999168716089116,191.0,True,True,blue,circle,0.11852782928223435,0.009042476839961542,0.014086173173338896,True,1.0,1.0705263157894735
B_063,low,63,0,18,after block 17,17,2.248179295764967,2.265625,5.946875,1.963375,1.0821052631578947,False,runs/pendulum/unified_mechanism_v2/paired_layer_control/large_seed3407/long_common_scan/B/videos/B_063/location_18.mp4,True,1.0,0,2.814604485362871,0.017323630017235775,2.0012873869887597,190.0,True,True,blue,circle,0.11413740336407621,0.011572784814701137,0.015517203276557406,True,1.0,1.0894736842105261
B_063,low,63,0,19,after block 18,18,2.248179295764967,2.265625,5.946875,1.9246250000000003,1.0926315789473682,False,runs/pendulum/unified_mechanism_v2/paired_layer_control/large_seed3407/long_common_scan/B/videos/B_063/location_19.mp4,True,1.0,0,3.071152277245183,0.019291837523573996,2.6321071228124135,195.0,True,True,blue,circle,0.10837226880144986,0.013326149710036123,0.01736946254794097,True,1.0,1.0936842105263158
B_063,low,63,0,20,after block 19,19,2.248179295764967,2.265625,5.946875,1.8277500000000002,1.1189473684210527,False,runs/pendulum/unified_mechanism_v2/paired_layer_control/large_seed3407/long_common_scan/B/videos/B_063/location_20.mp4,True,1.0,0,2.7643888360789237,0.017508289594670656,2.5858552062255242,193.0,True,True,blue,circle,0.10044232082648855,0.020058439968513222,0.024064120104678333,True,1.0,1.111578947368421
B_063,low,63,0,21,after block 20,20,2.248179295764967,2.265625,5.946875,1.7735000000000003,1.1336842105263156,False,runs/pendulum/unified_mechanism_v2/paired_layer_control/large_seed3407/long_common_scan/B/videos/B_063/location_21.mp4,True,1.0,0,1.846144286919727,0.017281698336120088,3.132492895038384,200.0,True,True,blue,circle,0.09547257416631455,0.02406175151825222,0.030330005311766165,True,1.0,1.1294736842105264
B_063,low,63,0,22,after block 21,21,2.248179295764967,2.265625,5.946875,1.5100000000000002,1.2052631578947368,False,runs/pendulum/unified_mechanism_v2/paired_layer_control/large_seed3407/long_common_scan/B/videos/B_063/location_22.mp4,True,1.0,0,3.8387331358625967,0.017638142137875318,3.290183996058091,196.5,True,True,blue,circle,0.09199770046002571,0.031863914136767924,0.03447497759835179,True,1.0,1.1736842105263157
B_063,low,63,0,23,after block 22,22,2.248179295764967,2.265625,5.946875,1.2000000000000002,1.2894736842105263,False,runs/pendulum/unified_mechanism_v2/paired_layer_control/large_seed3407/long_common_scan/B/videos/B_063/location_23.mp4,True,1.0,0,3.2428934462683827,0.017624156881462932,3.6269150180907173,197.0,True,True,blue,circle,0.10885272307343484,0.05864114000282402,0.042206113832057204,True,1.0,1.2894736842105263
B_063,low,63,0,24,after block 23,23,2.248179295764967,2.265625,5.946875,6.055375,-0.02947368421052614,False,runs/pendulum/unified_mechanism_v2/paired_layer_control/large_seed3407/long_common_scan/B/videos/B_063/location_24.mp4,True,1.0,0,2.3016742836389588,0.018147429470303095,3.313102923846321,202.0,True,True,blue,circle,0.06416989328387511,0.0027656796618656496,0.04402072809858373,True,1.0,-0.027368421052631486
B_063,low,63,0,25,after block 24,24,2.248179295764967,2.265625,5.946875,6.032125,-0.023157894736841936,False,runs/pendulum/unified_mechanism_v2/paired_layer_control/large_seed3407/long_common_scan/B/videos/B_063/location_25.mp4,True,1.0,0,1.9685052674611523,0.017635691639910744,3.3680747023349658,203.5,True,True,blue,circle,0.06580101105738864,0.0013244705214799537,0.043196599318497786,True,1.0,-0.022105263157894607
B_063,low,63,0,26,after block 25,25,2.248179295764967,2.265625,5.946875,6.02825,-0.022105263157894607,False,runs/pendulum/unified_mechanism_v2/paired_layer_control/large_seed3407/long_common_scan/B/videos/B_063/location_26.mp4,True,1.0,0,1.8771194804783085,0.01684210538063466,3.298789388313988,208.0,True,True,blue,circle,0.06555444831732511,0.0025860537369992603,0.041863514857156545,True,1.0,-0.017894736842105297
B_063,low,63,0,27,after block 26,26,2.248179295764967,2.265625,5.946875,6.001125,-0.01473684210526307,False,runs/pendulum/unified_mechanism_v2/paired_layer_control/large_seed3407/long_common_scan/B/videos/B_063/location_27.mp4,True,1.0,0,2.7056782713113696,0.01750658336508415,3.4242836405365265,208.0,True,True,blue,circle,0.06786272329689809,0.002589777523820354,0.041194869685325895,True,1.0,-0.01473684210526307
B_063,low,63,0,28,after block 27,27,2.248179295764967,2.265625,5.946875,5.977875,-0.008421052631578864,False,runs/pendulum/unified_mechanism_v2/paired_layer_control/large_seed3407/long_common_scan/B/videos/B_063/location_28.mp4,True,1.0,0,3.383015732094709,0.017465765773864744,3.5432425309233886,208.0,True,True,blue,circle,0.07146717724211894,0.0011020938323554879,0.04048570832114746,True,1.0,-0.009473684210526192
B_063,low,63,0,29,after block 28,28,2.248179295764967,2.265625,5.946875,5.970125,-0.006315789473684208,False,runs/pendulum/unified_mechanism_v2/paired_layer_control/large_seed3407/long_common_scan/B/videos/B_063/location_29.mp4,True,1.0,0,3.5851249002935153,0.017123625628673145,3.5132834237741872,208.0,True,True,blue,circle,0.0734011659220262,0.0003530105898634885,0.03981127517946443,True,1.0,-0.008421052631578864
B_063,low,63,0,30,after block 29,29,2.248179295764967,2.265625,5.946875,5.946875,-0.0,False,runs/pendulum/unified_mechanism_v2/paired_layer_control/large_seed3407/long_common_scan/B/videos/B_063/location_30.mp4,True,1.0,0,2.3905033191858407,0.017953183366654052,3.520852271461008,207.0,True,True,blue,circle,0.07890665093284119,-0.00029987691915000695,0.03989675981608939,True,1.0,-0.0
B_066,low,66,0,0,embedding output,,2.21947477805641,2.21525,5.912,2.219125,0.9989517819706499,True,runs/pendulum/unified_mechanism_v2/paired_layer_control/large_seed3407/long_common_scan/B/videos/B_066/location_00.mp4,True,1.0,0,0.8491684915198032,0.0013610740862316506,0.5722380736314123,192.0,True,True,red,circle,0.13167320020279746,-0.00030230034048517193,0.0033498215788350227,True,0.984375,1.0
B_066,low,66,0,1,after block 0,0,2.21947477805641,2.21525,5.912,2.223,0.9979035639412999,True,runs/pendulum/unified_mechanism_v2/paired_layer_control/large_seed3407/long_common_scan/B/videos/B_066/location_01.mp4,True,1.0,0,0.876243027387252,0.0013383026537410747,0.6744485736304386,192.0,True,True,red,circle,0.1322127149672155,-0.00019794217094827032,0.0032332953459150095,True,0.984375,0.9989517819706499
B_066,low,66,0,2,after block 1,1,2.21947477805641,2.21525,5.912,2.2307500000000005,0.9958071278825995,True,runs/pendulum/unified_mechanism_v2/paired_layer_control/large_seed3407/long_common_scan/B/videos/B_066/location_02.mp4,True,1.0,0,0.8995562901706398,0.0013459963224132787,0.620595834602141,191.0,True,True,red,circle,0.13269034020573192,-3.394036593761978e-05,0.003408043804264499,True,0.984375,0.9989517819706499
B_066,low,66,0,3,after block 2,2,2.21947477805641,2.21525,5.912,2.226875,0.9968553459119497,True,runs/pendulum/unified_mechanism_v2/paired_layer_control/large_seed3407/long_common_scan/B/videos/B_066/location_03.mp4,True,1.0,0,0.9481056535332788,0.0013662953048700355,0.5412992286780091,190.0,True,True,red,circle,0.13264253800536865,-0.00021952951823552377,0.0033260801623562243,True,0.984375,0.9989517819706499
B_066,low,66,0,4,after block 3,3,2.21947477805641,2.21525,5.912,2.223,0.9979035639412999,True,runs/pendulum/unified_mechanism_v2/paired_layer_control/large_seed3407/long_common_scan/B/videos/B_066/location_04.mp4,True,1.0,0,0.8592520777566914,0.0014556688613748536,0.5139444682873812,189.5,True,True,red,circle,0.13299569068880937,-3.015951417768223e-05,0.0032918150811018726,True,0.984375,1.0
B_066,low,66,0,5,after block 4,4,2.21947477805641,2.21525,5.912,2.219125,0.9989517819706499,True,runs/pendulum/unified_mechanism_v2/paired_layer_control/large_seed3407/long_common_scan/B/videos/B_066/location_05.mp4,True,1.0,0,0.8592520777566914,0.0014183478511723135,0.5537961349463871,189.0,True,True,red,circle,0.13328409883354272,-7.302746423990978e-05,0.0034612850162717306,True,0.984375,1.00104821802935
B_066,low,66,0,6,after block 5,5,2.21947477805641,2.21525,5.912,2.226875,0.9968553459119497,True,runs/pendulum/unified_mechanism_v2/paired_layer_control/large_seed3407/long_common_scan/B/videos/B_066/location_06.mp4,True,1.0,0,0.9533838339233673,0.001372925673980313,0.4214440619208217,184.0,True,True,red,circle,0.13480580140249881,-0.0010107814946236492,0.003178094899562261,True,0.984375,0.9979035639412999
B_066,low,66,0,7,after block 6,6,2.21947477805641,2.21525,5.912,2.219125,0.9989517819706499,True,runs/pendulum/unified_mechanism_v2/paired_layer_control/large_seed3407/long_common_scan/B/videos/B_066/location_07.mp4,True,1.0,0,1.0283174487536535,0.0012781082648448128,0.766309132517092,182.0,True,True,red,circle,0.13507320583722324,-0.0019705392055001407,0.0035228015419195425,True,0.984375,0.9968553459119497
B_066,low,66,0,8,after block 7,7,2.21947477805641,2.21525,5.912,2.2113750000000003,1.00104821802935,True,runs/pendulum/unified_mechanism_v2/paired_layer_control/large_seed3407/long_common_scan/B/videos/B_066/location_08.mp4,True,1.0,0,1.5592493290378258,0.001471865017493773,1.9982897904780388,179.5,True,True,red,circle,0.13551567241442433,-0.003012600733066436,0.0035475949898157483,True,0.984375,0.9884696016771488
B_066,low,66,0,9,after block 8,8,2.21947477805641,2.21525,5.912,2.2346250000000003,0.9947589098532494,True,runs/pendulum/unified_mechanism_v2/paired_layer_control/large_seed3407/long_common_scan/B/videos/B_066/location_09.mp4,True,1.0,0,4.065886878789317,0.001651649396435917,4.448823481912041,180.0,True,True,red,circle,0.13529586755834433,-0.002693892647834236,0.003284841447991167,True,0.984375,0.9821802935010482
B_066,low,66,0,10,after block 9,9,2.21947477805641,2.21525,5.912,2.2385,0.9937106918238994,True,runs/pendulum/unified_mechanism_v2/paired_layer_control/large_seed3407/long_common_scan/B/videos/B_066/location_10.mp4,True,0.984375,1,1.0428036856451746,0.0016390984223079719,0.4320445051295246,174.0,True,True,red,circle,0.12852275325221318,-0.002017859762371992,0.0037036485450874937,True,0.984375,0.9779874213836478
B_066,low,66,0,11,after block 10,10,2.21947477805641,2.21525,5.912,1.7425000000000002,1.1278825995807127,True,runs/pendulum/unified_mechanism_v2/paired_layer_control/large_seed3407/long_common_scan/B/videos/B_066/location_11.mp4,False,1.0,0,10.029043066092001,0.10244541634094602,0.5115800749276788,41.5,True,True,blue,circle,0.11591840644803646,0.025693965475837566,0.01915226295267608,False,0.328125,1.2746331236897275
B_066,low,66,0,12,after block 11,11,2.21947477805641,2.21525,5.912,2.09125,1.0335429769392035,False,runs/pendulum/unified_mechanism_v2/paired_layer_control/large_seed3407/long_common_scan/B/videos/B_066/location_12.mp4,True,1.0,0,6.6565209225684505,0.03702315194808378,0.6467398967730914,129.0,True,True,blue,circle,0.11239041504457774,0.026662990365211393,0.019054772310066918,False,0.015625,nan
B_066,low,66,0,13,after block 12,12,2.21947477805641,2.21525,5.912,2.07575,1.0377358490566038,False,runs/pendulum/unified_mechanism_v2/paired_layer_control/large_seed3407/long_common_scan/B/videos/B_066/location_13.mp4,True,1.0,0,3.8494390024940244,0.020769832753436385,0.9493394585024724,176.0,True,True,blue,circle,0.11670135612232178,0.0012014684618529498,0.00562400767051331,False,0.015625,nan
B_066,low,66,0,14,after block 13,13,2.21947477805641,2.21525,5.912,2.0718750000000004,1.0387840670859538,False,runs/pendulum/unified_mechanism_v2/paired_layer_control/large_seed3407/long_common_scan/B/videos/B_066/location_14.mp4,True,1.0,0,4.035955940258354,0.019555349838619368,1.2041948142440015,181.0,True,True,blue,circle,0.10946990002832037,-0.0004070727033259417,0.005484594675257737,False,0.21875,0.470649895178197
B_066,low,66,0,15,after block 14,14,2.21947477805641,2.21525,5.912,2.087375,1.0345911949685533,False,runs/pendulum/unified_mechanism_v2/paired_layer_control/large_seed3407/long_common_scan/B/videos/B_066/location_15.mp4,True,1.0,0,3.343632068567555,0.01957886730950087,1.4381160644125845,181.0,True,True,blue,circle,0.10145318355251735,-0.0025467788101413706,0.006403526478494211,False,0.734375,1.2746331236897275
B_066,low,66,0,16,after block 15,15,2.21947477805641,2.21525,5.912,2.0951250000000003,1.0324947589098532,False,runs/pendulum/unified_mechanism_v2/paired_layer_control/large_seed3407/long_common_scan/B/videos/B_066/location_16.mp4,True,1.0,0,3.2493190411178547,0.01978458706126901,1.3994308979782832,182.0,True,True,blue,circle,0.10006548298726635,-0.0035837219839708052,0.006474383189415621,False,0.84375,1.2442348008385744
B_066,low,66,0,17,after block 16,16,2.21947477805641,2.21525,5.912,2.102875,1.030398322851153,False,runs/pendulum/unified_mechanism_v2/paired_layer_control/large_seed3407/long_common_scan/B/videos/B_066/location_17.mp4,True,1.0,0,2.3474137905016415,0.018667848110409224,1.541081422407439,193.5,True,True,blue,circle,0.09511334806734406,-0.0017702650597516765,0.007711375532582113,True,1.0,1.0335429769392035
B_066,low,66,0,18,after block 17,17,2.21947477805641,2.21525,5.912,2.10675,1.029350104821803,False,runs/pendulum/unified_mechanism_v2/paired_layer_control/large_seed3407/long_common_scan/B/videos/B_066/location_18.mp4,True,1.0,0,2.317547254122241,0.019309939458384606,1.3753098212004122,192.5,True,True,blue,circle,0.08996605152625498,-0.004804432194302238,0.009244848888699702,True,1.0,1.0335429769392035
B_066,low,66,0,19,after block 18,18,2.21947477805641,2.21525,5.912,2.0486250000000004,1.0450733752620545,False,runs/pendulum/unified_mechanism_v2/paired_layer_control/large_seed3407/long_common_scan/B/videos/B_066/location_19.mp4,True,1.0,0,3.0984115590479684,0.019483761390598514,1.7775136015555084,192.5,True,True,blue,circle,0.08557297094054489,-0.00509024255909434,0.009341801944330382,True,1.0,1.0471698113207546
B_066,low,66,0,20,after block 19,19,2.21947477805641,2.21525,5.912,1.916875,1.080712788259958,False,runs/pendulum/unified_mechanism_v2/paired_layer_control/large_seed3407/long_common_scan/B/videos/B_066/location_20.mp4,True,1.0,0,2.440266083110239,0.01926699622760683,2.8550462044387057,195.5,True,True,blue,circle,0.07917037627087337,-0.002906001110422147,0.013735969647383332,True,1.0,1.0890985324947589
B_066,low,66,0,21,after block 20,20,2.21947477805641,2.21525,5.912,1.9827500000000002,1.0628930817610063,False,runs/pendulum/unified_mechanism_v2/paired_layer_control/large_seed3407/long_common_scan/B/videos/B_066/location_21.mp4,True,1.0,0,2.6335710261229557,0.019237249063090073,2.7935578437643986,200.0,True,True,blue,circle,0.07408660453913234,-0.0005485281047069632,0.017113551656047884,True,1.0,1.0754716981132075
B_066,low,66,0,22,after block 21,21,2.21947477805641,2.21525,5.912,1.9711250000000002,1.0660377358490565,False,runs/pendulum/unified_mechanism_v2/paired_layer_control/large_seed3407/long_common_scan/B/videos/B_066/location_22.mp4,True,1.0,0,2.2394916960944458,0.019211682512730338,2.7727789130796108,195.0,True,True,blue,circle,0.06197014635872108,-0.004488667434628515,0.02119314923972461,True,1.0,1.0754716981132075
B_066,low,66,0,23,after block 22,22,2.21947477805641,2.21525,5.912,1.8703750000000001,1.0932914046121593,False,runs/pendulum/unified_mechanism_v2/paired_layer_control/large_seed3407/long_common_scan/B/videos/B_066/location_23.mp4,True,1.0,0,3.824655804586995,0.02053416615624251,3.5038500159848773,201.0,True,True,blue,circle,0.05634140210421871,-0.006391784907129579,0.02614732736000923,True,1.0,1.109014675052411
B_066,low,66,0,24,after block 23,23,2.21947477805641,2.21525,5.912,1.7735000000000003,1.119496855345912,False,runs/pendulum/unified_mechanism_v2/paired_layer_control/large_seed3407/long_common_scan/B/videos/B_066/location_24.mp4,True,1.0,0,4.004988337061744,0.020467283641931816,3.3969499101683858,207.0,True,True,blue,circle,0.05236294473986071,-0.007390289459605744,0.029815796115918003,True,1.0,1.120545073375262
B_066,low,66,0,25,after block 24,24,2.21947477805641,2.21525,5.912,1.8626250000000002,1.0953878406708595,False,runs/pendulum/unified_mechanism_v2/paired_layer_control/large_seed3407/long_common_scan/B/videos/B_066/location_25.mp4,True,1.0,0,3.824748833396126,0.019366804407460303,3.3747178710758363,215.0,True,True,blue,circle,0.048628337401728824,-0.007342440705193445,0.030569327503864634,True,1.0,1.0890985324947589
B_066,low,66,0,26,after block 25,25,2.21947477805641,2.21525,5.912,1.8122500000000001,1.109014675052411,False,runs/pendulum/unified_mechanism_v2/paired_layer_control/large_seed3407/long_common_scan/B/videos/B_066/location_26.mp4,True,1.0,0,4.2418067187936,0.019748972415894267,3.0058350189685465,218.0,True,True,blue,circle,0.04599983622381059,-0.006530658946888655,0.031178464161782223,True,1.0,1.09958071278826
B_066,low,66,0,27,after block 26,26,2.21947477805641,2.21525,5.912,1.7425000000000002,1.1278825995807127,False,runs/pendulum/unified_mechanism_v2/paired_layer_control/large_seed3407/long_common_scan/B/videos/B_066/location_27.mp4,True,1.0,0,4.472622521200053,0.01739539647064345,3.2542419029909087,217.0,True,True,blue,circle,0.04634435920870455,-0.007915424812148563,0.031818619470517936,True,1.0,1.1121593291404612
B_066,low,66,0,28,after block 27,27,2.21947477805641,2.21525,5.912,1.7580000000000002,1.1236897274633124,False,runs/pendulum/unified_mechanism_v2/paired_layer_control/large_seed3407/long_common_scan/B/videos/B_066/location_28.mp4,True,1.0,0,2.57728080769038,0.01652642298158616,3.3860317735716055,215.0,True,True,blue,circle,0.04481373319854174,-0.008781409669000933,0.03378717586964719,True,1.0,1.1142557651991614
B_066,low,66,0,29,after block 28,28,2.21947477805641,2.21525,5.912,5.923625,-0.003144654088050434,False,runs/pendulum/unified_mechanism_v2/paired_layer_control/large_seed3407/long_common_scan/B/videos/B_066/location_29.mp4,True,1.0,0,2.7403639328328038,0.01658657336883576,3.370428341213159,213.0,True,True,blue,circle,0.04360949606347426,-0.004150717408821382,0.03387694913803554,True,1.0,-0.0052410901467505626
B_066,low,66,0,30,after block 29,29,2.21947477805641,2.21525,5.912,5.884875,0.007337526205450692,False,runs/pendulum/unified_mechanism_v2/paired_layer_control/large_seed3407/long_common_scan/B/videos/B_066/location_30.mp4,True,1.0,0,2.5470187321140925,0.01720714382411126,3.2666002270162537,213.0,True,True,blue,circle,0.04686839405245158,-0.0036897968650761413,0.03565131717811506,True,1.0,-0.0
B_067,low,67,0,0,embedding output,,2.4877500518830167,2.5020000000000002,6.0360000000000005,2.498125,1.0010964912280702,True,runs/pendulum/unified_mechanism_v2/paired_layer_control/large_seed3407/long_common_scan/B/videos/B_067/location_00.mp4,True,1.0,0,1.0185482928095309,0.0013469555782407716,0.4348150689292344,193.0,True,True,red,circle,0.13869548844353496,-0.0018479847935696733,0.0027119681048612173,True,0.984375,1.0
B_067,low,67,0,1,after block 0,0,2.4877500518830167,2.5020000000000002,6.0360000000000005,2.49425,1.0021929824561404,True,runs/pendulum/unified_mechanism_v2/paired_layer_control/large_seed3407/long_common_scan/B/videos/B_067/location_01.mp4,True,1.0,0,1.0757229944079383,0.0014998911959049344,0.753531980320935,193.0,True,True,red,circle,0.1391145060619639,-0.0017880035318271618,0.0027454030130952952,True,0.984375,1.0010964912280702
B_067,low,67,0,2,after block 1,1,2.4877500518830167,2.5020000000000002,6.0360000000000005,2.4787500000000002,1.006578947368421,True,runs/pendulum/unified_mechanism_v2/paired_layer_control/large_seed3407/long_common_scan/B/videos/B_067/location_02.mp4,True,1.0,0,1.0339013996248376,0.0014744733732304782,1.3692703635925358,192.0,True,True,red,circle,0.13969468487344153,-0.001016226620512106,0.003360823842876805,True,0.984375,1.0021929824561404
B_067,low,67,0,3,after block 2,2,2.4877500518830167,2.5020000000000002,6.0360000000000005,2.474875,1.0076754385964912,True,runs/pendulum/unified_mechanism_v2/paired_layer_control/large_seed3407/long_common_scan/B/videos/B_067/location_03.mp4,True,1.0,0,0.9847967776553408,0.0012805210861235317,1.7370926953787653,191.0,True,True,red,circle,0.13986133870718762,-0.000779835419043378,0.004077767389207512,True,0.984375,1.0032894736842106
B_067,low,67,0,4,after block 3,3,2.4877500518830167,2.5020000000000002,6.0360000000000005,2.4903750000000002,1.0032894736842106,True,runs/pendulum/unified_mechanism_v2/paired_layer_control/large_seed3407/long_common_scan/B/videos/B_067/location_04.mp4,True,0.984375,1,0.9847967776553408,0.0014013912647384275,1.2902795385932049,189.0,True,True,red,circle,0.13970185010329936,-0.0009598047506088761,0.0029028449460728155,True,0.984375,1.0032894736842106
B_067,low,67,0,5,after block 4,4,2.4877500518830167,2.5020000000000002,6.0360000000000005,2.49425,1.0021929824561404,True,runs/pendulum/unified_mechanism_v2/paired_layer_control/large_seed3407/long_common_scan/B/videos/B_067/location_05.mp4,True,0.984375,1,1.0102950412564145,0.001629805784566729,1.2684420638041267,189.0,True,True,red,circle,0.13953288385962342,-0.001112920608714227,0.0029190383944019322,True,0.984375,1.0021929824561404
B_067,low,67,0,6,after block 5,5,2.4877500518830167,2.5020000000000002,6.0360000000000005,2.49425,1.0021929824561404,True,runs/pendulum/unified_mechanism_v2/paired_layer_control/large_seed3407/long_common_scan/B/videos/B_067/location_06.mp4,True,0.984375,1,0.9689982718521085,0.001420750219557565,1.2660279681464295,184.0,True,True,red,circle,0.14079359041150713,-0.002989874671490948,0.003885254701935648,True,0.984375,1.0021929824561404
B_067,low,67,0,7,after block 6,6,2.4877500518830167,2.5020000000000002,6.0360000000000005,2.49425,1.0021929824561404,True,runs/pendulum/unified_mechanism_v2/paired_layer_control/large_seed3407/long_common_scan/B/videos/B_067/location_07.mp4,True,0.984375,1,1.035976244519038,0.0015035551983386686,1.2752409079909348,182.0,True,True,red,circle,0.14105445845786554,-0.004149172194714215,0.003967374443694926,True,0.984375,1.0032894736842106
B_067,low,67,0,8,after block 7,7,2.4877500518830167,2.5020000000000002,6.0360000000000005,2.4865000000000004,1.0043859649122806,True,runs/pendulum/unified_mechanism_v2/paired_layer_control/large_seed3407/long_common_scan/B/videos/B_067/location_08.mp4,True,0.984375,1,1.121774998119844,0.0014104509108610608,1.33507138228305,181.0,True,True,red,circle,0.14218139772667865,-0.004583876748975808,0.004606960805840986,True,0.984375,1.0109649122807016
B_067,low,67,0,9,after block 8,8,2.4877500518830167,2.5020000000000002,6.0360000000000005,2.49425,1.0021929824561404,True,runs/pendulum/unified_mechanism_v2/paired_layer_control/large_seed3407/long_common_scan/B/videos/B_067/location_09.mp4,True,0.984375,1,1.0749103701070646,0.001452624861343288,1.33507138228305,180.0,True,True,red,circle,0.14168089751112076,-0.004498242010236717,0.004639812342063947,True,0.984375,1.013157894736842
B_067,low,67,0,10,after block 9,9,2.4877500518830167,2.5020000000000002,6.0360000000000005,2.4671250000000002,1.0098684210526316,True,runs/pendulum/unified_mechanism_v2/paired_layer_control/large_seed3407/long_common_scan/B/videos/B_067/location_10.mp4,True,0.984375,1,0.9995815615827273,0.0017520415932066324,1.3502512326370422,177.0,True,True,red,circle,0.1372661148786484,-0.004613546790830566,0.004182540483563322,True,0.96875,1.0482456140350878
B_067,low,67,0,11,after block 10,10,2.4877500518830167,2.5020000000000002,6.0360000000000005,2.63375,0.9627192982456141,True,runs/pendulum/unified_mechanism_v2/paired_layer_control/large_seed3407/long_common_scan/B/videos/B_067/location_11.mp4,False,1.0,0,10.0305325119592,0.10723556824119299,3.5909918596413295,25.0,False,True,blue,circle,0.09924273384326561,0.049672301237401385,0.018246252693620346,False,0.453125,1.0657894736842106
B_067,low,67,0,12,after block 11,11,2.4877500518830167,2.5020000000000002,6.0360000000000005,2.474875,1.0076754385964912,False,runs/pendulum/unified_mechanism_v2/paired_layer_control/large_seed3407/long_common_scan/B/videos/B_067/location_12.mp4,True,1.0,0,6.153170909774723,0.03331265210411896,3.527322206198888,137.0,True,True,blue,circle,0.12046153604989057,0.02362035886158659,0.021484051372236707,False,0.015625,nan
B_067,low,67,0,13,after block 12,12,2.4877500518830167,2.5020000000000002,6.0360000000000005,2.474875,1.0076754385964912,False,runs/pendulum/unified_mechanism_v2/paired_layer_control/large_seed3407/long_common_scan/B/videos/B_067/location_13.mp4,True,1.0,0,3.283598032323702,0.020236892119557925,3.208598468459187,175.0,True,True,blue,circle,0.12494177185863203,0.0014986096649181858,0.008139254247624047,False,0.03125,nan
B_067,low,67,0,14,after block 13,13,2.4877500518830167,2.5020000000000002,6.0360000000000005,2.49425,1.0021929824561404,False,runs/pendulum/unified_mechanism_v2/paired_layer_control/large_seed3407/long_common_scan/B/videos/B_067/location_14.mp4,True,1.0,0,3.1008539245157256,0.014733673797470509,3.4792348001564632,179.5,True,True,blue,circle,0.11765512924708343,0.001635662416871208,0.008787339147988533,False,0.390625,0.9385964912280702
B_067,low,67,0,15,after block 14,14,2.4877500518830167,2.5020000000000002,6.0360000000000005,2.482625,1.0054824561403508,False,runs/pendulum/unified_mechanism_v2/paired_layer_control/large_seed3407/long_common_scan/B/videos/B_067/location_15.mp4,True,1.0,0,3.065999353693489,0.017268043077921874,2.358454332164018,181.0,True,True,blue,circle,0.11046530339376003,-0.0014703797711526783,0.011000481613084579,False,0.703125,0.961622807017544
B_067,low,67,0,16,after block 15,15,2.4877500518830167,2.5020000000000002,6.0360000000000005,2.459375,1.012061403508772,False,runs/pendulum/unified_mechanism_v2/paired_layer_control/large_seed3407/long_common_scan/B/videos/B_067/location_16.mp4,True,1.0,0,2.414926156717448,0.01523009910725781,1.8256717591389349,182.5,True,True,blue,circle,0.10849552850014535,-0.0016521233886179398,0.011971158361996923,False,0.796875,0.9506578947368421
B_067,low,67,0,17,after block 16,16,2.4877500518830167,2.5020000000000002,6.0360000000000005,2.4400000000000004,1.0175438596491229,False,runs/pendulum/unified_mechanism_v2/paired_layer_control/large_seed3407/long_common_scan/B/videos/B_067/location_17.mp4,True,1.0,0,2.9339237048861055,0.015903529460952637,1.9276919575184568,189.5,True,True,blue,circle,0.10469026171137692,-0.00022459620028200894,0.012399671558450202,True,1.0,1.0175438596491229
B_067,low,67,0,18,after block 17,17,2.4877500518830167,2.5020000000000002,6.0360000000000005,2.4090000000000003,1.0263157894736843,False,runs/pendulum/unified_mechanism_v2/paired_layer_control/large_seed3407/long_common_scan/B/videos/B_067/location_18.mp4,True,1.0,0,3.6464379419911843,0.01797352530951543,1.2976546886148508,190.0,True,True,blue,circle,0.09917482965040597,-0.0002564084078730064,0.013841719070987205,True,1.0,1.0285087719298245
B_067,low,67,0,19,after block 18,18,2.4877500518830167,2.5020000000000002,6.0360000000000005,2.381875,1.0339912280701755,False,runs/pendulum/unified_mechanism_v2/paired_layer_control/large_seed3407/long_common_scan/B/videos/B_067/location_19.mp4,True,1.0,0,2.95193727710999,0.017977584620111814,1.0012374316278432,191.0,True,True,blue,circle,0.0924110793425646,0.000168112178726324,0.016820121553155945,True,1.0,1.0350877192982457
B_067,low,67,0,20,after block 19,19,2.4877500518830167,2.5020000000000002,6.0360000000000005,2.335375,1.0471491228070176,False,runs/pendulum/unified_mechanism_v2/paired_layer_control/large_seed3407/long_common_scan/B/videos/B_067/location_20.mp4,True,1.0,0,1.988999560035182,0.01676090623103374,0.8564275222233094,193.0,True,True,blue,circle,0.08026749647475298,0.004123374238528611,0.023577609864334634,True,1.0,1.0471491228070176
B_067,low,67,0,21,after block 20,20,2.4877500518830167,2.5020000000000002,6.0360000000000005,2.2695,1.0657894736842106,False,runs/pendulum/unified_mechanism_v2/paired_layer_control/large_seed3407/long_common_scan/B/videos/B_067/location_21.mp4,True,1.0,0,2.7302037332360825,0.018065059534370848,0.8423126284551693,197.5,True,True,blue,circle,0.07696957422371528,0.006290114912816084,0.02856583269750155,True,1.0,1.0668859649122808
B_067,low,67,0,22,after block 21,21,2.4877500518830167,2.5020000000000002,6.0360000000000005,2.13,1.105263157894737,False,runs/pendulum/unified_mechanism_v2/paired_layer_control/large_seed3407/long_common_scan/B/videos/B_067/location_22.mp4,True,1.0,0,2.8111527938529197,0.017579209997184236,0.6818203658959742,195.0,True,True,blue,circle,0.06585785314030637,0.0040368720704872275,0.03155832470953579,True,1.0,1.0921052631578947
B_067,low,67,0,23,after block 22,22,2.4877500518830167,2.5020000000000002,6.0360000000000005,1.6805,1.2324561403508771,False,runs/pendulum/unified_mechanism_v2/paired_layer_control/large_seed3407/long_common_scan/B/videos/B_067/location_23.mp4,True,1.0,0,2.593020571805375,0.018690157511837613,0.33139879243643755,198.5,True,True,blue,circle,0.06289231696433822,0.01780482668981222,0.03731565033124961,True,1.0,1.1929824561403508
B_067,low,67,0,24,after block 23,23,2.4877500518830167,2.5020000000000002,6.0360000000000005,6.202625,-0.04714912280701748,False,runs/pendulum/unified_mechanism_v2/paired_layer_control/large_seed3407/long_common_scan/B/videos/B_067/location_24.mp4,True,1.0,0,2.8196945015739887,0.01841762493776397,0.4498336317805004,206.0,True,True,blue,circle,0.05327299030588893,0.004334563493078842,0.03848436842535239,True,1.0,-0.044956140350877215
B_067,low,67,0,25,after block 24,24,2.4877500518830167,2.5020000000000002,6.0360000000000005,6.156125,-0.033991228070175385,False,runs/pendulum/unified_mechanism_v2/paired_layer_control/large_seed3407/long_common_scan/B/videos/B_067/location_25.mp4,True,1.0,0,2.5450720233258037,0.0179255784751442,0.43753569717001345,206.5,True,True,blue,circle,0.05345632050209027,0.002980222999240424,0.03738091670435217,True,1.0,-0.03179824561403487
B_067,low,67,0,26,after block 25,25,2.4877500518830167,2.5020000000000002,6.0360000000000005,6.140625,-0.0296052631578946,False,runs/pendulum/unified_mechanism_v2/paired_layer_control/large_seed3407/long_common_scan/B/videos/B_067/location_26.mp4,True,1.0,0,3.2032343396651366,0.018383968662993994,0.5431632771653478,211.0,True,True,blue,circle,0.05354001783058414,0.0038853476626200573,0.03626408177083399,True,1.0,-0.027412280701754332
B_067,low,67,0,27,after block 26,26,2.4877500518830167,2.5020000000000002,6.0360000000000005,6.125125,-0.025219298245613815,False,runs/pendulum/unified_mechanism_v2/paired_layer_control/large_seed3407/long_common_scan/B/videos/B_067/location_27.mp4,True,1.0,0,3.5371325061890753,0.018280072881871445,0.9456409137620487,212.5,True,True,blue,circle,0.05526371669262847,0.0041563185359178014,0.035564746730425825,True,1.0,-0.021929824561403417
B_067,low,67,0,28,after block 27,27,2.4877500518830167,2.5020000000000002,6.0360000000000005,6.09025,-0.015350877192982367,False,runs/pendulum/unified_mechanism_v2/paired_layer_control/large_seed3407/long_common_scan/B/videos/B_067/location_28.mp4,True,1.0,0,3.0604261486291713,0.018206221640301723,1.0715141165939148,211.5,True,True,blue,circle,0.05893246774411248,0.0027217535357359924,0.03510908566607727,True,1.0,-0.010964912280701582
B_067,low,67,0,29,after block 28,28,2.4877500518830167,2.5020000000000002,6.0360000000000005,6.086375,-0.014254385964912233,False,runs/pendulum/unified_mechanism_v2/paired_layer_control/large_seed3407/long_common_scan/B/videos/B_067/location_29.mp4,True,1.0,0,3.214011633604921,0.0172691880716771,1.3915347007437817,209.5,True,True,blue,circle,0.06062758567124147,0.0018228687254110486,0.03432652259298328,True,1.0,-0.008771929824561316
B_067,low,67,0,30,after block 29,29,2.4877500518830167,2.5020000000000002,6.0360000000000005,6.0515,-0.004385964912280532,False,runs/pendulum/unified_mechanism_v2/paired_layer_control/large_seed3407/long_common_scan/B/videos/B_067/location_30.mp4,True,1.0,0,2.5847940464254036,0.018568766557537558,1.3692287268521495,207.5,True,True,blue,circle,0.0656413924059057,0.002072614391857771,0.03438576660886028,True,1.0,-0.0
B_104,low,104,0,0,embedding output,,2.315007687234768,2.312125,5.85775,2.3160000000000003,0.9989071038251365,True,runs/pendulum/unified_mechanism_v2/paired_layer_control/large_seed3407/long_common_scan/B/videos/B_104/location_00.mp4,True,1.0,0,1.3898854050384752,0.0017977874614783507,0.12598111519868002,192.0,True,True,red,circle,0.12810991548077305,-3.883807952885834e-05,0.003492532958824823,True,0.984375,1.0
B_104,low,104,0,1,after block 0,0,2.315007687234768,2.312125,5.85775,2.312125,1.0,True,runs/pendulum/unified_mechanism_v2/paired_layer_control/large_seed3407/long_common_scan/B/videos/B_104/location_01.mp4,True,1.0,0,1.2740804073970466,0.001664986718716427,0.21597399355370164,193.0,True,True,red,circle,0.12810277627500583,9.1959194282023e-06,0.003467918233799323,True,0.984375,1.0
B_104,low,104,0,2,after block 1,1,2.315007687234768,2.312125,5.85775,2.3160000000000003,0.9989071038251365,True,runs/pendulum/unified_mechanism_v2/paired_layer_control/large_seed3407/long_common_scan/B/videos/B_104/location_02.mp4,True,1.0,0,1.3055734940134034,0.0016638771062499058,0.21058519693237135,191.5,True,True,red,circle,0.1286994023273683,-0.0001955639754643264,0.0034742796580879936,True,0.984375,0.9989071038251365
B_104,low,104,0,3,after block 2,2,2.315007687234768,2.312125,5.85775,2.3160000000000003,0.9989071038251365,True,runs/pendulum/unified_mechanism_v2/paired_layer_control/large_seed3407/long_common_scan/B/videos/B_104/location_03.mp4,True,1.0,0,1.3055734940134034,0.0017218063886536017,0.21058519693237135,191.0,True,True,red,circle,0.12880521587773047,-0.000264054411311361,0.0033989185846948692,True,0.984375,0.9989071038251365
B_104,low,104,0,4,after block 3,3,2.315007687234768,2.312125,5.85775,2.3160000000000003,0.9989071038251365,True,runs/pendulum/unified_mechanism_v2/paired_layer_control/large_seed3407/long_common_scan/B/videos/B_104/location_04.mp4,True,1.0,0,1.2986309995492378,0.0017473278026448047,0.6680359613836034,189.0,True,True,red,circle,0.1290208246103844,0.0003873588322990902,0.0031951783813112156,True,0.984375,0.9989071038251365
B_104,low,104,0,5,after block 4,4,2.315007687234768,2.312125,5.85775,2.3160000000000003,0.9989071038251365,True,runs/pendulum/unified_mechanism_v2/paired_layer_control/large_seed3407/long_common_scan/B/videos/B_104/location_05.mp4,True,1.0,0,1.4141555499921874,0.0015450391004060149,0.5096789514744717,189.0,True,True,red,circle,0.12880748307154477,0.00038850516874600787,0.0035082631489488964,True,0.984375,0.9989071038251365
B_104,low,104,0,6,after block 5,5,2.315007687234768,2.312125,5.85775,2.3160000000000003,0.9989071038251365,True,runs/pendulum/unified_mechanism_v2/paired_layer_control/large_seed3407/long_common_scan/B/videos/B_104/location_06.mp4,True,0.984375,1,0.9574906417202268,0.0016985252495864134,1.4147140662849327,185.0,True,True,red,circle,0.12991191667276755,-0.0009038265360380873,0.0032691516507029205,True,0.984375,0.9956284153005464
B_104,low,104,0,7,after block 6,6,2.315007687234768,2.312125,5.85775,2.3160000000000003,0.9989071038251365,True,runs/pendulum/unified_mechanism_v2/paired_layer_control/large_seed3407/long_common_scan/B/videos/B_104/location_07.mp4,True,0.984375,1,1.0212283347212594,0.0017192326149669812,1.3736221175576755,183.0,True,True,red,circle,0.12943877142228358,-0.0016148063347518765,0.0031715843101435635,True,0.984375,0.9956284153005464
B_104,low,104,0,8,after block 7,7,2.315007687234768,2.312125,5.85775,2.3237500000000004,0.9967213114754098,True,runs/pendulum/unified_mechanism_v2/paired_layer_control/large_seed3407/long_common_scan/B/videos/B_104/location_08.mp4,True,0.984375,1,1.08478496631325,0.0016688934711293624,1.2324335870021812,181.0,True,True,red,circle,0.13033165625590432,-0.002947662959923537,0.0033949853381032334,True,0.984375,0.994535519125683
B_104,low,104,0,9,after block 8,8,2.315007687234768,2.312125,5.85775,2.3315,0.994535519125683,True,runs/pendulum/unified_mechanism_v2/paired_layer_control/large_seed3407/long_common_scan/B/videos/B_104/location_09.mp4,True,0.984375,1,1.3771931706648979,0.0019334148537561435,0.999590247229667,181.0,True,True,red,circle,0.13015804489125682,-0.0029050789652913123,0.0036609228149636743,True,0.984375,0.9923497267759562
B_104,low,104,0,10,after block 9,9,2.315007687234768,2.312125,5.85775,2.312125,1.0,True,runs/pendulum/unified_mechanism_v2/paired_layer_control/large_seed3407/long_common_scan/B/videos/B_104/location_10.mp4,True,0.984375,1,1.3127579955805482,0.0015887870087162859,0.8685824276112575,177.0,True,True,red,circle,0.12424527963590518,-0.003838292984419254,0.00406603221623825,True,0.984375,0.9967213114754098
B_104,low,104,0,11,after block 10,10,2.315007687234768,2.312125,5.85775,2.3005000000000004,1.0032786885245901,True,runs/pendulum/unified_mechanism_v2/paired_layer_control/large_seed3407/long_common_scan/B/videos/B_104/location_11.mp4,True,0.984375,1,1.1951845644175108,0.002240964837434467,0.8997165498449208,169.0,True,True,red,circle,0.12485528772189768,-0.004798756310415044,0.003999593809994419,False,0.390625,1.1628415300546449
B_104,low,104,0,12,after block 11,11,2.315007687234768,2.312125,5.85775,2.219125,1.0262295081967212,False,runs/pendulum/unified_mechanism_v2/paired_layer_control/large_seed3407/long_common_scan/B/videos/B_104/location_12.mp4,True,1.0,0,6.445370213642127,0.03643313580547081,2.8468781916080177,132.5,True,True,blue,circle,0.10482077567990165,0.029843658514983825,0.013295727266620566,False,0.015625,nan
B_104,low,104,0,13,after block 12,12,2.315007687234768,2.312125,5.85775,2.250125,1.0174863387978141,False,runs/pendulum/unified_mechanism_v2/paired_layer_control/large_seed3407/long_common_scan/B/videos/B_104/location_13.mp4,True,1.0,0,2.046721167054474,0.02067451631825304,3.132163233962913,176.0,True,True,blue,circle,0.11090373431337437,0.0052991668027930735,0.007266418783892588,False,0.03125,nan
B_104,low,104,0,14,after block 13,13,2.315007687234768,2.312125,5.85775,2.265625,1.0131147540983607,False,runs/pendulum/unified_mechanism_v2/paired_layer_control/large_seed3407/long_common_scan/B/videos/B_104/location_14.mp4,True,1.0,0,2.3996523014730298,0.01771188246177216,3.335459843616326,182.5,True,True,blue,circle,0.10286466886875825,0.0046459843437839125,0.009395491684364632,False,0.265625,0.9781420765027322
B_104,low,104,0,15,after block 14,14,2.315007687234768,2.312125,5.85775,2.273375,1.010928961748634,False,runs/pendulum/unified_mechanism_v2/paired_layer_control/large_seed3407/long_common_scan/B/videos/B_104/location_15.mp4,True,1.0,0,2.508497914121003,0.019732735492011794,2.690035787326063,181.0,True,True,blue,circle,0.09457776332267112,0.0006171542100655384,0.011043944593439754,False,0.71875,0.9978142076502732
B_104,low,104,0,16,after block 15,15,2.315007687234768,2.312125,5.85775,2.2811250000000003,1.008743169398907,False,runs/pendulum/unified_mechanism_v2/paired_layer_control/large_seed3407/long_common_scan/B/videos/B_104/location_16.mp4,True,1.0,0,2.180236103994861,0.019192088084469844,2.5180638152766806,183.0,True,True,blue,circle,0.09316019779421068,-0.00024681359764038767,0.011062607747242766,False,0.84375,0.994535519125683
B_104,low,104,0,17,after block 16,16,2.315007687234768,2.312125,5.85775,2.285,1.0076502732240438,False,runs/pendulum/unified_mechanism_v2/paired_layer_control/large_seed3407/long_common_scan/B/videos/B_104/location_17.mp4,True,1.0,0,2.822067875116942,0.018383242096857766,2.4857558638400046,193.5,True,True,blue,circle,0.08703078768020601,-0.00019713732396970022,0.012420021743126937,True,1.0,1.008743169398907
B_104,low,104,0,18,after block 17,17,2.315007687234768,2.312125,5.85775,2.265625,1.0131147540983607,False,runs/pendulum/unified_mechanism_v2/paired_layer_control/large_seed3407/long_common_scan/B/videos/B_104/location_18.mp4,True,1.0,0,3.153932309490505,0.020200825709081077,2.4219481015332223,194.0,True,True,blue,circle,0.08075696341778565,-0.0017424384673787518,0.0140153231022535,True,1.0,1.0153005464480873
B_104,low,104,0,19,after block 18,18,2.315007687234768,2.312125,5.85775,2.2113750000000003,1.028415300546448,False,runs/pendulum/unified_mechanism_v2/paired_layer_control/large_seed3407/long_common_scan/B/videos/B_104/location_19.mp4,True,1.0,0,2.4665630948131025,0.020220961207989024,2.8826401329724587,196.5,True,True,blue,circle,0.07468611203962386,-0.00028171592373078423,0.016326293237047547,True,1.0,1.0306010928961749
B_104,low,104,0,20,after block 19,19,2.315007687234768,2.312125,5.85775,2.1455,1.0469945355191257,False,runs/pendulum/unified_mechanism_v2/paired_layer_control/large_seed3407/long_common_scan/B/videos/B_104/location_20.mp4,True,1.0,0,2.7399051527315246,0.021375216552195847,3.6040785664715203,202.5,True,True,blue,circle,0.06537957929293299,0.005050706732572594,0.021518396284942086,True,1.0,1.0469945355191257
B_104,low,104,0,21,after block 20,20,2.315007687234768,2.312125,5.85775,2.0951250000000003,1.0612021857923497,False,runs/pendulum/unified_mechanism_v2/paired_layer_control/large_seed3407/long_common_scan/B/videos/B_104/location_21.mp4,True,1.0,0,2.6904153349585105,0.021733771744988473,3.858802793105756,202.0,True,True,blue,circle,0.06253767938737116,0.006755832752376971,0.02430873124300521,True,1.0,1.0546448087431692
B_104,low,104,0,22,after block 21,21,2.315007687234768,2.312125,5.85775,1.975,1.0950819672131147,False,runs/pendulum/unified_mechanism_v2/paired_layer_control/large_seed3407/long_common_scan/B/videos/B_104/location_22.mp4,True,1.0,0,3.14042133451799,0.021387255027111057,2.930835418593146,200.0,True,True,blue,circle,0.05292786237949041,0.003487748559304199,0.02690947039782471,True,1.0,1.0775956284153005
B_104,low,104,0,23,after block 22,22,2.315007687234768,2.312125,5.85775,1.8006250000000001,1.1442622950819672,False,runs/pendulum/unified_mechanism_v2/paired_layer_control/large_seed3407/long_common_scan/B/videos/B_104/location_23.mp4,True,1.0,0,2.7549586356179243,0.01890668545857277,3.240697916452733,204.5,True,True,blue,circle,0.046207967813929864,0.006009710012922479,0.030658827532229125,True,1.0,1.1322404371584698
B_104,low,104,0,24,after block 23,23,2.315007687234768,2.312125,5.85775,5.931375,-0.02076502732240432,False,runs/pendulum/unified_mechanism_v2/paired_layer_control/large_seed3407/long_common_scan/B/videos/B_104/location_24.mp4,True,1.0,0,3.647078939541601,0.01975154768490761,3.0619482897043495,210.0,True,True,blue,circle,0.0440248061719496,0.0034695625511409196,0.031261163976196375,True,1.0,-0.019672131147540975
B_104,low,104,0,25,after block 24,24,2.315007687234768,2.312125,5.85775,5.900375,-0.012021857923497305,False,runs/pendulum/unified_mechanism_v2/paired_layer_control/large_seed3407/long_common_scan/B/videos/B_104/location_25.mp4,True,1.0,0,3.179275553542257,0.01941135006539141,2.3179557149241448,212.0,True,True,blue,circle,0.04491905353651927,0.002041578793795324,0.030758829461183777,True,1.0,-0.012021857923497305
B_104,low,104,0,26,after block 25,25,2.315007687234768,2.312125,5.85775,5.884875,-0.007650273224043672,False,runs/pendulum/unified_mechanism_v2/paired_layer_control/large_seed3407/long_common_scan/B/videos/B_104/location_26.mp4,True,1.0,0,2.359609911261701,0.018335107917449495,2.501897254155115,216.0,True,True,blue,circle,0.04495024296219039,0.003043463895796224,0.02956583186325052,True,1.0,-0.00546448087431698
B_104,low,104,0,27,after block 26,26,2.315007687234768,2.312125,5.85775,5.8732500000000005,-0.0043715846994536334,False,runs/pendulum/unified_mechanism_v2/paired_layer_control/large_seed3407/long_common_scan/B/videos/B_104/location_27.mp4,True,1.0,0,3.0981998999716196,0.018061561953143873,2.7719096475052365,216.0,True,True,blue,circle,0.046970505071556735,0.0025138587898140673,0.029194054068509525,True,1.0,-0.001092896174863346
B_104,low,104,0,28,after block 27,27,2.315007687234768,2.312125,5.85775,5.869375,-0.0032786885245900373,False,runs/pendulum/unified_mechanism_v2/paired_layer_control/large_seed3407/long_common_scan/B/videos/B_104/location_28.mp4,True,1.0,0,2.3226971045675153,0.017401435555180367,2.438977849305523,215.5,True,True,blue,circle,0.04918109335647784,0.0012318756894931307,0.02830310945613347,True,1.0,-0.00546448087431698
B_104,low,104,0,29,after block 28,28,2.315007687234768,2.312125,5.85775,5.861625,-0.001092896174863346,False,runs/pendulum/unified_mechanism_v2/paired_layer_control/large_seed3407/long_common_scan/B/videos/B_104/location_29.mp4,True,1.0,0,2.399126618207621,0.01751764940024761,2.478804552818324,214.0,True,True,blue,circle,0.05066985992423985,0.0004310869896230763,0.028098273602476315,True,1.0,-0.0043715846994536334
B_104,low,104,0,30,after block 29,29,2.315007687234768,2.312125,5.85775,5.85775,-0.0,False,runs/pendulum/unified_mechanism_v2/paired_layer_control/large_seed3407/long_common_scan/B/videos/B_104/location_30.mp4,True,1.0,0,2.6487430797311955,0.01895847967270911,2.7288427352888984,213.0,True,True,blue,circle,0.05529196383893046,0.0009175263319738621,0.028389066299632143,True,1.0,-0.0
B_113,low,113,0,0,embedding output,,2.4208730051383305,2.436125,5.884875,2.459375,0.9932584269662922,True,runs/pendulum/unified_mechanism_v2/paired_layer_control/large_seed3407/long_common_scan/B/videos/B_113/location_00.mp4,True,1.0,0,2.849860990112756,0.001504938651739396,2.0411325761116195,194.0,True,True,red,circle,0.1045514575406233,-0.001596404529221351,0.005387704056503194,True,0.984375,0.998876404494382
B_113,low,113,0,1,after block 0,0,2.4208730051383305,2.436125,5.884875,2.4632500000000004,0.992134831460674,True,runs/pendulum/unified_mechanism_v2/paired_layer_control/large_seed3407/long_common_scan/B/videos/B_113/location_01.mp4,True,1.0,0,2.849860990112756,0.0015539589616875016,2.0411325761116195,193.5,True,True,red,circle,0.10474438348908617,-0.001802568777357169,0.005396588125752727,True,0.984375,1.0
B_113,low,113,0,2,after block 1,1,2.4208730051383305,2.436125,5.884875,2.4671250000000002,0.9910112359550561,True,runs/pendulum/unified_mechanism_v2/paired_layer_control/large_seed3407/long_common_scan/B/videos/B_113/location_02.mp4,True,1.0,0,3.26108964168633,0.001544227634164702,2.4989874138063155,192.0,True,True,red,circle,0.10549383084148511,-0.0019103283248308824,0.005473235102101422,True,0.984375,1.0
B_113,low,113,0,3,after block 2,2,2.4208730051383305,2.436125,5.884875,2.4632500000000004,0.992134831460674,True,runs/pendulum/unified_mechanism_v2/paired_layer_control/large_seed3407/long_common_scan/B/videos/B_113/location_03.mp4,True,1.0,0,3.3730823469866333,0.0014388097045231196,2.6455000549298213,191.5,True,True,red,circle,0.10548915489526153,-0.0017566117809667547,0.005519420857683643,True,0.984375,0.998876404494382
B_113,low,113,0,4,after block 3,3,2.4208730051383305,2.436125,5.884875,2.4322500000000002,1.001123595505618,True,runs/pendulum/unified_mechanism_v2/paired_layer_control/large_seed3407/long_common_scan/B/videos/B_113/location_04.mp4,True,0.984375,1,0.8325245225040393,0.0013012772884287704,1.251624350386348,191.0,True,True,red,circle,0.10525709671797025,-6.699601661889092e-05,0.0025750534278600095,True,0.984375,0.998876404494382
B_113,low,113,0,5,after block 4,4,2.4208730051383305,2.436125,5.884875,2.4322500000000002,1.001123595505618,True,runs/pendulum/unified_mechanism_v2/paired_layer_control/large_seed3407/long_common_scan/B/videos/B_113/location_05.mp4,True,0.984375,1,0.8419625047940701,0.0013825056235966526,1.3101307785674958,190.0,True,True,red,circle,0.10524304363164788,-0.00013453540966766448,0.002492854641216926,True,0.984375,0.998876404494382
B_113,low,113,0,6,after block 5,5,2.4208730051383305,2.436125,5.884875,2.4400000000000004,0.998876404494382,True,runs/pendulum/unified_mechanism_v2/paired_layer_control/large_seed3407/long_common_scan/B/videos/B_113/location_06.mp4,True,0.984375,1,0.8046191561285246,0.0015046902185597566,1.2268082147975334,186.0,True,True,red,circle,0.10785493427802433,-0.0021079514286090613,0.0029753788081473107,True,0.984375,0.9943820224719101
B_113,low,113,0,7,after block 6,6,2.4208730051383305,2.436125,5.884875,2.436125,1.0,True,runs/pendulum/unified_mechanism_v2/paired_layer_control/large_seed3407/long_common_scan/B/videos/B_113/location_07.mp4,True,0.984375,1,0.7979586474731223,0.0016655485791444713,1.2641001415791302,184.0,True,True,red,circle,0.10817570033156894,-0.0030591563063912097,0.0030717003693262242,True,0.984375,0.9943820224719101
B_113,low,113,0,8,after block 7,7,2.4208730051383305,2.436125,5.884875,2.4400000000000004,0.998876404494382,True,runs/pendulum/unified_mechanism_v2/paired_layer_control/large_seed3407/long_common_scan/B/videos/B_113/location_08.mp4,True,0.984375,1,0.8372622789662691,0.0016086934684671483,1.2413111626048625,181.0,True,True,red,circle,0.10945123184992311,-0.004305465341188578,0.003405370848244831,True,0.984375,0.9943820224719101
B_113,low,113,0,9,after block 8,8,2.4208730051383305,2.436125,5.884875,2.4555000000000002,0.9943820224719101,True,runs/pendulum/unified_mechanism_v2/paired_layer_control/large_seed3407/long_common_scan/B/videos/B_113/location_09.mp4,True,0.984375,1,0.8231289033927875,0.0016834044239721346,1.210979363083535,181.0,True,True,red,circle,0.10952060671194655,-0.004555393916529647,0.003368095248212636,True,0.984375,0.9932584269662922
B_113,low,113,0,10,after block 9,9,2.4208730051383305,2.436125,5.884875,2.4322500000000002,1.001123595505618,True,runs/pendulum/unified_mechanism_v2/paired_layer_control/large_seed3407/long_common_scan/B/videos/B_113/location_10.mp4,True,0.984375,1,0.9668240679978164,0.0017911637285156767,1.2353193578757755,177.0,True,True,red,circle,0.10584952523351243,-0.005988568884224233,0.004102743887071791,True,0.984375,1.0
B_113,low,113,0,11,after block 10,10,2.4208730051383305,2.436125,5.884875,2.428375,1.002247191011236,True,runs/pendulum/unified_mechanism_v2/paired_layer_control/large_seed3407/long_common_scan/B/videos/B_113/location_11.mp4,True,0.984375,1,0.7937377816514725,0.001911811981308409,1.007965537675623,169.0,True,True,red,circle,0.10509251918791114,-0.006819272559308968,0.003798769582118573,False,0.484375,1.1842696629213483
B_113,low,113,0,12,after block 11,11,2.4208730051383305,2.436125,5.884875,2.3392500000000003,1.0280898876404494,False,runs/pendulum/unified_mechanism_v2/paired_layer_control/large_seed3407/long_common_scan/B/videos/B_113/location_12.mp4,True,1.0,0,5.295176364727056,0.04276726589404645,3.1946501053470717,115.5,True,True,blue,circle,0.0746974802465375,0.03286163881981154,0.021068701829441903,False,0.015625,nan
B_113,low,113,0,13,after block 12,12,2.4208730051383305,2.436125,5.884875,2.3857500000000003,1.0146067415730338,False,runs/pendulum/unified_mechanism_v2/paired_layer_control/large_seed3407/long_common_scan/B/videos/B_113/location_13.mp4,True,1.0,0,2.9074446273065098,0.02215426059941969,3.222348510425089,173.0,True,True,blue,circle,0.09324299226625081,0.0020026755758050623,0.00631525719346631,False,0.03125,nan
B_113,low,113,0,14,after block 13,13,2.4208730051383305,2.436125,5.884875,2.412875,1.006741573033708,False,runs/pendulum/unified_mechanism_v2/paired_layer_control/large_seed3407/long_common_scan/B/videos/B_113/location_14.mp4,True,1.0,0,3.8571946232468246,0.018987040944369288,3.15530748317171,179.5,True,True,blue,circle,0.08615121406120546,0.0011657475552199186,0.00780643174204324,False,0.21875,0.21910112359550543
B_113,low,113,0,15,after block 14,14,2.4208730051383305,2.436125,5.884875,2.4206250000000002,1.0044943820224719,False,runs/pendulum/unified_mechanism_v2/paired_layer_control/large_seed3407/long_common_scan/B/videos/B_113/location_15.mp4,True,1.0,0,3.4166194378136074,0.021031920878577692,2.9978532416795116,183.0,True,True,blue,circle,0.08017398674507036,-0.002225063595464893,0.009505557579919985,False,0.671875,0.9786516853932583
B_113,low,113,0,16,after block 15,15,2.4208730051383305,2.436125,5.884875,2.4206250000000002,1.0044943820224719,False,runs/pendulum/unified_mechanism_v2/paired_layer_control/large_seed3407/long_common_scan/B/videos/B_113/location_16.mp4,True,1.0,0,2.9727507988638324,0.021445127603818476,2.954679082587528,184.0,True,True,blue,circle,0.07908696487885927,-0.0033130921307250863,0.009851275276256406,False,0.671875,0.9876404494382022
B_113,low,113,0,17,after block 16,16,2.4208730051383305,2.436125,5.884875,2.4438750000000002,0.997752808988764,False,runs/pendulum/unified_mechanism_v2/paired_layer_control/large_seed3407/long_common_scan/B/videos/B_113/location_17.mp4,True,1.0,0,3.0040897755116776,0.021364986999744068,2.7119480213620673,192.0,True,True,blue,circle,0.07489366606272722,-0.003421653999085583,0.009432112708378439,True,1.0,1.001123595505618
B_113,low,113,0,18,after block 17,17,2.4208730051383305,2.436125,5.884875,2.4322500000000002,1.001123595505618,False,runs/pendulum/unified_mechanism_v2/paired_layer_control/large_seed3407/long_common_scan/B/videos/B_113/location_18.mp4,True,1.0,0,3.104735337365651,0.02156620856522093,2.764597707378973,193.0,True,True,blue,circle,0.06984880316853465,-0.00484210812292293,0.010756243900669177,True,1.0,1.003370786516854
B_113,low,113,0,19,after block 18,18,2.4208730051383305,2.436125,5.884875,2.3973750000000003,1.0112359550561798,False,runs/pendulum/unified_mechanism_v2/paired_layer_control/large_seed3407/long_common_scan/B/videos/B_113/location_19.mp4,True,1.0,0,3.0782726485202776,0.022273446074343672,2.890297073289704,195.0,True,True,blue,circle,0.06462703757746995,-0.0035489148115686138,0.01220601994818696,True,1.0,1.0134831460674156
B_113,low,113,0,20,after block 19,19,2.4208730051383305,2.436125,5.884875,2.366375,1.0202247191011236,False,runs/pendulum/unified_mechanism_v2/paired_layer_control/large_seed3407/long_common_scan/B/videos/B_113/location_20.mp4,True,1.0,0,1.9170830108287316,0.023228980385015224,3.206964578947418,200.0,True,True,blue,circle,0.05636728023733054,0.0014459147796881079,0.016195922774938587,True,1.0,1.0224719101123596
B_113,low,113,0,21,after block 20,20,2.4208730051383305,2.436125,5.884875,2.3392500000000003,1.0280898876404494,False,runs/pendulum/unified_mechanism_v2/paired_layer_control/large_seed3407/long_common_scan/B/videos/B_113/location_21.mp4,True,1.0,0,3.5308773124275485,0.022407478632711364,2.902475361822801,202.5,True,True,blue,circle,0.0543886179844696,0.0015953160095500765,0.017819818810183,True,1.0,1.0247191011235954
B_113,low,113,0,22,after block 21,21,2.4208730051383305,2.436125,5.884875,2.319875,1.0337078651685394,False,runs/pendulum/unified_mechanism_v2/paired_layer_control/large_seed3407/long_common_scan/B/videos/B_113/location_22.mp4,True,1.0,0,3.374402723199316,0.02336029596910949,2.9407231686352,203.0,True,True,blue,circle,0.046300287301220155,-0.0024573851858647575,0.018478558807807573,True,1.0,1.0247191011235954
B_113,low,113,0,23,after block 22,22,2.4208730051383305,2.436125,5.884875,2.068,1.1067415730337078,False,runs/pendulum/unified_mechanism_v2/paired_layer_control/large_seed3407/long_common_scan/B/videos/B_113/location_23.mp4,True,1.0,0,3.4934515955598817,0.020423407352513273,2.8930965840376635,200.0,True,True,blue,circle,0.03774194300930862,0.00021657512851726613,0.020241266622645332,True,1.0,1.0820224719101124
B_113,low,113,0,24,after block 23,23,2.4208730051383305,2.436125,5.884875,1.9827500000000002,1.1314606741573032,False,runs/pendulum/unified_mechanism_v2/paired_layer_control/large_seed3407/long_common_scan/B/videos/B_113/location_24.mp4,True,1.0,0,2.932825763529044,0.020759040238601506,3.0192096532084096,208.0,True,True,blue,circle,0.03432523747588715,0.0018012255904686979,0.021982355928120336,True,1.0,1.0932584269662922
B_113,low,113,0,25,after block 24,24,2.4208730051383305,2.436125,5.884875,1.9711250000000002,1.1348314606741572,False,runs/pendulum/unified_mechanism_v2/paired_layer_control/large_seed3407/long_common_scan/B/videos/B_113/location_25.mp4,True,1.0,0,2.750068286994017,0.01976549130698982,2.2701460824573068,208.5,True,True,blue,circle,0.033269747407675763,0.00030302582907946454,0.021247632922987845,True,1.0,1.1067415730337078
B_113,low,113,0,26,after block 25,25,2.4208730051383305,2.436125,5.884875,1.975,1.1337078651685393,False,runs/pendulum/unified_mechanism_v2/paired_layer_control/large_seed3407/long_common_scan/B/videos/B_113/location_26.mp4,True,1.0,0,2.8902126165750683,0.018825610232729967,2.4417822161256826,211.0,True,True,blue,circle,0.031877344381191365,0.0014255469644885647,0.021017247023349016,True,1.0,1.1078651685393257
B_113,low,113,0,27,after block 26,26,2.4208730051383305,2.436125,5.884875,1.95175,1.1404494382022472,False,runs/pendulum/unified_mechanism_v2/paired_layer_control/large_seed3407/long_common_scan/B/videos/B_113/location_27.mp4,True,1.0,0,2.517702620321475,0.017982332708573745,2.3496480958517787,210.5,True,True,blue,circle,0.031412417550547383,0.0017145490921239982,0.02178826482651201,True,1.0,1.1101123595505618
B_113,low,113,0,28,after block 27,27,2.4208730051383305,2.436125,5.884875,1.8897500000000003,1.1584269662921347,False,runs/pendulum/unified_mechanism_v2/paired_layer_control/large_seed3407/long_common_scan/B/videos/B_113/location_28.mp4,True,1.0,0,2.323242707859291,0.017584752465410913,2.242831495800215,210.5,True,True,blue,circle,0.030358576904425384,0.0008135781758632304,0.02272317542244455,True,1.0,1.1325842696629214
B_113,low,113,0,29,after block 28,28,2.4208730051383305,2.436125,5.884875,1.8393750000000002,1.1730337078651685,False,runs/pendulum/unified_mechanism_v2/paired_layer_control/large_seed3407/long_common_scan/B/videos/B_113/location_29.mp4,True,1.0,0,2.1654095942864036,0.016863502749160153,2.1767833390469935,208.5,True,True,blue,circle,0.03020858409688933,0.001268091858569287,0.023363874312261886,True,1.0,1.151685393258427
B_113,low,113,0,30,after block 29,29,2.4208730051383305,2.436125,5.884875,5.8732500000000005,0.003370786516853803,False,runs/pendulum/unified_mechanism_v2/paired_layer_control/large_seed3407/long_common_scan/B/videos/B_113/location_30.mp4,True,1.0,0,2.4935292787629657,0.018332550806029385,2.3215564339017045,208.0,True,True,blue,circle,0.0330569337153728,-0.0005372358555466109,0.02384534908170172,True,1.0,-0.0
B_120,low,120,0,0,embedding output,,2.7228395013924502,2.7190000000000003,6.047625,2.7190000000000003,1.0,True,runs/pendulum/unified_mechanism_v2/paired_layer_control/large_seed3407/long_common_scan/B/videos/B_120/location_00.mp4,True,0.984375,1,1.0915427719726558,0.0011556686851867948,0.454286734800161,191.0,True,True,red,circle,0.1375748766252019,4.99131654596762e-05,0.0028244577204897007,True,0.984375,1.0
B_120,low,120,0,1,after block 0,0,2.7228395013924502,2.7190000000000003,6.047625,2.722875,0.9988358556461001,True,runs/pendulum/unified_mechanism_v2/paired_layer_control/large_seed3407/long_common_scan/B/videos/B_120/location_01.mp4,True,1.0,0,4.0586357061653,0.0011210030876087629,4.03955320393588,191.5,True,True,red,circle,0.13533023179865658,-0.001123696357177089,0.010527734869246694,True,0.984375,1.0
B_120,low,120,0,2,after block 1,1,2.7228395013924502,2.7190000000000003,6.047625,2.7190000000000003,1.0,True,runs/pendulum/unified_mechanism_v2/paired_layer_control/large_seed3407/long_common_scan/B/videos/B_120/location_02.mp4,True,0.984375,1,1.15222120684742,0.0010351311686094822,0.49875904617043326,190.0,True,True,red,circle,0.13815133475352823,-8.789679118958313e-05,0.00297521087983378,True,0.984375,1.0011641443538999
B_120,low,120,0,3,after block 2,2,2.7228395013924502,2.7190000000000003,6.047625,2.7190000000000003,1.0,True,runs/pendulum/unified_mechanism_v2/paired_layer_control/large_seed3407/long_common_scan/B/videos/B_120/location_03.mp4,True,0.984375,1,1.1128338980288512,0.0011853344069363003,0.49875904617043326,190.0,True,True,red,circle,0.13779611440027062,4.295171388996944e-05,0.0030135037169019088,True,0.984375,1.0011641443538999
B_120,low,120,0,4,after block 3,3,2.7228395013924502,2.7190000000000003,6.047625,2.7190000000000003,1.0,True,runs/pendulum/unified_mechanism_v2/paired_layer_control/large_seed3407/long_common_scan/B/videos/B_120/location_04.mp4,True,0.984375,1,1.1687016546957587,0.001038230487897196,0.5201228018457519,189.0,True,True,red,circle,0.13821794664992704,0.000516118557870661,0.0028946962967237996,True,0.984375,1.0011641443538999
B_120,low,120,0,5,after block 4,4,2.7228395013924502,2.7190000000000003,6.047625,2.7190000000000003,1.0,True,runs/pendulum/unified_mechanism_v2/paired_layer_control/large_seed3407/long_common_scan/B/videos/B_120/location_05.mp4,True,0.984375,1,1.1687016546957587,0.0012364684519728386,0.5201228018457519,188.0,True,True,red,circle,0.1383886526297506,0.0005125721216876325,0.002857070170310106,True,0.984375,1.0011641443538999
B_120,low,120,0,6,after block 5,5,2.7228395013924502,2.7190000000000003,6.047625,2.707375,1.0034924330616999,True,runs/pendulum/unified_mechanism_v2/paired_layer_control/large_seed3407/long_common_scan/B/videos/B_120/location_06.mp4,True,0.984375,1,1.1374291051659016,0.0012244176163344056,0.6167551071851727,184.0,True,True,red,circle,0.13929354518753478,-0.0013241146686379884,0.0031716174692503103,True,0.984375,1.0034924330616999
B_120,low,120,0,7,after block 6,6,2.7228395013924502,2.7190000000000003,6.047625,2.707375,1.0034924330616999,True,runs/pendulum/unified_mechanism_v2/paired_layer_control/large_seed3407/long_common_scan/B/videos/B_120/location_07.mp4,True,0.984375,1,1.1180198738521958,0.0011820217573054181,0.5892812256476874,182.0,True,True,red,circle,0.13942063076571717,-0.0019288600454066152,0.003438544012979982,True,0.984375,1.0046565774155995
B_120,low,120,0,8,after block 7,7,2.7228395013924502,2.7190000000000003,6.047625,2.7035,1.0046565774155995,True,runs/pendulum/unified_mechanism_v2/paired_layer_control/large_seed3407/long_common_scan/B/videos/B_120/location_08.mp4,True,0.984375,1,1.191985035141751,0.001507398538551863,0.7956633422700874,179.0,True,True,red,circle,0.1401378564649792,-0.0031296630993526346,0.003533401735454991,True,0.984375,1.009313154831199
B_120,low,120,0,9,after block 8,8,2.7228395013924502,2.7190000000000003,6.047625,2.707375,1.0034924330616999,True,runs/pendulum/unified_mechanism_v2/paired_layer_control/large_seed3407/long_common_scan/B/videos/B_120/location_09.mp4,True,0.984375,1,1.2623372134934898,0.001629772948748387,0.8746772219293767,179.0,True,True,red,circle,0.1396554673262939,-0.0030860555704408667,0.0038958271773952024,True,0.984375,1.009313154831199
B_120,low,120,0,10,after block 9,9,2.7228395013924502,2.7190000000000003,6.047625,2.6957500000000003,1.0069848661233993,True,runs/pendulum/unified_mechanism_v2/paired_layer_control/large_seed3407/long_common_scan/B/videos/B_120/location_10.mp4,True,0.984375,1,1.2707333217664127,0.001805248734522924,0.9761292533743016,175.0,True,True,red,circle,0.13659188101805259,-0.004088190366260952,0.003908046762087812,True,0.984375,1.0267753201396974
B_120,low,120,0,11,after block 10,10,2.7228395013924502,2.7190000000000003,6.047625,2.6027500000000003,1.0349243306169964,True,runs/pendulum/unified_mechanism_v2/paired_layer_control/large_seed3407/long_common_scan/B/videos/B_120/location_11.mp4,True,1.0,0,14.55493572112752,0.08146938263611889,0.15655002949556113,43.0,True,True,blue,circle,0.09039645188252995,0.05146540707520115,0.012414436609076577,False,0.390625,1.019790454016298
B_120,low,120,0,12,after block 11,11,2.7228395013924502,2.7190000000000003,6.047625,2.7151250000000005,1.0011641443538999,False,runs/pendulum/unified_mechanism_v2/paired_layer_control/large_seed3407/long_common_scan/B/videos/B_120/location_12.mp4,True,1.0,0,4.851259287528245,0.029251220436626785,0.2667068451877264,144.0,True,True,blue,circle,0.11405690194910642,0.017445291016884582,0.01657743854490862,False,0.03125,nan
B_120,low,120,0,13,after block 12,12,2.7228395013924502,2.7190000000000003,6.047625,2.68025,1.0116414435389989,False,runs/pendulum/unified_mechanism_v2/paired_layer_control/large_seed3407/long_common_scan/B/videos/B_120/location_13.mp4,True,1.0,0,4.044442848504456,0.018730446228917008,0.2999595139839444,175.0,True,True,blue,circle,0.1202159869407798,0.0037613020731206265,0.006487442386077622,False,0.09375,-0.0838183934807916
B_120,low,120,0,14,after block 13,13,2.7228395013924502,2.7190000000000003,6.047625,2.688,1.009313154831199,False,runs/pendulum/unified_mechanism_v2/paired_layer_control/large_seed3407/long_common_scan/B/videos/B_120/location_14.mp4,True,1.0,0,4.595314488995297,0.016133913350577928,0.32903363383205647,177.5,True,True,blue,circle,0.11613770855999042,0.0037210905756747997,0.007128921814580227,False,0.4375,0.9243306169965075
B_120,low,120,0,15,after block 14,14,2.7228395013924502,2.7190000000000003,6.047625,2.63375,1.0256111757857975,False,runs/pendulum/unified_mechanism_v2/paired_layer_control/large_seed3407/long_common_scan/B/videos/B_120/location_15.mp4,True,1.0,0,3.016858822463776,0.01862563610517301,0.6768044195989706,179.0,True,True,blue,circle,0.11027927841629837,0.001359239659250549,0.009673117225009341,True,0.96875,1.0023282887077998
B_120,low,120,0,16,after block 15,15,2.7228395013924502,2.7190000000000003,6.047625,2.6221250000000005,1.029103608847497,False,runs/pendulum/unified_mechanism_v2/paired_layer_control/large_seed3407/long_common_scan/B/videos/B_120/location_16.mp4,True,1.0,0,2.516566560797709,0.01766321072282978,0.6938856662342697,179.0,True,True,blue,circle,0.10658273222105054,0.0006494540410602924,0.011448900109960445,True,0.96875,1.0034924330616999
B_120,low,120,0,17,after block 16,16,2.7228395013924502,2.7190000000000003,6.047625,2.5795000000000003,1.0419091967403957,False,runs/pendulum/unified_mechanism_v2/paired_layer_control/large_seed3407/long_common_scan/B/videos/B_120/location_17.mp4,True,1.0,0,2.686256884341009,0.01729477119857392,0.657392286116569,188.0,True,True,blue,circle,0.10289932340036832,0.0017753863459229107,0.012194635061713477,True,1.0,1.0419091967403957
B_120,low,120,0,18,after block 17,17,2.7228395013924502,2.7190000000000003,6.047625,2.583375,1.040745052386496,False,runs/pendulum/unified_mechanism_v2/paired_layer_control/large_seed3407/long_common_scan/B/videos/B_120/location_18.mp4,True,1.0,0,3.164145224111575,0.019785028242869263,0.7276972055082334,187.5,True,True,blue,circle,0.09641993335646391,-1.72701949343439e-05,0.016034518297766368,True,1.0,1.040745052386496
B_120,low,120,0,19,after block 18,18,2.7228395013924502,2.7190000000000003,6.047625,2.567875,1.0454016298020956,False,runs/pendulum/unified_mechanism_v2/paired_layer_control/large_seed3407/long_common_scan/B/videos/B_120/location_19.mp4,True,1.0,0,3.126618214901826,0.0185204916023175,1.68600916629069,192.0,True,True,blue,circle,0.09132930141714336,0.0006035508570713948,0.02016869152675658,True,1.0,1.0454016298020956
B_120,low,120,0,20,after block 19,19,2.7228395013924502,2.7190000000000003,6.047625,2.52525,1.0582072176949942,False,runs/pendulum/unified_mechanism_v2/paired_layer_control/large_seed3407/long_common_scan/B/videos/B_120/location_20.mp4,True,1.0,0,3.768231047046385,0.021563020160126983,1.4682439014578175,198.0,True,True,blue,circle,0.07827244262264857,0.005591292781203376,0.027965633982657927,True,1.0,1.060535506402794
B_120,low,120,0,21,after block 20,20,2.7228395013924502,2.7190000000000003,6.047625,2.44775,1.081490104772992,False,runs/pendulum/unified_mechanism_v2/paired_layer_control/large_seed3407/long_common_scan/B/videos/B_120/location_21.mp4,True,1.0,0,3.521006846644099,0.02008742703431937,1.2045027298251945,201.5,True,True,blue,circle,0.07509620151102858,0.007237711057695427,0.03307153038176935,True,1.0,1.0849825378346916
B_120,low,120,0,22,after block 21,21,2.7228395013924502,2.7190000000000003,6.047625,2.3276250000000003,1.1175785797438882,False,runs/pendulum/unified_mechanism_v2/paired_layer_control/large_seed3407/long_common_scan/B/videos/B_120/location_22.mp4,True,1.0,0,3.662305329189772,0.02166267107325842,2.1870098775804316,198.5,True,True,blue,circle,0.06545116867007693,0.004928279501826995,0.03616202313805902,True,1.0,1.122235157159488
B_120,low,120,0,23,after block 22,22,2.7228395013924502,2.7190000000000003,6.047625,1.8393750000000002,1.2642607683352736,False,runs/pendulum/unified_mechanism_v2/paired_layer_control/large_seed3407/long_common_scan/B/videos/B_120/location_23.mp4,True,1.0,0,2.2693473788802825,0.01990252978150192,2.982596493549167,198.0,True,True,blue,circle,0.05746499362236825,0.015509810264065851,0.04200125522265423,True,1.0,1.271245634458673
B_120,low,120,0,24,after block 23,23,2.7228395013924502,2.7190000000000003,6.047625,1.3278750000000001,1.4179278230500583,False,runs/pendulum/unified_mechanism_v2/paired_layer_control/large_seed3407/long_common_scan/B/videos/B_120/location_24.mp4,True,1.0,0,2.8375354236605945,0.020516565602070325,2.8871488481387795,206.0,True,True,blue,circle,0.08039883199386663,0.04404285263289306,0.04376760345517965,True,1.0,1.3946449359720605
B_120,low,120,0,25,after block 24,24,2.7228395013924502,2.7190000000000003,6.047625,6.13675,-0.02677532013969736,False,runs/pendulum/unified_mechanism_v2/paired_layer_control/large_seed3407/long_common_scan/B/videos/B_120/location_25.mp4,True,1.0,0,2.811741537481333,0.020223008196136205,2.9222229099525294,206.0,True,True,blue,circle,0.05730550661463684,0.009853358547901906,0.043260570566830414,True,1.0,-0.0209545983701979
B_120,low,120,0,26,after block 25,25,2.7228395013924502,2.7190000000000003,6.047625,6.132875,-0.02561117578579752,False,runs/pendulum/unified_mechanism_v2/paired_layer_control/large_seed3407/long_common_scan/B/videos/B_120/location_26.mp4,True,1.0,0,2.9729407458328265,0.019542306953885452,3.375618010864414,209.5,True,True,blue,circle,0.056964249298119427,0.010679087929931172,0.042248428365399236,True,1.0,-0.0209545983701979
B_120,low,120,0,27,after block 26,26,2.7228395013924502,2.7190000000000003,6.047625,6.1057500000000005,-0.017462165308498385,False,runs/pendulum/unified_mechanism_v2/paired_layer_control/large_seed3407/long_common_scan/B/videos/B_120/location_27.mp4,True,1.0,0,2.8442820748125155,0.020380436503498883,3.629274004120012,210.0,True,True,blue,circle,0.058675466015604395,0.010869065790461194,0.04227137906582846,True,1.0,-0.01629802095459828
B_120,low,120,0,28,after block 27,27,2.7228395013924502,2.7190000000000003,6.047625,6.078625,-0.009313154831198978,False,runs/pendulum/unified_mechanism_v2/paired_layer_control/large_seed3407/long_common_scan/B/videos/B_120/location_28.mp4,True,1.0,0,2.571571464916403,0.019047152864380745,3.423029688364607,210.0,True,True,blue,circle,0.06152500632527041,0.010120333302357514,0.04266989255583266,True,1.0,-0.00814901047729914
B_120,low,120,0,29,after block 28,28,2.7228395013924502,2.7190000000000003,6.047625,6.07475,-0.00814901047729914,False,runs/pendulum/unified_mechanism_v2/paired_layer_control/large_seed3407/long_common_scan/B/videos/B_120/location_29.mp4,True,1.0,0,2.701453761499106,0.018956480007665644,3.4294813947039544,209.5,True,True,blue,circle,0.062181560323732094,0.010041880093563238,0.042447616584520134,True,1.0,-0.0069848661233993
B_120,low,120,0,30,after block 29,29,2.7228395013924502,2.7190000000000003,6.047625,6.047625,-0.0,False,runs/pendulum/unified_mechanism_v2/paired_layer_control/large_seed3407/long_common_scan/B/videos/B_120/location_30.mp4,True,1.0,0,2.681648533010117,0.018710304326208016,3.8040104126052308,208.0,True,True,blue,circle,0.0669899320245156,0.010686045256477197,0.04275378234907786,True,1.0,-0.0
B_134,low,134,0,0,embedding output,,2.436730943935343,2.4167500000000004,5.822875,2.4245,0.9977246871444825,True,runs/pendulum/unified_mechanism_v2/paired_layer_control/large_seed3407/long_common_scan/B/videos/B_134/location_00.mp4,True,1.0,0,1.015801244250726,0.0014368840366397184,0.07529147723478181,192.0,True,True,red,circle,0.11281934443119368,-5.961924178308637e-05,0.002663304148062265,True,0.984375,1.0
B_134,low,134,0,1,after block 0,0,2.436730943935343,2.4167500000000004,5.822875,2.4206250000000002,0.9988623435722412,True,runs/pendulum/unified_mechanism_v2/paired_layer_control/large_seed3407/long_common_scan/B/videos/B_134/location_01.mp4,True,1.0,0,1.0357294067029679,0.0014480782598596253,0.16468680308951103,191.5,True,True,red,circle,0.11297346470088779,-0.00016565569463630888,0.0027283459726209977,True,0.984375,1.0
B_134,low,134,0,2,after block 1,1,2.436730943935343,2.4167500000000004,5.822875,2.428375,0.9965870307167237,True,runs/pendulum/unified_mechanism_v2/paired_layer_control/large_seed3407/long_common_scan/B/videos/B_134/location_02.mp4,True,1.0,0,1.4097061708245087,0.0013618791059511748,0.414328492052316,190.0,True,True,red,circle,0.1135208316323232,-0.0005000517174305794,0.003262719586783685,True,0.984375,1.0
B_134,low,134,0,3,after block 2,2,2.436730943935343,2.4167500000000004,5.822875,2.4245,0.9977246871444825,True,runs/pendulum/unified_mechanism_v2/paired_layer_control/large_seed3407/long_common_scan/B/videos/B_134/location_03.mp4,True,1.0,0,1.295530913711246,0.0013366925645180994,0.385957293643496,189.5,True,True,red,circle,0.11343285934096464,-0.0003685738996864865,0.0030320096718403325,True,0.984375,1.0
B_134,low,134,0,4,after block 3,3,2.436730943935343,2.4167500000000004,5.822875,2.4245,0.9977246871444825,True,runs/pendulum/unified_mechanism_v2/paired_layer_control/large_seed3407/long_common_scan/B/videos/B_134/location_04.mp4,True,1.0,0,1.17053988615691,0.0014064029606729866,0.2882872971589273,188.0,True,True,red,circle,0.11384967622362231,5.568235398232223e-05,0.0028668770965186658,True,0.984375,0.9988623435722412
B_134,low,134,0,5,after block 4,4,2.436730943935343,2.4167500000000004,5.822875,2.4245,0.9977246871444825,True,runs/pendulum/unified_mechanism_v2/paired_layer_control/large_seed3407/long_common_scan/B/videos/B_134/location_05.mp4,True,1.0,0,1.1730881172900092,0.001386902737648632,0.1538171268266129,188.0,True,True,red,circle,0.11375102714933454,-1.3060636729898281e-06,0.002881049469583951,True,0.984375,0.9988623435722412
B_134,low,134,0,6,after block 5,5,2.436730943935343,2.4167500000000004,5.822875,2.4167500000000004,1.0,True,runs/pendulum/unified_mechanism_v2/paired_layer_control/large_seed3407/long_common_scan/B/videos/B_134/location_06.mp4,True,0.984375,1,0.8185918899077544,0.001302330597574286,1.1701297966307684,184.0,True,True,red,circle,0.11546829529262354,-0.00062576975845507,0.002795005279701566,True,0.984375,0.9965870307167237
B_134,low,134,0,7,after block 6,6,2.436730943935343,2.4167500000000004,5.822875,2.412875,1.001137656427759,True,runs/pendulum/unified_mechanism_v2/paired_layer_control/large_seed3407/long_common_scan/B/videos/B_134/location_07.mp4,True,0.984375,1,0.79387454561235,0.0014078940241484261,1.0943154981176495,182.0,True,True,red,circle,0.11561575985499234,-0.0019103448790701188,0.002912878272930854,True,0.984375,0.9965870307167237
B_134,low,134,0,8,after block 7,7,2.436730943935343,2.4167500000000004,5.822875,2.4167500000000004,1.0,True,runs/pendulum/unified_mechanism_v2/paired_layer_control/large_seed3407/long_common_scan/B/videos/B_134/location_08.mp4,True,0.984375,1,0.8161191296999886,0.0014721401104431653,1.1203618290408466,180.0,True,True,red,circle,0.11684245682858113,-0.0032291681324356247,0.0036526539715459423,True,0.984375,0.994311717861206
B_134,low,134,0,9,after block 8,8,2.436730943935343,2.4167500000000004,5.822875,2.428375,0.9965870307167237,True,runs/pendulum/unified_mechanism_v2/paired_layer_control/large_seed3407/long_common_scan/B/videos/B_134/location_09.mp4,True,0.984375,1,0.8296254309560144,0.0015510261028681138,0.9516026617974624,179.0,True,True,red,circle,0.11688480747020671,-0.0032832129952910165,0.0038353208788990275,True,0.984375,0.9931740614334471
B_134,low,134,0,10,after block 9,9,2.436730943935343,2.4167500000000004,5.822875,2.4167500000000004,1.0,True,runs/pendulum/unified_mechanism_v2/paired_layer_control/large_seed3407/long_common_scan/B/videos/B_134/location_10.mp4,True,0.984375,1,0.8353415712776394,0.001409979351674251,1.0968114790639754,176.0,True,True,red,circle,0.11360502509829191,-0.004235730271381636,0.003368197563987043,True,0.984375,0.9931740614334471
B_134,low,134,0,11,after block 10,10,2.436730943935343,2.4167500000000004,5.822875,2.4090000000000003,1.0022753128555177,True,runs/pendulum/unified_mechanism_v2/paired_layer_control/large_seed3407/long_common_scan/B/videos/B_134/location_11.mp4,True,0.984375,1,0.9653556970637258,0.002014850373990962,0.9340352329517907,167.0,True,True,red,circle,0.11420892094412328,-0.005013118126424521,0.0037439977147160444,False,0.359375,1.0921501706484642
B_134,low,134,0,12,after block 11,11,2.436730943935343,2.4167500000000004,5.822875,2.3237500000000004,1.0273037542662116,False,runs/pendulum/unified_mechanism_v2/paired_layer_control/large_seed3407/long_common_scan/B/videos/B_134/location_12.mp4,True,1.0,0,6.581972578184205,0.03272588161640644,3.0339384119200163,134.0,True,True,blue,circle,0.10102664089853404,0.021862593504844305,0.016186367011830963,False,0.015625,nan
B_134,low,134,0,13,after block 12,12,2.436730943935343,2.4167500000000004,5.822875,2.3702500000000004,1.0136518771331058,False,runs/pendulum/unified_mechanism_v2/paired_layer_control/large_seed3407/long_common_scan/B/videos/B_134/location_13.mp4,True,1.0,0,3.3880996032306836,0.022573831254988685,3.1248627953517394,173.5,True,True,blue,circle,0.10103004138359263,0.003752497207064793,0.00680282546654754,False,0.09375,0.9362912400455063
B_134,low,134,0,14,after block 13,13,2.436730943935343,2.4167500000000004,5.822875,2.389625,1.0079635949943118,False,runs/pendulum/unified_mechanism_v2/paired_layer_control/large_seed3407/long_common_scan/B/videos/B_134/location_14.mp4,True,1.0,0,2.486367594350211,0.018984266493891733,3.200001774168723,179.5,True,True,blue,circle,0.09368020711285033,0.0028808643140748854,0.007718135111525056,False,0.390625,0.9726962457337884
B_134,low,134,0,15,after block 14,14,2.436730943935343,2.4167500000000004,5.822875,2.4090000000000003,1.0022753128555177,False,runs/pendulum/unified_mechanism_v2/paired_layer_control/large_seed3407/long_common_scan/B/videos/B_134/location_15.mp4,True,1.0,0,2.918139448953066,0.01859518734193938,2.6364629987675863,177.5,True,True,blue,circle,0.08694013523170441,-0.0014630675935482934,0.009958147459285084,False,0.78125,0.9863481228668942
B_134,low,134,0,16,after block 15,15,2.436730943935343,2.4167500000000004,5.822875,2.4090000000000003,1.0022753128555177,False,runs/pendulum/unified_mechanism_v2/paired_layer_control/large_seed3407/long_common_scan/B/videos/B_134/location_16.mp4,True,1.0,0,3.096494523236164,0.019200116861439548,2.842395262009279,178.5,True,True,blue,circle,0.08526375763932191,-0.0022018381316704946,0.010488920722427434,False,0.796875,0.9897610921501708
B_134,low,134,0,17,after block 16,16,2.436730943935343,2.4167500000000004,5.822875,2.4245,0.9977246871444825,False,runs/pendulum/unified_mechanism_v2/paired_layer_control/large_seed3407/long_common_scan/B/videos/B_134/location_17.mp4,True,1.0,0,2.4394928344586204,0.01773083231127201,2.657490875180589,188.5,True,True,blue,circle,0.07969330085308622,-0.002140835042257437,0.010510198153258783,True,1.0,1.0022753128555177
B_134,low,134,0,18,after block 17,17,2.436730943935343,2.4167500000000004,5.822875,2.4090000000000003,1.0022753128555177,False,runs/pendulum/unified_mechanism_v2/paired_layer_control/large_seed3407/long_common_scan/B/videos/B_134/location_18.mp4,True,1.0,0,2.5239620078479734,0.018419688127735923,2.5139253132297195,189.0,True,True,blue,circle,0.07494541777506249,-0.003398423437139798,0.012083388147171314,True,1.0,1.005688282138794
B_134,low,134,0,19,after block 18,18,2.436730943935343,2.4167500000000004,5.822875,2.3935000000000004,1.006825938566553,False,runs/pendulum/unified_mechanism_v2/paired_layer_control/large_seed3407/long_common_scan/B/videos/B_134/location_19.mp4,True,1.0,0,2.3066506652809067,0.01955839137489751,2.5139253132297195,193.5,True,True,blue,circle,0.07010949483278668,-0.0027124038146149943,0.013993176152899524,True,1.0,1.0147895335608648
B_134,low,134,0,20,after block 19,19,2.436730943935343,2.4167500000000004,5.822875,2.343125,1.0216154721274175,False,runs/pendulum/unified_mechanism_v2/paired_layer_control/large_seed3407/long_common_scan/B/videos/B_134/location_20.mp4,True,1.0,0,1.9329301516172892,0.020816645865232353,2.7405656099052744,198.0,True,True,blue,circle,0.06065557137714716,0.0018760492187734296,0.01838169169807435,True,1.0,1.0227531285551763
B_134,low,134,0,21,after block 20,20,2.436730943935343,2.4167500000000004,5.822875,2.335375,1.0238907849829353,False,runs/pendulum/unified_mechanism_v2/paired_layer_control/large_seed3407/long_common_scan/B/videos/B_134/location_21.mp4,True,1.0,0,2.1875448728952596,0.01989405870089514,2.440361215209351,202.0,True,True,blue,circle,0.05910722480712996,0.0016108854669785921,0.020650605769467846,True,1.0,1.0204778156996588
B_134,low,134,0,22,after block 21,21,2.436730943935343,2.4167500000000004,5.822875,2.2695,1.0432309442548353,False,runs/pendulum/unified_mechanism_v2/paired_layer_control/large_seed3407/long_common_scan/B/videos/B_134/location_22.mp4,True,1.0,0,4.380859334675062,0.019718250026549505,2.547181471131926,200.0,True,True,blue,circle,0.04991862897165268,-0.0020626535740955318,0.022652861151382098,True,1.0,1.0386803185437998
B_134,low,134,0,23,after block 22,22,2.436730943935343,2.4167500000000004,5.822875,2.0718750000000004,1.1012514220705347,False,runs/pendulum/unified_mechanism_v2/paired_layer_control/large_seed3407/long_common_scan/B/videos/B_134/location_23.mp4,True,1.0,0,4.641405553583663,0.019070153972115755,1.6991654564400704,201.0,True,True,blue,circle,0.04107022731788635,0.000766746657947454,0.02548299954561807,True,1.0,1.0830489192263937
B_134,low,134,0,24,after block 23,23,2.436730943935343,2.4167500000000004,5.822875,2.0253750000000004,1.1149032992036405,False,runs/pendulum/unified_mechanism_v2/paired_layer_control/large_seed3407/long_common_scan/B/videos/B_134/location_24.mp4,True,1.0,0,3.121240288785787,0.01854685443531462,1.2460306082397874,206.0,True,True,blue,circle,0.03662465811597955,0.001457831090739715,0.027261799045123086,True,1.0,1.0910125142207054
B_134,low,134,0,25,after block 24,24,2.436730943935343,2.4167500000000004,5.822875,2.068,1.1023890784982937,False,runs/pendulum/unified_mechanism_v2/paired_layer_control/large_seed3407/long_common_scan/B/videos/B_134/location_25.mp4,True,1.0,0,3.249860949411176,0.01826038257374832,0.4139736996832343,209.0,True,True,blue,circle,0.03519270692831237,-0.0011981074891387882,0.026970154949312104,True,1.0,1.0921501706484642
B_134,low,134,0,26,after block 25,25,2.436730943935343,2.4167500000000004,5.822875,2.110625,1.0898748577929467,False,runs/pendulum/unified_mechanism_v2/paired_layer_control/large_seed3407/long_common_scan/B/videos/B_134/location_26.mp4,True,1.0,0,3.090513384784977,0.01756298794841943,0.683854203024495,211.0,True,True,blue,circle,0.03368109408916197,-0.00041903398946848894,0.026660918852291233,True,1.0,1.0773606370875997
B_134,low,134,0,27,after block 26,26,2.436730943935343,2.4167500000000004,5.822875,5.8345,-0.0034129692832765807,False,runs/pendulum/unified_mechanism_v2/paired_layer_control/large_seed3407/long_common_scan/B/videos/B_134/location_27.mp4,True,1.0,0,2.6563571240237,0.01680484732171955,0.623338400659775,212.0,True,True,blue,circle,0.03445882587387984,0.0011012524155499224,0.02703566547320723,True,1.0,1.069397042093288
B_134,low,134,0,28,after block 27,27,2.436730943935343,2.4167500000000004,5.822875,5.84225,-0.005688282138794127,False,runs/pendulum/unified_mechanism_v2/paired_layer_control/large_seed3407/long_common_scan/B/videos/B_134/location_28.mp4,True,1.0,0,2.3057237755568885,0.01756524909923393,0.3319081505429631,212.0,True,True,blue,circle,0.03547068488430064,1.4702546516337935e-05,0.026238254047967043,True,1.0,-0.0
B_134,low,134,0,29,after block 28,28,2.436730943935343,2.4167500000000004,5.822875,5.8345,-0.0034129692832765807,False,runs/pendulum/unified_mechanism_v2/paired_layer_control/large_seed3407/long_common_scan/B/videos/B_134/location_29.mp4,True,1.0,0,2.3016380455089545,0.016812271692808134,0.5392074749767433,209.0,True,True,blue,circle,0.03623770339607199,-0.0006584315708224936,0.025955636708952075,True,1.0,-0.0
B_134,low,134,0,30,after block 29,29,2.436730943935343,2.4167500000000004,5.822875,5.84225,-0.005688282138794127,False,runs/pendulum/unified_mechanism_v2/paired_layer_control/large_seed3407/long_common_scan/B/videos/B_134/location_30.mp4,True,1.0,0,3.169716946221285,0.017330308084660795,0.5128169286198899,209.5,True,True,blue,circle,0.03999144093623159,-0.0003869885169768707,0.026487732075255028,True,1.0,-0.0
B_150,low,150,0,0,embedding output,,2.8798234353759016,2.8933750000000003,5.53225,2.8933750000000003,1.0,True,runs/pendulum/unified_mechanism_v2/paired_layer_control/large_seed3407/long_common_scan/B/videos/B_150/location_00.mp4,True,1.0,0,1.3323040051511095,0.0010172884158044238,0.760970929518763,192.0,True,True,red,circle,0.15770691801230555,5.787028641089694e-06,0.0032291511144277927,True,0.984375,1.0
B_150,low,150,0,1,after block 0,0,2.8798234353759016,2.8933750000000003,5.53225,2.8933750000000003,1.0,True,runs/pendulum/unified_mechanism_v2/paired_layer_control/large_seed3407/long_common_scan/B/videos/B_150/location_01.mp4,True,1.0,0,1.3052619378308548,0.0009233620676175058,0.7487872979585551,191.0,True,True,red,circle,0.15798431776885866,5.4143245691719134e-06,0.00308947994600096,True,0.984375,1.0
B_150,low,150,0,2,after block 1,1,2.8798234353759016,2.8933750000000003,5.53225,2.8895,1.0014684287812041,True,runs/pendulum/unified_mechanism_v2/paired_layer_control/large_seed3407/long_common_scan/B/videos/B_150/location_02.mp4,True,1.0,0,1.295180175422345,0.0009150704884375305,0.752159191414776,190.0,True,True,red,circle,0.15908117451811177,-0.0001889841132310302,0.0032628445404891035,True,0.984375,1.0014684287812041
B_150,low,150,0,3,after block 2,2,2.8798234353759016,2.8933750000000003,5.53225,2.885625,1.0029368575624082,True,runs/pendulum/unified_mechanism_v2/paired_layer_control/large_seed3407/long_common_scan/B/videos/B_150/location_03.mp4,True,1.0,0,1.3893703988199007,0.0009356418655744325,0.7322981118928852,190.0,True,True,red,circle,0.1590806515605558,-9.081971268780164e-05,0.0035041841036197083,True,0.984375,1.0029368575624082
B_150,low,150,0,4,after block 3,3,2.8798234353759016,2.8933750000000003,5.53225,2.885625,1.0029368575624082,True,runs/pendulum/unified_mechanism_v2/paired_layer_control/large_seed3407/long_common_scan/B/videos/B_150/location_04.mp4,True,1.0,0,1.4076085764911197,0.0008761452771545719,0.6525990227247775,188.5,True,True,red,circle,0.15951905460114124,0.0002824986313430705,0.003648437557710805,True,0.984375,1.0029368575624082
B_150,low,150,0,5,after block 4,4,2.8798234353759016,2.8933750000000003,5.53225,2.885625,1.0029368575624082,True,runs/pendulum/unified_mechanism_v2/paired_layer_control/large_seed3407/long_common_scan/B/videos/B_150/location_05.mp4,True,1.0,0,1.421634186887849,0.0008844040850042034,0.5572305628385246,188.0,True,True,red,circle,0.15958211781576648,0.00036828000278369365,0.003651299802481491,True,0.984375,1.0029368575624082
B_150,low,150,0,6,after block 5,5,2.8798234353759016,2.8933750000000003,5.53225,2.874,1.0073421439060206,True,runs/pendulum/unified_mechanism_v2/paired_layer_control/large_seed3407/long_common_scan/B/videos/B_150/location_06.mp4,True,1.0,0,1.423083204891641,0.0010430421258704192,0.470642423721495,182.0,True,True,red,circle,0.1611387379066196,-0.0013957376406118836,0.004342930435423333,True,0.984375,1.0102790014684289
B_150,low,150,0,7,after block 6,6,2.8798234353759016,2.8933750000000003,5.53225,2.8701250000000003,1.0088105726872247,True,runs/pendulum/unified_mechanism_v2/paired_layer_control/large_seed3407/long_common_scan/B/videos/B_150/location_07.mp4,True,1.0,0,1.4039835328570152,0.0009976588139145592,0.5219485197401211,180.0,True,True,red,circle,0.16072578237729046,-0.002165271415740371,0.004665774048470451,True,0.984375,1.0102790014684289
B_150,low,150,0,8,after block 7,7,2.8798234353759016,2.8933750000000003,5.53225,2.862375,1.011747430249633,True,runs/pendulum/unified_mechanism_v2/paired_layer_control/large_seed3407/long_common_scan/B/videos/B_150/location_08.mp4,True,1.0,0,2.10100341674175,0.0008293439975292916,1.5739380708460007,179.0,True,True,red,circle,0.16135620747832383,-0.0028392527496818223,0.005066231422664434,True,0.984375,1.0102790014684289
B_150,low,150,0,9,after block 8,8,2.8798234353759016,2.8933750000000003,5.53225,2.874,1.0073421439060206,True,runs/pendulum/unified_mechanism_v2/paired_layer_control/large_seed3407/long_common_scan/B/videos/B_150/location_09.mp4,True,1.0,0,2.948225473912245,0.0009411123169915936,2.202415863477099,179.0,True,True,red,circle,0.1608796571714969,-0.0028398270822386808,0.006614925051458759,True,0.984375,1.0088105726872247
B_150,low,150,0,10,after block 9,9,2.8798234353759016,2.8933750000000003,5.53225,2.8468750000000003,1.0176211453744493,True,runs/pendulum/unified_mechanism_v2/paired_layer_control/large_seed3407/long_common_scan/B/videos/B_150/location_10.mp4,True,0.984375,1,1.2952123244652916,0.0009890039905969816,1.5548641988402991,177.0,True,True,red,circle,0.15790714096256797,-0.003086145532986847,0.006074332847370702,True,0.984375,1.013215859030837
B_150,low,150,0,11,after block 10,10,2.8798234353759016,2.8933750000000003,5.53225,2.839125,1.0205580029368577,True,runs/pendulum/unified_mechanism_v2/paired_layer_control/large_seed3407/long_common_scan/B/videos/B_150/location_11.mp4,True,0.984375,1,1.558350809104261,0.0012700812741556766,2.1417956911446154,167.0,True,True,red,circle,0.15801214693745766,-0.005299214233120861,0.007088698773965237,False,0.453125,0.9530102790014684
B_150,low,150,0,12,after block 11,11,2.8798234353759016,2.8933750000000003,5.53225,2.8120000000000003,1.0308370044052864,False,runs/pendulum/unified_mechanism_v2/paired_layer_control/large_seed3407/long_common_scan/B/videos/B_150/location_12.mp4,True,1.0,0,9.720920940527803,0.02893415251993703,2.4643605435840814,148.0,True,True,blue,circle,0.13811847015121068,0.00877339267129757,0.014059177039165061,False,0.015625,nan
B_150,low,150,0,13,after block 12,12,2.8798234353759016,2.8933750000000003,5.53225,2.8275,1.0249632892804699,False,runs/pendulum/unified_mechanism_v2/paired_layer_control/large_seed3407/long_common_scan/B/videos/B_150/location_13.mp4,True,1.0,0,3.095796639911298,0.019151012739133444,2.273376616035961,180.5,True,True,blue,circle,0.14106668329094468,0.002277050123458076,0.008217050212069378,False,0.25,0.9911894273127754
B_150,low,150,0,14,after block 13,13,2.8798234353759016,2.8933750000000003,5.53225,2.862375,1.011747430249633,False,runs/pendulum/unified_mechanism_v2/paired_layer_control/large_seed3407/long_common_scan/B/videos/B_150/location_14.mp4,True,1.0,0,3.019134272254721,0.016736961958438767,1.9596084164449186,183.5,True,True,blue,circle,0.1344356824812248,0.0022360875979717987,0.008227803782417746,False,0.5625,1.0249632892804699
B_150,low,150,0,15,after block 14,14,2.8798234353759016,2.8933750000000003,5.53225,2.8275,1.0249632892804699,False,runs/pendulum/unified_mechanism_v2/paired_layer_control/large_seed3407/long_common_scan/B/videos/B_150/location_15.mp4,True,1.0,0,2.0900531958098423,0.018070809410826394,1.75949118795196,186.0,True,True,blue,circle,0.12682879508775846,-0.0018877937363794564,0.009751501680523956,True,0.96875,1.0499265785609397
B_150,low,150,0,16,after block 15,15,2.8798234353759016,2.8933750000000003,5.53225,2.8275,1.0249632892804699,False,runs/pendulum/unified_mechanism_v2/paired_layer_control/large_seed3407/long_common_scan/B/videos/B_150/location_16.mp4,True,1.0,0,2.7139003845980216,0.019857105521069313,1.084053185046771,190.0,True,True,blue,circle,0.12189428508749972,-0.0018205602745777602,0.011465461741673878,True,1.0,1.026431718061674
B_150,low,150,0,17,after block 16,16,2.8798234353759016,2.8933750000000003,5.53225,2.792625,1.038179148311307,False,runs/pendulum/unified_mechanism_v2/paired_layer_control/large_seed3407/long_common_scan/B/videos/B_150/location_17.mp4,True,1.0,0,2.4924988112478212,0.018913032796111034,0.9301675935181808,201.0,True,True,blue,circle,0.11688894366631736,-0.001905479141585449,0.01349761835914553,True,1.0,1.0352422907488987
B_150,low,150,0,18,after block 17,17,2.8798234353759016,2.8933750000000003,5.53225,2.7616250000000004,1.0499265785609397,False,runs/pendulum/unified_mechanism_v2/paired_layer_control/large_seed3407/long_common_scan/B/videos/B_150/location_18.mp4,True,1.0,0,2.3345768964715043,0.019560596562556126,1.1297559391021428,199.5,True,True,blue,circle,0.11128454803459013,-0.003934849815148153,0.015467522758101822,True,1.0,1.0469897209985317
B_150,low,150,0,19,after block 18,18,2.8798234353759016,2.8933750000000003,5.53225,2.7345,1.0602055800293686,False,runs/pendulum/unified_mechanism_v2/paired_layer_control/large_seed3407/long_common_scan/B/videos/B_150/location_19.mp4,True,1.0,0,2.5551568661540065,0.019242424701536587,1.1998128613411772,198.0,True,True,blue,circle,0.10633599656945317,-0.0047567488006910975,0.017276560361722353,True,1.0,1.0543318649045523
B_150,low,150,0,20,after block 19,19,2.8798234353759016,2.8933750000000003,5.53225,2.66475,1.0866372980910426,False,runs/pendulum/unified_mechanism_v2/paired_layer_control/large_seed3407/long_common_scan/B/videos/B_150/location_20.mp4,True,1.0,0,2.3664618612765254,0.01819174365628229,1.8118277681511417,207.0,True,True,blue,circle,0.08705436116837481,0.0031920951030671198,0.023238137714319835,True,1.0,1.0822320117474302
B_150,low,150,0,21,after block 20,20,2.8798234353759016,2.8933750000000003,5.53225,2.52525,1.1395007342143906,False,runs/pendulum/unified_mechanism_v2/paired_layer_control/large_seed3407/long_common_scan/B/videos/B_150/location_21.mp4,True,1.0,0,2.830187437199066,0.02088547839439664,2.040516429887168,207.0,True,True,blue,circle,0.08269689423281888,0.002667606051160654,0.029294777092747033,True,1.0,1.1395007342143906
B_150,low,150,0,22,after block 21,21,2.8798234353759016,2.8933750000000003,5.53225,2.4865000000000004,1.1541850220264316,False,runs/pendulum/unified_mechanism_v2/paired_layer_control/large_seed3407/long_common_scan/B/videos/B_150/location_22.mp4,True,1.0,0,2.8245902580901254,0.02174142884222846,2.338231654346735,209.0,True,True,blue,circle,0.07588624612258639,-0.003361156402524659,0.03288242460317893,True,1.0,1.15712187958884
B_150,low,150,0,23,after block 22,22,2.8798234353759016,2.8933750000000003,5.53225,5.4315,0.038179148311307115,False,runs/pendulum/unified_mechanism_v2/paired_layer_control/large_seed3407/long_common_scan/B/videos/B_150/location_23.mp4,True,1.0,0,4.349630815783404,0.020932661052561724,3.589232138535038,203.5,True,True,blue,circle,0.06289682171206211,-0.012840197191230423,0.044521001331755676,True,1.0,0.03964757709251117
B_150,low,150,0,24,after block 23,23,2.8798234353759016,2.8933750000000003,5.53225,5.4818750000000005,0.019089574155653388,False,runs/pendulum/unified_mechanism_v2/paired_layer_control/large_seed3407/long_common_scan/B/videos/B_150/location_24.mp4,True,1.0,0,2.8432938702000565,0.019696751049193384,2.9322913639988974,212.5,True,True,blue,circle,0.06701385372039081,-0.012719844485201418,0.04525110352825942,True,1.0,0.024963289280469945
B_150,low,150,0,25,after block 24,24,2.8798234353759016,2.8933750000000003,5.53225,5.5245,0.0029368575624084464,False,runs/pendulum/unified_mechanism_v2/paired_layer_control/large_seed3407/long_common_scan/B/videos/B_150/location_25.mp4,True,1.0,0,2.82687135629204,0.020222877964731156,2.774233071475062,211.5,True,True,blue,circle,0.06838674469500451,-0.013122156488263344,0.04365280417271932,True,1.0,0.011747430249633112
B_150,low,150,0,26,after block 25,25,2.8798234353759016,2.8933750000000003,5.53225,5.520625,0.004405286343612502,False,runs/pendulum/unified_mechanism_v2/paired_layer_control/large_seed3407/long_common_scan/B/videos/B_150/location_26.mp4,True,1.0,0,2.763521697565435,0.019020602009401172,3.1444000985324827,213.0,True,True,blue,circle,0.0689743665112997,-0.012156587744949114,0.0435477371840397,True,1.0,0.011747430249633112
B_150,low,150,0,27,after block 26,26,2.8798234353759016,2.8933750000000003,5.53225,5.512875,0.007342143906020612,False,runs/pendulum/unified_mechanism_v2/paired_layer_control/large_seed3407/long_common_scan/B/videos/B_150/location_27.mp4,True,1.0,0,3.9798878133858637,0.0178178734100716,3.220133673584968,212.5,True,True,blue,circle,0.07064617968881833,-0.012234231561750582,0.043718551432346014,True,1.0,0.011747430249633112
B_150,low,150,0,28,after block 27,27,2.8798234353759016,2.8933750000000003,5.53225,5.5283750000000005,0.001468428781204055,False,runs/pendulum/unified_mechanism_v2/paired_layer_control/large_seed3407/long_common_scan/B/videos/B_150/location_28.mp4,True,1.0,0,1.9325564500358843,0.017391374841710605,2.921929859939728,213.0,True,True,blue,circle,0.07130814677725203,-0.013867873614618038,0.04498835241020808,True,1.0,0.004405286343612502
B_150,low,150,0,29,after block 28,28,2.8798234353759016,2.8933750000000003,5.53225,5.54,-0.00293685756240811,False,runs/pendulum/unified_mechanism_v2/paired_layer_control/large_seed3407/long_common_scan/B/videos/B_150/location_29.mp4,True,1.0,0,2.477559756182821,0.0179149301275216,2.9982260876546647,213.5,True,True,blue,circle,0.07171868254887671,-0.013894459472965456,0.04485323549415494,True,1.0,-0.0
B_150,low,150,0,30,after block 29,29,2.8798234353759016,2.8933750000000003,5.53225,5.53225,-0.0,False,runs/pendulum/unified_mechanism_v2/paired_layer_control/large_seed3407/long_common_scan/B/videos/B_150/location_30.mp4,True,1.0,0,2.538954574158276,0.017326633478861153,3.0906650535800044,210.0,True,True,blue,circle,0.07566890563620018,-0.013663198172321282,0.04644466649098655,True,1.0,-0.0
B_152,low,152,0,0,embedding output,,2.4892875209756546,2.49425,5.838375,2.498125,0.9988412514484357,True,runs/pendulum/unified_mechanism_v2/paired_layer_control/large_seed3407/long_common_scan/B/videos/B_152/location_00.mp4,True,1.0,0,1.0868627122841321,0.0013362912463259213,0.8962893546700693,196.5,True,True,red,circle,0.11180822429394434,0.0006083793407296168,0.003982426908233076,True,0.984375,1.0011587485515643
B_152,low,152,0,1,after block 0,0,2.4892875209756546,2.49425,5.838375,2.498125,0.9988412514484357,True,runs/pendulum/unified_mechanism_v2/paired_layer_control/large_seed3407/long_common_scan/B/videos/B_152/location_01.mp4,True,1.0,0,1.109067752076508,0.0013049664948197037,0.8946689474340581,196.0,True,True,red,circle,0.11176985294994178,0.0005726106442885014,0.003966379923178413,True,0.984375,1.0011587485515643
B_152,low,152,0,2,after block 1,1,2.4892875209756546,2.49425,5.838375,2.498125,0.9988412514484357,True,runs/pendulum/unified_mechanism_v2/paired_layer_control/large_seed3407/long_common_scan/B/videos/B_152/location_02.mp4,True,1.0,0,1.0033401165201432,0.0012917981786021993,0.7804254132812565,195.0,True,True,red,circle,0.11267905054989767,0.0006459331982147424,0.003930205969261796,True,0.984375,1.0011587485515643
B_152,low,152,0,3,after block 2,2,2.4892875209756546,2.49425,5.838375,2.49425,1.0,True,runs/pendulum/unified_mechanism_v2/paired_layer_control/large_seed3407/long_common_scan/B/videos/B_152/location_03.mp4,True,1.0,0,1.6027591858962844,0.0013189098262724464,1.3344463824227575,194.0,True,True,red,circle,0.112248079637686,0.0005959972422058818,0.004507418974530725,True,0.984375,1.0011587485515643
B_152,low,152,0,4,after block 3,3,2.4892875209756546,2.49425,5.838375,2.49425,1.0,True,runs/pendulum/unified_mechanism_v2/paired_layer_control/large_seed3407/long_common_scan/B/videos/B_152/location_04.mp4,True,1.0,0,1.9653396318794485,0.001471330115456776,1.7572166153047357,192.0,True,True,red,circle,0.1124847829220123,0.0008819245707735238,0.00595930420082288,True,0.984375,1.0
B_152,low,152,0,5,after block 4,4,2.4892875209756546,2.49425,5.838375,2.49425,1.0,True,runs/pendulum/unified_mechanism_v2/paired_layer_control/large_seed3407/long_common_scan/B/videos/B_152/location_05.mp4,True,1.0,0,2.526783828058293,0.0015056086415966008,2.285410513487493,191.5,True,True,red,circle,0.11260817599654176,0.000929034975102013,0.0068228121290516055,True,0.984375,1.0011587485515643
B_152,low,152,0,6,after block 5,5,2.4892875209756546,2.49425,5.838375,2.4903750000000002,1.0011587485515643,True,runs/pendulum/unified_mechanism_v2/paired_layer_control/large_seed3407/long_common_scan/B/videos/B_152/location_06.mp4,True,0.984375,1,0.9954870688976472,0.0014087824329985787,0.33238833162236675,186.0,True,True,red,circle,0.11569630824090339,0.00018896050090234717,0.003585053127698601,True,0.984375,1.0046349942062571
B_152,low,152,0,7,after block 6,6,2.4892875209756546,2.49425,5.838375,2.4865000000000004,1.0023174971031286,True,runs/pendulum/unified_mechanism_v2/paired_layer_control/large_seed3407/long_common_scan/B/videos/B_152/location_07.mp4,True,0.984375,1,0.9545104840267555,0.001267224801561051,0.4159013809907365,184.0,True,True,red,circle,0.11584783439587867,-0.000912201142392993,0.0035554180391522837,True,0.984375,1.0046349942062571
B_152,low,152,0,8,after block 7,7,2.4892875209756546,2.49425,5.838375,2.4787500000000002,1.0046349942062571,True,runs/pendulum/unified_mechanism_v2/paired_layer_control/large_seed3407/long_common_scan/B/videos/B_152/location_08.mp4,True,0.984375,1,0.844098805199626,0.0012874062625069516,0.5853096582410031,182.0,True,True,red,circle,0.11628623468024425,-0.001857069149994794,0.0039984982887864865,True,0.984375,1.006952491309386
B_152,low,152,0,9,after block 8,8,2.4892875209756546,2.49425,5.838375,2.4865000000000004,1.0023174971031286,True,runs/pendulum/unified_mechanism_v2/paired_layer_control/large_seed3407/long_common_scan/B/videos/B_152/location_09.mp4,True,0.984375,1,0.9083594344727256,0.0014049132219212113,0.5407372823161921,181.0,True,True,red,circle,0.1161560659486105,-0.0019167092678919627,0.004365038391103789,True,0.984375,1.006952491309386
B_152,low,152,0,10,after block 9,9,2.4892875209756546,2.49425,5.838375,2.4671250000000002,1.0081112398609502,True,runs/pendulum/unified_mechanism_v2/paired_layer_control/large_seed3407/long_common_scan/B/videos/B_152/location_10.mp4,True,0.984375,1,0.9286901023067103,0.0014772378789266738,0.763513701654444,175.0,True,True,red,circle,0.11424335026689673,-0.002598193703207056,0.004079765604579063,True,0.984375,1.0220162224797218
B_152,low,152,0,11,after block 10,10,2.4892875209756546,2.49425,5.838375,2.4438750000000002,1.0150637311703359,True,runs/pendulum/unified_mechanism_v2/paired_layer_control/large_seed3407/long_common_scan/B/videos/B_152/location_11.mp4,True,0.984375,1,0.9546684278205099,0.0020076845780619967,0.9287534105512174,166.0,True,True,red,circle,0.11478301947387588,-0.003975395314767272,0.004789070736235091,False,0.515625,0.9721900347624566
B_152,low,152,0,12,after block 11,11,2.4892875209756546,2.49425,5.838375,2.4438750000000002,1.0150637311703359,False,runs/pendulum/unified_mechanism_v2/paired_layer_control/large_seed3407/long_common_scan/B/videos/B_152/location_12.mp4,True,1.0,0,6.192709897876636,0.031148193642994565,1.1597773159008578,128.0,True,True,blue,circle,0.09672115958135558,0.02693566617171679,0.016643716231107934,False,0.015625,nan
B_152,low,152,0,13,after block 12,12,2.4892875209756546,2.49425,5.838375,2.4438750000000002,1.0150637311703359,False,runs/pendulum/unified_mechanism_v2/paired_layer_control/large_seed3407/long_common_scan/B/videos/B_152/location_13.mp4,True,1.0,0,3.04803097073639,0.018807450742840764,0.6875271333863147,171.5,True,True,blue,circle,0.10027264375511341,0.0044875057397721525,0.006800298561286567,False,0.09375,-0.16338354577056788
B_152,low,152,0,14,after block 13,13,2.4892875209756546,2.49425,5.838375,2.4632500000000004,1.0092699884125145,False,runs/pendulum/unified_mechanism_v2/paired_layer_control/large_seed3407/long_common_scan/B/videos/B_152/location_14.mp4,True,1.0,0,2.9098432849630886,0.015272975707753905,0.514777863922069,176.0,True,True,blue,circle,0.0945546894451164,0.004602575985905945,0.007203888235519967,False,0.375,0.8308227114716107
B_152,low,152,0,15,after block 14,14,2.4892875209756546,2.49425,5.838375,2.4167500000000004,1.023174971031286,False,runs/pendulum/unified_mechanism_v2/paired_layer_control/large_seed3407/long_common_scan/B/videos/B_152/location_15.mp4,True,1.0,0,2.874858766749647,0.018064484401504127,0.8295421884963324,179.0,True,True,blue,circle,0.09045611990552349,0.0029920475236535843,0.009702124501253687,False,0.765625,1.033603707995365
B_152,low,152,0,16,after block 15,15,2.4892875209756546,2.49425,5.838375,2.3935000000000004,1.030127462340672,False,runs/pendulum/unified_mechanism_v2/paired_layer_control/large_seed3407/long_common_scan/B/videos/B_152/location_16.mp4,True,1.0,0,2.7064529424329122,0.016399816106927534,1.0943055262643655,179.0,True,True,blue,circle,0.08861871244741044,0.0022297377156820556,0.010686286663588044,False,0.875,0.9930475086906141
B_152,low,152,0,17,after block 16,16,2.4892875209756546,2.49425,5.838375,2.358625,1.040556199304751,False,runs/pendulum/unified_mechanism_v2/paired_layer_control/large_seed3407/long_common_scan/B/videos/B_152/location_17.mp4,True,1.0,0,2.6199682064432777,0.017210284638458667,1.1546605396103782,188.0,True,True,blue,circle,0.08625085753860126,0.004293684244893664,0.010741964101167624,True,1.0,1.0463499420625724
B_152,low,152,0,18,after block 17,17,2.4892875209756546,2.49425,5.838375,2.3508750000000003,1.0428736964078795,False,runs/pendulum/unified_mechanism_v2/paired_layer_control/large_seed3407/long_common_scan/B/videos/B_152/location_18.mp4,True,1.0,0,2.8307320575855877,0.017805398705508207,1.369197726105706,188.0,True,True,blue,circle,0.08058638825804419,0.0029985477261453386,0.012114687043096364,True,1.0,1.0509849362688295
B_152,low,152,0,19,after block 18,18,2.4892875209756546,2.49425,5.838375,2.30825,1.0556199304750868,False,runs/pendulum/unified_mechanism_v2/paired_layer_control/large_seed3407/long_common_scan/B/videos/B_152/location_19.mp4,True,1.0,0,2.0141750479324037,0.020716581469020473,1.5151380322707124,192.5,True,True,blue,circle,0.0759742207156665,0.003967226061171422,0.015381551229589455,True,1.0,1.0602549246813442
B_152,low,152,0,20,after block 19,19,2.4892875209756546,2.49425,5.838375,2.242375,1.0753186558516803,False,runs/pendulum/unified_mechanism_v2/paired_layer_control/large_seed3407/long_common_scan/B/videos/B_152/location_20.mp4,True,1.0,0,1.8705319970466514,0.019100625558836737,1.548474753467089,196.0,True,True,blue,circle,0.0665973159921548,0.009277993999564511,0.021796048208777098,True,1.0,1.074159907300116
B_152,low,152,0,21,after block 20,20,2.4892875209756546,2.49425,5.838375,2.180375,1.093858632676709,False,runs/pendulum/unified_mechanism_v2/paired_layer_control/large_seed3407/long_common_scan/B/videos/B_152/location_21.mp4,True,1.0,0,2.531431753288954,0.019112674709202665,1.578499130387424,200.0,True,True,blue,circle,0.06341492719821638,0.01055723541392879,0.02680520195702914,True,1.0,1.0880648899188876
B_152,low,152,0,22,after block 21,21,2.4892875209756546,2.49425,5.838375,2.0215,1.141367323290846,False,runs/pendulum/unified_mechanism_v2/paired_layer_control/large_seed3407/long_common_scan/B/videos/B_152/location_22.mp4,True,1.0,0,2.2664401353006136,0.018777362666482028,1.8470484263375315,197.5,True,True,blue,circle,0.05542609372507711,0.009872716822697398,0.030286329126587127,True,1.0,1.1286210892236384
B_152,low,152,0,23,after block 22,22,2.4892875209756546,2.49425,5.838375,1.6030000000000002,1.2665121668597912,False,runs/pendulum/unified_mechanism_v2/paired_layer_control/large_seed3407/long_common_scan/B/videos/B_152/location_23.mp4,True,1.0,0,2.8153679473898645,0.016632026003223416,2.2036983969734623,198.0,True,True,blue,circle,0.0536982738665967,0.021663401359743446,0.03518190731543934,True,1.0,1.2410196987253765
B_152,low,152,0,24,after block 23,23,2.4892875209756546,2.49425,5.838375,5.9275,-0.026651216685979178,False,runs/pendulum/unified_mechanism_v2/paired_layer_control/large_seed3407/long_common_scan/B/videos/B_152/location_24.mp4,True,1.0,0,2.305172589570965,0.01647050689057597,2.454724369506403,203.5,True,True,blue,circle,0.051087686219639473,0.010225587518948727,0.0347304285036486,True,1.0,-0.013904982618771723
B_152,low,152,0,25,after block 24,24,2.4892875209756546,2.49425,5.838375,5.93525,-0.02896871378910771,False,runs/pendulum/unified_mechanism_v2/paired_layer_control/large_seed3407/long_common_scan/B/videos/B_152/location_25.mp4,True,1.0,0,2.4261794982678078,0.016555544277297024,2.526555352621962,204.5,True,True,blue,circle,0.05236537775925511,0.008269028573655685,0.033240040006744874,True,1.0,-0.016222479721900253
B_152,low,152,0,26,after block 25,25,2.4892875209756546,2.49425,5.838375,5.946875,-0.032444959443800776,False,runs/pendulum/unified_mechanism_v2/paired_layer_control/large_seed3407/long_common_scan/B/videos/B_152/location_26.mp4,True,1.0,0,2.596300411765879,0.017483725833861485,2.5749883340975046,208.0,True,True,blue,circle,0.05206899565600279,0.00840191303824643,0.03147170512971964,True,1.0,-0.019698725376593316
B_152,low,152,0,27,after block 26,26,2.4892875209756546,2.49425,5.838375,5.915875,-0.023174971031286115,False,runs/pendulum/unified_mechanism_v2/paired_layer_control/large_seed3407/long_common_scan/B/videos/B_152/location_27.mp4,True,1.0,0,2.672335258769225,0.016207124602372225,2.5131379517657138,209.0,True,True,blue,circle,0.05394617941543941,0.008495047164722078,0.031015131780666397,True,1.0,-0.017381228273464784
B_152,low,152,0,28,after block 27,27,2.4892875209756546,2.49425,5.838375,5.892625,-0.016222479721900253,False,runs/pendulum/unified_mechanism_v2/paired_layer_control/large_seed3407/long_common_scan/B/videos/B_152/location_28.mp4,True,1.0,0,2.458292491170813,0.015607648462346607,2.3960716907376196,210.0,True,True,blue,circle,0.056182512758290955,0.007904556189050142,0.031108339712006203,True,1.0,-0.009269988412514392
B_152,low,152,0,29,after block 28,28,2.4892875209756546,2.49425,5.838375,5.877125,-0.011587485515643191,False,runs/pendulum/unified_mechanism_v2/paired_layer_control/large_seed3407/long_common_scan/B/videos/B_152/location_29.mp4,True,1.0,0,2.6221169729047924,0.015086863576386333,2.3960716907376196,209.0,True,True,blue,circle,0.057050191374596215,0.007644698340864575,0.03099270732865073,True,1.0,-0.004634994206257329
B_152,low,152,0,30,after block 29,29,2.4892875209756546,2.49425,5.838375,5.8500000000000005,-0.0034762456546930634,False,runs/pendulum/unified_mechanism_v2/paired_layer_control/large_seed3407/long_common_scan/B/videos/B_152/location_30.mp4,True,1.0,0,3.1796906215057823,0.016275139307317638,2.8443371658767598,208.0,True,True,blue,circle,0.0616021171151378,0.008502914969180674,0.0310198686520916,True,1.0,-0.0
B_180,low,180,0,0,embedding output,,2.9017593993285127,2.908875,5.9430000000000005,2.908875,1.0,True,runs/pendulum/unified_mechanism_v2/paired_layer_control/large_seed3407/long_common_scan/B/videos/B_180/location_00.mp4,True,1.0,0,1.1869071489405723,0.0017643451520819031,0.7787606061871202,192.0,True,True,red,circle,0.1370758122606188,0.0015164466318654366,0.0026880129404288247,True,0.984375,1.0
B_180,low,180,0,1,after block 0,0,2.9017593993285127,2.908875,5.9430000000000005,2.908875,1.0,True,runs/pendulum/unified_mechanism_v2/paired_layer_control/large_seed3407/long_common_scan/B/videos/B_180/location_01.mp4,True,1.0,0,1.2129480695813712,0.0016841753853948094,0.7035144742736629,192.0,True,True,red,circle,0.13705020220584183,0.0014748612807368657,0.0027620685556155,True,0.984375,1.0
B_180,low,180,0,2,after block 1,1,2.9017593993285127,2.908875,5.9430000000000005,2.9050000000000002,1.0012771392081736,True,runs/pendulum/unified_mechanism_v2/paired_layer_control/large_seed3407/long_common_scan/B/videos/B_180/location_02.mp4,True,1.0,0,1.192802375560596,0.001868544847608039,0.6482648535141238,190.0,True,True,red,circle,0.1374890044841621,0.001187463249219525,0.002691671518111213,True,0.984375,1.0012771392081736
B_180,low,180,0,3,after block 2,2,2.9017593993285127,2.908875,5.9430000000000005,2.9050000000000002,1.0012771392081736,True,runs/pendulum/unified_mechanism_v2/paired_layer_control/large_seed3407/long_common_scan/B/videos/B_180/location_03.mp4,True,1.0,0,1.128652743647551,0.0016500350097818361,0.6725645989054273,190.0,True,True,red,circle,0.13768277693287154,0.0010733642658653996,0.0027618251957264393,True,0.984375,1.0012771392081736
B_180,low,180,0,4,after block 3,3,2.9017593993285127,2.908875,5.9430000000000005,2.9050000000000002,1.0012771392081736,True,runs/pendulum/unified_mechanism_v2/paired_layer_control/large_seed3407/long_common_scan/B/videos/B_180/location_04.mp4,True,1.0,0,1.1524277502439264,0.0018156063735460803,0.7064139378166626,188.5,True,True,red,circle,0.13765553802815222,0.0016987935265813535,0.002886724621182797,True,0.984375,1.0012771392081736
B_180,low,180,0,5,after block 4,4,2.9017593993285127,2.908875,5.9430000000000005,2.9011250000000004,1.0025542784163473,True,runs/pendulum/unified_mechanism_v2/paired_layer_control/large_seed3407/long_common_scan/B/videos/B_180/location_05.mp4,True,1.0,0,1.1586875866711874,0.0018537850332950578,0.6407869619466137,188.0,True,True,red,circle,0.1377555160583297,0.0016267908421566599,0.0028177398992472328,True,0.984375,1.0025542784163473
B_180,low,180,0,6,after block 5,5,2.9017593993285127,2.908875,5.9430000000000005,2.89725,1.003831417624521,True,runs/pendulum/unified_mechanism_v2/paired_layer_control/large_seed3407/long_common_scan/B/videos/B_180/location_06.mp4,True,1.0,0,1.1692657151995707,0.0017632001359584593,0.5057055325331065,183.0,True,True,red,circle,0.1383333966753991,-0.0002597051843496579,0.0035414841476630477,True,0.984375,1.003831417624521
B_180,low,180,0,7,after block 6,6,2.9017593993285127,2.908875,5.9430000000000005,2.89725,1.003831417624521,True,runs/pendulum/unified_mechanism_v2/paired_layer_control/large_seed3407/long_common_scan/B/videos/B_180/location_07.mp4,True,1.0,0,1.504256429465694,0.0017465538311103035,0.5224288780274214,181.5,True,True,red,circle,0.13819729297860023,-0.0013983889936126188,0.004151115075911545,True,0.984375,1.0063856960408686
B_180,low,180,0,8,after block 7,7,2.9017593993285127,2.908875,5.9430000000000005,2.8817500000000003,1.0089399744572158,True,runs/pendulum/unified_mechanism_v2/paired_layer_control/large_seed3407/long_common_scan/B/videos/B_180/location_08.mp4,True,0.984375,1,1.1911127905833316,0.0017710134354985696,1.1036573585478002,179.0,True,True,red,circle,0.1395237067411261,-0.0019819213836280874,0.003199248563430577,True,0.984375,1.0114942528735633
B_180,low,180,0,9,after block 8,8,2.9017593993285127,2.908875,5.9430000000000005,2.885625,1.0076628352490422,True,runs/pendulum/unified_mechanism_v2/paired_layer_control/large_seed3407/long_common_scan/B/videos/B_180/location_09.mp4,True,0.984375,1,1.2326153151195216,0.0018838042723665627,1.106590749299665,179.0,True,True,red,circle,0.1390944597348204,-0.001555875561718258,0.003431384632326913,True,0.984375,1.0114942528735633
B_180,low,180,0,10,after block 9,9,2.9017593993285127,2.908875,5.9430000000000005,2.8778750000000004,1.0102171136653895,True,runs/pendulum/unified_mechanism_v2/paired_layer_control/large_seed3407/long_common_scan/B/videos/B_180/location_10.mp4,True,0.984375,1,1.1405542400586368,0.001991927756787859,1.0926170021569404,176.0,True,True,red,circle,0.13687864188231783,-0.002202290692307041,0.0031901023579885093,True,0.96875,1.0332056194125159
B_180,low,180,0,11,after block 10,10,2.9017593993285127,2.908875,5.9430000000000005,2.8585000000000003,1.0166028097062578,True,runs/pendulum/unified_mechanism_v2/paired_layer_control/large_seed3407/long_common_scan/B/videos/B_180/location_11.mp4,True,0.984375,1,1.326994655017168,0.002225621769757269,1.3634608136505952,170.0,True,True,red,circle,0.13581094209778416,-0.0038832490128323633,0.004021250704056258,False,0.5,1.0255427841634737
B_180,low,180,0,12,after block 11,11,2.9017593993285127,2.908875,5.9430000000000005,2.9050000000000002,1.0012771392081736,False,runs/pendulum/unified_mechanism_v2/paired_layer_control/large_seed3407/long_common_scan/B/videos/B_180/location_12.mp4,True,1.0,0,5.029748059297001,0.029148959457975077,2.0568952822725213,141.0,True,True,blue,circle,0.10993670859432891,0.023976099722343186,0.019118002565520573,False,0.015625,nan
B_180,low,180,0,13,after block 12,12,2.9017593993285127,2.908875,5.9430000000000005,2.8585000000000003,1.0166028097062578,False,runs/pendulum/unified_mechanism_v2/paired_layer_control/large_seed3407/long_common_scan/B/videos/B_180/location_13.mp4,True,1.0,0,3.4208434704382245,0.016525576839113154,1.9921610577842168,173.5,True,True,blue,circle,0.119974481940886,0.004820607816955015,0.0062116196052624285,False,0.109375,-0.48020434227330766
B_180,low,180,0,14,after block 13,13,2.9017593993285127,2.908875,5.9430000000000005,2.862375,1.0153256704980842,False,runs/pendulum/unified_mechanism_v2/paired_layer_control/large_seed3407/long_common_scan/B/videos/B_180/location_14.mp4,True,1.0,0,3.201495783897818,0.015618911910758454,2.569772740936037,177.5,True,True,blue,circle,0.11546612589746387,0.004611805793042908,0.006376258742575874,False,0.390625,1.0255427841634737
B_180,low,180,0,15,after block 14,14,2.9017593993285127,2.908875,5.9430000000000005,2.8081250000000004,1.0332056194125159,False,runs/pendulum/unified_mechanism_v2/paired_layer_control/large_seed3407/long_common_scan/B/videos/B_180/location_15.mp4,True,1.0,0,3.0069276659466597,0.016805897495945826,2.1862525066817793,179.0,True,True,blue,circle,0.10950567554249618,0.0022339021693630183,0.008135408210698095,False,0.84375,1.0178799489144317
B_180,low,180,0,16,after block 15,15,2.9017593993285127,2.908875,5.9430000000000005,2.8081250000000004,1.0332056194125159,False,runs/pendulum/unified_mechanism_v2/paired_layer_control/large_seed3407/long_common_scan/B/videos/B_180/location_16.mp4,True,1.0,0,3.851726151087451,0.01803002441058954,1.6762947605492884,178.0,True,True,blue,circle,0.10564994307319964,0.0017909268321115825,0.008656964603870604,True,0.953125,0.9974457215836525
B_180,low,180,0,17,after block 16,16,2.9017593993285127,2.908875,5.9430000000000005,2.769375,1.0459770114942528,False,runs/pendulum/unified_mechanism_v2/paired_layer_control/large_seed3407/long_common_scan/B/videos/B_180/location_17.mp4,True,1.0,0,3.0210216326526833,0.017264740779288357,1.5492922803227178,188.0,True,True,blue,circle,0.10108826770092717,0.0023185489405093424,0.009734197323262401,True,1.0,1.0434227330779056
B_180,low,180,0,18,after block 17,17,2.9017593993285127,2.908875,5.9430000000000005,2.777125,1.0434227330779056,False,runs/pendulum/unified_mechanism_v2/paired_layer_control/large_seed3407/long_common_scan/B/videos/B_180/location_18.mp4,True,1.0,0,3.1291485734916247,0.01818024186927361,1.5252360630207014,182.5,True,True,blue,circle,0.09361931388871718,0.0007779647801439296,0.013415476515432255,True,1.0,1.0434227330779056
B_180,low,180,0,19,after block 18,18,2.9017593993285127,2.908875,5.9430000000000005,2.7616250000000004,1.0485312899106,False,runs/pendulum/unified_mechanism_v2/paired_layer_control/large_seed3407/long_common_scan/B/videos/B_180/location_19.mp4,True,1.0,0,3.0581796216832378,0.01976112397317653,1.1884007665524496,185.0,True,True,blue,circle,0.09006340304435381,0.0010621461959258068,0.015636960840060277,True,1.0,1.0446998722860792
B_180,low,180,0,20,after block 19,19,2.9017593993285127,2.908875,5.9430000000000005,2.7035,1.0676883780332056,False,runs/pendulum/unified_mechanism_v2/paired_layer_control/large_seed3407/long_common_scan/B/videos/B_180/location_20.mp4,True,1.0,0,2.98543104969324,0.01925646799832756,1.5920301172886426,195.0,True,True,blue,circle,0.0745703502343074,0.008671713208076732,0.025555449431930926,True,1.0,1.0689655172413792
B_180,low,180,0,21,after block 20,20,2.9017593993285127,2.908875,5.9430000000000005,2.614375,1.0970625798212006,False,runs/pendulum/unified_mechanism_v2/paired_layer_control/large_seed3407/long_common_scan/B/videos/B_180/location_21.mp4,True,1.0,0,3.4967947085843516,0.02102137021985226,1.5415964084851987,200.0,True,True,blue,circle,0.07155127847648539,0.010751250737601898,0.030398710757314328,True,1.0,1.1047254150702428
B_180,low,180,0,22,after block 21,21,2.9017593993285127,2.908875,5.9430000000000005,2.4322500000000002,1.157088122605364,False,runs/pendulum/unified_mechanism_v2/paired_layer_control/large_seed3407/long_common_scan/B/videos/B_180/location_22.mp4,True,1.0,0,2.914437076890768,0.021757633740624227,2.2723276940345065,197.5,True,True,blue,circle,0.06352539137829503,0.007970637115934012,0.03401439014342068,True,1.0,1.1634738186462323
B_180,low,180,0,23,after block 22,22,2.9017593993285127,2.908875,5.9430000000000005,1.4325,1.4865900383141761,False,runs/pendulum/unified_mechanism_v2/paired_layer_control/large_seed3407/long_common_scan/B/videos/B_180/location_23.mp4,True,1.0,0,2.579221360921348,0.021435433067782228,2.3369404702880074,198.0,True,True,blue,circle,0.07556067121528053,0.04277216042625128,0.038054191562008274,True,1.0,1.4853128991060025
B_180,low,180,0,24,after block 23,23,2.9017593993285127,2.908875,5.9430000000000005,1.4402500000000003,1.4840357598978289,False,runs/pendulum/unified_mechanism_v2/paired_layer_control/large_seed3407/long_common_scan/B/videos/B_180/location_24.mp4,True,1.0,0,3.121217172087207,0.021177431789779377,2.4506173001576372,206.0,True,True,blue,circle,0.07579898360721214,0.04309528837855148,0.04008274375077606,True,1.0,1.4802043422733078
B_180,low,180,0,25,after block 24,24,2.9017593993285127,2.908875,5.9430000000000005,1.3743750000000001,1.5057471264367817,False,runs/pendulum/unified_mechanism_v2/paired_layer_control/large_seed3407/long_common_scan/B/videos/B_180/location_25.mp4,True,1.0,0,3.124747449835064,0.0208946150969751,2.552948941268743,208.0,True,True,blue,circle,0.08049491491226057,0.046454636480025034,0.04120455840668248,True,1.0,1.5172413793103448
B_180,low,180,0,26,after block 25,25,2.9017593993285127,2.908875,5.9430000000000005,1.4325,1.4865900383141761,False,runs/pendulum/unified_mechanism_v2/paired_layer_control/large_seed3407/long_common_scan/B/videos/B_180/location_26.mp4,True,1.0,0,3.2659435788774536,0.02038046016442835,2.7775029097352073,212.0,True,True,blue,circle,0.07437523020321861,0.04197272783746253,0.04128021505754108,True,1.0,1.5095785440613025
B_180,low,180,0,27,after block 26,26,2.9017593993285127,2.908875,5.9430000000000005,1.4635000000000002,1.4763729246487864,False,runs/pendulum/unified_mechanism_v2/paired_layer_control/large_seed3407/long_common_scan/B/videos/B_180/location_27.mp4,True,1.0,0,3.0118633923261395,0.019625919441345452,2.6668084771921046,213.0,True,True,blue,circle,0.07298822948869989,0.03994794039207486,0.04213007046502114,True,1.0,1.4789272030651341
B_180,low,180,0,28,after block 27,27,2.9017593993285127,2.908875,5.9430000000000005,1.4751250000000002,1.4725415070242656,False,runs/pendulum/unified_mechanism_v2/paired_layer_control/large_seed3407/long_common_scan/B/videos/B_180/location_28.mp4,True,1.0,0,3.279807103804885,0.019213339035691196,2.871841160687289,211.0,True,True,blue,circle,0.07388937149034432,0.03881279936797917,0.043847668398280984,True,1.0,1.4674329501915706
B_180,low,180,0,29,after block 28,28,2.9017593993285127,2.908875,5.9430000000000005,1.420875,1.4904214559386975,False,runs/pendulum/unified_mechanism_v2/paired_layer_control/large_seed3407/long_common_scan/B/videos/B_180/location_29.mp4,True,1.0,0,3.007219742760023,0.019787702909243116,2.9353149476428126,209.0,True,True,blue,circle,0.07723991853992711,0.04257019888380727,0.04447880183052761,True,1.0,1.4546615581098339
B_180,low,180,0,30,after block 29,29,2.9017593993285127,2.908875,5.9430000000000005,5.946875,-0.0012771392081736416,False,runs/pendulum/unified_mechanism_v2/paired_layer_control/large_seed3407/long_common_scan/B/videos/B_180/location_30.mp4,True,1.0,0,3.182739768056697,0.01986993964120659,2.984389867809406,208.0,True,True,blue,circle,0.06049830592432195,0.016647483994982015,0.046027052886049614,True,1.0,-0.0
B_181,low,181,0,0,embedding output,,2.9896794886264497,2.9941250000000004,5.59425,2.9941250000000004,1.0,True,runs/pendulum/unified_mechanism_v2/paired_layer_control/large_seed3407/long_common_scan/B/videos/B_181/location_00.mp4,True,1.0,0,1.372330449263305,0.0009262241270171778,1.062244184974145,193.0,True,True,red,circle,0.15803485150953964,0.00022413548454170345,0.00446946741809487,True,0.984375,0.9985096870342772
B_181,low,181,0,1,after block 0,0,2.9896794886264497,2.9941250000000004,5.59425,2.9941250000000004,1.0,True,runs/pendulum/unified_mechanism_v2/paired_layer_control/large_seed3407/long_common_scan/B/videos/B_181/location_01.mp4,True,1.0,0,1.4042840358080173,0.0007447713260996802,1.1238796393494195,193.0,True,True,red,circle,0.15825520123865872,0.0001030386843032774,0.004406129297683043,True,0.984375,0.9985096870342772
B_181,low,181,0,2,after block 1,1,2.9896794886264497,2.9941250000000004,5.59425,2.9863750000000002,1.0029806259314458,True,runs/pendulum/unified_mechanism_v2/paired_layer_control/large_seed3407/long_common_scan/B/videos/B_181/location_02.mp4,True,1.0,0,1.3859872938477515,0.0008449093226575444,1.1757804685540918,192.0,True,True,red,circle,0.1592741380305724,8.438288994460002e-05,0.004602172472531599,True,0.984375,1.0014903129657229
B_181,low,181,0,3,after block 2,2,2.9896794886264497,2.9941250000000004,5.59425,2.99025,1.0014903129657229,True,runs/pendulum/unified_mechanism_v2/paired_layer_control/large_seed3407/long_common_scan/B/videos/B_181/location_03.mp4,True,1.0,0,1.405247644744182,0.0008104184827191219,0.9905953851008961,191.0,True,True,red,circle,0.15908286212292547,3.577874011001173e-05,0.004496288830902369,True,0.984375,1.0014903129657229
B_181,low,181,0,4,after block 3,3,2.9896794886264497,2.9941250000000004,5.59425,2.99025,1.0014903129657229,True,runs/pendulum/unified_mechanism_v2/paired_layer_control/large_seed3407/long_common_scan/B/videos/B_181/location_04.mp4,True,1.0,0,1.3767751443628466,0.0008046638143420493,0.8548768073220033,190.0,True,True,red,circle,0.1594677415921066,0.0006563913737954548,0.004498905085296159,True,0.984375,1.0029806259314458
B_181,low,181,0,5,after block 4,4,2.9896794886264497,2.9941250000000004,5.59425,2.9863750000000002,1.0029806259314458,True,runs/pendulum/unified_mechanism_v2/paired_layer_control/large_seed3407/long_common_scan/B/videos/B_181/location_05.mp4,True,1.0,0,1.3008839730572772,0.0007895866392930995,0.9344677482072166,189.0,True,True,red,circle,0.15951234480123339,0.0005996510865251775,0.004441180558689669,True,0.984375,1.0029806259314458
B_181,low,181,0,6,after block 5,5,2.9896794886264497,2.9941250000000004,5.59425,2.9708750000000004,1.0089418777943369,True,runs/pendulum/unified_mechanism_v2/paired_layer_control/large_seed3407/long_common_scan/B/videos/B_181/location_06.mp4,True,1.0,0,1.3259498147549056,0.0010341436559650474,1.9895354417378155,184.0,True,True,red,circle,0.16112503740086795,-0.0014747658607782825,0.0057840652590783175,True,0.984375,1.0059612518628913
B_181,low,181,0,7,after block 6,6,2.9896794886264497,2.9941250000000004,5.59425,2.978625,1.0059612518628913,True,runs/pendulum/unified_mechanism_v2/paired_layer_control/large_seed3407/long_common_scan/B/videos/B_181/location_07.mp4,True,0.984375,1,1.3235240662547172,0.0011558695490098692,1.829525605500921,182.0,True,True,red,circle,0.1610424517628907,-0.002029193675067432,0.0051464748218009474,True,0.984375,1.007451564828614
B_181,low,181,0,8,after block 7,7,2.9896794886264497,2.9941250000000004,5.59425,2.9708750000000004,1.0089418777943369,True,runs/pendulum/unified_mechanism_v2/paired_layer_control/large_seed3407/long_common_scan/B/videos/B_181/location_08.mp4,True,0.984375,1,1.3419716355344802,0.0010683378484251382,1.964721201067379,180.0,True,True,red,circle,0.1619251950664114,-0.002522286694345238,0.005741917888556359,True,0.984375,1.007451564828614
B_181,low,181,0,9,after block 8,8,2.9896794886264497,2.9941250000000004,5.59425,2.9747500000000002,1.007451564828614,True,runs/pendulum/unified_mechanism_v2/paired_layer_control/large_seed3407/long_common_scan/B/videos/B_181/location_09.mp4,True,0.984375,1,1.4576866213859674,0.0011781182896012932,2.169159133787662,181.0,True,True,red,circle,0.16174795099609215,-0.0028506320879230253,0.005993036790904535,True,0.984375,1.0059612518628913
B_181,low,181,0,10,after block 9,9,2.9896794886264497,2.9941250000000004,5.59425,2.955375,1.0149031296572282,True,runs/pendulum/unified_mechanism_v2/paired_layer_control/large_seed3407/long_common_scan/B/videos/B_181/location_10.mp4,True,0.984375,1,1.6346953152518466,0.0012564590196145198,2.219115313582651,179.0,True,True,red,circle,0.15819971275851258,-0.0023742056371445753,0.006384427567170173,True,0.984375,1.0119225037257824
B_181,low,181,0,11,after block 10,10,2.9896794886264497,2.9941250000000004,5.59425,3.00575,0.9955290611028318,True,runs/pendulum/unified_mechanism_v2/paired_layer_control/large_seed3407/long_common_scan/B/videos/B_181/location_11.mp4,False,1.0,0,10.472900622595073,0.10036764423483474,2.2154691803874846,34.5,False,True,blue,circle,0.10473341957257266,0.03592515514635561,0.024187831071357375,False,0.46875,1.1922503725782416
B_181,low,181,0,12,after block 11,11,2.9896794886264497,2.9941250000000004,5.59425,2.9476250000000004,1.0178837555886737,False,runs/pendulum/unified_mechanism_v2/paired_layer_control/large_seed3407/long_common_scan/B/videos/B_181/location_12.mp4,True,1.0,0,11.910112105014546,0.034225262820310826,2.408382367101789,154.0,True,True,blue,circle,0.13591018225831766,0.011354837001834138,0.016592280391117393,False,0.015625,nan
B_181,low,181,0,13,after block 12,12,2.9896794886264497,2.9941250000000004,5.59425,2.95925,1.0134128166915053,False,runs/pendulum/unified_mechanism_v2/paired_layer_control/large_seed3407/long_common_scan/B/videos/B_181/location_13.mp4,True,1.0,0,3.8536624181792365,0.01922469796309209,2.245016516744682,185.0,True,True,blue,circle,0.13887690894963053,0.00309408668406933,0.007408413792659993,False,0.296875,1.5230998509687035
B_181,low,181,0,14,after block 13,13,2.9896794886264497,2.9941250000000004,5.59425,2.9863750000000002,1.0029806259314458,False,runs/pendulum/unified_mechanism_v2/paired_layer_control/large_seed3407/long_common_scan/B/videos/B_181/location_14.mp4,True,1.0,0,4.115661449383377,0.017168373900343925,1.8235425596931292,188.0,True,True,blue,circle,0.13228425756841258,0.0030596871657131994,0.007683204701472177,False,0.734375,1.0268256333830104
B_181,low,181,0,15,after block 14,14,2.9896794886264497,2.9941250000000004,5.59425,2.955375,1.0149031296572282,False,runs/pendulum/unified_mechanism_v2/paired_layer_control/large_seed3407/long_common_scan/B/videos/B_181/location_15.mp4,True,1.0,0,3.498097595263748,0.017819124360352906,1.4763703312424123,189.5,True,True,blue,circle,0.12320524635108493,-0.002602864457024858,0.008857809796751307,True,0.953125,1.0357675111773472
B_181,low,181,0,16,after block 15,15,2.9896794886264497,2.9941250000000004,5.59425,2.94375,1.0193740685543966,False,runs/pendulum/unified_mechanism_v2/paired_layer_control/large_seed3407/long_common_scan/B/videos/B_181/location_16.mp4,True,1.0,0,3.3347121312219894,0.018676854266260395,1.2440333543134554,189.0,True,True,blue,circle,0.11726204190737556,-0.002735126445436033,0.010303218313623531,True,0.96875,1.0149031296572282
B_181,low,181,0,17,after block 16,16,2.9896794886264497,2.9941250000000004,5.59425,2.9011250000000004,1.0357675111773472,False,runs/pendulum/unified_mechanism_v2/paired_layer_control/large_seed3407/long_common_scan/B/videos/B_181/location_17.mp4,True,1.0,0,2.63881090326644,0.017440727963820762,1.237795652340833,203.0,True,True,blue,circle,0.11127365654456475,-0.003170954575519512,0.012311544637000302,True,1.0,1.0357675111773472
B_181,low,181,0,18,after block 17,17,2.9896794886264497,2.9941250000000004,5.59425,2.8701250000000003,1.0476900149031296,False,runs/pendulum/unified_mechanism_v2/paired_layer_control/large_seed3407/long_common_scan/B/videos/B_181/location_18.mp4,True,1.0,0,2.812181392895723,0.019438495913136844,1.4145890768774227,201.5,True,True,blue,circle,0.1051818761797196,-0.005990204292968591,0.014502566606160373,True,1.0,1.0476900149031296
B_181,low,181,0,19,after block 18,18,2.9896794886264497,2.9941250000000004,5.59425,2.8468750000000003,1.0566318926974665,False,runs/pendulum/unified_mechanism_v2/paired_layer_control/large_seed3407/long_common_scan/B/videos/B_181/location_19.mp4,True,1.0,0,2.494669653438587,0.01924272920787895,1.7969274990281299,203.0,True,True,blue,circle,0.09958536230650895,-0.006496352821201388,0.01666144820183616,True,1.0,1.061102831594635
B_181,low,181,0,20,after block 19,19,2.9896794886264497,2.9941250000000004,5.59425,2.769375,1.0864381520119226,False,runs/pendulum/unified_mechanism_v2/paired_layer_control/large_seed3407/long_common_scan/B/videos/B_181/location_20.mp4,True,1.0,0,3.1539238516176873,0.017000968714961956,1.4397796608150921,207.0,True,True,blue,circle,0.07797230965891841,0.0030612505683037137,0.02579770189613702,True,1.0,1.083457526080477
B_181,low,181,0,21,after block 20,20,2.9896794886264497,2.9941250000000004,5.59425,2.58725,1.1564828614008944,False,runs/pendulum/unified_mechanism_v2/paired_layer_control/large_seed3407/long_common_scan/B/videos/B_181/location_21.mp4,True,1.0,0,2.8376373573280205,0.018252526607432873,1.7601220305411862,210.0,True,True,blue,circle,0.07230623148425368,0.003007683573045606,0.03325277485472391,True,1.0,1.1684053651266766
B_181,low,181,0,22,after block 21,21,2.9896794886264497,2.9941250000000004,5.59425,2.544625,1.1728763040238452,False,runs/pendulum/unified_mechanism_v2/paired_layer_control/large_seed3407/long_common_scan/B/videos/B_181/location_22.mp4,True,1.0,0,3.4050167078547324,0.020426845613291805,2.2609784787780156,211.0,True,True,blue,circle,0.06854353289567962,-0.0019582052614778374,0.038943938427708415,True,1.0,1.1833084947839048
B_181,low,181,0,23,after block 22,22,2.9896794886264497,2.9941250000000004,5.59425,5.54,0.02086438152011911,False,runs/pendulum/unified_mechanism_v2/paired_layer_control/large_seed3407/long_common_scan/B/videos/B_181/location_23.mp4,True,1.0,0,2.615548705918269,0.021618163147653302,2.5632011351142805,205.0,True,True,blue,circle,0.06811426447541091,-0.00971467008867255,0.0403937100743052,True,1.0,0.019374068554396367
B_181,low,181,0,24,after block 23,23,2.9896794886264497,2.9941250000000004,5.59425,5.559375,0.013412816691505045,False,runs/pendulum/unified_mechanism_v2/paired_layer_control/large_seed3407/long_common_scan/B/videos/B_181/location_24.mp4,True,1.0,0,2.6049863050230107,0.019721501099605993,3.1159677282080125,207.0,True,True,blue,circle,0.07390962245112069,-0.009957154062301675,0.04188859530679569,True,1.0,0.0119225037257823
B_181,low,181,0,25,after block 24,24,2.9896794886264497,2.9941250000000004,5.59425,5.567125,0.010432190760059554,False,runs/pendulum/unified_mechanism_v2/paired_layer_control/large_seed3407/long_common_scan/B/videos/B_181/location_25.mp4,True,1.0,0,2.7144124482539715,0.020274509829742104,3.1362962065039546,209.5,True,True,blue,circle,0.07554024204511012,-0.00915670712507029,0.04078186719746988,True,1.0,0.007451564828613724
B_181,low,181,0,26,after block 25,25,2.9896794886264497,2.9941250000000004,5.59425,5.5555,0.014903129657227789,False,runs/pendulum/unified_mechanism_v2/paired_layer_control/large_seed3407/long_common_scan/B/videos/B_181/location_26.mp4,True,1.0,0,2.603782222378025,0.020165656582869507,3.486194930583429,216.0,True,True,blue,circle,0.07528491543189832,-0.008269825236892197,0.040359782697636425,True,1.0,0.014903129657227789
B_181,low,181,0,27,after block 26,26,2.9896794886264497,2.9941250000000004,5.59425,5.5555,0.014903129657227789,False,runs/pendulum/unified_mechanism_v2/paired_layer_control/large_seed3407/long_common_scan/B/videos/B_181/location_27.mp4,True,1.0,0,3.0935229511228464,0.01938775349248581,3.500034500296579,216.0,True,True,blue,circle,0.0779332075288506,-0.008516069438156092,0.04053911219067666,True,1.0,0.013412816691505045
B_181,low,181,0,28,after block 27,27,2.9896794886264497,2.9941250000000004,5.59425,5.5748750000000005,0.007451564828613724,False,runs/pendulum/unified_mechanism_v2/paired_layer_control/large_seed3407/long_common_scan/B/videos/B_181/location_28.mp4,True,1.0,0,3.712756370351483,0.020205323242721757,3.5186028906373457,215.5,True,True,blue,circle,0.07996785086261131,-0.009212502346635912,0.041998508359209145,True,1.0,0.005961251862890979
B_181,low,181,0,29,after block 28,28,2.9896794886264497,2.9941250000000004,5.59425,5.57875,0.005961251862890979,False,runs/pendulum/unified_mechanism_v2/paired_layer_control/large_seed3407/long_common_scan/B/videos/B_181/location_29.mp4,True,1.0,0,3.753416635297893,0.019599502139348912,3.564012775183997,215.0,True,True,blue,circle,0.08052816531788032,-0.00925639863956265,0.042444223953758645,True,1.0,0.0044709388971682345
B_181,low,181,0,30,after block 29,29,2.9896794886264497,2.9941250000000004,5.59425,5.59425,-0.0,False,runs/pendulum/unified_mechanism_v2/paired_layer_control/large_seed3407/long_common_scan/B/videos/B_181/location_30.mp4,True,1.0,0,3.6168713703832647,0.019509355066600786,3.441791259990766,213.0,True,True,blue,circle,0.08566576069648517,-0.008640480018271854,0.04440330733639263,True,1.0,-0.0
B_193,low,193,0,0,embedding output,,2.364294482289853,2.3625000000000003,5.776375,2.3702500000000004,0.9977298524404086,True,runs/pendulum/unified_mechanism_v2/paired_layer_control/large_seed3407/long_common_scan/B/videos/B_193/location_00.mp4,True,1.0,0,1.7888618831248642,0.0012183393687177635,0.6426612736419897,192.5,True,True,red,circle,0.11277495456649238,0.0004973180093242285,0.003943535485819663,True,0.984375,0.9988649262202044
B_193,low,193,0,1,after block 0,0,2.364294482289853,2.3625000000000003,5.776375,2.3702500000000004,0.9977298524404086,True,runs/pendulum/unified_mechanism_v2/paired_layer_control/large_seed3407/long_common_scan/B/videos/B_193/location_01.mp4,True,1.0,0,1.4096648222276773,0.0011544938933197302,0.2111169223008934,192.0,True,True,red,circle,0.11271203071495214,0.0005952996552205773,0.0033943420577823495,True,0.984375,0.9988649262202044
B_193,low,193,0,2,after block 1,1,2.364294482289853,2.3625000000000003,5.776375,2.3702500000000004,0.9977298524404086,True,runs/pendulum/unified_mechanism_v2/paired_layer_control/large_seed3407/long_common_scan/B/videos/B_193/location_02.mp4,True,1.0,0,1.7984446438387218,0.0010837037423533091,0.6193610513449067,190.5,True,True,red,circle,0.11353397962849564,0.00014558971400502262,0.00406934334700257,True,0.984375,0.9988649262202044
B_193,low,193,0,3,after block 2,2,2.364294482289853,2.3625000000000003,5.776375,2.3702500000000004,0.9977298524404086,True,runs/pendulum/unified_mechanism_v2/paired_layer_control/large_seed3407/long_common_scan/B/videos/B_193/location_03.mp4,True,1.0,0,1.762433093295129,0.0009868340695269318,0.85533247020878,190.0,True,True,red,circle,0.1134704512288313,0.00015143911114253236,0.0037577649641843164,True,0.984375,0.9988649262202044
B_193,low,193,0,4,after block 3,3,2.364294482289853,2.3625000000000003,5.776375,2.3741250000000003,0.996594778660613,True,runs/pendulum/unified_mechanism_v2/paired_layer_control/large_seed3407/long_common_scan/B/videos/B_193/location_04.mp4,True,1.0,0,2.7022353475404417,0.0010908056789339926,2.10120173312317,189.0,True,True,red,circle,0.11364590219427143,0.000389485347237758,0.0041736745647157686,True,0.984375,0.9988649262202044
B_193,low,193,0,5,after block 4,4,2.364294482289853,2.3625000000000003,5.776375,2.3625000000000003,1.0,True,runs/pendulum/unified_mechanism_v2/paired_layer_control/large_seed3407/long_common_scan/B/videos/B_193/location_05.mp4,True,0.984375,1,1.0198116052401958,0.001129473305133688,1.2562969295518023,189.0,True,True,red,circle,0.11334528456831479,0.0007342843987409613,0.0026698533405597057,True,0.984375,0.9977298524404086
B_193,low,193,0,6,after block 5,5,2.364294482289853,2.3625000000000003,5.776375,2.3702500000000004,0.9977298524404086,True,runs/pendulum/unified_mechanism_v2/paired_layer_control/large_seed3407/long_common_scan/B/videos/B_193/location_06.mp4,True,0.984375,1,0.9850887491839608,0.0012189754987396717,1.227373252453639,184.0,True,True,red,circle,0.1148273151443069,-0.000609213950283632,0.0027061341656120976,True,0.984375,0.9954597048808173
B_193,low,193,0,7,after block 6,6,2.364294482289853,2.3625000000000003,5.776375,2.3625000000000003,1.0,True,runs/pendulum/unified_mechanism_v2/paired_layer_control/large_seed3407/long_common_scan/B/videos/B_193/location_07.mp4,True,0.984375,1,0.9510538646116768,0.00112803034747877,1.2762477819173594,183.0,True,True,red,circle,0.11503872431963764,-0.0018697519740820442,0.0027488813498989977,True,0.984375,0.996594778660613
B_193,low,193,0,8,after block 7,7,2.364294482289853,2.3625000000000003,5.776375,2.3741250000000003,0.996594778660613,True,runs/pendulum/unified_mechanism_v2/paired_layer_control/large_seed3407/long_common_scan/B/videos/B_193/location_08.mp4,True,0.984375,1,0.9658673610912867,0.0012220701195539974,1.0273318014566706,180.0,True,True,red,circle,0.11549971002709304,-0.0031294548958235983,0.0029882558781352373,True,0.984375,0.9931895573212259
B_193,low,193,0,9,after block 8,8,2.364294482289853,2.3625000000000003,5.776375,2.381875,0.9943246311010216,True,runs/pendulum/unified_mechanism_v2/paired_layer_control/large_seed3407/long_common_scan/B/videos/B_193/location_09.mp4,True,0.984375,1,0.9010671393329006,0.001222989630073057,0.967902523297642,179.0,True,True,red,circle,0.11577764464892208,-0.003357502449886737,0.003150058405927112,True,0.984375,0.9909194097616345
B_193,low,193,0,10,after block 9,9,2.364294482289853,2.3625000000000003,5.776375,2.3625000000000003,1.0,True,runs/pendulum/unified_mechanism_v2/paired_layer_control/large_seed3407/long_common_scan/B/videos/B_193/location_10.mp4,True,0.984375,1,1.1260413953466786,0.0011921618985114568,0.7591795692797695,175.0,True,True,red,circle,0.1125164464361859,-0.004487591645422102,0.0037225439468158554,True,0.96875,0.9909194097616345
B_193,low,193,0,11,after block 10,10,2.364294482289853,2.3625000000000003,5.776375,2.3160000000000003,1.0136208853575481,True,runs/pendulum/unified_mechanism_v2/paired_layer_control/large_seed3407/long_common_scan/B/videos/B_193/location_11.mp4,True,1.0,0,8.728139946370009,0.08574675353583489,3.1866017719354276,38.5,True,True,blue,circle,0.06755118730310362,0.05456906065779735,0.022142631823400725,False,0.171875,-0.47559591373439297
B_193,low,193,0,12,after block 11,11,2.364294482289853,2.3625000000000003,5.776375,2.285,1.0227014755959138,False,runs/pendulum/unified_mechanism_v2/paired_layer_control/large_seed3407/long_common_scan/B/videos/B_193/location_12.mp4,True,1.0,0,2.9459221709511634,0.028756106118743463,3.025907720807632,137.0,True,True,blue,circle,0.08828824905085582,0.025874238480139415,0.01318382580006289,False,0.015625,nan
B_193,low,193,0,13,after block 12,12,2.364294482289853,2.3625000000000003,5.776375,2.3005000000000004,1.018161180476731,False,runs/pendulum/unified_mechanism_v2/paired_layer_control/large_seed3407/long_common_scan/B/videos/B_193/location_13.mp4,True,1.0,0,2.8306339913759513,0.021262407905267955,2.995528625892932,173.5,True,True,blue,circle,0.09891082241155037,0.0035933766559337597,0.005368515889057647,False,0.078125,nan
B_193,low,193,0,14,after block 13,13,2.364294482289853,2.3625000000000003,5.776375,2.3160000000000003,1.0136208853575481,False,runs/pendulum/unified_mechanism_v2/paired_layer_control/large_seed3407/long_common_scan/B/videos/B_193/location_14.mp4,True,1.0,0,2.8658581979335223,0.018871191514252567,3.263293823751446,180.0,True,True,blue,circle,0.09185758489947397,0.002921772552017639,0.00650209563734631,False,0.28125,1.0124858115777526
B_193,low,193,0,15,after block 14,14,2.364294482289853,2.3625000000000003,5.776375,2.3315,1.0090805902383655,False,runs/pendulum/unified_mechanism_v2/paired_layer_control/large_seed3407/long_common_scan/B/videos/B_193/location_15.mp4,True,1.0,0,2.645272425903394,0.018270333772601205,2.9986108777495537,180.5,True,True,blue,circle,0.08523293691737337,-0.0007497122944287865,0.00839707397612425,False,0.828125,1.024971623155505
B_193,low,193,0,16,after block 15,15,2.364294482289853,2.3625000000000003,5.776375,2.343125,1.0056753688989786,False,runs/pendulum/unified_mechanism_v2/paired_layer_control/large_seed3407/long_common_scan/B/videos/B_193/location_16.mp4,True,1.0,0,2.838977823058722,0.01913179019083361,2.975457096321927,182.0,True,True,blue,circle,0.08435738513632102,-0.0019602095832728147,0.008591800875997181,False,0.921875,1.0192962542565267
B_193,low,193,0,17,after block 16,16,2.364294482289853,2.3625000000000003,5.776375,2.3508750000000003,1.0034052213393871,False,runs/pendulum/unified_mechanism_v2/paired_layer_control/large_seed3407/long_common_scan/B/videos/B_193/location_17.mp4,True,1.0,0,2.3016519309944927,0.01816107770661024,3.1136695756696504,191.0,True,True,blue,circle,0.07904430432408348,-0.0014213565291681996,0.00901543325280147,True,1.0,1.00794551645857
B_193,low,193,0,18,after block 17,17,2.364294482289853,2.3625000000000003,5.776375,2.335375,1.00794551645857,False,runs/pendulum/unified_mechanism_v2/paired_layer_control/large_seed3407/long_common_scan/B/videos/B_193/location_18.mp4,True,1.0,0,2.7627345365252265,0.018291580837113824,3.138342981271025,192.5,True,True,blue,circle,0.07433182418773743,-0.0031855718045062974,0.010354671981115131,True,1.0,1.011350737797957
B_193,low,193,0,19,after block 18,18,2.364294482289853,2.3625000000000003,5.776375,2.3160000000000003,1.0136208853575481,False,runs/pendulum/unified_mechanism_v2/paired_layer_control/large_seed3407/long_common_scan/B/videos/B_193/location_19.mp4,True,1.0,0,2.6469168089107558,0.02150083307125744,2.9259290538912492,194.5,True,True,blue,circle,0.06933930019831841,-0.001815264519209523,0.012175036227938175,True,1.0,1.0192962542565267
B_193,low,193,0,20,after block 19,19,2.364294482289853,2.3625000000000003,5.776375,2.2540000000000004,1.0317820658342791,False,runs/pendulum/unified_mechanism_v2/paired_layer_control/large_seed3407/long_common_scan/B/videos/B_193/location_20.mp4,True,1.0,0,3.482946995507172,0.02147762289075314,2.732638603167888,198.5,True,True,blue,circle,0.06239311615334357,0.0027108851885240632,0.01658064291820622,True,1.0,1.0374574347332577
B_193,low,193,0,21,after block 20,20,2.364294482289853,2.3625000000000003,5.776375,2.2578750000000003,1.0306469920544836,False,runs/pendulum/unified_mechanism_v2/paired_layer_control/large_seed3407/long_common_scan/B/videos/B_193/location_21.mp4,True,1.0,0,3.2606837952159613,0.0216623286892019,2.814420352344755,202.0,True,True,blue,circle,0.060376010093913565,0.0028365137906724044,0.018617139573154355,True,1.0,1.0272417707150967
B_193,low,193,0,22,after block 21,21,2.364294482289853,2.3625000000000003,5.776375,2.223,1.0408626560726448,False,runs/pendulum/unified_mechanism_v2/paired_layer_control/large_seed3407/long_common_scan/B/videos/B_193/location_22.mp4,True,1.0,0,2.7264051571562797,0.020592247742491326,2.713852978881841,198.5,True,True,blue,circle,0.051220558996014035,-0.0015092750094705047,0.021317581483153717,True,1.0,1.0408626560726448
B_193,low,193,0,23,after block 22,22,2.364294482289853,2.3625000000000003,5.776375,2.1765000000000003,1.054483541430193,False,runs/pendulum/unified_mechanism_v2/paired_layer_control/large_seed3407/long_common_scan/B/videos/B_193/location_23.mp4,True,1.0,0,3.0314514447421,0.01786056445440304,2.8331588355159374,200.0,True,True,blue,circle,0.043609763361797484,-0.0011704782806474707,0.024789544346630856,True,1.0,1.0590238365493758
B_193,low,193,0,24,after block 23,23,2.364294482289853,2.3625000000000003,5.776375,2.18425,1.0522133938706018,False,runs/pendulum/unified_mechanism_v2/paired_layer_control/large_seed3407/long_common_scan/B/videos/B_193/location_24.mp4,True,1.0,0,2.5993174454707173,0.01756549885452116,2.714847381811804,206.0,True,True,blue,circle,0.040145715696879934,-0.0008256218768644544,0.026726198537138292,True,1.0,1.0510783200908058
B_193,low,193,0,25,after block 24,24,2.364294482289853,2.3625000000000003,5.776375,2.226875,1.0397275822928491,False,runs/pendulum/unified_mechanism_v2/paired_layer_control/large_seed3407/long_common_scan/B/videos/B_193/location_25.mp4,True,1.0,0,2.5682890199767208,0.018287790837821505,3.006173789389637,208.0,True,True,blue,circle,0.039343452661479594,-0.0023080765406260743,0.02740259254420971,True,1.0,1.0374574347332577
B_193,low,193,0,26,after block 25,25,2.364294482289853,2.3625000000000003,5.776375,2.242375,1.0351872871736663,False,runs/pendulum/unified_mechanism_v2/paired_layer_control/large_seed3407/long_common_scan/B/videos/B_193/location_26.mp4,True,1.0,0,2.640612221809684,0.01799214659418069,2.828774164769496,212.5,True,True,blue,circle,0.037763388918202134,-0.0011642597314218302,0.027624178901679397,True,1.0,1.0374574347332577
B_193,low,193,0,27,after block 26,26,2.364294482289853,2.3625000000000003,5.776375,5.791875,-0.004540295119182833,False,runs/pendulum/unified_mechanism_v2/paired_layer_control/large_seed3407/long_common_scan/B/videos/B_193/location_27.mp4,True,1.0,0,3.1324656276610927,0.01744146120190962,2.908783027825369,214.0,True,True,blue,circle,0.035920080735339935,-0.0001659721117429225,0.028398680197705983,True,1.0,1.0397275822928491
B_193,low,193,0,28,after block 27,27,2.364294482289853,2.3625000000000003,5.776375,5.799625,-0.006810442678774119,False,runs/pendulum/unified_mechanism_v2/paired_layer_control/large_seed3407/long_common_scan/B/videos/B_193/location_28.mp4,True,1.0,0,2.852862822932927,0.01689687868239767,2.3086410291927897,215.0,True,True,blue,circle,0.03808010345210245,-0.0014317706149146337,0.027761422357229233,True,1.0,-0.010215664018161309
B_193,low,193,0,29,after block 28,28,2.364294482289853,2.3625000000000003,5.776375,5.799625,-0.006810442678774119,False,runs/pendulum/unified_mechanism_v2/paired_layer_control/large_seed3407/long_common_scan/B/videos/B_193/location_29.mp4,True,1.0,0,2.848274056514441,0.01647599611463124,2.3607166776369244,212.0,True,True,blue,circle,0.03909417908689427,-0.0020812543380821706,0.027345822894780186,True,1.0,-0.007945516458570022
B_193,low,193,0,30,after block 29,29,2.364294482289853,2.3625000000000003,5.776375,5.7725,0.001135073779795643,False,runs/pendulum/unified_mechanism_v2/paired_layer_control/large_seed3407/long_common_scan/B/videos/B_193/location_30.mp4,True,1.0,0,3.0542166875199834,0.01799928187593508,3.4017531755390187,213.0,True,True,blue,circle,0.043272232462601125,-0.0014896193181247656,0.0275880467428239,True,1.0,-0.0
B_217,low,217,0,0,embedding output,,2.6149614268251877,2.5988750000000005,5.977875,2.606625,0.9977064220183487,True,runs/pendulum/unified_mechanism_v2/paired_layer_control/large_seed3407/long_common_scan/B/videos/B_217/location_00.mp4,True,1.0,0,1.2640694008935653,0.0017545244645227887,0.2683382620566288,192.0,True,True,red,circle,0.12874028687302627,0.0005799497636170594,0.003589834838940194,True,0.984375,1.0
B_217,low,217,0,1,after block 0,0,2.6149614268251877,2.5988750000000005,5.977875,2.6027500000000003,0.9988532110091743,True,runs/pendulum/unified_mechanism_v2/paired_layer_control/large_seed3407/long_common_scan/B/videos/B_217/location_01.mp4,True,1.0,0,1.078627044311282,0.0017300615968721955,0.2611643332910632,192.0,True,True,red,circle,0.12910948809762057,0.0006680637833592808,0.0029770788042683322,True,0.984375,1.0011467889908259
B_217,low,217,0,2,after block 1,1,2.6149614268251877,2.5988750000000005,5.977875,2.6027500000000003,0.9988532110091743,True,runs/pendulum/unified_mechanism_v2/paired_layer_control/large_seed3407/long_common_scan/B/videos/B_217/location_02.mp4,True,1.0,0,1.328450314287354,0.0017310833654841928,0.29823879246688817,191.0,True,True,red,circle,0.12951726653124396,0.0005381699425989643,0.0035866671143504818,True,0.984375,1.0022935779816515
B_217,low,217,0,3,after block 2,2,2.6149614268251877,2.5988750000000005,5.977875,2.6027500000000003,0.9988532110091743,True,runs/pendulum/unified_mechanism_v2/paired_layer_control/large_seed3407/long_common_scan/B/videos/B_217/location_03.mp4,True,1.0,0,1.2755345126018613,0.0017585937925921336,0.6485048740729443,190.0,True,True,red,circle,0.1296784221116246,0.0006814807646691149,0.002966227222428388,True,0.984375,1.0022935779816515
B_217,low,217,0,4,after block 3,3,2.6149614268251877,2.5988750000000005,5.977875,2.5988750000000005,1.0,True,runs/pendulum/unified_mechanism_v2/paired_layer_control/large_seed3407/long_common_scan/B/videos/B_217/location_04.mp4,True,1.0,0,4.414928396362553,0.0017727403049662693,3.938794484030275,188.0,True,True,red,circle,0.12943955015930347,0.001033875416691049,0.0036627611471159666,True,0.984375,1.0011467889908259
B_217,low,217,0,5,after block 4,4,2.6149614268251877,2.5988750000000005,5.977875,2.595,1.0011467889908259,True,runs/pendulum/unified_mechanism_v2/paired_layer_control/large_seed3407/long_common_scan/B/videos/B_217/location_05.mp4,True,1.0,0,4.498662612144144,0.0017926664597386066,4.221866649819183,187.0,True,True,red,circle,0.1300717973155114,0.0012810040847271895,0.0030398890223115394,True,0.984375,1.0022935779816515
B_217,low,217,0,6,after block 5,5,2.6149614268251877,2.5988750000000005,5.977875,2.591125,1.0022935779816515,True,runs/pendulum/unified_mechanism_v2/paired_layer_control/large_seed3407/long_common_scan/B/videos/B_217/location_06.mp4,True,0.984375,1,1.0483888737083285,0.0017985601825057929,1.1088829821630912,184.0,True,True,red,circle,0.13110624529131276,-0.0006855910784192933,0.00290629501372073,True,0.984375,1.0022935779816515
B_217,low,217,0,7,after block 6,6,2.6149614268251877,2.5988750000000005,5.977875,2.591125,1.0022935779816515,True,runs/pendulum/unified_mechanism_v2/paired_layer_control/large_seed3407/long_common_scan/B/videos/B_217/location_07.mp4,True,0.984375,1,1.0120174891233906,0.001824986207213719,0.9831728597208818,182.0,True,True,red,circle,0.130947655307806,-0.0016051900714192586,0.003131094457156944,True,0.984375,1.0045871559633028
B_217,low,217,0,8,after block 7,7,2.6149614268251877,2.5988750000000005,5.977875,2.583375,1.0045871559633028,True,runs/pendulum/unified_mechanism_v2/paired_layer_control/large_seed3407/long_common_scan/B/videos/B_217/location_08.mp4,True,0.984375,1,1.0979074400475808,0.001666709508981623,1.104932447346508,181.0,True,True,red,circle,0.13221657526574976,-0.0023905686771540703,0.0038529778431476854,True,0.984375,1.0080275229357798
B_217,low,217,0,9,after block 8,8,2.6149614268251877,2.5988750000000005,5.977875,2.58725,1.0034403669724772,True,runs/pendulum/unified_mechanism_v2/paired_layer_control/large_seed3407/long_common_scan/B/videos/B_217/location_09.mp4,True,0.984375,1,1.1228480582844027,0.001655931972027569,1.0639340293602242,180.0,True,True,red,circle,0.13202527231077513,-0.0024918220619855676,0.004110868903978017,True,0.984375,1.0080275229357798
B_217,low,217,0,10,after block 9,9,2.6149614268251877,2.5988750000000005,5.977875,2.564,1.0103211009174313,True,runs/pendulum/unified_mechanism_v2/paired_layer_control/large_seed3407/long_common_scan/B/videos/B_217/location_10.mp4,True,0.984375,1,1.073959940285698,0.0017222023930128505,1.092094542071201,175.0,True,True,red,circle,0.12955843611961632,-0.0033034399376731817,0.003958866177934491,True,0.984375,1.021788990825688
B_217,low,217,0,11,after block 10,10,2.6149614268251877,2.5988750000000005,5.977875,2.552375,1.0137614678899083,True,runs/pendulum/unified_mechanism_v2/paired_layer_control/large_seed3407/long_common_scan/B/videos/B_217/location_11.mp4,True,0.984375,1,1.2220890820846444,0.00234119249994974,1.1507332287167928,164.0,True,True,red,circle,0.13010187978357343,-0.0048111078973977015,0.00515022143449525,False,0.375,1.1169724770642202
B_217,low,217,0,12,after block 11,11,2.6149614268251877,2.5988750000000005,5.977875,2.614375,0.9954128440366974,False,runs/pendulum/unified_mechanism_v2/paired_layer_control/large_seed3407/long_common_scan/B/videos/B_217/location_12.mp4,True,1.0,0,3.5195438371480803,0.027625273445414905,1.5779401019823915,144.0,True,True,blue,circle,0.11218955119013689,0.0173385072177606,0.014788009708883809,False,0.015625,nan
B_217,low,217,0,13,after block 12,12,2.6149614268251877,2.5988750000000005,5.977875,2.560125,1.011467889908257,False,runs/pendulum/unified_mechanism_v2/paired_layer_control/large_seed3407/long_common_scan/B/videos/B_217/location_13.mp4,True,1.0,0,3.218603228928494,0.018676016102368853,1.9989267161876558,174.5,True,True,blue,circle,0.11657430693852566,0.0030778763956651987,0.0048912503107680465,False,0.125,1.0126146788990826
B_217,low,217,0,14,after block 13,13,2.6149614268251877,2.5988750000000005,5.977875,2.57175,1.0080275229357798,False,runs/pendulum/unified_mechanism_v2/paired_layer_control/large_seed3407/long_common_scan/B/videos/B_217/location_14.mp4,True,1.0,0,2.886229126568114,0.01695943502100261,1.865018410823411,178.0,True,True,blue,circle,0.11241951925875815,0.002970479800115159,0.006026302865699605,False,0.34375,0.9082568807339451
B_217,low,217,0,15,after block 14,14,2.6149614268251877,2.5988750000000005,5.977875,2.521375,1.022935779816514,False,runs/pendulum/unified_mechanism_v2/paired_layer_control/large_seed3407/long_common_scan/B/videos/B_217/location_15.mp4,True,1.0,0,2.5728691805677184,0.0173931909944742,0.791130475053051,177.5,True,True,blue,circle,0.10628185342439654,0.0009692587177774899,0.008362219261627222,False,0.828125,1.029816513761468
B_217,low,217,0,16,after block 15,15,2.6149614268251877,2.5988750000000005,5.977875,2.498125,1.029816513761468,False,runs/pendulum/unified_mechanism_v2/paired_layer_control/large_seed3407/long_common_scan/B/videos/B_217/location_16.mp4,True,1.0,0,2.896850350249598,0.018214266759715297,0.36942394174617993,180.0,True,True,blue,circle,0.10334224195659969,0.0007563497623236461,0.009241308408226246,True,1.0,0.9908256880733946
B_217,low,217,0,17,after block 16,16,2.6149614268251877,2.5988750000000005,5.977875,2.4555000000000002,1.0424311926605505,False,runs/pendulum/unified_mechanism_v2/paired_layer_control/large_seed3407/long_common_scan/B/videos/B_217/location_17.mp4,True,1.0,0,3.1238171159254806,0.017939753671972036,0.369236274263074,188.5,True,True,blue,circle,0.10065904982362234,0.0022949343357200123,0.010053596655404212,True,1.0,1.044724770642202
B_217,low,217,0,18,after block 17,17,2.6149614268251877,2.5988750000000005,5.977875,2.44775,1.044724770642202,False,runs/pendulum/unified_mechanism_v2/paired_layer_control/large_seed3407/long_common_scan/B/videos/B_217/location_18.mp4,True,1.0,0,2.818524420059617,0.01731408298800885,0.32267431786601647,186.5,True,True,blue,circle,0.09482027948318363,0.0015448695579063194,0.012845075555853323,True,1.0,1.0516055045871562
B_217,low,217,0,19,after block 18,18,2.6149614268251877,2.5988750000000005,5.977875,2.428375,1.0504587155963305,False,runs/pendulum/unified_mechanism_v2/paired_layer_control/large_seed3407/long_common_scan/B/videos/B_217/location_19.mp4,True,1.0,0,2.2112781954887235,0.01829332199029965,0.3077488838309918,189.0,True,True,blue,circle,0.08943925070422068,0.00202784523882065,0.01633715311841915,True,1.0,1.0516055045871562
B_217,low,217,0,20,after block 19,19,2.6149614268251877,2.5988750000000005,5.977875,2.366375,1.0688073394495414,False,runs/pendulum/unified_mechanism_v2/paired_layer_control/large_seed3407/long_common_scan/B/videos/B_217/location_20.mp4,True,1.0,0,2.6902715613983776,0.01924252289976472,0.4458907935216761,194.5,True,True,blue,circle,0.07754293353286372,0.007000090931818794,0.02457526850163281,True,1.0,1.0711009174311927
B_217,low,217,0,21,after block 20,20,2.6149614268251877,2.5988750000000005,5.977875,2.288875,1.0917431192660552,False,runs/pendulum/unified_mechanism_v2/paired_layer_control/large_seed3407/long_common_scan/B/videos/B_217/location_21.mp4,True,1.0,0,3.1488737080014944,0.019043447638623673,0.47785707847972214,198.0,True,True,blue,circle,0.07488302642958113,0.009018906104621412,0.029690195777791747,True,1.0,1.0928899082568808
B_217,low,217,0,22,after block 21,21,2.6149614268251877,2.5988750000000005,5.977875,2.18425,1.1227064220183487,False,runs/pendulum/unified_mechanism_v2/paired_layer_control/large_seed3407/long_common_scan/B/videos/B_217/location_22.mp4,True,1.0,0,2.8964880598821283,0.01905154993844632,1.1041987662602986,195.0,True,True,blue,circle,0.06637446481775379,0.0065526342814192645,0.03180545044814128,True,1.0,1.1169724770642202
B_217,low,217,0,23,after block 22,22,2.6149614268251877,2.5988750000000005,5.977875,1.5875000000000001,1.2993119266055047,False,runs/pendulum/unified_mechanism_v2/paired_layer_control/large_seed3407/long_common_scan/B/videos/B_217/location_23.mp4,True,1.0,0,2.9539538009436535,0.01671819511499556,1.8990387712574852,197.0,True,True,blue,circle,0.06687846275357973,0.025823738187925285,0.03719950174878595,True,1.0,1.264908256880734
B_217,low,217,0,24,after block 23,23,2.6149614268251877,2.5988750000000005,5.977875,1.2000000000000002,1.4139908256880735,False,runs/pendulum/unified_mechanism_v2/paired_layer_control/large_seed3407/long_common_scan/B/videos/B_217/location_24.mp4,True,1.0,0,3.0009441846315807,0.019327087723348013,1.5853651623493006,205.5,True,True,blue,circle,0.090198024125391,0.054521315455536803,0.03990655991192873,True,1.0,1.4139908256880735
B_217,low,217,0,25,after block 24,24,2.6149614268251877,2.5988750000000005,5.977875,6.09025,-0.03325688073394499,False,runs/pendulum/unified_mechanism_v2/paired_layer_control/large_seed3407/long_common_scan/B/videos/B_217/location_25.mp4,True,1.0,0,2.9600071443788387,0.018873117742861906,1.4657755178525815,206.5,True,True,blue,circle,0.05331387980356421,0.007636414052881712,0.03947230265108125,True,1.0,-0.02752293577981651
B_217,low,217,0,26,after block 25,25,2.6149614268251877,2.5988750000000005,5.977875,6.0825000000000005,-0.030963302752293705,False,runs/pendulum/unified_mechanism_v2/paired_layer_control/large_seed3407/long_common_scan/B/videos/B_217/location_26.mp4,True,1.0,0,2.9035101941430903,0.019634027355331013,1.787307466227269,211.0,True,True,blue,circle,0.05260351251048369,0.008463353107541758,0.038193503797721816,True,1.0,-0.02293577981651367
B_217,low,217,0,27,after block 26,26,2.6149614268251877,2.5988750000000005,5.977875,6.063125,-0.025229357798165222,False,runs/pendulum/unified_mechanism_v2/paired_layer_control/large_seed3407/long_common_scan/B/videos/B_217/location_27.mp4,True,1.0,0,2.9070658876899316,0.01974587038189768,1.973181357594018,212.0,True,True,blue,circle,0.054801718417976146,0.008168788195467801,0.03788530589502282,True,1.0,-0.018348623853211093
B_217,low,217,0,28,after block 27,27,2.6149614268251877,2.5988750000000005,5.977875,6.032125,-0.016055045871559544,False,runs/pendulum/unified_mechanism_v2/paired_layer_control/large_seed3407/long_common_scan/B/videos/B_217/location_28.mp4,True,1.0,0,2.886638325691976,0.018991002518076505,2.317781255625305,209.0,True,True,blue,circle,0.05746569970181838,0.007033575623976209,0.03768365653300629,True,1.0,-0.009174311926605415
B_217,low,217,0,29,after block 28,28,2.6149614268251877,2.5988750000000005,5.977875,6.0127500000000005,-0.010321100917431322,False,runs/pendulum/unified_mechanism_v2/paired_layer_control/large_seed3407/long_common_scan/B/videos/B_217/location_29.mp4,True,1.0,0,3.123158307529785,0.01931185561161544,2.5403221167443926,210.0,True,True,blue,circle,0.05875226743157455,0.006843123770527244,0.03728640636726362,True,1.0,-0.006880733944954127
B_217,low,217,0,30,after block 29,29,2.6149614268251877,2.5988750000000005,5.977875,5.98175,-0.0011467889908256441,False,runs/pendulum/unified_mechanism_v2/paired_layer_control/large_seed3407/long_common_scan/B/videos/B_217/location_30.mp4,True,1.0,0,2.9727584577743276,0.019307899882335833,2.4369729701418064,209.5,True,True,blue,circle,0.06363947180260414,0.007640435534369807,0.03746464708746157,True,1.0,-0.0
B_219,low,219,0,0,embedding output,,2.7713958167560184,2.75,6.001125,2.75,1.0,True,runs/pendulum/unified_mechanism_v2/paired_layer_control/large_seed3407/long_common_scan/B/videos/B_219/location_00.mp4,True,0.984375,1,0.8697598051821325,0.001622149207912038,0.21102354593794787,193.0,True,True,red,circle,0.10844609903240333,0.00043775764465040125,0.0027896555006633227,True,0.984375,1.0
B_219,low,219,0,1,after block 0,0,2.7713958167560184,2.75,6.001125,2.75,1.0,True,runs/pendulum/unified_mechanism_v2/paired_layer_control/large_seed3407/long_common_scan/B/videos/B_219/location_01.mp4,True,0.984375,1,0.8774235817802934,0.0016473979535590044,0.24654281763787847,193.0,True,True,red,circle,0.10854269269584439,0.000387913946880256,0.00272116544978262,True,0.984375,1.0
B_219,low,219,0,2,after block 1,1,2.7713958167560184,2.75,6.001125,2.746125,1.00119189511323,True,runs/pendulum/unified_mechanism_v2/paired_layer_control/large_seed3407/long_common_scan/B/videos/B_219/location_02.mp4,True,0.984375,1,0.8738400232392546,0.0015904987193514075,0.24654281763787847,191.0,True,True,red,circle,0.10886963345144259,0.0002489057114870655,0.002615286383595081,True,0.984375,1.00119189511323
B_219,low,219,0,3,after block 2,2,2.7713958167560184,2.75,6.001125,2.746125,1.00119189511323,True,runs/pendulum/unified_mechanism_v2/paired_layer_control/large_seed3407/long_common_scan/B/videos/B_219/location_03.mp4,True,0.984375,1,0.9204307964431337,0.0014647459232537963,0.20317451920836252,191.0,True,True,red,circle,0.10887464396565394,0.00023688500260816972,0.002821567942188918,True,0.984375,1.0
B_219,low,219,0,4,after block 3,3,2.7713958167560184,2.75,6.001125,2.746125,1.00119189511323,True,runs/pendulum/unified_mechanism_v2/paired_layer_control/large_seed3407/long_common_scan/B/videos/B_219/location_04.mp4,True,0.984375,1,0.8600917445036487,0.0013895958884572734,0.3284886201928584,190.0,True,True,red,circle,0.10903090023745556,0.0006338278632452121,0.00281164441739056,True,0.984375,1.00119189511323
B_219,low,219,0,5,after block 4,4,2.7713958167560184,2.75,6.001125,2.746125,1.00119189511323,True,runs/pendulum/unified_mechanism_v2/paired_layer_control/large_seed3407/long_common_scan/B/videos/B_219/location_05.mp4,True,0.984375,1,0.9058671458385954,0.0014670216350600729,0.3284886201928584,190.0,True,True,red,circle,0.10946320023859,0.0007124258421990565,0.002879728115925304,True,0.984375,1.00119189511323
B_219,low,219,0,6,after block 5,5,2.7713958167560184,2.75,6.001125,2.7383750000000004,1.00357568533969,True,runs/pendulum/unified_mechanism_v2/paired_layer_control/large_seed3407/long_common_scan/B/videos/B_219/location_06.mp4,True,0.984375,1,0.9068070282526052,0.0013223207688456973,0.34344125020136673,185.0,True,True,red,circle,0.11143609787880533,-0.0005681346004412249,0.003091304415070015,True,0.984375,1.00357568533969
B_219,low,219,0,7,after block 6,6,2.7713958167560184,2.75,6.001125,2.7383750000000004,1.00357568533969,True,runs/pendulum/unified_mechanism_v2/paired_layer_control/large_seed3407/long_common_scan/B/videos/B_219/location_07.mp4,True,0.984375,1,0.9971652550023828,0.0013326437726835505,0.3915711275065908,184.0,True,True,red,circle,0.11124282207658354,-0.001308150518614044,0.003087243740214963,True,0.984375,1.0059594755661503
B_219,low,219,0,8,after block 7,7,2.7713958167560184,2.75,6.001125,2.7383750000000004,1.00357568533969,True,runs/pendulum/unified_mechanism_v2/paired_layer_control/large_seed3407/long_common_scan/B/videos/B_219/location_08.mp4,True,0.984375,1,0.9063549007144749,0.0013377780052947208,0.4954821823564931,181.0,True,True,red,circle,0.11177268380453578,-0.0022570130602718695,0.0030992313967162866,True,0.984375,1.0107270560190702
B_219,low,219,0,9,after block 8,8,2.7713958167560184,2.75,6.001125,2.7345,1.0047675804529201,True,runs/pendulum/unified_mechanism_v2/paired_layer_control/large_seed3407/long_common_scan/B/videos/B_219/location_09.mp4,True,0.984375,1,0.9501678576626466,0.001534038229921597,0.564917028703629,180.0,True,True,red,circle,0.11185054835581998,-0.002514337852674842,0.003230176790345551,True,0.984375,1.0107270560190702
B_219,low,219,0,10,after block 9,9,2.7713958167560184,2.75,6.001125,2.722875,1.0083432657926101,True,runs/pendulum/unified_mechanism_v2/paired_layer_control/large_seed3407/long_common_scan/B/videos/B_219/location_10.mp4,True,0.984375,1,1.103843324572531,0.0013708145757121426,0.6229213709023601,174.0,True,True,red,circle,0.11017875419006219,-0.003910881126653062,0.0035607586455892017,True,0.984375,1.0297973778307508
B_219,low,219,0,11,after block 10,10,2.7713958167560184,2.75,6.001125,2.6725000000000003,1.0238379022646007,True,runs/pendulum/unified_mechanism_v2/paired_layer_control/large_seed3407/long_common_scan/B/videos/B_219/location_11.mp4,True,0.984375,1,1.0773863135942614,0.002288932663737253,1.3632584649686845,163.0,True,True,red,circle,0.11008124793525595,-0.005846319108634487,0.00430591715375293,False,0.40625,1.0190703218116806
B_219,low,219,0,12,after block 11,11,2.7713958167560184,2.75,6.001125,2.7655000000000003,0.9952324195470797,False,runs/pendulum/unified_mechanism_v2/paired_layer_control/large_seed3407/long_common_scan/B/videos/B_219/location_12.mp4,True,1.0,0,4.733602152511676,0.032944902801944675,0.05685777578101549,137.0,True,True,blue,circle,0.0812752715039408,0.02323815786166552,0.01596633145729619,False,0.03125,nan
B_219,low,219,0,13,after block 12,12,2.7713958167560184,2.75,6.001125,2.707375,1.0131108462455305,False,runs/pendulum/unified_mechanism_v2/paired_layer_control/large_seed3407/long_common_scan/B/videos/B_219/location_13.mp4,True,1.0,0,3.6791680116638155,0.018183515373807968,0.028896515097245917,175.0,True,True,blue,circle,0.09456048589555643,0.004835406431838347,0.004968709560932639,False,0.125,1.4767580452920142
B_219,low,219,0,14,after block 13,13,2.7713958167560184,2.75,6.001125,2.7190000000000003,1.0095351609058403,False,runs/pendulum/unified_mechanism_v2/paired_layer_control/large_seed3407/long_common_scan/B/videos/B_219/location_14.mp4,True,1.0,0,3.1174113686273497,0.01727121751047689,0.37877297177941444,180.5,True,True,blue,circle,0.08906997382693228,0.004184381551211455,0.005368338979082408,False,0.328125,0.8522050059594756
B_219,low,219,0,15,after block 14,14,2.7713958167560184,2.75,6.001125,2.66475,1.0262216924910608,False,runs/pendulum/unified_mechanism_v2/paired_layer_control/large_seed3407/long_common_scan/B/videos/B_219/location_15.mp4,True,1.0,0,3.3005636341710556,0.018443409641283465,1.2245491081296056,177.5,True,True,blue,circle,0.08399462319517918,0.0014801645238187407,0.007683053020235406,True,0.921875,0.9833134684147795
B_219,low,219,0,16,after block 15,15,2.7713958167560184,2.75,6.001125,2.657,1.0286054827175208,False,runs/pendulum/unified_mechanism_v2/paired_layer_control/large_seed3407/long_common_scan/B/videos/B_219/location_16.mp4,True,1.0,0,2.8441492184946253,0.018078012463256937,1.7518057866510939,177.0,True,True,blue,circle,0.08120932907185516,0.00037033265907074646,0.008113115030570262,False,0.9375,0.9630512514898688
B_219,low,219,0,17,after block 16,16,2.7713958167560184,2.75,6.001125,2.61825,1.0405244338498212,False,runs/pendulum/unified_mechanism_v2/paired_layer_control/large_seed3407/long_common_scan/B/videos/B_219/location_17.mp4,True,1.0,0,3.04138990209026,0.018278680804661745,1.3644145299054542,186.5,True,True,blue,circle,0.07838928321727166,0.0010269183330974608,0.009384222702308976,True,1.0,1.0381406436233611
B_219,low,219,0,18,after block 17,17,2.7713958167560184,2.75,6.001125,2.637625,1.0345649582836711,False,runs/pendulum/unified_mechanism_v2/paired_layer_control/large_seed3407/long_common_scan/B/videos/B_219/location_18.mp4,True,1.0,0,2.727151953927081,0.017906909860721826,1.8759842917655356,187.5,True,True,blue,circle,0.07317910578541138,-0.0005708561526604204,0.01182044854556142,True,1.0,1.0321811680572108
B_219,low,219,0,19,after block 18,18,2.7713958167560184,2.75,6.001125,2.614375,1.0417163289630513,False,runs/pendulum/unified_mechanism_v2/paired_layer_control/large_seed3407/long_common_scan/B/videos/B_219/location_19.mp4,True,1.0,0,2.7396599666225123,0.019570463335765703,1.9927510807365232,191.0,True,True,blue,circle,0.06904217961833256,0.00022905921127155417,0.014028899847064579,True,1.0,1.0417163289630513
B_219,low,219,0,20,after block 19,19,2.7713958167560184,2.75,6.001125,2.5562500000000004,1.0595947556615017,False,runs/pendulum/unified_mechanism_v2/paired_layer_control/large_seed3407/long_common_scan/B/videos/B_219/location_20.mp4,True,1.0,0,3.112639588471123,0.020993397747378212,1.941626283203723,199.5,True,True,blue,circle,0.059791761341736645,0.006252250337666906,0.02007374392410438,True,1.0,1.0595947556615017
B_219,low,219,0,21,after block 20,20,2.7713958167560184,2.75,6.001125,2.49425,1.0786650774731823,False,runs/pendulum/unified_mechanism_v2/paired_layer_control/large_seed3407/long_common_scan/B/videos/B_219/location_21.mp4,True,1.0,0,3.15802127198668,0.02143668880780969,1.9112170781344284,203.5,True,True,blue,circle,0.05754950150307902,0.006976316772727879,0.022976643212492945,True,1.0,1.0834326579261024
B_219,low,219,0,22,after block 21,21,2.7713958167560184,2.75,6.001125,2.389625,1.1108462455303934,False,runs/pendulum/unified_mechanism_v2/paired_layer_control/large_seed3407/long_common_scan/B/videos/B_219/location_22.mp4,True,1.0,0,2.8999276204616713,0.020327535751436282,2.1374025780386203,197.5,True,True,blue,circle,0.05044067889770449,0.004639726076021921,0.026491461032004046,True,1.0,1.1179976162097736
B_219,low,219,0,23,after block 22,22,2.7713958167560184,2.75,6.001125,2.02925,1.2216924910607865,False,runs/pendulum/unified_mechanism_v2/paired_layer_control/large_seed3407/long_common_scan/B/videos/B_219/location_23.mp4,True,1.0,0,3.0571558163803383,0.019347918579398243,2.894807865243226,200.0,True,True,blue,circle,0.04023400092137113,0.008945356139655325,0.03171564036093622,True,1.0,1.2205005959475566
B_219,low,219,0,24,after block 23,23,2.7713958167560184,2.75,6.001125,1.6843750000000002,1.3277711561382597,False,runs/pendulum/unified_mechanism_v2/paired_layer_control/large_seed3407/long_common_scan/B/videos/B_219/location_24.mp4,True,1.0,0,2.6926025170602226,0.020272751824017943,2.9317415510558056,205.5,True,True,blue,circle,0.0443484464217612,0.017267990855278383,0.03298990875644256,True,1.0,1.2932061978545888
B_219,low,219,0,25,after block 24,24,2.7713958167560184,2.75,6.001125,6.18325,-0.056019070321811706,False,runs/pendulum/unified_mechanism_v2/paired_layer_control/large_seed3407/long_common_scan/B/videos/B_219/location_25.mp4,True,1.0,0,2.6182846197822243,0.018063522856409803,2.582842904075734,206.0,True,True,blue,circle,0.04188970017398701,0.008405143415462625,0.033006865009197695,True,1.0,-0.040524433849821295
B_219,low,219,0,26,after block 25,25,2.7713958167560184,2.75,6.001125,6.179375,-0.05482717520858172,False,runs/pendulum/unified_mechanism_v2/paired_layer_control/large_seed3407/long_common_scan/B/videos/B_219/location_26.mp4,True,1.0,0,2.516944065746377,0.01865689866707626,3.2289325212920192,210.0,True,True,blue,circle,0.04147391313358564,0.008951484102990423,0.032133424538063296,True,1.0,-0.03337306317044108
B_219,low,219,0,27,after block 26,26,2.7713958167560184,2.75,6.001125,6.140625,-0.042908224076281275,False,runs/pendulum/unified_mechanism_v2/paired_layer_control/large_seed3407/long_common_scan/B/videos/B_219/location_27.mp4,True,1.0,0,2.6775164598537518,0.01833534157670727,3.3217612716201432,211.5,True,True,blue,circle,0.04270451035018948,0.009252681632775057,0.032490745807632365,True,1.0,-0.02860548271752085
B_219,low,219,0,28,after block 27,27,2.7713958167560184,2.75,6.001125,6.1135,-0.03456495828367107,False,runs/pendulum/unified_mechanism_v2/paired_layer_control/large_seed3407/long_common_scan/B/videos/B_219/location_28.mp4,True,1.0,0,2.803213018218757,0.018077234318828572,3.185223698373768,211.0,True,True,blue,circle,0.04371303707279504,0.00862228677597849,0.03306770891427834,True,1.0,-0.021454112038140637
B_219,low,219,0,29,after block 28,28,2.7713958167560184,2.75,6.001125,6.098,-0.02979737783075084,False,runs/pendulum/unified_mechanism_v2/paired_layer_control/large_seed3407/long_common_scan/B/videos/B_219/location_29.mp4,True,1.0,0,2.750722047571585,0.01805254301678219,3.117000552080149,210.0,True,True,blue,circle,0.04422204316809964,0.008866017596589214,0.033174229996032464,True,1.0,-0.016686531585220404
B_219,low,219,0,30,after block 29,29,2.7713958167560184,2.75,6.001125,6.04375,-0.013110846245530435,False,runs/pendulum/unified_mechanism_v2/paired_layer_control/large_seed3407/long_common_scan/B/videos/B_219/location_30.mp4,True,1.0,0,3.114653982804789,0.018394935653735345,3.1347374822785596,210.0,True,True,blue,circle,0.04906145806885867,0.009912161462462939,0.03366327369514379,True,1.0,-0.0
B_235,low,235,0,0,embedding output,,2.2441594400998044,2.26175,6.0205,2.2578750000000003,1.0010309278350515,True,runs/pendulum/unified_mechanism_v2/paired_layer_control/large_seed3407/long_common_scan/B/videos/B_235/location_00.mp4,True,1.0,0,0.9824814376252273,0.001671047367664602,0.6729538256446648,191.0,True,True,red,circle,0.13103035596388862,0.0006049929888605018,0.0031313086651825928,True,0.984375,1.0010309278350515
B_235,low,235,0,1,after block 0,0,2.2441594400998044,2.26175,6.0205,2.2578750000000003,1.0010309278350515,True,runs/pendulum/unified_mechanism_v2/paired_layer_control/large_seed3407/long_common_scan/B/videos/B_235/location_01.mp4,True,1.0,0,0.9457585643090022,0.0015922457772690746,0.6658787963248979,191.0,True,True,red,circle,0.13131834167490622,0.0004392361822700642,0.0030586365825143974,True,0.984375,1.0010309278350515
B_235,low,235,0,2,after block 1,1,2.2441594400998044,2.26175,6.0205,2.26175,1.0,True,runs/pendulum/unified_mechanism_v2/paired_layer_control/large_seed3407/long_common_scan/B/videos/B_235/location_02.mp4,True,1.0,0,0.9862578217639956,0.0017097444969699782,0.6421406901859661,189.0,True,True,red,circle,0.1317673528462098,0.000456791647146691,0.0031246478351190806,True,0.984375,0.9989690721649485
B_235,low,235,0,3,after block 2,2,2.2441594400998044,2.26175,6.0205,2.26175,1.0,True,runs/pendulum/unified_mechanism_v2/paired_layer_control/large_seed3407/long_common_scan/B/videos/B_235/location_03.mp4,True,1.0,0,0.9726528040803127,0.0017110868617632724,0.5430977951643177,188.5,True,True,red,circle,0.13173287548645007,0.0004632689719738498,0.003161137892936567,True,0.984375,1.0
B_235,low,235,0,4,after block 3,3,2.2441594400998044,2.26175,6.0205,2.26175,1.0,True,runs/pendulum/unified_mechanism_v2/paired_layer_control/large_seed3407/long_common_scan/B/videos/B_235/location_04.mp4,True,1.0,0,1.0112109175682296,0.0015276328947227968,0.5283332434784178,187.0,True,True,red,circle,0.13203130774895866,0.0009260256080407509,0.0034090213843020753,True,0.984375,1.0
B_235,low,235,0,5,after block 4,4,2.2441594400998044,2.26175,6.0205,2.2578750000000003,1.0010309278350515,True,runs/pendulum/unified_mechanism_v2/paired_layer_control/large_seed3407/long_common_scan/B/videos/B_235/location_05.mp4,True,1.0,0,0.9298129004415053,0.0015930100473778575,0.546651139947308,187.0,True,True,red,circle,0.13229036576300846,0.0009317843880946266,0.0034898996398108287,True,0.984375,1.0
B_235,low,235,0,6,after block 5,5,2.2441594400998044,2.26175,6.0205,2.265625,0.9989690721649485,True,runs/pendulum/unified_mechanism_v2/paired_layer_control/large_seed3407/long_common_scan/B/videos/B_235/location_06.mp4,True,1.0,0,0.9104142067505298,0.0018217645622245204,0.54640346369567,183.0,True,True,red,circle,0.13347328915907686,0.0001995392883098861,0.00317381008129247,True,0.984375,1.0
B_235,low,235,0,7,after block 6,6,2.2441594400998044,2.26175,6.0205,2.265625,0.9989690721649485,True,runs/pendulum/unified_mechanism_v2/paired_layer_control/large_seed3407/long_common_scan/B/videos/B_235/location_07.mp4,True,1.0,0,0.934256487767,0.0018788907652085574,0.45782208626897386,180.5,True,True,red,circle,0.13362892102096643,-0.0004135745061266409,0.0031248489879365767,True,0.984375,1.0010309278350515
B_235,low,235,0,8,after block 7,7,2.2441594400998044,2.26175,6.0205,2.250125,1.0030927835051546,True,runs/pendulum/unified_mechanism_v2/paired_layer_control/large_seed3407/long_common_scan/B/videos/B_235/location_08.mp4,True,1.0,0,0.9800351909986197,0.0018062913762612876,0.855548797049998,178.0,True,True,red,circle,0.1342166655248595,-0.0015587057918570956,0.0036051704239755664,True,0.984375,0.9938144329896907
B_235,low,235,0,9,after block 8,8,2.2441594400998044,2.26175,6.0205,2.2540000000000004,1.002061855670103,True,runs/pendulum/unified_mechanism_v2/paired_layer_control/large_seed3407/long_common_scan/B/videos/B_235/location_09.mp4,True,1.0,0,1.0609230111193166,0.001876367486154551,1.5606532233676773,179.0,True,True,red,circle,0.13453262942241528,-0.0022461884242697323,0.003884637115629541,True,0.984375,0.98659793814433
B_235,low,235,0,10,after block 9,9,2.2441594400998044,2.26175,6.0205,2.2772500000000004,0.9958762886597937,True,runs/pendulum/unified_mechanism_v2/paired_layer_control/large_seed3407/long_common_scan/B/videos/B_235/location_10.mp4,True,0.984375,1,0.850532488639029,0.001967667115877536,0.5247186791678267,174.0,True,True,red,circle,0.12812076154844693,-0.0005989714700152066,0.0034585157766808886,True,0.984375,0.979381443298969
B_235,low,235,0,11,after block 10,10,2.2441594400998044,2.26175,6.0205,1.7386250000000003,1.1391752577319585,True,runs/pendulum/unified_mechanism_v2/paired_layer_control/large_seed3407/long_common_scan/B/videos/B_235/location_11.mp4,True,1.0,0,9.543462378346009,0.08619085169551516,1.825763160652747,40.5,True,True,blue,circle,0.11835210081093832,0.028504553216149326,0.015558706899012646,False,0.25,0.07731958762886608
B_235,low,235,0,12,after block 11,11,2.2441594400998044,2.26175,6.0205,2.0021250000000004,1.0690721649484536,False,runs/pendulum/unified_mechanism_v2/paired_layer_control/large_seed3407/long_common_scan/B/videos/B_235/location_12.mp4,True,1.0,0,2.6453838682942776,0.030974861476601445,0.9272648982771231,142.5,True,True,blue,circle,0.11773596062811903,0.012802378790246644,0.011468951789107945,False,0.015625,nan
B_235,low,235,0,13,after block 12,12,2.2441594400998044,2.26175,6.0205,2.126125,1.0360824742268042,False,runs/pendulum/unified_mechanism_v2/paired_layer_control/large_seed3407/long_common_scan/B/videos/B_235/location_13.mp4,True,1.0,0,2.3179527417386803,0.01883976785725719,0.6389025130583184,173.5,True,True,blue,circle,0.11434641479396804,0.003577681992611271,0.005116898956971493,False,0.015625,nan
B_235,low,235,0,14,after block 13,13,2.2441594400998044,2.26175,6.0205,2.13,1.0350515463917527,False,runs/pendulum/unified_mechanism_v2/paired_layer_control/large_seed3407/long_common_scan/B/videos/B_235/location_14.mp4,True,1.0,0,1.8283581157145201,0.01774467720668449,0.47027821627580335,178.0,True,True,blue,circle,0.1074401590046989,0.0021925214808562574,0.005394797387557079,False,0.125,1.0402061855670104
B_235,low,235,0,15,after block 14,14,2.2441594400998044,2.26175,6.0205,2.1416250000000003,1.0319587628865978,False,runs/pendulum/unified_mechanism_v2/paired_layer_control/large_seed3407/long_common_scan/B/videos/B_235/location_15.mp4,True,1.0,0,2.3721271177733834,0.019058186241067032,0.4659004454457977,179.5,True,True,blue,circle,0.10014802774054425,5.634830528803574e-05,0.006281869566730387,False,0.65625,1.2824742268041236
B_235,low,235,0,16,after block 15,15,2.2441594400998044,2.26175,6.0205,2.1455,1.0309278350515463,False,runs/pendulum/unified_mechanism_v2/paired_layer_control/large_seed3407/long_common_scan/B/videos/B_235/location_16.mp4,True,1.0,0,2.4523532062562428,0.019057093989761714,0.5793538795737455,180.5,True,True,blue,circle,0.09860756151992169,-0.0014723516040930013,0.006317420343609855,False,0.75,1.2824742268041236
B_235,low,235,0,17,after block 16,16,2.2441594400998044,2.26175,6.0205,2.1532500000000003,1.0288659793814432,False,runs/pendulum/unified_mechanism_v2/paired_layer_control/large_seed3407/long_common_scan/B/videos/B_235/location_17.mp4,True,1.0,0,2.1218588048869536,0.018567751706562247,0.6292609610577706,190.5,True,True,blue,circle,0.09389261658749773,-0.00015169084421455984,0.0077507436262285005,True,1.0,1.0278350515463917
B_235,low,235,0,18,after block 17,17,2.2441594400998044,2.26175,6.0205,2.1416250000000003,1.0319587628865978,False,runs/pendulum/unified_mechanism_v2/paired_layer_control/large_seed3407/long_common_scan/B/videos/B_235/location_18.mp4,True,1.0,0,2.5736503733127383,0.018772602633912366,0.5632933988489082,185.5,True,True,blue,circle,0.08889590423627854,-0.0029199966651763526,0.008953355928628552,True,1.0,1.0319587628865978
B_235,low,235,0,19,after block 18,18,2.2441594400998044,2.26175,6.0205,2.102875,1.0422680412371135,False,runs/pendulum/unified_mechanism_v2/paired_layer_control/large_seed3407/long_common_scan/B/videos/B_235/location_19.mp4,True,1.0,0,2.5858310123425063,0.018428084742130313,0.7906542556123263,186.0,True,True,blue,circle,0.084289065545055,-0.003113099421693256,0.009661457588688863,True,1.0,1.045360824742268
B_235,low,235,0,20,after block 19,19,2.2441594400998044,2.26175,6.0205,1.940125,1.0855670103092783,False,runs/pendulum/unified_mechanism_v2/paired_layer_control/large_seed3407/long_common_scan/B/videos/B_235/location_20.mp4,True,1.0,0,1.9152878216549103,0.01678569773599739,1.2438485035291433,190.0,True,True,blue,circle,0.07835967026377078,-0.0013962750833303786,0.015552730282875148,True,1.0,1.0804123711340206
B_235,low,235,0,21,after block 20,20,2.2441594400998044,2.26175,6.0205,1.9905000000000002,1.0721649484536082,False,runs/pendulum/unified_mechanism_v2/paired_layer_control/large_seed3407/long_common_scan/B/videos/B_235/location_21.mp4,True,1.0,0,2.072375082743591,0.01772084423289197,1.4797142197510795,194.0,True,True,blue,circle,0.07410213457084956,0.0006779215074245706,0.019227903606412845,True,1.0,1.0721649484536082
B_235,low,235,0,22,after block 21,21,2.2441594400998044,2.26175,6.0205,1.9595000000000002,1.0804123711340206,False,runs/pendulum/unified_mechanism_v2/paired_layer_control/large_seed3407/long_common_scan/B/videos/B_235/location_22.mp4,True,1.0,0,3.948867699804673,0.019713676987456352,2.029844494395387,191.0,True,True,blue,circle,0.06271897286016366,-0.003785237288949672,0.022984899707399458,True,1.0,1.0804123711340206
B_235,low,235,0,23,after block 22,22,2.2441594400998044,2.26175,6.0205,1.7580000000000002,1.134020618556701,False,runs/pendulum/unified_mechanism_v2/paired_layer_control/large_seed3407/long_common_scan/B/videos/B_235/location_23.mp4,True,1.0,0,2.7691337394664925,0.019910644869290145,2.9924354683347136,195.5,True,True,blue,circle,0.05870479399485688,-0.008683221393548157,0.028471502987830574,True,1.0,1.1309278350515464
B_235,low,235,0,24,after block 23,23,2.2441594400998044,2.26175,6.0205,1.606875,1.1742268041237112,False,runs/pendulum/unified_mechanism_v2/paired_layer_control/large_seed3407/long_common_scan/B/videos/B_235/location_24.mp4,True,1.0,0,3.5289374954556925,0.019149216150503384,3.08481682879712,202.0,True,True,blue,circle,0.0583658233948169,-0.012490840111995409,0.03229819739695105,True,1.0,1.1742268041237112
B_235,low,235,0,25,after block 24,24,2.2441594400998044,2.26175,6.0205,1.692125,1.1515463917525774,False,runs/pendulum/unified_mechanism_v2/paired_layer_control/large_seed3407/long_common_scan/B/videos/B_235/location_25.mp4,True,1.0,0,3.828528602219404,0.017616181741641146,3.5179262621641354,209.5,True,True,blue,circle,0.05387652221015621,-0.011887095755415083,0.03357573243483875,True,1.0,1.1484536082474226
B_235,low,235,0,26,after block 25,25,2.2441594400998044,2.26175,6.0205,6.0592500000000005,-0.01030927835051554,False,runs/pendulum/unified_mechanism_v2/paired_layer_control/large_seed3407/long_common_scan/B/videos/B_235/location_26.mp4,True,1.0,0,3.734829977367726,0.01744718420971922,3.157549658176235,213.0,True,True,blue,circle,0.04592551306436897,-0.0008743204065024815,0.03380570730117681,True,1.0,1.1835051546391753
B_235,low,235,0,27,after block 26,26,2.2441594400998044,2.26175,6.0205,6.0360000000000005,-0.004123711340206263,False,runs/pendulum/unified_mechanism_v2/paired_layer_control/large_seed3407/long_common_scan/B/videos/B_235/location_27.mp4,True,1.0,0,3.536738062553674,0.01803865816749861,3.205105250229457,214.0,True,True,blue,circle,0.04744989355154388,-0.0003322369560434796,0.03297591761868953,True,1.0,-0.011340206185567046
B_235,low,235,0,28,after block 27,27,2.2441594400998044,2.26175,6.0205,6.0127500000000005,0.0020618556701030135,False,runs/pendulum/unified_mechanism_v2/paired_layer_control/large_seed3407/long_common_scan/B/videos/B_235/location_28.mp4,True,1.0,0,2.4432946426206112,0.017743911749607155,3.0605631523129944,215.0,True,True,blue,circle,0.049788700427093324,-0.001644594734522973,0.03289888122191709,True,1.0,-0.0020618556701030135
B_235,low,235,0,29,after block 28,28,2.2441594400998044,2.26175,6.0205,6.008875,0.0030927835051547566,False,runs/pendulum/unified_mechanism_v2/paired_layer_control/large_seed3407/long_common_scan/B/videos/B_235/location_29.mp4,True,1.0,0,2.5280920791437707,0.01663980619301922,3.410305001449946,213.5,True,True,blue,circle,0.05074784841013168,-0.0014559207894212392,0.032689075906030825,True,1.0,-0.00515463917525777
B_235,low,235,0,30,after block 29,29,2.2441594400998044,2.26175,6.0205,5.99725,0.006185567010309276,False,runs/pendulum/unified_mechanism_v2/paired_layer_control/large_seed3407/long_common_scan/B/videos/B_235/location_30.mp4,True,1.0,0,2.643193346255314,0.016827375393490107,3.2549246830838854,213.0,True,True,blue,circle,0.053856822175386655,-0.0005474495480294692,0.033562282556206434,True,1.0,-0.0
B_240,low,240,0,0,embedding output,,2.457981828769527,2.4555000000000002,5.954625,2.459375,0.9988925802879292,True,runs/pendulum/unified_mechanism_v2/paired_layer_control/large_seed3407/long_common_scan/B/videos/B_240/location_00.mp4,True,1.0,0,0.9624427483818546,0.0015966883404744947,0.09481897147500012,193.0,True,True,red,circle,0.13468737467033545,-0.0005548739726979218,0.002787918905247865,True,0.984375,1.0
B_240,low,240,0,1,after block 0,0,2.457981828769527,2.4555000000000002,5.954625,2.459375,0.9988925802879292,True,runs/pendulum/unified_mechanism_v2/paired_layer_control/large_seed3407/long_common_scan/B/videos/B_240/location_01.mp4,True,1.0,0,0.9624427483818546,0.001817485535606067,0.18715424822961862,192.5,True,True,red,circle,0.13489591425068817,-0.0004952383293256913,0.002566800790344902,True,0.984375,1.0
B_240,low,240,0,2,after block 1,1,2.457981828769527,2.4555000000000002,5.954625,2.4555000000000002,1.0,True,runs/pendulum/unified_mechanism_v2/paired_layer_control/large_seed3407/long_common_scan/B/videos/B_240/location_02.mp4,True,1.0,0,0.9516666101599569,0.001699379719021149,0.06947228638205297,192.0,True,True,red,circle,0.13547739344776313,-0.0003925391874684404,0.002839616778104221,True,0.984375,1.0
B_240,low,240,0,3,after block 2,2,2.457981828769527,2.4555000000000002,5.954625,2.459375,0.9988925802879292,True,runs/pendulum/unified_mechanism_v2/paired_layer_control/large_seed3407/long_common_scan/B/videos/B_240/location_03.mp4,True,1.0,0,0.9928318260603581,0.0016717555341954349,0.051749078384474186,192.5,True,True,red,circle,0.13527702777479933,-0.00045476332651551255,0.00291082580954328,True,0.984375,1.0
B_240,low,240,0,4,after block 3,3,2.457981828769527,2.4555000000000002,5.954625,2.4555000000000002,1.0,True,runs/pendulum/unified_mechanism_v2/paired_layer_control/large_seed3407/long_common_scan/B/videos/B_240/location_04.mp4,True,1.0,0,0.9331355810645475,0.0017464874475352221,0.3825596240296703,190.0,True,True,red,circle,0.13538411504247144,0.00036684259592384454,0.0027068350239634457,True,0.984375,1.001107419712071
B_240,low,240,0,5,after block 4,4,2.457981828769527,2.4555000000000002,5.954625,2.4555000000000002,1.0,True,runs/pendulum/unified_mechanism_v2/paired_layer_control/large_seed3407/long_common_scan/B/videos/B_240/location_05.mp4,True,1.0,0,0.9686626361903722,0.0016677245728190793,0.2679726551606213,189.0,True,True,red,circle,0.13529363618969442,0.0003178412454869511,0.0025541041891080926,True,0.984375,1.001107419712071
B_240,low,240,0,6,after block 5,5,2.457981828769527,2.4555000000000002,5.954625,2.474875,0.9944629014396457,True,runs/pendulum/unified_mechanism_v2/paired_layer_control/large_seed3407/long_common_scan/B/videos/B_240/location_06.mp4,True,1.0,0,3.2379691312204892,0.0018129829679656428,2.2845803174848602,185.0,True,True,red,circle,0.13529225462275812,-0.0025900679858413826,0.008096658440884155,True,0.984375,1.0033222591362125
B_240,low,240,0,7,after block 6,6,2.457981828769527,2.4555000000000002,5.954625,2.451625,1.001107419712071,True,runs/pendulum/unified_mechanism_v2/paired_layer_control/large_seed3407/long_common_scan/B/videos/B_240/location_07.mp4,True,0.984375,1,0.9963341706533455,0.0016829480459936708,0.9572285696914704,183.0,True,True,red,circle,0.13611871749964224,-0.0019524753362904852,0.00229117703875993,True,0.984375,1.0055370985603544
B_240,low,240,0,8,after block 7,7,2.457981828769527,2.4555000000000002,5.954625,2.44775,1.0022148394241417,True,runs/pendulum/unified_mechanism_v2/paired_layer_control/large_seed3407/long_common_scan/B/videos/B_240/location_08.mp4,True,0.984375,1,0.8908879871857113,0.0016547527815676255,0.9602433111955079,181.0,True,True,red,circle,0.13711311544322144,-0.002823894271609557,0.002634941838112081,True,0.984375,1.0121816168327797
B_240,low,240,0,9,after block 8,8,2.457981828769527,2.4555000000000002,5.954625,2.451625,1.001107419712071,True,runs/pendulum/unified_mechanism_v2/paired_layer_control/large_seed3407/long_common_scan/B/videos/B_240/location_09.mp4,True,0.984375,1,1.060876437529506,0.0016856418867596812,0.9465996038963244,181.0,True,True,red,circle,0.1367248478982016,-0.0027328488987607012,0.002868407169559324,True,0.984375,1.0121816168327797
B_240,low,240,0,10,after block 9,9,2.457981828769527,2.4555000000000002,5.954625,2.4206250000000002,1.0099667774086378,True,runs/pendulum/unified_mechanism_v2/paired_layer_control/large_seed3407/long_common_scan/B/videos/B_240/location_10.mp4,True,0.984375,1,1.0627673507111006,0.0017666728495925321,0.8249153536658816,176.0,True,True,red,circle,0.13290406169885444,-0.002965180922728958,0.003315351406085301,True,0.984375,1.0365448504983388
B_240,low,240,0,11,after block 10,10,2.457981828769527,2.4555000000000002,5.954625,2.5756250000000005,0.9656699889258028,True,runs/pendulum/unified_mechanism_v2/paired_layer_control/large_seed3407/long_common_scan/B/videos/B_240/location_11.mp4,False,1.0,0,6.956255798265448,0.11017464480410638,2.335080009463401,29.5,False,True,blue,circle,0.09945123855060221,0.054068588975257466,0.01605208781064735,False,0.484375,1.0332225913621262
B_240,low,240,0,12,after block 11,11,2.457981828769527,2.4555000000000002,5.954625,2.3741250000000003,1.0232558139534884,False,runs/pendulum/unified_mechanism_v2/paired_layer_control/large_seed3407/long_common_scan/B/videos/B_240/location_12.mp4,True,1.0,0,9.479139618219651,0.03367662991369946,2.2665809650981643,133.5,True,True,blue,circle,0.11822773552932413,0.031727778852295975,0.01921272883504957,False,0.015625,nan
B_240,low,240,0,13,after block 12,12,2.457981828769527,2.4555000000000002,5.954625,2.3935000000000004,1.017718715393134,False,runs/pendulum/unified_mechanism_v2/paired_layer_control/large_seed3407/long_common_scan/B/videos/B_240/location_13.mp4,True,1.0,0,4.220307206820347,0.02001433608053277,2.0848383829166073,174.0,True,True,blue,circle,0.12051106295885823,0.004790157742301272,0.005496527768952674,False,0.078125,nan
B_240,low,240,0,14,after block 13,13,2.457981828769527,2.4555000000000002,5.954625,2.4245,1.008859357696567,False,runs/pendulum/unified_mechanism_v2/paired_layer_control/large_seed3407/long_common_scan/B/videos/B_240/location_14.mp4,True,1.0,0,3.274097543120957,0.01696908350546844,2.11720396593462,182.0,True,True,blue,circle,0.11342383529948961,0.004040930731921726,0.006558068166866144,False,0.234375,0.9335548172757475
B_240,low,240,0,15,after block 14,14,2.457981828769527,2.4555000000000002,5.954625,2.381875,1.0210409745293467,False,runs/pendulum/unified_mechanism_v2/paired_layer_control/large_seed3407/long_common_scan/B/videos/B_240/location_15.mp4,True,1.0,0,3.026731697660439,0.015569252203513462,1.377983188947114,179.5,True,True,blue,circle,0.10723027479849344,0.0016827944718668894,0.008796111297033555,False,0.6875,0.9689922480620156
B_240,low,240,0,16,after block 15,15,2.457981828769527,2.4555000000000002,5.954625,2.35475,1.0287929125138429,False,runs/pendulum/unified_mechanism_v2/paired_layer_control/large_seed3407/long_common_scan/B/videos/B_240/location_16.mp4,True,1.0,0,3.6997500982585287,0.016986364030411788,1.2284361916811717,180.5,True,True,blue,circle,0.1061427422340351,0.0019095114452966752,0.009616535712246573,False,0.71875,0.9446290143964562
B_240,low,240,0,17,after block 16,16,2.457981828769527,2.4555000000000002,5.954625,2.319875,1.0387596899224807,False,runs/pendulum/unified_mechanism_v2/paired_layer_control/large_seed3407/long_common_scan/B/videos/B_240/location_17.mp4,True,1.0,0,3.4317555092043377,0.01692252449400225,1.2047084522228118,187.5,True,True,blue,circle,0.10299793881222323,0.003908826841406588,0.010230054913274573,True,1.0,1.0476190476190477
B_240,low,240,0,18,after block 17,17,2.457981828769527,2.4555000000000002,5.954625,2.2811250000000003,1.0498338870431894,False,runs/pendulum/unified_mechanism_v2/paired_layer_control/large_seed3407/long_common_scan/B/videos/B_240/location_18.mp4,True,1.0,0,3.1893076443515596,0.01774373310513644,1.2626041722083607,187.0,True,True,blue,circle,0.09728080719421363,0.0033677152700356187,0.012412982670550845,True,1.0,1.0564784053156147
B_240,low,240,0,19,after block 18,18,2.457981828769527,2.4555000000000002,5.954625,2.24625,1.0598006644518274,False,runs/pendulum/unified_mechanism_v2/paired_layer_control/large_seed3407/long_common_scan/B/videos/B_240/location_19.mp4,True,1.0,0,2.6027651917271513,0.017756508137403593,0.9040688875753733,189.0,True,True,blue,circle,0.09187893593902517,0.004801236727498894,0.015393114650509894,True,1.0,1.0664451827242527
B_240,low,240,0,20,after block 19,19,2.457981828769527,2.4555000000000002,5.954625,2.1648750000000003,1.0830564784053156,False,runs/pendulum/unified_mechanism_v2/paired_layer_control/large_seed3407/long_common_scan/B/videos/B_240/location_20.mp4,True,1.0,0,2.822884733595326,0.01711335970294739,1.1559786784832913,196.0,True,True,blue,circle,0.082093881930675,0.01014209097388924,0.022282659216970584,True,1.0,1.0830564784053156
B_240,low,240,0,21,after block 20,20,2.457981828769527,2.4555000000000002,5.954625,2.0718750000000004,1.1096345514950166,False,runs/pendulum/unified_mechanism_v2/paired_layer_control/large_seed3407/long_common_scan/B/videos/B_240/location_21.mp4,True,1.0,0,2.580235107580884,0.017512969541692125,1.3407573907565897,200.0,True,True,blue,circle,0.07961952316375304,0.014075907285234576,0.027403700196095757,True,1.0,1.1074197120708749
B_240,low,240,0,22,after block 21,21,2.457981828769527,2.4555000000000002,5.954625,1.8781250000000003,1.1650055370985601,False,runs/pendulum/unified_mechanism_v2/paired_layer_control/large_seed3407/long_common_scan/B/videos/B_240/location_22.mp4,True,1.0,0,4.026017680209037,0.016610949860717428,2.001468828207066,197.5,True,True,blue,circle,0.07236860084328103,0.013756184959012515,0.030537293749316956,True,1.0,1.1561461794019934
B_240,low,240,0,23,after block 22,22,2.457981828769527,2.4555000000000002,5.954625,1.2503750000000002,1.3444075304540422,False,runs/pendulum/unified_mechanism_v2/paired_layer_control/large_seed3407/long_common_scan/B/videos/B_240/location_23.mp4,True,1.0,0,2.3406028665386502,0.018083006224500986,2.1229752455331306,197.5,True,True,blue,circle,0.09577359184041952,0.05370751588303041,0.03709303595191329,True,1.0,1.3211517165005537
B_240,low,240,0,24,after block 23,23,2.457981828769527,2.4555000000000002,5.954625,1.2000000000000002,1.3588039867109636,False,runs/pendulum/unified_mechanism_v2/paired_layer_control/large_seed3407/long_common_scan/B/videos/B_240/location_24.mp4,True,1.0,0,3.0811031675730507,0.021421128696851865,1.8740844557597367,207.0,True,True,blue,circle,0.09425624638603049,0.05570089728208354,0.04034781092048054,True,1.0,1.3588039867109636
B_240,low,240,0,25,after block 24,24,2.457981828769527,2.4555000000000002,5.954625,6.0825000000000005,-0.036544850498338985,False,runs/pendulum/unified_mechanism_v2/paired_layer_control/large_seed3407/long_common_scan/B/videos/B_240/location_25.mp4,True,1.0,0,3.3385888235952654,0.01994911647382358,2.012109178450914,208.5,True,True,blue,circle,0.05472378329150689,0.0064380070785435735,0.04058368849045546,True,1.0,-0.033222591362126234
B_240,low,240,0,26,after block 25,25,2.457981828769527,2.4555000000000002,5.954625,6.0825000000000005,-0.036544850498338985,False,runs/pendulum/unified_mechanism_v2/paired_layer_control/large_seed3407/long_common_scan/B/videos/B_240/location_26.mp4,True,1.0,0,3.31807823475349,0.021288363726083587,2.314320878401486,213.5,True,True,blue,circle,0.05384385718980817,0.0075839403548603685,0.03877778934733493,True,1.0,-0.0321151716500554
B_240,low,240,0,27,after block 26,26,2.457981828769527,2.4555000000000002,5.954625,6.04375,-0.02547065337763016,False,runs/pendulum/unified_mechanism_v2/paired_layer_control/large_seed3407/long_common_scan/B/videos/B_240/location_27.mp4,True,1.0,0,3.1682550645214587,0.020500800993723978,2.740233664835406,214.0,True,True,blue,circle,0.05615731738046001,0.007453062614010311,0.03802237454154221,True,1.0,-0.024363233665559324
B_240,low,240,0,28,after block 27,27,2.457981828769527,2.4555000000000002,5.954625,6.005,-0.014396456256921326,False,runs/pendulum/unified_mechanism_v2/paired_layer_control/large_seed3407/long_common_scan/B/videos/B_240/location_28.mp4,True,1.0,0,2.4928804875613157,0.018598832653078406,2.5848049896704572,213.0,True,True,blue,circle,0.0599579119177131,0.0060439397623640555,0.03735488729059586,True,1.0,-0.011074197120708831
B_240,low,240,0,29,after block 28,28,2.457981828769527,2.4555000000000002,5.954625,6.001125,-0.013289036544850495,False,runs/pendulum/unified_mechanism_v2/paired_layer_control/large_seed3407/long_common_scan/B/videos/B_240/location_29.mp4,True,1.0,0,2.760258474081404,0.017976345075302214,2.7447620230659804,212.5,True,True,blue,circle,0.0612158841560714,0.005683901645542334,0.036607369155013426,True,1.0,-0.011074197120708831
B_240,low,240,0,30,after block 29,29,2.457981828769527,2.4555000000000002,5.954625,5.962375,-0.0022148394241416646,False,runs/pendulum/unified_mechanism_v2/paired_layer_control/large_seed3407/long_common_scan/B/videos/B_240/location_30.mp4,True,1.0,0,2.9067008439190944,0.019414594232641497,2.5475315833069945,210.0,True,True,blue,circle,0.066450027521512,0.005939725417656961,0.03661475586669622,True,1.0,-0.0
B_244,low,244,0,0,embedding output,,2.227052704686754,2.273375,6.132875,2.2695,1.001004016064257,True,runs/pendulum/unified_mechanism_v2/paired_layer_control/large_seed3407/long_common_scan/B/videos/B_244/location_00.mp4,True,1.0,0,1.2397353846988446,0.0015625738098641873,0.5108627066344038,190.0,True,True,red,circle,0.10748437930681007,-0.0006666597844646231,0.003499515639301831,True,0.984375,0.9979919678714859
B_244,low,244,0,1,after block 0,0,2.227052704686754,2.273375,6.132875,2.2695,1.001004016064257,True,runs/pendulum/unified_mechanism_v2/paired_layer_control/large_seed3407/long_common_scan/B/videos/B_244/location_01.mp4,True,1.0,0,1.0938818759360995,0.0014237685959621327,0.5533258506449126,190.5,True,True,red,circle,0.1077350277779161,-0.0007150398380437768,0.003475487764883858,True,0.984375,0.9989959839357428
B_244,low,244,0,2,after block 1,1,2.227052704686754,2.273375,6.132875,2.2772500000000004,0.9989959839357428,True,runs/pendulum/unified_mechanism_v2/paired_layer_control/large_seed3407/long_common_scan/B/videos/B_244/location_02.mp4,True,1.0,0,1.4446541863390934,0.0014622481983420088,0.3989416746644638,189.0,True,True,red,circle,0.10821508955037024,-0.0010781599557849713,0.003889438281059834,True,0.984375,0.9979919678714859
B_244,low,244,0,3,after block 2,2,2.227052704686754,2.273375,6.132875,2.26175,1.0030120481927711,True,runs/pendulum/unified_mechanism_v2/paired_layer_control/large_seed3407/long_common_scan/B/videos/B_244/location_03.mp4,True,1.0,0,0.7698507761746394,0.0014503171644427992,0.7920922842927883,189.0,True,True,red,circle,0.1084035364250088,-0.0004054560503280971,0.0035187551061713366,True,0.984375,0.9979919678714859
B_244,low,244,0,4,after block 3,3,2.227052704686754,2.273375,6.132875,2.2695,1.001004016064257,True,runs/pendulum/unified_mechanism_v2/paired_layer_control/large_seed3407/long_common_scan/B/videos/B_244/location_04.mp4,True,0.984375,1,0.7672660455700431,0.0013595580252508954,1.4033511057076304,188.0,True,True,red,circle,0.10805953255349626,-0.00026653683442414447,0.0036706912145688907,True,0.984375,0.9979919678714859
B_244,low,244,0,5,after block 4,4,2.227052704686754,2.273375,6.132875,2.273375,1.0,True,runs/pendulum/unified_mechanism_v2/paired_layer_control/large_seed3407/long_common_scan/B/videos/B_244/location_05.mp4,True,0.984375,1,0.7410452282855438,0.001441774296086773,1.3911258773740203,187.0,True,True,red,circle,0.108493718421601,-0.0002579713597060819,0.003639723486692171,True,0.984375,0.9969879518072289
B_244,low,244,0,6,after block 5,5,2.227052704686754,2.273375,6.132875,2.2772500000000004,0.9989959839357428,True,runs/pendulum/unified_mechanism_v2/paired_layer_control/large_seed3407/long_common_scan/B/videos/B_244/location_06.mp4,True,0.984375,1,0.7557037405869924,0.0015219165354747877,1.3738128405766221,184.0,True,True,red,circle,0.10991287168716646,-0.0015710833347209092,0.004205696167313918,True,0.984375,0.9929718875502007
B_244,low,244,0,7,after block 6,6,2.227052704686754,2.273375,6.132875,2.2695,1.001004016064257,True,runs/pendulum/unified_mechanism_v2/paired_layer_control/large_seed3407/long_common_scan/B/videos/B_244/location_07.mp4,True,0.984375,1,0.8184049338692905,0.0012996242913639322,1.393249573922285,182.0,True,True,red,circle,0.10954743521454362,-0.002473929901212266,0.004422917878049147,True,0.984375,0.9949799196787149
B_244,low,244,0,8,after block 7,7,2.227052704686754,2.273375,6.132875,2.2811250000000003,0.9979919678714859,True,runs/pendulum/unified_mechanism_v2/paired_layer_control/large_seed3407/long_common_scan/B/videos/B_244/location_08.mp4,True,0.984375,1,0.8486095663044391,0.0014029852636608386,1.4862613898698884,179.0,True,True,red,circle,0.11134702313387583,-0.004293729270647495,0.004939903983468738,True,0.984375,0.9939759036144579
B_244,low,244,0,9,after block 8,8,2.227052704686754,2.273375,6.132875,2.285,0.9969879518072289,True,runs/pendulum/unified_mechanism_v2/paired_layer_control/large_seed3407/long_common_scan/B/videos/B_244/location_09.mp4,True,0.984375,1,0.819593448965914,0.0014669993109300283,1.4345718508516951,178.0,True,True,red,circle,0.11126382999597208,-0.004329399411110355,0.004982266111642766,True,0.984375,0.9899598393574298
B_244,low,244,0,10,after block 9,9,2.227052704686754,2.273375,6.132875,2.265625,1.002008032128514,True,runs/pendulum/unified_mechanism_v2/paired_layer_control/large_seed3407/long_common_scan/B/videos/B_244/location_10.mp4,True,0.984375,1,0.7617370042807552,0.0013162202440541448,1.2671742261920884,173.0,True,True,red,circle,0.10710326115802243,-0.0062785574678300765,0.005086909265664472,True,0.984375,1.0040160642570282
B_244,low,244,0,11,after block 10,10,2.227052704686754,2.273375,6.132875,2.24625,1.0070281124497993,True,runs/pendulum/unified_mechanism_v2/paired_layer_control/large_seed3407/long_common_scan/B/videos/B_244/location_11.mp4,True,0.984375,1,0.8016624043413818,0.0019239910455213782,1.1956331947830006,164.0,True,True,red,circle,0.10673827837718786,-0.007065768257498906,0.005344375658422434,False,0.34375,1.1947791164658634
B_244,low,244,0,12,after block 11,11,2.227052704686754,2.273375,6.132875,2.2075000000000005,1.0170682730923695,False,runs/pendulum/unified_mechanism_v2/paired_layer_control/large_seed3407/long_common_scan/B/videos/B_244/location_12.mp4,True,1.0,0,3.599007924058835,0.03220813722776736,2.7174003467746912,136.0,True,True,blue,circle,0.08662486945109926,0.025140752346798915,0.015759870592548186,False,0.015625,nan
B_244,low,244,0,13,after block 12,12,2.227052704686754,2.273375,6.132875,2.16875,1.0271084337349397,False,runs/pendulum/unified_mechanism_v2/paired_layer_control/large_seed3407/long_common_scan/B/videos/B_244/location_13.mp4,True,1.0,0,2.200567607925079,0.021415415577845126,2.757177712583507,174.5,True,True,blue,circle,0.09190531958834425,0.0025765553225205657,0.006732115324675753,False,0.0625,nan
B_244,low,244,0,14,after block 13,13,2.227052704686754,2.273375,6.132875,2.192,1.0210843373493976,False,runs/pendulum/unified_mechanism_v2/paired_layer_control/large_seed3407/long_common_scan/B/videos/B_244/location_14.mp4,True,1.0,0,2.0256815402999764,0.01979791547488452,3.328932509978685,180.0,True,True,blue,circle,0.08611293057170911,0.0019888500303482295,0.007132319755192325,False,0.296875,0.9779116465863454
B_244,low,244,0,15,after block 14,14,2.227052704686754,2.273375,6.132875,2.195875,1.0200803212851406,False,runs/pendulum/unified_mechanism_v2/paired_layer_control/large_seed3407/long_common_scan/B/videos/B_244/location_15.mp4,True,1.0,0,2.0542157726030794,0.0200524834869511,2.185446437918063,180.0,True,True,blue,circle,0.07862249672736128,-0.0017807938757114946,0.007931514411878718,False,0.890625,1.001004016064257
B_244,low,244,0,16,after block 15,15,2.227052704686754,2.273375,6.132875,2.180375,1.0240963855421688,False,runs/pendulum/unified_mechanism_v2/paired_layer_control/large_seed3407/long_common_scan/B/videos/B_244/location_16.mp4,True,1.0,0,2.217778662105139,0.020342526281107526,2.5253144227218254,183.0,True,True,blue,circle,0.07717944054604314,-0.0022092778883663856,0.008219446328845777,False,0.9375,0.9929718875502007
B_244,low,244,0,17,after block 16,16,2.227052704686754,2.273375,6.132875,2.192,1.0210843373493976,False,runs/pendulum/unified_mechanism_v2/paired_layer_control/large_seed3407/long_common_scan/B/videos/B_244/location_17.mp4,True,1.0,0,1.9228304181777423,0.020378714671125953,2.392858737943898,193.0,True,True,blue,circle,0.07261479062710668,-0.00230281562541819,0.008351096265087368,True,1.0,1.0200803212851406
B_244,low,244,0,18,after block 17,17,2.227052704686754,2.273375,6.132875,2.161,1.0291164658634537,False,runs/pendulum/unified_mechanism_v2/paired_layer_control/large_seed3407/long_common_scan/B/videos/B_244/location_18.mp4,True,1.0,0,2.207825771646445,0.02273050541437599,2.533918967344016,193.0,True,True,blue,circle,0.06798056019264316,-0.0030057463182594437,0.008977998316060899,True,1.0,1.033132530120482
B_244,low,244,0,19,after block 18,18,2.227052704686754,2.273375,6.132875,2.1183750000000003,1.0401606425702812,False,runs/pendulum/unified_mechanism_v2/paired_layer_control/large_seed3407/long_common_scan/B/videos/B_244/location_19.mp4,True,1.0,0,2.1939096883045766,0.021537286630468694,2.8119700495168267,194.5,True,True,blue,circle,0.0638455369437442,-0.0008974415744959737,0.010177089548935026,True,1.0,1.0431726907630523
B_244,low,244,0,20,after block 19,19,2.227052704686754,2.273375,6.132875,2.099,1.0451807228915662,False,runs/pendulum/unified_mechanism_v2/paired_layer_control/large_seed3407/long_common_scan/B/videos/B_244/location_20.mp4,True,1.0,0,2.033105804486664,0.021906089526549655,2.6301218645266498,198.0,True,True,blue,circle,0.057424045594105175,0.0026305080130868603,0.011601857043527916,True,1.0,1.0481927710843375
B_244,low,244,0,21,after block 20,20,2.227052704686754,2.273375,6.132875,2.0253750000000004,1.0642570281124497,False,runs/pendulum/unified_mechanism_v2/paired_layer_control/large_seed3407/long_common_scan/B/videos/B_244/location_21.mp4,True,1.0,0,2.2025492016153687,0.021812781760574718,2.540807385032692,199.5,True,True,blue,circle,0.05460762578389307,0.004774932505322206,0.013276178816743088,True,1.0,1.0562248995983936
B_244,low,244,0,22,after block 21,21,2.227052704686754,2.273375,6.132875,1.9362500000000002,1.0873493975903614,False,runs/pendulum/unified_mechanism_v2/paired_layer_control/large_seed3407/long_common_scan/B/videos/B_244/location_22.mp4,True,1.0,0,2.156422230378888,0.021977951968276815,2.1030253860623476,201.0,True,True,blue,circle,0.04701728180017952,0.0017218432791253917,0.014564860437775969,True,1.0,1.0773092369477912
B_244,low,244,0,23,after block 22,22,2.227052704686754,2.273375,6.132875,1.8045000000000002,1.1214859437751004,False,runs/pendulum/unified_mechanism_v2/paired_layer_control/large_seed3407/long_common_scan/B/videos/B_244/location_23.mp4,True,1.0,0,3.014090974459552,0.02180011523091649,2.2715208099080337,200.0,True,True,blue,circle,0.04319777086468789,0.004725759474175763,0.0178755230339533,True,1.0,1.1114457831325302
B_244,low,244,0,24,after block 23,23,2.227052704686754,2.273375,6.132875,1.7037500000000003,1.1475903614457832,False,runs/pendulum/unified_mechanism_v2/paired_layer_control/large_seed3407/long_common_scan/B/videos/B_244/location_24.mp4,True,1.0,0,1.9793783318533968,0.019283513015324244,2.2166785506444757,205.5,True,True,blue,circle,0.04054771410424219,0.007798389664937544,0.0190464216599069,True,1.0,1.1345381526104417
B_244,low,244,0,25,after block 24,24,2.227052704686754,2.273375,6.132875,1.6340000000000001,1.1656626506024095,False,runs/pendulum/unified_mechanism_v2/paired_layer_control/large_seed3407/long_common_scan/B/videos/B_244/location_25.mp4,True,1.0,0,2.2130237845224614,0.018621727998172993,2.3017966883337793,207.0,True,True,blue,circle,0.04100763479828905,0.0075631594282451736,0.01991761940935501,True,1.0,1.137550200803213
B_244,low,244,0,26,after block 25,25,2.227052704686754,2.273375,6.132875,1.606875,1.1726907630522088,False,runs/pendulum/unified_mechanism_v2/paired_layer_control/large_seed3407/long_common_scan/B/videos/B_244/location_26.mp4,True,1.0,0,2.299616143009942,0.01882210644014065,2.054027209824308,210.0,True,True,blue,circle,0.040125124645075345,0.00922480097089346,0.01896290080547796,True,1.0,1.144578313253012
B_244,low,244,0,27,after block 26,26,2.227052704686754,2.273375,6.132875,1.513875,1.1967871485943775,False,runs/pendulum/unified_mechanism_v2/paired_layer_control/large_seed3407/long_common_scan/B/videos/B_244/location_27.mp4,True,1.0,0,2.2746447676975765,0.018933138979892433,2.3243026841084995,212.5,True,True,blue,circle,0.0419037035816771,0.012025207813739275,0.020047210979518965,True,1.0,1.1596385542168675
B_244,low,244,0,28,after block 27,27,2.227052704686754,2.273375,6.132875,1.3976250000000001,1.2269076305220885,False,runs/pendulum/unified_mechanism_v2/paired_layer_control/large_seed3407/long_common_scan/B/videos/B_244/location_28.mp4,True,1.0,0,2.3535195326520757,0.018310906738859017,2.2633391602052506,210.0,True,True,blue,circle,0.04417314044999502,0.014736499691892398,0.021346312732512134,True,1.0,1.1787148594377512
B_244,low,244,0,29,after block 28,28,2.227052704686754,2.273375,6.132875,1.265875,1.2610441767068272,False,runs/pendulum/unified_mechanism_v2/paired_layer_control/large_seed3407/long_common_scan/B/videos/B_244/location_29.mp4,True,1.0,0,2.4202579380468543,0.018576189796101705,2.0271606884812794,209.0,True,True,blue,circle,0.05059817619286246,0.02090723484191373,0.022234658492332735,True,1.0,1.211847389558233
B_244,low,244,0,30,after block 29,29,2.227052704686754,2.273375,6.132875,6.148375,-0.004016064257027958,False,runs/pendulum/unified_mechanism_v2/paired_layer_control/large_seed3407/long_common_scan/B/videos/B_244/location_30.mp4,True,1.0,0,2.1399004653721723,0.020308299097926946,2.76963210615696,209.5,True,True,blue,circle,0.034855527513741616,-0.0015936068484373486,0.024889041996599075,True,1.0,-0.0
B_252,low,252,0,0,embedding output,,2.3005194459545226,2.296625,5.9585,2.288875,1.0021164021164022,True,runs/pendulum/unified_mechanism_v2/paired_layer_control/large_seed3407/long_common_scan/B/videos/B_252/location_00.mp4,True,1.0,0,0.827673353829533,0.0015990088607484576,0.46633333974936253,193.0,True,True,red,circle,0.12196537333684616,0.0010921486860689675,0.002668896383837841,True,0.984375,0.9968253968253968
B_252,low,252,0,1,after block 0,0,2.3005194459545226,2.296625,5.9585,2.288875,1.0021164021164022,True,runs/pendulum/unified_mechanism_v2/paired_layer_control/large_seed3407/long_common_scan/B/videos/B_252/location_01.mp4,True,1.0,0,0.827673353829533,0.0015994619349868067,0.5317630682784055,192.0,True,True,red,circle,0.1221613316149655,0.0011820340853486856,0.0026541741468167016,True,0.984375,0.9957671957671959
B_252,low,252,0,2,after block 1,1,2.3005194459545226,2.296625,5.9585,2.288875,1.0021164021164022,True,runs/pendulum/unified_mechanism_v2/paired_layer_control/large_seed3407/long_common_scan/B/videos/B_252/location_02.mp4,True,1.0,0,0.8422743851432808,0.0016625626282791572,0.3995693268912908,191.0,True,True,red,circle,0.12288716127408075,0.0010546383941276109,0.0026131325416929095,True,0.984375,0.9957671957671959
B_252,low,252,0,3,after block 2,2,2.3005194459545226,2.296625,5.9585,2.288875,1.0021164021164022,True,runs/pendulum/unified_mechanism_v2/paired_layer_control/large_seed3407/long_common_scan/B/videos/B_252/location_03.mp4,True,1.0,0,0.8080585748087803,0.0015372828465374522,0.3981246243071295,190.0,True,True,red,circle,0.12273231291739259,0.0009994177783572403,0.0027008794032727943,True,0.984375,0.9957671957671959
B_252,low,252,0,4,after block 3,3,2.3005194459545226,2.296625,5.9585,2.285,1.0031746031746032,True,runs/pendulum/unified_mechanism_v2/paired_layer_control/large_seed3407/long_common_scan/B/videos/B_252/location_04.mp4,True,1.0,0,0.7683767370254203,0.0016228123154451157,0.5102589542346045,189.0,True,True,red,circle,0.1225888360686486,0.0014760019041952057,0.002674534255049088,True,0.984375,0.9968253968253968
B_252,low,252,0,5,after block 4,4,2.3005194459545226,2.296625,5.9585,2.29275,1.0010582010582012,True,runs/pendulum/unified_mechanism_v2/paired_layer_control/large_seed3407/long_common_scan/B/videos/B_252/location_05.mp4,True,1.0,0,0.7914522552808069,0.001714839167884813,0.4736420409883178,189.0,True,True,red,circle,0.12272315682217054,0.001190869481205382,0.0026745772975832077,True,0.984375,0.9957671957671959
B_252,low,252,0,6,after block 5,5,2.3005194459545226,2.296625,5.9585,2.3043750000000003,0.9978835978835978,True,runs/pendulum/unified_mechanism_v2/paired_layer_control/large_seed3407/long_common_scan/B/videos/B_252/location_06.mp4,True,1.0,0,0.816535462104014,0.001639997366645135,0.22395027768139528,185.0,True,True,red,circle,0.12413956321025885,-0.0008112198839284767,0.002567876850596005,True,0.984375,0.9947089947089947
B_252,low,252,0,7,after block 6,6,2.3005194459545226,2.296625,5.9585,2.3160000000000003,0.9947089947089947,True,runs/pendulum/unified_mechanism_v2/paired_layer_control/large_seed3407/long_common_scan/B/videos/B_252/location_07.mp4,True,1.0,0,1.563187247194881,0.0018777395788495965,0.6098993822781108,182.5,True,True,red,circle,0.12395194095554528,-0.002322020373986911,0.0036071300550038123,True,0.984375,0.9989417989417989
B_252,low,252,0,8,after block 7,7,2.3005194459545226,2.296625,5.9585,2.296625,1.0,True,runs/pendulum/unified_mechanism_v2/paired_layer_control/large_seed3407/long_common_scan/B/videos/B_252/location_08.mp4,True,0.984375,1,0.7959075308149105,0.0016888283599094112,1.0075497693876914,181.0,True,True,red,circle,0.12481327439812058,-0.0019875488294933247,0.0031098561818558,True,0.984375,1.0052910052910051
B_252,low,252,0,9,after block 8,8,2.3005194459545226,2.296625,5.9585,2.3005000000000004,0.9989417989417989,True,runs/pendulum/unified_mechanism_v2/paired_layer_control/large_seed3407/long_common_scan/B/videos/B_252/location_09.mp4,True,0.984375,1,0.7988066557339946,0.0016086934684671483,1.0075497693876914,181.0,True,True,red,circle,0.12490047918104637,-0.0021020245242522133,0.0029878609866313952,True,0.984375,1.0042328042328041
B_252,low,252,0,10,after block 9,9,2.3005194459545226,2.296625,5.9585,2.265625,1.0084656084656085,True,runs/pendulum/unified_mechanism_v2/paired_layer_control/large_seed3407/long_common_scan/B/videos/B_252/location_10.mp4,True,0.984375,1,0.9078894258771876,0.0019022661244924022,0.9814610470149864,177.0,True,True,red,circle,0.12021876439820303,-0.0017890259747541095,0.003596339241599313,True,0.984375,1.037037037037037
B_252,low,252,0,11,after block 10,10,2.3005194459545226,2.296625,5.9585,2.219125,1.0211640211640212,True,runs/pendulum/unified_mechanism_v2/paired_layer_control/large_seed3407/long_common_scan/B/videos/B_252/location_11.mp4,True,0.984375,1,0.7950241920596122,0.0022081138717163773,1.1680031569777436,168.0,True,True,red,circle,0.12020570533797399,-0.0012411006171473208,0.003474742252851612,False,0.4375,1.0962962962962963
B_252,low,252,0,12,after block 11,11,2.3005194459545226,2.296625,5.9585,2.2346250000000003,1.0169312169312168,False,runs/pendulum/unified_mechanism_v2/paired_layer_control/large_seed3407/long_common_scan/B/videos/B_252/location_12.mp4,True,1.0,0,4.079088282795135,0.038354743219109505,2.140800198605496,125.0,True,True,blue,circle,0.09479307634495951,0.03287031965017824,0.017242066905394475,False,0.015625,nan
B_252,low,252,0,13,after block 12,12,2.3005194459545226,2.296625,5.9585,2.2075000000000005,1.0243386243386243,False,runs/pendulum/unified_mechanism_v2/paired_layer_control/large_seed3407/long_common_scan/B/videos/B_252/location_13.mp4,True,1.0,0,3.0560691687065416,0.017094923992438033,2.1104931721241726,173.0,True,True,blue,circle,0.10551593924456054,0.004411392556398787,0.006312387073473853,False,0.03125,nan
B_252,low,252,0,14,after block 13,13,2.3005194459545226,2.296625,5.9585,2.2385,1.0158730158730158,False,runs/pendulum/unified_mechanism_v2/paired_layer_control/large_seed3407/long_common_scan/B/videos/B_252/location_14.mp4,True,1.0,0,2.788518487777737,0.01571615557059522,2.030208064534478,179.0,True,True,blue,circle,0.09892180269185741,0.002706130551430854,0.007719398603874015,False,0.234375,0.946031746031746
B_252,low,252,0,15,after block 14,14,2.3005194459545226,2.296625,5.9585,2.1997500000000003,1.0264550264550265,False,runs/pendulum/unified_mechanism_v2/paired_layer_control/large_seed3407/long_common_scan/B/videos/B_252/location_15.mp4,True,1.0,0,2.887423617566876,0.019182156252018523,1.526862512083679,181.0,True,True,blue,circle,0.09117645395757787,0.00048792029564595615,0.009863903329542132,False,0.78125,0.9439153439153439
B_252,low,252,0,16,after block 15,15,2.3005194459545226,2.296625,5.9585,2.161,1.037037037037037,False,runs/pendulum/unified_mechanism_v2/paired_layer_control/large_seed3407/long_common_scan/B/videos/B_252/location_16.mp4,True,1.0,0,2.6829737441522994,0.019667940846095078,1.139642945041274,182.0,True,True,blue,circle,0.09034072655442332,0.0010260796769602616,0.011092107946943559,False,0.875,0.9248677248677248
B_252,low,252,0,17,after block 16,16,2.3005194459545226,2.296625,5.9585,2.149375,1.0402116402116401,False,runs/pendulum/unified_mechanism_v2/paired_layer_control/large_seed3407/long_common_scan/B/videos/B_252/location_17.mp4,True,1.0,0,2.62034573039213,0.01768083312635088,1.5839777742687404,190.5,True,True,blue,circle,0.08660973441364656,0.0017728137741991718,0.012505805121676877,True,1.0,1.0433862433862433
B_252,low,252,0,18,after block 17,17,2.3005194459545226,2.296625,5.9585,2.02925,1.073015873015873,False,runs/pendulum/unified_mechanism_v2/paired_layer_control/large_seed3407/long_common_scan/B/videos/B_252/location_18.mp4,True,1.0,0,2.9369293673583785,0.017154093908283014,1.4501915911517322,192.0,True,True,blue,circle,0.08323089989644429,0.004471431313873897,0.014219560893837854,True,1.0,1.0687830687830688
B_252,low,252,0,19,after block 18,18,2.3005194459545226,2.296625,5.9585,1.95175,1.0941798941798944,False,runs/pendulum/unified_mechanism_v2/paired_layer_control/large_seed3407/long_common_scan/B/videos/B_252/location_19.mp4,True,1.0,0,2.492324821120249,0.01714783581747059,1.6873161958025904,191.0,True,True,blue,circle,0.07919889666254754,0.007829280646911414,0.016605201917936206,True,1.0,1.0878306878306878
B_252,low,252,0,20,after block 19,19,2.3005194459545226,2.296625,5.9585,1.8858750000000002,1.1121693121693121,False,runs/pendulum/unified_mechanism_v2/paired_layer_control/large_seed3407/long_common_scan/B/videos/B_252/location_20.mp4,True,1.0,0,2.0165711526525163,0.016874646510114055,1.3214043226449739,196.0,True,True,blue,circle,0.06949593201211823,0.013021002619583935,0.02321330526860663,True,1.0,1.0941798941798944
B_252,low,252,0,21,after block 20,20,2.3005194459545226,2.296625,5.9585,1.723125,1.1566137566137564,False,runs/pendulum/unified_mechanism_v2/paired_layer_control/large_seed3407/long_common_scan/B/videos/B_252/location_21.mp4,True,1.0,0,3.2514414576507145,0.01577233517767815,0.7725455799749054,197.0,True,True,blue,circle,0.07164778518144867,0.020861369892365197,0.028066583995666937,True,1.0,1.1714285714285715
B_252,low,252,0,22,after block 21,21,2.3005194459545226,2.296625,5.9585,1.2000000000000002,1.2994708994708994,False,runs/pendulum/unified_mechanism_v2/paired_layer_control/large_seed3407/long_common_scan/B/videos/B_252/location_22.mp4,True,1.0,0,3.141247330302201,0.016701577762903874,1.041826539745573,198.0,True,True,blue,circle,0.0929208561799017,0.05138632259360662,0.031574627965353784,True,1.0,1.2994708994708994
B_252,low,252,0,23,after block 22,22,2.3005194459545226,2.296625,5.9585,6.094125,-0.03703703703703707,False,runs/pendulum/unified_mechanism_v2/paired_layer_control/large_seed3407/long_common_scan/B/videos/B_252/location_23.mp4,True,1.0,0,3.422306881388587,0.017686542429132535,1.1457287658850819,200.5,True,True,blue,circle,0.05369264917037692,0.004939579490222902,0.03415034905129852,True,1.0,-0.03280423280423275
B_252,low,252,0,24,after block 23,23,2.3005194459545226,2.296625,5.9585,6.047625,-0.024338624338624375,False,runs/pendulum/unified_mechanism_v2/paired_layer_control/large_seed3407/long_common_scan/B/videos/B_252/location_24.mp4,True,1.0,0,2.652126910199149,0.01728643264946167,1.1342857765947278,207.5,True,True,blue,circle,0.057948478987412906,0.004401944567902519,0.03109119708740327,True,1.0,-0.02116402116402132
B_252,low,252,0,25,after block 24,24,2.3005194459545226,2.296625,5.9585,6.0360000000000005,-0.02116402116402132,False,runs/pendulum/unified_mechanism_v2/paired_layer_control/large_seed3407/long_common_scan/B/videos/B_252/location_25.mp4,True,1.0,0,2.6526990550781826,0.017005375053421395,1.0911402892941422,209.0,True,True,blue,circle,0.05889643087009496,0.0028447616515104306,0.030290353328151446,True,1.0,-0.017989417989418024
B_252,low,252,0,26,after block 25,25,2.3005194459545226,2.296625,5.9585,6.0360000000000005,-0.02116402116402132,False,runs/pendulum/unified_mechanism_v2/paired_layer_control/large_seed3407/long_common_scan/B/videos/B_252/location_26.mp4,True,1.0,0,2.854394543893709,0.017423236983391988,1.2318227043894052,212.0,True,True,blue,circle,0.05833117584492173,0.003302198883310505,0.02849935466685091,True,1.0,-0.014814814814814973
B_252,low,252,0,27,after block 26,26,2.3005194459545226,2.296625,5.9585,6.005,-0.012698412698412695,False,runs/pendulum/unified_mechanism_v2/paired_layer_control/large_seed3407/long_common_scan/B/videos/B_252/location_27.mp4,True,1.0,0,3.074767332432557,0.017254135471198973,1.1404640438273745,212.5,True,True,blue,circle,0.06068403649732475,0.0036815466031976316,0.027946229309703412,True,1.0,-0.012698412698412695
B_252,low,252,0,28,after block 27,27,2.3005194459545226,2.296625,5.9585,5.985625,-0.007407407407407365,False,runs/pendulum/unified_mechanism_v2/paired_layer_control/large_seed3407/long_common_scan/B/videos/B_252/location_28.mp4,True,1.0,0,3.3790452624878164,0.018297539525149564,1.5203769505297087,213.0,True,True,blue,circle,0.06366316315226692,0.0026623985422130642,0.027808534462010443,True,1.0,-0.008465608465608626
B_252,low,252,0,29,after block 28,28,2.3005194459545226,2.296625,5.9585,5.977875,-0.00529100529100533,False,runs/pendulum/unified_mechanism_v2/paired_layer_control/large_seed3407/long_common_scan/B/videos/B_252/location_29.mp4,True,1.0,0,3.0047600409422284,0.018440120674928145,1.4144715952222844,214.0,True,True,blue,circle,0.06505870543827033,0.0019485292686586123,0.027385282486644673,True,1.0,-0.007407407407407365
B_252,low,252,0,30,after block 29,29,2.3005194459545226,2.296625,5.9585,5.9662500000000005,-0.0021164021164022774,False,runs/pendulum/unified_mechanism_v2/paired_layer_control/large_seed3407/long_common_scan/B/videos/B_252/location_30.mp4,True,1.0,0,3.0989771872176854,0.019734083201622732,1.4977540813846657,212.5,True,True,blue,circle,0.06977744778712731,0.0018964578019990221,0.02742641507079609,True,1.0,-0.0
B_269,low,269,0,0,embedding output,,2.9974288846385075,2.99025,5.450875,2.9941250000000004,0.9984251968503935,True,runs/pendulum/unified_mechanism_v2/paired_layer_control/large_seed3407/long_common_scan/B/videos/B_269/location_00.mp4,True,1.0,0,2.0045398570032904,0.0016266398131658533,0.9739729562202077,191.5,True,True,red,circle,0.12703628483141494,0.0012920317390100224,0.004824621812988546,True,0.984375,1.0015748031496063
B_269,low,269,0,1,after block 0,0,2.9974288846385075,2.99025,5.450875,2.9941250000000004,0.9984251968503935,True,runs/pendulum/unified_mechanism_v2/paired_layer_control/large_seed3407/long_common_scan/B/videos/B_269/location_01.mp4,True,1.0,0,1.7538401067724214,0.0017871826432403481,0.6379918897839983,191.0,True,True,red,circle,0.12728837145973532,0.0013290601069635855,0.004483607145573432,True,0.984375,1.0015748031496063
B_269,low,269,0,2,after block 1,1,2.9974288846385075,2.99025,5.450875,2.9863750000000002,1.0015748031496063,True,runs/pendulum/unified_mechanism_v2/paired_layer_control/large_seed3407/long_common_scan/B/videos/B_269/location_02.mp4,True,1.0,0,1.796557440271619,0.0017762709044680802,0.5703299792540716,189.0,True,True,red,circle,0.1280264574417152,0.0010975780473137001,0.00458606562297474,True,0.984375,1.0047244094488188
B_269,low,269,0,3,after block 2,2,2.9974288846385075,2.99025,5.450875,2.99025,1.0,True,runs/pendulum/unified_mechanism_v2/paired_layer_control/large_seed3407/long_common_scan/B/videos/B_269/location_03.mp4,True,1.0,0,2.005481978841656,0.001824761732557273,0.8565402510940074,189.0,True,True,red,circle,0.12801033231630402,0.0010296708258181531,0.004882830233507984,True,0.984375,1.0047244094488188
B_269,low,269,0,4,after block 3,3,2.9974288846385075,2.99025,5.450875,2.9863750000000002,1.0015748031496063,True,runs/pendulum/unified_mechanism_v2/paired_layer_control/large_seed3407/long_common_scan/B/videos/B_269/location_04.mp4,True,1.0,0,1.9474257395736347,0.00177451950608154,1.5502533071465565,188.0,True,True,red,circle,0.12827989431891587,0.0018705527235813146,0.0040697271173006375,True,0.984375,1.0031496062992127
B_269,low,269,0,5,after block 4,4,2.9974288846385075,2.99025,5.450875,2.978625,1.0047244094488188,True,runs/pendulum/unified_mechanism_v2/paired_layer_control/large_seed3407/long_common_scan/B/videos/B_269/location_05.mp4,True,0.984375,1,1.1259624459460902,0.001754448838334588,1.3479753858295487,188.0,True,True,red,circle,0.12843966750300925,0.0020398365717431933,0.0034050379039181162,True,0.984375,1.0047244094488188
B_269,low,269,0,6,after block 5,5,2.9974288846385075,2.99025,5.450875,2.967,1.0094488188976378,True,runs/pendulum/unified_mechanism_v2/paired_layer_control/large_seed3407/long_common_scan/B/videos/B_269/location_06.mp4,True,0.984375,1,1.2325443176340698,0.0018748846352616422,1.390961783091371,184.0,True,True,red,circle,0.13006184351931938,0.0006296730422992075,0.003940542043083156,True,0.984375,1.0062992125984251
B_269,low,269,0,7,after block 6,6,2.9974288846385075,2.99025,5.450875,2.95925,1.0125984251968505,True,runs/pendulum/unified_mechanism_v2/paired_layer_control/large_seed3407/long_common_scan/B/videos/B_269/location_07.mp4,True,0.984375,1,1.128255949659723,0.0020751757555439454,1.379150374773948,182.0,True,True,red,circle,0.1298180306945908,-0.0003709068290912685,0.003803156726313098,True,0.984375,1.0094488188976378
B_269,low,269,0,8,after block 7,7,2.9974288846385075,2.99025,5.450875,2.9515000000000002,1.015748031496063,True,runs/pendulum/unified_mechanism_v2/paired_layer_control/large_seed3407/long_common_scan/B/videos/B_269/location_08.mp4,True,0.984375,1,1.1163999800738607,0.0019303777489617646,1.3948271869562197,179.0,True,True,red,circle,0.13008892018422225,-0.0009628278109406476,0.004175464009451647,True,0.984375,1.015748031496063
B_269,low,269,0,9,after block 8,8,2.9974288846385075,2.99025,5.450875,2.955375,1.0141732283464566,True,runs/pendulum/unified_mechanism_v2/paired_layer_control/large_seed3407/long_common_scan/B/videos/B_269/location_09.mp4,True,0.984375,1,1.0933931480685042,0.002112947848500024,1.3960417888865269,179.0,True,True,red,circle,0.129626581259898,-0.0008170176953939287,0.004060337658033024,True,0.984375,1.015748031496063
B_269,low,269,0,10,after block 9,9,2.9974288846385075,2.99025,5.450875,2.9476250000000004,1.017322834645669,True,runs/pendulum/unified_mechanism_v2/paired_layer_control/large_seed3407/long_common_scan/B/videos/B_269/location_10.mp4,True,0.984375,1,1.0707909384744094,0.0022742493446982204,1.3998854634407603,173.0,True,True,red,circle,0.12796651192141734,-0.0019609769726616627,0.004405640563997082,True,0.984375,1.0362204724409447
B_269,low,269,0,11,after block 10,10,2.9974288846385075,2.99025,5.450875,2.932125,1.0236220472440944,True,runs/pendulum/unified_mechanism_v2/paired_layer_control/large_seed3407/long_common_scan/B/videos/B_269/location_11.mp4,True,0.984375,1,1.101984460556671,0.002544085841821031,1.4448177171395193,166.0,True,True,red,circle,0.1276128435452277,-0.004320006799710788,0.005268269602112668,False,0.46875,1.0204724409448818
B_269,low,269,0,12,after block 11,11,2.9974288846385075,2.99025,5.450875,3.029,0.984251968503937,False,runs/pendulum/unified_mechanism_v2/paired_layer_control/large_seed3407/long_common_scan/B/videos/B_269/location_12.mp4,True,1.0,0,7.77149032440014,0.0321618162813091,3.155742395086266,139.5,True,True,blue,circle,0.0917955289413976,0.03120312161280146,0.017270245528570812,False,0.015625,nan
B_269,low,269,0,13,after block 12,12,2.9974288846385075,2.99025,5.450875,2.932125,1.0236220472440944,False,runs/pendulum/unified_mechanism_v2/paired_layer_control/large_seed3407/long_common_scan/B/videos/B_269/location_13.mp4,True,1.0,0,4.00454685407818,0.019774073934312908,2.9148235229640957,173.5,True,True,blue,circle,0.11185170830535132,0.005954363530532608,0.005290775503246712,False,0.03125,nan
B_269,low,269,0,14,after block 13,13,2.9974288846385075,2.99025,5.450875,2.94375,1.0188976377952756,False,runs/pendulum/unified_mechanism_v2/paired_layer_control/large_seed3407/long_common_scan/B/videos/B_269/location_14.mp4,True,1.0,0,3.8883071813368764,0.016993430566110662,2.959059089538658,177.0,True,True,blue,circle,0.10585245502856731,0.006158744453880993,0.00476241677499294,False,0.46875,1.0251968503937008
B_269,low,269,0,15,after block 14,14,2.9974288846385075,2.99025,5.450875,2.908875,1.0330708661417323,False,runs/pendulum/unified_mechanism_v2/paired_layer_control/large_seed3407/long_common_scan/B/videos/B_269/location_15.mp4,True,1.0,0,2.510780135165678,0.019066841817817592,2.6308138136543713,178.5,True,True,blue,circle,0.09708353975149812,0.0031302238103468917,0.005999610235348652,False,0.859375,0.984251968503937
B_269,low,269,0,16,after block 15,15,2.9974288846385075,2.99025,5.450875,2.91275,1.031496062992126,False,runs/pendulum/unified_mechanism_v2/paired_layer_control/large_seed3407/long_common_scan/B/videos/B_269/location_16.mp4,True,1.0,0,3.0358399167509376,0.020409175143563302,2.521447456353166,179.5,True,True,blue,circle,0.09400159816299661,0.0026411657893226,0.005510686301337272,True,0.953125,0.9622047244094486
B_269,low,269,0,17,after block 16,16,2.9974288846385075,2.99025,5.450875,2.885625,1.04251968503937,False,runs/pendulum/unified_mechanism_v2/paired_layer_control/large_seed3407/long_common_scan/B/videos/B_269/location_17.mp4,True,1.0,0,2.2493498919119315,0.01921640888834067,2.493845724128272,189.5,True,True,blue,circle,0.09009105479916776,0.002327298693405225,0.005996412171149543,True,1.0,1.04251968503937
B_269,low,269,0,18,after block 17,17,2.9974288846385075,2.99025,5.450875,2.8933750000000003,1.0393700787401574,False,runs/pendulum/unified_mechanism_v2/paired_layer_control/large_seed3407/long_common_scan/B/videos/B_269/location_18.mp4,True,1.0,0,2.422759624795153,0.019338000739612254,2.19947468949395,182.5,True,True,blue,circle,0.08248929605640566,0.0010125724726755077,0.006888584586383342,True,1.0,1.0393700787401574
B_269,low,269,0,19,after block 18,18,2.9974288846385075,2.99025,5.450875,2.8933750000000003,1.0393700787401574,False,runs/pendulum/unified_mechanism_v2/paired_layer_control/large_seed3407/long_common_scan/B/videos/B_269/location_19.mp4,True,1.0,0,2.2418199201924147,0.021238404593011434,2.484186023374207,184.5,True,True,blue,circle,0.07885454116680798,0.0016394127073931914,0.00874919969859406,True,1.0,1.0409448818897638
B_269,low,269,0,20,after block 19,19,2.9974288846385075,2.99025,5.450875,2.874,1.047244094488189,False,runs/pendulum/unified_mechanism_v2/paired_layer_control/large_seed3407/long_common_scan/B/videos/B_269/location_20.mp4,True,1.0,0,2.802181417764437,0.021861729925201606,3.008002414952301,191.5,True,True,blue,circle,0.06473767230768192,0.007338296162258322,0.015207909891517149,True,1.0,1.0440944881889762
B_269,low,269,0,21,after block 20,20,2.9974288846385075,2.99025,5.450875,2.781,1.0850393700787402,False,runs/pendulum/unified_mechanism_v2/paired_layer_control/large_seed3407/long_common_scan/B/videos/B_269/location_21.mp4,True,1.0,0,2.4381372249570785,0.020695611393270863,2.716979366071316,197.5,True,True,blue,circle,0.06243598852463534,0.006648312117664351,0.017540209885572654,True,1.0,1.0866141732283465
B_269,low,269,0,22,after block 21,21,2.9974288846385075,2.99025,5.450875,2.72675,1.1070866141732283,False,runs/pendulum/unified_mechanism_v2/paired_layer_control/large_seed3407/long_common_scan/B/videos/B_269/location_22.mp4,True,1.0,0,2.285687684893325,0.023421338826078164,2.9842499585277333,195.0,True,True,blue,circle,0.05966258833086266,0.0030434030504155082,0.018480444673037593,True,1.0,1.1023622047244093
B_269,low,269,0,23,after block 22,22,2.9974288846385075,2.99025,5.450875,2.4400000000000004,1.2236220472440944,False,runs/pendulum/unified_mechanism_v2/paired_layer_control/large_seed3407/long_common_scan/B/videos/B_269/location_23.mp4,True,1.0,0,2.969056433336489,0.01838316394564002,1.7039709231354767,191.5,True,True,blue,circle,0.044741658646925184,0.0060470064112021675,0.024292749385506244,True,1.0,1.2141732283464566
B_269,low,269,0,24,after block 23,23,2.9974288846385075,2.99025,5.450875,2.474875,1.2094488188976378,False,runs/pendulum/unified_mechanism_v2/paired_layer_control/large_seed3407/long_common_scan/B/videos/B_269/location_24.mp4,True,1.0,0,3.0714697949024172,0.01896450405352912,2.1054170597895254,200.0,True,True,blue,circle,0.04760685366941136,0.006682917571037917,0.028850733002746477,True,1.0,1.215748031496063
B_269,low,269,0,25,after block 24,24,2.9974288846385075,2.99025,5.450875,5.385,0.026771653543307142,False,runs/pendulum/unified_mechanism_v2/paired_layer_control/large_seed3407/long_common_scan/B/videos/B_269/location_25.mp4,True,1.0,0,2.7041527482678744,0.019569805051946554,2.507312294042064,204.5,True,True,blue,circle,0.047401191936901475,0.011692212876228188,0.031094602201838028,True,1.0,0.026771653543307142
B_269,low,269,0,26,after block 25,25,2.9974288846385075,2.99025,5.450875,5.39275,0.0236220472440943,False,runs/pendulum/unified_mechanism_v2/paired_layer_control/large_seed3407/long_common_scan/B/videos/B_269/location_26.mp4,True,1.0,0,2.865675829166104,0.020040664970576633,2.443077524677761,207.0,True,True,blue,circle,0.04652476114341367,0.012539262433688601,0.030460259369993217,True,1.0,0.022047244094488064
B_269,low,269,0,27,after block 26,26,2.9974288846385075,2.99025,5.450875,5.4121250000000005,0.01574803149606275,False,runs/pendulum/unified_mechanism_v2/paired_layer_control/large_seed3407/long_common_scan/B/videos/B_269/location_27.mp4,True,1.0,0,2.817644403030752,0.0187175228613973,2.9379906942267593,208.0,True,True,blue,circle,0.048566970033423126,0.012402356544373962,0.030739605247746125,True,1.0,0.018897637795275587
B_269,low,269,0,28,after block 27,27,2.9974288846385075,2.99025,5.450875,5.447,0.0015748031496062387,False,runs/pendulum/unified_mechanism_v2/paired_layer_control/large_seed3407/long_common_scan/B/videos/B_269/location_28.mp4,True,1.0,0,2.8195678423517787,0.017753576629765067,2.9379540275181033,207.0,True,True,blue,circle,0.05215502575901129,0.010906694215340343,0.031212037331768763,True,1.0,0.006299212598424955
B_269,low,269,0,29,after block 28,28,2.9974288846385075,2.99025,5.450875,5.450875,-0.0,False,runs/pendulum/unified_mechanism_v2/paired_layer_control/large_seed3407/long_common_scan/B/videos/B_269/location_29.mp4,True,1.0,0,2.6350687202615375,0.018595650893192733,2.9888944600163243,206.5,True,True,blue,circle,0.05340219832440325,0.010472562619755193,0.031454765224843556,True,1.0,0.0015748031496062387
B_269,low,269,0,30,after block 29,29,2.9974288846385075,2.99025,5.450875,5.4625,-0.004724409448819077,False,runs/pendulum/unified_mechanism_v2/paired_layer_control/large_seed3407/long_common_scan/B/videos/B_269/location_30.mp4,True,1.0,0,2.896639720143507,0.01841975310645738,3.195010709991019,206.5,True,True,blue,circle,0.05824039051293083,0.010537816404671784,0.03199640995018374,True,1.0,-0.0
B_277,low,277,0,0,embedding output,,2.840246693126768,2.8275,5.65625,2.800375,1.0095890410958905,True,runs/pendulum/unified_mechanism_v2/paired_layer_control/large_seed3407/long_common_scan/B/videos/B_277/location_00.mp4,True,1.0,0,2.051942348992941,0.0013714322798189238,3.4795614762909644,192.5,True,True,red,circle,0.10933413091425091,-0.0011493376695310175,0.006587873435176658,True,0.984375,1.0
B_277,low,277,0,1,after block 0,0,2.840246693126768,2.8275,5.65625,2.792625,1.0123287671232877,True,runs/pendulum/unified_mechanism_v2/paired_layer_control/large_seed3407/long_common_scan/B/videos/B_277/location_01.mp4,True,1.0,0,2.4310221644757433,0.0013820586968414927,3.951241111819874,192.0,True,True,red,circle,0.10929651377651317,-0.001387989188956295,0.007929332048314525,True,0.984375,1.0
B_277,low,277,0,2,after block 1,1,2.840246693126768,2.8275,5.65625,2.792625,1.0123287671232877,True,runs/pendulum/unified_mechanism_v2/paired_layer_control/large_seed3407/long_common_scan/B/videos/B_277/location_02.mp4,True,1.0,0,2.1948970106272307,0.0011859474537302128,3.7924666279373733,191.5,True,True,red,circle,0.1099431258011458,-0.001412125852616392,0.007314166303397289,True,0.984375,1.0
B_277,low,277,0,3,after block 2,2,2.840246693126768,2.8275,5.65625,2.81975,1.0027397260273974,True,runs/pendulum/unified_mechanism_v2/paired_layer_control/large_seed3407/long_common_scan/B/videos/B_277/location_03.mp4,True,0.984375,1,1.043414556456385,0.0011323617570120903,1.643289263521383,191.0,True,True,red,circle,0.10991703093827444,-0.00031954039912179003,0.002721651705963723,True,0.984375,1.0013698630136987
B_277,low,277,0,4,after block 3,3,2.840246693126768,2.8275,5.65625,2.81975,1.0027397260273974,True,runs/pendulum/unified_mechanism_v2/paired_layer_control/large_seed3407/long_common_scan/B/videos/B_277/location_04.mp4,True,0.984375,1,1.024566480305427,0.0011353816462501554,1.5536742519688507,190.0,True,True,red,circle,0.11017883999908097,0.00014032122828109357,0.0028909793083422455,True,0.984375,1.0013698630136987
B_277,low,277,0,5,after block 4,4,2.840246693126768,2.8275,5.65625,2.81975,1.0027397260273974,True,runs/pendulum/unified_mechanism_v2/paired_layer_control/large_seed3407/long_common_scan/B/videos/B_277/location_05.mp4,True,0.984375,1,1.0210575686203973,0.0012270547904104645,1.5385108522964008,190.0,True,True,red,circle,0.11041339341333667,0.00025933091747649696,0.002979635197912962,True,0.984375,1.0027397260273974
B_277,low,277,0,6,after block 5,5,2.840246693126768,2.8275,5.65625,2.8120000000000003,1.0054794520547945,True,runs/pendulum/unified_mechanism_v2/paired_layer_control/large_seed3407/long_common_scan/B/videos/B_277/location_06.mp4,True,0.984375,1,0.9054012196276395,0.0011186549478353625,1.5385108522964008,185.0,True,True,red,circle,0.11216026144060914,-0.0007891365201567795,0.0031205404708405005,True,0.984375,1.0041095890410958
B_277,low,277,0,7,after block 6,6,2.840246693126768,2.8275,5.65625,2.8120000000000003,1.0054794520547945,True,runs/pendulum/unified_mechanism_v2/paired_layer_control/large_seed3407/long_common_scan/B/videos/B_277/location_07.mp4,True,0.984375,1,0.9039834703006219,0.0012072477368701984,1.5734882665427041,183.0,True,True,red,circle,0.11229883248387831,-0.0012756405111797873,0.0032705425777559438,True,0.984375,1.0013698630136987
B_277,low,277,0,8,after block 7,7,2.840246693126768,2.8275,5.65625,2.80425,1.0082191780821919,True,runs/pendulum/unified_mechanism_v2/paired_layer_control/large_seed3407/long_common_scan/B/videos/B_277/location_08.mp4,True,0.984375,1,0.9821557572124775,0.0013522405102842083,1.6216966579545564,181.0,True,True,red,circle,0.11300593028991006,-0.0020312935669675866,0.003638361092538027,True,0.984375,1.0013698630136987
B_277,low,277,0,9,after block 8,8,2.840246693126768,2.8275,5.65625,2.8120000000000003,1.0054794520547945,True,runs/pendulum/unified_mechanism_v2/paired_layer_control/large_seed3407/long_common_scan/B/videos/B_277/location_09.mp4,True,0.984375,1,0.9237416186296386,0.001280809730379473,1.7068908387944148,181.0,True,True,red,circle,0.11319935034311863,-0.002306543570394349,0.003659469572057543,True,0.984375,1.0
B_277,low,277,0,10,after block 9,9,2.840246693126768,2.8275,5.65625,2.792625,1.0123287671232877,True,runs/pendulum/unified_mechanism_v2/paired_layer_control/large_seed3407/long_common_scan/B/videos/B_277/location_10.mp4,True,0.984375,1,1.022669821618681,0.001531304118458865,1.9318893700114963,176.0,True,True,red,circle,0.112781914295318,-0.002716723914053909,0.0038608859206269923,True,0.984375,1.006849315068493
B_277,low,277,0,11,after block 10,10,2.840246693126768,2.8275,5.65625,2.378,1.158904109589041,True,runs/pendulum/unified_mechanism_v2/paired_layer_control/large_seed3407/long_common_scan/B/videos/B_277/location_11.mp4,False,1.0,0,10.456715711552176,0.11082160417595914,1.2502674549461081,34.5,False,True,blue,circle,0.055788043599302437,0.041880644924624816,0.018266340224690623,False,0.734375,1.0205479452054795
B_277,low,277,0,12,after block 11,11,2.840246693126768,2.8275,5.65625,2.57175,1.0904109589041096,False,runs/pendulum/unified_mechanism_v2/paired_layer_control/large_seed3407/long_common_scan/B/videos/B_277/location_12.mp4,True,1.0,0,5.594000930928514,0.03398216773985244,1.4481225817195833,127.5,True,True,blue,circle,0.0831712889866882,0.022288442360053066,0.017433144360275845,False,0.015625,nan
B_277,low,277,0,13,after block 12,12,2.840246693126768,2.8275,5.65625,2.72675,1.0356164383561643,False,runs/pendulum/unified_mechanism_v2/paired_layer_control/large_seed3407/long_common_scan/B/videos/B_277/location_13.mp4,True,1.0,0,5.060824029148384,0.021411130022269464,1.3022793340755832,178.0,True,True,blue,circle,0.09420602184794123,0.0019042221571343972,0.007350931781755186,False,0.046875,nan
B_277,low,277,0,14,after block 13,13,2.840246693126768,2.8275,5.65625,2.75,1.0273972602739727,False,runs/pendulum/unified_mechanism_v2/paired_layer_control/large_seed3407/long_common_scan/B/videos/B_277/location_14.mp4,True,1.0,0,4.523791316843459,0.01787525173927118,1.2367301275992153,181.0,True,True,blue,circle,0.08888536742249614,0.0020648428020605025,0.00632753959893282,False,0.203125,1.189041095890411
B_277,low,277,0,15,after block 14,14,2.840246693126768,2.8275,5.65625,2.7345,1.0328767123287672,False,runs/pendulum/unified_mechanism_v2/paired_layer_control/large_seed3407/long_common_scan/B/videos/B_277/location_15.mp4,True,1.0,0,4.120618425685638,0.018176031375238183,1.264337064005958,182.0,True,True,blue,circle,0.08435139506995938,-2.8766948332165568e-05,0.006656948638585586,False,0.609375,1.1493150684931508
B_277,low,277,0,16,after block 15,15,2.840246693126768,2.8275,5.65625,2.7383750000000004,1.0315068493150683,False,runs/pendulum/unified_mechanism_v2/paired_layer_control/large_seed3407/long_common_scan/B/videos/B_277/location_16.mp4,True,1.0,0,4.691199357218994,0.017852746342003567,1.1817099693143145,181.5,True,True,blue,circle,0.08208289207918963,-0.0006993051455490158,0.007265166381515135,False,0.84375,1.189041095890411
B_277,low,277,0,17,after block 16,16,2.840246693126768,2.8275,5.65625,2.71125,1.0410958904109588,False,runs/pendulum/unified_mechanism_v2/paired_layer_control/large_seed3407/long_common_scan/B/videos/B_277/location_17.mp4,True,1.0,0,3.6691910125755323,0.018314680816352513,1.092678703792471,191.5,True,True,blue,circle,0.0792442268509619,-0.0016246155526947236,0.007789982053886434,True,1.0,1.0452054794520549
B_277,low,277,0,18,after block 17,17,2.840246693126768,2.8275,5.65625,2.684125,1.0506849315068494,False,runs/pendulum/unified_mechanism_v2/paired_layer_control/large_seed3407/long_common_scan/B/videos/B_277/location_18.mp4,True,1.0,0,3.7362414116224687,0.018518130847557435,0.9311256903778956,189.0,True,True,blue,circle,0.07509289113878187,-0.004123313767274791,0.008739468322379887,True,1.0,1.0465753424657533
B_277,low,277,0,19,after block 18,18,2.840246693126768,2.8275,5.65625,2.6492500000000003,1.0630136986301368,False,runs/pendulum/unified_mechanism_v2/paired_layer_control/large_seed3407/long_common_scan/B/videos/B_277/location_19.mp4,True,1.0,0,3.8881181814075862,0.01955144124938274,0.8741801325268889,191.0,True,True,blue,circle,0.07090336472291642,-0.003857936071132221,0.01045866112527131,True,1.0,1.0547945205479452
B_277,low,277,0,20,after block 19,19,2.840246693126768,2.8275,5.65625,2.567875,1.0917808219178082,False,runs/pendulum/unified_mechanism_v2/paired_layer_control/large_seed3407/long_common_scan/B/videos/B_277/location_20.mp4,True,1.0,0,3.4290308140538004,0.0191976675407666,1.0624681112427823,200.0,True,True,blue,circle,0.05778030463139125,0.0030790179601614142,0.016073381045908837,True,1.0,1.0821917808219177
B_277,low,277,0,21,after block 20,20,2.840246693126768,2.8275,5.65625,2.4438750000000002,1.1356164383561644,False,runs/pendulum/unified_mechanism_v2/paired_layer_control/large_seed3407/long_common_scan/B/videos/B_277/location_21.mp4,True,1.0,0,3.7452886995435497,0.018203008729149733,1.835465450642038,200.0,True,True,blue,circle,0.05436685513247818,0.002349289076540642,0.019104278010314297,True,1.0,1.1356164383561644
B_277,low,277,0,22,after block 21,21,2.840246693126768,2.8275,5.65625,2.44775,1.1342465753424658,False,runs/pendulum/unified_mechanism_v2/paired_layer_control/large_seed3407/long_common_scan/B/videos/B_277/location_22.mp4,True,1.0,0,2.0480166102096193,0.01933365365893855,2.2121286976971724,200.0,True,True,blue,circle,0.050532675718095714,-0.0004821677206366084,0.022401403042577893,True,1.0,1.143835616438356
B_277,low,277,0,23,after block 22,22,2.840246693126768,2.8275,5.65625,2.358625,1.1657534246575343,False,runs/pendulum/unified_mechanism_v2/paired_layer_control/large_seed3407/long_common_scan/B/videos/B_277/location_23.mp4,True,1.0,0,3.7923193633565724,0.020124711647693888,1.818449535789649,199.0,True,True,blue,circle,0.039388366641539364,0.0008965435113026826,0.02923740536635399,True,1.0,1.1726027397260272
B_277,low,277,0,24,after block 23,23,2.840246693126768,2.8275,5.65625,5.6446250000000004,0.004109589041095732,False,runs/pendulum/unified_mechanism_v2/paired_layer_control/large_seed3407/long_common_scan/B/videos/B_277/location_24.mp4,True,1.0,0,2.8459082792902093,0.020535044508619926,2.3855631165226185,206.0,True,True,blue,circle,0.04099640364036435,-0.0037289342454933155,0.029411005748323983,True,1.0,-0.005479452054794624
B_277,low,277,0,25,after block 24,24,2.840246693126768,2.8275,5.65625,5.652375,0.0013698630136985775,False,runs/pendulum/unified_mechanism_v2/paired_layer_control/large_seed3407/long_common_scan/B/videos/B_277/location_25.mp4,True,1.0,0,2.979701914905779,0.020013160042207323,2.359606991692487,207.5,True,True,blue,circle,0.04277919372645396,-0.004187371221136007,0.027662481225833705,True,1.0,-0.012328767123287825
B_277,low,277,0,26,after block 25,25,2.840246693126768,2.8275,5.65625,5.629125,0.009589041095890356,False,runs/pendulum/unified_mechanism_v2/paired_layer_control/large_seed3407/long_common_scan/B/videos/B_277/location_26.mp4,True,1.0,0,3.553364843241947,0.01950914955186417,2.3711648097496734,211.0,True,True,blue,circle,0.04208038343748269,-0.003405212807737857,0.02752958571963921,True,1.0,0.004109589041095732
B_277,low,277,0,27,after block 26,26,2.840246693126768,2.8275,5.65625,5.62525,0.010958904109588934,False,runs/pendulum/unified_mechanism_v2/paired_layer_control/large_seed3407/long_common_scan/B/videos/B_277/location_27.mp4,True,1.0,0,3.194638376879786,0.01873662507310836,2.3694698883044496,211.0,True,True,blue,circle,0.04403350333738207,-0.0036376452538653095,0.02754480550509437,True,1.0,0.0068493150684932015
B_277,low,277,0,28,after block 27,27,2.840246693126768,2.8275,5.65625,5.64075,0.005479452054794624,False,runs/pendulum/unified_mechanism_v2/paired_layer_control/large_seed3407/long_common_scan/B/videos/B_277/location_28.mp4,True,1.0,0,2.8227385737093575,0.01814536948559639,2.254245363944618,210.0,True,True,blue,circle,0.045652850489549195,-0.004717156941092589,0.028236023317002992,True,1.0,-0.0013698630136985775
B_277,low,277,0,29,after block 28,28,2.840246693126768,2.8275,5.65625,5.6485,0.002739726027397155,False,runs/pendulum/unified_mechanism_v2/paired_layer_control/large_seed3407/long_common_scan/B/videos/B_277/location_29.mp4,True,1.0,0,3.2096210510773258,0.01830864694394807,2.2947900621536625,210.5,True,True,blue,circle,0.04607064993692322,-0.004414374708792883,0.028203751038006288,True,1.0,-0.0013698630136985775
B_277,low,277,0,30,after block 29,29,2.840246693126768,2.8275,5.65625,5.6485,0.002739726027397155,False,runs/pendulum/unified_mechanism_v2/paired_layer_control/large_seed3407/long_common_scan/B/videos/B_277/location_30.mp4,True,1.0,0,3.281458613522854,0.018977294059714822,2.195094613891775,209.0,True,True,blue,circle,0.04928847499329047,-0.0038715902801702037,0.02920701789538857,True,1.0,-0.0
B_280,low,280,0,0,embedding output,,2.9847175807132897,2.9941250000000004,5.53225,2.99025,1.001526717557252,True,runs/pendulum/unified_mechanism_v2/paired_layer_control/large_seed3407/long_common_scan/B/videos/B_280/location_00.mp4,True,0.984375,1,1.2208063711334423,0.0008260285527764144,1.5449672985721499,193.0,True,True,red,circle,0.14935720641825562,0.0022668856039085245,0.0034413515016269553,True,0.984375,1.001526717557252
B_280,low,280,0,1,after block 0,0,2.9847175807132897,2.9941250000000004,5.53225,2.99025,1.001526717557252,True,runs/pendulum/unified_mechanism_v2/paired_layer_control/large_seed3407/long_common_scan/B/videos/B_280/location_01.mp4,True,0.984375,1,1.2562187150609774,0.0009610857176283183,1.5449672985721499,194.0,True,True,red,circle,0.14914469507449277,0.0020636307258139765,0.0034355838244386713,True,0.984375,1.001526717557252
B_280,low,280,0,2,after block 1,1,2.9847175807132897,2.9941250000000004,5.53225,2.9863750000000002,1.003053435114504,True,runs/pendulum/unified_mechanism_v2/paired_layer_control/large_seed3407/long_common_scan/B/videos/B_280/location_02.mp4,True,0.984375,1,1.1920201931808148,0.0008619208570733172,1.5588978565926157,192.0,True,True,red,circle,0.14988687283906504,0.0020021902053956714,0.0032153339254177927,True,0.984375,1.003053435114504
B_280,low,280,0,3,after block 2,2,2.9847175807132897,2.9941250000000004,5.53225,2.99025,1.001526717557252,True,runs/pendulum/unified_mechanism_v2/paired_layer_control/large_seed3407/long_common_scan/B/videos/B_280/location_03.mp4,True,0.984375,1,1.1886439452878976,0.0008955917009981773,1.5588978565926157,192.0,True,True,red,circle,0.14984819200528374,0.002109422329429634,0.0030650975833945333,True,0.984375,1.003053435114504
B_280,low,280,0,4,after block 3,3,2.9847175807132897,2.9941250000000004,5.53225,2.9825,1.004580152671756,True,runs/pendulum/unified_mechanism_v2/paired_layer_control/large_seed3407/long_common_scan/B/videos/B_280/location_04.mp4,True,0.984375,1,1.2086406222001194,0.0008320914177994965,1.7702125781760492,190.0,True,True,red,circle,0.15050437323309424,0.002957074192664195,0.0031515077146668175,True,0.984375,1.003053435114504
B_280,low,280,0,5,after block 4,4,2.9847175807132897,2.9941250000000004,5.53225,2.9825,1.004580152671756,True,runs/pendulum/unified_mechanism_v2/paired_layer_control/large_seed3407/long_common_scan/B/videos/B_280/location_05.mp4,True,0.984375,1,1.286853591054537,0.0008320914177994965,1.7261313321510101,190.0,True,True,red,circle,0.1503813448064747,0.003087217324195094,0.0030400406900792905,True,0.984375,1.003053435114504
B_280,low,280,0,6,after block 5,5,2.9847175807132897,2.9941250000000004,5.53225,2.9708750000000004,1.0091603053435114,True,runs/pendulum/unified_mechanism_v2/paired_layer_control/large_seed3407/long_common_scan/B/videos/B_280/location_06.mp4,True,0.984375,1,1.173266301994936,0.0009705814347744646,1.5245292806631492,185.0,True,True,red,circle,0.15218778034798555,0.0010715747297625202,0.0033770237070353927,True,0.984375,1.0091603053435114
B_280,low,280,0,7,after block 6,6,2.9847175807132897,2.9941250000000004,5.53225,2.967,1.0106870229007634,True,runs/pendulum/unified_mechanism_v2/paired_layer_control/large_seed3407/long_common_scan/B/videos/B_280/location_07.mp4,True,0.984375,1,1.1695849665566302,0.0010733093395782767,1.533275882668991,183.0,True,True,red,circle,0.15205935116785413,8.965346858639372e-05,0.0035091008491264586,True,0.984375,1.0122137404580154
B_280,low,280,0,8,after block 7,7,2.9847175807132897,2.9941250000000004,5.53225,2.95925,1.0137404580152674,True,runs/pendulum/unified_mechanism_v2/paired_layer_control/large_seed3407/long_common_scan/B/videos/B_280/location_08.mp4,True,0.984375,1,1.2110801647557345,0.0012302235990261368,1.5643066854038075,180.0,True,True,red,circle,0.15259839932559716,-0.0010812617581855942,0.0045699904817924535,True,0.984375,1.016793893129771
B_280,low,280,0,9,after block 8,8,2.9847175807132897,2.9941250000000004,5.53225,2.9631250000000002,1.0122137404580154,True,runs/pendulum/unified_mechanism_v2/paired_layer_control/large_seed3407/long_common_scan/B/videos/B_280/location_09.mp4,True,0.984375,1,1.2805097370145537,0.0011995595600142739,1.5677409593107916,180.0,True,True,red,circle,0.1521249186986871,-0.0007144770530001562,0.00465529913327906,True,0.984375,1.0183206106870228
B_280,low,280,0,10,after block 9,9,2.9847175807132897,2.9941250000000004,5.53225,2.955375,1.015267175572519,True,runs/pendulum/unified_mechanism_v2/paired_layer_control/large_seed3407/long_common_scan/B/videos/B_280/location_10.mp4,True,0.984375,1,1.3628723890949317,0.0014500583005396805,1.5376395386764146,177.0,True,True,red,circle,0.1507820403083574,-0.0020450430712134786,0.004547685455197272,True,0.984375,1.0396946564885496
B_280,low,280,0,11,after block 10,10,2.9847175807132897,2.9941250000000004,5.53225,2.89725,1.0381679389312979,True,runs/pendulum/unified_mechanism_v2/paired_layer_control/large_seed3407/long_common_scan/B/videos/B_280/location_11.mp4,False,1.0,0,12.929770906494998,0.0996733556083224,2.8868348006462465,34.0,False,True,blue,circle,0.09153933112078284,0.0500828856531789,0.02014671145378391,False,0.5,1.0183206106870228
B_280,low,280,0,12,after block 11,11,2.9847175807132897,2.9941250000000004,5.53225,2.9747500000000002,1.0076335877862597,False,runs/pendulum/unified_mechanism_v2/paired_layer_control/large_seed3407/long_common_scan/B/videos/B_280/location_12.mp4,True,1.0,0,9.498955314206574,0.032885059209634165,2.6085352283398775,140.0,True,True,blue,circle,0.11327713330505754,0.02191083139230375,0.01541946828760819,False,0.015625,nan
B_280,low,280,0,13,after block 12,12,2.9847175807132897,2.9941250000000004,5.53225,2.9515000000000002,1.016793893129771,False,runs/pendulum/unified_mechanism_v2/paired_layer_control/large_seed3407/long_common_scan/B/videos/B_280/location_13.mp4,True,1.0,0,3.4679446421778213,0.018950161827317402,2.789327922891425,177.5,True,True,blue,circle,0.1310885614973947,0.006013470970722884,0.0072943363051372456,False,0.140625,0.9526717557251909
B_280,low,280,0,14,after block 13,13,2.9847175807132897,2.9941250000000004,5.53225,2.955375,1.015267175572519,False,runs/pendulum/unified_mechanism_v2/paired_layer_control/large_seed3407/long_common_scan/B/videos/B_280/location_14.mp4,True,1.0,0,3.040663062692163,0.017510934264648337,2.872681067008865,183.0,True,True,blue,circle,0.1256205056519806,0.005163427346048875,0.006978790079221749,False,0.53125,1.0381679389312979
B_280,low,280,0,15,after block 14,14,2.9847175807132897,2.9941250000000004,5.53225,2.91275,1.0320610687022902,False,runs/pendulum/unified_mechanism_v2/paired_layer_control/large_seed3407/long_common_scan/B/videos/B_280/location_15.mp4,True,1.0,0,2.9969264707828636,0.018162364081421384,1.577581535652781,181.5,True,True,blue,circle,0.11540109259192266,0.0021105541495021946,0.008006734461965152,False,0.890625,0.9893129770992367
B_280,low,280,0,16,after block 15,15,2.9847175807132897,2.9941250000000004,5.53225,2.9166250000000002,1.0305343511450382,False,runs/pendulum/unified_mechanism_v2/paired_layer_control/large_seed3407/long_common_scan/B/videos/B_280/location_16.mp4,True,1.0,0,2.7916518221643907,0.019083264409357648,0.5570701788315267,181.5,True,True,blue,circle,0.11218017179058969,0.0021111712694786445,0.007814482688992774,True,1.0,0.9938931297709924
B_280,low,280,0,17,after block 16,16,2.9847175807132897,2.9941250000000004,5.53225,2.874,1.0473282442748093,False,runs/pendulum/unified_mechanism_v2/paired_layer_control/large_seed3407/long_common_scan/B/videos/B_280/location_17.mp4,True,1.0,0,3.2037135543676087,0.01867836759282082,0.608113606997916,192.0,True,True,blue,circle,0.10643777144903403,0.002172143555139817,0.009650302324121349,True,1.0,1.0458015267175573
B_280,low,280,0,18,after block 17,17,2.9847175807132897,2.9941250000000004,5.53225,2.874,1.0473282442748093,False,runs/pendulum/unified_mechanism_v2/paired_layer_control/large_seed3407/long_common_scan/B/videos/B_280/location_18.mp4,True,1.0,0,3.539929857467582,0.019389255047503495,1.0891798529096175,187.0,True,True,blue,circle,0.09822381119676478,0.0005219514660803122,0.011818366547153266,True,1.0,1.048854961832061
B_280,low,280,0,19,after block 18,18,2.9847175807132897,2.9941250000000004,5.53225,2.8817500000000003,1.0442748091603054,False,runs/pendulum/unified_mechanism_v2/paired_layer_control/large_seed3407/long_common_scan/B/videos/B_280/location_19.mp4,True,1.0,0,3.469215691815639,0.019430398690284234,1.400737298229585,187.0,True,True,blue,circle,0.09320479690834804,0.001349029528742711,0.014074205639586454,True,1.0,1.0412213740458016
B_280,low,280,0,20,after block 19,19,2.9847175807132897,2.9941250000000004,5.53225,2.839125,1.0610687022900764,False,runs/pendulum/unified_mechanism_v2/paired_layer_control/large_seed3407/long_common_scan/B/videos/B_280/location_20.mp4,True,1.0,0,2.7241886013346344,0.019764053740740167,1.6182840504075722,194.5,True,True,blue,circle,0.07669581502461426,0.008815864579431123,0.022767116896583752,True,1.0,1.0595419847328247
B_280,low,280,0,21,after block 20,20,2.9847175807132897,2.9941250000000004,5.53225,2.730625,1.10381679389313,False,runs/pendulum/unified_mechanism_v2/paired_layer_control/large_seed3407/long_common_scan/B/videos/B_280/location_21.mp4,True,1.0,0,3.7216777321347565,0.01956410100389344,3.1681698052446845,202.0,True,True,blue,circle,0.07382483151715584,0.008940802018190244,0.026632677414967828,True,1.0,1.1068702290076338
B_280,low,280,0,22,after block 21,21,2.9847175807132897,2.9941250000000004,5.53225,2.657,1.1328244274809163,False,runs/pendulum/unified_mechanism_v2/paired_layer_control/large_seed3407/long_common_scan/B/videos/B_280/location_22.mp4,True,1.0,0,4.136680456601977,0.020019708092321675,3.105006461061503,195.0,True,True,blue,circle,0.06933777073801496,0.005232304602601463,0.027752317486946957,True,1.0,1.1312977099236643
B_280,low,280,0,23,after block 22,22,2.9847175807132897,2.9941250000000004,5.53225,2.3741250000000003,1.2442748091603053,False,runs/pendulum/unified_mechanism_v2/paired_layer_control/large_seed3407/long_common_scan/B/videos/B_280/location_23.mp4,True,1.0,0,3.691278471573926,0.02033596783431496,3.037165179711989,198.0,True,True,blue,circle,0.05406403738290723,0.008919081585201586,0.03592091179884541,True,1.0,1.2442748091603053
B_280,low,280,0,24,after block 23,23,2.9847175807132897,2.9941250000000004,5.53225,2.3935000000000004,1.2366412213740459,False,runs/pendulum/unified_mechanism_v2/paired_layer_control/large_seed3407/long_common_scan/B/videos/B_280/location_24.mp4,True,1.0,0,3.3698915003283125,0.019013972085125008,3.0674191849043657,206.0,True,True,blue,circle,0.05669158003193116,0.008556899622410907,0.04119310549813511,True,1.0,1.2442748091603053
B_280,low,280,0,25,after block 24,24,2.9847175807132897,2.9941250000000004,5.53225,5.4818750000000005,0.019847328244274744,False,runs/pendulum/unified_mechanism_v2/paired_layer_control/large_seed3407/long_common_scan/B/videos/B_280/location_25.mp4,True,1.0,0,3.1157970433106583,0.017585734459882818,3.076930597481511,205.5,True,True,blue,circle,0.06091786203624144,0.015817829615601246,0.04101769634108767,True,1.0,0.009160305343511447
B_280,low,280,0,26,after block 25,25,2.9847175807132897,2.9941250000000004,5.53225,5.4935,0.015267175572519196,False,runs/pendulum/unified_mechanism_v2/paired_layer_control/large_seed3407/long_common_scan/B/videos/B_280/location_26.mp4,True,1.0,0,2.7739619125169326,0.018158907303206906,2.7068560144798326,210.5,True,True,blue,circle,0.060499777495034095,0.017201195676017984,0.04075964658190472,True,1.0,0.012213740458015498
B_280,low,280,0,27,after block 26,26,2.9847175807132897,2.9941250000000004,5.53225,5.5051250000000005,0.010687022900763298,False,runs/pendulum/unified_mechanism_v2/paired_layer_control/large_seed3407/long_common_scan/B/videos/B_280/location_27.mp4,True,1.0,0,2.6578578077620496,0.018903502477085804,2.7149147114549117,212.0,True,True,blue,circle,0.0634551390487157,0.01684776327500751,0.04102139808197718,True,1.0,0.003053435114504049
B_280,low,280,0,28,after block 27,27,2.9847175807132897,2.9941250000000004,5.53225,5.51675,0.006106870229007749,False,runs/pendulum/unified_mechanism_v2/paired_layer_control/large_seed3407/long_common_scan/B/videos/B_280/location_28.mp4,True,1.0,0,2.165657201359967,0.01734876598796964,2.916808921293795,209.5,True,True,blue,circle,0.06789560021885177,0.01575790276996897,0.04125975502211402,True,1.0,0.003053435114504049
B_280,low,280,0,29,after block 28,28,2.9847175807132897,2.9941250000000004,5.53225,5.51675,0.006106870229007749,False,runs/pendulum/unified_mechanism_v2/paired_layer_control/large_seed3407/long_common_scan/B/videos/B_280/location_29.mp4,True,1.0,0,2.770902017322746,0.017706787235716448,2.820688908437898,210.0,True,True,blue,circle,0.06927659901588236,0.015546108901971967,0.04141039102855446,True,1.0,-0.0
B_280,low,280,0,30,after block 29,29,2.9847175807132897,2.9941250000000004,5.53225,5.5283750000000005,0.0015267175572518496,False,runs/pendulum/unified_mechanism_v2/paired_layer_control/large_seed3407/long_common_scan/B/videos/B_280/location_30.mp4,True,1.0,0,2.521754462968071,0.018659175560790553,2.934335417061993,209.0,True,True,blue,circle,0.0743559204379776,0.015895133122658462,0.042349188157368586,True,1.0,-0.0
B_283,low,283,0,0,embedding output,,2.937563383695726,2.9166250000000002,5.62525,2.908875,1.0028612303290416,True,runs/pendulum/unified_mechanism_v2/paired_layer_control/large_seed3407/long_common_scan/B/videos/B_283/location_00.mp4,True,1.0,0,1.0330475201893041,0.0016733839511487159,0.9335255689991324,191.5,True,True,red,circle,0.11631484889877255,0.00021173106714057603,0.0029822544966896583,True,0.984375,1.0
B_283,low,283,0,1,after block 0,0,2.937563383695726,2.9166250000000002,5.62525,2.908875,1.0028612303290416,True,runs/pendulum/unified_mechanism_v2/paired_layer_control/large_seed3407/long_common_scan/B/videos/B_283/location_01.mp4,True,1.0,0,1.0954215267372602,0.0015354953618711975,1.090247430865078,192.0,True,True,red,circle,0.11623026088342667,0.00021708556015099945,0.0030566105981140418,True,0.984375,1.0
B_283,low,283,0,2,after block 1,1,2.937563383695726,2.9166250000000002,5.62525,2.908875,1.0028612303290416,True,runs/pendulum/unified_mechanism_v2/paired_layer_control/large_seed3407/long_common_scan/B/videos/B_283/location_02.mp4,True,1.0,0,0.9689616257470128,0.001491092279347156,0.9683067717468073,189.5,True,True,red,circle,0.1172858814939674,1.4243621501792785e-06,0.0030212082636826834,True,0.984375,1.001430615164521
B_283,low,283,0,3,after block 2,2,2.937563383695726,2.9166250000000002,5.62525,2.9050000000000002,1.0042918454935623,True,runs/pendulum/unified_mechanism_v2/paired_layer_control/large_seed3407/long_common_scan/B/videos/B_283/location_03.mp4,True,1.0,0,0.9690155172170863,0.0015205840128986459,0.9081713155480282,189.5,True,True,red,circle,0.11688171631485167,-8.945485094165125e-05,0.002900705517517131,True,0.984375,1.001430615164521
B_283,low,283,0,4,after block 3,3,2.937563383695726,2.9166250000000002,5.62525,2.9050000000000002,1.0042918454935623,True,runs/pendulum/unified_mechanism_v2/paired_layer_control/large_seed3407/long_common_scan/B/videos/B_283/location_04.mp4,True,1.0,0,0.91529943822327,0.0015522094227837513,0.8731987628753161,188.0,True,True,red,circle,0.11772656344543916,0.00014333073422965816,0.0029222553771132797,True,0.984375,1.001430615164521
B_283,low,283,0,5,after block 4,4,2.937563383695726,2.9166250000000002,5.62525,2.908875,1.0028612303290416,True,runs/pendulum/unified_mechanism_v2/paired_layer_control/large_seed3407/long_common_scan/B/videos/B_283/location_05.mp4,True,1.0,0,0.9380787560462257,0.0015573590293383732,0.8236604210499403,187.5,True,True,red,circle,0.11766994548385117,9.060860454348868e-05,0.002775567270303722,True,0.984375,1.0
B_283,low,283,0,6,after block 5,5,2.937563383695726,2.9166250000000002,5.62525,2.908875,1.0028612303290416,True,runs/pendulum/unified_mechanism_v2/paired_layer_control/large_seed3407/long_common_scan/B/videos/B_283/location_06.mp4,True,1.0,0,1.477605173152455,0.001448443699740204,0.4587064221860225,184.0,True,True,red,circle,0.11988238477546968,-0.001489733808427287,0.0037149315985076795,True,0.984375,1.0042918454935623
B_283,low,283,0,7,after block 6,6,2.937563383695726,2.9166250000000002,5.62525,2.9166250000000002,1.0,True,runs/pendulum/unified_mechanism_v2/paired_layer_control/large_seed3407/long_common_scan/B/videos/B_283/location_07.mp4,True,1.0,0,2.4472960206113195,0.0014221618678217085,0.7858863376557589,182.0,True,True,red,circle,0.12072459091571587,-0.003265036742352304,0.005380648700089284,True,0.984375,1.0042918454935623
B_283,low,283,0,8,after block 7,7,2.937563383695726,2.9166250000000002,5.62525,2.89725,1.0071530758226037,True,runs/pendulum/unified_mechanism_v2/paired_layer_control/large_seed3407/long_common_scan/B/videos/B_283/location_08.mp4,True,0.984375,1,1.122235973513106,0.0015234997171592046,1.4854147931146326,178.0,True,True,red,circle,0.12057349710900146,-0.003898213459920634,0.004116903904204539,True,0.984375,1.0028612303290416
B_283,low,283,0,9,after block 8,8,2.937563383695726,2.9166250000000002,5.62525,2.9050000000000002,1.0042918454935623,True,runs/pendulum/unified_mechanism_v2/paired_layer_control/large_seed3407/long_common_scan/B/videos/B_283/location_09.mp4,True,0.984375,1,1.1741336385561378,0.0016281491721256147,1.3445272682127423,177.0,True,True,red,circle,0.12072870377885865,-0.0039011852454590165,0.004169735682834318,True,0.984375,0.9985693848354793
B_283,low,283,0,10,after block 9,9,2.937563383695726,2.9166250000000002,5.62525,2.89725,1.0071530758226037,True,runs/pendulum/unified_mechanism_v2/paired_layer_control/large_seed3407/long_common_scan/B/videos/B_283/location_10.mp4,True,0.984375,1,0.9898227553024302,0.001849723225911093,1.378505011653747,173.0,True,True,red,circle,0.12067180145615214,-0.004700080539320134,0.004350542859807362,True,0.96875,1.0128755364806867
B_283,low,283,0,11,after block 10,10,2.937563383695726,2.9166250000000002,5.62525,2.8895,1.0100143061516453,True,runs/pendulum/unified_mechanism_v2/paired_layer_control/large_seed3407/long_common_scan/B/videos/B_283/location_11.mp4,True,0.984375,1,1.5941857816828293,0.0024985857058916205,0.9272344878579737,166.0,True,True,red,circle,0.12119173636465169,-0.007539394989311124,0.005644987286196111,False,0.421875,1.0872675250357655
B_283,low,283,0,12,after block 11,11,2.937563383695726,2.9166250000000002,5.62525,2.9282500000000002,0.9957081545064378,False,runs/pendulum/unified_mechanism_v2/paired_layer_control/large_seed3407/long_common_scan/B/videos/B_283/location_12.mp4,True,1.0,0,4.330078089304383,0.028686414774098057,3.5227537735292667,137.0,True,True,blue,circle,0.0936821726723141,0.024792689674073148,0.01688605331713255,False,0.015625,nan
B_283,low,283,0,13,after block 12,12,2.937563383695726,2.9166250000000002,5.62525,2.89725,1.0071530758226037,False,runs/pendulum/unified_mechanism_v2/paired_layer_control/large_seed3407/long_common_scan/B/videos/B_283/location_13.mp4,True,1.0,0,3.212653998361365,0.01786532536574459,3.144126899289697,170.0,True,True,blue,circle,0.10625575317813953,0.0026095367023219185,0.005844905876867227,False,0.09375,0.8583690987124464
B_283,low,283,0,14,after block 13,13,2.937563383695726,2.9166250000000002,5.62525,2.908875,1.0028612303290416,False,runs/pendulum/unified_mechanism_v2/paired_layer_control/large_seed3407/long_common_scan/B/videos/B_283/location_14.mp4,True,1.0,0,3.337662781888639,0.014535590941275128,3.2076044294880175,179.0,True,True,blue,circle,0.10092597808252186,0.0023461052512342867,0.006106645175505694,False,0.359375,0.921316165951359
B_283,low,283,0,15,after block 14,14,2.937563383695726,2.9166250000000002,5.62525,2.89725,1.0071530758226037,False,runs/pendulum/unified_mechanism_v2/paired_layer_control/large_seed3407/long_common_scan/B/videos/B_283/location_15.mp4,True,1.0,0,3.406895969927583,0.018397738853968032,2.4294548856659763,177.0,True,True,blue,circle,0.09447265117398304,-0.000944397776977693,0.005892982480988311,False,0.765625,0.9427753934191703
B_283,low,283,0,16,after block 15,15,2.937563383695726,2.9166250000000002,5.62525,2.89725,1.0071530758226037,False,runs/pendulum/unified_mechanism_v2/paired_layer_control/large_seed3407/long_common_scan/B/videos/B_283/location_16.mp4,True,1.0,0,3.0355308919318587,0.017685874554009856,2.2823872326359638,179.0,True,True,blue,circle,0.09128124671050682,-0.0012405871094713127,0.006466803319998248,False,0.84375,0.9699570815450644
B_283,low,283,0,17,after block 16,16,2.937563383695726,2.9166250000000002,5.62525,2.8895,1.0100143061516453,False,runs/pendulum/unified_mechanism_v2/paired_layer_control/large_seed3407/long_common_scan/B/videos/B_283/location_17.mp4,True,1.0,0,3.0438908256233828,0.017658794547806722,2.7883042974782,187.0,True,True,blue,circle,0.08899368027776836,-0.0026653666850625594,0.007469476951159296,True,1.0,1.005722460658083
B_283,low,283,0,18,after block 17,17,2.937563383695726,2.9166250000000002,5.62525,2.885625,1.011444921316166,False,runs/pendulum/unified_mechanism_v2/paired_layer_control/large_seed3407/long_common_scan/B/videos/B_283/location_18.mp4,True,1.0,0,3.2662354655951176,0.019885072543641774,2.338497987383946,186.5,True,True,blue,circle,0.08320417054679766,-0.004321199138017963,0.007971416830230454,True,1.0,1.0085836909871244
B_283,low,283,0,19,after block 18,18,2.937563383695726,2.9166250000000002,5.62525,2.885625,1.011444921316166,False,runs/pendulum/unified_mechanism_v2/paired_layer_control/large_seed3407/long_common_scan/B/videos/B_283/location_19.mp4,True,1.0,0,3.2616297846969853,0.019367745884715182,2.5754506975988876,189.5,True,True,blue,circle,0.07910858503991942,-0.0035856568525696663,0.00771762929463833,True,1.0,1.0071530758226037
B_283,low,283,0,20,after block 19,19,2.937563383695726,2.9166250000000002,5.62525,2.843,1.0271816881258942,False,runs/pendulum/unified_mechanism_v2/paired_layer_control/large_seed3407/long_common_scan/B/videos/B_283/location_20.mp4,True,1.0,0,2.895180803562904,0.019998721788023116,2.5274622555805015,193.5,True,True,blue,circle,0.06617586154655501,0.0008655708885379574,0.011663927413047373,True,1.0,1.0214592274678111
B_283,low,283,0,21,after block 20,20,2.937563383695726,2.9166250000000002,5.62525,2.77325,1.0529327610872676,False,runs/pendulum/unified_mechanism_v2/paired_layer_control/large_seed3407/long_common_scan/B/videos/B_283/location_21.mp4,True,1.0,0,2.6123633372519994,0.019295912110790903,2.2531913942538053,195.5,True,True,blue,circle,0.06560955534498651,-4.895758085975012e-05,0.013696773195007303,True,1.0,1.0429184549356225
B_283,low,283,0,22,after block 21,21,2.937563383695726,2.9166250000000002,5.62525,2.75775,1.0586552217453504,False,runs/pendulum/unified_mechanism_v2/paired_layer_control/large_seed3407/long_common_scan/B/videos/B_283/location_22.mp4,True,1.0,0,3.075906898406779,0.01984617945400946,1.7255542298825841,193.0,True,True,blue,circle,0.06261177296478798,-0.004404476020022372,0.01390648678848556,True,1.0,1.0586552217453504
B_283,low,283,0,23,after block 22,22,2.937563383695726,2.9166250000000002,5.62525,2.6686250000000005,1.0915593705293276,False,runs/pendulum/unified_mechanism_v2/paired_layer_control/large_seed3407/long_common_scan/B/videos/B_283/location_23.mp4,True,1.0,0,2.31559679684143,0.02197776928232409,0.7594652202387563,194.5,True,True,blue,circle,0.048733676991941914,-0.0015036897529445573,0.020592889794934857,True,1.0,1.090128755364807
B_283,low,283,0,24,after block 23,23,2.937563383695726,2.9166250000000002,5.62525,2.660875,1.0944206008583692,False,runs/pendulum/unified_mechanism_v2/paired_layer_control/large_seed3407/long_common_scan/B/videos/B_283/location_24.mp4,True,1.0,0,2.5344581960325403,0.02104068165443354,1.287420409611356,204.5,True,True,blue,circle,0.04990753427991698,-0.0005265025330826671,0.022665542175841664,True,1.0,1.09585121602289
B_283,low,283,0,25,after block 24,24,2.937563383695726,2.9166250000000002,5.62525,2.6415,1.101573676680973,False,runs/pendulum/unified_mechanism_v2/paired_layer_control/large_seed3407/long_common_scan/B/videos/B_283/location_25.mp4,True,1.0,0,2.5370376325678374,0.0185375914821104,0.9582372380047454,205.0,True,True,blue,circle,0.049772460632628635,-0.00202520735724595,0.025734230214617175,True,1.0,1.1030042918454936
B_283,low,283,0,26,after block 25,25,2.937563383695726,2.9166250000000002,5.62525,2.6453750000000005,1.100143061516452,False,runs/pendulum/unified_mechanism_v2/paired_layer_control/large_seed3407/long_common_scan/B/videos/B_283/location_26.mp4,True,1.0,0,2.1659709233633513,0.01822676741740903,0.8464018417986577,207.0,True,True,blue,circle,0.04930848341824211,-0.0011470735649863663,0.02550557253443175,True,1.0,1.1030042918454936
B_283,low,283,0,27,after block 26,26,2.937563383695726,2.9166250000000002,5.62525,5.64075,-0.005722460658082755,False,runs/pendulum/unified_mechanism_v2/paired_layer_control/large_seed3407/long_common_scan/B/videos/B_283/location_27.mp4,True,1.0,0,3.016462187784118,0.0192400215304544,1.450836794508826,209.0,True,True,blue,circle,0.04631743228288157,0.0009615906775003484,0.02646732653220803,True,1.0,1.101573676680973
B_283,low,283,0,28,after block 27,27,2.937563383695726,2.9166250000000002,5.62525,5.6446250000000004,-0.007153075822603772,False,runs/pendulum/unified_mechanism_v2/paired_layer_control/large_seed3407/long_common_scan/B/videos/B_283/location_28.mp4,True,1.0,0,3.3626763585485473,0.018407323256240976,1.390657790498249,209.0,True,True,blue,circle,0.04976855418831027,-0.0006353594394113113,0.02740627844440249,True,1.0,-0.004291845493562066
B_283,low,283,0,29,after block 28,28,2.937563383695726,2.9166250000000002,5.62525,5.64075,-0.005722460658082755,False,runs/pendulum/unified_mechanism_v2/paired_layer_control/large_seed3407/long_common_scan/B/videos/B_283/location_29.mp4,True,1.0,0,3.6759497075226646,0.019110156524938277,1.49645648602591,209.5,True,True,blue,circle,0.05023496069835816,-0.001516893827645706,0.0278145419964099,True,1.0,-0.0028612303290413777
B_283,low,283,0,30,after block 29,29,2.937563383695726,2.9166250000000002,5.62525,5.633,-0.0028612303290413777,False,runs/pendulum/unified_mechanism_v2/paired_layer_control/large_seed3407/long_common_scan/B/videos/B_283/location_30.mp4,True,1.0,0,3.6197028878522195,0.018984036954252076,1.4761389848757074,206.0,True,True,blue,circle,0.053527805874767735,-0.0018778811927498502,0.02872152736365274,True,1.0,-0.0
B_286,low,286,0,0,embedding output,,2.5810241564462775,2.552375,6.055375,2.5485,1.0011061946902655,True,runs/pendulum/unified_mechanism_v2/paired_layer_control/large_seed3407/long_common_scan/B/videos/B_286/location_00.mp4,True,1.0,0,0.9275125867687755,0.0014792099243367274,0.14343062983801952,193.0,True,True,red,circle,0.13355298341533342,0.000802032852274019,0.0033280789137270753,True,0.984375,1.002212389380531
B_286,low,286,0,1,after block 0,0,2.5810241564462775,2.552375,6.055375,2.5485,1.0011061946902655,True,runs/pendulum/unified_mechanism_v2/paired_layer_control/large_seed3407/long_common_scan/B/videos/B_286/location_01.mp4,True,1.0,0,0.9249455853996693,0.0016075189471997653,0.0439980611531224,192.0,True,True,red,circle,0.13373898541685206,0.0006917790558031982,0.0032160709098575054,True,0.984375,1.002212389380531
B_286,low,286,0,2,after block 1,1,2.5810241564462775,2.552375,6.055375,2.544625,1.002212389380531,True,runs/pendulum/unified_mechanism_v2/paired_layer_control/large_seed3407/long_common_scan/B/videos/B_286/location_02.mp4,True,1.0,0,0.994830078730604,0.001684751519153288,0.15373989400660593,191.0,True,True,red,circle,0.13422146476104396,0.0006539570114372228,0.0034497558686973793,True,0.984375,1.0033185840707965
B_286,low,286,0,3,after block 2,2,2.5810241564462775,2.552375,6.055375,2.544625,1.002212389380531,True,runs/pendulum/unified_mechanism_v2/paired_layer_control/large_seed3407/long_common_scan/B/videos/B_286/location_03.mp4,True,1.0,0,1.1828940430392287,0.0015841139703958729,0.4182196516331339,190.0,True,True,red,circle,0.13404196260865578,0.0007245001894681139,0.0037413316903654385,True,0.984375,1.0033185840707965
B_286,low,286,0,4,after block 3,3,2.5810241564462775,2.552375,6.055375,2.544625,1.002212389380531,True,runs/pendulum/unified_mechanism_v2/paired_layer_control/large_seed3407/long_common_scan/B/videos/B_286/location_04.mp4,True,1.0,0,1.1301755366580855,0.0014779046546906371,0.4219070148290693,189.0,True,True,red,circle,0.13419591223561916,0.0012092764370635674,0.003617705303268383,True,0.984375,1.0033185840707965
B_286,low,286,0,5,after block 4,4,2.5810241564462775,2.552375,6.055375,2.5485,1.0011061946902655,True,runs/pendulum/unified_mechanism_v2/paired_layer_control/large_seed3407/long_common_scan/B/videos/B_286/location_05.mp4,True,1.0,0,1.5886984707994674,0.0014779046546906371,0.7972541945091993,189.0,True,True,red,circle,0.13414052225169965,0.0008949779312712185,0.004377042021120907,True,0.984375,1.0033185840707965
B_286,low,286,0,6,after block 5,5,2.5810241564462775,2.552375,6.055375,2.5330000000000004,1.0055309734513274,True,runs/pendulum/unified_mechanism_v2/paired_layer_control/large_seed3407/long_common_scan/B/videos/B_286/location_06.mp4,True,0.984375,1,1.0082680989659742,0.0015954263811238656,0.7925856911221416,185.0,True,True,red,circle,0.13576865067083752,-0.0003554450680492545,0.0036404097190375242,True,0.984375,1.0066371681415929
B_286,low,286,0,7,after block 6,6,2.5810241564462775,2.552375,6.055375,2.5330000000000004,1.0055309734513274,True,runs/pendulum/unified_mechanism_v2/paired_layer_control/large_seed3407/long_common_scan/B/videos/B_286/location_07.mp4,True,0.984375,1,1.044407944680457,0.001741423678023768,0.7925856911221416,183.0,True,True,red,circle,0.13535551245279076,-0.001123008596705707,0.0036501068844374033,True,0.984375,1.0077433628318584
B_286,low,286,0,8,after block 7,7,2.5810241564462775,2.552375,6.055375,2.52525,1.0077433628318584,True,runs/pendulum/unified_mechanism_v2/paired_layer_control/large_seed3407/long_common_scan/B/videos/B_286/location_08.mp4,True,0.984375,1,0.9572876349651122,0.0017133101473411072,0.8257195896550461,180.0,True,True,red,circle,0.13661171428011365,-0.0023571112964031493,0.004119240138073688,True,0.984375,1.0132743362831858
B_286,low,286,0,9,after block 8,8,2.5810241564462775,2.552375,6.055375,2.529125,1.0066371681415929,True,runs/pendulum/unified_mechanism_v2/paired_layer_control/large_seed3407/long_common_scan/B/videos/B_286/location_09.mp4,True,0.984375,1,0.9731745741257383,0.0019329935523122455,0.8545440294460651,180.0,True,True,red,circle,0.13625408517555487,-0.002531186067457878,0.004446594631417435,True,0.984375,1.0143805309734513
B_286,low,286,0,10,after block 9,9,2.5810241564462775,2.552375,6.055375,2.5097500000000004,1.0121681415929202,True,runs/pendulum/unified_mechanism_v2/paired_layer_control/large_seed3407/long_common_scan/B/videos/B_286/location_10.mp4,True,0.984375,1,1.0736676224947486,0.0018817768206011443,0.533275563313231,175.0,True,True,red,circle,0.13272244979476586,-0.0031974434454009903,0.003988934465803426,True,0.984375,1.0309734513274336
B_286,low,286,0,11,after block 10,10,2.5810241564462775,2.552375,6.055375,2.482625,1.0199115044247788,True,runs/pendulum/unified_mechanism_v2/paired_layer_control/large_seed3407/long_common_scan/B/videos/B_286/location_11.mp4,True,0.984375,1,1.1573516615448936,0.0023019173788035308,1.0144668036618811,169.0,True,True,red,circle,0.13235537499873237,-0.003539375185395663,0.0051332710604656325,False,0.484375,1.0652654867256637
B_286,low,286,0,12,after block 11,11,2.5810241564462775,2.552375,6.055375,2.5562500000000004,0.9988938053097345,False,runs/pendulum/unified_mechanism_v2/paired_layer_control/large_seed3407/long_common_scan/B/videos/B_286/location_12.mp4,True,1.0,0,3.337975296852737,0.03203077907623145,1.5074826475109564,133.5,True,True,blue,circle,0.10661215645066549,0.02731863024643766,0.01683358909344568,False,0.015625,nan
B_286,low,286,0,13,after block 12,12,2.5810241564462775,2.552375,6.055375,2.5020000000000002,1.0143805309734513,False,runs/pendulum/unified_mechanism_v2/paired_layer_control/large_seed3407/long_common_scan/B/videos/B_286/location_13.mp4,True,1.0,0,2.3668935073243107,0.019885046860413674,1.270698161384691,172.0,True,True,blue,circle,0.11924200198561888,0.004552629983787383,0.006172728521453044,False,0.03125,nan
B_286,low,286,0,14,after block 13,13,2.5810241564462775,2.552375,6.055375,2.513625,1.0110619469026547,False,runs/pendulum/unified_mechanism_v2/paired_layer_control/large_seed3407/long_common_scan/B/videos/B_286/location_14.mp4,True,1.0,0,2.6139731496686305,0.015795820800254434,1.1070857345091152,179.0,True,True,blue,circle,0.11390721062434153,0.0044086544502261425,0.0069550508577947215,False,0.25,0.035398230088495485
B_286,low,286,0,15,after block 14,14,2.5810241564462775,2.552375,6.055375,2.471,1.0232300884955752,False,runs/pendulum/unified_mechanism_v2/paired_layer_control/large_seed3407/long_common_scan/B/videos/B_286/location_15.mp4,True,1.0,0,2.1223476460009447,0.017451544705007038,0.5653254962581392,178.5,True,True,blue,circle,0.10762867239477195,0.0020355310379900197,0.009579549166312658,False,0.671875,0.9657079646017699
B_286,low,286,0,16,after block 15,15,2.5810241564462775,2.552375,6.055375,2.4438750000000002,1.0309734513274336,False,runs/pendulum/unified_mechanism_v2/paired_layer_control/large_seed3407/long_common_scan/B/videos/B_286/location_16.mp4,True,1.0,0,2.454290206299272,0.017440204281491234,0.31925560614560433,180.0,True,True,blue,circle,0.10508186340088563,0.0018450360972903424,0.010467346729475763,False,0.703125,0.9402654867256636
B_286,low,286,0,17,after block 16,16,2.5810241564462775,2.552375,6.055375,2.3973750000000003,1.0442477876106193,False,runs/pendulum/unified_mechanism_v2/paired_layer_control/large_seed3407/long_common_scan/B/videos/B_286/location_17.mp4,True,1.0,0,2.085127652538047,0.01653163779348546,0.41022269817630824,187.0,True,True,blue,circle,0.10265050161977982,0.0038664357308831167,0.010508917323104385,True,1.0,1.049778761061947
B_286,low,286,0,18,after block 17,17,2.5810241564462775,2.552375,6.055375,2.3702500000000004,1.0519911504424777,False,runs/pendulum/unified_mechanism_v2/paired_layer_control/large_seed3407/long_common_scan/B/videos/B_286/location_18.mp4,True,1.0,0,2.0534444827546037,0.016568059394964696,0.4107645360533072,187.0,True,True,blue,circle,0.09709426991031765,0.003551734261095358,0.012675549534037144,True,1.0,1.0608407079646016
B_286,low,286,0,19,after block 18,18,2.5810241564462775,2.552375,6.055375,2.3470000000000004,1.0586283185840708,False,runs/pendulum/unified_mechanism_v2/paired_layer_control/large_seed3407/long_common_scan/B/videos/B_286/location_19.mp4,True,1.0,0,1.8563335045194715,0.016797959001320306,0.7195754722974717,188.5,True,True,blue,circle,0.09147070011500553,0.0041445069323168835,0.016284288296431592,True,1.0,1.0641592920353982
B_286,low,286,0,20,after block 19,19,2.5810241564462775,2.552375,6.055375,2.250125,1.086283185840708,False,runs/pendulum/unified_mechanism_v2/paired_layer_control/large_seed3407/long_common_scan/B/videos/B_286/location_20.mp4,True,1.0,0,2.5902403708061463,0.019174465369310695,0.7067480398961128,196.0,True,True,blue,circle,0.07962153246752544,0.009762438253010925,0.023866421561031217,True,1.0,1.084070796460177
B_286,low,286,0,21,after block 20,20,2.5810241564462775,2.552375,6.055375,2.180375,1.1061946902654867,False,runs/pendulum/unified_mechanism_v2/paired_layer_control/large_seed3407/long_common_scan/B/videos/B_286/location_21.mp4,True,1.0,0,2.581218462845996,0.0190518459554726,0.7003397681584084,199.5,True,True,blue,circle,0.0773593807407314,0.012348929555435914,0.028553762615824943,True,1.0,1.1106194690265485
B_286,low,286,0,22,after block 21,21,2.5810241564462775,2.552375,6.055375,2.01375,1.1537610619469028,False,runs/pendulum/unified_mechanism_v2/paired_layer_control/large_seed3407/long_common_scan/B/videos/B_286/location_22.mp4,True,1.0,0,2.6694418714849757,0.019601829989232156,1.1593953529797172,199.5,True,True,blue,circle,0.06920285322193778,0.011916477744390917,0.03173386753334332,True,1.0,1.1493362831858407
B_286,low,286,0,23,after block 22,22,2.5810241564462775,2.552375,6.055375,1.2000000000000002,1.386061946902655,False,runs/pendulum/unified_mechanism_v2/paired_layer_control/large_seed3407/long_common_scan/B/videos/B_286/location_23.mp4,True,1.0,0,2.8750636249570376,0.018056485780462816,1.9660505550441871,199.0,True,True,blue,circle,0.09935546487643132,0.06044641902239343,0.03707065775883541,True,1.0,1.3351769911504423
B_286,low,286,0,24,after block 23,23,2.5810241564462775,2.552375,6.055375,1.2000000000000002,1.386061946902655,False,runs/pendulum/unified_mechanism_v2/paired_layer_control/large_seed3407/long_common_scan/B/videos/B_286/location_24.mp4,True,1.0,0,3.1385834129682104,0.01895375990674203,1.89394782585055,207.0,True,True,blue,circle,0.09288018138150157,0.05661785790076348,0.03986354506111862,True,1.0,1.386061946902655
B_286,low,286,0,25,after block 24,24,2.5810241564462775,2.552375,6.055375,6.1755,-0.034292035398230294,False,runs/pendulum/unified_mechanism_v2/paired_layer_control/large_seed3407/long_common_scan/B/videos/B_286/location_25.mp4,True,1.0,0,2.0833573721135106,0.019003484944635884,1.8788722593398663,209.0,True,True,blue,circle,0.05522630039825385,0.0075460593244552334,0.03899177826801756,True,1.0,-0.026548672566371674
B_286,low,286,0,26,after block 25,25,2.5810241564462775,2.552375,6.055375,6.163875,-0.030973451327433708,False,runs/pendulum/unified_mechanism_v2/paired_layer_control/large_seed3407/long_common_scan/B/videos/B_286/location_26.mp4,True,1.0,0,2.1144713946720066,0.019059655435996248,2.031314491071551,212.0,True,True,blue,circle,0.05481378756879394,0.008469589371421435,0.03753703605846585,True,1.0,-0.02544247787610623
B_286,low,286,0,27,after block 26,26,2.5810241564462775,2.552375,6.055375,6.148375,-0.026548672566371674,False,runs/pendulum/unified_mechanism_v2/paired_layer_control/large_seed3407/long_common_scan/B/videos/B_286/location_27.mp4,True,1.0,0,3.203150227193418,0.01810285972495168,2.229342813587356,212.5,True,True,blue,circle,0.05688388938914404,0.008157068152384322,0.03682347494352031,True,1.0,-0.021017699115044454
B_286,low,286,0,28,after block 27,27,2.5810241564462775,2.552375,6.055375,6.1057500000000005,-0.014380530973451535,False,runs/pendulum/unified_mechanism_v2/paired_layer_control/large_seed3407/long_common_scan/B/videos/B_286/location_28.mp4,True,1.0,0,3.276772268018793,0.018113112929959624,2.3505176532359955,211.5,True,True,blue,circle,0.059533457094805495,0.006897228057842231,0.03652774868729756,True,1.0,-0.007743362831858617
B_286,low,286,0,29,after block 28,28,2.5810241564462775,2.552375,6.055375,6.098,-0.012168141592920394,False,runs/pendulum/unified_mechanism_v2/paired_layer_control/large_seed3407/long_common_scan/B/videos/B_286/location_29.mp4,True,1.0,0,3.3539718339635263,0.01785937489211195,2.442438355759062,210.5,True,True,blue,circle,0.060533486746331425,0.006548737658491328,0.03626178835442925,True,1.0,-0.005530973451327474
B_286,low,286,0,30,after block 29,29,2.5810241564462775,2.552375,6.055375,6.067,-0.0033185840707965863,False,runs/pendulum/unified_mechanism_v2/paired_layer_control/large_seed3407/long_common_scan/B/videos/B_286/location_30.mp4,True,1.0,0,2.5603253877767354,0.01818445689417242,2.375455762286754,211.0,True,True,blue,circle,0.0653098910452136,0.006760660774064412,0.03583319589922047,True,1.0,-0.0
B_303,low,303,0,0,embedding output,,2.5285657418684746,2.5097500000000004,5.962375,2.5097500000000004,1.0,True,runs/pendulum/unified_mechanism_v2/paired_layer_control/large_seed3407/long_common_scan/B/videos/B_303/location_00.mp4,True,1.0,0,1.0489717196338455,0.0013804038445061617,0.4205199247764454,192.0,True,True,red,circle,0.14383305476263614,0.000669831797418245,0.002474436177158539,True,0.984375,0.9988776655443322
B_303,low,303,0,1,after block 0,0,2.5285657418684746,2.5097500000000004,5.962375,2.5097500000000004,1.0,True,runs/pendulum/unified_mechanism_v2/paired_layer_control/large_seed3407/long_common_scan/B/videos/B_303/location_01.mp4,True,1.0,0,1.0135124337461974,0.0013525643226165174,0.37635687868703105,192.0,True,True,red,circle,0.1439087289701948,0.00048765347464363646,0.0023447359047231373,True,0.984375,0.9988776655443322
B_303,low,303,0,2,after block 1,1,2.5285657418684746,2.5097500000000004,5.962375,2.505875,1.001122334455668,True,runs/pendulum/unified_mechanism_v2/paired_layer_control/large_seed3407/long_common_scan/B/videos/B_303/location_02.mp4,True,1.0,0,1.0169631951007876,0.0011533331414098347,0.513295750267384,191.0,True,True,red,circle,0.1446162813717711,0.0008655530878196365,0.002542364928255389,True,0.984375,1.001122334455668
B_303,low,303,0,3,after block 2,2,2.5285657418684746,2.5097500000000004,5.962375,2.505875,1.001122334455668,True,runs/pendulum/unified_mechanism_v2/paired_layer_control/large_seed3407/long_common_scan/B/videos/B_303/location_03.mp4,True,1.0,0,1.049406689847217,0.0013620266344515075,0.35238639223373686,191.0,True,True,red,circle,0.14431157678382994,0.0008529238375082087,0.0026144144501712573,True,0.984375,1.001122334455668
B_303,low,303,0,4,after block 3,3,2.5285657418684746,2.5097500000000004,5.962375,2.505875,1.001122334455668,True,runs/pendulum/unified_mechanism_v2/paired_layer_control/large_seed3407/long_common_scan/B/videos/B_303/location_04.mp4,True,1.0,0,1.0421955974544164,0.0012717358847263438,0.47633497659779045,189.0,True,True,red,circle,0.14457783619445827,0.001412176209160618,0.0028145203495065735,True,0.984375,1.001122334455668
B_303,low,303,0,5,after block 4,4,2.5285657418684746,2.5097500000000004,5.962375,2.5020000000000002,1.0022446689113356,True,runs/pendulum/unified_mechanism_v2/paired_layer_control/large_seed3407/long_common_scan/B/videos/B_303/location_05.mp4,True,1.0,0,1.0360495700262304,0.001131780906997143,0.40242513999760193,189.0,True,True,red,circle,0.14433796805184135,0.001444723901461085,0.002843846394529602,True,0.984375,1.001122334455668
B_303,low,303,0,6,after block 5,5,2.5285657418684746,2.5097500000000004,5.962375,2.5020000000000002,1.0022446689113356,True,runs/pendulum/unified_mechanism_v2/paired_layer_control/large_seed3407/long_common_scan/B/videos/B_303/location_06.mp4,True,1.0,0,2.162432597755637,0.0013244712094190314,2.064407943836831,184.0,True,True,red,circle,0.14398742431227515,-0.0011516938780757678,0.007013626849691909,True,0.984375,1.0022446689113356
B_303,low,303,0,7,after block 6,6,2.5285657418684746,2.5097500000000004,5.962375,2.5020000000000002,1.0022446689113356,True,runs/pendulum/unified_mechanism_v2/paired_layer_control/large_seed3407/long_common_scan/B/videos/B_303/location_07.mp4,True,1.0,0,3.3389741112010904,0.0012697875184649599,3.2252882078871488,182.0,True,True,red,circle,0.1432950424657424,-0.00217084038342015,0.00862279226683418,True,0.984375,1.0044893378226711
B_303,low,303,0,8,after block 7,7,2.5285657418684746,2.5097500000000004,5.962375,2.49425,1.0044893378226711,True,runs/pendulum/unified_mechanism_v2/paired_layer_control/large_seed3407/long_common_scan/B/videos/B_303/location_08.mp4,True,0.984375,1,1.2065993998326399,0.0013031956070830297,0.26884831383028407,179.0,True,True,red,circle,0.1468333080832541,-0.0025661481124803643,0.004292146723523713,True,0.984375,1.0089786756453423
B_303,low,303,0,9,after block 8,8,2.5285657418684746,2.5097500000000004,5.962375,2.498125,1.0033670033670035,True,runs/pendulum/unified_mechanism_v2/paired_layer_control/large_seed3407/long_common_scan/B/videos/B_303/location_09.mp4,True,0.984375,1,1.2065993998326399,0.0014403845622042999,0.2679619823055922,179.0,True,True,red,circle,0.14615134783704975,-0.00251049830365755,0.004588424660934987,True,0.984375,1.0078563411896746
B_303,low,303,0,10,after block 9,9,2.5285657418684746,2.5097500000000004,5.962375,2.482625,1.0078563411896746,True,runs/pendulum/unified_mechanism_v2/paired_layer_control/large_seed3407/long_common_scan/B/videos/B_303/location_10.mp4,True,0.984375,1,1.0594383274785544,0.0016527296880771147,0.30197051189736857,173.0,True,True,red,circle,0.1423944479184792,-0.0033769589601580718,0.003946498391940052,True,0.96875,1.0448933782267116
B_303,low,303,0,11,after block 10,10,2.5285657418684746,2.5097500000000004,5.962375,2.358625,1.043771043771044,True,runs/pendulum/unified_mechanism_v2/paired_layer_control/large_seed3407/long_common_scan/B/videos/B_303/location_11.mp4,True,1.0,0,13.621588370587462,0.09368187089436908,2.2752262151558678,43.0,True,True,blue,circle,0.0986735136058177,0.054611230243227074,0.01875461315945804,False,0.328125,1.0998877665544333
B_303,low,303,0,12,after block 11,11,2.5285657418684746,2.5097500000000004,5.962375,2.4865000000000004,1.0067340067340067,False,runs/pendulum/unified_mechanism_v2/paired_layer_control/large_seed3407/long_common_scan/B/videos/B_303/location_12.mp4,True,1.0,0,5.713164095528423,0.03191580222474444,2.172312164164282,142.0,True,True,blue,circle,0.12418114219155377,0.017295940403728248,0.013490676372446555,False,0.03125,nan
B_303,low,303,0,13,after block 12,12,2.5285657418684746,2.5097500000000004,5.962375,2.4632500000000004,1.0134680134680134,False,runs/pendulum/unified_mechanism_v2/paired_layer_control/large_seed3407/long_common_scan/B/videos/B_303/location_13.mp4,True,1.0,0,3.8369088710994053,0.021534370789005858,2.167147728833665,177.0,True,True,blue,circle,0.12591562181118257,0.004033661008640392,0.005081854697051688,False,0.078125,nan
B_303,low,303,0,14,after block 13,13,2.5285657418684746,2.5097500000000004,5.962375,2.474875,1.0101010101010102,False,runs/pendulum/unified_mechanism_v2/paired_layer_control/large_seed3407/long_common_scan/B/videos/B_303/location_14.mp4,True,1.0,0,3.8067517082051685,0.018212405928185404,2.1338795926608176,182.0,True,True,blue,circle,0.12056481486666519,0.004267793985348851,0.006377773288165543,False,0.46875,1.0381593714927049
B_303,low,303,0,15,after block 14,14,2.5285657418684746,2.5097500000000004,5.962375,2.4245,1.0246913580246915,False,runs/pendulum/unified_mechanism_v2/paired_layer_control/large_seed3407/long_common_scan/B/videos/B_303/location_15.mp4,True,1.0,0,4.175651498998862,0.019230604566498583,0.7879181063256948,177.0,True,True,blue,circle,0.11574063199594446,0.0023070975448753568,0.008698097030756989,False,0.875,1.0280583613916947
B_303,low,303,0,16,after block 15,15,2.5285657418684746,2.5097500000000004,5.962375,2.405125,1.0303030303030305,False,runs/pendulum/unified_mechanism_v2/paired_layer_control/large_seed3407/long_common_scan/B/videos/B_303/location_16.mp4,True,1.0,0,4.308996596237773,0.0196622702746356,0.7433537775693687,181.0,True,True,blue,circle,0.11363750208175105,0.0020593949498732052,0.009118639101370011,False,0.90625,1.02020202020202
B_303,low,303,0,17,after block 16,16,2.5285657418684746,2.5097500000000004,5.962375,2.3702500000000004,1.0404040404040404,False,runs/pendulum/unified_mechanism_v2/paired_layer_control/large_seed3407/long_common_scan/B/videos/B_303/location_17.mp4,True,1.0,0,3.91977017012318,0.01898240537770443,0.7659704237070498,189.0,True,True,blue,circle,0.11020840881145016,0.004262674341140125,0.00968634367560099,True,1.0,1.042648709315376
B_303,low,303,0,18,after block 17,17,2.5285657418684746,2.5097500000000004,5.962375,2.358625,1.043771043771044,False,runs/pendulum/unified_mechanism_v2/paired_layer_control/large_seed3407/long_common_scan/B/videos/B_303/location_18.mp4,True,1.0,0,2.3609511545073785,0.018598631888501194,0.7528988887852719,189.0,True,True,blue,circle,0.10431191505072923,0.002726327876149261,0.012130968352232553,True,1.0,1.048260381593715
B_303,low,303,0,19,after block 18,18,2.5285657418684746,2.5097500000000004,5.962375,2.3315,1.0516273849607183,False,runs/pendulum/unified_mechanism_v2/paired_layer_control/large_seed3407/long_common_scan/B/videos/B_303/location_19.mp4,True,1.0,0,2.503346578259536,0.01788510502955512,1.3097886876151787,188.5,True,True,blue,circle,0.09882181826879884,0.004051553444596055,0.015140349299689413,True,1.0,1.0572390572390573
B_303,low,303,0,20,after block 19,19,2.5285657418684746,2.5097500000000004,5.962375,2.273375,1.0684624017957352,False,runs/pendulum/unified_mechanism_v2/paired_layer_control/large_seed3407/long_common_scan/B/videos/B_303/location_20.mp4,True,1.0,0,2.746967305233396,0.019878221863871337,1.276039704257418,195.0,True,True,blue,circle,0.087401846881704,0.008679964812278751,0.022437908271300305,True,1.0,1.0684624017957352
B_303,low,303,0,21,after block 20,20,2.5285657418684746,2.5097500000000004,5.962375,2.2307500000000005,1.0808080808080809,False,runs/pendulum/unified_mechanism_v2/paired_layer_control/large_seed3407/long_common_scan/B/videos/B_303/location_21.mp4,True,1.0,0,2.7541340449202694,0.019454429464806494,1.4178516283621256,202.0,True,True,blue,circle,0.08401317987774017,0.010319111207803251,0.028065562263237198,True,1.0,1.0819304152637488
B_303,low,303,0,22,after block 21,21,2.5285657418684746,2.5097500000000004,5.962375,2.102875,1.1178451178451179,False,runs/pendulum/unified_mechanism_v2/paired_layer_control/large_seed3407/long_common_scan/B/videos/B_303/location_22.mp4,True,1.0,0,3.672404511773367,0.020994764597339427,2.430063402046522,200.0,True,True,blue,circle,0.07258816115494195,0.008172941174802703,0.03236704341886125,True,1.0,1.1133557800224467
B_303,low,303,0,23,after block 22,22,2.5285657418684746,2.5097500000000004,5.962375,1.7735000000000003,1.21324354657688,False,runs/pendulum/unified_mechanism_v2/paired_layer_control/large_seed3407/long_common_scan/B/videos/B_303/location_23.mp4,True,1.0,0,3.887059060589668,0.018695780153820646,3.402821544819741,199.0,True,True,blue,circle,0.06627816921456602,0.017283511693451034,0.037966562077686825,True,1.0,1.1907968574635244
B_303,low,303,0,24,after block 23,23,2.5285657418684746,2.5097500000000004,5.962375,1.5100000000000002,1.2895622895622898,False,runs/pendulum/unified_mechanism_v2/paired_layer_control/large_seed3407/long_common_scan/B/videos/B_303/location_24.mp4,True,1.0,0,3.3361711593270313,0.019366358687254892,3.3334558475133265,207.0,True,True,blue,circle,0.0710771692415304,0.028947034047275475,0.04202394578339238,True,1.0,1.265993265993266
B_303,low,303,0,25,after block 24,24,2.5285657418684746,2.5097500000000004,5.962375,1.3472500000000003,1.3367003367003367,False,runs/pendulum/unified_mechanism_v2/paired_layer_control/large_seed3407/long_common_scan/B/videos/B_303/location_25.mp4,True,1.0,0,3.5235159357530867,0.0190880995892882,3.557630592907804,208.5,True,True,blue,circle,0.07821028036778345,0.03802934144188838,0.04219656516077528,True,1.0,1.2918069584736254
B_303,low,303,0,26,after block 25,25,2.5285657418684746,2.5097500000000004,5.962375,6.07475,-0.03254769921436592,False,runs/pendulum/unified_mechanism_v2/paired_layer_control/large_seed3407/long_common_scan/B/videos/B_303/location_26.mp4,True,1.0,0,3.640216980438021,0.01934159691592413,3.217217120581765,210.0,True,True,blue,circle,0.05598798125640653,0.008499839087264979,0.04198752980823767,True,1.0,1.2996632996632997
B_303,low,303,0,27,after block 26,26,2.5285657418684746,2.5097500000000004,5.962375,6.0360000000000005,-0.021324354657688203,False,runs/pendulum/unified_mechanism_v2/paired_layer_control/large_seed3407/long_common_scan/B/videos/B_303/location_27.mp4,True,1.0,0,3.2544660698951065,0.018935643379134476,3.5029730080425523,212.0,True,True,blue,circle,0.05843364149695912,0.008833196133497364,0.04161331694902919,True,1.0,-0.021324354657688203
B_303,low,303,0,28,after block 27,27,2.5285657418684746,2.5097500000000004,5.962375,6.005,-0.01234567901234572,False,runs/pendulum/unified_mechanism_v2/paired_layer_control/large_seed3407/long_common_scan/B/videos/B_303/location_28.mp4,True,1.0,0,2.16158312717391,0.018591477593531247,3.287476214028281,211.5,True,True,blue,circle,0.06125447531692858,0.007604407270249815,0.04161747964881887,True,1.0,-0.01234567901234572
B_303,low,303,0,29,after block 28,28,2.5285657418684746,2.5097500000000004,5.962375,5.99725,-0.010101010101010229,False,runs/pendulum/unified_mechanism_v2/paired_layer_control/large_seed3407/long_common_scan/B/videos/B_303/location_29.mp4,True,1.0,0,2.100443997380491,0.01891498335910724,3.483874400858066,210.0,True,True,blue,circle,0.06207994847438113,0.006979309866885398,0.04120015093201668,True,1.0,-0.008978675645342483
B_303,low,303,0,30,after block 29,29,2.5285657418684746,2.5097500000000004,5.962375,5.9585,0.001122334455667746,False,runs/pendulum/unified_mechanism_v2/paired_layer_control/large_seed3407/long_common_scan/B/videos/B_303/location_30.mp4,True,1.0,0,2.4694631817312955,0.019372940837625086,3.3790003026970497,208.0,True,True,blue,circle,0.06763991348039844,0.007610439059626597,0.041254095102892234,True,1.0,-0.0
B_304,low,304,0,0,embedding output,,2.430624559438521,2.4206250000000002,6.0360000000000005,2.4245,0.9989281886387996,True,runs/pendulum/unified_mechanism_v2/paired_layer_control/large_seed3407/long_common_scan/B/videos/B_304/location_00.mp4,True,1.0,0,1.132923958925106,0.0020759656706838825,0.4730535653386766,193.0,True,True,red,circle,0.1093975564661013,-0.0007367641695989753,0.003055139461633475,True,0.984375,0.9989281886387996
B_304,low,304,0,1,after block 0,0,2.430624559438521,2.4206250000000002,6.0360000000000005,2.4245,0.9989281886387996,True,runs/pendulum/unified_mechanism_v2/paired_layer_control/large_seed3407/long_common_scan/B/videos/B_304/location_01.mp4,True,1.0,0,1.1060078383530687,0.002043149785622117,0.48120099150634227,192.5,True,True,red,circle,0.10943445739610758,-0.0007658725621029355,0.002924318969915262,True,0.984375,0.9978563772775992
B_304,low,304,0,2,after block 1,1,2.430624559438521,2.4206250000000002,6.0360000000000005,2.4245,0.9989281886387996,True,runs/pendulum/unified_mechanism_v2/paired_layer_control/large_seed3407/long_common_scan/B/videos/B_304/location_02.mp4,True,1.0,0,1.0644733840731169,0.001985036676568658,0.6430158807272646,190.0,True,True,red,circle,0.11021659429049492,-0.0007023168981495663,0.0028767069545181396,True,0.984375,0.9989281886387996
B_304,low,304,0,3,after block 2,2,2.430624559438521,2.4206250000000002,6.0360000000000005,2.4206250000000002,1.0,True,runs/pendulum/unified_mechanism_v2/paired_layer_control/large_seed3407/long_common_scan/B/videos/B_304/location_03.mp4,True,1.0,0,1.0742856973348842,0.002009783972122675,0.7175688115472852,189.5,True,True,red,circle,0.10998503996224715,-0.0006145125077816797,0.002807458706890627,True,0.984375,0.9989281886387996
B_304,low,304,0,4,after block 3,3,2.430624559438521,2.4206250000000002,6.0360000000000005,2.4245,0.9989281886387996,True,runs/pendulum/unified_mechanism_v2/paired_layer_control/large_seed3407/long_common_scan/B/videos/B_304/location_04.mp4,True,1.0,0,1.327317826666611,0.0019343201621441208,0.5754632645273569,188.0,True,True,red,circle,0.11004429343648452,-0.00037378668238543156,0.0031898979399770707,True,0.984375,1.0
B_304,low,304,0,5,after block 4,4,2.430624559438521,2.4206250000000002,6.0360000000000005,2.4245,0.9989281886387996,True,runs/pendulum/unified_mechanism_v2/paired_layer_control/large_seed3407/long_common_scan/B/videos/B_304/location_05.mp4,True,1.0,0,1.2841129971238079,0.0019284141886309614,0.555055674929735,188.0,True,True,red,circle,0.1101336759824382,-0.00037354760143685296,0.0031218474898585397,True,0.984375,1.0010718113612005
B_304,low,304,0,6,after block 5,5,2.430624559438521,2.4206250000000002,6.0360000000000005,2.4167500000000004,1.0010718113612005,True,runs/pendulum/unified_mechanism_v2/paired_layer_control/large_seed3407/long_common_scan/B/videos/B_304/location_06.mp4,True,0.984375,1,0.8564375443716946,0.0018979661109591595,1.5823004671315664,184.0,True,True,red,circle,0.11217516924991859,-0.001555033120819182,0.0031332248256752174,True,0.984375,0.9967845659163987
B_304,low,304,0,7,after block 6,6,2.430624559438521,2.4206250000000002,6.0360000000000005,2.4167500000000004,1.0010718113612005,True,runs/pendulum/unified_mechanism_v2/paired_layer_control/large_seed3407/long_common_scan/B/videos/B_304/location_07.mp4,True,0.984375,1,0.8610770031105446,0.0017447764609715977,1.545452080692746,182.0,True,True,red,circle,0.11240602993675908,-0.002699949700658555,0.003249772503209637,True,0.984375,0.9989281886387996
B_304,low,304,0,8,after block 7,7,2.430624559438521,2.4206250000000002,6.0360000000000005,2.412875,1.002143622722401,True,runs/pendulum/unified_mechanism_v2/paired_layer_control/large_seed3407/long_common_scan/B/videos/B_304/location_08.mp4,True,0.984375,1,0.933096663994348,0.0019055231575125786,1.6439727615045017,179.0,True,True,red,circle,0.11417189378467542,-0.0038250683588486423,0.0034722511711388483,True,0.984375,1.0042872454448017
B_304,low,304,0,9,after block 8,8,2.430624559438521,2.4206250000000002,6.0360000000000005,2.4206250000000002,1.0,True,runs/pendulum/unified_mechanism_v2/paired_layer_control/large_seed3407/long_common_scan/B/videos/B_304/location_09.mp4,True,0.984375,1,0.8778495324465604,0.001991612983041069,1.6606222395337111,179.0,True,True,red,circle,0.11413600865568216,-0.0037927737573542676,0.0036204315969197427,True,0.984375,1.0042872454448017
B_304,low,304,0,10,after block 9,9,2.430624559438521,2.4206250000000002,6.0360000000000005,2.405125,1.0042872454448017,True,runs/pendulum/unified_mechanism_v2/paired_layer_control/large_seed3407/long_common_scan/B/videos/B_304/location_10.mp4,True,0.984375,1,0.8883582377936035,0.0018081395135418066,1.227598741256227,174.0,True,True,red,circle,0.11157992996687904,-0.005430117663526287,0.0035907373549634194,True,0.984375,1.017148981779207
B_304,low,304,0,11,after block 10,10,2.430624559438521,2.4206250000000002,6.0360000000000005,2.378,1.0117899249732047,True,runs/pendulum/unified_mechanism_v2/paired_layer_control/large_seed3407/long_common_scan/B/videos/B_304/location_11.mp4,True,0.984375,1,1.0275275332861324,0.0024486224569481574,1.1855887614845082,165.0,True,True,red,circle,0.11163833971418964,-0.006381155091421973,0.004240887938666383,False,0.34375,1.0664523043944265
B_304,low,304,0,12,after block 11,11,2.430624559438521,2.4206250000000002,6.0360000000000005,2.358625,1.017148981779207,False,runs/pendulum/unified_mechanism_v2/paired_layer_control/large_seed3407/long_common_scan/B/videos/B_304/location_12.mp4,True,1.0,0,3.8413619203743674,0.029388044385165596,3.3717054892609086,133.0,True,True,blue,circle,0.1007294074347545,0.01930167026562519,0.011669484142597861,False,0.015625,nan
B_304,low,304,0,13,after block 12,12,2.430624559438521,2.4206250000000002,6.0360000000000005,2.35475,1.0182207931404073,False,runs/pendulum/unified_mechanism_v2/paired_layer_control/large_seed3407/long_common_scan/B/videos/B_304/location_13.mp4,True,1.0,0,3.805622066064707,0.02260285359638789,3.619172496119463,174.0,True,True,blue,circle,0.09874424148119756,0.0014274258599538032,0.005459241762311959,False,0.15625,0.9571275455519828
B_304,low,304,0,14,after block 13,13,2.430624559438521,2.4206250000000002,6.0360000000000005,2.3741250000000003,1.0128617363344052,False,runs/pendulum/unified_mechanism_v2/paired_layer_control/large_seed3407/long_common_scan/B/videos/B_304/location_14.mp4,True,1.0,0,2.76238664249548,0.018599243477026628,3.691917665764303,179.0,True,True,blue,circle,0.09189184993908613,0.0012368013032211186,0.006333081762585419,False,0.359375,0.9678456591639871
B_304,low,304,0,15,after block 14,14,2.430624559438521,2.4206250000000002,6.0360000000000005,2.389625,1.0085744908896035,False,runs/pendulum/unified_mechanism_v2/paired_layer_control/large_seed3407/long_common_scan/B/videos/B_304/location_15.mp4,True,1.0,0,2.2112756444742474,0.019179868433701397,2.9820735716967888,181.0,True,True,blue,circle,0.08467571687722429,-0.002997001686416947,0.008002039223822272,False,0.890625,1.022508038585209
B_304,low,304,0,16,after block 15,15,2.430624559438521,2.4206250000000002,6.0360000000000005,2.3857500000000003,1.0096463022508038,False,runs/pendulum/unified_mechanism_v2/paired_layer_control/large_seed3407/long_common_scan/B/videos/B_304/location_16.mp4,True,1.0,0,2.68616535247044,0.0188706746690413,2.726159005615849,181.5,True,True,blue,circle,0.08354500841706917,-0.003724748127485741,0.008609436474748305,True,0.96875,1.0117899249732047
B_304,low,304,0,17,after block 16,16,2.430624559438521,2.4206250000000002,6.0360000000000005,2.378,1.0117899249732047,False,runs/pendulum/unified_mechanism_v2/paired_layer_control/large_seed3407/long_common_scan/B/videos/B_304/location_17.mp4,True,1.0,0,2.4846996169588524,0.019901943249402754,3.1593805014241476,189.0,True,True,blue,circle,0.07875937636393474,-0.0030974299847744214,0.008765047640269375,True,1.0,1.0128617363344052
B_304,low,304,0,18,after block 17,17,2.430624559438521,2.4206250000000002,6.0360000000000005,2.3508750000000003,1.0192926045016077,False,runs/pendulum/unified_mechanism_v2/paired_layer_control/large_seed3407/long_common_scan/B/videos/B_304/location_18.mp4,True,1.0,0,2.381952245565395,0.020142058143105407,2.8317030196924184,191.0,True,True,blue,circle,0.07370062103220604,-0.004329545482620063,0.010146354728972701,True,1.0,1.0182207931404073
B_304,low,304,0,19,after block 18,18,2.430624559438521,2.4206250000000002,6.0360000000000005,2.312125,1.030010718113612,False,runs/pendulum/unified_mechanism_v2/paired_layer_control/large_seed3407/long_common_scan/B/videos/B_304/location_19.mp4,True,1.0,0,2.549863751046478,0.02051688463630913,2.8139641771695296,193.0,True,True,blue,circle,0.06911693980859482,-0.002278723004808442,0.01205559143773387,True,1.0,1.0332261521972133
B_304,low,304,0,20,after block 19,19,2.430624559438521,2.4206250000000002,6.0360000000000005,2.2540000000000004,1.0460878885316183,False,runs/pendulum/unified_mechanism_v2/paired_layer_control/large_seed3407/long_common_scan/B/videos/B_304/location_20.mp4,True,1.0,0,2.6834467102405704,0.02084628927504864,3.00046717229794,201.0,True,True,blue,circle,0.060161628984909156,0.002714090802448445,0.01632628675081368,True,1.0,1.0428724544480172
B_304,low,304,0,21,after block 20,20,2.430624559438521,2.4206250000000002,6.0360000000000005,2.226875,1.0535905680600215,False,runs/pendulum/unified_mechanism_v2/paired_layer_control/large_seed3407/long_common_scan/B/videos/B_304/location_21.mp4,True,1.0,0,2.4638674067797477,0.02044739733817738,3.5846627657636354,200.0,True,True,blue,circle,0.058530432848224,0.0032887853921236923,0.019235908762293783,True,1.0,1.0503751339764202
B_304,low,304,0,22,after block 21,21,2.430624559438521,2.4206250000000002,6.0360000000000005,2.1416250000000003,1.0771704180064308,False,runs/pendulum/unified_mechanism_v2/paired_layer_control/large_seed3407/long_common_scan/B/videos/B_304/location_22.mp4,True,1.0,0,2.793285874726824,0.01991075173503848,2.8771137721534235,201.5,True,True,blue,circle,0.0499672441102199,0.00010637733695315733,0.021778471901750432,True,1.0,1.0664523043944265
B_304,low,304,0,23,after block 22,22,2.430624559438521,2.4206250000000002,6.0360000000000005,1.8355000000000001,1.1618435155412645,False,runs/pendulum/unified_mechanism_v2/paired_layer_control/large_seed3407/long_common_scan/B/videos/B_304/location_23.mp4,True,1.0,0,3.331671651537948,0.017711485115310177,2.0114548832272154,199.0,True,True,blue,circle,0.04304372730156824,0.00504113128310863,0.024416291298125947,True,1.0,1.1404072883172562
B_304,low,304,0,24,after block 23,23,2.430624559438521,2.4206250000000002,6.0360000000000005,1.668875,1.2079314040728832,False,runs/pendulum/unified_mechanism_v2/paired_layer_control/large_seed3407/long_common_scan/B/videos/B_304/location_24.mp4,True,1.0,0,2.3483466045380843,0.01914057330467564,2.1106455051735997,208.0,True,True,blue,circle,0.042114277409313186,0.00918126397928074,0.026225549656687837,True,1.0,1.189710610932476
B_304,low,304,0,25,after block 24,24,2.430624559438521,2.4206250000000002,6.0360000000000005,1.64175,1.2154340836012862,False,runs/pendulum/unified_mechanism_v2/paired_layer_control/large_seed3407/long_common_scan/B/videos/B_304/location_25.mp4,True,1.0,0,1.969811555031569,0.01824083826510231,1.560922148200848,209.0,True,True,blue,circle,0.040460870738029314,0.007565082891462756,0.026255483471659093,True,1.0,1.1982851018220793
B_304,low,304,0,26,after block 25,25,2.430624559438521,2.4206250000000002,6.0360000000000005,1.6185,1.2218649517684887,False,runs/pendulum/unified_mechanism_v2/paired_layer_control/large_seed3407/long_common_scan/B/videos/B_304/location_26.mp4,True,1.0,0,2.489432042620042,0.018610165566311565,1.6234547372425738,212.5,True,True,blue,circle,0.03832723166107161,0.008997454730650547,0.025974359039823054,True,1.0,1.2132904608788853
B_304,low,304,0,27,after block 26,26,2.430624559438521,2.4206250000000002,6.0360000000000005,6.094125,-0.0160771704180063,False,runs/pendulum/unified_mechanism_v2/paired_layer_control/large_seed3407/long_common_scan/B/videos/B_304/location_27.mp4,True,1.0,0,2.5583404420243174,0.019123736047983897,1.8542188918707059,214.5,True,True,blue,circle,0.035418441242362556,0.0008981057667015693,0.026321135746037155,True,1.0,-0.007502679528402958
B_304,low,304,0,28,after block 27,27,2.430624559438521,2.4206250000000002,6.0360000000000005,6.070875,-0.009646302250803733,False,runs/pendulum/unified_mechanism_v2/paired_layer_control/large_seed3407/long_common_scan/B/videos/B_304/location_28.mp4,True,1.0,0,2.639439845217837,0.01760129088703624,2.0539494543423347,211.5,True,True,blue,circle,0.03778641144328018,-0.0005779119743593697,0.025642090187894387,True,1.0,-0.007502679528402958
B_304,low,304,0,29,after block 28,28,2.430624559438521,2.4206250000000002,6.0360000000000005,6.063125,-0.007502679528402958,False,runs/pendulum/unified_mechanism_v2/paired_layer_control/large_seed3407/long_common_scan/B/videos/B_304/location_29.mp4,True,1.0,0,2.6756470201051,0.017335066035730484,1.9888684074717886,210.0,True,True,blue,circle,0.038416494551123184,-0.001184116079619703,0.02541679876002074,True,1.0,-0.005359056806001937
B_304,low,304,0,30,after block 29,29,2.430624559438521,2.4206250000000002,6.0360000000000005,6.04375,-0.0021436227224007746,False,runs/pendulum/unified_mechanism_v2/paired_layer_control/large_seed3407/long_common_scan/B/videos/B_304/location_30.mp4,True,1.0,0,3.0643330145165155,0.018064334592054032,2.0169825885338435,209.0,True,True,blue,circle,0.04318215335279952,-0.0010141928413634513,0.02523513169190222,True,1.0,-0.0
B_313,low,313,0,0,embedding output,,2.212744270080598,2.2307500000000005,6.18325,2.2307500000000005,1.0,True,runs/pendulum/unified_mechanism_v2/paired_layer_control/large_seed3407/long_common_scan/B/videos/B_313/location_00.mp4,True,1.0,0,1.9127323214434988,0.0007710533163081401,1.266633024356044,191.0,True,True,red,circle,0.1660878645323313,0.0012608018048586287,0.004736588525326032,True,0.984375,1.0
B_313,low,313,0,1,after block 0,0,2.212744270080598,2.2307500000000005,6.18325,2.2307500000000005,1.0,True,runs/pendulum/unified_mechanism_v2/paired_layer_control/large_seed3407/long_common_scan/B/videos/B_313/location_01.mp4,True,1.0,0,2.766382210497847,0.0008118936693986278,2.286816688182649,191.5,True,True,red,circle,0.16624660119479975,0.0012446861543028728,0.004793733273205687,True,0.984375,1.0009803921568627
B_313,low,313,0,2,after block 1,1,2.212744270080598,2.2307500000000005,6.18325,2.223,1.0019607843137257,True,runs/pendulum/unified_mechanism_v2/paired_layer_control/large_seed3407/long_common_scan/B/videos/B_313/location_02.mp4,True,1.0,0,1.8760084966580988,0.0006732005090513971,1.8759804408218577,190.0,True,True,red,circle,0.16725737699911647,0.0018250872437944115,0.004780415661348093,True,0.984375,1.0
B_313,low,313,0,3,after block 2,2,2.212744270080598,2.2307500000000005,6.18325,2.242375,0.9970588235294119,True,runs/pendulum/unified_mechanism_v2/paired_layer_control/large_seed3407/long_common_scan/B/videos/B_313/location_03.mp4,True,1.0,0,3.5606890113891856,0.0006354188553836515,2.9076193887428183,189.0,True,True,red,circle,0.16674791018408172,0.00044160474022510545,0.005516885144635272,True,0.984375,1.0
B_313,low,313,0,4,after block 3,3,2.212744270080598,2.2307500000000005,6.18325,2.223,1.0019607843137257,True,runs/pendulum/unified_mechanism_v2/paired_layer_control/large_seed3407/long_common_scan/B/videos/B_313/location_04.mp4,True,0.984375,1,1.115236812429298,0.0008366354932025089,1.7755937339871781,188.0,True,True,red,circle,0.1676462993786606,0.002871806315841204,0.00462010305020451,True,0.984375,1.0009803921568627
B_313,low,313,0,5,after block 4,4,2.212744270080598,2.2307500000000005,6.18325,2.226875,1.0009803921568627,True,runs/pendulum/unified_mechanism_v2/paired_layer_control/large_seed3407/long_common_scan/B/videos/B_313/location_05.mp4,True,0.984375,1,1.1324588576957098,0.0008396036460885381,1.8164567930362545,187.0,True,True,red,circle,0.16774409985646346,0.0028797065554087282,0.0045849114971410875,True,0.984375,1.0
B_313,low,313,0,6,after block 5,5,2.212744270080598,2.2307500000000005,6.18325,2.2385,0.9980392156862746,True,runs/pendulum/unified_mechanism_v2/paired_layer_control/large_seed3407/long_common_scan/B/videos/B_313/location_06.mp4,True,0.984375,1,1.2439159789993537,0.0009963090697421295,1.6922325064505062,182.0,True,True,red,circle,0.16805947171458746,0.00035357167130724683,0.005195763506408754,True,0.984375,0.9980392156862746
B_313,low,313,0,7,after block 6,6,2.212744270080598,2.2307500000000005,6.18325,2.2346250000000003,0.9990196078431373,True,runs/pendulum/unified_mechanism_v2/paired_layer_control/large_seed3407/long_common_scan/B/videos/B_313/location_07.mp4,True,0.984375,1,1.2282069768075046,0.0009963090697421295,1.7255153438503237,179.0,True,True,red,circle,0.1678934523608002,-0.00010089940777341165,0.005293162880884093,True,0.984375,0.9990196078431373
B_313,low,313,0,8,after block 7,7,2.212744270080598,2.2307500000000005,6.18325,2.2346250000000003,0.9990196078431373,True,runs/pendulum/unified_mechanism_v2/paired_layer_control/large_seed3407/long_common_scan/B/videos/B_313/location_08.mp4,True,0.984375,1,1.1918513952542582,0.0010677437739523565,1.728371883869991,178.0,True,True,red,circle,0.16895393930353753,-0.0008174829121003493,0.00546673125252729,True,0.984375,1.008823529411765
B_313,low,313,0,9,after block 8,8,2.212744270080598,2.2307500000000005,6.18325,2.2346250000000003,0.9990196078431373,True,runs/pendulum/unified_mechanism_v2/paired_layer_control/large_seed3407/long_common_scan/B/videos/B_313/location_09.mp4,True,0.984375,1,1.2632050441124223,0.0010925101208809074,1.765204329339102,177.0,True,True,red,circle,0.16917625587084575,-0.0008230459201664015,0.0055961079316750005,True,0.984375,1.0107843137254902
B_313,low,313,0,10,after block 9,9,2.212744270080598,2.2307500000000005,6.18325,2.219125,1.0029411764705884,True,runs/pendulum/unified_mechanism_v2/paired_layer_control/large_seed3407/long_common_scan/B/videos/B_313/location_10.mp4,True,0.984375,1,1.1662754372392614,0.0010950316226406298,1.6459422403158865,175.0,True,True,red,circle,0.16256093848091133,-0.0005096366961151029,0.006305210618234214,False,0.921875,1.0284313725490197
B_313,low,313,0,11,after block 10,10,2.212744270080598,2.2307500000000005,6.18325,2.265625,0.9911764705882354,True,runs/pendulum/unified_mechanism_v2/paired_layer_control/large_seed3407/long_common_scan/B/videos/B_313/location_11.mp4,False,1.0,0,13.438755679312813,0.12071006702091688,2.929850903389786,28.5,False,True,blue,circle,0.12007438818949354,0.044697665941827114,0.02283508513899177,False,0.328125,1.088235294117647
B_313,low,313,0,12,after block 11,11,2.212744270080598,2.2307500000000005,6.18325,2.10675,1.031372549019608,False,runs/pendulum/unified_mechanism_v2/paired_layer_control/large_seed3407/long_common_scan/B/videos/B_313/location_12.mp4,True,1.0,0,11.957122829905602,0.032636507102517365,2.910304370538646,132.0,True,True,blue,circle,0.1336248119073594,0.0318264622245321,0.02002310436357834,False,0.015625,nan
B_313,low,313,0,13,after block 12,12,2.212744270080598,2.2307500000000005,6.18325,2.172625,1.0147058823529413,False,runs/pendulum/unified_mechanism_v2/paired_layer_control/large_seed3407/long_common_scan/B/videos/B_313/location_13.mp4,True,1.0,0,3.5346672239647567,0.020544321406176513,2.7082482159954906,169.5,True,True,blue,circle,0.1455277642237648,0.008309678836053035,0.008709335613825819,False,0.046875,nan
B_313,low,313,0,14,after block 13,13,2.212744270080598,2.2307500000000005,6.18325,2.1881250000000003,1.0107843137254902,False,runs/pendulum/unified_mechanism_v2/paired_layer_control/large_seed3407/long_common_scan/B/videos/B_313/location_14.mp4,True,1.0,0,3.542300525179905,0.01713633397916159,2.57352496389997,177.0,True,True,blue,circle,0.13875601287186817,0.007357113410487233,0.008974661378071302,False,0.375,1.0009803921568627
B_313,low,313,0,15,after block 14,14,2.212744270080598,2.2307500000000005,6.18325,2.1997500000000003,1.007843137254902,False,runs/pendulum/unified_mechanism_v2/paired_layer_control/large_seed3407/long_common_scan/B/videos/B_313/location_15.mp4,True,1.0,0,2.865490411489968,0.018322686845975267,2.500553997597633,179.5,True,True,blue,circle,0.12680961326856383,0.0030300690160775493,0.009446730557728333,False,0.625,0.9911764705882354
B_313,low,313,0,16,after block 15,15,2.212744270080598,2.2307500000000005,6.18325,2.18425,1.0117647058823531,False,runs/pendulum/unified_mechanism_v2/paired_layer_control/large_seed3407/long_common_scan/B/videos/B_313/location_16.mp4,True,1.0,0,3.1796360774951618,0.01745375257124926,2.393964361487031,179.5,True,True,blue,circle,0.12463995948614755,0.0031441716983867,0.009769757749852762,False,0.78125,0.9833333333333334
B_313,low,313,0,17,after block 16,16,2.212744270080598,2.2307500000000005,6.18325,2.180375,1.0127450980392156,False,runs/pendulum/unified_mechanism_v2/paired_layer_control/large_seed3407/long_common_scan/B/videos/B_313/location_17.mp4,True,1.0,0,3.139087017851315,0.01652532146851085,2.2764369140044596,189.5,True,True,blue,circle,0.11923034386845088,0.004234258872177481,0.011063817355075124,True,1.0,1.0147058823529413
B_313,low,313,0,18,after block 17,17,2.212744270080598,2.2307500000000005,6.18325,2.1416250000000003,1.0225490196078433,False,runs/pendulum/unified_mechanism_v2/paired_layer_control/large_seed3407/long_common_scan/B/videos/B_313/location_18.mp4,True,1.0,0,2.4992376260472824,0.018226145371232794,2.378593311394995,190.5,True,True,blue,circle,0.11245992502296949,0.003727514763258841,0.013182569536290994,True,1.0,1.0245098039215685
B_313,low,313,0,19,after block 18,18,2.212744270080598,2.2307500000000005,6.18325,2.133875,1.0245098039215685,False,runs/pendulum/unified_mechanism_v2/paired_layer_control/large_seed3407/long_common_scan/B/videos/B_313/location_19.mp4,True,1.0,0,2.309403522542274,0.01887567609839652,2.198228293547641,191.0,True,True,blue,circle,0.10570986375824512,0.0046773376113856385,0.015055865154481627,True,1.0,1.0303921568627452
B_313,low,313,0,20,after block 19,19,2.212744270080598,2.2307500000000005,6.18325,2.13,1.0254901960784315,False,runs/pendulum/unified_mechanism_v2/paired_layer_control/large_seed3407/long_common_scan/B/videos/B_313/location_20.mp4,True,1.0,0,3.2192260508245356,0.019156947618530457,2.078534151780428,195.5,True,True,blue,circle,0.09630589835497305,0.008812294571649216,0.02062483170237284,True,1.0,1.0303921568627452
B_313,low,313,0,21,after block 20,20,2.212744270080598,2.2307500000000005,6.18325,2.102875,1.0323529411764707,False,runs/pendulum/unified_mechanism_v2/paired_layer_control/large_seed3407/long_common_scan/B/videos/B_313/location_21.mp4,True,1.0,0,3.657921704864801,0.01995421069378564,1.9617922074746508,199.0,True,True,blue,circle,0.08973594729559684,0.010816389322391191,0.025668559465790143,True,1.0,1.0362745098039214
B_313,low,313,0,22,after block 21,21,2.212744270080598,2.2307500000000005,6.18325,1.9440000000000002,1.0725490196078433,False,runs/pendulum/unified_mechanism_v2/paired_layer_control/large_seed3407/long_common_scan/B/videos/B_313/location_22.mp4,True,1.0,0,3.6527989516893515,0.021888484399040425,1.7087728709263603,199.5,True,True,blue,circle,0.0777210958288869,0.009656396870561575,0.03010432480964708,True,1.0,1.0705882352941178
B_313,low,313,0,23,after block 22,22,2.212744270080598,2.2307500000000005,6.18325,1.8200000000000003,1.103921568627451,False,runs/pendulum/unified_mechanism_v2/paired_layer_control/large_seed3407/long_common_scan/B/videos/B_313/location_23.mp4,True,1.0,0,3.9870731949615315,0.021725593518747782,1.383276380466913,198.0,True,True,blue,circle,0.07049099244011386,0.013146359829142565,0.037210568453109695,True,1.0,1.103921568627451
B_313,low,313,0,24,after block 23,23,2.212744270080598,2.2307500000000005,6.18325,1.6572500000000001,1.1450980392156864,False,runs/pendulum/unified_mechanism_v2/paired_layer_control/large_seed3407/long_common_scan/B/videos/B_313/location_24.mp4,True,1.0,0,3.323021260286004,0.020871917700099524,1.344358808321737,205.5,True,True,blue,circle,0.07051446438007068,0.019814875541704687,0.04037648664283334,True,1.0,1.1529411764705884
B_313,low,313,0,25,after block 24,24,2.212744270080598,2.2307500000000005,6.18325,1.467375,1.193137254901961,False,runs/pendulum/unified_mechanism_v2/paired_layer_control/large_seed3407/long_common_scan/B/videos/B_313/location_25.mp4,True,1.0,0,2.8824377109093637,0.021913246846575418,1.7109069422905958,207.0,True,True,blue,circle,0.07783173136511429,0.029720684565676003,0.04070967637389232,True,1.0,1.1774509803921571
B_313,low,313,0,26,after block 25,25,2.212744270080598,2.2307500000000005,6.18325,1.3085000000000002,1.2333333333333334,False,runs/pendulum/unified_mechanism_v2/paired_layer_control/large_seed3407/long_common_scan/B/videos/B_313/location_26.mp4,True,1.0,0,3.064163833219717,0.021528231342589244,1.7555345185028002,212.0,True,True,blue,circle,0.08732779425662299,0.042907844969393934,0.04046775612859279,True,1.0,1.2186274509803923
B_313,low,313,0,27,after block 26,26,2.212744270080598,2.2307500000000005,6.18325,6.253,-0.017647058823529408,False,runs/pendulum/unified_mechanism_v2/paired_layer_control/large_seed3407/long_common_scan/B/videos/B_313/location_27.mp4,True,1.0,0,3.424885574664609,0.0197094840875639,1.9624754739803294,213.0,True,True,blue,circle,0.05902908365826426,0.003368749953348363,0.04016320067743048,True,1.0,-0.019607843137254822
B_313,low,313,0,28,after block 27,27,2.212744270080598,2.2307500000000005,6.18325,6.218125000000001,-0.008823529411764817,False,runs/pendulum/unified_mechanism_v2/paired_layer_control/large_seed3407/long_common_scan/B/videos/B_313/location_28.mp4,True,1.0,0,3.2240336965184886,0.01896348235857187,2.0060993861541774,211.0,True,True,blue,circle,0.06282387918674585,0.002163488006201498,0.03906592440340329,True,1.0,-0.009803921568627524
B_313,low,313,0,29,after block 28,28,2.212744270080598,2.2307500000000005,6.18325,6.2065,-0.00588235294117647,False,runs/pendulum/unified_mechanism_v2/paired_layer_control/large_seed3407/long_common_scan/B/videos/B_313/location_29.mp4,True,1.0,0,3.095399241743562,0.018643338342321875,2.0060993861541774,210.0,True,True,blue,circle,0.0647430795506695,0.0013201365869237416,0.03878143223397421,True,1.0,-0.0068627450980391766
B_313,low,313,0,30,after block 29,29,2.212744270080598,2.2307500000000005,6.18325,6.1755,0.0019607843137254147,False,runs/pendulum/unified_mechanism_v2/paired_layer_control/large_seed3407/long_common_scan/B/videos/B_313/location_30.mp4,True,1.0,0,3.0574520243169756,0.018519294079615695,1.9651496354244709,207.5,True,True,blue,circle,0.06856897864295865,0.0012864310292112688,0.03885925557213083,True,1.0,-0.0
B_317,low,317,0,0,embedding output,,2.797856044371013,2.781,5.993375,2.7848750000000004,0.9987937273823884,True,runs/pendulum/unified_mechanism_v2/paired_layer_control/large_seed3407/long_common_scan/B/videos/B_317/location_00.mp4,True,1.0,0,1.0903241712499996,0.0013740378434800027,0.7001452934370808,192.0,True,True,red,circle,0.11281377357171538,-0.0005548313806876387,0.003421782586559319,True,0.984375,0.9987937273823884
B_317,low,317,0,1,after block 0,0,2.797856044371013,2.781,5.993375,2.7848750000000004,0.9987937273823884,True,runs/pendulum/unified_mechanism_v2/paired_layer_control/large_seed3407/long_common_scan/B/videos/B_317/location_01.mp4,True,1.0,0,1.181342566824863,0.0016338102723828518,0.6816748568706461,192.0,True,True,red,circle,0.11265304710001876,-0.0004929167571086392,0.0032971160501643402,True,0.984375,1.0
B_317,low,317,0,2,after block 1,1,2.797856044371013,2.781,5.993375,2.781,1.0,True,runs/pendulum/unified_mechanism_v2/paired_layer_control/large_seed3407/long_common_scan/B/videos/B_317/location_02.mp4,True,1.0,0,1.0284891170373882,0.0010908023926311794,0.47541000830765406,190.0,True,True,red,circle,0.11363599478349168,-0.0006106033672538046,0.0032743814639455988,True,0.984375,1.0012062726176116
B_317,low,317,0,3,after block 2,2,2.797856044371013,2.781,5.993375,2.781,1.0,True,runs/pendulum/unified_mechanism_v2/paired_layer_control/large_seed3407/long_common_scan/B/videos/B_317/location_03.mp4,True,1.0,0,1.043209424789506,0.001152926885470168,0.4222114181630903,190.0,True,True,red,circle,0.11362516854200132,-0.0006653785600292707,0.0033046757483970774,True,0.984375,1.0012062726176116
B_317,low,317,0,4,after block 3,3,2.797856044371013,2.781,5.993375,2.781,1.0,True,runs/pendulum/unified_mechanism_v2/paired_layer_control/large_seed3407/long_common_scan/B/videos/B_317/location_04.mp4,True,1.0,0,1.0140492194054944,0.0012578098032052787,0.2853600536006289,189.0,True,True,red,circle,0.11441727590048911,-0.0003444623027476108,0.0031332125496642558,True,0.984375,1.0012062726176116
B_317,low,317,0,5,after block 4,4,2.797856044371013,2.781,5.993375,2.781,1.0,True,runs/pendulum/unified_mechanism_v2/paired_layer_control/large_seed3407/long_common_scan/B/videos/B_317/location_05.mp4,True,1.0,0,0.9791579288691499,0.0013039087769999846,0.3391392082142765,188.5,True,True,red,circle,0.11454362514433358,-0.00026941471279250866,0.0032317980453327507,True,0.984375,1.0012062726176116
B_317,low,317,0,6,after block 5,5,2.797856044371013,2.781,5.993375,2.77325,1.0024125452352233,True,runs/pendulum/unified_mechanism_v2/paired_layer_control/large_seed3407/long_common_scan/B/videos/B_317/location_06.mp4,True,1.0,0,1.7035608948340815,0.001265043494517254,1.4783614716201747,184.0,True,True,red,circle,0.11513742459521736,-0.0020615548128329504,0.00569585821089377,True,0.984375,1.0036188178528347
B_317,low,317,0,7,after block 6,6,2.797856044371013,2.781,5.993375,2.77325,1.0024125452352233,True,runs/pendulum/unified_mechanism_v2/paired_layer_control/large_seed3407/long_common_scan/B/videos/B_317/location_07.mp4,True,1.0,0,3.240476802199306,0.0012312971040763232,3.020596214346286,183.0,True,True,red,circle,0.1140458442612068,-0.0033526133555608255,0.009678482709655501,True,0.984375,1.0036188178528347
B_317,low,317,0,8,after block 7,7,2.797856044371013,2.781,5.993375,2.769375,1.0036188178528347,True,runs/pendulum/unified_mechanism_v2/paired_layer_control/large_seed3407/long_common_scan/B/videos/B_317/location_08.mp4,True,0.984375,1,0.9709565056587118,0.001273077639547815,0.8609014571229339,181.0,True,True,red,circle,0.11699428078888505,-0.0032879087335277754,0.0033483462184709578,True,0.984375,1.0108564535585043
B_317,low,317,0,9,after block 8,8,2.797856044371013,2.781,5.993375,2.77325,1.0024125452352233,True,runs/pendulum/unified_mechanism_v2/paired_layer_control/large_seed3407/long_common_scan/B/videos/B_317/location_09.mp4,True,0.984375,1,0.8899316079574129,0.0014033779427004012,0.8982885295075467,180.0,True,True,red,circle,0.1169250585451023,-0.0031406746438582545,0.003679163885420696,True,0.984375,1.0108564535585043
B_317,low,317,0,10,after block 9,9,2.797856044371013,2.781,5.993375,2.7655000000000003,1.0048250904704463,True,runs/pendulum/unified_mechanism_v2/paired_layer_control/large_seed3407/long_common_scan/B/videos/B_317/location_10.mp4,True,0.984375,1,1.1003318592869447,0.0014174915240633412,0.8267464324303901,175.0,True,True,red,circle,0.11569525886456258,-0.004642035449051981,0.0037607096003246013,True,0.984375,1.0301568154402896
B_317,low,317,0,11,after block 10,10,2.797856044371013,2.781,5.993375,2.730625,1.0156815440289506,True,runs/pendulum/unified_mechanism_v2/paired_layer_control/large_seed3407/long_common_scan/B/videos/B_317/location_11.mp4,True,0.984375,1,0.9376785825300797,0.001942414207163845,1.1017306957269273,168.0,True,True,red,circle,0.1162127799056706,-0.0064977244345696605,0.003831205877925918,False,0.578125,1.0024125452352233
B_317,low,317,0,12,after block 11,11,2.797856044371013,2.781,5.993375,2.769375,1.0036188178528347,False,runs/pendulum/unified_mechanism_v2/paired_layer_control/large_seed3407/long_common_scan/B/videos/B_317/location_12.mp4,True,1.0,0,5.276353064210833,0.032652625559373455,0.6511678275061248,128.5,True,True,blue,circle,0.0791639587095641,0.029349342785180088,0.019566629938608048,False,0.015625,nan
B_317,low,317,0,13,after block 12,12,2.797856044371013,2.781,5.993375,2.730625,1.0156815440289506,False,runs/pendulum/unified_mechanism_v2/paired_layer_control/large_seed3407/long_common_scan/B/videos/B_317/location_13.mp4,True,1.0,0,3.775500725154583,0.019137227828404074,0.3479501106211499,173.5,True,True,blue,circle,0.09939335761472468,0.0030590521081789966,0.00584594344113435,False,0.046875,nan
B_317,low,317,0,14,after block 13,13,2.797856044371013,2.781,5.993375,2.75,1.0096501809408926,False,runs/pendulum/unified_mechanism_v2/paired_layer_control/large_seed3407/long_common_scan/B/videos/B_317/location_14.mp4,True,1.0,0,4.2268821281042275,0.016855896707720974,0.31557656318751903,178.0,True,True,blue,circle,0.09466256094484993,0.0025524703093835525,0.00619637616907976,False,0.34375,0.8226779252110977
B_317,low,317,0,15,after block 14,14,2.797856044371013,2.781,5.993375,2.699625,1.0253317249698433,False,runs/pendulum/unified_mechanism_v2/paired_layer_control/large_seed3407/long_common_scan/B/videos/B_317/location_15.mp4,True,1.0,0,3.1387010795448207,0.018538483721344534,0.4697905515621403,180.5,True,True,blue,circle,0.09040992004794922,3.564709302295403e-05,0.007292507695199088,False,0.875,1.028950542822678
B_317,low,317,0,16,after block 15,15,2.797856044371013,2.781,5.993375,2.6918750000000005,1.0277442702050663,False,runs/pendulum/unified_mechanism_v2/paired_layer_control/large_seed3407/long_common_scan/B/videos/B_317/location_16.mp4,True,1.0,0,2.496012444880832,0.018937966101126635,1.3894740869744688,181.5,True,True,blue,circle,0.08718006553630404,-0.0008215756161985362,0.00811192934026791,True,0.96875,0.9951749095295537
B_317,low,317,0,17,after block 16,16,2.797856044371013,2.781,5.993375,2.6686250000000005,1.0349819059107357,False,runs/pendulum/unified_mechanism_v2/paired_layer_control/large_seed3407/long_common_scan/B/videos/B_317/location_17.mp4,True,1.0,0,2.4587946363335083,0.017257382616758438,1.342102224614351,189.5,True,True,blue,circle,0.08358028900153523,-0.00044465700072252094,0.008467067677261004,True,1.0,1.0398069963811822
B_317,low,317,0,18,after block 17,17,2.797856044371013,2.781,5.993375,2.6725000000000003,1.0337756332931243,False,runs/pendulum/unified_mechanism_v2/paired_layer_control/large_seed3407/long_common_scan/B/videos/B_317/location_18.mp4,True,1.0,0,3.2127046051178234,0.018605913488412784,1.5644929073271128,188.5,True,True,blue,circle,0.0786222262842628,-0.0015280202427513444,0.010966695413046347,True,1.0,1.0361881785283473
B_317,low,317,0,19,after block 18,18,2.797856044371013,2.781,5.993375,2.653125,1.0398069963811822,False,runs/pendulum/unified_mechanism_v2/paired_layer_control/large_seed3407/long_common_scan/B/videos/B_317/location_19.mp4,True,1.0,0,2.3416751757193817,0.02136627810924474,2.1676562069541556,192.0,True,True,blue,circle,0.0748480692603221,-0.0009496466072791685,0.012891939519188052,True,1.0,1.0386007237635706
B_317,low,317,0,20,after block 19,19,2.797856044371013,2.781,5.993375,2.6105,1.0530759951749096,False,runs/pendulum/unified_mechanism_v2/paired_layer_control/large_seed3407/long_common_scan/B/videos/B_317/location_20.mp4,True,1.0,0,3.0242835052154247,0.020664742832188887,2.0652553009793277,197.0,True,True,blue,circle,0.0646538427997339,0.004379630104621205,0.019344182940651777,True,1.0,1.0530759951749096
B_317,low,317,0,21,after block 20,20,2.797856044371013,2.781,5.993375,2.536875,1.0759951749095296,False,runs/pendulum/unified_mechanism_v2/paired_layer_control/large_seed3407/long_common_scan/B/videos/B_317/location_21.mp4,True,1.0,0,2.0794327679959985,0.019714741890929754,2.1664730121089186,202.0,True,True,blue,circle,0.0616247855650206,0.00515386124356447,0.0227175862837334,True,1.0,1.083232810615199
B_317,low,317,0,22,after block 21,21,2.797856044371013,2.781,5.993375,2.4322500000000002,1.1085645355850422,False,runs/pendulum/unified_mechanism_v2/paired_layer_control/large_seed3407/long_common_scan/B/videos/B_317/location_22.mp4,True,1.0,0,2.240514385186847,0.02013829388653593,2.2806337232713845,199.0,True,True,blue,circle,0.05493912250267443,0.00296354662243856,0.024663000580010582,True,1.0,1.1133896260554885
B_317,low,317,0,23,after block 22,22,2.797856044371013,2.781,5.993375,1.8936250000000001,1.276236429433052,False,runs/pendulum/unified_mechanism_v2/paired_layer_control/large_seed3407/long_common_scan/B/videos/B_317/location_23.mp4,True,1.0,0,2.8673657693014687,0.019114011271887388,2.5526335984759783,196.0,True,True,blue,circle,0.0463001548233465,0.011405364515538882,0.030087413676884923,True,1.0,1.2436670687575393
B_317,low,317,0,24,after block 23,23,2.797856044371013,2.781,5.993375,1.4867500000000002,1.4028950542822676,False,runs/pendulum/unified_mechanism_v2/paired_layer_control/large_seed3407/long_common_scan/B/videos/B_317/location_24.mp4,True,1.0,0,2.8630329737949043,0.01958845757697894,2.462183406663577,203.5,True,True,blue,circle,0.058099996324278265,0.027363586064361706,0.03200480829301071,True,1.0,1.3811821471652594
B_317,low,317,0,25,after block 24,24,2.797856044371013,2.781,5.993375,1.2000000000000002,1.4921592279855247,False,runs/pendulum/unified_mechanism_v2/paired_layer_control/large_seed3407/long_common_scan/B/videos/B_317/location_25.mp4,True,1.0,0,2.826021266003527,0.01928116384360337,2.842407331166433,205.0,True,True,blue,circle,0.07671075713738514,0.04672507909897641,0.032006773120892736,True,1.0,1.482509047044632
B_317,low,317,0,26,after block 25,25,2.797856044371013,2.781,5.993375,1.3046250000000001,1.4595898673100123,False,runs/pendulum/unified_mechanism_v2/paired_layer_control/large_seed3407/long_common_scan/B/videos/B_317/location_26.mp4,True,1.0,0,3.179946878899092,0.019246671930849002,3.1637667712838597,209.0,True,True,blue,circle,0.06640902110720703,0.03749080524068454,0.03209887015684468,True,1.0,1.4523522316043425
B_317,low,317,0,27,after block 26,26,2.797856044371013,2.781,5.993375,1.2813750000000002,1.4668275030156814,False,runs/pendulum/unified_mechanism_v2/paired_layer_control/large_seed3407/long_common_scan/B/videos/B_317/location_27.mp4,True,1.0,0,3.203967243523733,0.020004789415736746,3.0534083795561826,210.0,True,True,blue,circle,0.06789922970165409,0.039425293636007705,0.0332898322934241,True,1.0,1.4583835946924004
B_317,low,317,0,28,after block 27,27,2.797856044371013,2.781,5.993375,1.2000000000000002,1.4921592279855247,False,runs/pendulum/unified_mechanism_v2/paired_layer_control/large_seed3407/long_common_scan/B/videos/B_317/location_28.mp4,True,1.0,0,3.121293590902703,0.018796351843038045,3.080432541514098,210.0,True,True,blue,circle,0.07575310163989052,0.045862840605221375,0.034281021335358305,True,1.0,1.4692400482509047
B_317,low,317,0,29,after block 28,28,2.797856044371013,2.781,5.993375,1.2000000000000002,1.4921592279855247,False,runs/pendulum/unified_mechanism_v2/paired_layer_control/large_seed3407/long_common_scan/B/videos/B_317/location_29.mp4,True,1.0,0,3.231166378039194,0.017795368385802257,3.190768154071684,208.0,True,True,blue,circle,0.0763110191603315,0.046462272064501126,0.03445539327375619,True,1.0,1.490952955367913
B_317,low,317,0,30,after block 29,29,2.797856044371013,2.781,5.993375,5.9895000000000005,0.0012062726176115337,False,runs/pendulum/unified_mechanism_v2/paired_layer_control/large_seed3407/long_common_scan/B/videos/B_317/location_30.mp4,True,1.0,0,3.7351796314833416,0.01843489842126636,3.105405214278398,208.0,True,True,blue,circle,0.04875131650686628,0.00970767736094573,0.03588685193316971,True,1.0,-0.0
B_322,low,322,0,0,embedding output,,2.482491387218784,2.4865000000000004,6.19875,2.4787500000000002,1.0020876826722338,True,runs/pendulum/unified_mechanism_v2/paired_layer_control/large_seed3407/long_common_scan/B/videos/B_322/location_00.mp4,True,1.0,0,1.0611710216560153,0.0013185109549161966,0.8408509655599774,191.0,True,True,red,circle,0.16365698285237057,0.00040609472081183006,0.0037902315910956,True,0.984375,1.0
B_322,low,322,0,1,after block 0,0,2.482491387218784,2.4865000000000004,6.19875,2.482625,1.001043841336117,True,runs/pendulum/unified_mechanism_v2/paired_layer_control/large_seed3407/long_common_scan/B/videos/B_322/location_01.mp4,True,1.0,0,1.039695463011921,0.0014006025666094268,0.7736197756699335,192.0,True,True,red,circle,0.16373803481010513,0.00036333850516881335,0.003739212363215984,True,0.984375,1.0
B_322,low,322,0,2,after block 1,1,2.482491387218784,2.4865000000000004,6.19875,2.474875,1.003131524008351,True,runs/pendulum/unified_mechanism_v2/paired_layer_control/large_seed3407/long_common_scan/B/videos/B_322/location_02.mp4,True,1.0,0,1.1223413783195566,0.0011406553006065023,0.8911538730451274,189.5,True,True,red,circle,0.1644156099385301,0.000809019355866679,0.0039689338630465075,True,0.984375,1.0020876826722338
B_322,low,322,0,3,after block 2,2,2.482491387218784,2.4865000000000004,6.19875,2.474875,1.003131524008351,True,runs/pendulum/unified_mechanism_v2/paired_layer_control/large_seed3407/long_common_scan/B/videos/B_322/location_03.mp4,True,1.0,0,1.1190492852987306,0.0009573015275222974,0.8453052530292697,190.0,True,True,red,circle,0.1644893876306868,0.000834300450845993,0.003977362290367968,True,0.984375,1.0020876826722338
B_322,low,322,0,4,after block 3,3,2.482491387218784,2.4865000000000004,6.19875,2.474875,1.003131524008351,True,runs/pendulum/unified_mechanism_v2/paired_layer_control/large_seed3407/long_common_scan/B/videos/B_322/location_04.mp4,True,1.0,0,1.1893989582439284,0.0011803378808345755,0.9411986028519622,188.0,True,True,red,circle,0.16477309813817304,0.0015852858297191116,0.0038893038580951507,True,0.984375,1.003131524008351
B_322,low,322,0,5,after block 4,4,2.482491387218784,2.4865000000000004,6.19875,2.4787500000000002,1.0020876826722338,True,runs/pendulum/unified_mechanism_v2/paired_layer_control/large_seed3407/long_common_scan/B/videos/B_322/location_05.mp4,True,1.0,0,1.1717028709869604,0.0011505654614252236,0.9539026628685181,187.0,True,True,red,circle,0.1647833633774225,0.0014469783198658506,0.00395969958782147,True,0.984375,1.003131524008351
B_322,low,322,0,6,after block 5,5,2.482491387218784,2.4865000000000004,6.19875,2.471,1.0041753653444678,True,runs/pendulum/unified_mechanism_v2/paired_layer_control/large_seed3407/long_common_scan/B/videos/B_322/location_06.mp4,True,0.984375,1,1.2049587745774981,0.0013051205587007453,1.3747718290780064,183.0,True,True,red,circle,0.16580945924358437,-5.545629769842692e-05,0.004479193406807121,True,0.984375,1.0041753653444678
B_322,low,322,0,7,after block 6,6,2.482491387218784,2.4865000000000004,6.19875,2.4671250000000002,1.0052192066805845,True,runs/pendulum/unified_mechanism_v2/paired_layer_control/large_seed3407/long_common_scan/B/videos/B_322/location_07.mp4,True,0.984375,1,1.1681803954859813,0.0012694773730907438,1.3747718290780064,180.0,True,True,red,circle,0.16600907170476728,-0.0007399233945616432,0.004635010951194811,True,0.984375,1.0062630480167014
B_322,low,322,0,8,after block 7,7,2.482491387218784,2.4865000000000004,6.19875,2.4632500000000004,1.0062630480167014,True,runs/pendulum/unified_mechanism_v2/paired_layer_control/large_seed3407/long_common_scan/B/videos/B_322/location_08.mp4,True,0.984375,1,1.183313133779962,0.0014199752549248768,1.3436127657217687,178.0,True,True,red,circle,0.1672609987213572,-0.0017866566762979954,0.004800464904369528,True,0.984375,1.0156576200417538
B_322,low,322,0,9,after block 8,8,2.482491387218784,2.4865000000000004,6.19875,2.4632500000000004,1.0062630480167014,True,runs/pendulum/unified_mechanism_v2/paired_layer_control/large_seed3407/long_common_scan/B/videos/B_322/location_09.mp4,True,0.984375,1,1.2152103730808563,0.001374669034620024,1.3859060053876946,178.0,True,True,red,circle,0.1667733097442047,-0.0013571650759065985,0.00489853343981826,True,0.984375,1.0177453027139876
B_322,low,322,0,10,after block 9,9,2.482491387218784,2.4865000000000004,6.19875,2.4400000000000004,1.0125260960334028,True,runs/pendulum/unified_mechanism_v2/paired_layer_control/large_seed3407/long_common_scan/B/videos/B_322/location_10.mp4,True,0.984375,1,1.303002630284462,0.0012379435004417627,1.6183741693204856,175.0,True,True,red,circle,0.16214351615843856,-0.0011117241513547832,0.004544672767609094,True,0.984375,1.048016701461378
B_322,low,322,0,11,after block 10,10,2.482491387218784,2.4865000000000004,6.19875,2.5175,0.9916492693110648,True,runs/pendulum/unified_mechanism_v2/paired_layer_control/large_seed3407/long_common_scan/B/videos/B_322/location_11.mp4,False,1.0,0,8.303144138842953,0.09376272919404664,2.616028784673449,33.5,False,True,blue,circle,0.11740697277136025,0.04407837078950254,0.026570887567012192,False,0.203125,1.2035490605427976
B_322,low,322,0,12,after block 11,11,2.482491387218784,2.4865000000000004,6.19875,2.4206250000000002,1.0177453027139876,False,runs/pendulum/unified_mechanism_v2/paired_layer_control/large_seed3407/long_common_scan/B/videos/B_322/location_12.mp4,True,1.0,0,12.918735144650539,0.028755612461595914,2.6143712660246665,139.5,True,True,blue,circle,0.1461118964169357,0.02150394975513266,0.016732925490934265,False,0.015625,nan
B_322,low,322,0,13,after block 12,12,2.482491387218784,2.4865000000000004,6.19875,2.428375,1.0156576200417538,False,runs/pendulum/unified_mechanism_v2/paired_layer_control/large_seed3407/long_common_scan/B/videos/B_322/location_13.mp4,True,1.0,0,3.18677896166038,0.020144534653364493,2.8250697512178227,172.5,True,True,blue,circle,0.14791103558640134,0.005628425443627694,0.007372443599842791,False,0.15625,0.9665970772442589
B_322,low,322,0,14,after block 13,13,2.482491387218784,2.4865000000000004,6.19875,2.44775,1.0104384133611692,False,runs/pendulum/unified_mechanism_v2/paired_layer_control/large_seed3407/long_common_scan/B/videos/B_322/location_14.mp4,True,1.0,0,3.035534174463102,0.01779401634759259,2.6105356932321326,178.0,True,True,blue,circle,0.14138701192927622,0.005377381829356818,0.008882422934765778,False,0.296875,0.9561586638830898
B_322,low,322,0,15,after block 14,14,2.482491387218784,2.4865000000000004,6.19875,2.436125,1.01356993736952,False,runs/pendulum/unified_mechanism_v2/paired_layer_control/large_seed3407/long_common_scan/B/videos/B_322/location_15.mp4,True,1.0,0,2.736643699166719,0.018437086138227227,2.2861305977479796,180.0,True,True,blue,circle,0.13148693185301275,0.0009314724544762877,0.010566430162155842,False,0.796875,0.9707724425887265
B_322,low,322,0,16,after block 15,15,2.482491387218784,2.4865000000000004,6.19875,2.4090000000000003,1.0208768267223383,False,runs/pendulum/unified_mechanism_v2/paired_layer_control/large_seed3407/long_common_scan/B/videos/B_322/location_16.mp4,True,1.0,0,2.372408595612153,0.018092168334078673,2.2473908975769583,180.5,True,True,blue,circle,0.12970693930152458,0.0012516953341184054,0.011359302511668166,False,0.90625,0.9676409185803758
B_322,low,322,0,17,after block 16,16,2.482491387218784,2.4865000000000004,6.19875,2.366375,1.0323590814196242,False,runs/pendulum/unified_mechanism_v2/paired_layer_control/large_seed3407/long_common_scan/B/videos/B_322/location_17.mp4,True,1.0,0,2.263170002868799,0.016804916159214422,2.2522867185127073,188.0,True,True,blue,circle,0.12487911813399487,0.0043080931010777155,0.011476794203619505,True,1.0,1.033402922755741
B_322,low,322,0,18,after block 17,17,2.482491387218784,2.4865000000000004,6.19875,2.335375,1.0407098121085596,False,runs/pendulum/unified_mechanism_v2/paired_layer_control/large_seed3407/long_common_scan/B/videos/B_322/location_18.mp4,True,1.0,0,2.702190947015888,0.017309517163236088,2.1650573273212803,190.5,True,True,blue,circle,0.12003161763606517,0.004392185722765733,0.013856391693049683,True,1.0,1.046972860125261
B_322,low,322,0,19,after block 18,18,2.482491387218784,2.4865000000000004,6.19875,2.29275,1.0521920668058458,False,runs/pendulum/unified_mechanism_v2/paired_layer_control/large_seed3407/long_common_scan/B/videos/B_322/location_19.mp4,True,1.0,0,1.657146967396871,0.017067935582504024,1.2027005012215846,190.0,True,True,blue,circle,0.11284070085808862,0.00580182394183712,0.01728104156588763,True,1.0,1.05741127348643
B_322,low,322,0,20,after block 19,19,2.482491387218784,2.4865000000000004,6.19875,2.21525,1.0730688935281838,False,runs/pendulum/unified_mechanism_v2/paired_layer_control/large_seed3407/long_common_scan/B/videos/B_322/location_20.mp4,True,1.0,0,2.4474452877121053,0.017218974397834985,1.3147670103635372,194.0,True,True,blue,circle,0.09958827171361415,0.010794998916294098,0.026106851680516407,True,1.0,1.0793319415448852
B_322,low,322,0,21,after block 20,20,2.482491387218784,2.4865000000000004,6.19875,2.161,1.0876826722338206,False,runs/pendulum/unified_mechanism_v2/paired_layer_control/large_seed3407/long_common_scan/B/videos/B_322/location_21.mp4,True,1.0,0,2.277263098450154,0.018338317454332953,1.0403354806690823,196.0,True,True,blue,circle,0.0968762408827563,0.013134520702563405,0.03170735935416694,True,1.0,1.0876826722338206
B_322,low,322,0,22,after block 21,21,2.482491387218784,2.4865000000000004,6.19875,2.06025,1.1148225469728603,False,runs/pendulum/unified_mechanism_v2/paired_layer_control/large_seed3407/long_common_scan/B/videos/B_322/location_22.mp4,True,1.0,0,3.2057754417164097,0.021087049503987543,1.0251273457867816,196.5,True,True,blue,circle,0.08372335599859085,0.010207445114269376,0.034058696432469504,True,1.0,1.1200417536534448
B_322,low,322,0,23,after block 22,22,2.482491387218784,2.4865000000000004,6.19875,1.7076250000000002,1.209812108559499,False,runs/pendulum/unified_mechanism_v2/paired_layer_control/large_seed3407/long_common_scan/B/videos/B_322/location_23.mp4,True,1.0,0,2.747444451856948,0.020235065311847933,0.6804686138643878,198.0,True,True,blue,circle,0.08125014389874484,0.023418408924744907,0.03993677804991042,True,1.0,1.2035490605427976
B_322,low,322,0,24,after block 23,23,2.482491387218784,2.4865000000000004,6.19875,1.6262500000000002,1.231732776617954,False,runs/pendulum/unified_mechanism_v2/paired_layer_control/large_seed3407/long_common_scan/B/videos/B_322/location_24.mp4,True,1.0,0,3.532008185752877,0.02072068830883378,1.2087359333934342,206.0,True,True,blue,circle,0.0790752484034561,0.02638776066980814,0.042877170608011404,True,1.0,1.2327766179540711
B_322,low,322,0,25,after block 24,24,2.482491387218784,2.4865000000000004,6.19875,1.5797500000000002,1.2442588726513568,False,runs/pendulum/unified_mechanism_v2/paired_layer_control/large_seed3407/long_common_scan/B/videos/B_322/location_25.mp4,True,1.0,0,3.9151114077771627,0.020979347213826133,1.2131860743294922,206.5,True,True,blue,circle,0.07896258968926799,0.027785301422686395,0.0434212397081354,True,1.0,1.2473903966597077
B_322,low,322,0,26,after block 25,25,2.482491387218784,2.4865000000000004,6.19875,1.537125,1.2557411273486432,False,runs/pendulum/unified_mechanism_v2/paired_layer_control/large_seed3407/long_common_scan/B/videos/B_322/location_26.mp4,True,1.0,0,3.483370390296093,0.02131530538903298,0.8327565387176705,209.0,True,True,blue,circle,0.07813871784221893,0.03091638900744847,0.04361523204260576,True,1.0,1.2557411273486432
B_322,low,322,0,27,after block 26,26,2.482491387218784,2.4865000000000004,6.19875,1.3588750000000003,1.303757828810021,False,runs/pendulum/unified_mechanism_v2/paired_layer_control/large_seed3407/long_common_scan/B/videos/B_322/location_27.mp4,True,1.0,0,3.0037452538031952,0.021240248813068935,0.9550487022152595,211.0,True,True,blue,circle,0.08847720101247344,0.04394363723102647,0.045124348845691685,True,1.0,1.2849686847599164
B_322,low,322,0,28,after block 27,27,2.482491387218784,2.4865000000000004,6.19875,6.253,-0.01461377870563666,False,runs/pendulum/unified_mechanism_v2/paired_layer_control/large_seed3407/long_common_scan/B/videos/B_322/location_28.mp4,True,1.0,0,2.6989837633175617,0.019518878275501805,1.3824964111949407,209.0,True,True,blue,circle,0.06392237200706245,0.005744091168795603,0.044603930374413285,True,1.0,-0.013569937369519789
B_322,low,322,0,29,after block 28,28,2.482491387218784,2.4865000000000004,6.19875,6.24525,-0.012526096033402918,False,runs/pendulum/unified_mechanism_v2/paired_layer_control/large_seed3407/long_common_scan/B/videos/B_322/location_29.mp4,True,1.0,0,2.8473274009993124,0.018546794104420006,1.5824224122731727,208.0,True,True,blue,circle,0.06583592375851677,0.004811227442664386,0.04383000922384083,True,1.0,-0.011482254697286049
B_322,low,322,0,30,after block 29,29,2.482491387218784,2.4865000000000004,6.19875,6.210375,-0.0031315240083506102,False,runs/pendulum/unified_mechanism_v2/paired_layer_control/large_seed3407/long_common_scan/B/videos/B_322/location_30.mp4,True,1.0,0,2.5468498445121837,0.01926718342460257,1.4788686852266455,206.5,True,True,blue,circle,0.0707277203002938,0.004642947209545236,0.04379061033016264,True,1.0,-0.0
B_327,low,327,0,0,embedding output,,2.3739624539607953,2.3973750000000003,5.729875,2.3973750000000003,1.0,True,runs/pendulum/unified_mechanism_v2/paired_layer_control/large_seed3407/long_common_scan/B/videos/B_327/location_00.mp4,True,1.0,0,0.96872811336907,0.0017394874752705014,0.5142491576256296,191.0,True,True,red,circle,0.11952855780186299,0.0012892200077808053,0.002698770793140544,True,0.984375,0.9965116279069768
B_327,low,327,0,1,after block 0,0,2.3739624539607953,2.3973750000000003,5.729875,2.3973750000000003,1.0,True,runs/pendulum/unified_mechanism_v2/paired_layer_control/large_seed3407/long_common_scan/B/videos/B_327/location_01.mp4,True,1.0,0,0.9478107717153118,0.0015954428823156674,0.5142491576256296,191.0,True,True,red,circle,0.11963918428368049,0.0011737679710299635,0.0025692777001428374,True,0.984375,0.9976744186046512
B_327,low,327,0,2,after block 1,1,2.3739624539607953,2.3973750000000003,5.729875,2.40125,0.9988372093023257,True,runs/pendulum/unified_mechanism_v2/paired_layer_control/large_seed3407/long_common_scan/B/videos/B_327/location_02.mp4,True,1.0,0,0.9550017106566365,0.0016528344894362612,0.45172269697988743,190.0,True,True,red,circle,0.12038698003978182,0.0010132829064437797,0.0027530067562600543,True,0.984375,0.9965116279069768
B_327,low,327,0,3,after block 2,2,2.3739624539607953,2.3973750000000003,5.729875,2.40125,0.9988372093023257,True,runs/pendulum/unified_mechanism_v2/paired_layer_control/large_seed3407/long_common_scan/B/videos/B_327/location_03.mp4,True,1.0,0,0.9819878155447775,0.001693548015173324,0.4396591879597344,190.0,True,True,red,circle,0.1204400862851153,0.0010634160836349713,0.0028145815362764105,True,0.984375,0.9965116279069768
B_327,low,327,0,4,after block 3,3,2.3739624539607953,2.3973750000000003,5.729875,2.40125,0.9988372093023257,True,runs/pendulum/unified_mechanism_v2/paired_layer_control/large_seed3407/long_common_scan/B/videos/B_327/location_04.mp4,True,1.0,0,1.0875591352843754,0.0016174269232414884,0.39846000004740073,189.0,True,True,red,circle,0.12069313370793741,0.0016081392233505863,0.002877167060442663,True,0.984375,0.9965116279069768
B_327,low,327,0,5,after block 4,4,2.3739624539607953,2.3973750000000003,5.729875,2.405125,0.9976744186046512,True,runs/pendulum/unified_mechanism_v2/paired_layer_control/large_seed3407/long_common_scan/B/videos/B_327/location_05.mp4,True,1.0,0,1.1713561970777657,0.0016665900439621073,0.3202234765445919,189.0,True,True,red,circle,0.12093538053233148,0.0013818249691988306,0.0028842445676197648,True,0.984375,0.9965116279069768
B_327,low,327,0,6,after block 5,5,2.3739624539607953,2.3973750000000003,5.729875,2.4206250000000002,0.9930232558139535,True,runs/pendulum/unified_mechanism_v2/paired_layer_control/large_seed3407/long_common_scan/B/videos/B_327/location_06.mp4,True,1.0,0,2.0701828910065063,0.0018220538994488111,0.7208710396358233,185.0,True,True,red,circle,0.12278208707587054,-0.0007914034518627368,0.004394324104504729,True,0.984375,0.9941860465116279
B_327,low,327,0,7,after block 6,6,2.3739624539607953,2.3973750000000003,5.729875,2.428375,0.9906976744186048,True,runs/pendulum/unified_mechanism_v2/paired_layer_control/large_seed3407/long_common_scan/B/videos/B_327/location_07.mp4,True,1.0,0,2.873144606819771,0.001762747247092522,1.5532470356068153,183.0,True,True,red,circle,0.12279849836285783,-0.0018861364083194142,0.006144103759063785,True,0.984375,0.9953488372093023
B_327,low,327,0,8,after block 7,7,2.3739624539607953,2.3973750000000003,5.729875,2.4090000000000003,0.9965116279069768,True,runs/pendulum/unified_mechanism_v2/paired_layer_control/large_seed3407/long_common_scan/B/videos/B_327/location_08.mp4,True,0.984375,1,1.072668300990853,0.0015828396980218096,1.2224566011673224,180.0,True,True,red,circle,0.12334808348925283,-0.002058910771506848,0.003584418136353957,True,0.984375,0.9883720930232559
B_327,low,327,0,9,after block 8,8,2.3739624539607953,2.3973750000000003,5.729875,2.4206250000000002,0.9930232558139535,True,runs/pendulum/unified_mechanism_v2/paired_layer_control/large_seed3407/long_common_scan/B/videos/B_327/location_09.mp4,True,0.984375,1,1.0717899973983203,0.0017922238086954811,1.0854046451005122,180.0,True,True,red,circle,0.12399259761707658,-0.0024003676970843933,0.0039558715325248095,True,0.984375,0.986046511627907
B_327,low,327,0,10,after block 9,9,2.3739624539607953,2.3973750000000003,5.729875,2.405125,0.9976744186046512,True,runs/pendulum/unified_mechanism_v2/paired_layer_control/large_seed3407/long_common_scan/B/videos/B_327/location_10.mp4,True,0.984375,1,0.962003810752609,0.0017476563091511355,0.8535916444261384,175.0,True,True,red,circle,0.1194398918070679,-0.004064512684660137,0.0035845254321324477,True,0.96875,0.9953488372093023
B_327,low,327,0,11,after block 10,10,2.3739624539607953,2.3973750000000003,5.729875,2.3973750000000003,1.0,True,runs/pendulum/unified_mechanism_v2/paired_layer_control/large_seed3407/long_common_scan/B/videos/B_327/location_11.mp4,True,0.984375,1,1.4929159359945625,0.0022273865156232087,0.5962613158177806,167.0,True,True,red,circle,0.12065482839434641,-0.0049093096254650475,0.004574613980583792,False,0.40625,1.3093023255813954
B_327,low,327,0,12,after block 11,11,2.3739624539607953,2.3973750000000003,5.729875,2.30825,1.0267441860465116,False,runs/pendulum/unified_mechanism_v2/paired_layer_control/large_seed3407/long_common_scan/B/videos/B_327/location_12.mp4,True,1.0,0,4.927846406973075,0.034033420929960534,1.1070894478721474,117.5,True,True,blue,circle,0.09347818255804749,0.03180216794995248,0.019886081966382394,False,0.015625,nan
B_327,low,327,0,13,after block 12,12,2.3739624539607953,2.3973750000000003,5.729875,2.35475,1.0127906976744185,False,runs/pendulum/unified_mechanism_v2/paired_layer_control/large_seed3407/long_common_scan/B/videos/B_327/location_13.mp4,True,1.0,0,2.754625288603329,0.01886178213438569,1.0252002051566051,171.5,True,True,blue,circle,0.10704279550222474,0.0046395430124299905,0.006405436513873709,False,0.0625,nan
B_327,low,327,0,14,after block 13,13,2.3739624539607953,2.3973750000000003,5.729875,2.3741250000000003,1.0069767441860464,False,runs/pendulum/unified_mechanism_v2/paired_layer_control/large_seed3407/long_common_scan/B/videos/B_327/location_14.mp4,True,1.0,0,2.7590077631102132,0.017970727583945773,1.1193751425156595,179.0,True,True,blue,circle,0.10010388651036724,0.004624325283099518,0.007578171713063114,False,0.234375,0.986046511627907
B_327,low,327,0,15,after block 14,14,2.3739624539607953,2.3973750000000003,5.729875,2.381875,1.0046511627906978,False,runs/pendulum/unified_mechanism_v2/paired_layer_control/large_seed3407/long_common_scan/B/videos/B_327/location_15.mp4,True,1.0,0,2.8821256156311787,0.019553899502067207,0.8311701345360817,180.5,True,True,blue,circle,0.09331229298041674,0.000483078239046088,0.009097306419213845,True,0.9375,1.0232558139534884
B_327,low,327,0,16,after block 15,15,2.3739624539607953,2.3973750000000003,5.729875,2.3857500000000003,1.0034883720930232,False,runs/pendulum/unified_mechanism_v2/paired_layer_control/large_seed3407/long_common_scan/B/videos/B_327/location_16.mp4,True,1.0,0,2.6785582122423737,0.0183709699078983,1.112111764118675,180.0,True,True,blue,circle,0.09189047595520992,-0.00015998479795955805,0.009343720992331122,True,0.96875,1.013953488372093
B_327,low,327,0,17,after block 16,16,2.3739624539607953,2.3973750000000003,5.729875,2.40125,0.9988372093023257,False,runs/pendulum/unified_mechanism_v2/paired_layer_control/large_seed3407/long_common_scan/B/videos/B_327/location_17.mp4,True,1.0,0,1.950818167247189,0.017098115697519817,1.2692684688874614,190.0,True,True,blue,circle,0.08614375070316403,-0.00035358826094406795,0.009260638800837846,True,1.0,1.0
B_327,low,327,0,18,after block 17,17,2.3739624539607953,2.3973750000000003,5.729875,2.40125,0.9988372093023257,False,runs/pendulum/unified_mechanism_v2/paired_layer_control/large_seed3407/long_common_scan/B/videos/B_327/location_18.mp4,True,1.0,0,2.131517894864837,0.01772910174320505,1.2015129653549224,189.5,True,True,blue,circle,0.08135295248423406,-0.0015600896505354996,0.010244133534439297,True,1.0,0.9988372093023257
B_327,low,327,0,19,after block 18,18,2.3739624539607953,2.3973750000000003,5.729875,2.3741250000000003,1.0069767441860464,False,runs/pendulum/unified_mechanism_v2/paired_layer_control/large_seed3407/long_common_scan/B/videos/B_327/location_19.mp4,True,1.0,0,2.501624125707455,0.016997343596951153,1.5615561625443597,190.0,True,True,blue,circle,0.07552305693582398,-0.0005407997424530535,0.012669979450585393,True,1.0,1.0093023255813953
B_327,low,327,0,20,after block 19,19,2.3739624539607953,2.3973750000000003,5.729875,2.343125,1.016279069767442,False,runs/pendulum/unified_mechanism_v2/paired_layer_control/large_seed3407/long_common_scan/B/videos/B_327/location_20.mp4,True,1.0,0,2.7714269289567994,0.018815288622684306,1.5600248587027365,196.0,True,True,blue,circle,0.06708411809676636,0.004452228006338198,0.016259232842242337,True,1.0,1.0220930232558139
B_327,low,327,0,21,after block 20,20,2.3739624539607953,2.3973750000000003,5.729875,2.3470000000000004,1.0151162790697674,False,runs/pendulum/unified_mechanism_v2/paired_layer_control/large_seed3407/long_common_scan/B/videos/B_327/location_21.mp4,True,1.0,0,2.2238988993782223,0.01914826961023236,1.516314319143527,199.5,True,True,blue,circle,0.06466151507190171,0.004123024390240238,0.018584336000063952,True,1.0,1.0186046511627909
B_327,low,327,0,22,after block 21,21,2.3739624539607953,2.3973750000000003,5.729875,2.312125,1.0255813953488373,False,runs/pendulum/unified_mechanism_v2/paired_layer_control/large_seed3407/long_common_scan/B/videos/B_327/location_22.mp4,True,1.0,0,2.8676706606647837,0.017927935948908513,0.98395834046508,199.0,True,True,blue,circle,0.05516131333481069,-0.00042657423859299935,0.020710159779928693,True,1.0,1.027906976744186
B_327,low,327,0,23,after block 22,22,2.3739624539607953,2.3973750000000003,5.729875,2.195875,1.06046511627907,False,runs/pendulum/unified_mechanism_v2/paired_layer_control/large_seed3407/long_common_scan/B/videos/B_327/location_23.mp4,True,1.0,0,2.8151496367863844,0.019764394795185103,0.6705496299855247,198.5,True,True,blue,circle,0.04641863945496311,0.0009328058094193074,0.02316526909743483,True,1.0,1.05
B_327,low,327,0,24,after block 23,23,2.3739624539607953,2.3973750000000003,5.729875,2.2307500000000005,1.05,False,runs/pendulum/unified_mechanism_v2/paired_layer_control/large_seed3407/long_common_scan/B/videos/B_327/location_24.mp4,True,1.0,0,2.264973016389358,0.019085903014664812,0.6671697129580303,207.0,True,True,blue,circle,0.04277554037553444,0.0011419982585038834,0.02502170642727247,True,1.0,1.0476744186046512
B_327,low,327,0,25,after block 24,24,2.3739624539607953,2.3973750000000003,5.729875,2.26175,1.0406976744186047,False,runs/pendulum/unified_mechanism_v2/paired_layer_control/large_seed3407/long_common_scan/B/videos/B_327/location_25.mp4,True,1.0,0,2.4226353943600256,0.018304207384045645,1.477162050797382,211.5,True,True,blue,circle,0.041810456296236274,-0.0008554457160682937,0.024722616982200813,True,1.0,1.036046511627907
B_327,low,327,0,26,after block 25,25,2.3739624539607953,2.3973750000000003,5.729875,2.296625,1.0302325581395348,False,runs/pendulum/unified_mechanism_v2/paired_layer_control/large_seed3407/long_common_scan/B/videos/B_327/location_26.mp4,True,1.0,0,2.6704105557295423,0.0180660916810583,1.4734822986793097,215.0,True,True,blue,circle,0.03997030850355602,-2.5262377945901477e-05,0.024855707756478062,True,1.0,1.0267441860465116
B_327,low,327,0,27,after block 26,26,2.3739624539607953,2.3973750000000003,5.729875,2.296625,1.0302325581395348,False,runs/pendulum/unified_mechanism_v2/paired_layer_control/large_seed3407/long_common_scan/B/videos/B_327/location_27.mp4,True,1.0,0,2.587873933020153,0.017609858075146978,1.5558104126676453,216.0,True,True,blue,circle,0.03960435833885515,-0.0003169214969048138,0.0258974491256958,True,1.0,1.0337209302325583
B_327,low,327,0,28,after block 27,27,2.3739624539607953,2.3973750000000003,5.729875,2.2811250000000003,1.0348837209302326,False,runs/pendulum/unified_mechanism_v2/paired_layer_control/large_seed3407/long_common_scan/B/videos/B_327/location_28.mp4,True,1.0,0,2.3378565323457807,0.019213260970927765,1.532525653446509,216.0,True,True,blue,circle,0.03841483428914249,-0.001096744155553646,0.026921929583102095,True,1.0,1.0372093023255815
B_327,low,327,0,29,after block 28,28,2.3739624539607953,2.3973750000000003,5.729875,2.2540000000000004,1.0430232558139534,False,runs/pendulum/unified_mechanism_v2/paired_layer_control/large_seed3407/long_common_scan/B/videos/B_327/location_29.mp4,True,1.0,0,2.614926316657835,0.018273268582030128,1.6014655760356387,214.0,True,True,blue,circle,0.037760517719412814,-0.0016922151611321419,0.028045263912337054,True,1.0,1.044186046511628
B_327,low,327,0,30,after block 29,29,2.3739624539607953,2.3973750000000003,5.729875,5.7415,-0.0034883720930233885,False,runs/pendulum/unified_mechanism_v2/paired_layer_control/large_seed3407/long_common_scan/B/videos/B_327/location_30.mp4,True,1.0,0,2.345958227979722,0.0185376306723532,1.3604819718505183,213.5,True,True,blue,circle,0.039855077674623304,0.0014655369694441698,0.02909059146619694,True,1.0,-0.0
B_350,low,350,0,0,embedding output,,2.382654044665334,2.40125,6.253,2.4090000000000003,0.9979879275653923,True,runs/pendulum/unified_mechanism_v2/paired_layer_control/large_seed3407/long_common_scan/B/videos/B_350/location_00.mp4,True,1.0,0,1.0989003999920879,0.0011438207898562813,0.41895184539980135,191.5,True,True,red,circle,0.14110195728208202,0.001011800012325758,0.0031403014091479424,True,0.984375,0.9989939637826962
B_350,low,350,0,1,after block 0,0,2.382654044665334,2.40125,6.253,2.4090000000000003,0.9979879275653923,True,runs/pendulum/unified_mechanism_v2/paired_layer_control/large_seed3407/long_common_scan/B/videos/B_350/location_01.mp4,True,1.0,0,1.0897319581276275,0.0012564560042075124,0.41895184539980135,191.0,True,True,red,circle,0.14128978022394165,0.0008954908079978663,0.00323002593981379,True,0.984375,0.9989939637826962
B_350,low,350,0,2,after block 1,1,2.382654044665334,2.40125,6.253,2.4090000000000003,0.9979879275653923,True,runs/pendulum/unified_mechanism_v2/paired_layer_control/large_seed3407/long_common_scan/B/videos/B_350/location_02.mp4,True,1.0,0,1.0625028883998324,0.0011680334131197179,0.41895184539980135,191.0,True,True,red,circle,0.14183619316715218,0.0007442111127109354,0.0033288161428097827,True,0.984375,0.9979879275653923
B_350,low,350,0,3,after block 2,2,2.382654044665334,2.40125,6.253,2.412875,0.9969818913480886,True,runs/pendulum/unified_mechanism_v2/paired_layer_control/large_seed3407/long_common_scan/B/videos/B_350/location_03.mp4,True,1.0,0,1.0898856114600874,0.0011254390061368746,0.4321030912726529,191.0,True,True,red,circle,0.14198621352703894,0.0009540347032689278,0.0033438344182853213,True,0.984375,0.9979879275653923
B_350,low,350,0,4,after block 3,3,2.382654044665334,2.40125,6.253,2.412875,0.9969818913480886,True,runs/pendulum/unified_mechanism_v2/paired_layer_control/large_seed3407/long_common_scan/B/videos/B_350/location_04.mp4,True,1.0,0,1.0850998532211673,0.0012761827969376693,0.43227340499928146,189.0,True,True,red,circle,0.14224122400672512,0.0013685904182375328,0.003071448328804293,True,0.984375,0.9979879275653923
B_350,low,350,0,5,after block 4,4,2.382654044665334,2.40125,6.253,2.412875,0.9969818913480886,True,runs/pendulum/unified_mechanism_v2/paired_layer_control/large_seed3407/long_common_scan/B/videos/B_350/location_05.mp4,True,1.0,0,1.079928467611762,0.0011480393271103007,0.45075631021078205,189.0,True,True,red,circle,0.1424779261337727,0.001608054445667706,0.0030917576415031268,True,0.984375,0.9989939637826962
B_350,low,350,0,6,after block 5,5,2.382654044665334,2.40125,6.253,2.4167500000000004,0.9959758551307847,True,runs/pendulum/unified_mechanism_v2/paired_layer_control/large_seed3407/long_common_scan/B/videos/B_350/location_06.mp4,True,1.0,0,1.1846760335125202,0.001319281219656382,0.4338333415300445,183.5,True,True,red,circle,0.1440398691188706,1.9052644188784574e-05,0.0038727941750231355,True,0.984375,0.9979879275653923
B_350,low,350,0,7,after block 6,6,2.382654044665334,2.40125,6.253,2.4167500000000004,0.9959758551307847,True,runs/pendulum/unified_mechanism_v2/paired_layer_control/large_seed3407/long_common_scan/B/videos/B_350/location_07.mp4,True,1.0,0,1.112000235647973,0.001384068369374325,0.7348244149160801,181.5,True,True,red,circle,0.14408037817340652,-0.000639368167196581,0.00391256063922149,True,0.984375,0.9969818913480886
B_350,low,350,0,8,after block 7,7,2.382654044665334,2.40125,6.253,2.405125,0.9989939637826962,True,runs/pendulum/unified_mechanism_v2/paired_layer_control/large_seed3407/long_common_scan/B/videos/B_350/location_08.mp4,True,0.984375,1,0.9637239527223831,0.00131822865100939,0.5925405713469708,179.0,True,True,red,circle,0.14486605286917556,-0.0018390140551358593,0.003313171518573451,True,0.984375,0.9909456740442656
B_350,low,350,0,9,after block 8,8,2.382654044665334,2.40125,6.253,2.4167500000000004,0.9959758551307847,True,runs/pendulum/unified_mechanism_v2/paired_layer_control/large_seed3407/long_common_scan/B/videos/B_350/location_09.mp4,True,0.984375,1,1.0014107749446275,0.0014818226816901703,0.6529312504090455,180.0,True,True,red,circle,0.14487332075994838,-0.0017576857201810486,0.0032641950952321374,True,0.984375,0.9879275653923542
B_350,low,350,0,10,after block 9,9,2.382654044665334,2.40125,6.253,2.40125,1.0,True,runs/pendulum/unified_mechanism_v2/paired_layer_control/large_seed3407/long_common_scan/B/videos/B_350/location_10.mp4,True,0.984375,1,1.071883626956666,0.0020665296636219743,0.5576385060781452,176.0,True,True,red,circle,0.138515552246844,-0.002287699787385015,0.00448698245550938,True,0.984375,0.982897384305835
B_350,low,350,0,11,after block 10,10,2.382654044665334,2.40125,6.253,1.9827500000000002,1.108651911468813,True,runs/pendulum/unified_mechanism_v2/paired_layer_control/large_seed3407/long_common_scan/B/videos/B_350/location_11.mp4,False,1.0,0,7.242883535397608,0.09455277082122832,2.2523510377908385,38.0,False,True,blue,circle,0.11694204847310587,0.028242553549184583,0.02012167239210366,False,0.3125,1.311871227364185
B_350,low,350,0,12,after block 11,11,2.382654044665334,2.40125,6.253,2.26175,1.0362173038229376,False,runs/pendulum/unified_mechanism_v2/paired_layer_control/large_seed3407/long_common_scan/B/videos/B_350/location_12.mp4,True,1.0,0,3.3798296524070546,0.029718292375150585,1.8080736449193542,138.0,True,True,blue,circle,0.12212827691832769,0.017888615084026976,0.018130344498034932,False,0.015625,nan
B_350,low,350,0,13,after block 12,12,2.382654044665334,2.40125,6.253,2.312125,1.023138832997988,False,runs/pendulum/unified_mechanism_v2/paired_layer_control/large_seed3407/long_common_scan/B/videos/B_350/location_13.mp4,True,1.0,0,2.4935695368915187,0.017586850472331383,1.6710269442382406,175.5,True,True,blue,circle,0.12682572488978655,0.0039032637236206475,0.005949506483876392,False,0.03125,nan
B_350,low,350,0,14,after block 13,13,2.382654044665334,2.40125,6.253,2.3160000000000003,1.0221327967806841,False,runs/pendulum/unified_mechanism_v2/paired_layer_control/large_seed3407/long_common_scan/B/videos/B_350/location_14.mp4,True,1.0,0,2.635406801166664,0.016311904671604593,1.3649391700720066,182.0,True,True,blue,circle,0.11985498412143211,0.002595437115997951,0.005319090695475661,False,0.453125,1.029175050301811
B_350,low,350,0,15,after block 14,14,2.382654044665334,2.40125,6.253,2.312125,1.023138832997988,False,runs/pendulum/unified_mechanism_v2/paired_layer_control/large_seed3407/long_common_scan/B/videos/B_350/location_15.mp4,True,1.0,0,2.3056585820755116,0.015901151288107207,1.1992902076934986,179.0,True,True,blue,circle,0.11378395271932866,-5.512728535061154e-05,0.005454319037289371,False,0.640625,1.0553319919517101
B_350,low,350,0,16,after block 15,15,2.382654044665334,2.40125,6.253,2.319875,1.0211267605633803,False,runs/pendulum/unified_mechanism_v2/paired_layer_control/large_seed3407/long_common_scan/B/videos/B_350/location_16.mp4,True,1.0,0,2.649348859779565,0.017310931298539445,1.0945744997920415,181.0,True,True,blue,circle,0.11298122767280268,-0.0001481463511421197,0.005431552025443337,False,0.765625,1.1458752515090542
B_350,low,350,0,17,after block 16,16,2.382654044665334,2.40125,6.253,2.3276250000000003,1.0191146881287725,False,runs/pendulum/unified_mechanism_v2/paired_layer_control/large_seed3407/long_common_scan/B/videos/B_350/location_17.mp4,True,1.0,0,2.299335387608647,0.01651000698705049,1.1102597502278826,193.5,True,True,blue,circle,0.10901379323106856,0.001033881244866262,0.006530596321900396,True,1.0,1.023138832997988
B_350,low,350,0,18,after block 17,17,2.382654044665334,2.40125,6.253,2.3276250000000003,1.0191146881287725,False,runs/pendulum/unified_mechanism_v2/paired_layer_control/large_seed3407/long_common_scan/B/videos/B_350/location_18.mp4,True,1.0,0,2.134004234539023,0.01765110797838268,1.1102597502278826,189.0,True,True,blue,circle,0.10409641847202816,-0.0015481007713270178,0.007392223300299165,True,1.0,1.023138832997988
B_350,low,350,0,19,after block 18,18,2.382654044665334,2.40125,6.253,2.288875,1.029175050301811,False,runs/pendulum/unified_mechanism_v2/paired_layer_control/large_seed3407/long_common_scan/B/videos/B_350/location_19.mp4,True,1.0,0,2.6845727532567625,0.018091958663288887,1.0689353703838744,190.0,True,True,blue,circle,0.0995159022566283,-0.0017219570605177688,0.007471568269510302,True,1.0,1.0321931589537223
B_350,low,350,0,20,after block 19,19,2.382654044665334,2.40125,6.253,2.2113750000000003,1.0492957746478873,False,runs/pendulum/unified_mechanism_v2/paired_layer_control/large_seed3407/long_common_scan/B/videos/B_350/location_20.mp4,True,1.0,0,2.022197642087516,0.01923059655231496,1.1462723634064031,195.5,True,True,blue,circle,0.09098113963996446,0.0021122340268783235,0.010371566365997193,True,1.0,1.0543259557344065
B_350,low,350,0,21,after block 20,20,2.382654044665334,2.40125,6.253,2.2385,1.0422535211267605,False,runs/pendulum/unified_mechanism_v2/paired_layer_control/large_seed3407/long_common_scan/B/videos/B_350/location_21.mp4,True,1.0,0,2.924383798360118,0.01908664701724433,1.2429856708415197,199.5,True,True,blue,circle,0.0894880562444656,0.0027835328064159453,0.014244003657625124,True,1.0,1.0482897384305836
B_350,low,350,0,22,after block 21,21,2.382654044665334,2.40125,6.253,2.2307500000000005,1.044265593561368,False,runs/pendulum/unified_mechanism_v2/paired_layer_control/large_seed3407/long_common_scan/B/videos/B_350/location_22.mp4,True,1.0,0,4.1549139358539255,0.017807756511049988,1.179268849644643,195.0,True,True,blue,circle,0.07692604795992371,-0.0018958355540946664,0.017207814541003407,True,1.0,1.0472837022132797
B_350,low,350,0,23,after block 22,22,2.382654044665334,2.40125,6.253,2.06025,1.0885311871227366,False,runs/pendulum/unified_mechanism_v2/paired_layer_control/large_seed3407/long_common_scan/B/videos/B_350/location_23.mp4,True,1.0,0,2.029662339846164,0.01966390660439349,1.373389697319362,196.5,True,True,blue,circle,0.06673525164141843,-0.0053789058831514615,0.024454851080198858,True,1.0,1.095573440643863
B_350,low,350,0,24,after block 23,23,2.382654044665334,2.40125,6.253,1.8820000000000001,1.1348088531187124,False,runs/pendulum/unified_mechanism_v2/paired_layer_control/large_seed3407/long_common_scan/B/videos/B_350/location_24.mp4,True,1.0,0,2.9515586370938025,0.019359014991950002,1.6805147623134853,206.5,True,True,blue,circle,0.06377791744635715,-0.00940962565027138,0.029005350007300507,True,1.0,1.1287726358148893
B_350,low,350,0,25,after block 24,24,2.382654044665334,2.40125,6.253,1.8820000000000001,1.1348088531187124,False,runs/pendulum/unified_mechanism_v2/paired_layer_control/large_seed3407/long_common_scan/B/videos/B_350/location_25.mp4,True,1.0,0,3.139687666789183,0.01717011017913453,1.7549680858977121,207.0,True,True,blue,circle,0.061128455770139305,-0.010609216928606446,0.03105095720154399,True,1.0,1.1378269617706238
B_350,low,350,0,26,after block 25,25,2.382654044665334,2.40125,6.253,1.7773750000000001,1.1619718309859155,False,runs/pendulum/unified_mechanism_v2/paired_layer_control/large_seed3407/long_common_scan/B/videos/B_350/location_26.mp4,True,1.0,0,1.957729045890625,0.017691738502740972,1.450854915986226,212.0,True,True,blue,circle,0.05970075559960317,-0.012607635926985857,0.03127904523024771,True,1.0,1.1670020120724347
B_350,low,350,0,27,after block 26,26,2.382654044665334,2.40125,6.253,1.7115,1.1790744466800804,False,runs/pendulum/unified_mechanism_v2/paired_layer_control/large_seed3407/long_common_scan/B/videos/B_350/location_27.mp4,True,1.0,0,2.2168705646699207,0.01595015870686803,2.145916943721155,211.5,True,True,blue,circle,0.060592161439475614,-0.014789784435151752,0.03251737705385656,True,1.0,1.187122736418511
B_350,low,350,0,28,after block 27,27,2.382654044665334,2.40125,6.253,1.6572500000000001,1.193158953722334,False,runs/pendulum/unified_mechanism_v2/paired_layer_control/large_seed3407/long_common_scan/B/videos/B_350/location_28.mp4,True,1.0,0,3.15247119470058,0.016362362112160106,1.3677957138721928,212.0,True,True,blue,circle,0.06146808381008306,-0.01784066685208073,0.034401144022916164,True,1.0,1.20523138832998
B_350,low,350,0,29,after block 28,28,2.382654044665334,2.40125,6.253,1.5681250000000002,1.216297786720322,False,runs/pendulum/unified_mechanism_v2/paired_layer_control/large_seed3407/long_common_scan/B/videos/B_350/location_29.mp4,True,1.0,0,3.4311095731406387,0.01595271354250649,1.4278828423551782,210.0,True,True,blue,circle,0.06391582820967225,-0.021466409456234712,0.03553882676773957,True,1.0,1.1941649899396378
B_350,low,350,0,30,after block 29,29,2.382654044665334,2.40125,6.253,6.2375,0.0040241448692153675,False,runs/pendulum/unified_mechanism_v2/paired_layer_control/large_seed3407/long_common_scan/B/videos/B_350/location_30.mp4,True,1.0,0,3.4095983268026853,0.016008641952673514,1.6912635976533068,210.5,True,True,blue,circle,0.05165684383862101,-0.0031516626997227354,0.03903319731998479,True,1.0,-0.0
B_354,low,354,0,0,embedding output,,2.3764695536835925,2.3508750000000003,5.974,2.3625000000000003,0.9967914438502674,True,runs/pendulum/unified_mechanism_v2/paired_layer_control/large_seed3407/long_common_scan/B/videos/B_354/location_00.mp4,True,1.0,0,0.7662828534996583,0.0014959452391505035,0.41479021008232475,192.0,True,True,red,circle,0.10738297219679638,0.0003795076931870945,0.0031847775206161966,True,0.984375,0.9989304812834225
B_354,low,354,0,1,after block 0,0,2.3764695536835925,2.3508750000000003,5.974,2.3625000000000003,0.9967914438502674,True,runs/pendulum/unified_mechanism_v2/paired_layer_control/large_seed3407/long_common_scan/B/videos/B_354/location_01.mp4,True,1.0,0,0.766361495096507,0.0016197689680909066,0.444938105654076,191.0,True,True,red,circle,0.10733255958211799,0.0003605569006480425,0.0032070538830949722,True,0.984375,0.9989304812834225
B_354,low,354,0,2,after block 1,1,2.3764695536835925,2.3508750000000003,5.974,2.358625,0.997860962566845,True,runs/pendulum/unified_mechanism_v2/paired_layer_control/large_seed3407/long_common_scan/B/videos/B_354/location_02.mp4,True,1.0,0,0.782770803932669,0.001399493636805138,0.42045719588911884,190.0,True,True,red,circle,0.10816762054654136,0.00028175733866761066,0.0032751843723431598,True,0.984375,1.0
B_354,low,354,0,3,after block 2,2,2.3764695536835925,2.3508750000000003,5.974,2.358625,0.997860962566845,True,runs/pendulum/unified_mechanism_v2/paired_layer_control/large_seed3407/long_common_scan/B/videos/B_354/location_03.mp4,True,1.0,0,0.7813270433210882,0.0012931762735924612,0.3810097552004551,189.5,True,True,red,circle,0.10818664559648172,0.00022997267668094145,0.0031673558250952184,True,0.984375,0.9989304812834225
B_354,low,354,0,4,after block 3,3,2.3764695536835925,2.3508750000000003,5.974,2.35475,0.9989304812834225,True,runs/pendulum/unified_mechanism_v2/paired_layer_control/large_seed3407/long_common_scan/B/videos/B_354/location_04.mp4,True,1.0,0,0.7903248427522451,0.0012955362836859219,0.5915361561773032,188.5,True,True,red,circle,0.10844054611106159,0.0007810489595073369,0.0032600561966030775,True,0.984375,1.0
B_354,low,354,0,5,after block 4,4,2.3764695536835925,2.3508750000000003,5.974,2.35475,0.9989304812834225,True,runs/pendulum/unified_mechanism_v2/paired_layer_control/large_seed3407/long_common_scan/B/videos/B_354/location_05.mp4,True,1.0,0,0.8203603226067254,0.0013146646315138066,0.5367971548982933,188.0,True,True,red,circle,0.10871127916585045,0.000847657432059782,0.003158767328720914,True,0.984375,1.0
B_354,low,354,0,6,after block 5,5,2.3764695536835925,2.3508750000000003,5.974,2.35475,0.9989304812834225,True,runs/pendulum/unified_mechanism_v2/paired_layer_control/large_seed3407/long_common_scan/B/videos/B_354/location_06.mp4,True,1.0,0,0.7815927052991952,0.001406877207879409,0.32123622422473963,184.0,True,True,red,circle,0.11059678860310651,-0.00042219360288709643,0.0033593389934266785,True,0.984375,1.0010695187165775
B_354,low,354,0,7,after block 6,6,2.3764695536835925,2.3508750000000003,5.974,2.35475,0.9989304812834225,True,runs/pendulum/unified_mechanism_v2/paired_layer_control/large_seed3407/long_common_scan/B/videos/B_354/location_07.mp4,True,1.0,0,0.8090343480542711,0.0015102137453101572,0.2356999777431499,182.0,True,True,red,circle,0.11083041807364233,-0.0018526496657085855,0.0036776183153737784,True,0.984375,1.0032085561497326
B_354,low,354,0,8,after block 7,7,2.3764695536835925,2.3508750000000003,5.974,2.343125,1.0021390374331551,True,runs/pendulum/unified_mechanism_v2/paired_layer_control/large_seed3407/long_common_scan/B/videos/B_354/location_08.mp4,True,0.984375,1,0.9178817648714758,0.0016687269832870721,0.8804113297282204,180.0,True,True,red,circle,0.11223873923149558,-0.0025182109173592948,0.004013299716931712,True,0.984375,1.0096256684491978
B_354,low,354,0,9,after block 8,8,2.3764695536835925,2.3508750000000003,5.974,2.3470000000000004,1.0010695187165775,True,runs/pendulum/unified_mechanism_v2/paired_layer_control/large_seed3407/long_common_scan/B/videos/B_354/location_09.mp4,True,0.984375,1,0.9644543979150225,0.0017130184042094543,0.9362745204829086,179.0,True,True,red,circle,0.11214833788607863,-0.002738049578462601,0.003976703081969874,True,0.984375,1.0096256684491978
B_354,low,354,0,10,after block 9,9,2.3764695536835925,2.3508750000000003,5.974,2.3043750000000003,1.0128342245989306,True,runs/pendulum/unified_mechanism_v2/paired_layer_control/large_seed3407/long_common_scan/B/videos/B_354/location_10.mp4,True,0.984375,1,0.9610634163545206,0.001562140032259185,0.6504500239179132,173.0,True,True,red,circle,0.10956492103242252,-0.0030341107685492685,0.004384871479948731,True,0.984375,1.035294117647059
B_354,low,354,0,11,after block 10,10,2.3764695536835925,2.3508750000000003,5.974,2.265625,1.023529411764706,True,runs/pendulum/unified_mechanism_v2/paired_layer_control/large_seed3407/long_common_scan/B/videos/B_354/location_11.mp4,True,0.984375,1,0.8373119113719847,0.002484743915463994,0.8429695417255636,164.0,True,True,red,circle,0.11015587849661049,-0.0030354826754266147,0.004630955230619996,False,0.5,1.0010695187165775
B_354,low,354,0,12,after block 11,11,2.3764695536835925,2.3508750000000003,5.974,2.1183750000000003,1.0641711229946524,False,runs/pendulum/unified_mechanism_v2/paired_layer_control/large_seed3407/long_common_scan/B/videos/B_354/location_12.mp4,True,1.0,0,8.548431941479459,0.04130362005876054,1.2766269445146197,127.5,True,True,blue,circle,0.0917903100397332,0.03702991231431884,0.016507588609069684,False,0.015625,nan
B_354,low,354,0,13,after block 12,12,2.3764695536835925,2.3508750000000003,5.974,2.2346250000000003,1.032085561497326,False,runs/pendulum/unified_mechanism_v2/paired_layer_control/large_seed3407/long_common_scan/B/videos/B_354/location_13.mp4,True,1.0,0,3.3579510277150098,0.02299718194547709,1.6044584630807077,175.5,True,True,blue,circle,0.09462800908964751,0.004489804201669197,0.006143652678359534,False,0.03125,nan
B_354,low,354,0,14,after block 13,13,2.3764695536835925,2.3508750000000003,5.974,2.2540000000000004,1.0267379679144384,False,runs/pendulum/unified_mechanism_v2/paired_layer_control/large_seed3407/long_common_scan/B/videos/B_354/location_14.mp4,True,1.0,0,3.4396515210607412,0.020131960694930867,1.7444489222287254,179.0,True,True,blue,circle,0.08845508644851224,0.004439699234971197,0.0071030231282858125,False,0.203125,0.8695187165775401
B_354,low,354,0,15,after block 14,14,2.3764695536835925,2.3508750000000003,5.974,2.180375,1.0470588235294118,False,runs/pendulum/unified_mechanism_v2/paired_layer_control/large_seed3407/long_common_scan/B/videos/B_354/location_15.mp4,True,1.0,0,2.9782341396178253,0.021353826785265595,2.1485879712432308,179.0,True,True,blue,circle,0.08348423888404628,0.0030957067246808845,0.009543959181826194,False,0.71875,0.9272727272727274
B_354,low,354,0,16,after block 15,15,2.3764695536835925,2.3508750000000003,5.974,2.1416250000000003,1.057754010695187,False,runs/pendulum/unified_mechanism_v2/paired_layer_control/large_seed3407/long_common_scan/B/videos/B_354/location_16.mp4,True,1.0,0,2.3256208700017473,0.019431470116224314,1.9289087540707819,180.5,True,True,blue,circle,0.0817742985740911,0.0032921906676533596,0.01003879832175677,False,0.734375,0.8919786096256684
B_354,low,354,0,17,after block 16,16,2.3764695536835925,2.3508750000000003,5.974,2.079625,1.0748663101604279,False,runs/pendulum/unified_mechanism_v2/paired_layer_control/large_seed3407/long_common_scan/B/videos/B_354/location_17.mp4,True,1.0,0,1.8453655358546397,0.018506057333929626,1.6439508050309846,188.5,True,True,blue,circle,0.07993721073352812,0.005860263568404607,0.01162275496031776,True,1.0,1.0919786096256685
B_354,low,354,0,18,after block 17,17,2.3764695536835925,2.3508750000000003,5.974,2.0215,1.090909090909091,False,runs/pendulum/unified_mechanism_v2/paired_layer_control/large_seed3407/long_common_scan/B/videos/B_354/location_18.mp4,True,1.0,0,1.6771122255036448,0.019575554473688528,1.5713757185933996,188.0,True,True,blue,circle,0.0751993232782191,0.006028715844266381,0.012762983545581929,True,1.0,1.1122994652406417
B_354,low,354,0,19,after block 18,18,2.3764695536835925,2.3508750000000003,5.974,1.9556250000000002,1.1090909090909091,False,runs/pendulum/unified_mechanism_v2/paired_layer_control/large_seed3407/long_common_scan/B/videos/B_354/location_19.mp4,True,1.0,0,1.901167946585602,0.019413618010739042,1.3712308549548546,189.0,True,True,blue,circle,0.07121955691004238,0.007810502787597574,0.014682623627050697,True,1.0,1.120855614973262
B_354,low,354,0,20,after block 19,19,2.3764695536835925,2.3508750000000003,5.974,1.8122500000000001,1.148663101604278,False,runs/pendulum/unified_mechanism_v2/paired_layer_control/large_seed3407/long_common_scan/B/videos/B_354/location_20.mp4,True,1.0,0,2.463105885517294,0.021093113767005928,1.249722362142777,197.0,True,True,blue,circle,0.0660310440676005,0.016659097802678872,0.02107771310768797,True,1.0,1.1540106951871658
B_354,low,354,0,21,after block 20,20,2.3764695536835925,2.3508750000000003,5.974,1.6340000000000001,1.1978609625668448,False,runs/pendulum/unified_mechanism_v2/paired_layer_control/large_seed3407/long_common_scan/B/videos/B_354/location_21.mp4,True,1.0,0,1.93952568248904,0.019632763291628247,1.4132221475555176,200.0,True,True,blue,circle,0.0693624274983063,0.024841619730832362,0.026031447140618055,True,1.0,1.1903743315508022
B_354,low,354,0,22,after block 21,21,2.3764695536835925,2.3508750000000003,5.974,1.2000000000000002,1.3176470588235294,False,runs/pendulum/unified_mechanism_v2/paired_layer_control/large_seed3407/long_common_scan/B/videos/B_354/location_22.mp4,True,1.0,0,2.52884060939181,0.01813720743900335,1.507867852200287,198.0,True,True,blue,circle,0.08521743976410366,0.04771096427736503,0.029219553801403893,True,1.0,1.314438502673797
B_354,low,354,0,23,after block 22,22,2.3764695536835925,2.3508750000000003,5.974,6.148375,-0.04812834224598917,False,runs/pendulum/unified_mechanism_v2/paired_layer_control/large_seed3407/long_common_scan/B/videos/B_354/location_23.mp4,True,1.0,0,3.601757595869138,0.018644092510101712,1.7702602239852518,198.0,True,True,blue,circle,0.05073180442609869,0.0047510964011829495,0.0316420844535186,True,1.0,-0.040641711229946434
B_354,low,354,0,24,after block 23,23,2.3764695536835925,2.3508750000000003,5.974,6.086375,-0.031016042780748695,False,runs/pendulum/unified_mechanism_v2/paired_layer_control/large_seed3407/long_common_scan/B/videos/B_354/location_24.mp4,True,1.0,0,4.161390337832867,0.019066835472962118,2.1039165976916703,205.5,True,True,blue,circle,0.05426576080490562,0.004876533896786564,0.029154881661991407,True,1.0,-0.026737967914438453
B_354,low,354,0,25,after block 24,24,2.3764695536835925,2.3508750000000003,5.974,6.0592500000000005,-0.02352941176470596,False,runs/pendulum/unified_mechanism_v2/paired_layer_control/large_seed3407/long_common_scan/B/videos/B_354/location_25.mp4,True,1.0,0,3.9547653458579504,0.019513232157947896,2.0878371043263058,207.0,True,True,blue,circle,0.0549539006816458,0.0031532687119738777,0.028181703434041708,True,1.0,-0.021390374331550714
B_354,low,354,0,26,after block 25,25,2.3764695536835925,2.3508750000000003,5.974,6.0515,-0.021390374331550714,False,runs/pendulum/unified_mechanism_v2/paired_layer_control/large_seed3407/long_common_scan/B/videos/B_354/location_26.mp4,True,1.0,0,3.3161730132316403,0.019561663090988363,2.5978683286321385,211.0,True,True,blue,circle,0.05434447387613237,0.0037412533500952427,0.02711485518849182,True,1.0,-0.01818181818181822
B_354,low,354,0,27,after block 26,26,2.3764695536835925,2.3508750000000003,5.974,6.024375,-0.013903743315507977,False,runs/pendulum/unified_mechanism_v2/paired_layer_control/large_seed3407/long_common_scan/B/videos/B_354/location_27.mp4,True,1.0,0,2.7914792194854923,0.019119309394567685,2.4762438600695713,212.0,True,True,blue,circle,0.056386200661363774,0.0037952290027009152,0.026833299967524798,True,1.0,-0.012834224598930478
B_354,low,354,0,28,after block 27,27,2.3764695536835925,2.3508750000000003,5.974,5.993375,-0.00534759358288774,False,runs/pendulum/unified_mechanism_v2/paired_layer_control/large_seed3407/long_common_scan/B/videos/B_354/location_28.mp4,True,1.0,0,2.3545480080312657,0.0197796321247673,2.2665839672379064,212.5,True,True,blue,circle,0.058979919084870845,0.0026720766477865456,0.02638541770676344,True,1.0,-0.006417112299465239
B_354,low,354,0,29,after block 28,28,2.3764695536835925,2.3508750000000003,5.974,5.9895000000000005,-0.004278074866310241,False,runs/pendulum/unified_mechanism_v2/paired_layer_control/large_seed3407/long_common_scan/B/videos/B_354/location_29.mp4,True,1.0,0,2.672706495085387,0.019245335871008323,2.350238364264695,210.0,True,True,blue,circle,0.06015592225584492,0.0023180589612054863,0.02619252026503193,True,1.0,-0.004278074866310241
B_354,low,354,0,30,after block 29,29,2.3764695536835925,2.3508750000000003,5.974,5.970125,0.001069518716577499,False,runs/pendulum/unified_mechanism_v2/paired_layer_control/large_seed3407/long_common_scan/B/videos/B_354/location_30.mp4,True,1.0,0,2.644872391753595,0.018990112341298826,2.501580876340084,207.5,True,True,blue,circle,0.06401547144741143,0.0024861166897867035,0.026156102290609686,True,1.0,-0.0
B_373,low,373,0,0,embedding output,,2.542566642582086,2.544625,6.016625,2.54075,1.0011160714285714,True,runs/pendulum/unified_mechanism_v2/paired_layer_control/large_seed3407/long_common_scan/B/videos/B_373/location_00.mp4,True,1.0,0,1.3442235168781393,0.0011009825534843698,0.3135702862058549,193.0,True,True,red,circle,0.16814587410068985,0.0007179622801223943,0.003431093543125551,True,0.984375,1.0
B_373,low,373,0,1,after block 0,0,2.542566642582086,2.544625,6.016625,2.544625,1.0,True,runs/pendulum/unified_mechanism_v2/paired_layer_control/large_seed3407/long_common_scan/B/videos/B_373/location_01.mp4,True,1.0,0,1.3947019404940157,0.0010709370981153432,0.23650605846270256,193.0,True,True,red,circle,0.16805978846353417,0.0006580148435180378,0.003448068388946497,True,0.984375,1.0
B_373,low,373,0,2,after block 1,1,2.542566642582086,2.544625,6.016625,2.54075,1.0011160714285714,True,runs/pendulum/unified_mechanism_v2/paired_layer_control/large_seed3407/long_common_scan/B/videos/B_373/location_02.mp4,True,1.0,0,1.3933435476650027,0.001274784493383585,0.3419907098310877,191.0,True,True,red,circle,0.16914285896539766,0.00039199551364408545,0.003406698036251734,True,0.984375,1.0
B_373,low,373,0,3,after block 2,2,2.542566642582086,2.544625,6.016625,2.544625,1.0,True,runs/pendulum/unified_mechanism_v2/paired_layer_control/large_seed3407/long_common_scan/B/videos/B_373/location_03.mp4,True,1.0,0,1.3847086931223946,0.0012789852607271446,0.41614312436736184,190.0,True,True,red,circle,0.169266995839734,0.0004954377632953835,0.003363551141011964,True,0.984375,1.0
B_373,low,373,0,4,after block 3,3,2.542566642582086,2.544625,6.016625,2.54075,1.0011160714285714,True,runs/pendulum/unified_mechanism_v2/paired_layer_control/large_seed3407/long_common_scan/B/videos/B_373/location_04.mp4,True,1.0,0,1.3814491817723171,0.0009303778335509882,0.4721179755612968,189.5,True,True,red,circle,0.16986997179930594,0.0010239567135887052,0.0034281229343890674,True,0.984375,1.0011160714285714
B_373,low,373,0,5,after block 4,4,2.542566642582086,2.544625,6.016625,2.54075,1.0011160714285714,True,runs/pendulum/unified_mechanism_v2/paired_layer_control/large_seed3407/long_common_scan/B/videos/B_373/location_05.mp4,True,1.0,0,1.3520788634774656,0.001013571054377882,0.5312746383364828,189.0,True,True,red,circle,0.17007299811211873,0.0007941560822969552,0.0035661096534268266,True,0.984375,1.0011160714285714
B_373,low,373,0,6,after block 5,5,2.542566642582086,2.544625,6.016625,2.5330000000000004,1.0033482142857142,True,runs/pendulum/unified_mechanism_v2/paired_layer_control/large_seed3407/long_common_scan/B/videos/B_373/location_06.mp4,True,1.0,0,1.3586100816122648,0.001334231875276315,0.9993876228019548,184.0,True,True,red,circle,0.17198488320953512,-0.001575255896713443,0.003598180303860661,True,0.984375,1.0033482142857142
B_373,low,373,0,7,after block 6,6,2.542566642582086,2.544625,6.016625,2.5330000000000004,1.0033482142857142,True,runs/pendulum/unified_mechanism_v2/paired_layer_control/large_seed3407/long_common_scan/B/videos/B_373/location_07.mp4,True,1.0,0,1.2045558165221153,0.0012614411195757957,1.0346402110776378,182.0,True,True,red,circle,0.17188912657695138,-0.002346831884069766,0.003868055833203405,True,0.984375,1.0022321428571428
B_373,low,373,0,8,after block 7,7,2.542566642582086,2.544625,6.016625,2.529125,1.0044642857142856,True,runs/pendulum/unified_mechanism_v2/paired_layer_control/large_seed3407/long_common_scan/B/videos/B_373/location_08.mp4,True,0.984375,1,1.1424375121348282,0.001284045551927182,0.12530151390546534,179.0,True,True,red,circle,0.1718350559531176,-0.0031057369816565564,0.004077009789858926,True,0.984375,1.0022321428571428
B_373,low,373,0,9,after block 8,8,2.542566642582086,2.544625,6.016625,2.536875,1.0022321428571428,True,runs/pendulum/unified_mechanism_v2/paired_layer_control/large_seed3407/long_common_scan/B/videos/B_373/location_09.mp4,True,0.984375,1,1.3045431117580537,0.0012276852261516868,0.17774835032833639,180.0,True,True,red,circle,0.17218487075004338,-0.0033372365522762884,0.004217766457864278,True,0.984375,1.0011160714285714
B_373,low,373,0,10,after block 9,9,2.542566642582086,2.544625,6.016625,2.521375,1.0066964285714286,True,runs/pendulum/unified_mechanism_v2/paired_layer_control/large_seed3407/long_common_scan/B/videos/B_373/location_10.mp4,True,0.984375,1,1.3100940966015024,0.0010288468183389243,0.1262694407965442,175.0,True,True,red,circle,0.16790560671934443,-0.0034600082075041147,0.0043618604291297235,True,0.984375,1.0033482142857142
B_373,low,373,0,11,after block 10,10,2.542566642582086,2.544625,6.016625,2.536875,1.0022321428571428,True,runs/pendulum/unified_mechanism_v2/paired_layer_control/large_seed3407/long_common_scan/B/videos/B_373/location_11.mp4,False,1.0,0,8.580035142325555,0.09294016414817598,2.296731653591958,37.5,False,True,blue,circle,0.13872368425494555,0.04211207514228766,0.0248149870237799,False,0.25,1.3872767857142856
B_373,low,373,0,12,after block 11,11,2.542566642582086,2.544625,6.016625,2.4671250000000002,1.0223214285714284,False,runs/pendulum/unified_mechanism_v2/paired_layer_control/large_seed3407/long_common_scan/B/videos/B_373/location_12.mp4,True,1.0,0,8.692729101032942,0.03174624007523333,1.9672402129840771,152.0,True,True,blue,circle,0.13771791901664834,0.019839219823568677,0.01905145604772907,False,0.015625,nan
B_373,low,373,0,13,after block 12,12,2.542566642582086,2.544625,6.016625,2.4632500000000004,1.0234374999999998,False,runs/pendulum/unified_mechanism_v2/paired_layer_control/large_seed3407/long_common_scan/B/videos/B_373/location_13.mp4,True,1.0,0,2.692962834438495,0.018210868771325772,1.8128330456979598,177.5,True,True,blue,circle,0.1539215892733933,0.004824183223974178,0.004379460493881928,False,0.1875,1.0703124999999998
B_373,low,373,0,14,after block 13,13,2.542566642582086,2.544625,6.016625,2.4787500000000002,1.0189732142857142,False,runs/pendulum/unified_mechanism_v2/paired_layer_control/large_seed3407/long_common_scan/B/videos/B_373/location_14.mp4,True,1.0,0,2.686054797430337,0.01659926169056483,1.9086480238871781,182.0,True,True,blue,circle,0.14726357406786733,0.004827902565166224,0.00469241688603318,False,0.453125,1.0390625
B_373,low,373,0,15,after block 14,14,2.542566642582086,2.544625,6.016625,2.471,1.021205357142857,False,runs/pendulum/unified_mechanism_v2/paired_layer_control/large_seed3407/long_common_scan/B/videos/B_373/location_15.mp4,True,1.0,0,2.833550833113262,0.016891080115068846,1.7724738346652253,185.5,True,True,blue,circle,0.1399009103019,0.0018877747303984358,0.005804125513829911,False,0.71875,1.044642857142857
B_373,low,373,0,16,after block 15,15,2.542566642582086,2.544625,6.016625,2.459375,1.0245535714285714,False,runs/pendulum/unified_mechanism_v2/paired_layer_control/large_seed3407/long_common_scan/B/videos/B_373/location_16.mp4,True,1.0,0,3.6243060587982474,0.0174362200874644,1.8111728861350225,184.5,True,True,blue,circle,0.13778615016281112,0.001350409186683905,0.006305400993149071,True,0.9375,1.052455357142857
B_373,low,373,0,17,after block 16,16,2.542566642582086,2.544625,6.016625,2.471,1.021205357142857,False,runs/pendulum/unified_mechanism_v2/paired_layer_control/large_seed3407/long_common_scan/B/videos/B_373/location_17.mp4,True,1.0,0,3.1085222910915706,0.01736014309998099,1.6805136026826062,193.5,True,True,blue,circle,0.13300822406529664,0.002791671113392267,0.007826208232873206,True,1.0,1.0245535714285714
B_373,low,373,0,18,after block 17,17,2.542566642582086,2.544625,6.016625,2.459375,1.0245535714285714,False,runs/pendulum/unified_mechanism_v2/paired_layer_control/large_seed3407/long_common_scan/B/videos/B_373/location_18.mp4,True,1.0,0,3.283974809399695,0.01749941654682899,1.6646522808436526,195.0,True,True,blue,circle,0.1294458872869392,0.00046397531674528293,0.008947002458925562,True,1.0,1.0245535714285714
B_373,low,373,0,19,after block 18,18,2.542566642582086,2.544625,6.016625,2.44775,1.0279017857142856,False,runs/pendulum/unified_mechanism_v2/paired_layer_control/large_seed3407/long_common_scan/B/videos/B_373/location_19.mp4,True,1.0,0,2.9232220622593914,0.01867309945445894,1.3083856390670434,196.0,True,True,blue,circle,0.12299822098780204,1.0202911875070238e-05,0.009593397446922796,True,1.0,1.0279017857142856
B_373,low,373,0,20,after block 19,19,2.542566642582086,2.544625,6.016625,2.3973750000000003,1.0424107142857142,False,runs/pendulum/unified_mechanism_v2/paired_layer_control/large_seed3407/long_common_scan/B/videos/B_373/location_20.mp4,True,1.0,0,2.761040743570128,0.019135528918062722,1.3850042796276532,198.5,True,True,blue,circle,0.11378645715513762,0.004496600641439377,0.013323394957359729,True,1.0,1.0435267857142856
B_373,low,373,0,21,after block 20,20,2.542566642582086,2.544625,6.016625,2.40125,1.0412946428571428,False,runs/pendulum/unified_mechanism_v2/paired_layer_control/large_seed3407/long_common_scan/B/videos/B_373/location_21.mp4,True,1.0,0,3.153661107516367,0.018380480054789428,1.3581476944026178,202.0,True,True,blue,circle,0.11272459588885939,0.005478946335457499,0.01669034897512233,True,1.0,1.0424107142857142
B_373,low,373,0,22,after block 21,21,2.542566642582086,2.544625,6.016625,2.3857500000000003,1.0457589285714284,False,runs/pendulum/unified_mechanism_v2/paired_layer_control/large_seed3407/long_common_scan/B/videos/B_373/location_22.mp4,True,1.0,0,2.351069569203028,0.021007468738434565,1.3387959490323642,198.5,True,True,blue,circle,0.09912344953805594,-0.0020836469805189353,0.020310406386046826,True,1.0,1.0457589285714284
B_373,low,373,0,23,after block 22,22,2.542566642582086,2.544625,6.016625,2.21525,1.0948660714285714,False,runs/pendulum/unified_mechanism_v2/paired_layer_control/large_seed3407/long_common_scan/B/videos/B_373/location_23.mp4,True,1.0,0,3.8492886577486973,0.02206316780748649,2.314989385395125,203.5,True,True,blue,circle,0.07897732499152496,-0.004531612175499455,0.03354098131405798,True,1.0,1.1004464285714286
B_373,low,373,0,24,after block 23,23,2.542566642582086,2.544625,6.016625,2.126125,1.1205357142857142,False,runs/pendulum/unified_mechanism_v2/paired_layer_control/large_seed3407/long_common_scan/B/videos/B_373/location_24.mp4,True,1.0,0,2.9320087723506196,0.021332437460414244,2.5534724664763346,209.0,True,True,blue,circle,0.07261390353576361,-0.005611547340035209,0.03856153229517212,True,1.0,1.122767857142857
B_373,low,373,0,25,after block 24,24,2.542566642582086,2.544625,6.016625,2.07575,1.1350446428571428,False,runs/pendulum/unified_mechanism_v2/paired_layer_control/large_seed3407/long_common_scan/B/videos/B_373/location_25.mp4,True,1.0,0,3.061982313002521,0.02038138359339184,3.597406523559933,214.0,True,True,blue,circle,0.06816481326273194,-0.007677418376845248,0.04285744968485674,True,1.0,1.1361607142857142
B_373,low,373,0,26,after block 25,25,2.542566642582086,2.544625,6.016625,2.0486250000000004,1.1428571428571428,False,runs/pendulum/unified_mechanism_v2/paired_layer_control/large_seed3407/long_common_scan/B/videos/B_373/location_26.mp4,True,1.0,0,3.425032176941832,0.01996751730739718,3.199769382598422,214.0,True,True,blue,circle,0.06577201739066296,-0.006353547056520526,0.04377579965673357,True,1.0,1.1517857142857142
B_373,low,373,0,27,after block 26,26,2.542566642582086,2.544625,6.016625,2.0060000000000002,1.1551339285714284,False,runs/pendulum/unified_mechanism_v2/paired_layer_control/large_seed3407/long_common_scan/B/videos/B_373/location_27.mp4,True,1.0,0,3.3140606903054914,0.0191561424545649,3.256862954134067,214.5,True,True,blue,circle,0.06490042096351822,-0.007659658873582237,0.04510005075414685,True,1.0,1.1629464285714284
B_373,low,373,0,28,after block 27,27,2.542566642582086,2.544625,6.016625,1.9556250000000002,1.169642857142857,False,runs/pendulum/unified_mechanism_v2/paired_layer_control/large_seed3407/long_common_scan/B/videos/B_373/location_28.mp4,True,1.0,0,3.093550823051017,0.019049574939252217,3.3869992632701917,213.5,True,True,blue,circle,0.06448895851049724,-0.01059941924610158,0.04764817316733841,True,1.0,1.1819196428571428
B_373,low,373,0,29,after block 28,28,2.542566642582086,2.544625,6.016625,1.916875,1.1808035714285714,False,runs/pendulum/unified_mechanism_v2/paired_layer_control/large_seed3407/long_common_scan/B/videos/B_373/location_29.mp4,True,1.0,0,2.6113407644604574,0.018872489840913054,3.2593622696753366,211.0,True,True,blue,circle,0.06325239433700178,-0.011155475095890962,0.04908619124263898,True,1.0,1.1863839285714286
B_373,low,373,0,30,after block 29,29,2.542566642582086,2.544625,6.016625,6.016625,-0.0,False,runs/pendulum/unified_mechanism_v2/paired_layer_control/large_seed3407/long_common_scan/B/videos/B_373/location_30.mp4,True,1.0,0,3.1117681711833867,0.01933384368710578,3.227470397017844,214.0,True,True,blue,circle,0.06554630898487178,-0.008052082474961692,0.04989825459677187,True,1.0,-0.0
B_376,low,376,0,0,embedding output,,2.2040715636167407,2.2307500000000005,6.032125,2.226875,1.001019367991845,True,runs/pendulum/unified_mechanism_v2/paired_layer_control/large_seed3407/long_common_scan/B/videos/B_376/location_00.mp4,True,1.0,0,1.096006237301225,0.00168790657634027,0.878399978834181,192.0,True,True,red,circle,0.1327928520611858,0.0004150407124509176,0.004016724775131189,True,0.984375,1.0
B_376,low,376,0,1,after block 0,0,2.2040715636167407,2.2307500000000005,6.032125,2.226875,1.001019367991845,True,runs/pendulum/unified_mechanism_v2/paired_layer_control/large_seed3407/long_common_scan/B/videos/B_376/location_01.mp4,True,1.0,0,1.1083850419082169,0.0016349153763475788,0.7842101335457597,192.0,True,True,red,circle,0.13295003107246275,0.0003981878628233168,0.0040771493100542275,True,0.984375,1.0
B_376,low,376,0,2,after block 1,1,2.2040715636167407,2.2307500000000005,6.032125,2.226875,1.001019367991845,True,runs/pendulum/unified_mechanism_v2/paired_layer_control/large_seed3407/long_common_scan/B/videos/B_376/location_02.mp4,True,1.0,0,1.1952536274918606,0.0016303389638541999,0.881334365878239,190.5,True,True,red,circle,0.1334859156287702,0.00034800130179885237,0.0041154247532271026,True,0.984375,0.998980632008155
B_376,low,376,0,3,after block 2,2,2.2040715636167407,2.2307500000000005,6.032125,2.226875,1.001019367991845,True,runs/pendulum/unified_mechanism_v2/paired_layer_control/large_seed3407/long_common_scan/B/videos/B_376/location_03.mp4,True,1.0,0,1.1984859799433913,0.0017649425136378738,0.881334365878239,190.0,True,True,red,circle,0.1334183633224173,0.0003390747727469287,0.004139749710679172,True,0.984375,0.998980632008155
B_376,low,376,0,4,after block 3,3,2.2040715636167407,2.2307500000000005,6.032125,2.223,1.0020387359836902,True,runs/pendulum/unified_mechanism_v2/paired_layer_control/large_seed3407/long_common_scan/B/videos/B_376/location_04.mp4,True,1.0,0,0.8313389203189483,0.0017756180793951915,1.2303497730827775,188.0,True,True,red,circle,0.13335292702946971,0.0008272151153880201,0.004041870082046886,True,0.984375,0.998980632008155
B_376,low,376,0,5,after block 4,4,2.2040715636167407,2.2307500000000005,6.032125,2.219125,1.0030581039755353,True,runs/pendulum/unified_mechanism_v2/paired_layer_control/large_seed3407/long_common_scan/B/videos/B_376/location_05.mp4,True,1.0,0,0.838140280456703,0.0016710037806789424,1.6788679607977002,188.0,True,True,red,circle,0.13318050280070792,0.0012519961816023252,0.004436930043920015,True,0.984375,0.998980632008155
B_376,low,376,0,6,after block 5,5,2.2040715636167407,2.2307500000000005,6.032125,2.2346250000000003,0.998980632008155,True,runs/pendulum/unified_mechanism_v2/paired_layer_control/large_seed3407/long_common_scan/B/videos/B_376/location_06.mp4,True,0.984375,1,0.922512261428733,0.0016488797010761336,1.784081711085328,184.0,True,True,red,circle,0.1343349552481391,-0.0005647868516403154,0.004647368015086302,True,0.984375,0.9949031600407748
B_376,low,376,0,7,after block 6,6,2.2040715636167407,2.2307500000000005,6.032125,2.2307500000000005,1.0,True,runs/pendulum/unified_mechanism_v2/paired_layer_control/large_seed3407/long_common_scan/B/videos/B_376/location_07.mp4,True,0.984375,1,0.9612310880441721,0.0018813989419459443,1.6552550293059893,181.0,True,True,red,circle,0.13404665220787373,-0.0014891501589668005,0.004691893514420776,True,0.984375,0.9949031600407748
B_376,low,376,0,8,after block 7,7,2.2040715636167407,2.2307500000000005,6.032125,2.2385,0.9979612640163099,True,runs/pendulum/unified_mechanism_v2/paired_layer_control/large_seed3407/long_common_scan/B/videos/B_376/location_08.mp4,True,0.984375,1,0.9868063407700636,0.0016597763223418216,1.6260129404809915,180.0,True,True,red,circle,0.134737622906027,-0.0024743161584831626,0.005060762684320064,True,0.984375,0.9928644240570846
B_376,low,376,0,9,after block 8,8,2.2040715636167407,2.2307500000000005,6.032125,2.24625,0.9959225280326199,True,runs/pendulum/unified_mechanism_v2/paired_layer_control/large_seed3407/long_common_scan/B/videos/B_376/location_09.mp4,True,0.984375,1,0.9082603068968726,0.0018401507495562353,1.5625966286732282,178.0,True,True,red,circle,0.13486976711834525,-0.002431034366064116,0.004832056995822304,True,0.984375,0.9918450560652396
B_376,low,376,0,10,after block 9,9,2.2040715636167407,2.2307500000000005,6.032125,2.226875,1.001019367991845,True,runs/pendulum/unified_mechanism_v2/paired_layer_control/large_seed3407/long_common_scan/B/videos/B_376/location_10.mp4,True,0.984375,1,0.8746201983199842,0.0019648435626831717,1.723415076807531,176.0,True,True,red,circle,0.12933920135127933,-0.0029354797915352566,0.00505086826574769,True,0.984375,0.9938837920489296
B_376,low,376,0,11,after block 10,10,2.2040715636167407,2.2307500000000005,6.032125,2.223,1.0020387359836902,True,runs/pendulum/unified_mechanism_v2/paired_layer_control/large_seed3407/long_common_scan/B/videos/B_376/location_11.mp4,True,0.984375,1,1.0197089684658147,0.0022421942888307123,1.522966225832116,169.0,True,True,red,circle,0.12965242847976657,-0.00416317647927037,0.005967079636428148,False,0.46875,1.271151885830785
B_376,low,376,0,12,after block 11,11,2.2040715636167407,2.2307500000000005,6.032125,2.1455,1.0224260958205913,False,runs/pendulum/unified_mechanism_v2/paired_layer_control/large_seed3407/long_common_scan/B/videos/B_376/location_12.mp4,True,1.0,0,4.400958578312562,0.0426138631705007,2.94976761847721,106.5,True,True,blue,circle,0.09591353305352984,0.037237786513283126,0.014120816351126563,False,0.015625,nan
B_376,low,376,0,13,after block 12,12,2.2040715636167407,2.2307500000000005,6.032125,2.161,1.0183486238532111,False,runs/pendulum/unified_mechanism_v2/paired_layer_control/large_seed3407/long_common_scan/B/videos/B_376/location_13.mp4,True,1.0,0,2.7840371012049516,0.01961066244605625,2.921709906453121,170.0,True,True,blue,circle,0.11441956362431402,0.005268753739334442,0.008030235312046738,False,0.03125,nan
B_376,low,376,0,14,after block 13,13,2.2040715636167407,2.2307500000000005,6.032125,2.161,1.0183486238532111,False,runs/pendulum/unified_mechanism_v2/paired_layer_control/large_seed3407/long_common_scan/B/videos/B_376/location_14.mp4,True,1.0,0,2.2618968560448547,0.01607584548800378,2.746495241326933,179.0,True,True,blue,circle,0.10757376599417541,0.0046625456575851085,0.008161877042529632,False,0.234375,0.9765545361875638
B_376,low,376,0,15,after block 14,14,2.2040715636167407,2.2307500000000005,6.032125,2.1881250000000003,1.0112130479102956,False,runs/pendulum/unified_mechanism_v2/paired_layer_control/large_seed3407/long_common_scan/B/videos/B_376/location_15.mp4,True,1.0,0,2.263576264362841,0.01803229707058146,2.7626304178141026,178.0,True,True,blue,circle,0.09855643564026648,0.0006021058143089399,0.008076968415689193,False,0.609375,0.9826707441386341
B_376,low,376,0,16,after block 15,15,2.2040715636167407,2.2307500000000005,6.032125,2.18425,1.0122324159021407,False,runs/pendulum/unified_mechanism_v2/paired_layer_control/large_seed3407/long_common_scan/B/videos/B_376/location_16.mp4,True,1.0,0,2.6860720920285517,0.017330902875255877,2.920762048741858,179.5,True,True,blue,circle,0.09695658782754916,-0.00035044110834032353,0.008067775733863428,False,0.703125,0.9867482161060143
B_376,low,376,0,17,after block 16,16,2.2040715636167407,2.2307500000000005,6.032125,2.1881250000000003,1.0112130479102956,False,runs/pendulum/unified_mechanism_v2/paired_layer_control/large_seed3407/long_common_scan/B/videos/B_376/location_17.mp4,True,1.0,0,2.649966285703549,0.016496745436977656,2.848893302298099,189.0,True,True,blue,circle,0.0902846442098783,-0.0009125600400918771,0.008733468075839242,True,1.0,1.0091743119266057
B_376,low,376,0,18,after block 17,17,2.2040715636167407,2.2307500000000005,6.032125,2.161,1.0183486238532111,False,runs/pendulum/unified_mechanism_v2/paired_layer_control/large_seed3407/long_common_scan/B/videos/B_376/location_18.mp4,True,1.0,0,1.7327110599477478,0.016572258574502258,3.052370876257147,188.0,True,True,blue,circle,0.08377428615557843,-0.0020092925661620775,0.010247162711266702,True,1.0,1.0183486238532111
B_376,low,376,0,19,after block 18,18,2.2040715636167407,2.2307500000000005,6.032125,2.126125,1.0275229357798166,False,runs/pendulum/unified_mechanism_v2/paired_layer_control/large_seed3407/long_common_scan/B/videos/B_376/location_19.mp4,True,1.0,0,2.5126063085752155,0.01826930568333404,3.0618511450751256,191.5,True,True,blue,circle,0.07834847209625699,-0.00018445784889393,0.011506402266402378,True,1.0,1.0285423037716617
B_376,low,376,0,20,after block 19,19,2.2040715636167407,2.2307500000000005,6.032125,2.0835,1.0387359836901122,False,runs/pendulum/unified_mechanism_v2/paired_layer_control/large_seed3407/long_common_scan/B/videos/B_376/location_20.mp4,True,1.0,0,2.885079548383502,0.020645072339580572,3.05787204955195,197.5,True,True,blue,circle,0.07096575140203096,0.004549469023544309,0.014418853186869035,True,1.0,1.0407747196738024
B_376,low,376,0,21,after block 20,20,2.2040715636167407,2.2307500000000005,6.032125,2.0525,1.0468909276248726,False,runs/pendulum/unified_mechanism_v2/paired_layer_control/large_seed3407/long_common_scan/B/videos/B_376/location_21.mp4,True,1.0,0,2.5379606026307764,0.021996435037444695,3.3336627457239976,199.5,True,True,blue,circle,0.0657957069239474,0.006079004906908462,0.01693301320500058,True,1.0,1.0448521916411826
B_376,low,376,0,22,after block 21,21,2.2040715636167407,2.2307500000000005,6.032125,1.9478750000000002,1.0744138634046891,False,runs/pendulum/unified_mechanism_v2/paired_layer_control/large_seed3407/long_common_scan/B/videos/B_376/location_22.mp4,True,1.0,0,3.306196343067231,0.02490291086550009,3.0772518002184066,202.5,True,True,blue,circle,0.05538153757109868,0.0026609049009893725,0.019454821846890197,True,1.0,1.0662589194699286
B_376,low,376,0,23,after block 22,22,2.2040715636167407,2.2307500000000005,6.032125,1.8238750000000001,1.107033639143731,False,runs/pendulum/unified_mechanism_v2/paired_layer_control/large_seed3407/long_common_scan/B/videos/B_376/location_23.mp4,True,1.0,0,2.807562738092494,0.02207281467776645,2.8794842252036,202.5,True,True,blue,circle,0.04924654608682992,0.004512322262517422,0.023495008876242146,True,1.0,1.08868501529052
B_376,low,376,0,24,after block 23,23,2.2040715636167407,2.2307500000000005,6.032125,1.7386250000000003,1.1294597349643223,False,runs/pendulum/unified_mechanism_v2/paired_layer_control/large_seed3407/long_common_scan/B/videos/B_376/location_24.mp4,True,1.0,0,2.066975695664057,0.020835388952717,3.0245368484607815,207.0,True,True,blue,circle,0.04580238135021249,0.007381564625784612,0.026110871156580076,True,1.0,1.1162079510703364
B_376,low,376,0,25,after block 24,24,2.2040715636167407,2.2307500000000005,6.032125,1.6960000000000002,1.1406727828746177,False,runs/pendulum/unified_mechanism_v2/paired_layer_control/large_seed3407/long_common_scan/B/videos/B_376/location_25.mp4,True,1.0,0,1.853225195834641,0.020655765591626685,3.1047400991284486,211.0,True,True,blue,circle,0.045287813460550747,0.0063974684043434085,0.027187339677797802,True,1.0,1.1294597349643223
B_376,low,376,0,26,after block 25,25,2.2040715636167407,2.2307500000000005,6.032125,1.6805,1.144750254841998,False,runs/pendulum/unified_mechanism_v2/paired_layer_control/large_seed3407/long_common_scan/B/videos/B_376/location_26.mp4,True,1.0,0,2.3667377406922245,0.019856746159293198,2.8593266692406667,216.0,True,True,blue,circle,0.043527009203053316,0.007388520238949659,0.0270823522846248,True,1.0,1.1325178389398574
B_376,low,376,0,27,after block 26,26,2.2040715636167407,2.2307500000000005,6.032125,1.6340000000000001,1.1569826707441386,False,runs/pendulum/unified_mechanism_v2/paired_layer_control/large_seed3407/long_common_scan/B/videos/B_376/location_27.mp4,True,1.0,0,2.6823085139542444,0.017680432953247144,2.7004630026952325,215.0,True,True,blue,circle,0.043802788286651885,0.008146370228295315,0.028378399695806376,True,1.0,1.1355759429153924
B_376,low,376,0,28,after block 27,27,2.2040715636167407,2.2307500000000005,6.032125,6.047625,-0.004077471967380302,False,runs/pendulum/unified_mechanism_v2/paired_layer_control/large_seed3407/long_common_scan/B/videos/B_376/location_28.mp4,True,1.0,0,2.5076586403358005,0.016891541218658823,2.7715138887186845,214.0,True,True,blue,circle,0.04166969807381366,-0.0011614667694150877,0.02921486049613576,True,1.0,-0.006116207951070336
B_376,low,376,0,29,after block 28,28,2.2040715636167407,2.2307500000000005,6.032125,6.04375,-0.0030581039755352844,False,runs/pendulum/unified_mechanism_v2/paired_layer_control/large_seed3407/long_common_scan/B/videos/B_376/location_29.mp4,True,1.0,0,2.4753379814718337,0.01642765744872421,2.639090461234253,212.0,True,True,blue,circle,0.042523174907908995,-0.001588275622998627,0.028954610766946737,True,1.0,-0.005096839959225319
B_376,low,376,0,30,after block 29,29,2.2040715636167407,2.2307500000000005,6.032125,6.02825,0.001019367991845017,False,runs/pendulum/unified_mechanism_v2/paired_layer_control/large_seed3407/long_common_scan/B/videos/B_376/location_30.mp4,True,1.0,0,2.183539934480381,0.017334729437900293,2.93950002733391,208.0,True,True,blue,circle,0.04726077927826955,-0.0012132141101518596,0.029748893899961146,True,1.0,-0.0
