receiver_id,target_label,phase_index,diffusion_repeat,location,location_label,block_index_zero_based,omega_true,omega_aligned,omega_conflict,omega_hat,frequency_recovery,aligned_color_recovered,video,valid,detection_rate,max_missing_run,max_adjacent_jump_px,median_length_error,boundary_jump_px,median_area_px,area_valid,fit_valid,detected_color,detected_shape,amplitude_hat,fit_center,fit_rmse,strict_valid,strict_detection_rate,strict_frequency_recovery
A_000,high,0,0,0,embedding output,,5.903332751930776,5.74925,2.932125,5.745375,0.9986244841815681,True,runs/pendulum/unified_mechanism_v2/paired_layer_control/large_seed3407/short_common_scan/A/videos/A_000/location_00.mp4,True,1.0,0,3.166751531502616,0.01619804008007708,3.8261854096164036,208.5,True,True,blue,circle,0.1453888173333715,0.003099956882833024,0.004177697075686043,True,1.0,0.9917469050894085
A_000,high,0,0,1,after block 0,0,5.903332751930776,5.74925,2.932125,5.74925,1.0,True,runs/pendulum/unified_mechanism_v2/paired_layer_control/large_seed3407/short_common_scan/A/videos/A_000/location_01.mp4,True,1.0,0,3.315444587759539,0.01586024504243197,3.633275130103585,208.5,True,True,blue,circle,0.1451205941936329,0.0030706325648631764,0.0041611535913500825,True,1.0,0.9917469050894085
A_000,high,0,0,2,after block 1,1,5.903332751930776,5.74925,2.932125,5.745375,0.9986244841815681,True,runs/pendulum/unified_mechanism_v2/paired_layer_control/large_seed3407/short_common_scan/A/videos/A_000/location_02.mp4,True,1.0,0,3.1802644585789603,0.015901777115308297,3.8189300814885994,209.5,True,True,blue,circle,0.14526117887243567,0.0030265188191818293,0.004111429923152109,True,1.0,0.9903713892709767
A_000,high,0,0,3,after block 2,2,5.903332751930776,5.74925,2.932125,5.745375,0.9986244841815681,True,runs/pendulum/unified_mechanism_v2/paired_layer_control/large_seed3407/short_common_scan/A/videos/A_000/location_03.mp4,True,1.0,0,3.2481151070635907,0.015777570600281482,3.6892412960492686,208.5,True,True,blue,circle,0.14528139816010133,0.0030466244672170645,0.004093297541930159,True,1.0,0.9903713892709767
A_000,high,0,0,4,after block 3,3,5.903332751930776,5.74925,2.932125,5.745375,0.9986244841815681,True,runs/pendulum/unified_mechanism_v2/paired_layer_control/large_seed3407/short_common_scan/A/videos/A_000/location_04.mp4,True,1.0,0,3.1329325965363988,0.01622979186987178,3.567437031302531,209.0,True,True,blue,circle,0.14506252168258826,0.0031274385718679278,0.00412232605400819,True,1.0,0.9903713892709767
A_000,high,0,0,5,after block 4,4,5.903332751930776,5.74925,2.932125,5.745375,0.9986244841815681,True,runs/pendulum/unified_mechanism_v2/paired_layer_control/large_seed3407/short_common_scan/A/videos/A_000/location_05.mp4,True,1.0,0,3.0990318412792166,0.015962826334750185,3.642677343731863,208.0,True,True,blue,circle,0.1451344680923304,0.0030334099594651986,0.004102411813003436,True,1.0,0.9903713892709767
A_000,high,0,0,6,after block 5,5,5.903332751930776,5.74925,2.932125,5.733750000000001,0.9944979367262725,True,runs/pendulum/unified_mechanism_v2/paired_layer_control/large_seed3407/short_common_scan/A/videos/A_000/location_06.mp4,True,1.0,0,3.932983283437939,0.015978039242627556,3.3522749641659644,201.0,True,True,blue,circle,0.1452417397213287,0.003598672257609215,0.004140068834856342,True,0.984375,0.9944979367262725
A_000,high,0,0,7,after block 6,6,5.903332751930776,5.74925,2.932125,5.737625,0.9958734525447044,True,runs/pendulum/unified_mechanism_v2/paired_layer_control/large_seed3407/short_common_scan/A/videos/A_000/location_07.mp4,True,1.0,0,3.8444651884953487,0.015782835676034918,3.5255386018771455,200.5,True,True,blue,circle,0.14468473143456623,0.003501956892673798,0.004017887683216662,True,0.984375,0.9958734525447044
A_000,high,0,0,8,after block 7,7,5.903332751930776,5.74925,2.932125,5.733750000000001,0.9944979367262725,True,runs/pendulum/unified_mechanism_v2/paired_layer_control/large_seed3407/short_common_scan/A/videos/A_000/location_08.mp4,True,1.0,0,4.0981911950060415,0.015402430053652466,3.495015337724013,200.0,True,True,blue,circle,0.14331394101022743,0.0038910689547346344,0.00434004564644404,True,0.984375,0.9944979367262725
A_000,high,0,0,9,after block 8,8,5.903332751930776,5.74925,2.932125,5.733750000000001,0.9944979367262725,True,runs/pendulum/unified_mechanism_v2/paired_layer_control/large_seed3407/short_common_scan/A/videos/A_000/location_09.mp4,True,1.0,0,3.921908862765849,0.01565149728861079,3.4853641842790872,200.0,True,True,blue,circle,0.14324012710515147,0.003965820853750254,0.004366118961443811,True,0.984375,0.9931224209078404
A_000,high,0,0,10,after block 9,9,5.903332751930776,5.74925,2.932125,5.706625,0.984869325997249,True,runs/pendulum/unified_mechanism_v2/paired_layer_control/large_seed3407/short_common_scan/A/videos/A_000/location_10.mp4,True,1.0,0,3.5531706619490944,0.016729369016312168,3.506105034281982,199.0,True,True,blue,circle,0.13821934134055278,0.0037428578616225867,0.0054581299748870755,True,0.984375,0.984869325997249
A_000,high,0,0,11,after block 10,10,5.903332751930776,5.74925,2.932125,5.687250000000001,0.9779917469050896,True,runs/pendulum/unified_mechanism_v2/paired_layer_control/large_seed3407/short_common_scan/A/videos/A_000/location_11.mp4,True,1.0,0,3.6528711603662467,0.016939788129805816,3.4701900672419552,198.0,True,True,blue,circle,0.13787872280620664,0.003566359522672636,0.005285783936362911,True,0.984375,0.9793672627235215
A_000,high,0,0,12,after block 11,11,5.903332751930776,5.74925,2.932125,5.6446250000000004,0.9628610729023386,True,runs/pendulum/unified_mechanism_v2/paired_layer_control/large_seed3407/short_common_scan/A/videos/A_000/location_12.mp4,True,1.0,0,4.110091677743169,0.016853389723407386,2.494407559074644,197.5,True,True,blue,circle,0.13552979744785518,0.0034694897656273862,0.007015813533285442,True,0.984375,0.9642365887207704
A_000,high,0,0,13,after block 12,12,5.903332751930776,5.74925,2.932125,5.605875,0.9491059147180193,True,runs/pendulum/unified_mechanism_v2/paired_layer_control/large_seed3407/short_common_scan/A/videos/A_000/location_13.mp4,True,1.0,0,3.794169342011621,0.01617815608339382,2.793186167430325,193.5,True,True,blue,circle,0.12381905440432038,0.0034023416143836673,0.007713353525255442,True,0.984375,0.9601100412654745
A_000,high,0,0,14,after block 13,13,5.903332751930776,5.74925,2.932125,5.57875,0.939477303988996,False,runs/pendulum/unified_mechanism_v2/paired_layer_control/large_seed3407/short_common_scan/A/videos/A_000/location_14.mp4,True,1.0,0,1.3863793109579874,0.0009923190767130718,0.805740130468196,160.0,True,True,red,circle,0.07648505023304585,0.011663277542186474,0.03118883164771059,False,0.015625,nan
A_000,high,0,0,15,after block 14,14,5.903332751930776,5.74925,2.932125,2.792625,-0.049518569463548816,False,runs/pendulum/unified_mechanism_v2/paired_layer_control/large_seed3407/short_common_scan/A/videos/A_000/location_15.mp4,True,1.0,0,1.4931898210480865,0.0011074157829283893,1.3793956798978158,174.5,True,True,red,circle,0.13945401720333153,-0.007111136238946418,0.017821007909405478,True,1.0,-0.049518569463548816
A_000,high,0,0,16,after block 15,15,5.903332751930776,5.74925,2.932125,2.7887500000000003,-0.050894085281980674,False,runs/pendulum/unified_mechanism_v2/paired_layer_control/large_seed3407/short_common_scan/A/videos/A_000/location_16.mp4,True,1.0,0,1.4910446925512177,0.0011849198974007435,1.2153810577446957,176.0,True,True,red,circle,0.14304990686034955,-0.006588301587786237,0.013370316513816509,True,1.0,-0.050894085281980674
A_000,high,0,0,17,after block 16,16,5.903332751930776,5.74925,2.932125,2.792625,-0.049518569463548816,False,runs/pendulum/unified_mechanism_v2/paired_layer_control/large_seed3407/short_common_scan/A/videos/A_000/location_17.mp4,True,1.0,0,1.316193958486548,0.0011517354019260073,1.1939446747086098,178.0,True,True,red,circle,0.14415214299598422,-0.006218775543705707,0.012548075213923038,True,1.0,-0.050894085281980674
A_000,high,0,0,18,after block 17,17,5.903332751930776,5.74925,2.932125,2.7965,-0.04814305364511696,False,runs/pendulum/unified_mechanism_v2/paired_layer_control/large_seed3407/short_common_scan/A/videos/A_000/location_18.mp4,True,1.0,0,1.3705681119691888,0.0011981747968133616,1.0707392217504876,179.0,True,True,red,circle,0.14064283317204498,-0.006641973055295891,0.011799283334783334,True,1.0,-0.0467675378266851
A_000,high,0,0,19,after block 18,18,5.903332751930776,5.74925,2.932125,2.8236250000000003,-0.038514442916093475,False,runs/pendulum/unified_mechanism_v2/paired_layer_control/large_seed3407/short_common_scan/A/videos/A_000/location_19.mp4,True,1.0,0,1.2997773837965552,0.0012166387574023274,0.9490938922762309,179.0,True,True,red,circle,0.140505060024495,-0.006284535388033324,0.012771735335028865,True,1.0,-0.03713892709766161
A_000,high,0,0,20,after block 19,19,5.903332751930776,5.74925,2.932125,2.8701250000000003,-0.022008253094910533,False,runs/pendulum/unified_mechanism_v2/paired_layer_control/large_seed3407/short_common_scan/A/videos/A_000/location_20.mp4,True,1.0,0,1.419659880183961,0.0012430024408058848,0.5628526311463005,180.5,True,True,red,circle,0.13745749063386398,-0.006313547683320324,0.01264523010325255,True,1.0,-0.022008253094910533
A_000,high,0,0,21,after block 20,20,5.903332751930776,5.74925,2.932125,2.8546250000000004,-0.027510316368638127,False,runs/pendulum/unified_mechanism_v2/paired_layer_control/large_seed3407/short_common_scan/A/videos/A_000/location_21.mp4,True,1.0,0,1.3339460499132714,0.0015169387864389094,0.5628526311463005,180.0,True,True,red,circle,0.1310216547194808,-0.005156879372367974,0.009955856708152576,True,1.0,-0.027510316368638127
A_000,high,0,0,22,after block 21,21,5.903332751930776,5.74925,2.932125,2.874,-0.020632737276478675,False,runs/pendulum/unified_mechanism_v2/paired_layer_control/large_seed3407/short_common_scan/A/videos/A_000/location_22.mp4,True,1.0,0,1.1100844027452315,0.00118626811184111,0.2573053621253756,185.5,True,True,red,circle,0.13957778813998792,-0.0023668220047530354,0.009604735377964031,True,1.0,-0.022008253094910533
A_000,high,0,0,23,after block 22,22,5.903332751930776,5.74925,2.932125,2.8585000000000003,-0.02613480055020627,False,runs/pendulum/unified_mechanism_v2/paired_layer_control/large_seed3407/short_common_scan/A/videos/A_000/location_23.mp4,True,1.0,0,1.2148681661621177,0.0010177214519871136,0.24118014538077714,186.0,True,True,red,circle,0.13849773952976063,-0.0015656661585409157,0.008919200304062517,True,1.0,-0.02613480055020627
A_000,high,0,0,24,after block 23,23,5.903332751930776,5.74925,2.932125,2.8778750000000004,-0.019257221458046658,False,runs/pendulum/unified_mechanism_v2/paired_layer_control/large_seed3407/short_common_scan/A/videos/A_000/location_24.mp4,True,1.0,0,1.1742667657396937,0.0011504540510119954,0.2515659217953245,187.0,True,True,red,circle,0.13686089817740635,-0.0007903424282311029,0.00880908736932399,True,1.0,-0.020632737276478675
A_000,high,0,0,25,after block 24,24,5.903332751930776,5.74925,2.932125,2.8701250000000003,-0.022008253094910533,False,runs/pendulum/unified_mechanism_v2/paired_layer_control/large_seed3407/short_common_scan/A/videos/A_000/location_25.mp4,True,1.0,0,1.203150976261907,0.001019649035435749,0.17517443381352774,188.0,True,True,red,circle,0.13862258545690245,-0.0007605151684388634,0.008657920527050346,True,1.0,-0.02338376891334255
A_000,high,0,0,26,after block 25,25,5.903332751930776,5.74925,2.932125,2.8817500000000003,-0.0178817056396148,False,runs/pendulum/unified_mechanism_v2/paired_layer_control/large_seed3407/short_common_scan/A/videos/A_000/location_26.mp4,True,1.0,0,1.3215858659442814,0.0012494027477561176,0.3029006737133071,190.0,True,True,red,circle,0.1391474127264173,-0.0010841025585045202,0.00859591981756169,True,1.0,-0.01650618982118294
A_000,high,0,0,27,after block 26,26,5.903332751930776,5.74925,2.932125,2.9166250000000002,-0.005502063273727594,False,runs/pendulum/unified_mechanism_v2/paired_layer_control/large_seed3407/short_common_scan/A/videos/A_000/location_27.mp4,True,1.0,0,1.1391070625056465,0.0008853043482330569,0.40053215919293894,189.0,True,True,red,circle,0.13971137508259024,-0.0015942999634204035,0.008297001254807448,True,1.0,-0.006877579092159611
A_000,high,0,0,28,after block 27,27,5.903332751930776,5.74925,2.932125,2.9243750000000004,-0.002751031636863718,False,runs/pendulum/unified_mechanism_v2/paired_layer_control/large_seed3407/short_common_scan/A/videos/A_000/location_28.mp4,True,1.0,0,1.1577567266704911,0.0011109509286271468,0.3918663659709683,189.5,True,True,red,circle,0.13935980367950354,-0.0015734489144362805,0.007990281358502535,True,1.0,-0.002751031636863718
A_000,high,0,0,29,after block 28,28,5.903332751930776,5.74925,2.932125,2.936,0.001375515818431859,False,runs/pendulum/unified_mechanism_v2/paired_layer_control/large_seed3407/short_common_scan/A/videos/A_000/location_29.mp4,True,1.0,0,1.0945817947811483,0.0010518258731503638,0.3918663659709683,189.5,True,True,red,circle,0.13899254773714242,-0.0015932766467502983,0.007973869167484497,True,1.0,-0.001375515818431859
A_000,high,0,0,30,after block 29,29,5.903332751930776,5.74925,2.932125,2.932125,0.0,False,runs/pendulum/unified_mechanism_v2/paired_layer_control/large_seed3407/short_common_scan/A/videos/A_000/location_30.mp4,True,1.0,0,1.187753632719395,0.0011166269075303381,0.4291903849560157,190.0,True,True,red,circle,0.13910935567833946,-0.002035251028411725,0.008033137891417508,True,1.0,0.0
A_002,high,2,0,0,embedding output,,5.967585685556493,5.939125,2.9825,5.9430000000000005,1.0013106159895153,True,runs/pendulum/unified_mechanism_v2/paired_layer_control/large_seed3407/short_common_scan/A/videos/A_002/location_00.mp4,True,1.0,0,3.385726410781401,0.014998183121211844,1.6435870965283355,211.0,True,True,blue,circle,0.10576599956414508,0.00019962626578847424,0.00407234705674438,True,0.984375,0.998689384010485
A_002,high,2,0,1,after block 0,0,5.967585685556493,5.939125,2.9825,5.939125,1.0,True,runs/pendulum/unified_mechanism_v2/paired_layer_control/large_seed3407/short_common_scan/A/videos/A_002/location_01.mp4,True,1.0,0,3.437771202621897,0.015182206137188514,1.7231231866430696,211.0,True,True,blue,circle,0.10566857053920696,0.0002718971962733255,0.004067322655999828,True,0.984375,0.998689384010485
A_002,high,2,0,2,after block 1,1,5.967585685556493,5.939125,2.9825,5.946875,1.0026212319790304,True,runs/pendulum/unified_mechanism_v2/paired_layer_control/large_seed3407/short_common_scan/A/videos/A_002/location_02.mp4,True,1.0,0,3.4168621870769686,0.014968427074932428,1.7231231866430696,211.0,True,True,blue,circle,0.10554743172364207,0.00015960576085469243,0.0041326460439985785,True,0.984375,1.0
A_002,high,2,0,3,after block 2,2,5.967585685556493,5.939125,2.9825,5.95075,1.0039318479685453,True,runs/pendulum/unified_mechanism_v2/paired_layer_control/large_seed3407/short_common_scan/A/videos/A_002/location_03.mp4,True,1.0,0,3.300694275621371,0.015181798583923073,1.5581724935580208,211.5,True,True,blue,circle,0.10545290008368352,9.976158133055231e-05,0.004056855782110918,True,0.984375,1.0026212319790304
A_002,high,2,0,4,after block 3,3,5.967585685556493,5.939125,2.9825,5.946875,1.0026212319790304,True,runs/pendulum/unified_mechanism_v2/paired_layer_control/large_seed3407/short_common_scan/A/videos/A_002/location_04.mp4,True,1.0,0,3.5034554470721853,0.015400728948510967,1.5581724935580208,210.5,True,True,blue,circle,0.10547270059773346,8.57992497178979e-05,0.004245341212712514,True,0.984375,1.0
A_002,high,2,0,5,after block 4,4,5.967585685556493,5.939125,2.9825,5.9430000000000005,1.0013106159895153,True,runs/pendulum/unified_mechanism_v2/paired_layer_control/large_seed3407/short_common_scan/A/videos/A_002/location_05.mp4,True,1.0,0,3.483297638332792,0.01570902955057238,1.565267266526633,210.5,True,True,blue,circle,0.1054124843305062,0.00019289537504027008,0.004123382959459143,True,0.984375,1.0
A_002,high,2,0,6,after block 5,5,5.967585685556493,5.939125,2.9825,5.84225,0.9672346002621233,True,runs/pendulum/unified_mechanism_v2/paired_layer_control/large_seed3407/short_common_scan/A/videos/A_002/location_06.mp4,True,1.0,0,3.8118119130657595,0.015955090361515184,1.5239565492355156,204.5,True,True,blue,circle,0.10657251784571588,0.0007980179819818665,0.004204654845358501,True,0.984375,0.9659239842726083
A_002,high,2,0,7,after block 6,6,5.967585685556493,5.939125,2.9825,5.838375,0.9659239842726083,True,runs/pendulum/unified_mechanism_v2/paired_layer_control/large_seed3407/short_common_scan/A/videos/A_002/location_07.mp4,True,1.0,0,3.718834512690044,0.016024513455457023,1.6841814530902317,203.0,True,True,blue,circle,0.10669339768264426,0.00069165816519165,0.004117677533634518,True,0.984375,0.9646133682830932
A_002,high,2,0,8,after block 7,7,5.967585685556493,5.939125,2.9825,5.822875,0.9606815203145479,True,runs/pendulum/unified_mechanism_v2/paired_layer_control/large_seed3407/short_common_scan/A/videos/A_002/location_08.mp4,True,1.0,0,3.9934350180334413,0.016473799092364266,1.5519723319484473,203.5,True,True,blue,circle,0.10616856437150023,0.0009663634090549419,0.004070595972920812,True,0.984375,0.9633027522935782
A_002,high,2,0,9,after block 8,8,5.967585685556493,5.939125,2.9825,5.822875,0.9606815203145479,True,runs/pendulum/unified_mechanism_v2/paired_layer_control/large_seed3407/short_common_scan/A/videos/A_002/location_09.mp4,True,1.0,0,3.9533665480231073,0.016754836834990877,1.722096704512077,204.0,True,True,blue,circle,0.10632032909078169,0.0011133607471765024,0.004191276496389597,True,0.984375,0.9633027522935782
A_002,high,2,0,10,after block 9,9,5.967585685556493,5.939125,2.9825,5.788,0.9488859764089124,True,runs/pendulum/unified_mechanism_v2/paired_layer_control/large_seed3407/short_common_scan/A/videos/A_002/location_10.mp4,True,1.0,0,3.1928620483066745,0.01666191446315704,1.535060245808613,201.0,True,True,blue,circle,0.10464546899169686,0.0011532365633031188,0.004822868133379773,True,0.984375,0.9475753604193974
A_002,high,2,0,11,after block 10,10,5.967585685556493,5.939125,2.9825,5.776375,0.944954128440367,True,runs/pendulum/unified_mechanism_v2/paired_layer_control/large_seed3407/short_common_scan/A/videos/A_002/location_11.mp4,True,1.0,0,3.608172274984033,0.016157329386781577,1.8746923511666957,198.5,True,True,blue,circle,0.10432343461451608,0.0010247680644090405,0.005058139681672712,True,0.984375,0.944954128440367
A_002,high,2,0,12,after block 11,11,5.967585685556493,5.939125,2.9825,5.7415,0.9331585845347314,True,runs/pendulum/unified_mechanism_v2/paired_layer_control/large_seed3407/short_common_scan/A/videos/A_002/location_12.mp4,True,1.0,0,3.1536637453980862,0.017809128387696493,1.772856997774624,198.0,True,True,blue,circle,0.10299628641148104,0.0008586156999817402,0.0048785295367617465,True,0.984375,0.9292267365661862
A_002,high,2,0,13,after block 12,12,5.967585685556493,5.939125,2.9825,5.652375,0.9030144167758848,True,runs/pendulum/unified_mechanism_v2/paired_layer_control/large_seed3407/short_common_scan/A/videos/A_002/location_13.mp4,True,1.0,0,3.81763753510383,0.017702141065577992,2.26449326332583,193.5,True,True,blue,circle,0.09322517842125842,-0.00017868100084548675,0.006212852408758748,False,0.9375,0.9056356487549149
A_002,high,2,0,14,after block 13,13,5.967585685556493,5.939125,2.9825,5.43925,0.8309305373525558,False,runs/pendulum/unified_mechanism_v2/paired_layer_control/large_seed3407/short_common_scan/A/videos/A_002/location_14.mp4,True,1.0,0,8.863807848827182,0.042702706596712964,21.259371810095903,84.0,True,True,blue,circle,0.0681560040565877,-0.02178628501488927,0.028011188367564752,False,0.03125,nan
A_002,high,2,0,15,after block 14,14,5.967585685556493,5.939125,2.9825,3.265375,0.09567496723460034,False,runs/pendulum/unified_mechanism_v2/paired_layer_control/large_seed3407/short_common_scan/A/videos/A_002/location_15.mp4,True,1.0,0,0.8252095449252426,0.0009778787215867502,0.25149567434571524,171.0,True,True,red,circle,0.06418054255472497,4.3406869483537216e-05,0.017015624006188303,True,1.0,0.09305373525557015
A_002,high,2,0,16,after block 15,15,5.967585685556493,5.939125,2.9825,3.149125,0.05635648754914819,False,runs/pendulum/unified_mechanism_v2/paired_layer_control/large_seed3407/short_common_scan/A/videos/A_002/location_16.mp4,True,1.0,0,0.9938376990139178,0.0012034690362544287,0.2748664408685624,176.0,True,True,red,circle,0.08435815720416526,0.0014415838405647695,0.011593978323403321,True,1.0,0.05242463958060297
A_002,high,2,0,17,after block 16,16,5.967585685556493,5.939125,2.9825,2.9166250000000002,-0.02228047182175612,False,runs/pendulum/unified_mechanism_v2/paired_layer_control/large_seed3407/short_common_scan/A/videos/A_002/location_17.mp4,True,1.0,0,1.0460595046839152,0.0010538965144445134,0.6217468947073587,178.5,True,True,red,circle,0.10588652251361191,-0.003921166423558519,0.006917734037557273,True,1.0,-0.024901703800786313
A_002,high,2,0,18,after block 17,17,5.967585685556493,5.939125,2.9825,2.9631250000000002,-0.0065530799475752586,False,runs/pendulum/unified_mechanism_v2/paired_layer_control/large_seed3407/short_common_scan/A/videos/A_002/location_18.mp4,True,1.0,0,1.1709880197701712,0.001149555211223674,0.6214782018554786,179.0,True,True,red,circle,0.11667574761276604,-0.0033447514448858512,0.006633400932604196,True,1.0,-0.0065530799475752586
A_002,high,2,0,19,after block 18,18,5.967585685556493,5.939125,2.9825,2.9941250000000004,0.003931847968545365,False,runs/pendulum/unified_mechanism_v2/paired_layer_control/large_seed3407/short_common_scan/A/videos/A_002/location_19.mp4,True,1.0,0,1.186058837395655,0.001024554260129401,0.6645363966390576,179.5,True,True,red,circle,0.12347286341039722,-0.001431281777531746,0.006020508650207672,True,1.0,0.0026212319790301936
A_002,high,2,0,20,after block 19,19,5.967585685556493,5.939125,2.9825,3.0135,0.010484927916120624,False,runs/pendulum/unified_mechanism_v2/paired_layer_control/large_seed3407/short_common_scan/A/videos/A_002/location_20.mp4,True,1.0,0,1.2847218701723042,0.0010223981836906537,0.7546349150959129,181.5,True,True,red,circle,0.13050716338855414,-0.0012546535628468166,0.005241254409832743,True,1.0,0.010484927916120624
A_002,high,2,0,21,after block 20,20,5.967585685556493,5.939125,2.9825,2.998,0.005242463958060387,False,runs/pendulum/unified_mechanism_v2/paired_layer_control/large_seed3407/short_common_scan/A/videos/A_002/location_21.mp4,True,1.0,0,1.170026230413258,0.0011160747468127175,0.7352119252644964,182.0,True,True,red,circle,0.1273315488642325,-0.001333122557277023,0.005252106544943061,True,1.0,0.005242463958060387
A_002,high,2,0,22,after block 21,21,5.967585685556493,5.939125,2.9825,2.955375,-0.009174311926605453,False,runs/pendulum/unified_mechanism_v2/paired_layer_control/large_seed3407/short_common_scan/A/videos/A_002/location_22.mp4,True,1.0,0,1.3404452249705807,0.0008067037155707335,0.9523457099083013,187.0,True,True,red,circle,0.14512145164526277,-0.0005973298437322641,0.004006683903209076,True,1.0,-0.009174311926605453
A_002,high,2,0,23,after block 22,22,5.967585685556493,5.939125,2.9825,2.9747500000000002,-0.0026212319790300436,False,runs/pendulum/unified_mechanism_v2/paired_layer_control/large_seed3407/short_common_scan/A/videos/A_002/location_23.mp4,True,1.0,0,1.1339521107594726,0.000982438124473406,1.0087721109215921,187.0,True,True,red,circle,0.14621036751001537,-7.001768218205098e-05,0.0037806985091286475,True,1.0,-0.0026212319790300436
A_002,high,2,0,24,after block 23,23,5.967585685556493,5.939125,2.9825,2.978625,-0.0013106159895150218,False,runs/pendulum/unified_mechanism_v2/paired_layer_control/large_seed3407/short_common_scan/A/videos/A_002/location_24.mp4,True,1.0,0,1.2204516003797368,0.0008232867556307588,0.9794133261275015,188.0,True,True,red,circle,0.14743091527656543,-1.9510979702563085e-05,0.0037540361857189733,True,1.0,-0.0013106159895150218
A_002,high,2,0,25,after block 24,24,5.967585685556493,5.939125,2.9825,2.9476250000000004,-0.011795543905635496,False,runs/pendulum/unified_mechanism_v2/paired_layer_control/large_seed3407/short_common_scan/A/videos/A_002/location_25.mp4,True,1.0,0,1.1394154390399738,0.0007684961975903404,1.084190498502688,188.5,True,True,red,circle,0.14748162428910405,0.0005353606047987341,0.0038066809171007285,True,1.0,-0.011795543905635496
A_002,high,2,0,26,after block 25,25,5.967585685556493,5.939125,2.9825,2.95925,-0.00786369593709043,False,runs/pendulum/unified_mechanism_v2/paired_layer_control/large_seed3407/short_common_scan/A/videos/A_002/location_26.mp4,True,1.0,0,1.254932484243208,0.0008784288960687059,1.078934710475659,190.0,True,True,red,circle,0.14905158835215235,0.0009720228525821231,0.0038660842086333984,True,1.0,-0.0065530799475752586
A_002,high,2,0,27,after block 26,26,5.967585685556493,5.939125,2.9825,2.9747500000000002,-0.0026212319790300436,False,runs/pendulum/unified_mechanism_v2/paired_layer_control/large_seed3407/short_common_scan/A/videos/A_002/location_27.mp4,True,1.0,0,1.2572746267077226,0.0007722246762864871,0.8724449022704109,191.0,True,True,red,circle,0.15010619914291934,0.001663334846583244,0.00370269407120834,True,1.0,-0.0013106159895150218
A_002,high,2,0,28,after block 27,27,5.967585685556493,5.939125,2.9825,2.978625,-0.0013106159895150218,False,runs/pendulum/unified_mechanism_v2/paired_layer_control/large_seed3407/short_common_scan/A/videos/A_002/location_28.mp4,True,1.0,0,1.2906279280233488,0.0008003996817070036,0.9108977598659443,191.0,True,True,red,circle,0.15128011118524093,0.001940083776964765,0.0035302593223147456,True,1.0,-0.0013106159895150218
A_002,high,2,0,29,after block 28,28,5.967585685556493,5.939125,2.9825,2.9825,0.0,False,runs/pendulum/unified_mechanism_v2/paired_layer_control/large_seed3407/short_common_scan/A/videos/A_002/location_29.mp4,True,1.0,0,1.251579789133867,0.0008325545385241828,0.8558089251764736,191.0,True,True,red,circle,0.15120869517280902,0.0018143278500925481,0.0034855977236796652,True,1.0,0.0
A_002,high,2,0,30,after block 29,29,5.967585685556493,5.939125,2.9825,2.978625,-0.0013106159895150218,False,runs/pendulum/unified_mechanism_v2/paired_layer_control/large_seed3407/short_common_scan/A/videos/A_002/location_30.mp4,True,1.0,0,1.2366306134692828,0.0008131263253340903,0.9094133090966213,191.0,True,True,red,circle,0.1525690181419356,0.0015361373466734047,0.003647806077889679,True,1.0,0.0
A_011,high,11,0,0,embedding output,,5.932983984221261,5.788,2.8236250000000003,5.788,1.0,True,runs/pendulum/unified_mechanism_v2/paired_layer_control/large_seed3407/short_common_scan/A/videos/A_011/location_00.mp4,True,1.0,0,2.997210809024712,0.01695148654263756,3.749066120023024,208.0,True,True,blue,circle,0.11301899219052967,0.002580119094411634,0.004963118566069823,True,1.0,0.9960784313725489
A_011,high,11,0,1,after block 0,0,5.932983984221261,5.788,2.8236250000000003,5.788,1.0,True,runs/pendulum/unified_mechanism_v2/paired_layer_control/large_seed3407/short_common_scan/A/videos/A_011/location_01.mp4,True,1.0,0,2.924705824104022,0.01662110357550725,3.749066120023024,208.0,True,True,blue,circle,0.11308688268533842,0.0027327976484584826,0.004977068645821802,True,1.0,0.9960784313725489
A_011,high,11,0,2,after block 1,1,5.932983984221261,5.788,2.8236250000000003,5.784125,0.9986928104575163,True,runs/pendulum/unified_mechanism_v2/paired_layer_control/large_seed3407/short_common_scan/A/videos/A_011/location_02.mp4,True,1.0,0,2.914843092004668,0.016738713849454356,3.9720751555131666,208.0,True,True,blue,circle,0.1129727875857197,0.0027412074550405337,0.005090316933932656,True,1.0,0.9934640522875816
A_011,high,11,0,3,after block 2,2,5.932983984221261,5.788,2.8236250000000003,5.788,1.0,True,runs/pendulum/unified_mechanism_v2/paired_layer_control/large_seed3407/short_common_scan/A/videos/A_011/location_03.mp4,True,1.0,0,3.0069479619129384,0.01629389020377356,3.8665502532505966,207.5,True,True,blue,circle,0.11302509261050141,0.0025642767075513507,0.005025177435719625,True,1.0,0.9947712418300653
A_011,high,11,0,4,after block 3,3,5.932983984221261,5.788,2.8236250000000003,5.788,1.0,True,runs/pendulum/unified_mechanism_v2/paired_layer_control/large_seed3407/short_common_scan/A/videos/A_011/location_04.mp4,True,1.0,0,2.895957888909184,0.016467134165877778,3.9972140185012015,207.0,True,True,blue,circle,0.11283505300045538,0.0025968887152972345,0.005045825870066241,True,1.0,0.9947712418300653
A_011,high,11,0,5,after block 4,4,5.932983984221261,5.788,2.8236250000000003,5.788,1.0,True,runs/pendulum/unified_mechanism_v2/paired_layer_control/large_seed3407/short_common_scan/A/videos/A_011/location_05.mp4,True,1.0,0,3.1630916513830005,0.016524036848143603,4.156966519732899,207.5,True,True,blue,circle,0.11271211177366745,0.0026458743642585143,0.004984302582310042,True,1.0,0.9960784313725489
A_011,high,11,0,6,after block 5,5,5.932983984221261,5.788,2.8236250000000003,5.664000000000001,0.958169934640523,True,runs/pendulum/unified_mechanism_v2/paired_layer_control/large_seed3407/short_common_scan/A/videos/A_011/location_06.mp4,True,1.0,0,3.2572770632704526,0.016965883860484476,4.330608728138822,201.0,True,True,blue,circle,0.11496267458388633,0.0025978188942745186,0.00459451347446112,True,0.984375,0.958169934640523
A_011,high,11,0,7,after block 6,6,5.932983984221261,5.788,2.8236250000000003,5.667875,0.9594771241830066,True,runs/pendulum/unified_mechanism_v2/paired_layer_control/large_seed3407/short_common_scan/A/videos/A_011/location_07.mp4,True,1.0,0,3.3791006409465516,0.01679456364326032,4.345815712231577,200.0,True,True,blue,circle,0.11465944881102445,0.0025312457656315426,0.00472396188157346,True,0.984375,0.9607843137254902
A_011,high,11,0,8,after block 7,7,5.932983984221261,5.788,2.8236250000000003,5.664000000000001,0.958169934640523,True,runs/pendulum/unified_mechanism_v2/paired_layer_control/large_seed3407/short_common_scan/A/videos/A_011/location_08.mp4,True,1.0,0,3.5139205743090294,0.01697230731782154,4.225660900603203,200.5,True,True,blue,circle,0.11396605564309349,0.0027721368792040803,0.004935184382314935,True,0.984375,0.958169934640523
A_011,high,11,0,9,after block 8,8,5.932983984221261,5.788,2.8236250000000003,5.660125,0.956862745098039,True,runs/pendulum/unified_mechanism_v2/paired_layer_control/large_seed3407/short_common_scan/A/videos/A_011/location_09.mp4,True,1.0,0,3.407831408801923,0.015945262875046606,4.302053257814266,200.0,True,True,blue,circle,0.1140864739614846,0.0026880196873677723,0.004994322455535547,True,0.984375,0.956862745098039
A_011,high,11,0,10,after block 9,9,5.932983984221261,5.788,2.8236250000000003,5.664000000000001,0.958169934640523,True,runs/pendulum/unified_mechanism_v2/paired_layer_control/large_seed3407/short_common_scan/A/videos/A_011/location_10.mp4,True,1.0,0,3.580404734056178,0.01651928144637091,4.321601277127604,199.0,True,True,blue,circle,0.11207409962865768,0.0028291612386593867,0.0053579660963834425,True,0.984375,0.958169934640523
A_011,high,11,0,11,after block 10,10,5.932983984221261,5.788,2.8236250000000003,5.652375,0.9542483660130718,True,runs/pendulum/unified_mechanism_v2/paired_layer_control/large_seed3407/short_common_scan/A/videos/A_011/location_11.mp4,True,1.0,0,3.9374027982943605,0.0173224822560345,4.158726969167828,196.0,True,True,blue,circle,0.11216111370590931,0.0029514449364902435,0.005462768568046363,True,0.984375,0.9555555555555555
A_011,high,11,0,12,after block 11,11,5.932983984221261,5.788,2.8236250000000003,5.5981250000000005,0.9359477124183008,True,runs/pendulum/unified_mechanism_v2/paired_layer_control/large_seed3407/short_common_scan/A/videos/A_011/location_12.mp4,True,1.0,0,2.957346392432792,0.017695260380802297,4.373958032400981,194.0,True,True,blue,circle,0.11075469724263387,0.0028848680567970545,0.006333108009017032,True,0.984375,0.9424836601307188
A_011,high,11,0,13,after block 12,12,5.932983984221261,5.788,2.8236250000000003,5.571,0.9267973856209148,True,runs/pendulum/unified_mechanism_v2/paired_layer_control/large_seed3407/short_common_scan/A/videos/A_011/location_13.mp4,True,1.0,0,3.355623428006286,0.0188172030323408,5.262487035351621,189.5,True,True,blue,circle,0.0991019944532065,0.0020968859583559924,0.005781376890064427,False,0.890625,0.9084967320261437
A_011,high,11,0,14,after block 13,13,5.932983984221261,5.788,2.8236250000000003,5.292,0.8326797385620913,False,runs/pendulum/unified_mechanism_v2/paired_layer_control/large_seed3407/short_common_scan/A/videos/A_011/location_14.mp4,False,1.0,0,13.460928625448537,0.09290063138344282,23.88363891832916,36.0,False,True,blue,circle,0.06737306252604117,-0.032498640987385044,0.029769478642974787,False,0.046875,nan
A_011,high,11,0,15,after block 14,14,5.932983984221261,5.788,2.8236250000000003,2.8081250000000004,-0.005228758169934589,False,runs/pendulum/unified_mechanism_v2/paired_layer_control/large_seed3407/short_common_scan/A/videos/A_011/location_15.mp4,True,1.0,0,0.7730206825239226,0.0006812470295254891,0.722250628293631,169.0,True,True,red,circle,0.0698853070997068,-0.005681652373995186,0.015995926433395674,True,1.0,-0.009150326797385719
A_011,high,11,0,16,after block 15,15,5.932983984221261,5.788,2.8236250000000003,2.7151250000000005,-0.03660130718954242,False,runs/pendulum/unified_mechanism_v2/paired_layer_control/large_seed3407/short_common_scan/A/videos/A_011/location_16.mp4,True,1.0,0,0.8859178624392703,0.0012475795054707195,0.722250628293631,173.0,True,True,red,circle,0.09262465016135779,-0.004788845059927065,0.01121526138771005,True,1.0,-0.032679738562091595
A_011,high,11,0,17,after block 16,16,5.932983984221261,5.788,2.8236250000000003,2.61825,-0.06928104575163402,False,runs/pendulum/unified_mechanism_v2/paired_layer_control/large_seed3407/short_common_scan/A/videos/A_011/location_17.mp4,True,1.0,0,0.9410085698803283,0.001151884097843059,0.722250628293631,175.0,True,True,red,circle,0.09872003452996866,-0.0029597959327320586,0.00952105858601138,True,1.0,-0.06797385620915025
A_011,high,11,0,18,after block 17,17,5.932983984221261,5.788,2.8236250000000003,2.8081250000000004,-0.005228758169934589,False,runs/pendulum/unified_mechanism_v2/paired_layer_control/large_seed3407/short_common_scan/A/videos/A_011/location_18.mp4,True,1.0,0,1.0337801905620476,0.0012169785740746564,0.7919756410989424,177.0,True,True,red,circle,0.1049190451268629,-0.005438635394333946,0.008738619516420527,True,1.0,-0.0039215686274509795
A_011,high,11,0,19,after block 18,18,5.932983984221261,5.788,2.8236250000000003,2.9747500000000002,0.05098039215686273,False,runs/pendulum/unified_mechanism_v2/paired_layer_control/large_seed3407/short_common_scan/A/videos/A_011/location_19.mp4,True,1.0,0,1.1727297546053237,0.0012587082488990653,0.8191054778739264,176.0,True,True,red,circle,0.10954222865887332,-0.004271645580327423,0.006899227469929919,True,1.0,0.04967320261437912
A_011,high,11,0,20,after block 19,19,5.932983984221261,5.788,2.8236250000000003,2.9631250000000002,0.04705882352941175,False,runs/pendulum/unified_mechanism_v2/paired_layer_control/large_seed3407/short_common_scan/A/videos/A_011/location_20.mp4,True,1.0,0,1.1017419386135212,0.0010316948724591324,0.8988660859295746,179.0,True,True,red,circle,0.118499950182605,-0.002623881584286397,0.006158225398381523,True,1.0,0.04575163398692799
A_011,high,11,0,21,after block 20,20,5.932983984221261,5.788,2.8236250000000003,2.94375,0.0405228758169934,False,runs/pendulum/unified_mechanism_v2/paired_layer_control/large_seed3407/short_common_scan/A/videos/A_011/location_21.mp4,True,1.0,0,1.0491712418956947,0.001145465024237291,0.8191054778739264,180.0,True,True,red,circle,0.11611342000096761,-0.0013519505397171592,0.005754032467000646,True,1.0,0.04183006535947716
A_011,high,11,0,22,after block 21,21,5.932983984221261,5.788,2.8236250000000003,2.843,0.0065359477124181985,False,runs/pendulum/unified_mechanism_v2/paired_layer_control/large_seed3407/short_common_scan/A/videos/A_011/location_22.mp4,True,1.0,0,1.1344265402858618,0.0011487105825729593,0.6074258516017965,186.0,True,True,red,circle,0.13895762611346227,0.00017711408399887497,0.005750165090923765,True,1.0,0.005228758169934589
A_011,high,11,0,23,after block 22,22,5.932983984221261,5.788,2.8236250000000003,2.8236250000000003,0.0,False,runs/pendulum/unified_mechanism_v2/paired_layer_control/large_seed3407/short_common_scan/A/videos/A_011/location_23.mp4,True,1.0,0,1.1919774168281585,0.001198232908386443,0.6074258516017965,186.0,True,True,red,circle,0.14056393827795705,0.000655236831773101,0.005635693736275733,True,1.0,0.0
A_011,high,11,0,24,after block 23,23,5.932983984221261,5.788,2.8236250000000003,2.843,0.0065359477124181985,False,runs/pendulum/unified_mechanism_v2/paired_layer_control/large_seed3407/short_common_scan/A/videos/A_011/location_24.mp4,True,1.0,0,1.1254701403378178,0.0012489717493895658,0.5852781579639641,186.0,True,True,red,circle,0.13989087295669153,0.0008341786792195902,0.005381484959384339,True,1.0,0.007843137254901959
A_011,high,11,0,25,after block 24,24,5.932983984221261,5.788,2.8236250000000003,2.8236250000000003,0.0,False,runs/pendulum/unified_mechanism_v2/paired_layer_control/large_seed3407/short_common_scan/A/videos/A_011/location_25.mp4,True,1.0,0,1.0566174339632515,0.001098217574873911,0.504441135985545,186.0,True,True,red,circle,0.14172243697307704,0.0013364878240206275,0.005883831472341796,True,1.0,0.0
A_011,high,11,0,26,after block 25,25,5.932983984221261,5.788,2.8236250000000003,2.815875,-0.0026143790849673695,False,runs/pendulum/unified_mechanism_v2/paired_layer_control/large_seed3407/short_common_scan/A/videos/A_011/location_26.mp4,True,1.0,0,1.1640310612063363,0.0011140104606320034,0.40083079831560714,188.0,True,True,red,circle,0.14261389868591606,0.0017056210984262232,0.00592984737158655,True,1.0,-0.0013071895424837596
A_011,high,11,0,27,after block 26,26,5.932983984221261,5.788,2.8236250000000003,2.815875,-0.0026143790849673695,False,runs/pendulum/unified_mechanism_v2/paired_layer_control/large_seed3407/short_common_scan/A/videos/A_011/location_27.mp4,True,1.0,0,1.088410518184546,0.0010056170174861656,0.3656631123990511,188.0,True,True,red,circle,0.14364157582968395,0.0016760416744809983,0.006282266098128555,True,1.0,-0.0026143790849673695
A_011,high,11,0,28,after block 27,27,5.932983984221261,5.788,2.8236250000000003,2.81975,-0.0013071895424837596,False,runs/pendulum/unified_mechanism_v2/paired_layer_control/large_seed3407/short_common_scan/A/videos/A_011/location_28.mp4,True,1.0,0,1.1298722655573508,0.0009506150092752075,0.35854900340944434,188.5,True,True,red,circle,0.1435890741913906,0.0019195736628214715,0.006234288844831166,True,1.0,0.0
A_011,high,11,0,29,after block 28,28,5.932983984221261,5.788,2.8236250000000003,2.8236250000000003,0.0,False,runs/pendulum/unified_mechanism_v2/paired_layer_control/large_seed3407/short_common_scan/A/videos/A_011/location_29.mp4,True,1.0,0,1.2135260819725904,0.0007930572035052263,0.2846528027404556,188.5,True,True,red,circle,0.14362215006845513,0.0017105373012439497,0.005938890052334129,True,1.0,0.0
A_011,high,11,0,30,after block 29,29,5.932983984221261,5.788,2.8236250000000003,2.8236250000000003,0.0,False,runs/pendulum/unified_mechanism_v2/paired_layer_control/large_seed3407/short_common_scan/A/videos/A_011/location_30.mp4,True,1.0,0,1.2020962596353655,0.0009464582845434,0.30952470557931344,189.0,True,True,red,circle,0.14397160779725005,0.0016247787815176062,0.006113424338068468,True,1.0,0.0
A_016,high,16,0,0,embedding output,,5.419461373806479,5.419875,2.7345,5.419875,1.0,True,runs/pendulum/unified_mechanism_v2/paired_layer_control/large_seed3407/short_common_scan/A/videos/A_016/location_00.mp4,True,1.0,0,3.4677623537227813,0.016726767878030208,1.8759898541540974,212.0,True,True,blue,circle,0.10581820252124333,0.0015746637750510527,0.00672703178283534,True,1.0,0.9956709956709955
A_016,high,16,0,1,after block 0,0,5.419461373806479,5.419875,2.7345,5.42375,1.0014430014430014,True,runs/pendulum/unified_mechanism_v2/paired_layer_control/large_seed3407/short_common_scan/A/videos/A_016/location_01.mp4,True,1.0,0,3.491430429102547,0.016552012239949565,1.875671733672529,211.0,True,True,blue,circle,0.10603387191804119,0.0016639807233411353,0.006718093408765247,True,1.0,0.9985569985569986
A_016,high,16,0,2,after block 1,1,5.419461373806479,5.419875,2.7345,5.447,1.01010101010101,True,runs/pendulum/unified_mechanism_v2/paired_layer_control/large_seed3407/short_common_scan/A/videos/A_016/location_02.mp4,True,1.0,0,3.407953348370794,0.015365519678248507,1.6566443096077474,210.0,True,True,blue,circle,0.10559019086854514,0.001696781889763944,0.006468048045576235,True,1.0,1.0057720057720059
A_016,high,16,0,3,after block 2,2,5.419461373806479,5.419875,2.7345,5.447,1.01010101010101,True,runs/pendulum/unified_mechanism_v2/paired_layer_control/large_seed3407/short_common_scan/A/videos/A_016/location_03.mp4,True,1.0,0,3.4315147951146994,0.015394210495453031,1.9839855433244837,210.0,True,True,blue,circle,0.10583277236856747,0.0015803409663562836,0.006323710800825187,True,1.0,1.004329004329004
A_016,high,16,0,4,after block 3,3,5.419461373806479,5.419875,2.7345,5.43925,1.0072150072150072,True,runs/pendulum/unified_mechanism_v2/paired_layer_control/large_seed3407/short_common_scan/A/videos/A_016/location_04.mp4,True,1.0,0,3.4536940940531413,0.015403882729622509,1.8621306152720971,210.0,True,True,blue,circle,0.10580854489378066,0.0017093420633167748,0.006486073421999938,True,1.0,1.0028860028860027
A_016,high,16,0,5,after block 4,4,5.419461373806479,5.419875,2.7345,5.427625,1.0028860028860027,True,runs/pendulum/unified_mechanism_v2/paired_layer_control/large_seed3407/short_common_scan/A/videos/A_016/location_05.mp4,True,1.0,0,3.4454006943440016,0.016216181478210523,1.9718362897286332,211.5,True,True,blue,circle,0.105771231988823,0.0015415736505990068,0.006691223419481869,True,1.0,1.0
A_016,high,16,0,6,after block 5,5,5.419461373806479,5.419875,2.7345,5.698875,1.103896103896104,True,runs/pendulum/unified_mechanism_v2/paired_layer_control/large_seed3407/short_common_scan/A/videos/A_016/location_06.mp4,True,1.0,0,3.689055687952437,0.017644011266794296,2.459649007864345,203.5,True,True,blue,circle,0.10466198730104417,0.0023685010668614004,0.00455127352076241,True,0.984375,1.103896103896104
A_016,high,16,0,7,after block 6,6,5.419461373806479,5.419875,2.7345,5.691125,1.101010101010101,True,runs/pendulum/unified_mechanism_v2/paired_layer_control/large_seed3407/short_common_scan/A/videos/A_016/location_07.mp4,True,1.0,0,3.843484519142162,0.017718369776621112,2.38074964090122,203.0,True,True,blue,circle,0.10416633498651884,0.002128341210017524,0.004289726111634565,True,0.984375,1.0995670995670996
A_016,high,16,0,8,after block 7,7,5.419461373806479,5.419875,2.7345,5.65625,1.088023088023088,True,runs/pendulum/unified_mechanism_v2/paired_layer_control/large_seed3407/short_common_scan/A/videos/A_016/location_08.mp4,True,1.0,0,3.108905601707743,0.016636015124998876,2.172608199351757,202.0,True,True,blue,circle,0.1044764382245082,0.001977157713009075,0.0037877339926344115,True,0.984375,1.088023088023088
A_016,high,16,0,9,after block 8,8,5.419461373806479,5.419875,2.7345,5.667875,1.0923520923520924,True,runs/pendulum/unified_mechanism_v2/paired_layer_control/large_seed3407/short_common_scan/A/videos/A_016/location_09.mp4,True,1.0,0,3.127716991369035,0.017860752652188283,2.3658823142588608,202.0,True,True,blue,circle,0.10419094232455624,0.0022079529511613138,0.0036302135041484233,True,0.984375,1.090909090909091
A_016,high,16,0,10,after block 9,9,5.419461373806479,5.419875,2.7345,5.6485,1.0851370851370852,True,runs/pendulum/unified_mechanism_v2/paired_layer_control/large_seed3407/short_common_scan/A/videos/A_016/location_10.mp4,True,1.0,0,2.999460290983188,0.017744238843899446,2.243983207976601,199.0,True,True,blue,circle,0.10287767208439345,0.0024613141934917418,0.003720771629687527,True,0.984375,1.0851370851370852
A_016,high,16,0,11,after block 10,10,5.419461373806479,5.419875,2.7345,5.590375,1.0634920634920633,True,runs/pendulum/unified_mechanism_v2/paired_layer_control/large_seed3407/short_common_scan/A/videos/A_016/location_11.mp4,True,1.0,0,2.907441850521193,0.016581968501608507,1.960176212740522,197.0,True,True,blue,circle,0.10065564161059846,0.0024235077092617185,0.004179040220078653,True,0.984375,1.0606060606060606
A_016,high,16,0,12,after block 11,11,5.419461373806479,5.419875,2.7345,5.4586250000000005,1.0144300144300145,True,runs/pendulum/unified_mechanism_v2/paired_layer_control/large_seed3407/short_common_scan/A/videos/A_016/location_12.mp4,True,1.0,0,3.4837915390600576,0.018267219415950026,1.8468632009200616,197.0,True,True,blue,circle,0.09821472888351107,0.001374912321281493,0.004913283644477606,True,0.984375,1.0115440115440115
A_016,high,16,0,13,after block 12,12,5.419461373806479,5.419875,2.7345,5.404375,0.9942279942279941,True,runs/pendulum/unified_mechanism_v2/paired_layer_control/large_seed3407/short_common_scan/A/videos/A_016/location_13.mp4,True,1.0,0,3.4179933880685343,0.019627751176025693,1.592936932889933,190.0,True,True,blue,circle,0.08252387536239147,0.000672695024352441,0.006624641592587507,False,0.890625,1.0086580086580086
A_016,high,16,0,14,after block 13,13,5.419461373806479,5.419875,2.7345,2.7616250000000004,0.010101010101010208,False,runs/pendulum/unified_mechanism_v2/paired_layer_control/large_seed3407/short_common_scan/A/videos/A_016/location_14.mp4,True,1.0,0,1.1727540757228776,0.0007128085792194316,1.2571163596089667,170.0,True,True,red,circle,0.06069226400857289,-0.004223915407414575,0.019688872285203926,False,0.71875,0.012987012987012983
A_016,high,16,0,15,after block 14,14,5.419461373806479,5.419875,2.7345,2.7887500000000003,0.02020202020202025,False,runs/pendulum/unified_mechanism_v2/paired_layer_control/large_seed3407/short_common_scan/A/videos/A_016/location_15.mp4,True,1.0,0,1.123349031897289,0.0012739119365771379,1.1894792260965208,177.0,True,True,red,circle,0.09960813889649761,-0.007022945457659295,0.006888790976480637,True,1.0,0.023088023088023026
A_016,high,16,0,16,after block 15,15,5.419461373806479,5.419875,2.7345,2.75775,0.008658008658008655,False,runs/pendulum/unified_mechanism_v2/paired_layer_control/large_seed3407/short_common_scan/A/videos/A_016/location_16.mp4,True,1.0,0,1.153546205334757,0.0012659279866462647,1.0537592750904012,178.5,True,True,red,circle,0.09980093909107664,-0.005954743108331597,0.004873907625997808,True,1.0,0.008658008658008655
A_016,high,16,0,17,after block 16,16,5.419461373806479,5.419875,2.7345,2.777125,0.015873015873015758,False,runs/pendulum/unified_mechanism_v2/paired_layer_control/large_seed3407/short_common_scan/A/videos/A_016/location_17.mp4,True,1.0,0,1.1116265201920905,0.0013475901795148015,1.0893664866042476,181.0,True,True,red,circle,0.10372976204558403,-0.004813271436772064,0.004581383541722447,True,1.0,0.018759018759018864
A_016,high,16,0,18,after block 17,17,5.419461373806479,5.419875,2.7345,2.71125,-0.008658008658008655,False,runs/pendulum/unified_mechanism_v2/paired_layer_control/large_seed3407/short_common_scan/A/videos/A_016/location_18.mp4,True,1.0,0,1.04531037682263,0.001100466174084186,0.8950475171621382,182.0,True,True,red,circle,0.096857795247471,-0.003999017783439424,0.004833595681477243,True,1.0,-0.007215007215007102
A_016,high,16,0,19,after block 18,18,5.419461373806479,5.419875,2.7345,2.769375,0.012987012987012983,False,runs/pendulum/unified_mechanism_v2/paired_layer_control/large_seed3407/short_common_scan/A/videos/A_016/location_19.mp4,True,1.0,0,1.0147825678134699,0.0009377003697751685,0.7743655698973766,182.0,True,True,red,circle,0.09089840560664472,-0.0038550431987663856,0.005850002568841906,True,1.0,0.015873015873015758
A_016,high,16,0,20,after block 19,19,5.419461373806479,5.419875,2.7345,2.815875,0.030303030303030293,False,runs/pendulum/unified_mechanism_v2/paired_layer_control/large_seed3407/short_common_scan/A/videos/A_016/location_20.mp4,True,1.0,0,0.7422030655031294,0.0008421538490464009,0.355253138132629,183.0,True,True,red,circle,0.08832627986954399,-0.002316516558761047,0.005043158687122587,True,1.0,0.03174603174603168
A_016,high,16,0,21,after block 20,20,5.419461373806479,5.419875,2.7345,2.7616250000000004,0.010101010101010208,False,runs/pendulum/unified_mechanism_v2/paired_layer_control/large_seed3407/short_common_scan/A/videos/A_016/location_21.mp4,True,1.0,0,0.8060136982727167,0.0008819493550422386,0.3690338454845801,183.0,True,True,red,circle,0.08436329537145654,-4.5255052449414555e-05,0.005345729969295542,True,1.0,0.010101010101010208
A_016,high,16,0,22,after block 21,21,5.419461373806479,5.419875,2.7345,2.75,0.005772005772005715,False,runs/pendulum/unified_mechanism_v2/paired_layer_control/large_seed3407/short_common_scan/A/videos/A_016/location_22.mp4,True,1.0,0,0.858110459635575,0.0011434977684403047,0.45957492556632557,189.0,True,True,red,circle,0.09595897646873838,0.002403996400013389,0.00501719705912653,True,1.0,0.007215007215007102
A_016,high,16,0,23,after block 22,22,5.419461373806479,5.419875,2.7345,2.707375,-0.010101010101010208,False,runs/pendulum/unified_mechanism_v2/paired_layer_control/large_seed3407/short_common_scan/A/videos/A_016/location_23.mp4,True,1.0,0,0.9561046906840829,0.0010711769498036594,0.460497625727382,189.5,True,True,red,circle,0.09650654815027729,0.003359490825600809,0.005308945641184502,True,1.0,-0.010101010101010208
A_016,high,16,0,24,after block 23,23,5.419461373806479,5.419875,2.7345,2.71125,-0.008658008658008655,False,runs/pendulum/unified_mechanism_v2/paired_layer_control/large_seed3407/short_common_scan/A/videos/A_016/location_24.mp4,True,1.0,0,0.9064213372306102,0.001123887289294384,0.460497625727382,190.0,True,True,red,circle,0.09552527687585763,0.0036520057780806622,0.00458583522231755,True,1.0,-0.008658008658008655
A_016,high,16,0,25,after block 24,24,5.419461373806479,5.419875,2.7345,2.63375,-0.03751803751803756,False,runs/pendulum/unified_mechanism_v2/paired_layer_control/large_seed3407/short_common_scan/A/videos/A_016/location_25.mp4,True,1.0,0,0.9464072313787214,0.0011246609999971957,0.36379304410880126,192.0,True,True,red,circle,0.09556969722409463,0.003955125739865084,0.005289433440051316,True,1.0,-0.03751803751803756
A_016,high,16,0,26,after block 25,25,5.419461373806479,5.419875,2.7345,2.6725000000000003,-0.023088023088023026,False,runs/pendulum/unified_mechanism_v2/paired_layer_control/large_seed3407/short_common_scan/A/videos/A_016/location_26.mp4,True,1.0,0,0.7892651482012403,0.0013782341178317503,0.48778517612793376,193.0,True,True,red,circle,0.09741145505965661,0.0033296924495735637,0.004648126098499062,True,1.0,-0.023088023088023026
A_016,high,16,0,27,after block 26,26,5.419461373806479,5.419875,2.7345,2.7190000000000003,-0.005772005772005715,False,runs/pendulum/unified_mechanism_v2/paired_layer_control/large_seed3407/short_common_scan/A/videos/A_016/location_27.mp4,True,1.0,0,0.8862414356789399,0.0012814368729325565,0.5440316278014028,193.0,True,True,red,circle,0.09893698641771749,0.003263382582022313,0.004285570181362097,True,1.0,-0.004329004329004327
A_016,high,16,0,28,after block 27,27,5.419461373806479,5.419875,2.7345,2.722875,-0.004329004329004327,False,runs/pendulum/unified_mechanism_v2/paired_layer_control/large_seed3407/short_common_scan/A/videos/A_016/location_28.mp4,True,1.0,0,0.8147153739199355,0.0013001173202996097,0.4271899146109759,194.0,True,True,red,circle,0.0988140770681886,0.0031498872747401227,0.004095368913927318,True,1.0,-0.005772005772005715
A_016,high,16,0,29,after block 28,28,5.419461373806479,5.419875,2.7345,2.730625,-0.0014430014430015527,False,runs/pendulum/unified_mechanism_v2/paired_layer_control/large_seed3407/short_common_scan/A/videos/A_016/location_29.mp4,True,1.0,0,0.7472970869571217,0.0014069152715246447,0.441999018776886,192.0,True,True,red,circle,0.09952298789258407,0.0028778213603389137,0.00415155741045471,True,1.0,-0.004329004329004327
A_016,high,16,0,30,after block 29,29,5.419461373806479,5.419875,2.7345,2.7383750000000004,0.0014430014430015527,False,runs/pendulum/unified_mechanism_v2/paired_layer_control/large_seed3407/short_common_scan/A/videos/A_016/location_30.mp4,True,1.0,0,0.7422191528567064,0.001298105351403428,0.4474264768976035,194.0,True,True,red,circle,0.09967139738960246,0.0025016009334751714,0.00425625589589269,True,1.0,0.0
A_021,high,21,0,0,embedding output,,5.976405941229569,5.93525,2.7190000000000003,5.931375,0.9987951807228916,True,runs/pendulum/unified_mechanism_v2/paired_layer_control/large_seed3407/short_common_scan/A/videos/A_021/location_00.mp4,True,1.0,0,2.701667716501216,0.016549703459060844,2.007701571003779,208.0,True,True,blue,circle,0.13227417347652026,0.0006717943935382206,0.004598280147362501,True,1.0,0.9975903614457833
A_021,high,21,0,1,after block 0,0,5.976405941229569,5.93525,2.7190000000000003,5.93525,1.0,True,runs/pendulum/unified_mechanism_v2/paired_layer_control/large_seed3407/short_common_scan/A/videos/A_021/location_01.mp4,True,1.0,0,2.9389215038855383,0.01663932883961372,1.8975985971065839,208.0,True,True,blue,circle,0.1322622304006442,0.0009056679177884857,0.004645358828028312,True,1.0,0.9987951807228916
A_021,high,21,0,2,after block 1,1,5.976405941229569,5.93525,2.7190000000000003,5.939125,1.0012048192771084,True,runs/pendulum/unified_mechanism_v2/paired_layer_control/large_seed3407/short_common_scan/A/videos/A_021/location_02.mp4,True,1.0,0,2.69931155917338,0.016743748492751065,1.7818206796863252,207.0,True,True,blue,circle,0.13202137395010338,0.0009735227202780137,0.00474820386226339,True,1.0,1.0
A_021,high,21,0,3,after block 2,2,5.976405941229569,5.93525,2.7190000000000003,5.9430000000000005,1.002409638554217,True,runs/pendulum/unified_mechanism_v2/paired_layer_control/large_seed3407/short_common_scan/A/videos/A_021/location_03.mp4,True,1.0,0,2.956504665092001,0.016815837280736767,1.8703834142854583,208.5,True,True,blue,circle,0.1319851218621574,0.001022306724334764,0.004611151465381637,True,1.0,1.0012048192771084
A_021,high,21,0,4,after block 3,3,5.976405941229569,5.93525,2.7190000000000003,5.9430000000000005,1.002409638554217,True,runs/pendulum/unified_mechanism_v2/paired_layer_control/large_seed3407/short_common_scan/A/videos/A_021/location_04.mp4,True,1.0,0,2.9398598540779792,0.016634375206017737,1.7865209303706764,208.0,True,True,blue,circle,0.13187358768889249,0.0009511295425508196,0.004689926269754882,True,1.0,1.0012048192771084
A_021,high,21,0,5,after block 4,4,5.976405941229569,5.93525,2.7190000000000003,5.9430000000000005,1.002409638554217,True,runs/pendulum/unified_mechanism_v2/paired_layer_control/large_seed3407/short_common_scan/A/videos/A_021/location_05.mp4,True,1.0,0,2.9513694564065953,0.01662626694735464,1.8703834142854583,208.0,True,True,blue,circle,0.13194037254741559,0.0009332177587346716,0.004670887523038962,True,1.0,1.0012048192771084
A_021,high,21,0,6,after block 5,5,5.976405941229569,5.93525,2.7190000000000003,5.900375,0.9891566265060242,True,runs/pendulum/unified_mechanism_v2/paired_layer_control/large_seed3407/short_common_scan/A/videos/A_021/location_06.mp4,True,1.0,0,3.415030111704546,0.016607367593412303,1.9544523376404928,199.0,True,True,blue,circle,0.1314479667082063,0.0005523505610951281,0.005594821206331205,True,1.0,0.9891566265060242
A_021,high,21,0,7,after block 6,6,5.976405941229569,5.93525,2.7190000000000003,5.900375,0.9891566265060242,True,runs/pendulum/unified_mechanism_v2/paired_layer_control/large_seed3407/short_common_scan/A/videos/A_021/location_07.mp4,True,1.0,0,3.691322711609151,0.016005800988181884,1.8045676674163382,200.0,True,True,blue,circle,0.13128557200993557,0.00043867104424620155,0.005662177291849561,True,0.984375,0.9891566265060242
A_021,high,21,0,8,after block 7,7,5.976405941229569,5.93525,2.7190000000000003,5.8965000000000005,0.9879518072289158,True,runs/pendulum/unified_mechanism_v2/paired_layer_control/large_seed3407/short_common_scan/A/videos/A_021/location_08.mp4,True,1.0,0,3.2670833825891252,0.016125608164763716,1.7039636802554723,199.0,True,True,blue,circle,0.13022071781905087,0.0003267378630530236,0.006025708559637809,True,0.984375,0.9891566265060242
A_021,high,21,0,9,after block 8,8,5.976405941229569,5.93525,2.7190000000000003,5.8965000000000005,0.9879518072289158,True,runs/pendulum/unified_mechanism_v2/paired_layer_control/large_seed3407/short_common_scan/A/videos/A_021/location_09.mp4,True,1.0,0,3.365514778626328,0.01573807985563433,1.4438697040783295,198.5,True,True,blue,circle,0.1300868981367625,0.0004074258887837376,0.005903075309516162,True,0.984375,0.9903614457831327
A_021,high,21,0,10,after block 9,9,5.976405941229569,5.93525,2.7190000000000003,5.900375,0.9891566265060242,True,runs/pendulum/unified_mechanism_v2/paired_layer_control/large_seed3407/short_common_scan/A/videos/A_021/location_10.mp4,True,1.0,0,3.0337022695233333,0.017205108446865347,1.4627688889314416,199.5,True,True,blue,circle,0.1266886048751692,0.00027277482761138246,0.006773427229311314,True,0.984375,0.9927710843373494
A_021,high,21,0,11,after block 10,10,5.976405941229569,5.93525,2.7190000000000003,5.8732500000000005,0.9807228915662652,True,runs/pendulum/unified_mechanism_v2/paired_layer_control/large_seed3407/short_common_scan/A/videos/A_021/location_11.mp4,True,1.0,0,3.270595208461377,0.014954906455084627,1.6035458598927015,196.0,True,True,blue,circle,0.1255302501546333,0.00022462063192890905,0.0070828253633615276,True,0.984375,0.9831325301204821
A_021,high,21,0,12,after block 11,11,5.976405941229569,5.93525,2.7190000000000003,5.8732500000000005,0.9807228915662652,True,runs/pendulum/unified_mechanism_v2/paired_layer_control/large_seed3407/short_common_scan/A/videos/A_021/location_12.mp4,True,1.0,0,3.3797498572693034,0.01654632469145803,1.4817187924487398,195.0,True,True,blue,circle,0.12277283144624668,0.00031187905356784394,0.008004820966377616,True,0.984375,0.9831325301204821
A_021,high,21,0,13,after block 12,12,5.976405941229569,5.93525,2.7190000000000003,5.838375,0.9698795180722892,True,runs/pendulum/unified_mechanism_v2/paired_layer_control/large_seed3407/short_common_scan/A/videos/A_021/location_13.mp4,True,1.0,0,3.658535056249027,0.01672073850290315,1.0897974460608746,191.0,True,True,blue,circle,0.10811504135680884,-0.0008819387265247391,0.011086475701685425,True,0.96875,0.9819277108433736
A_021,high,21,0,14,after block 13,13,5.976405941229569,5.93525,2.7190000000000003,5.427625,0.8421686746987952,False,runs/pendulum/unified_mechanism_v2/paired_layer_control/large_seed3407/short_common_scan/A/videos/A_021/location_14.mp4,True,1.0,0,7.869540934211819,0.043215142117522615,23.26087794028603,72.5,True,True,blue,circle,0.050884954734536476,-0.02091646133121941,0.022919204930762334,False,0.03125,nan
A_021,high,21,0,15,after block 14,14,5.976405941229569,5.93525,2.7190000000000003,2.746125,0.00843373493975899,False,runs/pendulum/unified_mechanism_v2/paired_layer_control/large_seed3407/short_common_scan/A/videos/A_021/location_15.mp4,True,1.0,0,1.160780927943558,0.0011784446485851863,0.43815051962067675,173.5,True,True,red,circle,0.11802795817300668,-0.007631562829418503,0.007827992188382914,True,1.0,0.010843373493975763
A_021,high,21,0,16,after block 15,15,5.976405941229569,5.93525,2.7190000000000003,2.753875,0.010843373493975763,False,runs/pendulum/unified_mechanism_v2/paired_layer_control/large_seed3407/short_common_scan/A/videos/A_021/location_16.mp4,True,1.0,0,1.320863770163317,0.001380149014388432,0.43815051962067675,175.5,True,True,red,circle,0.12121315800985077,-0.0053301804173939505,0.008617443261619496,True,1.0,0.010843373493975763
A_021,high,21,0,17,after block 16,16,5.976405941229569,5.93525,2.7190000000000003,2.75,0.009638554216867375,False,runs/pendulum/unified_mechanism_v2/paired_layer_control/large_seed3407/short_common_scan/A/videos/A_021/location_17.mp4,True,1.0,0,1.298953645888042,0.001161844083128749,0.43815051962067675,177.0,True,True,red,circle,0.12177450896533018,-0.004153609470794798,0.0088082337476171,True,1.0,0.010843373493975763
A_021,high,21,0,18,after block 17,17,5.976405941229569,5.93525,2.7190000000000003,2.781,0.01927710843373489,False,runs/pendulum/unified_mechanism_v2/paired_layer_control/large_seed3407/short_common_scan/A/videos/A_021/location_18.mp4,True,1.0,0,1.1406596559014053,0.0012407271733004543,0.47756860890733954,178.0,True,True,red,circle,0.12692359755865715,-0.0033888289767185485,0.008575039718652488,True,1.0,0.01927710843373489
A_021,high,21,0,19,after block 18,18,5.976405941229569,5.93525,2.7190000000000003,2.80425,0.026506024096385493,False,runs/pendulum/unified_mechanism_v2/paired_layer_control/large_seed3407/short_common_scan/A/videos/A_021/location_19.mp4,True,1.0,0,1.215187721971412,0.0008285767967241842,0.5131298498569203,179.0,True,True,red,circle,0.12953164204976347,-0.00337728677364467,0.008408408753787663,True,1.0,0.025301204819276966
A_021,high,21,0,20,after block 19,19,5.976405941229569,5.93525,2.7190000000000003,2.81975,0.03132530120481918,False,runs/pendulum/unified_mechanism_v2/paired_layer_control/large_seed3407/short_common_scan/A/videos/A_021/location_20.mp4,True,1.0,0,1.1847631576112352,0.0012175395328048733,0.48957442297311765,180.0,True,True,red,circle,0.13958435867513402,-0.0025569115264931328,0.008108307697001587,True,1.0,0.03373493975903609
A_021,high,21,0,21,after block 20,20,5.976405941229569,5.93525,2.7190000000000003,2.8081250000000004,0.027710843373494016,False,runs/pendulum/unified_mechanism_v2/paired_layer_control/large_seed3407/short_common_scan/A/videos/A_021/location_21.mp4,True,1.0,0,1.1107937860740544,0.001086704629282259,0.48957442297311765,180.0,True,True,red,circle,0.13540186827880557,-0.002799808454002724,0.008048826727002814,True,1.0,0.028915662650602404
A_021,high,21,0,22,after block 21,21,5.976405941229569,5.93525,2.7190000000000003,2.72675,0.002409638554216775,False,runs/pendulum/unified_mechanism_v2/paired_layer_control/large_seed3407/short_common_scan/A/videos/A_021/location_22.mp4,True,1.0,0,1.26309539474695,0.0009302590690682122,0.6810678981958589,184.0,True,True,red,circle,0.16071149505822738,0.0011122256559264322,0.0053444561422628335,True,1.0,0.002409638554216775
A_021,high,21,0,23,after block 22,22,5.976405941229569,5.93525,2.7190000000000003,2.7151250000000005,-0.0012048192771083874,False,runs/pendulum/unified_mechanism_v2/paired_layer_control/large_seed3407/short_common_scan/A/videos/A_021/location_23.mp4,True,1.0,0,1.2230711317617604,0.000841688656206041,0.5802668004769665,185.5,True,True,red,circle,0.16305380951848555,0.00145826996953557,0.005816979387583916,True,1.0,-0.0036144578313254388
A_021,high,21,0,24,after block 23,23,5.976405941229569,5.93525,2.7190000000000003,2.707375,-0.0036144578313254388,False,runs/pendulum/unified_mechanism_v2/paired_layer_control/large_seed3407/short_common_scan/A/videos/A_021/location_24.mp4,True,1.0,0,1.2230711317617604,0.0008437363452628022,0.6211444139194343,186.0,True,True,red,circle,0.16470107467122164,0.000902239786667632,0.006078004793623554,True,1.0,-0.0036144578313254388
A_021,high,21,0,25,after block 24,24,5.976405941229569,5.93525,2.7190000000000003,2.6957500000000003,-0.007228915662650601,False,runs/pendulum/unified_mechanism_v2/paired_layer_control/large_seed3407/short_common_scan/A/videos/A_021/location_25.mp4,True,1.0,0,1.2242887980162354,0.0008443244213217627,0.6570455866462648,188.0,True,True,red,circle,0.16400940030417363,0.0012367471893458175,0.0067437076214177305,True,1.0,-0.007228915662650601
A_021,high,21,0,26,after block 25,25,5.976405941229569,5.93525,2.7190000000000003,2.6957500000000003,-0.007228915662650601,False,runs/pendulum/unified_mechanism_v2/paired_layer_control/large_seed3407/short_common_scan/A/videos/A_021/location_26.mp4,True,1.0,0,1.3312076103950767,0.0010660601647985157,0.8380138666563673,188.0,True,True,red,circle,0.167293756136891,0.0007563185276288508,0.00623979173933327,True,1.0,-0.007228915662650601
A_021,high,21,0,27,after block 26,26,5.976405941229569,5.93525,2.7190000000000003,2.7035,-0.0048192771084338264,False,runs/pendulum/unified_mechanism_v2/paired_layer_control/large_seed3407/short_common_scan/A/videos/A_021/location_27.mp4,True,1.0,0,1.278482248670191,0.001087551379160695,0.510068822920591,188.0,True,True,red,circle,0.1672602606379613,0.0010210884144882192,0.005861954739949846,True,1.0,-0.0036144578313254388
A_021,high,21,0,28,after block 27,27,5.976405941229569,5.93525,2.7190000000000003,2.7151250000000005,-0.0012048192771083874,False,runs/pendulum/unified_mechanism_v2/paired_layer_control/large_seed3407/short_common_scan/A/videos/A_021/location_28.mp4,True,1.0,0,1.223669938251226,0.0010739604600470687,0.3549860076921955,189.0,True,True,red,circle,0.16757309317539962,0.0010389466914115923,0.006063066892642187,True,1.0,-0.0024096385542169132
A_021,high,21,0,29,after block 28,28,5.976405941229569,5.93525,2.7190000000000003,2.7190000000000003,0.0,False,runs/pendulum/unified_mechanism_v2/paired_layer_control/large_seed3407/short_common_scan/A/videos/A_021/location_29.mp4,True,1.0,0,1.1867626841209487,0.0009841103745111823,0.3549860076921955,187.0,True,True,red,circle,0.16875951900625885,0.00030961552384444613,0.006045589311859364,True,1.0,0.0
A_021,high,21,0,30,after block 29,29,5.976405941229569,5.93525,2.7190000000000003,2.7190000000000003,0.0,False,runs/pendulum/unified_mechanism_v2/paired_layer_control/large_seed3407/short_common_scan/A/videos/A_021/location_30.mp4,True,1.0,0,1.224309408655639,0.0009721288301444697,0.3549860076921955,187.0,True,True,red,circle,0.16925214660183366,-0.0002655155412236969,0.005947498366039625,True,1.0,0.0
A_023,high,23,0,0,embedding output,,6.103609185978564,6.19875,2.936,6.202625,1.001187648456057,True,runs/pendulum/unified_mechanism_v2/paired_layer_control/large_seed3407/short_common_scan/A/videos/A_023/location_00.mp4,True,1.0,0,3.485605363426581,0.016174873134653545,4.4933839463922745,209.0,True,True,blue,circle,0.12060789001729792,0.0004863865392250144,0.007074191614747594,True,0.984375,1.0
A_023,high,23,0,1,after block 0,0,6.103609185978564,6.19875,2.936,6.194875000000001,0.998812351543943,True,runs/pendulum/unified_mechanism_v2/paired_layer_control/large_seed3407/short_common_scan/A/videos/A_023/location_01.mp4,True,1.0,0,3.6253699170253215,0.01617565865682058,4.502960505776696,209.0,True,True,blue,circle,0.1203559339107196,0.0005340270186706425,0.006984932998587102,True,0.984375,1.0
A_023,high,23,0,2,after block 1,1,6.103609185978564,6.19875,2.936,6.202625,1.001187648456057,True,runs/pendulum/unified_mechanism_v2/paired_layer_control/large_seed3407/short_common_scan/A/videos/A_023/location_02.mp4,True,1.0,0,3.5510869447295272,0.01593428208693426,4.418100403408338,208.0,True,True,blue,circle,0.12035474081903824,0.0004564114700867131,0.007111578576994207,True,0.984375,1.0
A_023,high,23,0,3,after block 2,2,6.103609185978564,6.19875,2.936,6.19875,1.0,True,runs/pendulum/unified_mechanism_v2/paired_layer_control/large_seed3407/short_common_scan/A/videos/A_023/location_03.mp4,True,1.0,0,3.5592449341509287,0.015713623466241167,4.485184639759718,208.5,True,True,blue,circle,0.12035205410741705,0.00035786683798369787,0.007159913407262346,True,0.984375,1.0
A_023,high,23,0,4,after block 3,3,6.103609185978564,6.19875,2.936,6.2065,1.002375296912114,True,runs/pendulum/unified_mechanism_v2/paired_layer_control/large_seed3407/short_common_scan/A/videos/A_023/location_04.mp4,True,1.0,0,3.5071205775668637,0.015844973458744027,4.317646599343138,209.0,True,True,blue,circle,0.1206517983504862,0.00039388627988961976,0.007014412382267578,True,0.984375,1.002375296912114
A_023,high,23,0,5,after block 4,4,6.103609185978564,6.19875,2.936,6.202625,1.001187648456057,True,runs/pendulum/unified_mechanism_v2/paired_layer_control/large_seed3407/short_common_scan/A/videos/A_023/location_05.mp4,True,1.0,0,3.5688903206279297,0.015966528785884976,4.334659537416652,209.0,True,True,blue,circle,0.12051402670716331,0.0003262571441566564,0.007056380076133897,True,0.984375,1.001187648456057
A_023,high,23,0,6,after block 5,5,6.103609185978564,6.19875,2.936,5.946875,0.9228028503562945,True,runs/pendulum/unified_mechanism_v2/paired_layer_control/large_seed3407/short_common_scan/A/videos/A_023/location_06.mp4,True,1.0,0,4.065377898941601,0.01704369866887248,4.243601379826565,203.5,True,True,blue,circle,0.12006246926711567,-7.108613885056584e-05,0.006520095338887305,True,0.984375,0.9239904988123515
A_023,high,23,0,7,after block 6,6,6.103609185978564,6.19875,2.936,5.93525,0.9192399049881234,True,runs/pendulum/unified_mechanism_v2/paired_layer_control/large_seed3407/short_common_scan/A/videos/A_023/location_07.mp4,True,1.0,0,3.955926146058931,0.017360002347457104,4.094762713091778,203.5,True,True,blue,circle,0.12006890653820958,-0.0001516052335091172,0.006276674194261132,True,0.984375,0.9192399049881234
A_023,high,23,0,8,after block 7,7,6.103609185978564,6.19875,2.936,5.877125,0.9014251781472684,True,runs/pendulum/unified_mechanism_v2/paired_layer_control/large_seed3407/short_common_scan/A/videos/A_023/location_08.mp4,True,1.0,0,3.806127551665635,0.016411022850974122,4.009373785649663,202.0,True,True,blue,circle,0.1193722009424639,-2.44946912513119e-05,0.00623365612351498,True,0.984375,0.8990498812351542
A_023,high,23,0,9,after block 8,8,6.103609185978564,6.19875,2.936,5.881,0.9026128266033254,True,runs/pendulum/unified_mechanism_v2/paired_layer_control/large_seed3407/short_common_scan/A/videos/A_023/location_09.mp4,True,1.0,0,3.806127551665635,0.01631150423247707,4.009373785649663,201.0,True,True,blue,circle,0.11936872579392212,-2.0414328310329953e-05,0.006180474340742711,True,0.984375,0.9026128266033254
A_023,high,23,0,10,after block 9,9,6.103609185978564,6.19875,2.936,5.791875,0.8752969121140142,True,runs/pendulum/unified_mechanism_v2/paired_layer_control/large_seed3407/short_common_scan/A/videos/A_023/location_10.mp4,True,1.0,0,3.5230725720714275,0.01644676713848589,3.836543441885649,200.5,True,True,blue,circle,0.11823358994198487,0.00029511468223563937,0.005963918142111473,True,0.984375,0.8752969121140142
A_023,high,23,0,11,after block 10,10,6.103609185978564,6.19875,2.936,5.757000000000001,0.8646080760095013,True,runs/pendulum/unified_mechanism_v2/paired_layer_control/large_seed3407/short_common_scan/A/videos/A_023/location_11.mp4,True,1.0,0,3.5373892592656064,0.01592732239706196,3.694038410172518,199.5,True,True,blue,circle,0.11781279614284484,-0.00017873483043159824,0.006107237549242689,True,0.984375,0.8646080760095013
A_023,high,23,0,12,after block 11,11,6.103609185978564,6.19875,2.936,5.687250000000001,0.8432304038004751,True,runs/pendulum/unified_mechanism_v2/paired_layer_control/large_seed3407/short_common_scan/A/videos/A_023/location_12.mp4,True,1.0,0,3.24934087098452,0.015476850425319294,3.4418002534694296,197.0,True,True,blue,circle,0.11720215655209411,-6.744937883397416e-05,0.005932435962889604,True,0.984375,0.8444180522565321
A_023,high,23,0,13,after block 12,12,6.103609185978564,6.19875,2.936,5.59425,0.8147268408551067,True,runs/pendulum/unified_mechanism_v2/paired_layer_control/large_seed3407/short_common_scan/A/videos/A_023/location_13.mp4,True,1.0,0,2.905982632173635,0.017645472419929337,3.628505475005156,196.5,True,True,blue,circle,0.10881887115210279,-0.001200443797171767,0.006460628719216568,True,0.984375,0.8123515439429928
A_023,high,23,0,14,after block 13,13,6.103609185978564,6.19875,2.936,5.175750000000001,0.6864608076009503,False,runs/pendulum/unified_mechanism_v2/paired_layer_control/large_seed3407/short_common_scan/A/videos/A_023/location_14.mp4,True,1.0,0,17.48852473434539,0.021424398234125952,21.42556826695078,173.5,True,True,blue,circle,0.0809627196606744,-0.005900449734221863,0.014381936686780663,False,0.015625,nan
A_023,high,23,0,15,after block 14,14,6.103609185978564,6.19875,2.936,3.2963750000000003,0.11045130641330175,False,runs/pendulum/unified_mechanism_v2/paired_layer_control/large_seed3407/short_common_scan/A/videos/A_023/location_15.mp4,True,1.0,0,1.2446046018187962,0.0009365424915490639,0.9065585503799227,173.0,True,True,red,circle,0.09092353077408545,-0.0028338715222858413,0.017982367488499202,True,1.0,0.1163895486935867
A_023,high,23,0,16,after block 15,15,6.103609185978564,6.19875,2.936,3.2266250000000003,0.08907363420427564,False,runs/pendulum/unified_mechanism_v2/paired_layer_control/large_seed3407/short_common_scan/A/videos/A_023/location_16.mp4,True,1.0,0,1.2951753416729908,0.0010958764413532274,0.7918234589608325,173.0,True,True,red,circle,0.09069190375465655,-0.003835859352899235,0.015869000458029768,True,1.0,0.08669833729216157
A_023,high,23,0,17,after block 16,16,6.103609185978564,6.19875,2.936,3.071625,0.04156769596199528,False,runs/pendulum/unified_mechanism_v2/paired_layer_control/large_seed3407/short_common_scan/A/videos/A_023/location_17.mp4,True,1.0,0,1.4065324724000663,0.000952638227039615,0.7230155301629326,176.5,True,True,red,circle,0.09815943361936653,-0.0014280922740497006,0.010960586808162058,True,1.0,0.04156769596199528
A_023,high,23,0,18,after block 17,17,6.103609185978564,6.19875,2.936,2.9205,-0.004750593824227981,False,runs/pendulum/unified_mechanism_v2/paired_layer_control/large_seed3407/short_common_scan/A/videos/A_023/location_18.mp4,True,1.0,0,1.0927273652247418,0.0012562909107146636,0.4398526281846488,178.0,True,True,red,circle,0.11132555501073661,-0.0023176009837056065,0.005184901622505662,True,1.0,-0.004750593824227981
A_023,high,23,0,19,after block 18,18,6.103609185978564,6.19875,2.936,2.9166250000000002,-0.005938242280284942,False,runs/pendulum/unified_mechanism_v2/paired_layer_control/large_seed3407/short_common_scan/A/videos/A_023/location_19.mp4,True,1.0,0,1.2001791771033792,0.0011043362410135815,0.46128494750660637,179.0,True,True,red,circle,0.1168838948741087,-0.0018173400450755448,0.00520092297105627,True,1.0,-0.005938242280284942
A_023,high,23,0,20,after block 19,19,6.103609185978564,6.19875,2.936,2.9398750000000002,0.0011876484560570974,False,runs/pendulum/unified_mechanism_v2/paired_layer_control/large_seed3407/short_common_scan/A/videos/A_023/location_20.mp4,True,1.0,0,1.1440567289738497,0.0012567851142284425,0.39856202493078974,180.0,True,True,red,circle,0.11354818540609908,-0.0026420806645180246,0.004524762788024042,True,1.0,0.0011876484560570974
A_023,high,23,0,21,after block 20,20,6.103609185978564,6.19875,2.936,2.932125,-0.0011876484560569612,False,runs/pendulum/unified_mechanism_v2/paired_layer_control/large_seed3407/short_common_scan/A/videos/A_023/location_21.mp4,True,1.0,0,0.9652576201395267,0.0009049076520060428,0.2955358258698842,180.0,True,True,red,circle,0.10815698717211734,-0.0025058748021485086,0.00462241056383644,True,1.0,0.0
A_023,high,23,0,22,after block 21,21,6.103609185978564,6.19875,2.936,2.86625,-0.02137767220902612,False,runs/pendulum/unified_mechanism_v2/paired_layer_control/large_seed3407/short_common_scan/A/videos/A_023/location_22.mp4,True,1.0,0,0.9547619622982135,0.0012734207132343855,0.11096593761317015,183.0,True,True,red,circle,0.11719717352809204,-0.0014920605722486828,0.0036462143323830578,True,1.0,-0.02256532066508308
A_023,high,23,0,23,after block 22,22,6.103609185978564,6.19875,2.936,2.8817500000000003,-0.016627078384798002,False,runs/pendulum/unified_mechanism_v2/paired_layer_control/large_seed3407/short_common_scan/A/videos/A_023/location_23.mp4,True,1.0,0,1.007013612034776,0.001098914051851807,0.1703028174736033,183.5,True,True,red,circle,0.11797813933389337,-0.001458252577185388,0.0035136946522900635,True,1.0,-0.016627078384798002
A_023,high,23,0,24,after block 23,23,6.103609185978564,6.19875,2.936,2.8895,-0.01425178147268408,False,runs/pendulum/unified_mechanism_v2/paired_layer_control/large_seed3407/short_common_scan/A/videos/A_023/location_24.mp4,True,1.0,0,0.8755991942680413,0.001346355453183068,0.23830401013198604,185.0,True,True,red,circle,0.11871508215780865,-0.0008085019280972411,0.003243119878776326,True,1.0,-0.01543942992874104
A_023,high,23,0,25,after block 24,24,6.103609185978564,6.19875,2.936,2.9050000000000002,-0.009501187648455962,False,runs/pendulum/unified_mechanism_v2/paired_layer_control/large_seed3407/short_common_scan/A/videos/A_023/location_25.mp4,True,1.0,0,0.9363653431145702,0.0012892864890640676,0.2646855967494826,187.0,True,True,red,circle,0.11696319483057213,-0.0012593072152252448,0.0032876234250257593,True,1.0,-0.01187648456057002
A_023,high,23,0,26,after block 25,25,6.103609185978564,6.19875,2.936,2.9011250000000004,-0.010688836104512923,False,runs/pendulum/unified_mechanism_v2/paired_layer_control/large_seed3407/short_common_scan/A/videos/A_023/location_26.mp4,True,1.0,0,1.006822342679553,0.0013436954902519838,0.2646855967494826,187.0,True,True,red,circle,0.11732589964605339,-0.0013490247844413605,0.003772589304092339,True,1.0,-0.01187648456057002
A_023,high,23,0,27,after block 26,26,6.103609185978564,6.19875,2.936,2.91275,-0.00712589073634204,False,runs/pendulum/unified_mechanism_v2/paired_layer_control/large_seed3407/short_common_scan/A/videos/A_023/location_27.mp4,True,1.0,0,0.9544346545104953,0.001405983044916459,0.277307591324788,187.0,True,True,red,circle,0.11572003434200152,-0.0008329093617798536,0.0037063119424562145,True,1.0,-0.009501187648455962
A_023,high,23,0,28,after block 27,27,6.103609185978564,6.19875,2.936,2.932125,-0.0011876484560569612,False,runs/pendulum/unified_mechanism_v2/paired_layer_control/large_seed3407/short_common_scan/A/videos/A_023/location_28.mp4,True,1.0,0,1.0259620398037854,0.0014532548401596235,0.511606977539852,187.0,True,True,red,circle,0.11765931278389413,-0.001052499435421798,0.0034777850412137925,True,1.0,-0.0011876484560569612
A_023,high,23,0,29,after block 28,28,6.103609185978564,6.19875,2.936,2.936,0.0,False,runs/pendulum/unified_mechanism_v2/paired_layer_control/large_seed3407/short_common_scan/A/videos/A_023/location_29.mp4,True,1.0,0,1.0164165945703745,0.0013394720734868082,0.42291534953391563,189.0,True,True,red,circle,0.11651878608758037,-0.0013619104933805615,0.003624048545304579,True,1.0,0.0
A_023,high,23,0,30,after block 29,29,6.103609185978564,6.19875,2.936,2.936,0.0,False,runs/pendulum/unified_mechanism_v2/paired_layer_control/large_seed3407/short_common_scan/A/videos/A_023/location_30.mp4,True,1.0,0,0.9812771911999375,0.0013247187133610672,0.5202167788470253,189.0,True,True,red,circle,0.11693055602658513,-0.0016060860839783768,0.0035248278761471244,True,1.0,0.0
A_038,high,38,0,0,embedding output,,6.288505378158094,6.163875,2.746125,6.163875,1.0,True,runs/pendulum/unified_mechanism_v2/paired_layer_control/large_seed3407/short_common_scan/A/videos/A_038/location_00.mp4,True,1.0,0,3.561171251489647,0.015057423995808866,0.944823016610537,209.0,True,True,blue,circle,0.14209457156796862,0.001204307400191914,0.0044671063071784825,True,0.984375,1.0
A_038,high,38,0,1,after block 0,0,6.288505378158094,6.163875,2.746125,6.163875,1.0,True,runs/pendulum/unified_mechanism_v2/paired_layer_control/large_seed3407/short_common_scan/A/videos/A_038/location_01.mp4,True,1.0,0,3.6998114116235024,0.015051792165290678,1.0202880466401192,209.0,True,True,blue,circle,0.14210520224806283,0.0013046072071155874,0.004536247735382679,True,0.984375,1.0
A_038,high,38,0,2,after block 1,1,6.288505378158094,6.163875,2.746125,6.163875,1.0,True,runs/pendulum/unified_mechanism_v2/paired_layer_control/large_seed3407/short_common_scan/A/videos/A_038/location_02.mp4,True,1.0,0,3.567156074601068,0.015307476134014647,1.0202880466401192,209.0,True,True,blue,circle,0.14201504717050353,0.0012029747443986064,0.004481916936691244,True,0.984375,1.0
A_038,high,38,0,3,after block 2,2,6.288505378158094,6.163875,2.746125,6.16,0.9988662131519275,True,runs/pendulum/unified_mechanism_v2/paired_layer_control/large_seed3407/short_common_scan/A/videos/A_038/location_03.mp4,True,1.0,0,3.503610851406664,0.014752435781518414,1.1592754696357053,209.0,True,True,blue,circle,0.1419460091365779,0.001152592035874042,0.004364072472826167,True,0.984375,0.9988662131519275
A_038,high,38,0,4,after block 3,3,6.288505378158094,6.163875,2.746125,6.163875,1.0,True,runs/pendulum/unified_mechanism_v2/paired_layer_control/large_seed3407/short_common_scan/A/videos/A_038/location_04.mp4,True,1.0,0,3.541442115669131,0.015308011383428272,1.1592754696357053,209.0,True,True,blue,circle,0.1419212689227415,0.0011487623753608119,0.0043895161166366565,True,0.984375,1.0
A_038,high,38,0,5,after block 4,4,6.288505378158094,6.163875,2.746125,6.16,0.9988662131519275,True,runs/pendulum/unified_mechanism_v2/paired_layer_control/large_seed3407/short_common_scan/A/videos/A_038/location_05.mp4,True,1.0,0,3.542461927564312,0.015343788611660913,1.1592754696357053,208.5,True,True,blue,circle,0.14193670473422199,0.0011773714282083145,0.004340323360750941,True,0.984375,0.9988662131519275
A_038,high,38,0,6,after block 5,5,6.288505378158094,6.163875,2.746125,6.13675,0.9920634920634921,True,runs/pendulum/unified_mechanism_v2/paired_layer_control/large_seed3407/short_common_scan/A/videos/A_038/location_06.mp4,True,1.0,0,2.796236656914146,0.015736033124691295,0.8287018704783209,205.0,True,True,blue,circle,0.1424036463970286,0.0016178993731721881,0.005569656950685261,True,0.984375,0.9931972789115646
A_038,high,38,0,7,after block 6,6,6.288505378158094,6.163875,2.746125,6.148375,0.9954648526077097,True,runs/pendulum/unified_mechanism_v2/paired_layer_control/large_seed3407/short_common_scan/A/videos/A_038/location_07.mp4,True,1.0,0,2.572860466182891,0.015590553604055063,0.7683233805912635,204.0,True,True,blue,circle,0.14202337447942995,0.0016420957600454596,0.005705043683745237,True,0.984375,0.997732426303855
A_038,high,38,0,8,after block 7,7,6.288505378158094,6.163875,2.746125,6.1445,0.9943310657596371,True,runs/pendulum/unified_mechanism_v2/paired_layer_control/large_seed3407/short_common_scan/A/videos/A_038/location_08.mp4,True,1.0,0,2.8409215163341983,0.01566020072430105,0.9050518774256509,202.0,True,True,blue,circle,0.14085950483876475,0.002130694017045923,0.005587927509691062,True,0.984375,0.9965986394557824
A_038,high,38,0,9,after block 8,8,6.288505378158094,6.163875,2.746125,6.1445,0.9943310657596371,True,runs/pendulum/unified_mechanism_v2/paired_layer_control/large_seed3407/short_common_scan/A/videos/A_038/location_09.mp4,True,1.0,0,2.8581537397589645,0.01516495731376627,0.6829501213361957,202.0,True,True,blue,circle,0.14065031192449978,0.0021413690979553766,0.005765659763968349,True,0.984375,0.9965986394557824
A_038,high,38,0,10,after block 9,9,6.288505378158094,6.163875,2.746125,6.1290000000000004,0.989795918367347,True,runs/pendulum/unified_mechanism_v2/paired_layer_control/large_seed3407/short_common_scan/A/videos/A_038/location_10.mp4,True,1.0,0,2.9972269540145504,0.014887411160394465,0.7856018935333211,201.0,True,True,blue,circle,0.13781706126857046,0.0019972353353334177,0.005650560321608722,True,0.984375,0.989795918367347
A_038,high,38,0,11,after block 10,10,6.288505378158094,6.163875,2.746125,6.1057500000000005,0.9829931972789117,True,runs/pendulum/unified_mechanism_v2/paired_layer_control/large_seed3407/short_common_scan/A/videos/A_038/location_11.mp4,True,1.0,0,3.974239579735461,0.014812921852683458,0.7856018935333211,198.0,True,True,blue,circle,0.13615097664868622,0.001973369368840963,0.005417370090654469,True,0.984375,0.9829931972789117
A_038,high,38,0,12,after block 11,11,6.288505378158094,6.163875,2.746125,6.07475,0.973922902494331,True,runs/pendulum/unified_mechanism_v2/paired_layer_control/large_seed3407/short_common_scan/A/videos/A_038/location_12.mp4,True,1.0,0,3.833944918086536,0.01538159937435149,0.7482291798503936,198.0,True,True,blue,circle,0.13475182690468276,0.002288615650007519,0.00554935828696899,True,0.984375,0.9750566893424035
A_038,high,38,0,13,after block 12,12,6.288505378158094,6.163875,2.746125,6.07475,0.973922902494331,True,runs/pendulum/unified_mechanism_v2/paired_layer_control/large_seed3407/short_common_scan/A/videos/A_038/location_13.mp4,True,1.0,0,3.004050390402158,0.01668662461069592,0.3376467388804998,196.0,True,True,blue,circle,0.12298170026213716,0.002634580042620596,0.005950934170568673,True,0.984375,0.9761904761904763
A_038,high,38,0,14,after block 13,13,6.288505378158094,6.163875,2.746125,5.881,0.917233560090703,False,runs/pendulum/unified_mechanism_v2/paired_layer_control/large_seed3407/short_common_scan/A/videos/A_038/location_14.mp4,True,1.0,0,3.0204079551555463,0.0018420747942262672,0.7575934863150185,139.0,True,True,red,circle,0.06564495240111674,0.019174903262403977,0.027430354793191322,False,0.015625,nan
A_038,high,38,0,15,after block 14,14,6.288505378158094,6.163875,2.746125,3.0406250000000004,0.0861678004535148,False,runs/pendulum/unified_mechanism_v2/paired_layer_control/large_seed3407/short_common_scan/A/videos/A_038/location_15.mp4,True,1.0,0,1.1856803423435565,0.0010185434810892624,1.1705752435362666,173.0,True,True,red,circle,0.1304364436180992,-0.009132790627150188,0.02938087209419868,True,1.0,0.08843537414965984
A_038,high,38,0,16,after block 15,15,6.288505378158094,6.163875,2.746125,3.032875,0.08390022675736963,False,runs/pendulum/unified_mechanism_v2/paired_layer_control/large_seed3407/short_common_scan/A/videos/A_038/location_16.mp4,True,1.0,0,1.0959863717016431,0.0011499482024083796,1.053125090332042,176.5,True,True,red,circle,0.13323023723904062,-0.009460323904373317,0.02180786239418343,True,1.0,0.08390022675736963
A_038,high,38,0,17,after block 16,16,6.288505378158094,6.163875,2.746125,3.009625,0.07709750566893427,False,runs/pendulum/unified_mechanism_v2/paired_layer_control/large_seed3407/short_common_scan/A/videos/A_038/location_17.mp4,True,1.0,0,1.0266548547580228,0.0009957314688178731,1.170631815172019,178.0,True,True,red,circle,0.13671435855816388,-0.008884919625583403,0.018672411120900265,True,1.0,0.07709750566893427
A_038,high,38,0,18,after block 17,17,6.288505378158094,6.163875,2.746125,2.9515000000000002,0.06009070294784583,False,runs/pendulum/unified_mechanism_v2/paired_layer_control/large_seed3407/short_common_scan/A/videos/A_038/location_18.mp4,True,1.0,0,1.1846877343918816,0.001215312488185183,0.6037131345870661,180.0,True,True,red,circle,0.12688257143401888,-0.006538700517544701,0.009361428786955787,True,1.0,0.06235827664399087
A_038,high,38,0,19,after block 18,18,6.288505378158094,6.163875,2.746125,2.9863750000000002,0.0702947845804989,False,runs/pendulum/unified_mechanism_v2/paired_layer_control/large_seed3407/short_common_scan/A/videos/A_038/location_19.mp4,True,1.0,0,1.3060196779186886,0.0011030797459245234,0.4107462347117719,181.0,True,True,red,circle,0.128374142441471,-0.006038070300928922,0.009255322512741006,True,1.0,0.07256235827664406
A_038,high,38,0,20,after block 19,19,6.288505378158094,6.163875,2.746125,2.9476250000000004,0.05895691609977331,False,runs/pendulum/unified_mechanism_v2/paired_layer_control/large_seed3407/short_common_scan/A/videos/A_038/location_20.mp4,True,1.0,0,1.222437552928118,0.0012436133638032143,0.3537862109425148,182.0,True,True,red,circle,0.13714971500174344,-0.003041345234374016,0.009012617151543638,True,1.0,0.06009070294784583
A_038,high,38,0,21,after block 20,20,6.288505378158094,6.163875,2.746125,2.8778750000000004,0.038548752834467195,False,runs/pendulum/unified_mechanism_v2/paired_layer_control/large_seed3407/short_common_scan/A/videos/A_038/location_21.mp4,True,1.0,0,1.3317233677697535,0.0013014445661312102,0.34425434527797294,181.0,True,True,red,circle,0.13566860633922634,-0.002137819612036375,0.0086758769590745,True,1.0,0.040816326530612235
A_038,high,38,0,22,after block 21,21,6.288505378158094,6.163875,2.746125,2.7848750000000004,0.011337868480725707,False,runs/pendulum/unified_mechanism_v2/paired_layer_control/large_seed3407/short_common_scan/A/videos/A_038/location_22.mp4,True,1.0,0,1.2389802936545946,0.0009114078141927717,0.2978392255182817,184.0,True,True,red,circle,0.15998690789349918,0.004167022335557634,0.005476344520938029,True,1.0,0.011337868480725707
A_038,high,38,0,23,after block 22,22,6.288505378158094,6.163875,2.746125,2.753875,0.0022675736961450376,False,runs/pendulum/unified_mechanism_v2/paired_layer_control/large_seed3407/short_common_scan/A/videos/A_038/location_23.mp4,True,1.0,0,1.3603394753862008,0.0009759044013682994,0.2781106300161228,186.0,True,True,red,circle,0.16096308814060944,0.005131321831272797,0.005241504764051053,True,1.0,0.0022675736961450376
A_038,high,38,0,24,after block 23,23,6.288505378158094,6.163875,2.746125,2.7422500000000003,-0.0011337868480725188,False,runs/pendulum/unified_mechanism_v2/paired_layer_control/large_seed3407/short_common_scan/A/videos/A_038/location_24.mp4,True,1.0,0,1.255677808646645,0.0007763402379684647,0.2926392666642769,185.0,True,True,red,circle,0.16186833427106267,0.004536500241476265,0.005103927251976226,True,1.0,-0.0011337868480725188
A_038,high,38,0,25,after block 24,24,6.288505378158094,6.163875,2.746125,2.72675,-0.005668934240362853,False,runs/pendulum/unified_mechanism_v2/paired_layer_control/large_seed3407/short_common_scan/A/videos/A_038/location_25.mp4,True,1.0,0,1.3000526194208062,0.0008459580438033021,0.3553687638375765,187.0,True,True,red,circle,0.16086949822923824,0.005154643785678208,0.005193670668620928,True,1.0,-0.0045351473922903346
A_038,high,38,0,26,after block 25,25,6.288505378158094,6.163875,2.746125,2.7422500000000003,-0.0011337868480725188,False,runs/pendulum/unified_mechanism_v2/paired_layer_control/large_seed3407/short_common_scan/A/videos/A_038/location_26.mp4,True,1.0,0,1.3106597145849004,0.0008841997005364921,0.24563441057520985,188.0,True,True,red,circle,0.16485292287664302,0.00403987844713661,0.004963757433664245,True,1.0,-0.0022675736961450376
A_038,high,38,0,27,after block 26,26,6.288505378158094,6.163875,2.746125,2.746125,0.0,False,runs/pendulum/unified_mechanism_v2/paired_layer_control/large_seed3407/short_common_scan/A/videos/A_038/location_27.mp4,True,1.0,0,1.3078152161262233,0.0009412224348130105,0.29043503420251776,188.0,True,True,red,circle,0.16580119933774853,0.0041579026434128445,0.00433156133235784,True,1.0,0.0
A_038,high,38,0,28,after block 27,27,6.288505378158094,6.163875,2.746125,2.7383750000000004,-0.0022675736961450376,False,runs/pendulum/unified_mechanism_v2/paired_layer_control/large_seed3407/short_common_scan/A/videos/A_038/location_28.mp4,True,1.0,0,1.2720350193464374,0.0008909159609424289,0.2923000427244074,187.5,True,True,red,circle,0.1668105149582186,0.003599651348098846,0.004428800724170639,True,1.0,-0.0022675736961450376
A_038,high,38,0,29,after block 28,28,6.288505378158094,6.163875,2.746125,2.7383750000000004,-0.0022675736961450376,False,runs/pendulum/unified_mechanism_v2/paired_layer_control/large_seed3407/short_common_scan/A/videos/A_038/location_29.mp4,True,1.0,0,1.2075101823986785,0.0010193757623762345,0.2611579069919371,187.0,True,True,red,circle,0.16857848097985786,0.0031797317595694792,0.004850500206798396,True,1.0,-0.0011337868480725188
A_038,high,38,0,30,after block 29,29,6.288505378158094,6.163875,2.746125,2.746125,0.0,False,runs/pendulum/unified_mechanism_v2/paired_layer_control/large_seed3407/short_common_scan/A/videos/A_038/location_30.mp4,True,1.0,0,1.2075101823986785,0.0011083541703288402,0.2872708826879628,188.0,True,True,red,circle,0.1687054997784937,0.00261741844816417,0.004659710028958033,True,1.0,0.0
A_044,high,44,0,0,embedding output,,5.898060334140399,5.8267500000000005,2.9631250000000002,5.819,0.997293640054127,True,runs/pendulum/unified_mechanism_v2/paired_layer_control/large_seed3407/short_common_scan/A/videos/A_044/location_00.mp4,True,1.0,0,3.2827935365191214,0.016183000717056,3.1416038418976946,207.5,True,True,blue,circle,0.14688577135321151,0.002667436026815148,0.005369102718890561,True,1.0,0.9945872801082543
A_044,high,44,0,1,after block 0,0,5.898060334140399,5.8267500000000005,2.9631250000000002,5.815125,0.9959404600811906,True,runs/pendulum/unified_mechanism_v2/paired_layer_control/large_seed3407/short_common_scan/A/videos/A_044/location_01.mp4,True,1.0,0,3.228123939417748,0.01628455119963315,3.057019282210733,207.0,True,True,blue,circle,0.1466182852944873,0.002745395543761139,0.005196134591070139,True,1.0,0.9945872801082543
A_044,high,44,0,2,after block 1,1,5.898060334140399,5.8267500000000005,2.9631250000000002,5.819,0.997293640054127,True,runs/pendulum/unified_mechanism_v2/paired_layer_control/large_seed3407/short_common_scan/A/videos/A_044/location_02.mp4,True,1.0,0,3.2821234989524495,0.017161061771510278,2.94106949396178,208.0,True,True,blue,circle,0.14667285443931477,0.002791396303486788,0.005282266721248139,True,1.0,0.9945872801082543
A_044,high,44,0,3,after block 2,2,5.898060334140399,5.8267500000000005,2.9631250000000002,5.819,0.997293640054127,True,runs/pendulum/unified_mechanism_v2/paired_layer_control/large_seed3407/short_common_scan/A/videos/A_044/location_03.mp4,True,1.0,0,3.1734080027896003,0.016456431065651173,3.3541682934994386,207.0,True,True,blue,circle,0.1468381689079473,0.0027255221478122795,0.005293072070715141,True,1.0,0.9945872801082543
A_044,high,44,0,4,after block 3,3,5.898060334140399,5.8267500000000005,2.9631250000000002,5.819,0.997293640054127,True,runs/pendulum/unified_mechanism_v2/paired_layer_control/large_seed3407/short_common_scan/A/videos/A_044/location_04.mp4,True,1.0,0,3.3552745270529636,0.016541186218749976,3.057019282210733,207.0,True,True,blue,circle,0.14667419588394814,0.0027853339080908686,0.005299698394554072,True,1.0,0.9945872801082543
A_044,high,44,0,5,after block 4,4,5.898060334140399,5.8267500000000005,2.9631250000000002,5.819,0.997293640054127,True,runs/pendulum/unified_mechanism_v2/paired_layer_control/large_seed3407/short_common_scan/A/videos/A_044/location_05.mp4,True,1.0,0,3.3264744217630864,0.01637888183842065,3.0159183453046006,207.0,True,True,blue,circle,0.1465963973120002,0.0027224934884941196,0.005316318953603995,True,1.0,0.9945872801082543
A_044,high,44,0,6,after block 5,5,5.898060334140399,5.8267500000000005,2.9631250000000002,5.819,0.997293640054127,True,runs/pendulum/unified_mechanism_v2/paired_layer_control/large_seed3407/short_common_scan/A/videos/A_044/location_06.mp4,True,1.0,0,4.017338570911534,0.0178588930130118,2.724807018968458,202.0,True,True,blue,circle,0.1484749457639234,0.003038326563849259,0.004776215590411366,True,0.984375,0.997293640054127
A_044,high,44,0,7,after block 6,6,5.898060334140399,5.8267500000000005,2.9631250000000002,5.822875,0.9986468200270633,True,runs/pendulum/unified_mechanism_v2/paired_layer_control/large_seed3407/short_common_scan/A/videos/A_044/location_07.mp4,True,1.0,0,3.9005058356477322,0.018333520216859356,2.8827871637811326,202.0,True,True,blue,circle,0.14799547165249055,0.003183890911027599,0.004870789764198648,True,0.984375,0.997293640054127
A_044,high,44,0,8,after block 7,7,5.898060334140399,5.8267500000000005,2.9631250000000002,5.79575,0.9891745602165086,True,runs/pendulum/unified_mechanism_v2/paired_layer_control/large_seed3407/short_common_scan/A/videos/A_044/location_08.mp4,True,1.0,0,3.7655121046706905,0.01778321625947435,2.689033572984766,201.0,True,True,blue,circle,0.14714589944928216,0.0030342846510016037,0.004663665643293328,True,0.984375,0.9891745602165086
A_044,high,44,0,9,after block 8,8,5.898060334140399,5.8267500000000005,2.9631250000000002,5.791875,0.9878213802435722,True,runs/pendulum/unified_mechanism_v2/paired_layer_control/large_seed3407/short_common_scan/A/videos/A_044/location_09.mp4,True,1.0,0,3.985277651098001,0.017527257688659703,2.861568271999528,200.0,True,True,blue,circle,0.14709500562007022,0.0031172133994674034,0.004628447765099848,True,0.984375,0.9891745602165086
A_044,high,44,0,10,after block 9,9,5.898060334140399,5.8267500000000005,2.9631250000000002,5.729875,0.9661705006765897,True,runs/pendulum/unified_mechanism_v2/paired_layer_control/large_seed3407/short_common_scan/A/videos/A_044/location_10.mp4,True,1.0,0,3.0253209102054193,0.0172639863830526,2.5344466524498097,198.5,True,True,blue,circle,0.14313712783100524,0.0033393302632640036,0.004231124874023841,True,0.984375,0.9675236806495264
A_044,high,44,0,11,after block 10,10,5.898060334140399,5.8267500000000005,2.9631250000000002,5.714375,0.9607577807848443,True,runs/pendulum/unified_mechanism_v2/paired_layer_control/large_seed3407/short_common_scan/A/videos/A_044/location_11.mp4,True,1.0,0,3.529110521325476,0.016995681966262277,2.4108486490291368,197.5,True,True,blue,circle,0.1425446909534534,0.0037918683883703583,0.004710804852605293,True,0.984375,0.9621109607577807
A_044,high,44,0,12,after block 11,11,5.898060334140399,5.8267500000000005,2.9631250000000002,5.664000000000001,0.9431664411366713,True,runs/pendulum/unified_mechanism_v2/paired_layer_control/large_seed3407/short_common_scan/A/videos/A_044/location_12.mp4,True,1.0,0,3.7369278377402924,0.018930842099327244,2.6767316673193244,197.5,True,True,blue,circle,0.1413469315602579,0.003841361333633758,0.0056703043643668485,True,0.984375,0.9431664411366713
A_044,high,44,0,13,after block 12,12,5.898060334140399,5.8267500000000005,2.9631250000000002,5.602,0.9215155615696887,True,runs/pendulum/unified_mechanism_v2/paired_layer_control/large_seed3407/short_common_scan/A/videos/A_044/location_13.mp4,True,1.0,0,3.7021394630603663,0.018184788133472907,2.5518761200916673,192.0,True,True,blue,circle,0.1282403922691251,0.004034403512008256,0.0066795668723279205,True,0.984375,0.9215155615696887
A_044,high,44,0,14,after block 13,13,5.898060334140399,5.8267500000000005,2.9631250000000002,5.4818750000000005,0.8795669824086604,False,runs/pendulum/unified_mechanism_v2/paired_layer_control/large_seed3407/short_common_scan/A/videos/A_044/location_14.mp4,True,1.0,0,1.6797492891637273,0.001136005691554115,1.2351568068101424,166.0,True,True,red,circle,0.07436920384349545,0.0075868654860697165,0.03541778471453776,False,0.265625,0.11502029769959395
A_044,high,44,0,15,after block 14,14,5.898060334140399,5.8267500000000005,2.9631250000000002,2.9243750000000004,-0.013531799729363948,False,runs/pendulum/unified_mechanism_v2/paired_layer_control/large_seed3407/short_common_scan/A/videos/A_044/location_15.mp4,True,1.0,0,1.49437273498722,0.0007813589611317118,1.272170748119426,178.0,True,True,red,circle,0.1440492646682304,-0.004764201817384445,0.011105425221825567,True,1.0,-0.010825439783491252
A_044,high,44,0,16,after block 15,15,5.898060334140399,5.8267500000000005,2.9631250000000002,2.908875,-0.01894451962110965,False,runs/pendulum/unified_mechanism_v2/paired_layer_control/large_seed3407/short_common_scan/A/videos/A_044/location_16.mp4,True,1.0,0,1.2580769719095228,0.000843412037155572,1.1251463907546628,180.0,True,True,red,circle,0.14583927176068637,-0.0031096388622035903,0.00794023450657371,True,1.0,-0.017591339648173304
A_044,high,44,0,17,after block 16,16,5.898060334140399,5.8267500000000005,2.9631250000000002,2.885625,-0.027063599458728053,False,runs/pendulum/unified_mechanism_v2/paired_layer_control/large_seed3407/short_common_scan/A/videos/A_044/location_17.mp4,True,1.0,0,1.3873045170067595,0.0007695995243499898,1.1989734479370913,181.0,True,True,red,circle,0.14659465494788737,-0.0022408380776785483,0.007703498178812835,True,1.0,-0.025710419485791704
A_044,high,44,0,18,after block 17,17,5.898060334140399,5.8267500000000005,2.9631250000000002,2.8895,-0.025710419485791704,False,runs/pendulum/unified_mechanism_v2/paired_layer_control/large_seed3407/short_common_scan/A/videos/A_044/location_18.mp4,True,1.0,0,1.4527151820864859,0.0009005760845408883,0.8640437254082743,183.5,True,True,red,circle,0.14343374917763874,-0.00242235884980419,0.00773896328073415,True,1.0,-0.025710419485791704
A_044,high,44,0,19,after block 18,18,5.898060334140399,5.8267500000000005,2.9631250000000002,2.9282500000000002,-0.0121786197564276,False,runs/pendulum/unified_mechanism_v2/paired_layer_control/large_seed3407/short_common_scan/A/videos/A_044/location_19.mp4,True,1.0,0,1.536256176191036,0.000987208041565879,0.7485125589014492,183.0,True,True,red,circle,0.14303164909712243,-0.0025798689417211086,0.00883176283152822,True,1.0,-0.010825439783491252
A_044,high,44,0,20,after block 19,19,5.898060334140399,5.8267500000000005,2.9631250000000002,2.9708750000000004,0.0027063599458728516,False,runs/pendulum/unified_mechanism_v2/paired_layer_control/large_seed3407/short_common_scan/A/videos/A_044/location_20.mp4,True,1.0,0,1.3795552758368095,0.0009404618254209296,0.44951538921611706,184.0,True,True,red,circle,0.14190703493089946,-0.002730614811148185,0.00800372231712202,True,1.0,0.0040595399188092
A_044,high,44,0,21,after block 20,20,5.898060334140399,5.8267500000000005,2.9631250000000002,2.94375,-0.006765899864682051,False,runs/pendulum/unified_mechanism_v2/paired_layer_control/large_seed3407/short_common_scan/A/videos/A_044/location_21.mp4,True,1.0,0,1.395953398883312,0.0011658322800582321,0.50740897659137,183.0,True,True,red,circle,0.13729372927512584,-0.0013026017808648671,0.007276630454267448,True,1.0,-0.005412719891745548
A_044,high,44,0,22,after block 21,21,5.898060334140399,5.8267500000000005,2.9631250000000002,2.9282500000000002,-0.0121786197564276,False,runs/pendulum/unified_mechanism_v2/paired_layer_control/large_seed3407/short_common_scan/A/videos/A_044/location_22.mp4,True,1.0,0,1.5182657847905408,0.0009875154110935702,0.15876308670182016,187.0,True,True,red,circle,0.1506235920892142,0.00186943161243782,0.006083333452493933,True,1.0,-0.010825439783491252
A_044,high,44,0,23,after block 22,22,5.898060334140399,5.8267500000000005,2.9631250000000002,2.908875,-0.01894451962110965,False,runs/pendulum/unified_mechanism_v2/paired_layer_control/large_seed3407/short_common_scan/A/videos/A_044/location_23.mp4,True,1.0,0,1.5810702934138998,0.0010983215416928704,0.18353482831118295,187.0,True,True,red,circle,0.1502630215917695,0.0025207313415481756,0.006158510770048152,True,1.0,-0.017591339648173304
A_044,high,44,0,24,after block 23,23,5.898060334140399,5.8267500000000005,2.9631250000000002,2.91275,-0.017591339648173304,False,runs/pendulum/unified_mechanism_v2/paired_layer_control/large_seed3407/short_common_scan/A/videos/A_044/location_24.mp4,True,1.0,0,1.6062834931868903,0.0009947414062808635,0.15876308670182016,188.0,True,True,red,circle,0.15011530660392405,0.002395676744027585,0.0060821588102498375,True,1.0,-0.0162381596752368
A_044,high,44,0,25,after block 24,24,5.898060334140399,5.8267500000000005,2.9631250000000002,2.8817500000000003,-0.0284167794316644,False,runs/pendulum/unified_mechanism_v2/paired_layer_control/large_seed3407/short_common_scan/A/videos/A_044/location_25.mp4,True,1.0,0,1.6739691116405753,0.0010780364796387498,0.21469736017131907,190.0,True,True,red,circle,0.15052130693125967,0.003332929122966863,0.00676740969636569,True,1.0,-0.0284167794316644
A_044,high,44,0,26,after block 25,25,5.898060334140399,5.8267500000000005,2.9631250000000002,2.91275,-0.017591339648173304,False,runs/pendulum/unified_mechanism_v2/paired_layer_control/large_seed3407/short_common_scan/A/videos/A_044/location_26.mp4,True,1.0,0,1.449937459716863,0.0009360184584824016,0.15876308670182016,190.5,True,True,red,circle,0.152408011245244,0.002624449914904733,0.005736775458723749,True,1.0,-0.017591339648173304
A_044,high,44,0,27,after block 26,26,5.898060334140399,5.8267500000000005,2.9631250000000002,2.9476250000000004,-0.005412719891745548,False,runs/pendulum/unified_mechanism_v2/paired_layer_control/large_seed3407/short_common_scan/A/videos/A_044/location_27.mp4,True,1.0,0,1.551873293104364,0.0007812135244688601,0.15214216631220892,190.0,True,True,red,circle,0.15240959930001802,0.002401455944100677,0.004966610012362257,True,1.0,-0.005412719891745548
A_044,high,44,0,28,after block 27,27,5.898060334140399,5.8267500000000005,2.9631250000000002,2.955375,-0.0027063599458728516,False,runs/pendulum/unified_mechanism_v2/paired_layer_control/large_seed3407/short_common_scan/A/videos/A_044/location_28.mp4,True,1.0,0,1.449937459716863,0.0008679866026530536,0.18729238409261997,190.5,True,True,red,circle,0.15268477656223492,0.0018878237139213943,0.004614550096583507,True,1.0,-0.0027063599458728516
A_044,high,44,0,29,after block 28,28,5.898060334140399,5.8267500000000005,2.9631250000000002,2.95925,-0.0013531799729365034,False,runs/pendulum/unified_mechanism_v2/paired_layer_control/large_seed3407/short_common_scan/A/videos/A_044/location_29.mp4,True,1.0,0,1.48962268422697,0.0008095187944638649,0.23375599771408687,190.0,True,True,red,circle,0.1532040902064255,0.0016514140240660004,0.004424561365159413,True,1.0,-0.0013531799729365034
A_044,high,44,0,30,after block 29,29,5.898060334140399,5.8267500000000005,2.9631250000000002,2.9631250000000002,0.0,False,runs/pendulum/unified_mechanism_v2/paired_layer_control/large_seed3407/short_common_scan/A/videos/A_044/location_30.mp4,True,1.0,0,1.598740254865904,0.0006940622383119488,0.23375599771408687,190.5,True,True,red,circle,0.15324780217480535,0.0015316361428414332,0.004731303621806879,True,1.0,0.0
A_045,high,45,0,0,embedding output,,5.236709686688435,5.3075,2.8585000000000003,5.311375,1.0015822784810127,True,runs/pendulum/unified_mechanism_v2/paired_layer_control/large_seed3407/short_common_scan/A/videos/A_045/location_00.mp4,True,1.0,0,3.002684119643089,0.01609853170466194,3.642615426959643,206.5,True,True,blue,circle,0.12956736119756593,0.00015079562611875944,0.005573766027415593,True,0.984375,1.0
A_045,high,45,0,1,after block 0,0,5.236709686688435,5.3075,2.8585000000000003,5.31525,1.0031645569620251,True,runs/pendulum/unified_mechanism_v2/paired_layer_control/large_seed3407/short_common_scan/A/videos/A_045/location_01.mp4,True,1.0,0,3.1298322890852717,0.016259194919548636,3.633011180867901,207.0,True,True,blue,circle,0.12949388734303308,-5.1989963950365696e-05,0.005636786474967108,True,0.984375,1.0
A_045,high,45,0,2,after block 1,1,5.236709686688435,5.3075,2.8585000000000003,5.311375,1.0015822784810127,True,runs/pendulum/unified_mechanism_v2/paired_layer_control/large_seed3407/short_common_scan/A/videos/A_045/location_02.mp4,True,1.0,0,3.5627002469143303,0.01649382339809724,4.130144664563173,206.0,True,True,blue,circle,0.12932844875436497,-0.00014520102682095566,0.005607662253145792,True,0.984375,1.0
A_045,high,45,0,3,after block 2,2,5.236709686688435,5.3075,2.8585000000000003,5.311375,1.0015822784810127,True,runs/pendulum/unified_mechanism_v2/paired_layer_control/large_seed3407/short_common_scan/A/videos/A_045/location_03.mp4,True,1.0,0,3.3080934093858856,0.016007034686078198,4.035251467517065,206.0,True,True,blue,circle,0.1292574717606764,-0.00010210996101525379,0.005700775963269712,True,0.984375,1.0
A_045,high,45,0,4,after block 3,3,5.236709686688435,5.3075,2.8585000000000003,5.311375,1.0015822784810127,True,runs/pendulum/unified_mechanism_v2/paired_layer_control/large_seed3407/short_common_scan/A/videos/A_045/location_04.mp4,True,1.0,0,3.195291781214634,0.016130290574109946,3.9580455929007123,206.0,True,True,blue,circle,0.12919354010431533,-0.00018522771872952104,0.005622838226967336,True,0.984375,1.0
A_045,high,45,0,5,after block 4,4,5.236709686688435,5.3075,2.8585000000000003,5.311375,1.0015822784810127,True,runs/pendulum/unified_mechanism_v2/paired_layer_control/large_seed3407/short_common_scan/A/videos/A_045/location_05.mp4,True,1.0,0,3.051282053056153,0.015981801332043882,3.6725223531603683,206.0,True,True,blue,circle,0.12936640784275572,-0.00021507575342908272,0.005732023597941822,True,0.984375,1.0
A_045,high,45,0,6,after block 5,5,5.236709686688435,5.3075,2.8585000000000003,5.280375,0.9889240506329114,True,runs/pendulum/unified_mechanism_v2/paired_layer_control/large_seed3407/short_common_scan/A/videos/A_045/location_06.mp4,True,1.0,0,3.818632099826954,0.018017065350604294,4.283780582224003,204.0,True,True,blue,circle,0.12880425179756774,-0.00027289207895053817,0.007123148959841438,True,0.984375,0.9889240506329114
A_045,high,45,0,7,after block 6,6,5.236709686688435,5.3075,2.8585000000000003,5.272625000000001,0.9857594936708862,True,runs/pendulum/unified_mechanism_v2/paired_layer_control/large_seed3407/short_common_scan/A/videos/A_045/location_07.mp4,True,1.0,0,3.596160833580698,0.017931240743782995,4.278162901961575,205.0,True,True,blue,circle,0.1287592320443056,-0.00016449385763715323,0.0071193239589215675,True,0.984375,0.9873417721518989
A_045,high,45,0,8,after block 7,7,5.236709686688435,5.3075,2.8585000000000003,5.261,0.9810126582278481,True,runs/pendulum/unified_mechanism_v2/paired_layer_control/large_seed3407/short_common_scan/A/videos/A_045/location_08.mp4,True,1.0,0,3.218553456502232,0.0172364570719081,4.257845221349115,203.0,True,True,blue,circle,0.12772199063214695,-0.0003954041261869547,0.007589851289967542,True,0.984375,0.9825949367088607
A_045,high,45,0,9,after block 8,8,5.236709686688435,5.3075,2.8585000000000003,5.264875,0.9825949367088607,True,runs/pendulum/unified_mechanism_v2/paired_layer_control/large_seed3407/short_common_scan/A/videos/A_045/location_09.mp4,True,1.0,0,3.2777686649665503,0.01738939512520915,4.189082994295261,203.0,True,True,blue,circle,0.1276334427321417,-0.0004718049313342602,0.007560561134968556,True,0.984375,0.9825949367088607
A_045,high,45,0,10,after block 9,9,5.236709686688435,5.3075,2.8585000000000003,5.23,0.968354430379747,True,runs/pendulum/unified_mechanism_v2/paired_layer_control/large_seed3407/short_common_scan/A/videos/A_045/location_10.mp4,True,1.0,0,3.219641798636541,0.018078657127838682,4.281715248628208,200.0,True,True,blue,circle,0.12408838383150657,-0.0006043663474715173,0.00845596025567151,True,0.984375,0.9699367088607596
A_045,high,45,0,11,after block 10,10,5.236709686688435,5.3075,2.8585000000000003,5.210625,0.9604430379746837,True,runs/pendulum/unified_mechanism_v2/paired_layer_control/large_seed3407/short_common_scan/A/videos/A_045/location_11.mp4,True,1.0,0,4.4341925106066675,0.017891551514404247,4.238029668138707,198.0,True,True,blue,circle,0.12311278668906524,-0.0016024321992038919,0.008905448113140126,True,0.984375,0.9604430379746837
A_045,high,45,0,12,after block 11,11,5.236709686688435,5.3075,2.8585000000000003,5.195125,0.9541139240506329,True,runs/pendulum/unified_mechanism_v2/paired_layer_control/large_seed3407/short_common_scan/A/videos/A_045/location_12.mp4,True,1.0,0,4.615876869849535,0.017943263425832773,4.238029668138707,196.5,True,True,blue,circle,0.12183756274397525,-0.0019243269557933573,0.009236390008551214,True,0.984375,0.9541139240506329
A_045,high,45,0,13,after block 12,12,5.236709686688435,5.3075,2.8585000000000003,5.140875,0.9319620253164558,True,runs/pendulum/unified_mechanism_v2/paired_layer_control/large_seed3407/short_common_scan/A/videos/A_045/location_13.mp4,True,1.0,0,3.162397029257994,0.01810308008678982,4.273744822082558,194.0,True,True,blue,circle,0.1131901444373449,-0.0038463140720735533,0.011239299015625419,True,0.984375,0.9303797468354432
A_045,high,45,0,14,after block 13,13,5.236709686688435,5.3075,2.8585000000000003,4.92,0.8417721518987341,True,runs/pendulum/unified_mechanism_v2/paired_layer_control/large_seed3407/short_common_scan/A/videos/A_045/location_14.mp4,True,1.0,0,15.857508374499178,0.018719412990763296,18.43321822872905,179.0,True,True,blue,square,0.0865400693713894,-0.007033971983688742,0.01442364709246293,False,0.0,nan
A_045,high,45,0,15,after block 14,14,5.236709686688435,5.3075,2.8585000000000003,3.184,0.13291139240506325,False,runs/pendulum/unified_mechanism_v2/paired_layer_control/large_seed3407/short_common_scan/A/videos/A_045/location_15.mp4,True,1.0,0,1.3410039057477114,0.0013933436163589552,1.5887954538401936,171.0,True,True,red,circle,0.09612570407757663,-0.0031975716965198775,0.019393606772864162,True,1.0,0.1249999999999999
A_045,high,45,0,16,after block 15,15,5.236709686688435,5.3075,2.8585000000000003,3.102625,0.09968354430379744,False,runs/pendulum/unified_mechanism_v2/paired_layer_control/large_seed3407/short_common_scan/A/videos/A_045/location_16.mp4,True,1.0,0,1.462754284902304,0.0014552412992536734,1.561038684428005,172.0,True,True,red,circle,0.10210625383055506,-0.0016859600432065362,0.01662883422175561,True,1.0,0.09810126582278467
A_045,high,45,0,17,after block 16,16,5.236709686688435,5.3075,2.8585000000000003,3.048375,0.07753164556962018,False,runs/pendulum/unified_mechanism_v2/paired_layer_control/large_seed3407/short_common_scan/A/videos/A_045/location_17.mp4,True,1.0,0,1.4497963927734376,0.0010878585174309008,1.561038684428005,175.0,True,True,red,circle,0.10364241914728345,-0.0010551975918766411,0.015253873650486369,True,1.0,0.07594936708860758
A_045,high,45,0,18,after block 17,17,5.236709686688435,5.3075,2.8585000000000003,2.978625,0.04905063291139233,False,runs/pendulum/unified_mechanism_v2/paired_layer_control/large_seed3407/short_common_scan/A/videos/A_045/location_18.mp4,True,1.0,0,1.131637363157752,0.0011168485559715502,1.515753341029446,176.5,True,True,red,circle,0.11146635113464774,-0.0038442629246365667,0.007546997441273595,True,1.0,0.047468354430379736
A_045,high,45,0,19,after block 18,18,5.236709686688435,5.3075,2.8585000000000003,2.955375,0.03955696202531639,False,runs/pendulum/unified_mechanism_v2/paired_layer_control/large_seed3407/short_common_scan/A/videos/A_045/location_19.mp4,True,1.0,0,1.277448480745206,0.0010490601526068066,1.5322681225225507,177.0,True,True,red,circle,0.11429438994862047,-0.003993884535375153,0.00670869271486267,True,1.0,0.03955696202531639
A_045,high,45,0,20,after block 19,19,5.236709686688435,5.3075,2.8585000000000003,2.9631250000000002,0.042721518987341764,False,runs/pendulum/unified_mechanism_v2/paired_layer_control/large_seed3407/short_common_scan/A/videos/A_045/location_20.mp4,True,1.0,0,1.242414666552948,0.0010470198136227904,1.48829512815914,178.0,True,True,red,circle,0.114760147514152,-0.0052244912216902525,0.006272765962805821,True,1.0,0.041139240506328986
A_045,high,45,0,21,after block 20,20,5.236709686688435,5.3075,2.8585000000000003,2.9398750000000002,0.03322784810126581,False,runs/pendulum/unified_mechanism_v2/paired_layer_control/large_seed3407/short_common_scan/A/videos/A_045/location_21.mp4,True,1.0,0,1.0587249940164083,0.0011496289586372666,1.3813476319633478,179.0,True,True,red,circle,0.11150537347695978,-0.004843440301730019,0.005572633569441131,True,1.0,0.03322784810126581
A_045,high,45,0,22,after block 21,21,5.236709686688435,5.3075,2.8585000000000003,2.8468750000000003,-0.004746835443037974,False,runs/pendulum/unified_mechanism_v2/paired_layer_control/large_seed3407/short_common_scan/A/videos/A_045/location_22.mp4,True,1.0,0,1.2456046165389112,0.001235534069251365,1.2597241631364413,181.0,True,True,red,circle,0.12453002929207692,-0.002685649012354726,0.0040793283532221045,True,1.0,-0.0063291139240507525
A_045,high,45,0,23,after block 22,22,5.236709686688435,5.3075,2.8585000000000003,2.8546250000000004,-0.0015822784810125975,False,runs/pendulum/unified_mechanism_v2/paired_layer_control/large_seed3407/short_common_scan/A/videos/A_045/location_23.mp4,True,1.0,0,1.2589780007522697,0.0011379936410123581,1.1609034179162712,182.0,True,True,red,circle,0.12542336765655412,-0.003019262029816143,0.004305727302776261,True,1.0,-0.0031645569620253763
A_045,high,45,0,24,after block 23,23,5.236709686688435,5.3075,2.8585000000000003,2.843,-0.0063291139240507525,False,runs/pendulum/unified_mechanism_v2/paired_layer_control/large_seed3407/short_common_scan/A/videos/A_045/location_24.mp4,True,1.0,0,1.2434976627270249,0.001331677493921185,1.1517536177279706,183.0,True,True,red,circle,0.12640657725987167,-0.0030554599038118448,0.004049306238630377,True,1.0,-0.007911392405063349
A_045,high,45,0,25,after block 24,24,5.236709686688435,5.3075,2.8585000000000003,2.85075,-0.0031645569620253763,False,runs/pendulum/unified_mechanism_v2/paired_layer_control/large_seed3407/short_common_scan/A/videos/A_045/location_25.mp4,True,1.0,0,1.1599071873578972,0.0011134183482547633,0.8516689365584784,185.0,True,True,red,circle,0.1248382241634494,-0.0034449109604215806,0.00429840064442504,True,1.0,-0.004746835443037974
A_045,high,45,0,26,after block 25,25,5.236709686688435,5.3075,2.8585000000000003,2.8352500000000003,-0.009493670886075948,False,runs/pendulum/unified_mechanism_v2/paired_layer_control/large_seed3407/short_common_scan/A/videos/A_045/location_26.mp4,True,1.0,0,1.2847824729226278,0.0014723526775036466,0.9097255113936146,187.0,True,True,red,circle,0.1276604738257543,-0.0032441557924768696,0.004624606436672539,True,1.0,-0.011075949367088545
A_045,high,45,0,27,after block 26,26,5.236709686688435,5.3075,2.8585000000000003,2.8313750000000004,-0.011075949367088545,False,runs/pendulum/unified_mechanism_v2/paired_layer_control/large_seed3407/short_common_scan/A/videos/A_045/location_27.mp4,True,1.0,0,1.2292392451729444,0.001418781798016966,0.979803580387105,187.0,True,True,red,circle,0.12668462584138895,-0.002994377250265518,0.004787955587651532,True,1.0,-0.011075949367088545
A_045,high,45,0,28,after block 27,27,5.236709686688435,5.3075,2.8585000000000003,2.8585000000000003,0.0,False,runs/pendulum/unified_mechanism_v2/paired_layer_control/large_seed3407/short_common_scan/A/videos/A_045/location_28.mp4,True,1.0,0,1.165732581191937,0.0012301362716306552,0.4919402286170744,187.0,True,True,red,circle,0.127556120919218,-0.0029199824894597707,0.004631295735406492,True,1.0,-0.0015822784810125975
A_045,high,45,0,29,after block 28,28,5.236709686688435,5.3075,2.8585000000000003,2.8585000000000003,0.0,False,runs/pendulum/unified_mechanism_v2/paired_layer_control/large_seed3407/short_common_scan/A/videos/A_045/location_29.mp4,True,1.0,0,1.160608054815699,0.0012110817686748765,0.4919402286170744,187.0,True,True,red,circle,0.1270586703950775,-0.003176103552089334,0.004544585155657197,True,1.0,0.0
A_045,high,45,0,30,after block 29,29,5.236709686688435,5.3075,2.8585000000000003,2.862375,0.0015822784810125975,False,runs/pendulum/unified_mechanism_v2/paired_layer_control/large_seed3407/short_common_scan/A/videos/A_045/location_30.mp4,True,1.0,0,1.1611024112838564,0.0012927881037160527,0.3978575925751298,187.0,True,True,red,circle,0.12745922341708413,-0.0034005993737660466,0.0044113018107886735,True,1.0,0.0
A_048,high,48,0,0,embedding output,,6.088501158127696,5.9585,2.699625,5.954625,0.9988109393579073,True,runs/pendulum/unified_mechanism_v2/paired_layer_control/large_seed3407/short_common_scan/A/videos/A_048/location_00.mp4,True,1.0,0,3.393486550223483,0.017513640523546953,2.7593464535170047,211.0,True,True,blue,circle,0.12466896767722764,0.0009853608574357992,0.005615430777163055,True,1.0,0.9988109393579073
A_048,high,48,0,1,after block 0,0,6.088501158127696,5.9585,2.699625,5.962375,1.0011890606420928,True,runs/pendulum/unified_mechanism_v2/paired_layer_control/large_seed3407/short_common_scan/A/videos/A_048/location_01.mp4,True,1.0,0,3.2708263713664913,0.017230308738420796,2.834112880530768,211.0,True,True,blue,circle,0.1245029507986467,0.0010373174601526754,0.005467133074973679,True,1.0,1.0
A_048,high,48,0,2,after block 1,1,6.088501158127696,5.9585,2.699625,5.9585,1.0,True,runs/pendulum/unified_mechanism_v2/paired_layer_control/large_seed3407/short_common_scan/A/videos/A_048/location_02.mp4,True,1.0,0,3.320771777377521,0.017201036656114832,2.7069180929579533,210.5,True,True,blue,circle,0.12442755506984807,0.0009181137692587359,0.005499430879070581,True,1.0,1.0
A_048,high,48,0,3,after block 2,2,6.088501158127696,5.9585,2.699625,5.9662500000000005,1.0023781212841856,True,runs/pendulum/unified_mechanism_v2/paired_layer_control/large_seed3407/short_common_scan/A/videos/A_048/location_03.mp4,True,1.0,0,3.261094934469231,0.017436560978215693,2.7069180929579533,210.0,True,True,blue,circle,0.12423841308011115,0.000959178578617255,0.005319792007987845,True,1.0,1.0023781212841856
A_048,high,48,0,4,after block 3,3,6.088501158127696,5.9585,2.699625,5.970125,1.0035671819262784,True,runs/pendulum/unified_mechanism_v2/paired_layer_control/large_seed3407/short_common_scan/A/videos/A_048/location_04.mp4,True,1.0,0,3.170230499967196,0.016873979820737656,2.7069180929579533,209.0,True,True,blue,circle,0.12438629322923693,0.000822522323754772,0.005383983038512619,True,1.0,1.0023781212841856
A_048,high,48,0,5,after block 4,4,6.088501158127696,5.9585,2.699625,5.9662500000000005,1.0023781212841856,True,runs/pendulum/unified_mechanism_v2/paired_layer_control/large_seed3407/short_common_scan/A/videos/A_048/location_05.mp4,True,1.0,0,3.2939633141981273,0.017514213523137978,2.7815425858600404,210.5,True,True,blue,circle,0.12442629112002762,0.0010134482736835473,0.005382808963742932,True,1.0,1.0023781212841856
A_048,high,48,0,6,after block 5,5,6.088501158127696,5.9585,2.699625,5.6213750000000005,0.8965517241379312,True,runs/pendulum/unified_mechanism_v2/paired_layer_control/large_seed3407/short_common_scan/A/videos/A_048/location_06.mp4,True,1.0,0,3.635430053011374,0.017315308428854342,2.9626848149407516,202.0,True,True,blue,circle,0.12297534757347056,0.0007839803508096557,0.006281814649590391,True,0.984375,0.8989298454221166
A_048,high,48,0,7,after block 6,6,6.088501158127696,5.9585,2.699625,5.5865,0.8858501783590963,True,runs/pendulum/unified_mechanism_v2/paired_layer_control/large_seed3407/short_common_scan/A/videos/A_048/location_07.mp4,True,1.0,0,3.5473863398129852,0.01703557851221013,2.9587035104359467,202.5,True,True,blue,circle,0.12258124337432162,0.0009328072059450312,0.0069743333130362975,True,0.984375,0.8870392390011891
A_048,high,48,0,8,after block 7,7,6.088501158127696,5.9585,2.699625,5.582625,0.8846611177170036,True,runs/pendulum/unified_mechanism_v2/paired_layer_control/large_seed3407/short_common_scan/A/videos/A_048/location_08.mp4,True,1.0,0,3.4052376562406352,0.017475447415413542,2.82805792266705,202.0,True,True,blue,circle,0.12151869547878372,0.0010756792252550203,0.007447175178249814,True,0.984375,0.8870392390011891
A_048,high,48,0,9,after block 8,8,6.088501158127696,5.9585,2.699625,5.5865,0.8858501783590963,True,runs/pendulum/unified_mechanism_v2/paired_layer_control/large_seed3407/short_common_scan/A/videos/A_048/location_09.mp4,True,1.0,0,3.407575967728536,0.017037032104904037,2.82805792266705,202.0,True,True,blue,circle,0.12142885789048329,0.0011424118816841563,0.007342799614606219,True,0.984375,0.8870392390011891
A_048,high,48,0,10,after block 9,9,6.088501158127696,5.9585,2.699625,5.53225,0.8692033293697979,True,runs/pendulum/unified_mechanism_v2/paired_layer_control/large_seed3407/short_common_scan/A/videos/A_048/location_10.mp4,True,1.0,0,3.320224530577462,0.017968013942664146,2.817484343351298,201.0,True,True,blue,circle,0.11832895445608826,0.0008832399538201631,0.007304963316307566,True,0.984375,0.8715814506539834
A_048,high,48,0,11,after block 10,10,6.088501158127696,5.9585,2.699625,5.5051250000000005,0.8608799048751488,True,runs/pendulum/unified_mechanism_v2/paired_layer_control/large_seed3407/short_common_scan/A/videos/A_048/location_11.mp4,True,1.0,0,3.7964399347259574,0.017258755592623576,2.8306591487571717,199.0,True,True,blue,circle,0.1170955974625262,0.0008704805072649484,0.007764326461643735,True,0.984375,0.8620689655172415
A_048,high,48,0,12,after block 11,11,6.088501158127696,5.9585,2.699625,5.48575,0.854934601664685,True,runs/pendulum/unified_mechanism_v2/paired_layer_control/large_seed3407/short_common_scan/A/videos/A_048/location_12.mp4,True,1.0,0,3.2922723337106667,0.01706010021434934,2.8338662853464696,196.5,True,True,blue,circle,0.11479291895556913,0.0007360102554594035,0.008381222631625083,True,0.984375,0.8573127229488704
A_048,high,48,0,13,after block 12,12,6.088501158127696,5.9585,2.699625,5.416,0.8335315101070155,True,runs/pendulum/unified_mechanism_v2/paired_layer_control/large_seed3407/short_common_scan/A/videos/A_048/location_13.mp4,True,1.0,0,3.5898149820504943,0.01774519122200993,2.822677374106401,191.5,True,True,blue,circle,0.09865263633400147,-0.002335808456101106,0.013683607924058115,True,0.96875,0.8430439952437575
A_048,high,48,0,14,after block 13,13,6.088501158127696,5.9585,2.699625,5.168,0.7574316290130797,False,runs/pendulum/unified_mechanism_v2/paired_layer_control/large_seed3407/short_common_scan/A/videos/A_048/location_14.mp4,True,1.0,0,13.669623699000637,0.07046020581894757,21.097233775262435,42.5,True,True,blue,circle,0.03829928192980766,-0.028240003618653312,0.019145600501305093,False,0.03125,nan
A_048,high,48,0,15,after block 14,14,6.088501158127696,5.9585,2.699625,2.753875,0.01664684898929836,False,runs/pendulum/unified_mechanism_v2/paired_layer_control/large_seed3407/short_common_scan/A/videos/A_048/location_15.mp4,True,1.0,0,1.1717495377761573,0.001140881762797502,0.6428147637373745,177.0,True,True,red,circle,0.11829605603929516,-0.0019730545428590963,0.011072197420303104,True,1.0,0.017835909631391197
A_048,high,48,0,16,after block 15,15,6.088501158127696,5.9585,2.699625,2.777125,0.02378121284185484,False,runs/pendulum/unified_mechanism_v2/paired_layer_control/large_seed3407/short_common_scan/A/videos/A_048/location_16.mp4,True,1.0,0,1.015573113405727,0.0011389701734530189,0.5848015624521794,178.5,True,True,red,circle,0.12014425816977377,-0.0009432034889249278,0.0107590684807749,True,1.0,0.02378121284185484
A_048,high,48,0,17,after block 16,16,6.088501158127696,5.9585,2.699625,2.781,0.024970273483947675,False,runs/pendulum/unified_mechanism_v2/paired_layer_control/large_seed3407/short_common_scan/A/videos/A_048/location_17.mp4,True,1.0,0,1.1476232717479087,0.0010574690476561344,0.6277623741829417,181.0,True,True,red,circle,0.12231091933106812,0.0001961678892127068,0.010583337985025537,True,1.0,0.024970273483947675
A_048,high,48,0,18,after block 17,17,6.088501158127696,5.9585,2.699625,2.80425,0.032104637336504156,False,runs/pendulum/unified_mechanism_v2/paired_layer_control/large_seed3407/short_common_scan/A/videos/A_048/location_18.mp4,True,1.0,0,1.106595395390584,0.0010045398322876542,0.6994737085428467,181.0,True,True,red,circle,0.13221272196397477,0.0009916684756343314,0.0093643872016974,True,1.0,0.032104637336504156
A_048,high,48,0,19,after block 18,18,6.088501158127696,5.9585,2.699625,2.8120000000000003,0.03448275862068969,False,runs/pendulum/unified_mechanism_v2/paired_layer_control/large_seed3407/short_common_scan/A/videos/A_048/location_19.mp4,True,1.0,0,1.3164603900862573,0.001040214986268051,0.8150233837993682,182.0,True,True,red,circle,0.13704921401029485,0.0007680200309349214,0.00867404082650089,True,1.0,0.035671819262782394
A_048,high,48,0,20,after block 19,19,6.088501158127696,5.9585,2.699625,2.8313750000000004,0.040428061831153474,False,runs/pendulum/unified_mechanism_v2/paired_layer_control/large_seed3407/short_common_scan/A/videos/A_048/location_20.mp4,True,1.0,0,1.184681998706273,0.0007411058293259609,0.866162882895266,184.0,True,True,red,circle,0.14690579800669185,0.001090986886112716,0.007095211855605285,True,1.0,0.040428061831153474
A_048,high,48,0,21,after block 20,20,6.088501158127696,5.9585,2.699625,2.80425,0.032104637336504156,False,runs/pendulum/unified_mechanism_v2/paired_layer_control/large_seed3407/short_common_scan/A/videos/A_048/location_21.mp4,True,1.0,0,1.2388415584202486,0.0007947168559314932,0.8453042367370849,185.0,True,True,red,circle,0.144654138407443,0.0013251007040915887,0.00636698952609209,True,1.0,0.030915576694411317
A_048,high,48,0,22,after block 21,21,6.088501158127696,5.9585,2.699625,2.6957500000000003,-0.001189060642092701,False,runs/pendulum/unified_mechanism_v2/paired_layer_control/large_seed3407/short_common_scan/A/videos/A_048/location_22.mp4,True,1.0,0,1.1982758787807375,0.0009812013515179407,0.9655077850911982,188.0,True,True,red,circle,0.1611854898067647,0.003564457594349603,0.003855326645892935,True,1.0,-0.001189060642092701
A_048,high,48,0,23,after block 22,22,6.088501158127696,5.9585,2.699625,2.6686250000000005,-0.009512485136741881,False,runs/pendulum/unified_mechanism_v2/paired_layer_control/large_seed3407/short_common_scan/A/videos/A_048/location_23.mp4,True,1.0,0,1.216651005691963,0.0007775281716898286,0.9300664333915152,188.0,True,True,red,circle,0.1636664593503887,0.003306027068678663,0.004752878157020526,True,1.0,-0.009512485136741881
A_048,high,48,0,24,after block 23,23,6.088501158127696,5.9585,2.699625,2.66475,-0.010701545778834719,False,runs/pendulum/unified_mechanism_v2/paired_layer_control/large_seed3407/short_common_scan/A/videos/A_048/location_24.mp4,True,1.0,0,1.2783342094239232,0.0008717025067105366,0.9300664333915152,188.0,True,True,red,circle,0.16508889027491713,0.0030508866334183695,0.004842025328568038,True,1.0,-0.011890606420927555
A_048,high,48,0,25,after block 24,24,6.088501158127696,5.9585,2.699625,2.66475,-0.010701545778834719,False,runs/pendulum/unified_mechanism_v2/paired_layer_control/large_seed3407/short_common_scan/A/videos/A_048/location_25.mp4,True,1.0,0,1.233364659062765,0.0008062895345889165,0.9655077850911982,190.0,True,True,red,circle,0.16401260088473565,0.003568598468430383,0.005285308037266874,True,1.0,-0.010701545778834719
A_048,high,48,0,26,after block 25,25,6.088501158127696,5.9585,2.699625,2.66475,-0.010701545778834719,False,runs/pendulum/unified_mechanism_v2/paired_layer_control/large_seed3407/short_common_scan/A/videos/A_048/location_26.mp4,True,1.0,0,1.3012427479304018,0.0009588584619931728,0.998667860191245,190.0,True,True,red,circle,0.16712139177858368,0.0029318014193282084,0.004776200277630925,True,1.0,-0.010701545778834719
A_048,high,48,0,27,after block 26,26,6.088501158127696,5.9585,2.699625,2.676375,-0.007134363852556479,False,runs/pendulum/unified_mechanism_v2/paired_layer_control/large_seed3407/short_common_scan/A/videos/A_048/location_27.mp4,True,1.0,0,1.2240499508574907,0.0007016588706433569,0.8395424225561842,190.5,True,True,red,circle,0.1670473749987079,0.003258476357336632,0.004779085541006935,True,1.0,-0.007134363852556479
A_048,high,48,0,28,after block 27,27,6.088501158127696,5.9585,2.699625,2.688,-0.0035671819262782394,False,runs/pendulum/unified_mechanism_v2/paired_layer_control/large_seed3407/short_common_scan/A/videos/A_048/location_28.mp4,True,1.0,0,1.2265761697993298,0.0009256847263446055,0.6280694754536861,191.0,True,True,red,circle,0.16721795762551217,0.003079818693985824,0.004810642451844574,True,1.0,-0.002378121284185402
A_048,high,48,0,29,after block 28,28,6.088501158127696,5.9585,2.699625,2.6957500000000003,-0.001189060642092701,False,runs/pendulum/unified_mechanism_v2/paired_layer_control/large_seed3407/short_common_scan/A/videos/A_048/location_29.mp4,True,1.0,0,1.343612066034702,0.0009020374411887744,0.5938794369481678,190.0,True,True,red,circle,0.16880228916696882,0.0025409346401970285,0.004803312187476677,True,1.0,-0.001189060642092701
A_048,high,48,0,30,after block 29,29,6.088501158127696,5.9585,2.699625,2.6957500000000003,-0.001189060642092701,False,runs/pendulum/unified_mechanism_v2/paired_layer_control/large_seed3407/short_common_scan/A/videos/A_048/location_30.mp4,True,1.0,0,1.2028831335942307,0.0007763732392399025,0.5938794369481678,190.5,True,True,red,circle,0.16903795254696485,0.002083001441867433,0.004889911680244065,True,1.0,0.0
A_065,high,65,0,0,embedding output,,5.958200988438064,5.8035000000000005,2.839125,5.8035000000000005,1.0,True,runs/pendulum/unified_mechanism_v2/paired_layer_control/large_seed3407/short_common_scan/A/videos/A_065/location_00.mp4,True,1.0,0,3.4002032481195323,0.015264711890440985,1.1533654729975544,210.0,True,True,blue,circle,0.1344126760292816,0.0016075670703470071,0.004949612492007563,True,0.984375,1.0
A_065,high,65,0,1,after block 0,0,5.958200988438064,5.8035000000000005,2.839125,5.807375,1.0013071895424837,True,runs/pendulum/unified_mechanism_v2/paired_layer_control/large_seed3407/short_common_scan/A/videos/A_065/location_01.mp4,True,1.0,0,3.4497987125374143,0.014974417836610937,1.1306300498793136,211.0,True,True,blue,circle,0.13451072174204484,0.001705269769089624,0.0048091470300006345,True,0.984375,1.0013071895424837
A_065,high,65,0,2,after block 1,1,5.958200988438064,5.8035000000000005,2.839125,5.807375,1.0013071895424837,True,runs/pendulum/unified_mechanism_v2/paired_layer_control/large_seed3407/short_common_scan/A/videos/A_065/location_02.mp4,True,1.0,0,3.642606673798529,0.014879249348537099,1.1041853689326766,210.5,True,True,blue,circle,0.13442842065992947,0.0017876607981823784,0.0047756408397496945,True,0.984375,1.0013071895424837
A_065,high,65,0,3,after block 2,2,5.958200988438064,5.8035000000000005,2.839125,5.807375,1.0013071895424837,True,runs/pendulum/unified_mechanism_v2/paired_layer_control/large_seed3407/short_common_scan/A/videos/A_065/location_03.mp4,True,1.0,0,3.4886901536286192,0.014772798241709212,1.1205703347215619,210.0,True,True,blue,circle,0.13453196255609448,0.0017533632734343248,0.004892262907047707,True,0.984375,1.0
A_065,high,65,0,4,after block 3,3,5.958200988438064,5.8035000000000005,2.839125,5.807375,1.0013071895424837,True,runs/pendulum/unified_mechanism_v2/paired_layer_control/large_seed3407/short_common_scan/A/videos/A_065/location_04.mp4,True,1.0,0,3.4886901536286192,0.014612933701436098,1.1306300498793136,210.0,True,True,blue,circle,0.13451693344643056,0.0017015029999523004,0.0048591742606487656,True,0.984375,1.0013071895424837
A_065,high,65,0,5,after block 4,4,5.958200988438064,5.8035000000000005,2.839125,5.807375,1.0013071895424837,True,runs/pendulum/unified_mechanism_v2/paired_layer_control/large_seed3407/short_common_scan/A/videos/A_065/location_05.mp4,True,1.0,0,3.5866018878197212,0.01559382225118544,1.09861687832375,211.0,True,True,blue,circle,0.1346350776525972,0.001841148704207222,0.004841189845938,True,0.984375,1.0013071895424837
A_065,high,65,0,6,after block 5,5,5.958200988438064,5.8035000000000005,2.839125,5.760875,0.9856209150326797,True,runs/pendulum/unified_mechanism_v2/paired_layer_control/large_seed3407/short_common_scan/A/videos/A_065/location_06.mp4,True,1.0,0,4.415695870382556,0.01598466901980633,0.862916996468157,206.0,True,True,blue,circle,0.13368717634014912,0.002103517298327968,0.00472798211653746,True,0.984375,0.9856209150326797
A_065,high,65,0,7,after block 6,6,5.958200988438064,5.8035000000000005,2.839125,5.757000000000001,0.9843137254901961,True,runs/pendulum/unified_mechanism_v2/paired_layer_control/large_seed3407/short_common_scan/A/videos/A_065/location_07.mp4,True,1.0,0,3.450763151535918,0.015821847860476912,0.8181244636555184,203.5,True,True,blue,circle,0.1332630705526392,0.002137729422714093,0.004979943930574694,True,0.984375,0.9830065359477121
A_065,high,65,0,8,after block 7,7,5.958200988438064,5.8035000000000005,2.839125,5.7415,0.9790849673202614,True,runs/pendulum/unified_mechanism_v2/paired_layer_control/large_seed3407/short_common_scan/A/videos/A_065/location_08.mp4,True,1.0,0,3.6348610698636796,0.015877826381268972,0.8282247189226222,201.5,True,True,blue,circle,0.13238468999948352,0.0020856724201991006,0.005141999110563027,True,0.984375,0.980392156862745
A_065,high,65,0,9,after block 8,8,5.958200988438064,5.8035000000000005,2.839125,5.7415,0.9790849673202614,True,runs/pendulum/unified_mechanism_v2/paired_layer_control/large_seed3407/short_common_scan/A/videos/A_065/location_09.mp4,True,1.0,0,3.559632877970936,0.015602356798550626,0.824070401609931,201.0,True,True,blue,circle,0.13221481679138655,0.0020854882415106283,0.005114012819624979,True,0.984375,0.980392156862745
A_065,high,65,0,10,after block 9,9,5.958200988438064,5.8035000000000005,2.839125,5.745375,0.980392156862745,True,runs/pendulum/unified_mechanism_v2/paired_layer_control/large_seed3407/short_common_scan/A/videos/A_065/location_10.mp4,True,1.0,0,3.907944532967056,0.015572179772142314,0.8162156444137822,201.0,True,True,blue,circle,0.12899017848988467,0.0028101594983074556,0.0056527171194471,True,0.984375,0.9816993464052286
A_065,high,65,0,11,after block 10,10,5.958200988438064,5.8035000000000005,2.839125,5.737625,0.9777777777777777,True,runs/pendulum/unified_mechanism_v2/paired_layer_control/large_seed3407/short_common_scan/A/videos/A_065/location_11.mp4,True,1.0,0,3.6415768353435793,0.016917065161589806,0.7753354168865721,199.0,True,True,blue,circle,0.12843544852744987,0.0031530836341644233,0.006123769837108542,True,0.984375,0.9777777777777777
A_065,high,65,0,12,after block 11,11,5.958200988438064,5.8035000000000005,2.839125,5.710500000000001,0.9686274509803922,True,runs/pendulum/unified_mechanism_v2/paired_layer_control/large_seed3407/short_common_scan/A/videos/A_065/location_12.mp4,True,1.0,0,3.289229329358847,0.015856776305916864,0.7454398814793567,196.0,True,True,blue,circle,0.1261472151841273,0.0029008767760220814,0.007774114366786825,True,0.984375,0.9686274509803922
A_065,high,65,0,13,after block 12,12,5.958200988438064,5.8035000000000005,2.839125,5.70275,0.9660130718954246,True,runs/pendulum/unified_mechanism_v2/paired_layer_control/large_seed3407/short_common_scan/A/videos/A_065/location_13.mp4,True,1.0,0,3.626908015154451,0.016144883148007716,0.667522396181627,192.0,True,True,blue,circle,0.11347140704050575,0.0033302418916729176,0.010014333110306537,True,0.96875,0.9673202614379083
A_065,high,65,0,14,after block 13,13,5.958200988438064,5.8035000000000005,2.839125,2.746125,-0.03137254901960783,False,runs/pendulum/unified_mechanism_v2/paired_layer_control/large_seed3407/short_common_scan/A/videos/A_065/location_14.mp4,True,1.0,0,1.3855114790064298,0.0012269709132141926,1.157795518259994,164.5,True,True,red,circle,0.07661539731861447,-0.00016231705228104992,0.04126493222720436,False,0.03125,nan
A_065,high,65,0,15,after block 14,14,5.958200988438064,5.8035000000000005,2.839125,2.7887500000000003,-0.016993464052287525,False,runs/pendulum/unified_mechanism_v2/paired_layer_control/large_seed3407/short_common_scan/A/videos/A_065/location_15.mp4,True,1.0,0,1.2006422309700975,0.0015154764611606253,1.3732480589662857,176.0,True,True,red,circle,0.13089267882337788,-0.007603209154806511,0.008485409800679349,True,1.0,-0.011764705882352936
A_065,high,65,0,16,after block 15,15,5.958200988438064,5.8035000000000005,2.839125,2.792625,-0.015686274509803914,False,runs/pendulum/unified_mechanism_v2/paired_layer_control/large_seed3407/short_common_scan/A/videos/A_065/location_16.mp4,True,1.0,0,1.125144850101116,0.0014884599898697115,1.2763151668527746,179.0,True,True,red,circle,0.1330383557546361,-0.005694924580639407,0.0067275450252441945,True,1.0,-0.016993464052287525
A_065,high,65,0,17,after block 16,16,5.958200988438064,5.8035000000000005,2.839125,2.7848750000000004,-0.018300653594771135,False,runs/pendulum/unified_mechanism_v2/paired_layer_control/large_seed3407/short_common_scan/A/videos/A_065/location_17.mp4,True,1.0,0,1.1250300858561608,0.001261325900398097,1.3504528531440745,182.0,True,True,red,circle,0.13400104756519374,-0.004803676889890924,0.0065850696414152515,True,1.0,-0.018300653594771135
A_065,high,65,0,18,after block 17,17,5.958200988438064,5.8035000000000005,2.839125,2.7655000000000003,-0.024836601307189482,False,runs/pendulum/unified_mechanism_v2/paired_layer_control/large_seed3407/short_common_scan/A/videos/A_065/location_18.mp4,True,1.0,0,1.1941750389894934,0.0010749435771846838,1.033009105991197,182.0,True,True,red,circle,0.13034872133342867,-0.003966777061728357,0.006922717036405335,True,1.0,-0.02352941176470587
A_065,high,65,0,19,after block 18,18,5.958200988438064,5.8035000000000005,2.839125,2.800375,-0.013071895424836695,False,runs/pendulum/unified_mechanism_v2/paired_layer_control/large_seed3407/short_common_scan/A/videos/A_065/location_19.mp4,True,1.0,0,1.3462586946568744,0.0010682855300716276,0.8862456083338328,183.0,True,True,red,circle,0.12959205552728745,-0.00428463325125424,0.007638138449450884,True,1.0,-0.010457516339869176
A_065,high,65,0,20,after block 19,19,5.958200988438064,5.8035000000000005,2.839125,2.85075,0.003921568627450979,False,runs/pendulum/unified_mechanism_v2/paired_layer_control/large_seed3407/short_common_scan/A/videos/A_065/location_20.mp4,True,1.0,0,1.1206781059089923,0.0010588495159549183,0.6823337273751241,183.5,True,True,red,circle,0.13316389692111993,-0.002593246023524169,0.007851567799440153,True,1.0,0.003921568627450979
A_065,high,65,0,21,after block 20,20,5.958200988438064,5.8035000000000005,2.839125,2.8352500000000003,-0.0013071895424836095,False,runs/pendulum/unified_mechanism_v2/paired_layer_control/large_seed3407/short_common_scan/A/videos/A_065/location_21.mp4,True,1.0,0,1.1002047738460436,0.0011319518120183614,0.6932824448053835,183.0,True,True,red,circle,0.13139810263159618,-0.0014606506182891046,0.008044461679764987,True,1.0,-0.0013071895424836095
A_065,high,65,0,22,after block 21,21,5.958200988438064,5.8035000000000005,2.839125,2.8275,-0.003921568627450979,False,runs/pendulum/unified_mechanism_v2/paired_layer_control/large_seed3407/short_common_scan/A/videos/A_065/location_22.mp4,True,1.0,0,1.1334067829475942,0.0010718681784012696,0.15390771209716733,187.0,True,True,red,circle,0.14991748725260948,0.0039859374976666554,0.006302599042492451,True,1.0,-0.005228758169934588
A_065,high,65,0,23,after block 22,22,5.958200988438064,5.8035000000000005,2.839125,2.8081250000000004,-0.010457516339869176,False,runs/pendulum/unified_mechanism_v2/paired_layer_control/large_seed3407/short_common_scan/A/videos/A_065/location_23.mp4,True,1.0,0,1.1940318800944414,0.0009210929591872141,0.2296910939775806,188.0,True,True,red,circle,0.1502003524838214,0.004284102135517933,0.006635158636424406,True,1.0,-0.009150326797385568
A_065,high,65,0,24,after block 23,23,5.958200988438064,5.8035000000000005,2.839125,2.800375,-0.013071895424836695,False,runs/pendulum/unified_mechanism_v2/paired_layer_control/large_seed3407/short_common_scan/A/videos/A_065/location_24.mp4,True,1.0,0,1.204537372808899,0.0009863818765830923,0.15390771209716733,189.0,True,True,red,circle,0.15068042905191267,0.004219099591065392,0.006188688279174628,True,1.0,-0.013071895424836695
A_065,high,65,0,25,after block 24,24,5.958200988438064,5.8035000000000005,2.839125,2.769375,-0.02352941176470587,False,runs/pendulum/unified_mechanism_v2/paired_layer_control/large_seed3407/short_common_scan/A/videos/A_065/location_25.mp4,True,1.0,0,1.267756201194591,0.0008332761835394831,0.19258217618946555,189.0,True,True,red,circle,0.1506520107608283,0.004525689090470857,0.00756260124715779,True,1.0,-0.024836601307189482
A_065,high,65,0,26,after block 25,25,5.958200988438064,5.8035000000000005,2.839125,2.80425,-0.011764705882352936,False,runs/pendulum/unified_mechanism_v2/paired_layer_control/large_seed3407/short_common_scan/A/videos/A_065/location_26.mp4,True,1.0,0,1.1777830133632585,0.0008863706715344921,0.07856435136633852,190.0,True,True,red,circle,0.15515646286009072,0.003671992151046875,0.00547162637270206,True,1.0,-0.011764705882352936
A_065,high,65,0,27,after block 26,26,5.958200988438064,5.8035000000000005,2.839125,2.8313750000000004,-0.002614379084967219,False,runs/pendulum/unified_mechanism_v2/paired_layer_control/large_seed3407/short_common_scan/A/videos/A_065/location_27.mp4,True,1.0,0,1.1623725189706064,0.0007390676789451878,0.1433930449484025,190.5,True,True,red,circle,0.15565913660995367,0.0036197236176655967,0.005095212128732853,True,1.0,-0.002614379084967219
A_065,high,65,0,28,after block 27,27,5.958200988438064,5.8035000000000005,2.839125,2.8352500000000003,-0.0013071895424836095,False,runs/pendulum/unified_mechanism_v2/paired_layer_control/large_seed3407/short_common_scan/A/videos/A_065/location_28.mp4,True,1.0,0,1.386851496234867,0.0007844978044512507,0.1433930449484025,190.0,True,True,red,circle,0.15662427655006866,0.0028214212922302545,0.005158285770564496,True,1.0,-0.002614379084967219
A_065,high,65,0,29,after block 28,28,5.958200988438064,5.8035000000000005,2.839125,2.839125,0.0,False,runs/pendulum/unified_mechanism_v2/paired_layer_control/large_seed3407/short_common_scan/A/videos/A_065/location_29.mp4,True,1.0,0,1.4109060446313328,0.0008570335967376386,0.15271283810985217,189.0,True,True,red,circle,0.15805888333588491,0.0024511740351520254,0.005389659689042147,True,1.0,0.0
A_065,high,65,0,30,after block 29,29,5.958200988438064,5.8035000000000005,2.839125,2.839125,0.0,False,runs/pendulum/unified_mechanism_v2/paired_layer_control/large_seed3407/short_common_scan/A/videos/A_065/location_30.mp4,True,1.0,0,1.3880081262070143,0.0008853103788084016,0.1897196991615148,190.0,True,True,red,circle,0.15821078278698905,0.0020740433004708208,0.005229375047966886,True,1.0,0.0
A_078,high,78,0,0,embedding output,,6.169276485281639,6.117375,2.77325,6.117375,1.0,True,runs/pendulum/unified_mechanism_v2/paired_layer_control/large_seed3407/short_common_scan/A/videos/A_078/location_00.mp4,True,1.0,0,3.100265363996367,0.016698380675749136,3.112533676026086,209.0,True,True,blue,circle,0.12520288999342605,0.002363148906511724,0.004427237792306815,True,1.0,0.9930475086906141
A_078,high,78,0,1,after block 0,0,6.169276485281639,6.117375,2.77325,6.117375,1.0,True,runs/pendulum/unified_mechanism_v2/paired_layer_control/large_seed3407/short_common_scan/A/videos/A_078/location_01.mp4,True,1.0,0,3.0239650919353194,0.016814052884023545,3.076252100907073,209.0,True,True,blue,circle,0.12513737568938843,0.0022760660681478573,0.004343085091949697,True,1.0,0.9930475086906141
A_078,high,78,0,2,after block 1,1,6.169276485281639,6.117375,2.77325,6.1135,0.9988412514484357,True,runs/pendulum/unified_mechanism_v2/paired_layer_control/large_seed3407/short_common_scan/A/videos/A_078/location_02.mp4,True,1.0,0,3.090605490507213,0.0167046007978483,3.3219567289747793,209.0,True,True,blue,circle,0.12507456695025138,0.0023355809139790273,0.004343816631886387,True,1.0,0.9918887601390499
A_078,high,78,0,3,after block 2,2,6.169276485281639,6.117375,2.77325,6.117375,1.0,True,runs/pendulum/unified_mechanism_v2/paired_layer_control/large_seed3407/short_common_scan/A/videos/A_078/location_03.mp4,True,1.0,0,3.1120006978521473,0.016841781264192807,3.287857121286623,209.5,True,True,blue,circle,0.1251823157163328,0.002358176260418333,0.004365926121444374,True,1.0,0.9918887601390499
A_078,high,78,0,4,after block 3,3,6.169276485281639,6.117375,2.77325,6.1135,0.9988412514484357,True,runs/pendulum/unified_mechanism_v2/paired_layer_control/large_seed3407/short_common_scan/A/videos/A_078/location_04.mp4,True,1.0,0,2.996217807783505,0.01695425467324571,3.1554976749974903,209.0,True,True,blue,circle,0.1251744410991873,0.0022084407774188718,0.004270604114898801,True,1.0,0.9907300115874856
A_078,high,78,0,5,after block 4,4,6.169276485281639,6.117375,2.77325,6.117375,1.0,True,runs/pendulum/unified_mechanism_v2/paired_layer_control/large_seed3407/short_common_scan/A/videos/A_078/location_05.mp4,True,1.0,0,3.023127121447133,0.016774388751218478,3.1641161269352454,209.0,True,True,blue,circle,0.12499288678379923,0.0023401156255780362,0.0043076698154601144,True,1.0,0.9918887601390499
A_078,high,78,0,6,after block 5,5,6.169276485281639,6.117375,2.77325,5.931375,0.9443800695249132,True,runs/pendulum/unified_mechanism_v2/paired_layer_control/large_seed3407/short_common_scan/A/videos/A_078/location_06.mp4,True,1.0,0,2.9967610937414113,0.016091889101287338,3.131019003156481,201.0,True,True,blue,circle,0.126328219045316,0.001272604767354668,0.006420923524424287,True,0.984375,0.9455388180764773
A_078,high,78,0,7,after block 6,6,6.169276485281639,6.117375,2.77325,5.93525,0.9455388180764773,True,runs/pendulum/unified_mechanism_v2/paired_layer_control/large_seed3407/short_common_scan/A/videos/A_078/location_07.mp4,True,1.0,0,2.856777120217182,0.015909602959336078,3.207112346057147,200.0,True,True,blue,circle,0.12593270483119764,0.0011938563071628378,0.006522821677295142,True,0.984375,0.9478563151796062
A_078,high,78,0,8,after block 7,7,6.169276485281639,6.117375,2.77325,5.912,0.9385863267670915,True,runs/pendulum/unified_mechanism_v2/paired_layer_control/large_seed3407/short_common_scan/A/videos/A_078/location_08.mp4,True,1.0,0,3.8146587131959055,0.016549706282124987,3.196102020037717,199.0,True,True,blue,circle,0.12528660124659002,0.0019202324177395838,0.006911138233407486,True,0.984375,0.9397450753186558
A_078,high,78,0,9,after block 8,8,6.169276485281639,6.117375,2.77325,5.912,0.9385863267670915,True,runs/pendulum/unified_mechanism_v2/paired_layer_control/large_seed3407/short_common_scan/A/videos/A_078/location_09.mp4,True,1.0,0,3.681616628908215,0.016207165904078558,3.071084953808222,199.0,True,True,blue,circle,0.12533089027447344,0.001791393028560259,0.006991780017913072,True,0.984375,0.9397450753186558
A_078,high,78,0,10,after block 9,9,6.169276485281639,6.117375,2.77325,5.884875,0.9304750869061413,True,runs/pendulum/unified_mechanism_v2/paired_layer_control/large_seed3407/short_common_scan/A/videos/A_078/location_10.mp4,True,1.0,0,3.157943938675846,0.015555836193173245,3.260460155609664,199.0,True,True,blue,circle,0.12214460299228895,0.00220293332717535,0.008041884950182435,True,0.984375,0.9316338354577056
A_078,high,78,0,11,after block 10,10,6.169276485281639,6.117375,2.77325,5.85775,0.9223638470451913,True,runs/pendulum/unified_mechanism_v2/paired_layer_control/large_seed3407/short_common_scan/A/videos/A_078/location_11.mp4,True,1.0,0,2.27314448503611,0.015895228936395472,3.369930868529455,198.0,True,True,blue,circle,0.1216556507346435,0.0026878587990229086,0.008064665374322039,True,0.984375,0.9246813441483198
A_078,high,78,0,12,after block 11,11,6.169276485281639,6.117375,2.77325,5.822875,0.9119351100811124,True,runs/pendulum/unified_mechanism_v2/paired_layer_control/large_seed3407/short_common_scan/A/videos/A_078/location_12.mp4,True,1.0,0,4.104804931994494,0.01372749486748498,3.366007336116399,194.0,True,True,blue,circle,0.12098195861933764,0.003112270915938498,0.009043565968202182,True,0.984375,0.9130938586326769
A_078,high,78,0,13,after block 12,12,6.169276485281639,6.117375,2.77325,5.76475,0.8945538818076478,True,runs/pendulum/unified_mechanism_v2/paired_layer_control/large_seed3407/short_common_scan/A/videos/A_078/location_13.mp4,True,1.0,0,3.7268894762691254,0.017620101107965108,3.6863062950073857,192.0,True,True,blue,circle,0.10844194811123854,0.002886582807482231,0.008105016207624579,True,0.9375,0.8957126303592121
A_078,high,78,0,14,after block 13,13,6.169276485281639,6.117375,2.77325,5.81125,0.9084588644264195,False,runs/pendulum/unified_mechanism_v2/paired_layer_control/large_seed3407/short_common_scan/A/videos/A_078/location_14.mp4,True,1.0,0,1.1314114758154998,0.0007352191178306988,0.8592349421555742,165.0,True,True,red,circle,0.06157582373355855,0.011009985774679404,0.021349568869975247,False,0.34375,0.9779837775202781
A_078,high,78,0,15,after block 14,14,6.169276485281639,6.117375,2.77325,2.9747500000000002,0.06025492468134422,False,runs/pendulum/unified_mechanism_v2/paired_layer_control/large_seed3407/short_common_scan/A/videos/A_078/location_15.mp4,True,1.0,0,1.3664394481818967,0.0015140847117502965,1.0980785495608734,174.5,True,True,red,circle,0.10130234633842791,-0.004624923958904962,0.012642566982465289,True,1.0,0.061413673232908486
A_078,high,78,0,16,after block 15,15,6.169276485281639,6.117375,2.77325,2.8313750000000004,0.017381228273464784,False,runs/pendulum/unified_mechanism_v2/paired_layer_control/large_seed3407/short_common_scan/A/videos/A_078/location_16.mp4,True,1.0,0,1.202350049283585,0.0017124852322150108,1.0363442025165475,178.0,True,True,red,circle,0.11151195394284943,-0.004679632075352323,0.007002315267478672,True,1.0,0.019698725376593316
A_078,high,78,0,17,after block 16,16,6.169276485281639,6.117375,2.77325,2.707375,-0.019698725376593316,False,runs/pendulum/unified_mechanism_v2/paired_layer_control/large_seed3407/short_common_scan/A/videos/A_078/location_17.mp4,True,1.0,0,1.1408217545419472,0.0016485432560719437,0.8528876660525294,179.0,True,True,red,circle,0.11854842891245111,-0.003910599296233364,0.006863857397946086,True,1.0,-0.01853997682502892
A_078,high,78,0,18,after block 17,17,6.169276485281639,6.117375,2.77325,2.707375,-0.019698725376593316,False,runs/pendulum/unified_mechanism_v2/paired_layer_control/large_seed3407/short_common_scan/A/videos/A_078/location_18.mp4,True,1.0,0,1.1165600091520829,0.001602656291421617,0.8528876660525294,181.0,True,True,red,circle,0.11785046271070085,-0.00393270926361791,0.006130124413611187,True,1.0,-0.01853997682502892
A_078,high,78,0,19,after block 18,18,6.169276485281639,6.117375,2.77325,2.81975,0.013904982618771723,False,runs/pendulum/unified_mechanism_v2/paired_layer_control/large_seed3407/short_common_scan/A/videos/A_078/location_19.mp4,True,1.0,0,1.1544432730776748,0.001860407319635854,0.9146281435975853,181.0,True,True,red,circle,0.11561108652227213,-0.0037691796148321527,0.006238283963862846,True,1.0,0.017381228273464784
A_078,high,78,0,20,after block 19,19,6.169276485281639,6.117375,2.77325,2.843,0.020857473928157583,False,runs/pendulum/unified_mechanism_v2/paired_layer_control/large_seed3407/short_common_scan/A/videos/A_078/location_20.mp4,True,1.0,0,1.066142896957734,0.0016117032842447032,0.6385471604639275,182.0,True,True,red,circle,0.11442876458224069,-0.003264357764460183,0.005610827322013476,True,1.0,0.023174971031286247
A_078,high,78,0,21,after block 20,20,6.169276485281639,6.117375,2.77325,2.8313750000000004,0.017381228273464784,False,runs/pendulum/unified_mechanism_v2/paired_layer_control/large_seed3407/short_common_scan/A/videos/A_078/location_21.mp4,True,1.0,0,1.038181526096386,0.001766245393669541,0.6385471604639275,184.0,True,True,red,circle,0.11050502290185127,-0.0019195239285773277,0.004453677607670293,True,1.0,0.019698725376593316
A_078,high,78,0,22,after block 21,21,6.169276485281639,6.117375,2.77325,2.7616250000000004,-0.0034762456546927976,False,runs/pendulum/unified_mechanism_v2/paired_layer_control/large_seed3407/short_common_scan/A/videos/A_078/location_22.mp4,True,1.0,0,0.9593799742691493,0.0018674407663392123,0.08664633250152733,186.5,True,True,red,circle,0.12128808529018935,-0.0015005863260329057,0.005197371084726368,True,1.0,-0.0034762456546927976
A_078,high,78,0,23,after block 22,22,6.169276485281639,6.117375,2.77325,2.72675,-0.013904982618771723,False,runs/pendulum/unified_mechanism_v2/paired_layer_control/large_seed3407/short_common_scan/A/videos/A_078/location_23.mp4,True,1.0,0,0.9202810227296174,0.0016663903936898206,0.08664633250152733,187.0,True,True,red,circle,0.12050075075638793,-0.0007909772717478569,0.004465214863773716,True,1.0,-0.012746234067207457
A_078,high,78,0,24,after block 23,23,6.169276485281639,6.117375,2.77325,2.753875,-0.005793742757821596,False,runs/pendulum/unified_mechanism_v2/paired_layer_control/large_seed3407/short_common_scan/A/videos/A_078/location_24.mp4,True,1.0,0,0.9145980299864752,0.0016487675596162932,0.09966263188281876,188.0,True,True,red,circle,0.11920704765949133,-0.0002789450002987967,0.0046704720335632895,True,1.0,-0.0034762456546927976
A_078,high,78,0,25,after block 24,24,6.169276485281639,6.117375,2.77325,2.75775,-0.004634994206257196,False,runs/pendulum/unified_mechanism_v2/paired_layer_control/large_seed3407/short_common_scan/A/videos/A_078/location_25.mp4,True,1.0,0,0.9624729366633742,0.0019490526176176304,0.11943298940367914,189.0,True,True,red,circle,0.12102633944145133,-5.062856108740468e-05,0.0046125507778506615,True,1.0,-0.004634994206257196
A_078,high,78,0,26,after block 25,25,6.169276485281639,6.117375,2.77325,2.75,-0.006952491309385861,False,runs/pendulum/unified_mechanism_v2/paired_layer_control/large_seed3407/short_common_scan/A/videos/A_078/location_26.mp4,True,1.0,0,0.9931238716863241,0.00172922905026629,0.13488054248057935,192.0,True,True,red,circle,0.12032929693122064,-0.000613605381704952,0.004274799020484775,True,1.0,-0.008111239860950126
A_078,high,78,0,27,after block 26,26,6.169276485281639,6.117375,2.77325,2.7616250000000004,-0.0034762456546927976,False,runs/pendulum/unified_mechanism_v2/paired_layer_control/large_seed3407/short_common_scan/A/videos/A_078/location_27.mp4,True,1.0,0,1.0221286098374256,0.0016099639991628,0.16909787827467881,192.0,True,True,red,circle,0.11984626935443159,-0.0007469697907868906,0.004566486014031435,True,1.0,-0.005793742757821596
A_078,high,78,0,28,after block 27,27,6.169276485281639,6.117375,2.77325,2.769375,-0.0011587485515642659,False,runs/pendulum/unified_mechanism_v2/paired_layer_control/large_seed3407/short_common_scan/A/videos/A_078/location_28.mp4,True,1.0,0,0.929490835678642,0.0016978803987791058,0.17253659765662993,192.0,True,True,red,circle,0.11943728609708809,-0.0007155252901396458,0.004612089998207504,True,1.0,-0.0023174971031285317
A_078,high,78,0,29,after block 28,28,6.169276485281639,6.117375,2.77325,2.77325,0.0,False,runs/pendulum/unified_mechanism_v2/paired_layer_control/large_seed3407/short_common_scan/A/videos/A_078/location_29.mp4,True,1.0,0,0.9187615661538829,0.0016270626638944796,0.17253659765662993,192.0,True,True,red,circle,0.11901970085536014,-0.0007329356023029682,0.0047094362133315365,True,1.0,0.0
A_078,high,78,0,30,after block 29,29,6.169276485281639,6.117375,2.77325,2.77325,0.0,False,runs/pendulum/unified_mechanism_v2/paired_layer_control/large_seed3407/short_common_scan/A/videos/A_078/location_30.mp4,True,1.0,0,0.980402186317524,0.0016071712851394582,0.20794634978905477,192.0,True,True,red,circle,0.11951380969092164,-0.0011392320392826128,0.004623651768229675,True,1.0,0.0
A_084,high,84,0,0,embedding output,,5.278631595533422,5.3656250000000005,2.862375,5.3656250000000005,1.0,True,runs/pendulum/unified_mechanism_v2/paired_layer_control/large_seed3407/short_common_scan/A/videos/A_084/location_00.mp4,True,1.0,0,3.850775738226897,0.01625529288517996,4.26522152582278,208.0,True,True,blue,circle,0.1598020613906435,0.000894363699857178,0.01161559438802532,True,1.0,0.9953560371517026
A_084,high,84,0,1,after block 0,0,5.278631595533422,5.3656250000000005,2.862375,5.3656250000000005,1.0,True,runs/pendulum/unified_mechanism_v2/paired_layer_control/large_seed3407/short_common_scan/A/videos/A_084/location_01.mp4,True,1.0,0,3.6444653997190475,0.015942187847194644,4.216458423578605,208.0,True,True,blue,circle,0.15974787706344834,0.0008587133839455406,0.011596625381313928,True,1.0,0.9953560371517026
A_084,high,84,0,2,after block 1,1,5.278631595533422,5.3656250000000005,2.862375,5.3656250000000005,1.0,True,runs/pendulum/unified_mechanism_v2/paired_layer_control/large_seed3407/short_common_scan/A/videos/A_084/location_02.mp4,True,1.0,0,3.9104665426332983,0.016078415180954014,4.070296517641017,208.0,True,True,blue,circle,0.15974603255998326,0.0009087758856428881,0.011627920097614052,True,1.0,0.9938080495356036
A_084,high,84,0,3,after block 2,2,5.278631595533422,5.3656250000000005,2.862375,5.3656250000000005,1.0,True,runs/pendulum/unified_mechanism_v2/paired_layer_control/large_seed3407/short_common_scan/A/videos/A_084/location_03.mp4,True,1.0,0,3.960968595074602,0.01604870419208254,4.1310828756338465,207.0,True,True,blue,circle,0.16004190798388399,0.0008457349732455152,0.011731232546169486,True,1.0,0.9938080495356036
A_084,high,84,0,4,after block 3,3,5.278631595533422,5.3656250000000005,2.862375,5.3656250000000005,1.0,True,runs/pendulum/unified_mechanism_v2/paired_layer_control/large_seed3407/short_common_scan/A/videos/A_084/location_04.mp4,True,1.0,0,3.495397767099831,0.016780297849190356,4.214298001489548,208.0,True,True,blue,circle,0.15957946457970001,0.0009662925992717336,0.0116752253180935,True,1.0,0.9938080495356036
A_084,high,84,0,5,after block 4,4,5.278631595533422,5.3656250000000005,2.862375,5.3695,1.001547987616099,True,runs/pendulum/unified_mechanism_v2/paired_layer_control/large_seed3407/short_common_scan/A/videos/A_084/location_05.mp4,True,1.0,0,3.7018119489562564,0.015643331543754052,4.068580837839967,207.0,True,True,blue,circle,0.15993374710042085,0.0009381293181592484,0.011828461888183024,True,1.0,0.9938080495356036
A_084,high,84,0,6,after block 5,5,5.278631595533422,5.3656250000000005,2.862375,5.3888750000000005,1.0092879256965943,True,runs/pendulum/unified_mechanism_v2/paired_layer_control/large_seed3407/short_common_scan/A/videos/A_084/location_06.mp4,True,1.0,0,3.487706800199133,0.01693519081094777,3.762440346364202,203.0,True,True,blue,circle,0.1606490996869607,0.001804300296754229,0.013746553624117712,True,0.984375,1.0092879256965943
A_084,high,84,0,7,after block 6,6,5.278631595533422,5.3656250000000005,2.862375,5.396625,1.0123839009287925,True,runs/pendulum/unified_mechanism_v2/paired_layer_control/large_seed3407/short_common_scan/A/videos/A_084/location_07.mp4,True,1.0,0,3.6198482218810297,0.016871807399706368,3.7650647330085523,202.0,True,True,blue,circle,0.16062480571400226,0.001730204258838364,0.013532581967533498,True,0.984375,1.0123839009287925
A_084,high,84,0,8,after block 7,7,5.278631595533422,5.3656250000000005,2.862375,5.404375,1.0154798761609904,True,runs/pendulum/unified_mechanism_v2/paired_layer_control/large_seed3407/short_common_scan/A/videos/A_084/location_08.mp4,True,1.0,0,3.634894573841982,0.017006325106640324,3.6797827266375167,202.0,True,True,blue,circle,0.15998890222013804,0.0018499972782673809,0.0133097315285614,True,0.984375,1.0170278637770895
A_084,high,84,0,9,after block 8,8,5.278631595533422,5.3656250000000005,2.862375,5.404375,1.0154798761609904,True,runs/pendulum/unified_mechanism_v2/paired_layer_control/large_seed3407/short_common_scan/A/videos/A_084/location_09.mp4,True,1.0,0,3.7166395846752636,0.016734084270178057,3.6797827266375167,201.0,True,True,blue,circle,0.16012726329400565,0.002061809789090808,0.013363348893573416,True,0.984375,1.0154798761609904
A_084,high,84,0,10,after block 9,9,5.278631595533422,5.3656250000000005,2.862375,5.373375,1.003095975232198,True,runs/pendulum/unified_mechanism_v2/paired_layer_control/large_seed3407/short_common_scan/A/videos/A_084/location_10.mp4,True,1.0,0,4.189648202912858,0.017960644825987637,3.6797827266375167,199.0,True,True,blue,circle,0.1560337241515782,0.0018956370989057108,0.016219264669938498,True,0.984375,1.007739938080495
A_084,high,84,0,11,after block 10,10,5.278631595533422,5.3656250000000005,2.862375,5.36175,0.9984520123839007,True,runs/pendulum/unified_mechanism_v2/paired_layer_control/large_seed3407/short_common_scan/A/videos/A_084/location_11.mp4,True,1.0,0,3.5587422798276336,0.016735786396273017,3.833503775492177,197.0,True,True,blue,circle,0.1556339977147302,0.002240550292312263,0.01753283514274735,True,0.984375,1.0061919504643961
A_084,high,84,0,12,after block 11,11,5.278631595533422,5.3656250000000005,2.862375,5.3423750000000005,0.9907120743034056,True,runs/pendulum/unified_mechanism_v2/paired_layer_control/large_seed3407/short_common_scan/A/videos/A_084/location_12.mp4,True,1.0,0,2.5874358416134347,0.01766157699859064,3.751670230508053,197.0,True,True,blue,circle,0.1532466606037127,0.002266915228722206,0.01857821456509296,True,0.984375,0.9953560371517026
A_084,high,84,0,13,after block 12,12,5.278631595533422,5.3656250000000005,2.862375,5.326875,0.9845201238390092,True,runs/pendulum/unified_mechanism_v2/paired_layer_control/large_seed3407/short_common_scan/A/videos/A_084/location_13.mp4,True,1.0,0,4.104989541847369,0.017361831850288223,4.332147146168935,191.0,True,True,blue,circle,0.14363901379654356,0.0026141218092957286,0.018796152790158005,True,0.96875,1.004643962848297
A_084,high,84,0,14,after block 13,13,5.278631595533422,5.3656250000000005,2.862375,4.947125,0.8328173374613,False,runs/pendulum/unified_mechanism_v2/paired_layer_control/large_seed3407/short_common_scan/A/videos/A_084/location_14.mp4,True,1.0,0,14.413270848187445,0.08958000871971215,24.644585747422955,41.0,True,True,blue,circle,0.08333967090502939,-0.025025792465872474,0.03833685056358113,False,0.03125,nan
A_084,high,84,0,15,after block 14,14,5.278631595533422,5.3656250000000005,2.862375,2.85075,-0.004643962848297212,False,runs/pendulum/unified_mechanism_v2/paired_layer_control/large_seed3407/short_common_scan/A/videos/A_084/location_15.mp4,True,1.0,0,1.8199120594078333,0.0007694586000169534,2.5756559802002785,174.0,True,True,red,circle,0.14549257004692004,-0.004422390810776856,0.018120719388465312,True,1.0,-0.006191950464396223
A_084,high,84,0,16,after block 15,15,5.278631595533422,5.3656250000000005,2.862375,2.800375,-0.024767801857585245,False,runs/pendulum/unified_mechanism_v2/paired_layer_control/large_seed3407/short_common_scan/A/videos/A_084/location_16.mp4,True,1.0,0,1.6807825218583645,0.0010105557487476158,2.370563836390136,177.0,True,True,red,circle,0.15538290097652743,-0.004783625044830289,0.014035391893446514,True,1.0,-0.026315789473684258
A_084,high,84,0,17,after block 16,16,5.278631595533422,5.3656250000000005,2.862375,2.781,-0.03250773993808048,False,runs/pendulum/unified_mechanism_v2/paired_layer_control/large_seed3407/short_common_scan/A/videos/A_084/location_17.mp4,True,1.0,0,1.6995120817930136,0.0008977235755517621,2.1987595029377807,178.0,True,True,red,circle,0.1574077476400586,-0.004728848119265092,0.013377029353091938,True,1.0,-0.030959752321981292
A_084,high,84,0,18,after block 17,17,5.278631595533422,5.3656250000000005,2.862375,2.7887500000000003,-0.02941176470588228,False,runs/pendulum/unified_mechanism_v2/paired_layer_control/large_seed3407/short_common_scan/A/videos/A_084/location_18.mp4,True,1.0,0,1.5848203225586577,0.0007311709146204382,2.1433411983864086,180.0,True,True,red,circle,0.15513726610514314,-0.005032536023470357,0.012022300563100465,True,1.0,-0.02941176470588228
A_084,high,84,0,19,after block 18,18,5.278631595533422,5.3656250000000005,2.862375,2.8275,-0.013931888544891633,False,runs/pendulum/unified_mechanism_v2/paired_layer_control/large_seed3407/short_common_scan/A/videos/A_084/location_19.mp4,True,1.0,0,1.6258431302491632,0.0008531278625251437,2.2105238849967295,179.0,True,True,red,circle,0.15537921867974494,-0.004669870505950957,0.012929499647712667,True,1.0,-0.013931888544891633
A_084,high,84,0,20,after block 19,19,5.278631595533422,5.3656250000000005,2.862375,2.8468750000000003,-0.006191950464396223,False,runs/pendulum/unified_mechanism_v2/paired_layer_control/large_seed3407/short_common_scan/A/videos/A_084/location_20.mp4,True,1.0,0,1.585964589277858,0.0008860758917827727,1.7377535362908252,181.0,True,True,red,circle,0.15065987920405105,-0.005127611196181528,0.012795583875095898,True,1.0,-0.004643962848297212
A_084,high,84,0,21,after block 20,20,5.278631595533422,5.3656250000000005,2.862375,2.8313750000000004,-0.012383900928792446,False,runs/pendulum/unified_mechanism_v2/paired_layer_control/large_seed3407/short_common_scan/A/videos/A_084/location_21.mp4,True,1.0,0,1.505188568384851,0.001198044899532985,1.7841798139281941,180.0,True,True,red,circle,0.1448972826292744,-0.004398509531986931,0.009902018020916937,True,1.0,-0.012383900928792446
A_084,high,84,0,22,after block 21,21,5.278631595533422,5.3656250000000005,2.862375,2.843,-0.007739938080495412,False,runs/pendulum/unified_mechanism_v2/paired_layer_control/large_seed3407/short_common_scan/A/videos/A_084/location_22.mp4,True,1.0,0,1.280470037196572,0.0009346362312238343,0.5238037191281638,186.0,True,True,red,circle,0.15396468711710484,-0.0026414203942253,0.005298663867853207,True,1.0,-0.007739938080495412
A_084,high,84,0,23,after block 22,22,5.278631595533422,5.3656250000000005,2.862375,2.8352500000000003,-0.010835913312693434,False,runs/pendulum/unified_mechanism_v2/paired_layer_control/large_seed3407/short_common_scan/A/videos/A_084/location_23.mp4,True,1.0,0,1.2131568287885168,0.0007735854364961936,0.48863026718023783,187.0,True,True,red,circle,0.15270149141232633,-0.0018500807957084467,0.004558252252643492,True,1.0,-0.010835913312693434
A_084,high,84,0,24,after block 23,23,5.278631595533422,5.3656250000000005,2.862375,2.8468750000000003,-0.006191950464396223,False,runs/pendulum/unified_mechanism_v2/paired_layer_control/large_seed3407/short_common_scan/A/videos/A_084/location_24.mp4,True,1.0,0,1.2424410238175299,0.000752395728810723,0.49632804712087064,188.0,True,True,red,circle,0.1520162273482704,-0.0010387760156425907,0.004359352737718519,True,1.0,-0.006191950464396223
A_084,high,84,0,25,after block 24,24,5.278631595533422,5.3656250000000005,2.862375,2.843,-0.007739938080495412,False,runs/pendulum/unified_mechanism_v2/paired_layer_control/large_seed3407/short_common_scan/A/videos/A_084/location_25.mp4,True,1.0,0,1.2246011901079497,0.0009702252829285329,0.5341143537048009,189.0,True,True,red,circle,0.15288658929840623,-0.00015588385787456755,0.004753564772324441,True,1.0,-0.009287925696594423
A_084,high,84,0,26,after block 25,25,5.278631595533422,5.3656250000000005,2.862375,2.8468750000000003,-0.006191950464396223,False,runs/pendulum/unified_mechanism_v2/paired_layer_control/large_seed3407/short_common_scan/A/videos/A_084/location_26.mp4,True,1.0,0,1.241096938601762,0.0007155789385548672,0.2222670058637542,190.0,True,True,red,circle,0.15325838603664774,-0.00044642470041045496,0.004015074244750391,True,1.0,-0.007739938080495412
A_084,high,84,0,27,after block 26,26,5.278631595533422,5.3656250000000005,2.862375,2.85075,-0.004643962848297212,False,runs/pendulum/unified_mechanism_v2/paired_layer_control/large_seed3407/short_common_scan/A/videos/A_084/location_27.mp4,True,1.0,0,1.2874029738134742,0.000604268179212275,0.20676871591937065,191.0,True,True,red,circle,0.15283170174287491,-0.0006132184312447948,0.003928932493677738,True,1.0,-0.004643962848297212
A_084,high,84,0,28,after block 27,27,5.278631595533422,5.3656250000000005,2.862375,2.8546250000000004,-0.0030959752321980225,False,runs/pendulum/unified_mechanism_v2/paired_layer_control/large_seed3407/short_common_scan/A/videos/A_084/location_28.mp4,True,1.0,0,1.2369357155866905,0.0006609823106398516,0.16280944058397329,190.0,True,True,red,circle,0.15229545972443706,-0.0005452449972935845,0.003753178853567858,True,1.0,-0.0030959752321980225
A_084,high,84,0,29,after block 28,28,5.278631595533422,5.3656250000000005,2.862375,2.862375,0.0,False,runs/pendulum/unified_mechanism_v2/paired_layer_control/large_seed3407/short_common_scan/A/videos/A_084/location_29.mp4,True,1.0,0,1.214791470252294,0.0006275338616252568,0.1255085889635022,190.0,True,True,red,circle,0.15196020513813896,-0.0005539463057944544,0.0038810701242213224,True,1.0,-0.0015479876160990112
A_084,high,84,0,30,after block 29,29,5.278631595533422,5.3656250000000005,2.862375,2.862375,0.0,False,runs/pendulum/unified_mechanism_v2/paired_layer_control/large_seed3407/short_common_scan/A/videos/A_084/location_30.mp4,True,1.0,0,1.255899705860521,0.0006999881878281822,0.13283806500961826,190.5,True,True,red,circle,0.15215890676147578,-0.0008512575186736274,0.003819701361702541,True,1.0,0.0
A_085,high,85,0,0,embedding output,,6.007712577170118,5.8345,2.482625,5.8345,1.0,True,runs/pendulum/unified_mechanism_v2/paired_layer_control/large_seed3407/short_common_scan/A/videos/A_085/location_00.mp4,True,1.0,0,3.5463974442385906,0.016894274861715297,4.247948460396203,209.0,True,True,blue,circle,0.12447272826922043,0.0035028691589387498,0.004340387344449932,True,1.0,0.9965317919075143
A_085,high,85,0,1,after block 0,0,6.007712577170118,5.8345,2.482625,5.8345,1.0,True,runs/pendulum/unified_mechanism_v2/paired_layer_control/large_seed3407/short_common_scan/A/videos/A_085/location_01.mp4,True,1.0,0,3.7049697694877817,0.016786806483416628,4.470658597573196,209.5,True,True,blue,circle,0.12418645746305017,0.0035155488911669717,0.004300505526599661,True,1.0,0.9942196531791907
A_085,high,85,0,2,after block 1,1,6.007712577170118,5.8345,2.482625,5.830625,0.9988439306358382,True,runs/pendulum/unified_mechanism_v2/paired_layer_control/large_seed3407/short_common_scan/A/videos/A_085/location_02.mp4,True,1.0,0,4.030317349067454,0.01695710562048247,4.589091721884407,209.0,True,True,blue,circle,0.12420426225658177,0.0035789091109588206,0.004278967775879167,True,1.0,0.9953757225433525
A_085,high,85,0,3,after block 2,2,6.007712577170118,5.8345,2.482625,5.8345,1.0,True,runs/pendulum/unified_mechanism_v2/paired_layer_control/large_seed3407/short_common_scan/A/videos/A_085/location_03.mp4,True,1.0,0,3.8187132204459617,0.017406055238803897,4.575302279978641,209.0,True,True,blue,circle,0.12434275950850007,0.003645836974760107,0.004362488575424388,True,1.0,0.9942196531791907
A_085,high,85,0,4,after block 3,3,6.007712577170118,5.8345,2.482625,5.838375,1.001156069364162,True,runs/pendulum/unified_mechanism_v2/paired_layer_control/large_seed3407/short_common_scan/A/videos/A_085/location_04.mp4,True,1.0,0,4.015824617726606,0.016656656220281646,4.575302279978641,208.5,True,True,blue,circle,0.12416223277006246,0.0035910499546640386,0.004328359206625834,True,1.0,0.9965317919075143
A_085,high,85,0,5,after block 4,4,6.007712577170118,5.8345,2.482625,5.8345,1.0,True,runs/pendulum/unified_mechanism_v2/paired_layer_control/large_seed3407/short_common_scan/A/videos/A_085/location_05.mp4,True,1.0,0,3.9289172886832673,0.016753094242943495,4.575302279978641,208.0,True,True,blue,circle,0.12417611895849494,0.003594420887905974,0.004319541338634854,True,1.0,0.9953757225433525
A_085,high,85,0,6,after block 5,5,6.007712577170118,5.8345,2.482625,5.807375,0.9919075144508671,True,runs/pendulum/unified_mechanism_v2/paired_layer_control/large_seed3407/short_common_scan/A/videos/A_085/location_06.mp4,True,1.0,0,3.709071580150342,0.016945737786776854,4.147782328978222,203.5,True,True,blue,circle,0.12491466201758712,0.003361235042139346,0.0035970655676253894,True,0.984375,0.9919075144508671
A_085,high,85,0,7,after block 6,6,6.007712577170118,5.8345,2.482625,5.815125,0.9942196531791907,True,runs/pendulum/unified_mechanism_v2/paired_layer_control/large_seed3407/short_common_scan/A/videos/A_085/location_07.mp4,True,1.0,0,3.7733149240829453,0.016823720172088275,4.1364242809893215,203.0,True,True,blue,circle,0.12433078769105313,0.0030918515763838947,0.0036133023558196594,True,0.984375,0.9965317919075143
A_085,high,85,0,8,after block 7,7,6.007712577170118,5.8345,2.482625,5.8267500000000005,0.9976878612716764,True,runs/pendulum/unified_mechanism_v2/paired_layer_control/large_seed3407/short_common_scan/A/videos/A_085/location_08.mp4,True,1.0,0,3.891196668695644,0.01603166214914345,4.188472101562982,202.0,True,True,blue,circle,0.12370493727548426,0.003322523704944179,0.00358499025081176,True,0.984375,1.001156069364162
A_085,high,85,0,9,after block 8,8,6.007712577170118,5.8345,2.482625,5.8267500000000005,0.9976878612716764,True,runs/pendulum/unified_mechanism_v2/paired_layer_control/large_seed3407/short_common_scan/A/videos/A_085/location_09.mp4,True,1.0,0,3.891196668695644,0.016562514149199153,4.188472101562982,201.5,True,True,blue,circle,0.12367042560733703,0.0032835538600221787,0.003661311342522371,True,0.984375,1.0
A_085,high,85,0,10,after block 9,9,6.007712577170118,5.8345,2.482625,5.7802500000000006,0.9838150289017342,True,runs/pendulum/unified_mechanism_v2/paired_layer_control/large_seed3407/short_common_scan/A/videos/A_085/location_10.mp4,True,1.0,0,3.7027832026730048,0.01678792963745321,4.296247990041852,198.5,True,True,blue,circle,0.11997301972397335,0.00315454538648011,0.003980279545910992,True,0.984375,0.9861271676300578
A_085,high,85,0,11,after block 10,10,6.007712577170118,5.8345,2.482625,5.76475,0.9791907514450867,True,runs/pendulum/unified_mechanism_v2/paired_layer_control/large_seed3407/short_common_scan/A/videos/A_085/location_11.mp4,True,1.0,0,3.3775299369169107,0.01787768827213529,4.217833750037723,199.0,True,True,blue,circle,0.11946946721575898,0.0034533003432609464,0.004454690401886599,True,0.984375,0.9803468208092485
A_085,high,85,0,12,after block 11,11,6.007712577170118,5.8345,2.482625,5.683375,0.9549132947976877,True,runs/pendulum/unified_mechanism_v2/paired_layer_control/large_seed3407/short_common_scan/A/videos/A_085/location_12.mp4,True,1.0,0,3.6185787025515297,0.017027087593221663,4.139339180840469,195.5,True,True,blue,circle,0.11778335321497058,0.00265176224419289,0.005115784222511912,True,0.984375,0.9560693641618498
A_085,high,85,0,13,after block 12,12,6.007712577170118,5.8345,2.482625,5.5981250000000005,0.9294797687861273,True,runs/pendulum/unified_mechanism_v2/paired_layer_control/large_seed3407/short_common_scan/A/videos/A_085/location_13.mp4,True,1.0,0,4.257734170139397,0.018677182540435155,4.187637974711057,190.0,True,True,blue,circle,0.10602126769401203,0.0020263529270655636,0.0064987123998344505,False,0.890625,0.9156069364161851
A_085,high,85,0,14,after block 13,13,6.007712577170118,5.8345,2.482625,5.4315,0.8797687861271675,False,runs/pendulum/unified_mechanism_v2/paired_layer_control/large_seed3407/short_common_scan/A/videos/A_085/location_14.mp4,True,1.0,0,1.2472581540782595,0.0009830378030214193,0.9195118117383612,163.5,True,True,red,circle,0.05861351635725594,0.006942406227870906,0.02023068682016937,False,0.21875,0.0867052023121387
A_085,high,85,0,15,after block 14,14,6.007712577170118,5.8345,2.482625,2.552375,0.020809248554913288,False,runs/pendulum/unified_mechanism_v2/paired_layer_control/large_seed3407/short_common_scan/A/videos/A_085/location_15.mp4,True,1.0,0,1.0568052519525144,0.0014158973840057432,0.6258647431375989,176.0,True,True,red,circle,0.11495234217341253,-0.0009696845764034594,0.007035335859110891,True,1.0,0.021965317919075224
A_085,high,85,0,16,after block 15,15,6.007712577170118,5.8345,2.482625,2.521375,0.01156069364161845,False,runs/pendulum/unified_mechanism_v2/paired_layer_control/large_seed3407/short_common_scan/A/videos/A_085/location_16.mp4,True,1.0,0,1.0129532717485148,0.0014213735438106945,0.5196911001614559,178.0,True,True,red,circle,0.11820325875295065,0.00041212327542900363,0.007067643391673609,True,1.0,0.01156069364161845
A_085,high,85,0,17,after block 16,16,6.007712577170118,5.8345,2.482625,2.529125,0.013872832369942191,False,runs/pendulum/unified_mechanism_v2/paired_layer_control/large_seed3407/short_common_scan/A/videos/A_085/location_17.mp4,True,1.0,0,0.9850768841182315,0.0013611561533861394,0.5375470300920648,179.0,True,True,red,circle,0.12003596846831131,0.0009001983827963657,0.007006897319473825,True,1.0,0.013872832369942191
A_085,high,85,0,18,after block 17,17,6.007712577170118,5.8345,2.482625,2.5097500000000004,0.008092485549133034,False,runs/pendulum/unified_mechanism_v2/paired_layer_control/large_seed3407/short_common_scan/A/videos/A_085/location_18.mp4,True,1.0,0,0.8593137889799853,0.0012247964452332116,0.3847876126713676,180.0,True,True,red,circle,0.11987179759465416,0.0011495316459080738,0.007829998335582334,True,1.0,0.008092485549133034
A_085,high,85,0,19,after block 18,18,6.007712577170118,5.8345,2.482625,2.521375,0.01156069364161845,False,runs/pendulum/unified_mechanism_v2/paired_layer_control/large_seed3407/short_common_scan/A/videos/A_085/location_19.mp4,True,1.0,0,0.8832733840229813,0.001453877272057591,0.3847876126713676,180.0,True,True,red,circle,0.11596730589088806,0.0006076861032803791,0.007907920236891318,True,1.0,0.012716763005780387
A_085,high,85,0,20,after block 19,19,6.007712577170118,5.8345,2.482625,2.567875,0.02543352601156064,False,runs/pendulum/unified_mechanism_v2/paired_layer_control/large_seed3407/short_common_scan/A/videos/A_085/location_20.mp4,True,1.0,0,1.023375447105758,0.0011539756436112492,0.17911503240247253,182.0,True,True,red,circle,0.1142320673038308,0.00032320727930395615,0.008528724563788014,True,1.0,0.02658959537572258
A_085,high,85,0,21,after block 20,20,6.007712577170118,5.8345,2.482625,2.513625,0.009248554913294838,False,runs/pendulum/unified_mechanism_v2/paired_layer_control/large_seed3407/short_common_scan/A/videos/A_085/location_21.mp4,True,1.0,0,0.9657402968643531,0.0013271385601594798,0.10665338404336769,181.0,True,True,red,circle,0.10956128060434005,0.0013400031775496887,0.007652989850440751,True,1.0,0.008092485549133034
A_085,high,85,0,22,after block 21,21,6.007712577170118,5.8345,2.482625,2.544625,0.018497109826589545,False,runs/pendulum/unified_mechanism_v2/paired_layer_control/large_seed3407/short_common_scan/A/videos/A_085/location_22.mp4,True,1.0,0,1.0976522911030524,0.00104092195020411,0.5247581534950794,185.0,True,True,red,circle,0.12048917373223118,0.002322272796670229,0.009248777872178069,True,1.0,0.01734104046242774
A_085,high,85,0,23,after block 22,22,6.007712577170118,5.8345,2.482625,2.474875,-0.002312138728323743,False,runs/pendulum/unified_mechanism_v2/paired_layer_control/large_seed3407/short_common_scan/A/videos/A_085/location_23.mp4,True,1.0,0,0.9642954074367333,0.001169685540883536,0.48436433574869237,186.0,True,True,red,circle,0.12048277566824511,0.002085605165425281,0.008320997662105407,True,1.0,-0.0011560693641618051
A_085,high,85,0,24,after block 23,23,6.007712577170118,5.8345,2.482625,2.44775,-0.010404624277456644,False,runs/pendulum/unified_mechanism_v2/paired_layer_control/large_seed3407/short_common_scan/A/videos/A_085/location_24.mp4,True,1.0,0,1.0678808292625932,0.0011783480838843396,0.4226210378049071,187.0,True,True,red,circle,0.1200776778390976,0.002266593881558953,0.008627938150231723,True,1.0,-0.009248554913294838
A_085,high,85,0,25,after block 24,24,6.007712577170118,5.8345,2.482625,2.3857500000000003,-0.028901734104046187,False,runs/pendulum/unified_mechanism_v2/paired_layer_control/large_seed3407/short_common_scan/A/videos/A_085/location_25.mp4,True,1.0,0,1.0273762093187995,0.001331629769989101,0.22786484359951842,190.0,True,True,red,circle,0.120132603645789,0.0023079637298587083,0.008383039877000453,True,1.0,-0.027745664739884383
A_085,high,85,0,26,after block 25,25,6.007712577170118,5.8345,2.482625,2.4322500000000002,-0.015028901734103997,False,runs/pendulum/unified_mechanism_v2/paired_layer_control/large_seed3407/short_common_scan/A/videos/A_085/location_26.mp4,True,1.0,0,0.9929480359740402,0.0014992949400575994,0.545412371307323,191.0,True,True,red,circle,0.12223149105236455,0.0013090423257971393,0.007901227064450882,True,1.0,-0.016184971098265933
A_085,high,85,0,27,after block 26,26,6.007712577170118,5.8345,2.482625,2.471,-0.003468208092485548,False,runs/pendulum/unified_mechanism_v2/paired_layer_control/large_seed3407/short_common_scan/A/videos/A_085/location_27.mp4,True,1.0,0,0.9725401654002725,0.0014540926322583747,0.7582962596653781,191.0,True,True,red,circle,0.12316133217633016,0.0008040366779201206,0.006484833644592792,True,1.0,-0.003468208092485548
A_085,high,85,0,28,after block 27,27,6.007712577170118,5.8345,2.482625,2.474875,-0.002312138728323743,False,runs/pendulum/unified_mechanism_v2/paired_layer_control/large_seed3407/short_common_scan/A/videos/A_085/location_28.mp4,True,1.0,0,1.0759741733050272,0.0015533245464828815,0.8270484695657905,191.5,True,True,red,circle,0.12340864347648337,0.0004572500798994013,0.006233082443153486,True,1.0,-0.003468208092485548
A_085,high,85,0,29,after block 28,28,6.007712577170118,5.8345,2.482625,2.482625,0.0,False,runs/pendulum/unified_mechanism_v2/paired_layer_control/large_seed3407/short_common_scan/A/videos/A_085/location_29.mp4,True,1.0,0,1.0036883640696437,0.0014030082888058792,0.8624335447011596,191.0,True,True,red,circle,0.12372111272323182,0.00018245094804498208,0.0061237678359105,True,1.0,0.0
A_085,high,85,0,30,after block 29,29,6.007712577170118,5.8345,2.482625,2.4865000000000004,0.0011560693641619376,False,runs/pendulum/unified_mechanism_v2/paired_layer_control/large_seed3407/short_common_scan/A/videos/A_085/location_30.mp4,True,1.0,0,1.0122716532827833,0.0013975768775203457,0.8881966007911993,192.0,True,True,red,circle,0.12353260397694638,7.721550242773358e-05,0.006103994988608775,True,1.0,0.0
A_089,high,89,0,0,embedding output,,5.310428958626949,5.2958750000000006,2.9205,5.2958750000000006,1.0,True,runs/pendulum/unified_mechanism_v2/paired_layer_control/large_seed3407/short_common_scan/A/videos/A_089/location_00.mp4,True,1.0,0,3.931217355815096,0.01535713517012327,2.8899742710544123,208.0,True,True,blue,circle,0.13104816371834876,0.0022678308133134172,0.006030621513419964,True,1.0,0.9967373572593798
A_089,high,89,0,1,after block 0,0,5.310428958626949,5.2958750000000006,2.9205,5.2958750000000006,1.0,True,runs/pendulum/unified_mechanism_v2/paired_layer_control/large_seed3407/short_common_scan/A/videos/A_089/location_01.mp4,True,1.0,0,4.085324064473118,0.015175681771713412,2.8899742710544123,207.5,True,True,blue,circle,0.1311841709954445,0.002308152912672839,0.005984429454097715,True,1.0,0.9983686786296897
A_089,high,89,0,2,after block 1,1,5.310428958626949,5.2958750000000006,2.9205,5.2958750000000006,1.0,True,runs/pendulum/unified_mechanism_v2/paired_layer_control/large_seed3407/short_common_scan/A/videos/A_089/location_02.mp4,True,1.0,0,4.05930791282353,0.015317118283455194,2.9135431102739275,207.0,True,True,blue,circle,0.1308146950814896,0.002195769641492786,0.0059726781527152965,True,1.0,0.9967373572593798
A_089,high,89,0,3,after block 2,2,5.310428958626949,5.2958750000000006,2.9205,5.2958750000000006,1.0,True,runs/pendulum/unified_mechanism_v2/paired_layer_control/large_seed3407/short_common_scan/A/videos/A_089/location_03.mp4,True,1.0,0,4.1511093719773156,0.015338995287566243,2.835495919391914,207.0,True,True,blue,circle,0.1308541116912782,0.002238013962817306,0.005984099769756757,True,1.0,0.9967373572593798
A_089,high,89,0,4,after block 3,3,5.310428958626949,5.2958750000000006,2.9205,5.2958750000000006,1.0,True,runs/pendulum/unified_mechanism_v2/paired_layer_control/large_seed3407/short_common_scan/A/videos/A_089/location_04.mp4,True,1.0,0,4.100579755905317,0.01544067276445768,2.892326310405908,207.5,True,True,blue,circle,0.13089015603702608,0.002079670819384883,0.005861518334426608,True,1.0,0.9967373572593798
A_089,high,89,0,5,after block 4,4,5.310428958626949,5.2958750000000006,2.9205,5.29975,1.0016313213703099,True,runs/pendulum/unified_mechanism_v2/paired_layer_control/large_seed3407/short_common_scan/A/videos/A_089/location_05.mp4,True,1.0,0,4.123591224753854,0.01574240128550458,2.8824077409548976,207.5,True,True,blue,circle,0.13089117265799785,0.0020919029583862433,0.0059807891042454,True,1.0,0.9983686786296897
A_089,high,89,0,6,after block 5,5,5.310428958626949,5.2958750000000006,2.9205,5.272625000000001,0.9902120717781403,True,runs/pendulum/unified_mechanism_v2/paired_layer_control/large_seed3407/short_common_scan/A/videos/A_089/location_06.mp4,True,1.0,0,3.352219586672225,0.01523802687462894,2.830886902580687,203.5,True,True,blue,circle,0.1314580904484116,0.0019156898161620628,0.007642773200918483,True,0.984375,0.9902120717781403
A_089,high,89,0,7,after block 6,6,5.310428958626949,5.2958750000000006,2.9205,5.272625000000001,0.9902120717781403,True,runs/pendulum/unified_mechanism_v2/paired_layer_control/large_seed3407/short_common_scan/A/videos/A_089/location_07.mp4,True,1.0,0,3.349278878243667,0.014660903755063515,2.8140644057939865,202.5,True,True,blue,circle,0.13159086660320565,0.0019938089906282003,0.007734029681583558,True,0.984375,0.9918433931484502
A_089,high,89,0,8,after block 7,7,5.310428958626949,5.2958750000000006,2.9205,5.264875,0.9869494290375201,True,runs/pendulum/unified_mechanism_v2/paired_layer_control/large_seed3407/short_common_scan/A/videos/A_089/location_08.mp4,True,1.0,0,3.861817472846093,0.015140720245808315,2.614237154285469,203.0,True,True,blue,circle,0.13101417618474004,0.0017132615628209149,0.008183171328659528,True,0.984375,0.9869494290375201
A_089,high,89,0,9,after block 8,8,5.310428958626949,5.2958750000000006,2.9205,5.26875,0.98858075040783,True,runs/pendulum/unified_mechanism_v2/paired_layer_control/large_seed3407/short_common_scan/A/videos/A_089/location_09.mp4,True,1.0,0,3.57597684247904,0.015104004406983867,2.6763938699471956,202.0,True,True,blue,circle,0.1309655229032536,0.0016533815000447775,0.008195732675175824,True,0.984375,0.98858075040783
A_089,high,89,0,10,after block 9,9,5.310428958626949,5.2958750000000006,2.9205,5.23775,0.9755301794453506,True,runs/pendulum/unified_mechanism_v2/paired_layer_control/large_seed3407/short_common_scan/A/videos/A_089/location_10.mp4,True,1.0,0,3.3301255120407585,0.01658575175559765,2.142500656245547,202.0,True,True,blue,circle,0.12713026600304503,0.0017557849405825323,0.009217863766995972,True,0.984375,0.9771615008156604
A_089,high,89,0,11,after block 10,10,5.310428958626949,5.2958750000000006,2.9205,5.233875,0.9738988580750406,True,runs/pendulum/unified_mechanism_v2/paired_layer_control/large_seed3407/short_common_scan/A/videos/A_089/location_11.mp4,True,1.0,0,3.0584202139017798,0.017125916101427524,1.898723166046532,200.5,True,True,blue,circle,0.12622541586163863,0.0011700500576035042,0.010063135936909079,True,0.984375,0.9738988580750406
A_089,high,89,0,12,after block 11,11,5.310428958626949,5.2958750000000006,2.9205,5.233875,0.9738988580750406,True,runs/pendulum/unified_mechanism_v2/paired_layer_control/large_seed3407/short_common_scan/A/videos/A_089/location_12.mp4,True,1.0,0,3.3459295854865014,0.0160189751977195,1.6357483673128774,199.5,True,True,blue,circle,0.12481465457285586,0.0010202825973919792,0.011065551646585365,True,0.984375,0.9738988580750406
A_089,high,89,0,13,after block 12,12,5.310428958626949,5.2958750000000006,2.9205,5.210625,0.9641109298531809,True,runs/pendulum/unified_mechanism_v2/paired_layer_control/large_seed3407/short_common_scan/A/videos/A_089/location_13.mp4,True,1.0,0,3.735504994230342,0.0171683815119123,1.7091503334018225,194.5,True,True,blue,circle,0.11396814486298472,-0.001445211809062989,0.016012284033019002,True,0.984375,0.9706362153344209
A_089,high,89,0,14,after block 13,13,5.310428958626949,5.2958750000000006,2.9205,5.125375,0.928221859706362,False,runs/pendulum/unified_mechanism_v2/paired_layer_control/large_seed3407/short_common_scan/A/videos/A_089/location_14.mp4,True,1.0,0,1.9757823202590616,0.0016117677984071044,1.329396115705441,140.0,True,True,red,circle,0.08358968850725297,-0.0015280332438185205,0.026063855931777798,False,0.015625,nan
A_089,high,89,0,15,after block 14,14,5.310428958626949,5.2958750000000006,2.9205,3.234375,0.13213703099510596,False,runs/pendulum/unified_mechanism_v2/paired_layer_control/large_seed3407/short_common_scan/A/videos/A_089/location_15.mp4,True,1.0,0,1.1039108007875975,0.001440407479207817,1.5463981446960082,175.0,True,True,red,circle,0.09900464781680346,-0.006845786546424514,0.016839449626975152,True,1.0,0.13213703099510596
A_089,high,89,0,16,after block 15,15,5.310428958626949,5.2958750000000006,2.9205,3.1995000000000005,0.1174551386623166,False,runs/pendulum/unified_mechanism_v2/paired_layer_control/large_seed3407/short_common_scan/A/videos/A_089/location_16.mp4,True,1.0,0,1.1813407831772682,0.0015826412667472867,1.5113353013992756,177.0,True,True,red,circle,0.1003393010912875,-0.006056877477986807,0.01555685437649516,True,1.0,0.11419249592169646
A_089,high,89,0,17,after block 16,16,5.310428958626949,5.2958750000000006,2.9205,3.19175,0.11419249592169646,False,runs/pendulum/unified_mechanism_v2/paired_layer_control/large_seed3407/short_common_scan/A/videos/A_089/location_17.mp4,True,1.0,0,1.2776391522347719,0.0013949272085071185,1.354027961948003,178.0,True,True,red,circle,0.09784323364161329,-0.004869968557119041,0.015726367078088603,True,1.0,0.1076672104404569
A_089,high,89,0,18,after block 17,17,5.310428958626949,5.2958750000000006,2.9205,3.1297500000000005,0.0880913539967375,False,runs/pendulum/unified_mechanism_v2/paired_layer_control/large_seed3407/short_common_scan/A/videos/A_089/location_18.mp4,True,1.0,0,1.0901633424888504,0.0012257163104906765,1.4604465445396535,180.0,True,True,red,circle,0.10353469669378615,-0.004344867720221385,0.009456909711134776,True,1.0,0.0880913539967375
A_089,high,89,0,19,after block 18,18,5.310428958626949,5.2958750000000006,2.9205,3.122,0.08482871125611735,False,runs/pendulum/unified_mechanism_v2/paired_layer_control/large_seed3407/short_common_scan/A/videos/A_089/location_19.mp4,True,1.0,0,1.257135958989874,0.0012618012404779777,1.6344153682572449,180.0,True,True,red,circle,0.10520058377781759,-0.0041171833968683125,0.007811537124937218,True,1.0,0.08319738988580747
A_089,high,89,0,20,after block 19,19,5.310428958626949,5.2958750000000006,2.9205,3.1103750000000003,0.07993474714518768,False,runs/pendulum/unified_mechanism_v2/paired_layer_control/large_seed3407/short_common_scan/A/videos/A_089/location_20.mp4,True,1.0,0,1.2407673706983167,0.0012976008381539172,1.5446328473845226,182.0,True,True,red,circle,0.1057258908296076,-0.005022574214721679,0.005433724283091226,True,1.0,0.07667210440456772
A_089,high,89,0,21,after block 20,20,5.310428958626949,5.2958750000000006,2.9205,3.0871250000000003,0.07014681892332798,False,runs/pendulum/unified_mechanism_v2/paired_layer_control/large_seed3407/short_common_scan/A/videos/A_089/location_21.mp4,True,1.0,0,1.284880022523226,0.0012127875670586707,1.1828699873026867,181.5,True,True,red,circle,0.1014279400078961,-0.004268659963854099,0.006126063349214986,True,1.0,0.07014681892332798
A_089,high,89,0,22,after block 21,21,5.310428958626949,5.2958750000000006,2.9205,2.936,0.006525285481239739,False,runs/pendulum/unified_mechanism_v2/paired_layer_control/large_seed3407/short_common_scan/A/videos/A_089/location_22.mp4,True,1.0,0,1.0562639428616825,0.0013441160207559866,1.5427712404866654,185.0,True,True,red,circle,0.12042583674962458,0.0002908833142739229,0.004621156943549571,True,1.0,0.004893964110929851
A_089,high,89,0,23,after block 22,22,5.310428958626949,5.2958750000000006,2.9205,2.9205,0.0,False,runs/pendulum/unified_mechanism_v2/paired_layer_control/large_seed3407/short_common_scan/A/videos/A_089/location_23.mp4,True,1.0,0,1.0655143241965201,0.00129930826311625,1.4003320143174722,186.0,True,True,red,circle,0.12240027004448097,-0.0004731555965883758,0.004284709411320316,True,1.0,0.001631321370310075
A_089,high,89,0,24,after block 23,23,5.310428958626949,5.2958750000000006,2.9205,2.9050000000000002,-0.006525285481239739,False,runs/pendulum/unified_mechanism_v2/paired_layer_control/large_seed3407/short_common_scan/A/videos/A_089/location_24.mp4,True,1.0,0,1.2574056011420238,0.001519120412653313,1.3861179661569956,187.0,True,True,red,circle,0.12412156355721435,-0.0005620797663776669,0.004453690416603817,True,1.0,-0.004893964110929851
A_089,high,89,0,25,after block 24,24,5.310428958626949,5.2958750000000006,2.9205,2.9166250000000002,-0.001631321370309888,False,runs/pendulum/unified_mechanism_v2/paired_layer_control/large_seed3407/short_common_scan/A/videos/A_089/location_25.mp4,True,1.0,0,1.4007523149930217,0.001435365189048493,0.9934396745868802,189.0,True,True,red,circle,0.12133757355414371,-0.0017338755946545387,0.0038218926145081444,True,1.0,-0.004893964110929851
A_089,high,89,0,26,after block 25,25,5.310428958626949,5.2958750000000006,2.9205,2.8933750000000003,-0.011419249592169589,False,runs/pendulum/unified_mechanism_v2/paired_layer_control/large_seed3407/short_common_scan/A/videos/A_089/location_26.mp4,True,1.0,0,1.1260926944299725,0.0016737843112338557,1.2292066211488653,190.0,True,True,red,circle,0.12534398561683666,-0.0011293324096953276,0.004381926651636277,True,1.0,-0.011419249592169589
A_089,high,89,0,27,after block 26,26,5.310428958626949,5.2958750000000006,2.9205,2.8895,-0.013050570962479665,False,runs/pendulum/unified_mechanism_v2/paired_layer_control/large_seed3407/short_common_scan/A/videos/A_089/location_27.mp4,True,1.0,0,1.1359097177380468,0.0016314697674107703,1.187309753294191,190.0,True,True,red,circle,0.12471685245165126,-0.0008193883961266023,0.0039345860671531376,True,1.0,-0.014681892332789553
A_089,high,89,0,28,after block 27,27,5.310428958626949,5.2958750000000006,2.9205,2.9166250000000002,-0.001631321370309888,False,runs/pendulum/unified_mechanism_v2/paired_layer_control/large_seed3407/short_common_scan/A/videos/A_089/location_28.mp4,True,1.0,0,1.142289590891351,0.0014990811689386818,0.844978849989237,191.0,True,True,red,circle,0.12401640850505884,-0.0012346065294242955,0.0041316103674831,True,1.0,-0.003262642740619963
A_089,high,89,0,29,after block 28,28,5.310428958626949,5.2958750000000006,2.9205,2.9205,0.0,False,runs/pendulum/unified_mechanism_v2/paired_layer_control/large_seed3407/short_common_scan/A/videos/A_089/location_29.mp4,True,1.0,0,1.1184575623493584,0.0016102260282975511,0.8126495520702532,190.5,True,True,red,circle,0.12404253614025859,-0.0014043559931716885,0.00402157264740093,True,1.0,0.0
A_089,high,89,0,30,after block 29,29,5.310428958626949,5.2958750000000006,2.9205,2.9205,0.0,False,runs/pendulum/unified_mechanism_v2/paired_layer_control/large_seed3407/short_common_scan/A/videos/A_089/location_30.mp4,True,1.0,0,1.1441087994573926,0.001467183951044948,0.7404922587651022,191.0,True,True,red,circle,0.12471131610726598,-0.0018091836116419146,0.004057920899710306,True,1.0,0.0
A_095,high,95,0,0,embedding output,,5.391561874310894,5.373375,2.843,5.373375,1.0,True,runs/pendulum/unified_mechanism_v2/paired_layer_control/large_seed3407/short_common_scan/A/videos/A_095/location_00.mp4,True,1.0,0,2.767457705379418,0.015549606742042366,1.078957831801308,209.0,True,True,blue,circle,0.14145953894246657,0.0010071788650056438,0.006106015514596395,True,0.984375,1.0
A_095,high,95,0,1,after block 0,0,5.391561874310894,5.373375,2.843,5.373375,1.0,True,runs/pendulum/unified_mechanism_v2/paired_layer_control/large_seed3407/short_common_scan/A/videos/A_095/location_01.mp4,True,1.0,0,2.769129511360518,0.01550469625494652,1.237152567118876,208.5,True,True,blue,circle,0.1415115544891422,0.0010801724197964137,0.005979662421916829,True,0.984375,1.0
A_095,high,95,0,2,after block 1,1,5.391561874310894,5.373375,2.843,5.37725,1.001531393568147,True,runs/pendulum/unified_mechanism_v2/paired_layer_control/large_seed3407/short_common_scan/A/videos/A_095/location_02.mp4,True,1.0,0,2.7853450936692754,0.01588884972814192,1.1904036133699953,209.0,True,True,blue,circle,0.1413860153215597,0.0011081830719251865,0.006074618968709676,True,0.984375,1.001531393568147
A_095,high,95,0,3,after block 2,2,5.391561874310894,5.373375,2.843,5.37725,1.001531393568147,True,runs/pendulum/unified_mechanism_v2/paired_layer_control/large_seed3407/short_common_scan/A/videos/A_095/location_03.mp4,True,1.0,0,2.820930807782408,0.016200988900561875,1.1412968024300432,209.0,True,True,blue,circle,0.1412585695136107,0.001096441583438053,0.006249597950208482,True,0.984375,1.001531393568147
A_095,high,95,0,4,after block 3,3,5.391561874310894,5.373375,2.843,5.381125,1.0030627871362938,True,runs/pendulum/unified_mechanism_v2/paired_layer_control/large_seed3407/short_common_scan/A/videos/A_095/location_04.mp4,True,1.0,0,3.0766704627324852,0.015452036215937881,1.1412968024300432,209.0,True,True,blue,circle,0.1412324114619603,0.001028868753505887,0.006208497257238943,True,0.984375,1.001531393568147
A_095,high,95,0,5,after block 4,4,5.391561874310894,5.373375,2.843,5.373375,1.0,True,runs/pendulum/unified_mechanism_v2/paired_layer_control/large_seed3407/short_common_scan/A/videos/A_095/location_05.mp4,True,1.0,0,3.010305789462047,0.015411291465969784,1.1412968024300432,208.0,True,True,blue,circle,0.14135422215205645,0.0010381630762136937,0.006153075691768411,True,0.984375,1.0
A_095,high,95,0,6,after block 5,5,5.391561874310894,5.373375,2.843,5.3695,0.9984686064318531,True,runs/pendulum/unified_mechanism_v2/paired_layer_control/large_seed3407/short_common_scan/A/videos/A_095/location_06.mp4,True,1.0,0,4.062486359455208,0.016083447195315875,1.3971499243994012,199.5,True,True,blue,circle,0.14121121703297654,0.0007226559654894472,0.006518301861354625,True,0.984375,1.0
A_095,high,95,0,7,after block 6,6,5.391561874310894,5.373375,2.843,5.373375,1.0,True,runs/pendulum/unified_mechanism_v2/paired_layer_control/large_seed3407/short_common_scan/A/videos/A_095/location_07.mp4,True,1.0,0,4.201942506120519,0.016612785731516644,1.2677556930459741,199.5,True,True,blue,circle,0.1411463501371477,0.0007771021188857463,0.006558203745703638,True,0.984375,1.0
A_095,high,95,0,8,after block 7,7,5.391561874310894,5.373375,2.843,5.3695,0.9984686064318531,True,runs/pendulum/unified_mechanism_v2/paired_layer_control/large_seed3407/short_common_scan/A/videos/A_095/location_08.mp4,True,1.0,0,4.4153241178509415,0.01694283142586417,1.3047306023610628,198.5,True,True,blue,circle,0.14082396202210187,0.0009827710754215018,0.007003528209507895,True,0.984375,1.001531393568147
A_095,high,95,0,9,after block 8,8,5.391561874310894,5.373375,2.843,5.373375,1.0,True,runs/pendulum/unified_mechanism_v2/paired_layer_control/large_seed3407/short_common_scan/A/videos/A_095/location_09.mp4,True,1.0,0,4.4733335540160875,0.01764957408675727,1.5127086027536374,198.0,True,True,blue,circle,0.14041494681484518,0.0011346407019456582,0.006906618736098026,True,0.984375,1.0
A_095,high,95,0,10,after block 9,9,5.391561874310894,5.373375,2.843,5.354,0.9923430321592649,True,runs/pendulum/unified_mechanism_v2/paired_layer_control/large_seed3407/short_common_scan/A/videos/A_095/location_10.mp4,True,1.0,0,4.160968784898866,0.016869192079278172,1.2335407854669644,197.5,True,True,blue,circle,0.1359114562531408,0.001348170510313628,0.0068156814817656635,True,0.984375,0.9938744257274118
A_095,high,95,0,11,after block 10,10,5.391561874310894,5.373375,2.843,5.357875,0.9938744257274118,True,runs/pendulum/unified_mechanism_v2/paired_layer_control/large_seed3407/short_common_scan/A/videos/A_095/location_11.mp4,True,1.0,0,3.9237378979322908,0.01795016198837937,1.23012009696378,197.0,True,True,blue,circle,0.13444736754391534,0.0012732908640488677,0.0073453810898986855,True,0.984375,0.9938744257274118
A_095,high,95,0,12,after block 11,11,5.391561874310894,5.373375,2.843,5.31525,0.9770290964777947,True,runs/pendulum/unified_mechanism_v2/paired_layer_control/large_seed3407/short_common_scan/A/videos/A_095/location_12.mp4,True,1.0,0,3.393422892832919,0.016791322966035527,1.3261663231132181,195.0,True,True,blue,circle,0.13354129752035435,0.0009424854012055464,0.007864337513004119,True,0.984375,0.9800918836140888
A_095,high,95,0,13,after block 12,12,5.391561874310894,5.373375,2.843,5.33075,0.9831546707503828,True,runs/pendulum/unified_mechanism_v2/paired_layer_control/large_seed3407/short_common_scan/A/videos/A_095/location_13.mp4,True,1.0,0,2.849827732779852,0.01615452117245081,1.7017638625769886,189.5,True,True,blue,circle,0.1222076300373662,-0.0002886732655113348,0.010920148581431793,True,0.96875,0.987748851454824
A_095,high,95,0,14,after block 13,13,5.391561874310894,5.373375,2.843,5.164125,0.9173047473200613,False,runs/pendulum/unified_mechanism_v2/paired_layer_control/large_seed3407/short_common_scan/A/videos/A_095/location_14.mp4,True,1.0,0,12.039692507660329,0.037148155393526366,19.993819270558845,76.0,True,True,blue,circle,0.08080196350503585,-0.024203005705985593,0.023248918811652954,False,0.03125,nan
A_095,high,95,0,15,after block 14,14,5.391561874310894,5.373375,2.843,2.95925,0.04594180704441039,False,runs/pendulum/unified_mechanism_v2/paired_layer_control/large_seed3407/short_common_scan/A/videos/A_095/location_15.mp4,True,1.0,0,1.1585310236741713,0.0011938302766939524,0.3709176387619441,173.0,True,True,red,circle,0.12664047048954608,-0.010230384627415184,0.011962636529312162,True,1.0,0.05206738131699856
A_095,high,95,0,16,after block 15,15,5.391561874310894,5.373375,2.843,2.932125,0.03522205206738136,False,runs/pendulum/unified_mechanism_v2/paired_layer_control/large_seed3407/short_common_scan/A/videos/A_095/location_16.mp4,True,1.0,0,1.0807958105021267,0.0012783832338224554,0.3595730313410283,177.0,True,True,red,circle,0.13066314474232255,-0.006535792606333338,0.007129824347354958,True,1.0,0.03522205206738136
A_095,high,95,0,17,after block 16,16,5.391561874310894,5.373375,2.843,2.9166250000000002,0.029096477794793366,False,runs/pendulum/unified_mechanism_v2/paired_layer_control/large_seed3407/short_common_scan/A/videos/A_095/location_17.mp4,True,1.0,0,0.9843454227573863,0.0010869925470009811,0.3675315546167542,179.0,True,True,red,circle,0.12998685259445716,-0.004085575181714512,0.006514193432799548,True,1.0,0.03062787136294032
A_095,high,95,0,18,after block 17,17,5.391561874310894,5.373375,2.843,2.8817500000000003,0.015313935681470249,False,runs/pendulum/unified_mechanism_v2/paired_layer_control/large_seed3407/short_common_scan/A/videos/A_095/location_18.mp4,True,1.0,0,1.080618324610639,0.00105606895123328,0.3913552149227564,180.0,True,True,red,circle,0.13438606781030865,0.000289191114314243,0.006246012856132823,True,1.0,0.013782542113323294
A_095,high,95,0,19,after block 18,18,5.391561874310894,5.373375,2.843,2.89725,0.02143950995405824,False,runs/pendulum/unified_mechanism_v2/paired_layer_control/large_seed3407/short_common_scan/A/videos/A_095/location_19.mp4,True,1.0,0,1.1601797047133149,0.0010073486694143763,0.570760812232012,181.0,True,True,red,circle,0.13638672579859037,0.0006689600179345606,0.006542432019564603,True,1.0,0.02143950995405824
A_095,high,95,0,20,after block 19,19,5.391561874310894,5.373375,2.843,2.91275,0.027565084226646237,False,runs/pendulum/unified_mechanism_v2/paired_layer_control/large_seed3407/short_common_scan/A/videos/A_095/location_20.mp4,True,1.0,0,1.1266860520954676,0.0009720799435033456,0.5915831321033819,182.5,True,True,red,circle,0.14469604247620643,0.0019439169380269297,0.0053470040212700845,True,1.0,0.02603369065849928
A_095,high,95,0,21,after block 20,20,5.391561874310894,5.373375,2.843,2.8895,0.018376722817764157,False,runs/pendulum/unified_mechanism_v2/paired_layer_control/large_seed3407/short_common_scan/A/videos/A_095/location_21.mp4,True,1.0,0,1.2183180248075116,0.0011137054588876982,0.5681731868977385,182.5,True,True,red,circle,0.14064930179926252,0.002590498085219392,0.006160593471202618,True,1.0,0.01990811638591129
A_095,high,95,0,22,after block 21,21,5.391561874310894,5.373375,2.843,2.86625,0.009188361408882078,False,runs/pendulum/unified_mechanism_v2/paired_layer_control/large_seed3407/short_common_scan/A/videos/A_095/location_22.mp4,True,1.0,0,1.4458583484223055,0.0008084541903129738,0.6458655851988276,185.0,True,True,red,circle,0.16245006919459712,0.007090332786761658,0.0072049433441487825,True,1.0,0.0076569678407351245
A_095,high,95,0,23,after block 22,22,5.391561874310894,5.373375,2.843,2.8468750000000003,0.00153139356814713,False,runs/pendulum/unified_mechanism_v2/paired_layer_control/large_seed3407/short_common_scan/A/videos/A_095/location_23.mp4,True,1.0,0,1.3295138657511174,0.0007947734346752389,0.5994025451242931,185.0,True,True,red,circle,0.16279058630870386,0.007044484882415297,0.007083730643145627,True,1.0,0.00153139356814713
A_095,high,95,0,24,after block 23,23,5.391561874310894,5.373375,2.843,2.839125,-0.0015313935681469546,False,runs/pendulum/unified_mechanism_v2/paired_layer_control/large_seed3407/short_common_scan/A/videos/A_095/location_24.mp4,True,1.0,0,1.310782958871545,0.0007875443646314928,0.6458655851988276,185.5,True,True,red,circle,0.16337707145717498,0.007178220417191538,0.006945384181176546,True,1.0,0.0
A_095,high,95,0,25,after block 24,24,5.391561874310894,5.373375,2.843,2.81975,-0.009188361408882078,False,runs/pendulum/unified_mechanism_v2/paired_layer_control/large_seed3407/short_common_scan/A/videos/A_095/location_25.mp4,True,1.0,0,1.3699735988755133,0.0007144692732898028,0.6263035611729488,187.0,True,True,red,circle,0.1636221950437341,0.007539031643303921,0.0070751713674424834,True,1.0,-0.009188361408882078
A_095,high,95,0,26,after block 25,25,5.391561874310894,5.373375,2.843,2.8313750000000004,-0.004594180704440864,False,runs/pendulum/unified_mechanism_v2/paired_layer_control/large_seed3407/short_common_scan/A/videos/A_095/location_26.mp4,True,1.0,0,1.356667657948923,0.0008769192980253304,0.6696065451825978,187.0,True,True,red,circle,0.1668617979680755,0.006977029986859497,0.00707308077488546,True,1.0,-0.006125574272587994
A_095,high,95,0,27,after block 26,26,5.391561874310894,5.373375,2.843,2.839125,-0.0015313935681469546,False,runs/pendulum/unified_mechanism_v2/paired_layer_control/large_seed3407/short_common_scan/A/videos/A_095/location_27.mp4,True,1.0,0,1.354963632396458,0.0008020015805076941,0.5256423602401056,188.0,True,True,red,circle,0.1671620718848454,0.0065913758505680795,0.006759968375450939,True,1.0,-0.0015313935681469546
A_095,high,95,0,28,after block 27,27,5.391561874310894,5.373375,2.843,2.8352500000000003,-0.0030627871362939093,False,runs/pendulum/unified_mechanism_v2/paired_layer_control/large_seed3407/short_common_scan/A/videos/A_095/location_28.mp4,True,1.0,0,1.3363470048772232,0.0007545853250964518,0.4972436819749283,189.0,True,True,red,circle,0.16751758540543718,0.006254024373884651,0.006602178188256221,True,1.0,-0.0015313935681469546
A_095,high,95,0,29,after block 28,28,5.391561874310894,5.373375,2.843,2.843,0.0,False,runs/pendulum/unified_mechanism_v2/paired_layer_control/large_seed3407/short_common_scan/A/videos/A_095/location_29.mp4,True,1.0,0,1.283842703746092,0.000777592482415157,0.4972436819749283,187.0,True,True,red,circle,0.1692154559844145,0.005619538633732006,0.006751652478635495,True,1.0,-0.0015313935681469546
A_095,high,95,0,30,after block 29,29,5.391561874310894,5.373375,2.843,2.843,0.0,False,runs/pendulum/unified_mechanism_v2/paired_layer_control/large_seed3407/short_common_scan/A/videos/A_095/location_30.mp4,True,1.0,0,1.3749265617372894,0.0008877585610365946,0.5256423602401056,188.5,True,True,red,circle,0.1695532851733474,0.005245572175140617,0.006890925771837073,True,1.0,0.0
A_104,high,104,0,0,embedding output,,6.010049644428966,6.18325,2.8585000000000003,6.18325,1.0,True,runs/pendulum/unified_mechanism_v2/paired_layer_control/large_seed3407/short_common_scan/A/videos/A_104/location_00.mp4,True,1.0,0,3.1445280898052204,0.01600166899363939,3.0643215925709866,208.5,True,True,blue,circle,0.11678941614398122,0.002738310401033179,0.007055085714507161,True,1.0,0.9976689976689977
A_104,high,104,0,1,after block 0,0,6.010049644428966,6.18325,2.8585000000000003,6.179375,0.9988344988344989,True,runs/pendulum/unified_mechanism_v2/paired_layer_control/large_seed3407/short_common_scan/A/videos/A_104/location_01.mp4,True,1.0,0,3.1618020668646056,0.01597042122986836,2.9307450263543733,208.0,True,True,blue,circle,0.1168618738816985,0.002727461197525128,0.007038360390717855,True,1.0,0.9965034965034967
A_104,high,104,0,2,after block 1,1,6.010049644428966,6.18325,2.8585000000000003,6.1755,0.9976689976689977,True,runs/pendulum/unified_mechanism_v2/paired_layer_control/large_seed3407/short_common_scan/A/videos/A_104/location_02.mp4,True,1.0,0,3.147543204027898,0.016388232907811967,2.9607025554044304,208.0,True,True,blue,circle,0.11675038260610596,0.002671391270335324,0.0069113457151819034,True,0.984375,1.0
A_104,high,104,0,3,after block 2,2,6.010049644428966,6.18325,2.8585000000000003,6.171625000000001,0.9965034965034967,True,runs/pendulum/unified_mechanism_v2/paired_layer_control/large_seed3407/short_common_scan/A/videos/A_104/location_03.mp4,True,1.0,0,2.935792357470012,0.01636311032411969,3.1567887167426814,208.0,True,True,blue,circle,0.11701924239321503,0.0025382702244309287,0.006863466329931206,True,0.984375,0.9976689976689977
A_104,high,104,0,4,after block 3,3,6.010049644428966,6.18325,2.8585000000000003,6.171625000000001,0.9965034965034967,True,runs/pendulum/unified_mechanism_v2/paired_layer_control/large_seed3407/short_common_scan/A/videos/A_104/location_04.mp4,True,1.0,0,2.975193049412732,0.01647167492873694,3.1372469291182132,208.5,True,True,blue,circle,0.11721501309905899,0.002699893583062402,0.006870118515443627,True,0.984375,0.9976689976689977
A_104,high,104,0,5,after block 4,4,6.010049644428966,6.18325,2.8585000000000003,6.16775,0.9953379953379953,True,runs/pendulum/unified_mechanism_v2/paired_layer_control/large_seed3407/short_common_scan/A/videos/A_104/location_05.mp4,True,1.0,0,3.0564822574293067,0.01659298974516238,3.0643215925709866,208.0,True,True,blue,circle,0.1171153615858997,0.0025790977127686243,0.006933540477601009,True,0.984375,0.9976689976689977
A_104,high,104,0,6,after block 5,5,6.010049644428966,6.18325,2.8585000000000003,6.140625,0.9871794871794871,True,runs/pendulum/unified_mechanism_v2/paired_layer_control/large_seed3407/short_common_scan/A/videos/A_104/location_06.mp4,True,1.0,0,3.7734275599531557,0.01700250025142616,2.8535520824417393,202.0,True,True,blue,circle,0.11716898215106603,0.0026964167001471175,0.008700032578370022,True,0.984375,0.9953379953379953
A_104,high,104,0,7,after block 6,6,6.010049644428966,6.18325,2.8585000000000003,6.132875,0.9848484848484849,True,runs/pendulum/unified_mechanism_v2/paired_layer_control/large_seed3407/short_common_scan/A/videos/A_104/location_07.mp4,True,1.0,0,3.6694975440243676,0.017046974949395027,2.7003904585143546,202.0,True,True,blue,circle,0.11706586745655469,0.002667865288831349,0.009012704948499579,True,0.984375,0.993006993006993
A_104,high,104,0,8,after block 7,7,6.010049644428966,6.18325,2.8585000000000003,6.0825000000000005,0.9696969696969698,True,runs/pendulum/unified_mechanism_v2/paired_layer_control/large_seed3407/short_common_scan/A/videos/A_104/location_08.mp4,True,1.0,0,4.182578001078528,0.017290391895309398,2.69796359043392,202.0,True,True,blue,circle,0.11706291770816303,0.00245056658671544,0.009324418248601977,True,0.984375,0.9766899766899768
A_104,high,104,0,9,after block 8,8,6.010049644428966,6.18325,2.8585000000000003,6.098,0.9743589743589742,True,runs/pendulum/unified_mechanism_v2/paired_layer_control/large_seed3407/short_common_scan/A/videos/A_104/location_09.mp4,True,1.0,0,3.9001841828285264,0.016901162427436472,2.821903247986756,201.0,True,True,blue,circle,0.11687365519326373,0.002497130347929027,0.009389099022285574,True,0.984375,0.9801864801864801
A_104,high,104,0,10,after block 9,9,6.010049644428966,6.18325,2.8585000000000003,6.02825,0.9533799533799533,True,runs/pendulum/unified_mechanism_v2/paired_layer_control/large_seed3407/short_common_scan/A/videos/A_104/location_10.mp4,True,1.0,0,3.3783370974125595,0.018132183521963663,2.9974782419166957,203.0,True,True,blue,circle,0.11509402115928886,0.002027658436494003,0.009980505504364946,True,0.984375,0.9592074592074592
A_104,high,104,0,11,after block 10,10,6.010049644428966,6.18325,2.8585000000000003,5.977875,0.9382284382284382,True,runs/pendulum/unified_mechanism_v2/paired_layer_control/large_seed3407/short_common_scan/A/videos/A_104/location_11.mp4,True,1.0,0,3.647514729211481,0.017389180589404196,2.763484156540237,198.0,True,True,blue,circle,0.11419104909205666,0.001696860340145563,0.010500598205474287,True,0.984375,0.9463869463869463
A_104,high,104,0,12,after block 11,11,6.010049644428966,6.18325,2.8585000000000003,5.8267500000000005,0.8927738927738929,True,runs/pendulum/unified_mechanism_v2/paired_layer_control/large_seed3407/short_common_scan/A/videos/A_104/location_12.mp4,True,1.0,0,3.3863795386772853,0.017781594156809855,2.5649873872915276,197.5,True,True,blue,circle,0.1146607936672996,0.0018583998629982381,0.010758190617452389,True,0.984375,0.8974358974358974
A_104,high,104,0,13,after block 12,12,6.010049644428966,6.18325,2.8585000000000003,5.54775,0.8088578088578088,True,runs/pendulum/unified_mechanism_v2/paired_layer_control/large_seed3407/short_common_scan/A/videos/A_104/location_13.mp4,True,1.0,0,3.66204511051761,0.01753226495735527,1.5686618961069854,193.5,True,True,blue,circle,0.1057854725678536,0.0007370956398215937,0.011142381268214593,True,0.984375,0.8228438228438227
A_104,high,104,0,14,after block 13,13,6.010049644428966,6.18325,2.8585000000000003,5.520625,0.8006993006993006,False,runs/pendulum/unified_mechanism_v2/paired_layer_control/large_seed3407/short_common_scan/A/videos/A_104/location_14.mp4,True,1.0,0,1.0285632047510345,0.0009891208728070588,0.596211171225201,161.5,True,True,red,circle,0.06444000264973455,-0.005070369380345085,0.02833728398242511,False,0.03125,nan
A_104,high,104,0,15,after block 14,14,6.010049644428966,6.18325,2.8585000000000003,3.079375,0.06643356643356642,False,runs/pendulum/unified_mechanism_v2/paired_layer_control/large_seed3407/short_common_scan/A/videos/A_104/location_15.mp4,True,1.0,0,1.012051014495662,0.0012003770625007848,0.5166023560576595,176.0,True,True,red,circle,0.102816736423913,-0.01017097150851327,0.013088421825891011,True,1.0,0.0687645687645688
A_104,high,104,0,16,after block 15,15,6.010049644428966,6.18325,2.8585000000000003,3.06775,0.06293706293706292,False,runs/pendulum/unified_mechanism_v2/paired_layer_control/large_seed3407/short_common_scan/A/videos/A_104/location_16.mp4,True,1.0,0,1.062255024608409,0.001195035898598068,0.5664058828929265,178.0,True,True,red,circle,0.1065787212850314,-0.007829513218830204,0.010582491353002033,True,1.0,0.061771561771561796
A_104,high,104,0,17,after block 16,16,6.010049644428966,6.18325,2.8585000000000003,3.071625,0.06410256410256404,False,runs/pendulum/unified_mechanism_v2/paired_layer_control/large_seed3407/short_common_scan/A/videos/A_104/location_17.mp4,True,1.0,0,1.0846280243221404,0.0010270710671743954,0.49149274486725647,180.0,True,True,red,circle,0.10569610421017825,-0.007021433474129726,0.011251248707607088,True,1.0,0.06759906759906767
A_104,high,104,0,18,after block 17,17,6.010049644428966,6.18325,2.8585000000000003,3.094875,0.07109557109557103,False,runs/pendulum/unified_mechanism_v2/paired_layer_control/large_seed3407/short_common_scan/A/videos/A_104/location_18.mp4,True,1.0,0,0.9252120131848212,0.0009515425378333331,0.5848829923839268,181.0,True,True,red,circle,0.10684891385205897,-0.004540472656696941,0.004981123663988629,True,1.0,0.07226107226107216
A_104,high,104,0,19,after block 18,18,6.010049644428966,6.18325,2.8585000000000003,3.122,0.07925407925407914,False,runs/pendulum/unified_mechanism_v2/paired_layer_control/large_seed3407/short_common_scan/A/videos/A_104/location_19.mp4,True,1.0,0,1.001683534306157,0.0010257067616464277,0.627782297597426,181.0,True,True,red,circle,0.10875523370800187,-0.004456673707842453,0.0043169464131578555,True,1.0,0.07925407925407914
A_104,high,104,0,20,after block 19,19,6.010049644428966,6.18325,2.8585000000000003,3.0832500000000005,0.06759906759906767,False,runs/pendulum/unified_mechanism_v2/paired_layer_control/large_seed3407/short_common_scan/A/videos/A_104/location_20.mp4,True,1.0,0,1.1452939804435687,0.001161153077508803,0.7160277133674124,182.0,True,True,red,circle,0.11956064629635905,-0.0031052852354977196,0.0033883376402559953,True,1.0,0.0687645687645688
A_104,high,104,0,21,after block 20,20,6.010049644428966,6.18325,2.8585000000000003,3.06,0.060606060606060545,False,runs/pendulum/unified_mechanism_v2/paired_layer_control/large_seed3407/short_common_scan/A/videos/A_104/location_21.mp4,True,1.0,0,1.2126436142360197,0.0011902774626280088,0.6808087029580573,182.0,True,True,red,circle,0.11762462724194532,-0.002017316412980404,0.003912874133743326,True,1.0,0.060606060606060545
A_104,high,104,0,22,after block 21,21,6.010049644428966,6.18325,2.8585000000000003,2.908875,0.015151515151515103,False,runs/pendulum/unified_mechanism_v2/paired_layer_control/large_seed3407/short_common_scan/A/videos/A_104/location_22.mp4,True,1.0,0,1.3081590125778397,0.0008318910607183483,1.0203718762137233,185.0,True,True,red,circle,0.14460403758036308,0.0039818048335890765,0.0057105732117306305,True,1.0,0.015151515151515103
A_104,high,104,0,23,after block 22,22,6.010049644428966,6.18325,2.8585000000000003,2.86625,0.0023310023310022412,False,runs/pendulum/unified_mechanism_v2/paired_layer_control/large_seed3407/short_common_scan/A/videos/A_104/location_23.mp4,True,1.0,0,1.2865492002485792,0.0008906726773083296,0.9104600586466693,187.0,True,True,red,circle,0.1482693963065423,0.005130791964090594,0.005319993196573416,True,1.0,0.0023310023310022412
A_104,high,104,0,24,after block 23,23,6.010049644428966,6.18325,2.8585000000000003,2.8546250000000004,-0.0011655011655011206,False,runs/pendulum/unified_mechanism_v2/paired_layer_control/large_seed3407/short_common_scan/A/videos/A_104/location_24.mp4,True,1.0,0,1.3591874950633918,0.000973460340143173,0.9420220742136122,187.0,True,True,red,circle,0.15034892990381613,0.004537392556333189,0.005080612221119503,True,1.0,-0.0011655011655011206
A_104,high,104,0,25,after block 24,24,6.010049644428966,6.18325,2.8585000000000003,2.839125,-0.0058275058275058704,False,runs/pendulum/unified_mechanism_v2/paired_layer_control/large_seed3407/short_common_scan/A/videos/A_104/location_25.mp4,True,1.0,0,1.589370818525987,0.0008837469784101493,0.9420220742136122,189.0,True,True,red,circle,0.1495593935959836,0.004901379008526324,0.004322938637648287,True,1.0,-0.006993006993006991
A_104,high,104,0,26,after block 25,25,6.010049644428966,6.18325,2.8585000000000003,2.8352500000000003,-0.006993006993006991,False,runs/pendulum/unified_mechanism_v2/paired_layer_control/large_seed3407/short_common_scan/A/videos/A_104/location_26.mp4,True,1.0,0,1.38316844918755,0.0008756697707093253,1.0744984791693937,189.0,True,True,red,circle,0.15387422893552072,0.0043780446422102106,0.0051712764965155715,True,1.0,-0.008158508158508111
A_104,high,104,0,27,after block 26,26,6.010049644428966,6.18325,2.8585000000000003,2.8468750000000003,-0.0034965034965034956,False,runs/pendulum/unified_mechanism_v2/paired_layer_control/large_seed3407/short_common_scan/A/videos/A_104/location_27.mp4,True,1.0,0,1.394866681627212,0.0010076335014053972,0.8222517916082018,189.0,True,True,red,circle,0.15339751234560353,0.004503502787999887,0.004537840459842897,True,1.0,-0.00466200466200475
A_104,high,104,0,28,after block 27,27,6.010049644428966,6.18325,2.8585000000000003,2.8546250000000004,-0.0011655011655011206,False,runs/pendulum/unified_mechanism_v2/paired_layer_control/large_seed3407/short_common_scan/A/videos/A_104/location_28.mp4,True,1.0,0,1.5175184870689278,0.0009056633735117781,0.70212819865831,189.0,True,True,red,circle,0.15299045494158423,0.0037432812339686593,0.004311693820457531,True,1.0,-0.0034965034965034956
A_104,high,104,0,29,after block 28,28,6.010049644428966,6.18325,2.8585000000000003,2.8546250000000004,-0.0011655011655011206,False,runs/pendulum/unified_mechanism_v2/paired_layer_control/large_seed3407/short_common_scan/A/videos/A_104/location_29.mp4,True,1.0,0,1.5293902612524644,0.0007542732392985529,0.685684372119257,188.5,True,True,red,circle,0.15420661919081122,0.0036422632941134924,0.004593745834969064,True,1.0,-0.0011655011655011206
A_104,high,104,0,30,after block 29,29,6.010049644428966,6.18325,2.8585000000000003,2.8546250000000004,-0.0011655011655011206,False,runs/pendulum/unified_mechanism_v2/paired_layer_control/large_seed3407/short_common_scan/A/videos/A_104/location_30.mp4,True,1.0,0,1.394709396150916,0.0008586808865969076,0.6687979215430289,189.0,True,True,red,circle,0.15455997194289697,0.003091738623955044,0.004694006546087736,True,1.0,0.0
A_111,high,111,0,0,embedding output,,5.882238879230835,5.8655,2.57175,5.8655,1.0,True,runs/pendulum/unified_mechanism_v2/paired_layer_control/large_seed3407/short_common_scan/A/videos/A_111/location_00.mp4,True,1.0,0,3.637509524485367,0.01682498238557764,3.129833194348312,209.0,True,True,blue,circle,0.14278151327669883,0.001715003135120282,0.005190848763924526,True,1.0,1.0
A_111,high,111,0,1,after block 0,0,5.882238879230835,5.8655,2.57175,5.881,1.0047058823529413,True,runs/pendulum/unified_mechanism_v2/paired_layer_control/large_seed3407/short_common_scan/A/videos/A_111/location_01.mp4,True,1.0,0,3.2278637619057275,0.017403980944089487,3.180466156540148,210.0,True,True,blue,circle,0.14285528857262902,0.00199872704352703,0.005273464214394324,True,1.0,1.0047058823529413
A_111,high,111,0,2,after block 1,1,5.882238879230835,5.8655,2.57175,5.881,1.0047058823529413,True,runs/pendulum/unified_mechanism_v2/paired_layer_control/large_seed3407/short_common_scan/A/videos/A_111/location_02.mp4,True,1.0,0,3.5018117104110558,0.01670331458241417,3.0667252532416085,209.5,True,True,blue,circle,0.1426184542896154,0.001897434654166729,0.005229531473924205,True,1.0,1.0058823529411764
A_111,high,111,0,3,after block 2,2,5.882238879230835,5.8655,2.57175,5.861625,0.9988235294117648,True,runs/pendulum/unified_mechanism_v2/paired_layer_control/large_seed3407/short_common_scan/A/videos/A_111/location_03.mp4,True,1.0,0,3.358270515870123,0.01645164540615507,3.2476603106054616,208.0,True,True,blue,circle,0.1426246382179812,0.0016196732576803043,0.0052864933935725805,True,1.0,0.9988235294117648
A_111,high,111,0,4,after block 3,3,5.882238879230835,5.8655,2.57175,5.877125,1.003529411764706,True,runs/pendulum/unified_mechanism_v2/paired_layer_control/large_seed3407/short_common_scan/A/videos/A_111/location_04.mp4,True,1.0,0,3.530264939841285,0.016601105618692658,3.2268049883901213,209.5,True,True,blue,circle,0.1429447469178462,0.0019283746420701987,0.005372702935991028,True,1.0,1.0047058823529413
A_111,high,111,0,5,after block 4,4,5.882238879230835,5.8655,2.57175,5.8732500000000005,1.0023529411764707,True,runs/pendulum/unified_mechanism_v2/paired_layer_control/large_seed3407/short_common_scan/A/videos/A_111/location_05.mp4,True,1.0,0,3.418727871858453,0.016737850481983257,3.0297325760373006,208.5,True,True,blue,circle,0.1429458843962904,0.0019616979807831926,0.005173341133800625,True,1.0,1.0023529411764707
A_111,high,111,0,6,after block 5,5,5.882238879230835,5.8655,2.57175,5.946875,1.0247058823529414,True,runs/pendulum/unified_mechanism_v2/paired_layer_control/large_seed3407/short_common_scan/A/videos/A_111/location_06.mp4,True,1.0,0,3.5802382580508363,0.016593816592027272,2.980793452905981,202.5,True,True,blue,circle,0.14385967850105497,0.0023116136919121,0.005971714252051661,True,0.984375,1.0247058823529414
A_111,high,111,0,7,after block 6,6,5.882238879230835,5.8655,2.57175,5.939125,1.0223529411764705,True,runs/pendulum/unified_mechanism_v2/paired_layer_control/large_seed3407/short_common_scan/A/videos/A_111/location_07.mp4,True,1.0,0,3.7123709055649172,0.016772892671942485,3.030930919248669,202.0,True,True,blue,circle,0.1434855069178106,0.0023452864419327354,0.00607517608254778,True,0.984375,1.023529411764706
A_111,high,111,0,8,after block 7,7,5.882238879230835,5.8655,2.57175,5.977875,1.0341176470588236,True,runs/pendulum/unified_mechanism_v2/paired_layer_control/large_seed3407/short_common_scan/A/videos/A_111/location_08.mp4,True,1.0,0,3.8041841341464555,0.016113497100827462,3.246615299769865,200.5,True,True,blue,circle,0.14354854188902935,0.0022296251567282483,0.0062797185598566785,True,0.984375,1.0329411764705883
A_111,high,111,0,9,after block 8,8,5.882238879230835,5.8655,2.57175,5.974,1.0329411764705883,True,runs/pendulum/unified_mechanism_v2/paired_layer_control/large_seed3407/short_common_scan/A/videos/A_111/location_09.mp4,True,1.0,0,3.717762849887192,0.016649712286695234,2.998150086243113,201.0,True,True,blue,circle,0.14363080350313537,0.0022492971793427498,0.006245724325600861,True,0.984375,1.0329411764705883
A_111,high,111,0,10,after block 9,9,5.882238879230835,5.8655,2.57175,5.993375,1.038823529411765,True,runs/pendulum/unified_mechanism_v2/paired_layer_control/large_seed3407/short_common_scan/A/videos/A_111/location_10.mp4,True,1.0,0,4.001514557549298,0.016976856313519417,2.9789689951491556,200.0,True,True,blue,circle,0.14112775473391487,0.0020112975564484043,0.0071938198439123165,True,0.984375,1.04
A_111,high,111,0,11,after block 10,10,5.882238879230835,5.8655,2.57175,5.9895000000000005,1.0376470588235296,True,runs/pendulum/unified_mechanism_v2/paired_layer_control/large_seed3407/short_common_scan/A/videos/A_111/location_11.mp4,True,1.0,0,3.334274029783559,0.01706919603977411,3.031325915765649,200.0,True,True,blue,circle,0.14047297746868692,0.0021466567947454806,0.007484736025708071,True,0.984375,1.038823529411765
A_111,high,111,0,12,after block 11,11,5.882238879230835,5.8655,2.57175,5.8732500000000005,1.0023529411764707,True,runs/pendulum/unified_mechanism_v2/paired_layer_control/large_seed3407/short_common_scan/A/videos/A_111/location_12.mp4,True,1.0,0,4.060941042327445,0.017310237990740884,2.9263824397986364,197.0,True,True,blue,circle,0.13734610924696158,0.001726832431739246,0.007673199666548133,True,0.984375,1.003529411764706
A_111,high,111,0,13,after block 12,12,5.882238879230835,5.8655,2.57175,5.51675,0.8941176470588236,True,runs/pendulum/unified_mechanism_v2/paired_layer_control/large_seed3407/short_common_scan/A/videos/A_111/location_13.mp4,True,1.0,0,4.731953248433421,0.017767316985287385,3.9978095746639783,192.0,True,True,blue,circle,0.12617707536047734,0.0010170144099378915,0.010002554762550218,True,0.984375,0.8988235294117648
A_111,high,111,0,14,after block 13,13,5.882238879230835,5.8655,2.57175,5.257125,0.815294117647059,False,runs/pendulum/unified_mechanism_v2/paired_layer_control/large_seed3407/short_common_scan/A/videos/A_111/location_14.mp4,True,1.0,0,9.429290538621043,0.03636660256533425,25.42850975241869,111.5,True,True,blue,circle,0.07148176362681463,-0.015873815841212904,0.02269823131894614,False,0.03125,nan
A_111,high,111,0,15,after block 14,14,5.882238879230835,5.8655,2.57175,2.932125,0.10941176470588233,False,runs/pendulum/unified_mechanism_v2/paired_layer_control/large_seed3407/short_common_scan/A/videos/A_111/location_15.mp4,True,1.0,0,1.0879707940404792,0.0012764348194158892,0.3334627469456528,175.5,True,True,red,circle,0.1143638374590397,-0.004751895634947526,0.009280974910152551,True,1.0,0.11176470588235296
A_111,high,111,0,16,after block 15,15,5.882238879230835,5.8655,2.57175,2.9476250000000004,0.11411764705882359,False,runs/pendulum/unified_mechanism_v2/paired_layer_control/large_seed3407/short_common_scan/A/videos/A_111/location_16.mp4,True,1.0,0,1.0872217445035037,0.0012220404037095456,0.37139007245486344,177.5,True,True,red,circle,0.11860223983629606,-0.00274310471048806,0.009594437041253047,True,1.0,0.11647058823529409
A_111,high,111,0,17,after block 16,16,5.882238879230835,5.8655,2.57175,2.998,0.12941176470588237,False,runs/pendulum/unified_mechanism_v2/paired_layer_control/large_seed3407/short_common_scan/A/videos/A_111/location_17.mp4,True,1.0,0,1.2093021527400922,0.001228958354249271,0.33436527736267135,179.0,True,True,red,circle,0.11898885800661146,-0.003734969928230488,0.010500888034360951,True,1.0,0.13058823529411762
A_111,high,111,0,18,after block 17,17,5.882238879230835,5.8655,2.57175,2.9476250000000004,0.11411764705882359,False,runs/pendulum/unified_mechanism_v2/paired_layer_control/large_seed3407/short_common_scan/A/videos/A_111/location_18.mp4,True,1.0,0,1.0488203091636776,0.0012214239564133644,0.34684579025694123,179.0,True,True,red,circle,0.1251248467620504,-0.0008431582199253829,0.006571727577264493,True,1.0,0.11529411764705884
A_111,high,111,0,19,after block 18,18,5.882238879230835,5.8655,2.57175,2.9166250000000002,0.1047058823529412,False,runs/pendulum/unified_mechanism_v2/paired_layer_control/large_seed3407/short_common_scan/A/videos/A_111/location_19.mp4,True,1.0,0,1.2409752269001444,0.0012017204807586446,0.36056215808606806,180.0,True,True,red,circle,0.12983566743869904,0.00023554032120427792,0.004841389420192235,True,1.0,0.1047058823529412
A_111,high,111,0,20,after block 19,19,5.882238879230835,5.8655,2.57175,2.8546250000000004,0.08588235294117653,False,runs/pendulum/unified_mechanism_v2/paired_layer_control/large_seed3407/short_common_scan/A/videos/A_111/location_20.mp4,True,1.0,0,1.1748677931444542,0.0011429551878235078,0.3236886502789901,182.0,True,True,red,circle,0.13916261421358148,0.0009982810075706212,0.0036168414183138002,True,1.0,0.08705882352941179
A_111,high,111,0,21,after block 20,20,5.882238879230835,5.8655,2.57175,2.8352500000000003,0.08000000000000003,False,runs/pendulum/unified_mechanism_v2/paired_layer_control/large_seed3407/short_common_scan/A/videos/A_111/location_21.mp4,True,1.0,0,0.998912753867489,0.00117757132080612,0.39616367533297814,182.0,True,True,red,circle,0.1350416519440447,0.0010314789013821878,0.0033681251482558464,True,1.0,0.08117647058823528
A_111,high,111,0,22,after block 21,21,5.882238879230835,5.8655,2.57175,2.5756250000000005,0.0011764705882353838,False,runs/pendulum/unified_mechanism_v2/paired_layer_control/large_seed3407/short_common_scan/A/videos/A_111/location_22.mp4,True,1.0,0,1.1194403518673495,0.001052707151311394,0.3922736214866634,186.0,True,True,red,circle,0.16080906814037907,0.0034277021614691973,0.005570850620426115,True,1.0,0.0011764705882353838
A_111,high,111,0,23,after block 22,22,5.882238879230835,5.8655,2.57175,2.5562500000000004,-0.00470588235294113,False,runs/pendulum/unified_mechanism_v2/paired_layer_control/large_seed3407/short_common_scan/A/videos/A_111/location_23.mp4,True,1.0,0,1.3549673684961923,0.001066710835238266,0.32964362480735454,188.0,True,True,red,circle,0.16422538684717614,0.0041613944575995985,0.005599828691150793,True,1.0,-0.0035294117647058816
A_111,high,111,0,24,after block 23,23,5.882238879230835,5.8655,2.57175,2.552375,-0.005882352941176514,False,runs/pendulum/unified_mechanism_v2/paired_layer_control/large_seed3407/short_common_scan/A/videos/A_111/location_24.mp4,True,1.0,0,1.3396828111771704,0.0010600284313926345,0.34866839135722133,187.5,True,True,red,circle,0.16522518050865623,0.003711501976692146,0.005701945956705093,True,1.0,-0.00470588235294113
A_111,high,111,0,25,after block 24,24,5.882238879230835,5.8655,2.57175,2.536875,-0.010588235294117645,False,runs/pendulum/unified_mechanism_v2/paired_layer_control/large_seed3407/short_common_scan/A/videos/A_111/location_25.mp4,True,1.0,0,1.2476469336719105,0.0010582132384719112,0.3922736214866634,189.5,True,True,red,circle,0.16546405442475912,0.0037325348264873955,0.005629072980534362,True,1.0,-0.010588235294117645
A_111,high,111,0,26,after block 25,25,5.882238879230835,5.8655,2.57175,2.54075,-0.009411764705882395,False,runs/pendulum/unified_mechanism_v2/paired_layer_control/large_seed3407/short_common_scan/A/videos/A_111/location_26.mp4,True,1.0,0,1.2446386052496463,0.0011026025301974773,0.43486855475676167,189.5,True,True,red,circle,0.16823218169458803,0.003589885675807046,0.005933997407763591,True,1.0,-0.009411764705882395
A_111,high,111,0,27,after block 26,26,5.882238879230835,5.8655,2.57175,2.5485,-0.007058823529411763,False,runs/pendulum/unified_mechanism_v2/paired_layer_control/large_seed3407/short_common_scan/A/videos/A_111/location_27.mp4,True,1.0,0,1.2319216481782351,0.001101921102247383,0.33716427392331866,189.5,True,True,red,circle,0.16790145458165887,0.003958761782530451,0.005798187857948022,True,1.0,-0.007058823529411763
A_111,high,111,0,28,after block 27,27,5.882238879230835,5.8655,2.57175,2.567875,-0.0011764705882353838,False,runs/pendulum/unified_mechanism_v2/paired_layer_control/large_seed3407/short_common_scan/A/videos/A_111/location_28.mp4,True,1.0,0,1.2538695149998287,0.0011056789244557053,0.23580357522030365,190.0,True,True,red,circle,0.16758653428530795,0.004134374214861273,0.006033432489934148,True,1.0,-0.0011764705882353838
A_111,high,111,0,29,after block 28,28,5.882238879230835,5.8655,2.57175,2.57175,0.0,False,runs/pendulum/unified_mechanism_v2/paired_layer_control/large_seed3407/short_common_scan/A/videos/A_111/location_29.mp4,True,1.0,0,1.296165509687962,0.0010836569923796946,0.121692159603174,190.5,True,True,red,circle,0.16861091389992813,0.0038362561782063196,0.0059791539679714,True,1.0,0.0
A_111,high,111,0,30,after block 29,29,5.882238879230835,5.8655,2.57175,2.57175,0.0,False,runs/pendulum/unified_mechanism_v2/paired_layer_control/large_seed3407/short_common_scan/A/videos/A_111/location_30.mp4,True,1.0,0,1.2257095238962126,0.0012435638300139218,0.121692159603174,190.0,True,True,red,circle,0.16881383953400628,0.003321008485972856,0.005901566667334572,True,1.0,0.0
A_116,high,116,0,0,embedding output,,5.344230077515669,5.37725,2.967,5.37725,1.0,True,runs/pendulum/unified_mechanism_v2/paired_layer_control/large_seed3407/short_common_scan/A/videos/A_116/location_00.mp4,True,1.0,0,3.4840901739078305,0.015914721753859468,1.4795176051973469,205.5,True,True,blue,circle,0.15972034374431904,0.0012773985846656942,0.006438232178648393,True,0.984375,1.0
A_116,high,116,0,1,after block 0,0,5.344230077515669,5.37725,2.967,5.37725,1.0,True,runs/pendulum/unified_mechanism_v2/paired_layer_control/large_seed3407/short_common_scan/A/videos/A_116/location_01.mp4,True,1.0,0,3.6902281919351623,0.015452703674692203,1.4795176051973469,205.0,True,True,blue,circle,0.1597176091698136,0.0013732792888350462,0.00644743606286618,True,1.0,1.0
A_116,high,116,0,2,after block 1,1,5.344230077515669,5.37725,2.967,5.37725,1.0,True,runs/pendulum/unified_mechanism_v2/paired_layer_control/large_seed3407/short_common_scan/A/videos/A_116/location_02.mp4,True,1.0,0,3.6621382834134812,0.015971096162958304,1.4795176051973469,205.0,True,True,blue,circle,0.15997156296338194,0.0013801427627318035,0.006609878253392346,True,0.984375,1.0
A_116,high,116,0,3,after block 2,2,5.344230077515669,5.37725,2.967,5.37725,1.0,True,runs/pendulum/unified_mechanism_v2/paired_layer_control/large_seed3407/short_common_scan/A/videos/A_116/location_03.mp4,True,1.0,0,3.4448279830579103,0.01600922781379374,1.4795176051973469,205.0,True,True,blue,circle,0.1598800176826226,0.001450813261480101,0.006573588848823511,True,0.984375,1.0
A_116,high,116,0,4,after block 3,3,5.344230077515669,5.37725,2.967,5.37725,1.0,True,runs/pendulum/unified_mechanism_v2/paired_layer_control/large_seed3407/short_common_scan/A/videos/A_116/location_04.mp4,True,1.0,0,3.498228400112379,0.015890564872804436,1.367523413369354,204.0,True,True,blue,circle,0.1601450791063747,0.001485320850445159,0.006616529546653275,True,0.984375,1.0016077170418005
A_116,high,116,0,5,after block 4,4,5.344230077515669,5.37725,2.967,5.37725,1.0,True,runs/pendulum/unified_mechanism_v2/paired_layer_control/large_seed3407/short_common_scan/A/videos/A_116/location_05.mp4,True,1.0,0,3.536389060865073,0.01575209355925211,1.4795176051973469,204.5,True,True,blue,circle,0.16015902116704567,0.0015959756131360581,0.006563202849392759,True,0.984375,1.0
A_116,high,116,0,6,after block 5,5,5.344230077515669,5.37725,2.967,5.36175,0.9935691318327973,True,runs/pendulum/unified_mechanism_v2/paired_layer_control/large_seed3407/short_common_scan/A/videos/A_116/location_06.mp4,True,1.0,0,3.617156119954719,0.01655296045799992,1.5021578621732932,198.0,True,True,blue,circle,0.1611920186893773,0.002619881233058761,0.007355958294047738,True,0.984375,0.9967845659163989
A_116,high,116,0,7,after block 6,6,5.344230077515669,5.37725,2.967,5.3656250000000005,0.9951768488745982,True,runs/pendulum/unified_mechanism_v2/paired_layer_control/large_seed3407/short_common_scan/A/videos/A_116/location_07.mp4,True,1.0,0,3.2636425544388254,0.01624707004957568,1.6237272661492022,200.0,True,True,blue,circle,0.16095959963328624,0.002809144359779079,0.00758732289831897,True,0.984375,0.9983922829581994
A_116,high,116,0,8,after block 7,7,5.344230077515669,5.37725,2.967,5.357875,0.9919614147909968,True,runs/pendulum/unified_mechanism_v2/paired_layer_control/large_seed3407/short_common_scan/A/videos/A_116/location_08.mp4,True,1.0,0,3.086607494464927,0.01684190465784627,1.4137876902288085,198.0,True,True,blue,circle,0.16085916944679238,0.002652020100822889,0.00783557461171178,True,0.984375,0.9951768488745982
A_116,high,116,0,9,after block 8,8,5.344230077515669,5.37725,2.967,5.36175,0.9935691318327973,True,runs/pendulum/unified_mechanism_v2/paired_layer_control/large_seed3407/short_common_scan/A/videos/A_116/location_09.mp4,True,1.0,0,3.2095896952301475,0.016873186780606675,1.4137876902288085,198.0,True,True,blue,circle,0.16095860667061607,0.0028829066851474646,0.007910105305592784,True,0.984375,0.9951768488745982
A_116,high,116,0,10,after block 9,9,5.344230077515669,5.37725,2.967,5.326875,0.9790996784565917,True,runs/pendulum/unified_mechanism_v2/paired_layer_control/large_seed3407/short_common_scan/A/videos/A_116/location_10.mp4,True,1.0,0,3.6111790615426576,0.01601782899773621,1.2246257785540615,197.0,True,True,blue,circle,0.15723983724779836,0.002915841871336308,0.00885265086009308,True,0.984375,0.9823151125401929
A_116,high,116,0,11,after block 10,10,5.344230077515669,5.37725,2.967,5.31525,0.9742765273311896,True,runs/pendulum/unified_mechanism_v2/paired_layer_control/large_seed3407/short_common_scan/A/videos/A_116/location_11.mp4,True,1.0,0,4.193842696892428,0.01596366104894459,1.2087830526468282,194.0,True,True,blue,circle,0.1571738810558782,0.0026768209349901893,0.008962116289546476,True,0.984375,0.9790996784565917
A_116,high,116,0,12,after block 11,11,5.344230077515669,5.37725,2.967,5.303625,0.9694533762057879,True,runs/pendulum/unified_mechanism_v2/paired_layer_control/large_seed3407/short_common_scan/A/videos/A_116/location_12.mp4,True,1.0,0,3.843884779766603,0.016938732648491772,1.1650726540504128,196.0,True,True,blue,circle,0.1557056377484808,0.0030514395148194522,0.008897411794581088,True,0.984375,0.9694533762057879
A_116,high,116,0,13,after block 12,12,5.344230077515669,5.37725,2.967,5.3075,0.9710610932475884,True,runs/pendulum/unified_mechanism_v2/paired_layer_control/large_seed3407/short_common_scan/A/videos/A_116/location_13.mp4,True,1.0,0,2.8607318940774165,0.016984961989272324,0.799205996737409,192.5,True,True,blue,circle,0.14889304095289557,0.0026275125906820894,0.008133108403775933,True,0.984375,0.9758842443729906
A_116,high,116,0,14,after block 13,13,5.344230077515669,5.37725,2.967,5.202875000000001,0.9276527331189712,False,runs/pendulum/unified_mechanism_v2/paired_layer_control/large_seed3407/short_common_scan/A/videos/A_116/location_14.mp4,True,1.0,0,9.167229712127657,0.022867247570143245,20.10079267393431,162.0,True,True,blue,circle,0.11153650522554628,-0.002740916434294725,0.015772683348441317,False,0.015625,nan
A_116,high,116,0,15,after block 14,14,5.344230077515669,5.37725,2.967,3.02125,0.02250803858520906,False,runs/pendulum/unified_mechanism_v2/paired_layer_control/large_seed3407/short_common_scan/A/videos/A_116/location_15.mp4,True,1.0,0,1.505368880379801,0.0011099809218574064,0.5717370061456444,173.0,True,True,red,circle,0.13950888623203056,-0.01291033420271566,0.02068232387941031,True,1.0,0.030546623794212333
A_116,high,116,0,16,after block 15,15,5.344230077515669,5.37725,2.967,2.9941250000000004,0.011254019292604622,False,runs/pendulum/unified_mechanism_v2/paired_layer_control/large_seed3407/short_common_scan/A/videos/A_116/location_16.mp4,True,1.0,0,1.2239932805830613,0.0014323184063032846,0.46142074003559225,176.0,True,True,red,circle,0.14381463589838084,-0.009958113389985316,0.013215455068456318,True,1.0,0.012861736334405202
A_116,high,116,0,17,after block 16,16,5.344230077515669,5.37725,2.967,2.99025,0.009646302250803856,False,runs/pendulum/unified_mechanism_v2/paired_layer_control/large_seed3407/short_common_scan/A/videos/A_116/location_17.mp4,True,1.0,0,1.358819685641554,0.001236500146101105,0.6015343400649897,178.0,True,True,red,circle,0.14322748133431734,-0.007475370207449152,0.011109993477340699,True,1.0,0.009646302250803856
A_116,high,116,0,18,after block 17,17,5.344230077515669,5.37725,2.967,2.998,0.012861736334405202,False,runs/pendulum/unified_mechanism_v2/paired_layer_control/large_seed3407/short_common_scan/A/videos/A_116/location_18.mp4,True,1.0,0,1.249701861528768,0.000993591642749203,0.23507660598523655,179.0,True,True,red,circle,0.14339171311913554,-0.0044658152682526125,0.008748992921496068,True,1.0,0.014469453376205784
A_116,high,116,0,19,after block 18,18,5.344230077515669,5.37725,2.967,3.0135,0.01929260450160771,False,runs/pendulum/unified_mechanism_v2/paired_layer_control/large_seed3407/short_common_scan/A/videos/A_116/location_19.mp4,True,1.0,0,1.2755136983420672,0.0008275104031939817,0.13170596673775575,180.0,True,True,red,circle,0.14412690259061023,-0.004084013609472468,0.00854798545010022,True,1.0,0.020900321543408477
A_116,high,116,0,20,after block 19,19,5.344230077515669,5.37725,2.967,3.05225,0.03536977491961408,False,runs/pendulum/unified_mechanism_v2/paired_layer_control/large_seed3407/short_common_scan/A/videos/A_116/location_20.mp4,True,1.0,0,1.346176705078912,0.0008906908635600008,0.16725834028037392,180.0,True,True,red,circle,0.14725914825171807,-0.0029635979122415003,0.006801652350475483,True,1.0,0.03858520900321542
A_116,high,116,0,21,after block 20,20,5.344230077515669,5.37725,2.967,3.032875,0.027331189710610986,False,runs/pendulum/unified_mechanism_v2/paired_layer_control/large_seed3407/short_common_scan/A/videos/A_116/location_21.mp4,True,1.0,0,1.322502884209939,0.0008060973144332351,0.16725834028037392,180.0,True,True,red,circle,0.14398276063078416,-0.0023349029217618316,0.0069776150231672975,True,1.0,0.028938906752411567
A_116,high,116,0,22,after block 21,21,5.344230077515669,5.37725,2.967,2.9708750000000004,0.0016077170418007654,False,runs/pendulum/unified_mechanism_v2/paired_layer_control/large_seed3407/short_common_scan/A/videos/A_116/location_22.mp4,True,1.0,0,1.7090602310240026,0.0009617966260186961,0.42843879292533277,184.0,True,True,red,circle,0.16294070834897512,0.0037222563687186847,0.0053257599754254785,True,1.0,0.0032154340836013464
A_116,high,116,0,23,after block 22,22,5.344230077515669,5.37725,2.967,2.955375,-0.004823151125401928,False,runs/pendulum/unified_mechanism_v2/paired_layer_control/large_seed3407/short_common_scan/A/videos/A_116/location_23.mp4,True,1.0,0,1.5807185098539316,0.0009892787463098296,0.40951176606690176,184.0,True,True,red,circle,0.1637195818105263,0.003937082850237252,0.005566098978138287,True,1.0,-0.0032154340836013464
A_116,high,116,0,24,after block 23,23,5.344230077515669,5.37725,2.967,2.9515000000000002,-0.006430868167202509,False,runs/pendulum/unified_mechanism_v2/paired_layer_control/large_seed3407/short_common_scan/A/videos/A_116/location_24.mp4,True,1.0,0,1.389165075652661,0.0010119992217051121,0.38921362537418114,185.0,True,True,red,circle,0.16414222563350828,0.0036654460412798664,0.005603005238006016,True,1.0,-0.004823151125401928
A_116,high,116,0,25,after block 24,24,5.344230077515669,5.37725,2.967,2.9398750000000002,-0.011254019292604436,False,runs/pendulum/unified_mechanism_v2/paired_layer_control/large_seed3407/short_common_scan/A/videos/A_116/location_25.mp4,True,1.0,0,1.4864493720946785,0.0009359302393392166,0.35206498939913167,187.0,True,True,red,circle,0.1643634154798767,0.003809589908939477,0.0053642263074639845,True,1.0,-0.011254019292604436
A_116,high,116,0,26,after block 25,25,5.344230077515669,5.37725,2.967,2.9476250000000004,-0.00803858520900309,False,runs/pendulum/unified_mechanism_v2/paired_layer_control/large_seed3407/short_common_scan/A/videos/A_116/location_26.mp4,True,1.0,0,1.479910568300812,0.000980248672757672,0.38921362537418114,187.0,True,True,red,circle,0.1677134435278548,0.0035431740655663298,0.005452824003914011,True,1.0,-0.009646302250803856
A_116,high,116,0,27,after block 26,26,5.344230077515669,5.37725,2.967,2.95925,-0.0032154340836013464,False,runs/pendulum/unified_mechanism_v2/paired_layer_control/large_seed3407/short_common_scan/A/videos/A_116/location_27.mp4,True,1.0,0,1.4178978720436797,0.001042615470230629,0.33941083969645053,187.0,True,True,red,circle,0.16738083145966481,0.0034433196766933084,0.005043746671772751,True,1.0,-0.004823151125401928
A_116,high,116,0,28,after block 27,27,5.344230077515669,5.37725,2.967,2.967,0.0,False,runs/pendulum/unified_mechanism_v2/paired_layer_control/large_seed3407/short_common_scan/A/videos/A_116/location_28.mp4,True,1.0,0,1.5344974242673128,0.0010991171918236509,0.4518866460497073,188.0,True,True,red,circle,0.1672196215849728,0.003040795211754948,0.004910464744433387,True,1.0,-0.0016077170418005813
A_116,high,116,0,29,after block 28,28,5.344230077515669,5.37725,2.967,2.9708750000000004,0.0016077170418007654,False,runs/pendulum/unified_mechanism_v2/paired_layer_control/large_seed3407/short_common_scan/A/videos/A_116/location_29.mp4,True,1.0,0,1.4459070971894834,0.0010263892387081253,0.5592010450727256,187.5,True,True,red,circle,0.168642538792145,0.0027265843952345957,0.005250844878045783,True,1.0,0.0
A_116,high,116,0,30,after block 29,29,5.344230077515669,5.37725,2.967,2.9747500000000002,0.0032154340836013464,False,runs/pendulum/unified_mechanism_v2/paired_layer_control/large_seed3407/short_common_scan/A/videos/A_116/location_30.mp4,True,1.0,0,1.5181268528269403,0.0010312259622859143,0.5592010450727256,188.0,True,True,red,circle,0.16915838438729436,0.0021235245997223724,0.005395979358608215,True,1.0,0.0
A_126,high,126,0,0,embedding output,,5.652435835427481,5.667875,2.9941250000000004,5.675625,1.0028985507246375,True,runs/pendulum/unified_mechanism_v2/paired_layer_control/large_seed3407/short_common_scan/A/videos/A_126/location_00.mp4,True,1.0,0,4.2121483191168485,0.015128656496111531,1.4773534833626358,209.5,True,True,blue,circle,0.14426655334634159,0.0011084292328217675,0.005488328081571575,True,1.0,1.0
A_126,high,126,0,1,after block 0,0,5.652435835427481,5.667875,2.9941250000000004,5.67175,1.0014492753623188,True,runs/pendulum/unified_mechanism_v2/paired_layer_control/large_seed3407/short_common_scan/A/videos/A_126/location_01.mp4,True,1.0,0,4.191316367018041,0.015080052952639589,1.5082020944462953,209.0,True,True,blue,circle,0.14430644437636533,0.001094719165156635,0.005475774183892141,True,1.0,1.0
A_126,high,126,0,2,after block 1,1,5.652435835427481,5.667875,2.9941250000000004,5.675625,1.0028985507246375,True,runs/pendulum/unified_mechanism_v2/paired_layer_control/large_seed3407/short_common_scan/A/videos/A_126/location_02.mp4,True,1.0,0,4.060783063843007,0.015207506712100527,1.4448539359818753,209.0,True,True,blue,circle,0.1441334993748217,0.0011080985088522274,0.0054853643527582666,True,1.0,1.0014492753623188
A_126,high,126,0,3,after block 2,2,5.652435835427481,5.667875,2.9941250000000004,5.675625,1.0028985507246375,True,runs/pendulum/unified_mechanism_v2/paired_layer_control/large_seed3407/short_common_scan/A/videos/A_126/location_03.mp4,True,1.0,0,4.12840083058896,0.015601491473789253,1.2013489512370488,209.0,True,True,blue,circle,0.1441335600023126,0.0010611374622817072,0.005454479334497135,True,1.0,1.0
A_126,high,126,0,4,after block 3,3,5.652435835427481,5.667875,2.9941250000000004,5.67175,1.0014492753623188,True,runs/pendulum/unified_mechanism_v2/paired_layer_control/large_seed3407/short_common_scan/A/videos/A_126/location_04.mp4,True,1.0,0,4.332192072426962,0.015368953494257709,1.1749598277709579,208.5,True,True,blue,circle,0.14416138444225704,0.0010392449008473188,0.0055296426357131345,True,1.0,1.0
A_126,high,126,0,5,after block 4,4,5.652435835427481,5.667875,2.9941250000000004,5.67175,1.0014492753623188,True,runs/pendulum/unified_mechanism_v2/paired_layer_control/large_seed3407/short_common_scan/A/videos/A_126/location_05.mp4,True,1.0,0,4.223696795902296,0.015277951775609033,1.3490474061748337,207.5,True,True,blue,circle,0.14422938917106992,0.0010302793461575788,0.005545735326404619,True,1.0,1.0
A_126,high,126,0,6,after block 5,5,5.652435835427481,5.667875,2.9941250000000004,5.5283750000000005,0.9478260869565217,True,runs/pendulum/unified_mechanism_v2/paired_layer_control/large_seed3407/short_common_scan/A/videos/A_126/location_06.mp4,True,1.0,0,4.246288492545444,0.017168053758986196,1.4882203015944095,202.5,True,True,blue,circle,0.14522038308797114,0.0022840363697906514,0.006363456992140899,True,0.984375,0.9507246376811593
A_126,high,126,0,7,after block 6,6,5.652435835427481,5.667875,2.9941250000000004,5.520625,0.9449275362318839,True,runs/pendulum/unified_mechanism_v2/paired_layer_control/large_seed3407/short_common_scan/A/videos/A_126/location_07.mp4,True,1.0,0,4.141922316594378,0.016446700948742093,1.4882203015944095,202.5,True,True,blue,circle,0.14494035474712325,0.002375739656424187,0.006655804919450176,True,0.984375,0.9492753623188406
A_126,high,126,0,8,after block 7,7,5.652435835427481,5.667875,2.9941250000000004,5.5245,0.9463768115942026,True,runs/pendulum/unified_mechanism_v2/paired_layer_control/large_seed3407/short_common_scan/A/videos/A_126/location_08.mp4,True,1.0,0,4.22843931973062,0.016589951293123073,1.3534103101077724,202.0,True,True,blue,circle,0.14363256247464978,0.00249744822222409,0.006933782546838644,True,0.984375,0.9507246376811593
A_126,high,126,0,9,after block 8,8,5.652435835427481,5.667875,2.9941250000000004,5.53225,0.9492753623188406,True,runs/pendulum/unified_mechanism_v2/paired_layer_control/large_seed3407/short_common_scan/A/videos/A_126/location_09.mp4,True,1.0,0,4.422438599164309,0.017218525414465363,1.388469761663993,201.5,True,True,blue,circle,0.14323000762238586,0.002498177318830579,0.007040320530492464,True,0.984375,0.9536231884057969
A_126,high,126,0,10,after block 9,9,5.652435835427481,5.667875,2.9941250000000004,5.51675,0.9434782608695651,True,runs/pendulum/unified_mechanism_v2/paired_layer_control/large_seed3407/short_common_scan/A/videos/A_126/location_10.mp4,True,1.0,0,3.385561802666943,0.01600685552122036,1.5544892086864461,199.0,True,True,blue,circle,0.1397727394509604,0.002664787418547016,0.008239043047906184,True,0.984375,0.9463768115942026
A_126,high,126,0,11,after block 10,10,5.652435835427481,5.667875,2.9941250000000004,5.520625,0.9449275362318839,True,runs/pendulum/unified_mechanism_v2/paired_layer_control/large_seed3407/short_common_scan/A/videos/A_126/location_11.mp4,True,1.0,0,3.2024274690939043,0.01696967559861501,1.4504369080039368,198.0,True,True,blue,circle,0.13917522100397456,0.0024248129645202624,0.0083535414174613,True,0.984375,0.9492753623188406
A_126,high,126,0,12,after block 11,11,5.652435835427481,5.667875,2.9941250000000004,5.450875,0.9188405797101448,True,runs/pendulum/unified_mechanism_v2/paired_layer_control/large_seed3407/short_common_scan/A/videos/A_126/location_12.mp4,True,1.0,0,3.3158333190320897,0.016782540212637087,1.3360712288319851,196.0,True,True,blue,circle,0.1377221564344343,0.002975449610745699,0.00952828969291297,True,0.984375,0.926086956521739
A_126,high,126,0,13,after block 12,12,5.652435835427481,5.667875,2.9941250000000004,5.4353750000000005,0.9130434782608696,True,runs/pendulum/unified_mechanism_v2/paired_layer_control/large_seed3407/short_common_scan/A/videos/A_126/location_13.mp4,True,1.0,0,2.375432857512162,0.01622723950506108,1.1776771977768188,192.0,True,True,blue,circle,0.1254919756286738,0.0013608807915592715,0.010795654304864124,True,0.984375,0.9188405797101448
A_126,high,126,0,14,after block 13,13,5.652435835427481,5.667875,2.9941250000000004,5.20675,0.827536231884058,False,runs/pendulum/unified_mechanism_v2/paired_layer_control/large_seed3407/short_common_scan/A/videos/A_126/location_14.mp4,True,1.0,0,11.301274614326863,0.03664292602262634,21.853177100533138,84.0,True,True,blue,circle,0.07643076853928751,-0.012688377500845987,0.017800153622387963,False,0.03125,nan
A_126,high,126,0,15,after block 14,14,5.652435835427481,5.667875,2.9941250000000004,3.03675,0.01594202898550713,False,runs/pendulum/unified_mechanism_v2/paired_layer_control/large_seed3407/short_common_scan/A/videos/A_126/location_15.mp4,True,1.0,0,1.3165570724513767,0.0009974532833003091,0.6777682338432617,175.0,True,True,red,circle,0.1336691961268378,-0.0107071636217737,0.016605895228269087,True,1.0,0.018840579710144866
A_126,high,126,0,16,after block 15,15,5.652435835427481,5.667875,2.9941250000000004,2.9825,-0.004347826086956687,False,runs/pendulum/unified_mechanism_v2/paired_layer_control/large_seed3407/short_common_scan/A/videos/A_126/location_16.mp4,True,1.0,0,1.2359452486240468,0.0012062723495192273,0.6176520366551678,177.0,True,True,red,circle,0.1338805219092956,-0.008754781230261629,0.0114416286373622,True,1.0,0.0
A_126,high,126,0,17,after block 16,16,5.652435835427481,5.667875,2.9941250000000004,2.967,-0.01014492753623199,False,runs/pendulum/unified_mechanism_v2/paired_layer_control/large_seed3407/short_common_scan/A/videos/A_126/location_17.mp4,True,1.0,0,1.2155921794290092,0.0010820040403681785,0.7551704047278405,179.0,True,True,red,circle,0.13488360931184248,-0.007936542601028398,0.011194182318510344,True,1.0,-0.01014492753623199
A_126,high,126,0,18,after block 17,17,5.652435835427481,5.667875,2.9941250000000004,2.9708750000000004,-0.00869565217391304,False,runs/pendulum/unified_mechanism_v2/paired_layer_control/large_seed3407/short_common_scan/A/videos/A_126/location_18.mp4,True,1.0,0,1.2790631948405575,0.0010873528602212967,0.6972216810330139,180.0,True,True,red,circle,0.1333159759415678,-0.00651666288484833,0.010601698908718404,True,1.0,-0.007246376811594256
A_126,high,126,0,19,after block 18,18,5.652435835427481,5.667875,2.9941250000000004,2.998,0.0014492753623187847,False,runs/pendulum/unified_mechanism_v2/paired_layer_control/large_seed3407/short_common_scan/A/videos/A_126/location_19.mp4,True,1.0,0,1.2677933140090194,0.0008538341208269573,0.5932187665433127,180.0,True,True,red,circle,0.13331612285911182,-0.006855883693709197,0.011372299128425334,True,1.0,0.0
A_126,high,126,0,20,after block 19,19,5.652435835427481,5.667875,2.9941250000000004,3.06,0.02463768115942017,False,runs/pendulum/unified_mechanism_v2/paired_layer_control/large_seed3407/short_common_scan/A/videos/A_126/location_20.mp4,True,1.0,0,1.5235464280198976,0.0010539104665238663,0.5678522257964609,181.0,True,True,red,circle,0.1348983011170562,-0.007061863208360465,0.01175267690721703,True,1.0,0.027536231884057908
A_126,high,126,0,21,after block 20,20,5.652435835427481,5.667875,2.9941250000000004,3.025125,0.01159420289855061,False,runs/pendulum/unified_mechanism_v2/paired_layer_control/large_seed3407/short_common_scan/A/videos/A_126/location_21.mp4,True,1.0,0,1.558672701673602,0.001195344460744846,0.5916392488511378,181.0,True,True,red,circle,0.1307946160676494,-0.006202171062538023,0.011042015781109074,True,1.0,0.014492753623188345
A_126,high,126,0,22,after block 21,21,5.652435835427481,5.667875,2.9941250000000004,2.9863750000000002,-0.0028985507246377354,False,runs/pendulum/unified_mechanism_v2/paired_layer_control/large_seed3407/short_common_scan/A/videos/A_126/location_22.mp4,True,1.0,0,1.6333291914627401,0.0008875320996844516,0.4109613434202328,185.5,True,True,red,circle,0.15240394900578186,7.396142710719742e-05,0.006396518493635199,True,1.0,-0.0014492753623189508
A_126,high,126,0,23,after block 22,22,5.652435835427481,5.667875,2.9941250000000004,2.9631250000000002,-0.011594202898550777,False,runs/pendulum/unified_mechanism_v2/paired_layer_control/large_seed3407/short_common_scan/A/videos/A_126/location_23.mp4,True,1.0,0,1.5553535955248203,0.0009198250439770572,0.3841255755630982,186.0,True,True,red,circle,0.15414511656277796,0.001024556092444836,0.006655617192226762,True,1.0,-0.01014492753623199
A_126,high,126,0,24,after block 23,23,5.652435835427481,5.667875,2.9941250000000004,2.955375,-0.014492753623188512,False,runs/pendulum/unified_mechanism_v2/paired_layer_control/large_seed3407/short_common_scan/A/videos/A_126/location_24.mp4,True,1.0,0,1.640058118823642,0.0007865844674679323,0.4820181619332085,186.5,True,True,red,circle,0.15542803596345178,0.00035300565793175534,0.006481563897939815,True,1.0,-0.014492753623188512
A_126,high,126,0,25,after block 24,24,5.652435835427481,5.667875,2.9941250000000004,2.9398750000000002,-0.020289855072463815,False,runs/pendulum/unified_mechanism_v2/paired_layer_control/large_seed3407/short_common_scan/A/videos/A_126/location_25.mp4,True,1.0,0,1.5604082079118733,0.0009079589838516811,0.544013275250367,188.0,True,True,red,circle,0.15543659083928285,0.0008326109990915686,0.007132830841043449,True,1.0,-0.018840579710145033
A_126,high,126,0,26,after block 25,25,5.652435835427481,5.667875,2.9941250000000004,2.95925,-0.013043478260869728,False,runs/pendulum/unified_mechanism_v2/paired_layer_control/large_seed3407/short_common_scan/A/videos/A_126/location_26.mp4,True,1.0,0,1.7844185544612092,0.0007968710715504645,0.545374396955508,189.0,True,True,red,circle,0.1583484916036292,0.0004973388529053826,0.0066369080109310325,True,1.0,-0.013043478260869728
A_126,high,126,0,27,after block 26,26,5.652435835427481,5.667875,2.9941250000000004,2.9747500000000002,-0.007246376811594256,False,runs/pendulum/unified_mechanism_v2/paired_layer_control/large_seed3407/short_common_scan/A/videos/A_126/location_27.mp4,True,1.0,0,1.6743474611621174,0.0008133099965975388,0.3962748723379422,188.0,True,True,red,circle,0.15854981868716467,0.0006526157687275762,0.006274373984761821,True,1.0,-0.005797101449275471
A_126,high,126,0,28,after block 27,27,5.652435835427481,5.667875,2.9941250000000004,2.9863750000000002,-0.0028985507246377354,False,runs/pendulum/unified_mechanism_v2/paired_layer_control/large_seed3407/short_common_scan/A/videos/A_126/location_28.mp4,True,1.0,0,1.9159409361844204,0.0009392961107471953,0.527518718107911,189.0,True,True,red,circle,0.15839076876711855,0.0001526702013257063,0.006615832073442077,True,1.0,-0.0028985507246377354
A_126,high,126,0,29,after block 28,28,5.652435835427481,5.667875,2.9941250000000004,2.99025,-0.0014492753623189508,False,runs/pendulum/unified_mechanism_v2/paired_layer_control/large_seed3407/short_common_scan/A/videos/A_126/location_29.mp4,True,1.0,0,1.9472167786947538,0.0009218213015916854,0.43679000569302073,188.0,True,True,red,circle,0.15945904600271804,-3.268981028099386e-05,0.006516383600900626,True,1.0,-0.0014492753623189508
A_126,high,126,0,30,after block 29,29,5.652435835427481,5.667875,2.9941250000000004,2.99025,-0.0014492753623189508,False,runs/pendulum/unified_mechanism_v2/paired_layer_control/large_seed3407/short_common_scan/A/videos/A_126/location_30.mp4,True,1.0,0,1.8307216869915097,0.0008062332532899064,0.43679000569302073,189.0,True,True,red,circle,0.1595145800884389,-0.0005017462657838384,0.006515422595836391,True,1.0,0.0
A_129,high,129,0,0,embedding output,,6.14353775850582,6.21425,2.513625,6.210375,0.9989528795811519,True,runs/pendulum/unified_mechanism_v2/paired_layer_control/large_seed3407/short_common_scan/A/videos/A_129/location_00.mp4,True,1.0,0,2.7145037960321576,0.017453568629625854,3.0617702637501094,212.0,True,True,blue,circle,0.11590686798624478,0.00035390703443308565,0.0037099824049183347,True,1.0,0.9947643979057593
A_129,high,129,0,1,after block 0,0,6.14353775850582,6.21425,2.513625,6.210375,0.9989528795811519,True,runs/pendulum/unified_mechanism_v2/paired_layer_control/large_seed3407/short_common_scan/A/videos/A_129/location_01.mp4,True,1.0,0,2.722728554609322,0.017893978008268585,3.106314584536275,212.0,True,True,blue,circle,0.11577511748212782,0.00037647879081343586,0.0037452597155162785,True,1.0,0.9926701570680628
A_129,high,129,0,2,after block 1,1,6.14353775850582,6.21425,2.513625,6.210375,0.9989528795811519,True,runs/pendulum/unified_mechanism_v2/paired_layer_control/large_seed3407/short_common_scan/A/videos/A_129/location_02.mp4,True,1.0,0,2.844825078014837,0.017606810034921178,3.1266723670324295,212.0,True,True,blue,circle,0.11569372459736359,0.0002665304582874912,0.0037341254633904983,True,1.0,0.9905759162303666
A_129,high,129,0,3,after block 2,2,6.14353775850582,6.21425,2.513625,6.210375,0.9989528795811519,True,runs/pendulum/unified_mechanism_v2/paired_layer_control/large_seed3407/short_common_scan/A/videos/A_129/location_03.mp4,True,1.0,0,2.9052617186941756,0.01755497963040281,3.1495545852077296,212.0,True,True,blue,circle,0.11576949141325234,0.000413200067942578,0.0037411468809359404,True,1.0,0.9916230366492147
A_129,high,129,0,4,after block 3,3,6.14353775850582,6.21425,2.513625,6.210375,0.9989528795811519,True,runs/pendulum/unified_mechanism_v2/paired_layer_control/large_seed3407/short_common_scan/A/videos/A_129/location_04.mp4,True,1.0,0,2.8251077706064436,0.017033559836158535,3.3591680859003605,210.0,True,True,blue,circle,0.11563991376607649,0.00020593110601490182,0.003712660003220546,True,1.0,0.9916230366492147
A_129,high,129,0,5,after block 4,4,6.14353775850582,6.21425,2.513625,6.210375,0.9989528795811519,True,runs/pendulum/unified_mechanism_v2/paired_layer_control/large_seed3407/short_common_scan/A/videos/A_129/location_05.mp4,True,1.0,0,3.0129804615725413,0.01729336935158221,3.3288134720796365,211.5,True,True,blue,circle,0.11560924186512364,0.00024772641358437864,0.0036717576005047313,True,1.0,0.9916230366492147
A_129,high,129,0,6,after block 5,5,6.14353775850582,6.21425,2.513625,6.1135,0.9727748691099477,True,runs/pendulum/unified_mechanism_v2/paired_layer_control/large_seed3407/short_common_scan/A/videos/A_129/location_06.mp4,True,1.0,0,3.2402375463532125,0.01758130164165672,2.9474876738185243,203.0,True,True,blue,circle,0.1166407634758388,0.001331120912729548,0.003940097000774277,True,0.984375,0.974869109947644
A_129,high,129,0,7,after block 6,6,6.14353775850582,6.21425,2.513625,6.1135,0.9727748691099477,True,runs/pendulum/unified_mechanism_v2/paired_layer_control/large_seed3407/short_common_scan/A/videos/A_129/location_07.mp4,True,1.0,0,2.9879371075456254,0.017473394274194975,2.8409185118682094,203.0,True,True,blue,circle,0.11619759921990921,0.001334431152115328,0.004008673131352608,True,0.984375,0.9738219895287958
A_129,high,129,0,8,after block 7,7,6.14353775850582,6.21425,2.513625,6.086375,0.9654450261780106,True,runs/pendulum/unified_mechanism_v2/paired_layer_control/large_seed3407/short_common_scan/A/videos/A_129/location_08.mp4,True,1.0,0,3.4508342593266157,0.018357819971636158,3.0250749276040847,203.0,True,True,blue,circle,0.11518874001670788,0.0014057631144817173,0.004189441405524764,True,0.984375,0.9685863874345549
A_129,high,129,0,9,after block 8,8,6.14353775850582,6.21425,2.513625,6.09025,0.9664921465968587,True,runs/pendulum/unified_mechanism_v2/paired_layer_control/large_seed3407/short_common_scan/A/videos/A_129/location_09.mp4,True,1.0,0,3.6374481924681152,0.01789983513689991,2.706441139479438,202.0,True,True,blue,circle,0.11532267763635667,0.0015351865554459527,0.004218418009517786,True,0.984375,0.9685863874345549
A_129,high,129,0,10,after block 9,9,6.14353775850582,6.21425,2.513625,6.0515,0.956020942408377,True,runs/pendulum/unified_mechanism_v2/paired_layer_control/large_seed3407/short_common_scan/A/videos/A_129/location_10.mp4,True,1.0,0,3.6973422275473435,0.017097963214163098,2.804928211797468,200.0,True,True,blue,circle,0.11409583895766885,0.0015187101851733761,0.004544365521807862,True,0.984375,0.9570680628272251
A_129,high,129,0,11,after block 10,10,6.14353775850582,6.21425,2.513625,6.0205,0.9476439790575917,True,runs/pendulum/unified_mechanism_v2/paired_layer_control/large_seed3407/short_common_scan/A/videos/A_129/location_11.mp4,True,1.0,0,3.2905583795449145,0.017359981086662063,2.8863470350292078,197.0,True,True,blue,circle,0.11422487792808259,0.001604032175593368,0.004586036681274264,True,0.984375,0.949738219895288
A_129,high,129,0,12,after block 11,11,6.14353775850582,6.21425,2.513625,5.970125,0.9340314136125656,True,runs/pendulum/unified_mechanism_v2/paired_layer_control/large_seed3407/short_common_scan/A/videos/A_129/location_12.mp4,True,1.0,0,3.3330493364468827,0.017816331847089,2.6637231411953035,197.0,True,True,blue,circle,0.11317219455275707,0.0013395643338486472,0.005004914846406866,True,0.984375,0.9361256544502619
A_129,high,129,0,13,after block 12,12,6.14353775850582,6.21425,2.513625,5.877125,0.9089005235602096,True,runs/pendulum/unified_mechanism_v2/paired_layer_control/large_seed3407/short_common_scan/A/videos/A_129/location_13.mp4,True,1.0,0,8.307513992525871,0.018418506383410832,10.157221176859158,191.5,True,True,blue,circle,0.10196587420312336,0.00032528984581447405,0.006132189773716931,False,0.921875,0.912041884816754
A_129,high,129,0,14,after block 13,13,6.14353775850582,6.21425,2.513625,5.396625,0.7790575916230368,False,runs/pendulum/unified_mechanism_v2/paired_layer_control/large_seed3407/short_common_scan/A/videos/A_129/location_14.mp4,True,1.0,0,11.872211545243577,0.061702688781799936,20.02479519254558,53.5,True,True,blue,circle,0.06675638701328558,-0.036324505607536105,0.02896638762770563,False,0.046875,nan
A_129,high,129,0,15,after block 14,14,6.14353775850582,6.21425,2.513625,2.223,-0.07853403141361268,False,runs/pendulum/unified_mechanism_v2/paired_layer_control/large_seed3407/short_common_scan/A/videos/A_129/location_15.mp4,True,1.0,0,0.9570313978922814,0.0015394196460422338,0.3677328122193979,174.0,True,True,red,circle,0.10200507793561005,-0.003111819613972464,0.008003173491642143,True,1.0,-0.07748691099476442
A_129,high,129,0,16,after block 15,15,6.14353775850582,6.21425,2.513625,2.35475,-0.0429319371727749,False,runs/pendulum/unified_mechanism_v2/paired_layer_control/large_seed3407/short_common_scan/A/videos/A_129/location_16.mp4,True,1.0,0,1.102262536314265,0.0013123912175182217,0.6065911830770875,175.0,True,True,red,circle,0.10556414604828765,-0.005101337629692511,0.008456737672510567,True,1.0,-0.04816753926701578
A_129,high,129,0,17,after block 16,16,6.14353775850582,6.21425,2.513625,2.335375,-0.04816753926701578,False,runs/pendulum/unified_mechanism_v2/paired_layer_control/large_seed3407/short_common_scan/A/videos/A_129/location_17.mp4,True,1.0,0,0.9462854156302134,0.0015411911806447465,0.5655887135792282,177.0,True,True,red,circle,0.11284458997337747,-0.0038682017223415073,0.005951564950754276,True,1.0,-0.047120418848167527
A_129,high,129,0,18,after block 17,17,6.14353775850582,6.21425,2.513625,2.474875,-0.010471204188481754,False,runs/pendulum/unified_mechanism_v2/paired_layer_control/large_seed3407/short_common_scan/A/videos/A_129/location_18.mp4,True,1.0,0,1.136513085719867,0.0015633517933995311,0.6783655819370652,176.0,True,True,red,circle,0.11447728899374977,-0.006793352170293975,0.008899432009801783,True,1.0,-0.009424083769633506
A_129,high,129,0,19,after block 18,18,6.14353775850582,6.21425,2.513625,2.730625,0.05863874345549729,False,runs/pendulum/unified_mechanism_v2/paired_layer_control/large_seed3407/short_common_scan/A/videos/A_129/location_19.mp4,True,1.0,0,1.1351857061809594,0.001394644247729948,0.6991543004613234,177.0,True,True,red,circle,0.11669144723297216,-0.008741871924050987,0.010283313871712467,True,1.0,0.05968586387434554
A_129,high,129,0,20,after block 19,19,6.14353775850582,6.21425,2.513625,2.676375,0.04397905759162303,False,runs/pendulum/unified_mechanism_v2/paired_layer_control/large_seed3407/short_common_scan/A/videos/A_129/location_20.mp4,True,1.0,0,1.1999759209679919,0.0012855091681037156,0.750901542414178,179.5,True,True,red,circle,0.12556576472611758,-0.006081889045854413,0.009771650312841747,True,1.0,0.0429319371727749
A_129,high,129,0,21,after block 20,20,6.14353775850582,6.21425,2.513625,2.6260000000000003,0.030366492146596893,False,runs/pendulum/unified_mechanism_v2/paired_layer_control/large_seed3407/short_common_scan/A/videos/A_129/location_21.mp4,True,1.0,0,1.1726628266681867,0.001432649625426996,0.6991543004613234,180.0,True,True,red,circle,0.12453645656668491,-0.0044819057899127155,0.009338289048511462,True,1.0,0.029319371727748764
A_129,high,129,0,22,after block 21,21,6.14353775850582,6.21425,2.513625,2.52525,0.003141361256544502,False,runs/pendulum/unified_mechanism_v2/paired_layer_control/large_seed3407/short_common_scan/A/videos/A_129/location_22.mp4,True,1.0,0,1.0349786923312934,0.0009414798907481925,0.7153782370880862,185.0,True,True,red,circle,0.15122162822127844,-0.0011068281332949203,0.005211765443414381,True,1.0,0.0020942408376962546
A_129,high,129,0,23,after block 22,22,6.14353775850582,6.21425,2.513625,2.521375,0.0020942408376962546,False,runs/pendulum/unified_mechanism_v2/paired_layer_control/large_seed3407/short_common_scan/A/videos/A_129/location_23.mp4,True,1.0,0,1.0363290333278445,0.0008168970024968192,0.7000861592798677,185.0,True,True,red,circle,0.1530280535983191,-0.0009035023535116499,0.0052229482779838,True,1.0,0.0010471204188481273
A_129,high,129,0,24,after block 23,23,6.14353775850582,6.21425,2.513625,2.5330000000000004,0.005235602094240877,False,runs/pendulum/unified_mechanism_v2/paired_layer_control/large_seed3407/short_common_scan/A/videos/A_129/location_24.mp4,True,1.0,0,1.0272335151496759,0.0009650520960250153,0.405639245564314,186.0,True,True,red,circle,0.15286935845355062,-0.0009398404506460534,0.004612511814257008,True,1.0,0.004188481675392629
A_129,high,129,0,25,after block 24,24,6.14353775850582,6.21425,2.513625,2.5175,0.0010471204188481273,False,runs/pendulum/unified_mechanism_v2/paired_layer_control/large_seed3407/short_common_scan/A/videos/A_129/location_25.mp4,True,1.0,0,1.0376215378273825,0.0010844205121495476,0.6582199409826539,186.0,True,True,red,circle,0.1539703717463163,-0.0004454224068116376,0.00521737524121708,True,1.0,0.0010471204188481273
A_129,high,129,0,26,after block 25,25,6.14353775850582,6.21425,2.513625,2.505875,-0.0020942408376963748,False,runs/pendulum/unified_mechanism_v2/paired_layer_control/large_seed3407/short_common_scan/A/videos/A_129/location_26.mp4,True,1.0,0,1.0030558126168803,0.000735316832170263,0.44375957313238107,188.0,True,True,red,circle,0.15537376685908422,-0.00022189605430589346,0.005066792214953635,True,1.0,-0.0020942408376963748
A_129,high,129,0,27,after block 26,26,6.14353775850582,6.21425,2.513625,2.498125,-0.0041884816753927495,False,runs/pendulum/unified_mechanism_v2/paired_layer_control/large_seed3407/short_common_scan/A/videos/A_129/location_27.mp4,True,1.0,0,1.1040390863656995,0.0008328295415901688,0.405639245564314,189.0,True,True,red,circle,0.15629193655919854,-5.883610877093177e-05,0.00506115630078025,True,1.0,-0.005235602094240877
A_129,high,129,0,28,after block 27,27,6.14353775850582,6.21425,2.513625,2.5097500000000004,-0.0010471204188481273,False,runs/pendulum/unified_mechanism_v2/paired_layer_control/large_seed3407/short_common_scan/A/videos/A_129/location_28.mp4,True,1.0,0,1.0142396971850285,0.0007870331564464039,0.35012261570353637,189.0,True,True,red,circle,0.1563888110115038,-3.3413100474931815e-07,0.005004078056634663,True,1.0,-0.0010471204188481273
A_129,high,129,0,29,after block 28,28,6.14353775850582,6.21425,2.513625,2.5175,0.0010471204188481273,False,runs/pendulum/unified_mechanism_v2/paired_layer_control/large_seed3407/short_common_scan/A/videos/A_129/location_29.mp4,True,1.0,0,1.0343345497052057,0.0008492508884995753,0.2766432580930055,188.5,True,True,red,circle,0.15612365222797095,-0.0004457835753631407,0.00477954593941291,True,1.0,0.0010471204188481273
A_129,high,129,0,30,after block 29,29,6.14353775850582,6.21425,2.513625,2.5175,0.0010471204188481273,False,runs/pendulum/unified_mechanism_v2/paired_layer_control/large_seed3407/short_common_scan/A/videos/A_129/location_30.mp4,True,1.0,0,0.9868114430916366,0.0008033296260494815,0.2766432580930055,188.0,True,True,red,circle,0.1570882469877311,-0.0005489819688674786,0.004804826261864585,True,1.0,0.0
A_130,high,130,0,0,embedding output,,6.089384332994541,5.9430000000000005,2.8778750000000004,5.946875,1.0012642225031605,True,runs/pendulum/unified_mechanism_v2/paired_layer_control/large_seed3407/short_common_scan/A/videos/A_130/location_00.mp4,True,1.0,0,3.8857527490562926,0.015714351835307172,4.3863110897954805,209.5,True,True,blue,circle,0.13124216287193494,-0.0005852194191124869,0.006364720200475893,True,0.984375,0.9987357774968392
A_130,high,130,0,1,after block 0,0,6.089384332994541,5.9430000000000005,2.8778750000000004,5.954625,1.0037926675094815,True,runs/pendulum/unified_mechanism_v2/paired_layer_control/large_seed3407/short_common_scan/A/videos/A_130/location_01.mp4,True,1.0,0,4.009260754773907,0.014774522229675763,4.413830869683405,210.5,True,True,blue,circle,0.1312503680579414,-0.0005078287929698026,0.006353717778552764,True,0.984375,1.002528445006321
A_130,high,130,0,2,after block 1,1,6.089384332994541,5.9430000000000005,2.8778750000000004,5.946875,1.0012642225031605,True,runs/pendulum/unified_mechanism_v2/paired_layer_control/large_seed3407/short_common_scan/A/videos/A_130/location_02.mp4,True,1.0,0,3.793552712669544,0.015450426301857056,4.3863110897954805,210.5,True,True,blue,circle,0.13102776155889445,-0.0005973000772439727,0.006293529033832624,True,0.984375,1.0
A_130,high,130,0,3,after block 2,2,6.089384332994541,5.9430000000000005,2.8778750000000004,5.946875,1.0012642225031605,True,runs/pendulum/unified_mechanism_v2/paired_layer_control/large_seed3407/short_common_scan/A/videos/A_130/location_03.mp4,True,1.0,0,3.825844253821325,0.01556750295644535,4.509577904668182,210.0,True,True,blue,circle,0.13108253859407723,-0.0005764741940020215,0.006309070602439049,True,0.984375,0.9987357774968392
A_130,high,130,0,4,after block 3,3,6.089384332994541,5.9430000000000005,2.8778750000000004,5.9585,1.005056890012642,True,runs/pendulum/unified_mechanism_v2/paired_layer_control/large_seed3407/short_common_scan/A/videos/A_130/location_04.mp4,True,1.0,0,3.873645182990647,0.01508909001803857,4.548661347187272,210.0,True,True,blue,circle,0.13110834252525605,-0.0005672523233522917,0.006452693025343988,True,0.984375,1.002528445006321
A_130,high,130,0,5,after block 4,4,6.089384332994541,5.9430000000000005,2.8778750000000004,5.954625,1.0037926675094815,True,runs/pendulum/unified_mechanism_v2/paired_layer_control/large_seed3407/short_common_scan/A/videos/A_130/location_05.mp4,True,1.0,0,3.9582700331615834,0.01496096670703198,4.4893968811617055,210.0,True,True,blue,circle,0.1309608511008385,-0.0006753276739348911,0.006377933110567699,True,0.984375,1.002528445006321
A_130,high,130,0,6,after block 5,5,6.089384332994541,5.9430000000000005,2.8778750000000004,5.760875,0.9405815423514539,True,runs/pendulum/unified_mechanism_v2/paired_layer_control/large_seed3407/short_common_scan/A/videos/A_130/location_06.mp4,True,1.0,0,3.4309349344009252,0.01617699064347769,4.24555395101323,205.0,True,True,blue,circle,0.13322103237059915,0.000494942114810895,0.005611429180582847,True,0.984375,0.9418457648546144
A_130,high,130,0,7,after block 6,6,6.089384332994541,5.9430000000000005,2.8778750000000004,5.757000000000001,0.9393173198482934,True,runs/pendulum/unified_mechanism_v2/paired_layer_control/large_seed3407/short_common_scan/A/videos/A_130/location_07.mp4,True,1.0,0,3.493093728368051,0.01574237477236423,3.974184768266752,204.5,True,True,blue,circle,0.13288683583331248,0.00042142315718872664,0.005632262106525829,True,0.984375,0.9405815423514539
A_130,high,130,0,8,after block 7,7,6.089384332994541,5.9430000000000005,2.8778750000000004,5.729875,0.9304677623261692,True,runs/pendulum/unified_mechanism_v2/paired_layer_control/large_seed3407/short_common_scan/A/videos/A_130/location_08.mp4,True,1.0,0,3.367192035582756,0.01565755018116144,3.4008479668668294,205.5,True,True,blue,circle,0.13221808571214266,0.0006873050620899423,0.005574065655877002,True,0.984375,0.9304677623261692
A_130,high,130,0,9,after block 8,8,6.089384332994541,5.9430000000000005,2.8778750000000004,5.733750000000001,0.93173198482933,True,runs/pendulum/unified_mechanism_v2/paired_layer_control/large_seed3407/short_common_scan/A/videos/A_130/location_09.mp4,True,1.0,0,3.4681581871001286,0.015757051273481676,3.3452042915105893,205.5,True,True,blue,circle,0.1321669475732527,0.0006081784865959852,0.005366826539411234,True,0.984375,0.93173198482933
A_130,high,130,0,10,after block 9,9,6.089384332994541,5.9430000000000005,2.8778750000000004,5.667875,0.9102402022756005,True,runs/pendulum/unified_mechanism_v2/paired_layer_control/large_seed3407/short_common_scan/A/videos/A_130/location_10.mp4,True,1.0,0,3.253413971435156,0.01597034465155725,2.034711284616443,200.5,True,True,blue,circle,0.12972818108236125,0.0009030602389173408,0.006977349897063229,True,0.984375,0.911504424778761
A_130,high,130,0,11,after block 10,10,6.089384332994541,5.9430000000000005,2.8778750000000004,5.636875,0.9001264222503158,True,runs/pendulum/unified_mechanism_v2/paired_layer_control/large_seed3407/short_common_scan/A/videos/A_130/location_11.mp4,True,1.0,0,3.3484985950784085,0.016818394492156247,1.728495254551114,200.5,True,True,blue,circle,0.1294444202872386,0.0011530802657991096,0.007857872682491815,True,0.984375,0.9026548672566371
A_130,high,130,0,12,after block 11,11,6.089384332994541,5.9430000000000005,2.8778750000000004,5.602,0.888748419721871,True,runs/pendulum/unified_mechanism_v2/paired_layer_control/large_seed3407/short_common_scan/A/videos/A_130/location_12.mp4,True,1.0,0,3.909328382628426,0.016403748493513393,1.732322612987864,197.0,True,True,blue,circle,0.12840716732163882,0.0011679798500507804,0.008991431530410224,True,0.984375,0.891276864728192
A_130,high,130,0,13,after block 12,12,6.089384332994541,5.9430000000000005,2.8778750000000004,5.51675,0.8609355246523387,True,runs/pendulum/unified_mechanism_v2/paired_layer_control/large_seed3407/short_common_scan/A/videos/A_130/location_13.mp4,True,1.0,0,5.04623083314497,0.01733060481355242,1.9504267532077257,196.0,True,True,blue,circle,0.11749061813682893,-0.00032295196211448176,0.011981540203668683,True,0.984375,0.865992414664981
A_130,high,130,0,14,after block 13,13,6.089384332994541,5.9430000000000005,2.8778750000000004,5.323,0.797724399494311,False,runs/pendulum/unified_mechanism_v2/paired_layer_control/large_seed3407/short_common_scan/A/videos/A_130/location_14.mp4,True,0.984375,1,4.198732234138731,0.01966415410399236,6.741665018547398,180.0,True,True,blue,circle,0.08779409520274821,-0.004601084406968451,0.015356718735361782,False,0.015625,nan
A_130,high,130,0,15,after block 14,14,6.089384332994541,5.9430000000000005,2.8778750000000004,3.2305,0.11504424778761053,False,runs/pendulum/unified_mechanism_v2/paired_layer_control/large_seed3407/short_common_scan/A/videos/A_130/location_15.mp4,True,1.0,0,1.2734438254637719,0.0013527789199084816,1.253375825531124,171.0,True,True,red,circle,0.09677675967746345,-0.003412875698208281,0.0173919447990587,True,1.0,0.13274336283185836
A_130,high,130,0,16,after block 15,15,6.089384332994541,5.9430000000000005,2.8778750000000004,3.16075,0.09228824273072053,False,runs/pendulum/unified_mechanism_v2/paired_layer_control/large_seed3407/short_common_scan/A/videos/A_130/location_16.mp4,True,1.0,0,1.2594591255849348,0.001748791065523475,1.3312239545546491,172.0,True,True,red,circle,0.09707658281278714,-0.002446291548682376,0.016109298542114535,True,1.0,0.08849557522123885
A_130,high,130,0,17,after block 16,16,6.089384332994541,5.9430000000000005,2.8778750000000004,3.1065000000000005,0.07458912768647284,False,runs/pendulum/unified_mechanism_v2/paired_layer_control/large_seed3407/short_common_scan/A/videos/A_130/location_17.mp4,True,1.0,0,1.3566887051858205,0.0013861893810133419,1.1907860040881075,175.5,True,True,red,circle,0.09722138437623729,-0.0011938431862577859,0.016197676542791438,True,1.0,0.07079646017699102
A_130,high,130,0,18,after block 17,17,6.089384332994541,5.9430000000000005,2.8778750000000004,3.032875,0.050568900126422185,False,runs/pendulum/unified_mechanism_v2/paired_layer_control/large_seed3407/short_common_scan/A/videos/A_130/location_18.mp4,True,1.0,0,1.2836371732132072,0.0012830200469136355,1.1280698867799974,176.0,True,True,red,circle,0.10411966533957286,-0.0018964781092954109,0.010876782071456583,True,1.0,0.04930467762326153
A_130,high,130,0,19,after block 18,18,6.089384332994541,5.9430000000000005,2.8778750000000004,2.9863750000000002,0.03539823008849551,False,runs/pendulum/unified_mechanism_v2/paired_layer_control/large_seed3407/short_common_scan/A/videos/A_130/location_19.mp4,True,1.0,0,1.2344793909459058,0.0012456003501921942,1.2248553995384541,177.0,True,True,red,circle,0.1096684665933301,-0.0012709469395787564,0.008658431861143207,True,1.0,0.034134007585334865
A_130,high,130,0,20,after block 19,19,6.089384332994541,5.9430000000000005,2.8778750000000004,2.99025,0.03666245259165602,False,runs/pendulum/unified_mechanism_v2/paired_layer_control/large_seed3407/short_common_scan/A/videos/A_130/location_20.mp4,True,1.0,0,1.3015774954709494,0.0014523754822168,1.1907860040881075,179.0,True,True,red,circle,0.11181219358214395,-0.00275472123071215,0.006698958329290544,True,1.0,0.03539823008849551
A_130,high,130,0,21,after block 20,20,6.089384332994541,5.9430000000000005,2.8778750000000004,2.9747500000000002,0.03160556257901385,False,runs/pendulum/unified_mechanism_v2/paired_layer_control/large_seed3407/short_common_scan/A/videos/A_130/location_21.mp4,True,1.0,0,1.3276124045262845,0.0014025160229813594,1.0134124621752425,180.0,True,True,red,circle,0.10773975649968992,-0.0022950004794504804,0.005583870358344191,True,1.0,0.032869785082174356
A_130,high,130,0,22,after block 21,21,6.089384332994541,5.9430000000000005,2.8778750000000004,2.85075,-0.008849557522123987,False,runs/pendulum/unified_mechanism_v2/paired_layer_control/large_seed3407/short_common_scan/A/videos/A_130/location_22.mp4,True,1.0,0,1.211870316936218,0.0015012059794584642,1.0029333978693675,184.0,True,True,red,circle,0.12281046954701569,-0.0005181122208900221,0.0038747834216036493,True,1.0,-0.008849557522123987
A_130,high,130,0,23,after block 22,22,6.089384332994541,5.9430000000000005,2.8778750000000004,2.839125,-0.012642225031605656,False,runs/pendulum/unified_mechanism_v2/paired_layer_control/large_seed3407/short_common_scan/A/videos/A_130/location_23.mp4,True,1.0,0,1.111766971702702,0.001555033088520924,0.8207997445742328,184.0,True,True,red,circle,0.12539405124614858,-0.00048193513253661744,0.0032693543784948877,True,1.0,-0.012642225031605656
A_130,high,130,0,24,after block 23,23,6.089384332994541,5.9430000000000005,2.8778750000000004,2.8313750000000004,-0.01517067003792667,False,runs/pendulum/unified_mechanism_v2/paired_layer_control/large_seed3407/short_common_scan/A/videos/A_130/location_24.mp4,True,1.0,0,1.1404374068519543,0.0015448043900271324,0.8207997445742328,185.0,True,True,red,circle,0.12653511374213589,-0.0007607439010392213,0.0032500977628415607,True,1.0,-0.01517067003792667
A_130,high,130,0,25,after block 24,24,6.089384332994541,5.9430000000000005,2.8778750000000004,2.8546250000000004,-0.007585335018963335,False,runs/pendulum/unified_mechanism_v2/paired_layer_control/large_seed3407/short_common_scan/A/videos/A_130/location_25.mp4,True,1.0,0,0.9972676282966577,0.0014251932984433724,0.7015396046604156,187.0,True,True,red,circle,0.1243377768480812,-0.0008014409515009494,0.004094759361740909,True,1.0,-0.007585335018963335
A_130,high,130,0,26,after block 25,25,6.089384332994541,5.9430000000000005,2.8778750000000004,2.8468750000000003,-0.010113780025284494,False,runs/pendulum/unified_mechanism_v2/paired_layer_control/large_seed3407/short_common_scan/A/videos/A_130/location_26.mp4,True,1.0,0,1.0987536406549128,0.0015174292286328217,0.7473939445563452,186.0,True,True,red,circle,0.12729121673093519,-0.0010626433202330966,0.003086350914571557,True,1.0,-0.011378002528445147
A_130,high,130,0,27,after block 26,26,6.089384332994541,5.9430000000000005,2.8778750000000004,2.839125,-0.012642225031605656,False,runs/pendulum/unified_mechanism_v2/paired_layer_control/large_seed3407/short_common_scan/A/videos/A_130/location_27.mp4,True,1.0,0,1.1483530973171536,0.0015331436435246093,0.8021048393198534,187.0,True,True,red,circle,0.1262503682614736,-0.0006829339057078008,0.0031645900948086433,True,1.0,-0.013906447534766163
A_130,high,130,0,28,after block 27,27,6.089384332994541,5.9430000000000005,2.8778750000000004,2.8778750000000004,0.0,False,runs/pendulum/unified_mechanism_v2/paired_layer_control/large_seed3407/short_common_scan/A/videos/A_130/location_28.mp4,True,1.0,0,1.0193788014542517,0.001544390592549183,0.3134704722238716,187.0,True,True,red,circle,0.127725080878658,-0.0006535823818100163,0.003602040461984,True,1.0,-0.00252844500632116
A_130,high,130,0,29,after block 28,28,6.089384332994541,5.9430000000000005,2.8778750000000004,2.8817500000000003,0.0012642225031605076,False,runs/pendulum/unified_mechanism_v2/paired_layer_control/large_seed3407/short_common_scan/A/videos/A_130/location_29.mp4,True,1.0,0,1.0870501604164726,0.0015319261397037098,0.3134704722238716,187.5,True,True,red,circle,0.1276104266226178,-0.000989609757420637,0.0038419141230626006,True,1.0,-0.0012642225031606524
A_130,high,130,0,30,after block 29,29,6.089384332994541,5.9430000000000005,2.8778750000000004,2.8817500000000003,0.0012642225031605076,False,runs/pendulum/unified_mechanism_v2/paired_layer_control/large_seed3407/short_common_scan/A/videos/A_130/location_30.mp4,True,1.0,0,1.11624526820311,0.0015328322403942163,0.2984692190181467,187.5,True,True,red,circle,0.12804653115515305,-0.0012784431978637184,0.003890366999076597,True,1.0,0.0
A_135,high,135,0,0,embedding output,,5.6866721052969895,5.757000000000001,2.9398750000000002,5.76475,1.0027510316368637,True,runs/pendulum/unified_mechanism_v2/paired_layer_control/large_seed3407/short_common_scan/A/videos/A_135/location_00.mp4,True,1.0,0,2.9584726534201335,0.017637384962356617,4.1348818992795175,206.5,True,True,blue,circle,0.1597857724214395,0.0003674713456486753,0.0045114157955389025,True,0.984375,0.9986244841815678
A_135,high,135,0,1,after block 0,0,5.6866721052969895,5.757000000000001,2.9398750000000002,5.76475,1.0027510316368637,True,runs/pendulum/unified_mechanism_v2/paired_layer_control/large_seed3407/short_common_scan/A/videos/A_135/location_01.mp4,True,1.0,0,2.962570546957963,0.018337116167218837,4.175129201765665,206.0,True,True,blue,circle,0.15971918483549877,0.0003599211333132196,0.004389682254589001,True,0.984375,1.0
A_135,high,135,0,2,after block 1,1,5.6866721052969895,5.757000000000001,2.9398750000000002,5.768625,1.0041265474552956,True,runs/pendulum/unified_mechanism_v2/paired_layer_control/large_seed3407/short_common_scan/A/videos/A_135/location_02.mp4,True,1.0,0,3.0169960315137647,0.017321778296595702,4.081175785479773,206.0,True,True,blue,circle,0.15975936798851167,0.0002828173537300352,0.004401134489944772,True,0.984375,1.0013755158184319
A_135,high,135,0,3,after block 2,2,5.6866721052969895,5.757000000000001,2.9398750000000002,5.768625,1.0041265474552956,True,runs/pendulum/unified_mechanism_v2/paired_layer_control/large_seed3407/short_common_scan/A/videos/A_135/location_03.mp4,True,1.0,0,2.9124607631008144,0.017951703792687235,4.081175785479773,206.0,True,True,blue,circle,0.15977146192547242,0.000238567447316665,0.004451628166518709,True,0.984375,1.0013755158184319
A_135,high,135,0,4,after block 3,3,5.6866721052969895,5.757000000000001,2.9398750000000002,5.768625,1.0041265474552956,True,runs/pendulum/unified_mechanism_v2/paired_layer_control/large_seed3407/short_common_scan/A/videos/A_135/location_04.mp4,True,1.0,0,2.9300966368507546,0.01813265170604425,3.953592319462888,206.0,True,True,blue,circle,0.1597789099164013,0.0002520059363885544,0.004448442410574274,True,0.984375,1.0013755158184319
A_135,high,135,0,5,after block 4,4,5.6866721052969895,5.757000000000001,2.9398750000000002,5.768625,1.0041265474552956,True,runs/pendulum/unified_mechanism_v2/paired_layer_control/large_seed3407/short_common_scan/A/videos/A_135/location_05.mp4,True,1.0,0,3.1782703738371505,0.018205055709947016,3.9856682447217135,206.0,True,True,blue,circle,0.1598848888180098,0.00016968059842924118,0.004493782014976064,True,0.984375,1.0013755158184319
A_135,high,135,0,6,after block 5,5,5.6866721052969895,5.757000000000001,2.9398750000000002,5.737625,0.9931224209078404,True,runs/pendulum/unified_mechanism_v2/paired_layer_control/large_seed3407/short_common_scan/A/videos/A_135/location_06.mp4,True,1.0,0,3.531095822060688,0.017887606408533485,4.0075480055804755,203.0,True,True,blue,circle,0.1610850822058048,0.00047107802644719355,0.0047906414152166215,True,0.984375,0.9917469050894085
A_135,high,135,0,7,after block 6,6,5.6866721052969895,5.757000000000001,2.9398750000000002,5.729875,0.9903713892709763,True,runs/pendulum/unified_mechanism_v2/paired_layer_control/large_seed3407/short_common_scan/A/videos/A_135/location_07.mp4,True,1.0,0,3.904572691348003,0.017580470175364793,3.94772573571993,201.5,True,True,blue,circle,0.16111083657251374,0.0007203536919501636,0.00488003764770176,True,0.984375,0.9903713892709763
A_135,high,135,0,8,after block 7,7,5.6866721052969895,5.757000000000001,2.9398750000000002,5.722125,0.9876203576341126,True,runs/pendulum/unified_mechanism_v2/paired_layer_control/large_seed3407/short_common_scan/A/videos/A_135/location_08.mp4,True,1.0,0,3.9218746693267277,0.016932070094656165,3.857325391368999,200.0,True,True,blue,circle,0.16067367209702027,0.0006531597594089714,0.004854408876869171,True,0.984375,0.9876203576341126
A_135,high,135,0,9,after block 8,8,5.6866721052969895,5.757000000000001,2.9398750000000002,5.722125,0.9876203576341126,True,runs/pendulum/unified_mechanism_v2/paired_layer_control/large_seed3407/short_common_scan/A/videos/A_135/location_09.mp4,True,1.0,0,3.7690408393937926,0.017015046662051836,3.857325391368999,200.0,True,True,blue,circle,0.1606275448329037,0.000653805551899207,0.0048945415674691226,True,0.984375,0.9876203576341126
A_135,high,135,0,10,after block 9,9,5.6866721052969895,5.757000000000001,2.9398750000000002,5.687250000000001,0.9752407152682256,True,runs/pendulum/unified_mechanism_v2/paired_layer_control/large_seed3407/short_common_scan/A/videos/A_135/location_10.mp4,True,1.0,0,3.020781751872726,0.016760290220957458,4.023541711618602,198.0,True,True,blue,circle,0.15933579110433777,-0.0002363522021318985,0.005725565633683609,True,0.984375,0.9766162310866574
A_135,high,135,0,11,after block 10,10,5.6866721052969895,5.757000000000001,2.9398750000000002,5.675625,0.9711141678129297,True,runs/pendulum/unified_mechanism_v2/paired_layer_control/large_seed3407/short_common_scan/A/videos/A_135/location_11.mp4,True,1.0,0,3.865827031163298,0.01801439601713281,3.916057965062218,198.0,True,True,blue,circle,0.15962249597459544,2.9643697798548053e-05,0.0061185654842388,True,0.984375,0.9711141678129297
A_135,high,135,0,12,after block 11,11,5.6866721052969895,5.757000000000001,2.9398750000000002,5.67175,0.9697386519944978,True,runs/pendulum/unified_mechanism_v2/paired_layer_control/large_seed3407/short_common_scan/A/videos/A_135/location_12.mp4,True,1.0,0,3.713556798945244,0.016605306328031894,3.7498390272247906,197.5,True,True,blue,circle,0.15903259198700506,-0.00040613427118780165,0.0066634292304737055,True,0.984375,0.9711141678129297
A_135,high,135,0,13,after block 12,12,5.6866721052969895,5.757000000000001,2.9398750000000002,5.613625,0.949105914718019,True,runs/pendulum/unified_mechanism_v2/paired_layer_control/large_seed3407/short_common_scan/A/videos/A_135/location_13.mp4,True,1.0,0,3.439753971732299,0.017092497467340345,4.449565963914591,194.0,True,True,blue,circle,0.15142212577221614,-0.0013439790109131093,0.008864239407097749,True,0.984375,0.951856946354883
A_135,high,135,0,14,after block 13,13,5.6866721052969895,5.757000000000001,2.9398750000000002,5.520625,0.9160935350756532,True,runs/pendulum/unified_mechanism_v2/paired_layer_control/large_seed3407/short_common_scan/A/videos/A_135/location_14.mp4,True,1.0,0,14.467579630085181,0.017981525287549094,15.502532332511155,184.0,True,True,blue,square,0.12210020475797274,-0.004476881969860344,0.017249017763493028,False,0.0,nan
A_135,high,135,0,15,after block 14,14,5.6866721052969895,5.757000000000001,2.9398750000000002,3.31575,0.13342503438789535,False,runs/pendulum/unified_mechanism_v2/paired_layer_control/large_seed3407/short_common_scan/A/videos/A_135/location_15.mp4,True,1.0,0,1.6511577109664917,0.0009620278845869079,1.9769689117078484,171.0,True,True,red,circle,0.1273672485264038,-0.0008057236393577606,0.023644920549852403,True,0.953125,0.14305364511691884
A_135,high,135,0,16,after block 15,15,5.6866721052969895,5.757000000000001,2.9398750000000002,3.2731250000000003,0.11829436038514443,False,runs/pendulum/unified_mechanism_v2/paired_layer_control/large_seed3407/short_common_scan/A/videos/A_135/location_16.mp4,True,1.0,0,1.6045644426764551,0.0007722670800007492,2.0325806466363834,173.0,True,True,red,circle,0.12562243694288142,-0.0004153123180703085,0.01992249183450537,True,1.0,0.11691884456671242
A_135,high,135,0,17,after block 16,16,5.6866721052969895,5.757000000000001,2.9398750000000002,3.20725,0.09491059147180189,False,runs/pendulum/unified_mechanism_v2/paired_layer_control/large_seed3407/short_common_scan/A/videos/A_135/location_17.mp4,True,1.0,0,1.6373779069406844,0.0007732664461845007,1.9272124374077788,176.0,True,True,red,circle,0.1271723132921712,0.0016730663425281195,0.017880592755631104,True,1.0,0.09628610729023375
A_135,high,135,0,18,after block 17,17,5.6866721052969895,5.757000000000001,2.9398750000000002,3.079375,0.04951856946354881,False,runs/pendulum/unified_mechanism_v2/paired_layer_control/large_seed3407/short_common_scan/A/videos/A_135/location_18.mp4,True,1.0,0,1.5427868849935773,0.0008729861282370799,1.606074462892168,177.0,True,True,red,circle,0.13810912629874328,-4.7933014015537385e-05,0.009214366052345341,True,1.0,0.04814305364511679
A_135,high,135,0,19,after block 18,18,5.6866721052969895,5.757000000000001,2.9398750000000002,3.048375,0.03851444291609347,False,runs/pendulum/unified_mechanism_v2/paired_layer_control/large_seed3407/short_common_scan/A/videos/A_135/location_19.mp4,True,1.0,0,1.4816840427069353,0.00081145351350001,1.687750617880375,177.5,True,True,red,circle,0.1438448765035366,0.00035417823416976135,0.007249014238049269,True,1.0,0.035763411279229745
A_135,high,135,0,20,after block 19,19,5.6866721052969895,5.757000000000001,2.9398750000000002,3.06,0.0426409903713892,False,runs/pendulum/unified_mechanism_v2/paired_layer_control/large_seed3407/short_common_scan/A/videos/A_135/location_20.mp4,True,1.0,0,1.453998122573356,0.0009638882670701121,1.5834236617927118,178.0,True,True,red,circle,0.13628772590928945,-0.002164954639082547,0.006760672994698881,True,1.0,0.04126547455295734
A_135,high,135,0,21,after block 20,20,5.6866721052969895,5.757000000000001,2.9398750000000002,3.05225,0.039889958734525326,False,runs/pendulum/unified_mechanism_v2/paired_layer_control/large_seed3407/short_common_scan/A/videos/A_135/location_21.mp4,True,1.0,0,1.3928105765968246,0.001039173754490974,1.2700110017074207,180.0,True,True,red,circle,0.13110137241986886,-0.003221066061211506,0.00592093350877328,True,1.0,0.039889958734525326
A_135,high,135,0,22,after block 21,21,5.6866721052969895,5.757000000000001,2.9398750000000002,2.9166250000000002,-0.008253094910591468,False,runs/pendulum/unified_mechanism_v2/paired_layer_control/large_seed3407/short_common_scan/A/videos/A_135/location_22.mp4,True,1.0,0,1.4104482929053854,0.00103468257071751,1.1802351537941582,183.0,True,True,red,circle,0.14923522981760762,-0.001165173686914609,0.004854645068427467,True,1.0,-0.009628610729023485
A_135,high,135,0,23,after block 22,22,5.6866721052969895,5.757000000000001,2.9398750000000002,2.9166250000000002,-0.008253094910591468,False,runs/pendulum/unified_mechanism_v2/paired_layer_control/large_seed3407/short_common_scan/A/videos/A_135/location_23.mp4,True,1.0,0,1.491792905308628,0.0008466551270277789,1.00742148257061,183.0,True,True,red,circle,0.15008632732025723,-0.0017577294021767918,0.004285110569359156,True,1.0,-0.008253094910591468
A_135,high,135,0,24,after block 23,23,5.6866721052969895,5.757000000000001,2.9398750000000002,2.91275,-0.009628610729023485,False,runs/pendulum/unified_mechanism_v2/paired_layer_control/large_seed3407/short_common_scan/A/videos/A_135/location_24.mp4,True,1.0,0,1.3885934226164662,0.0007216068187013425,0.9689773117677224,185.0,True,True,red,circle,0.15077047412338615,-0.002133603010895788,0.004068117338044134,True,1.0,-0.011004126547455344
A_135,high,135,0,25,after block 24,24,5.6866721052969895,5.757000000000001,2.9398750000000002,2.9166250000000002,-0.008253094910591468,False,runs/pendulum/unified_mechanism_v2/paired_layer_control/large_seed3407/short_common_scan/A/videos/A_135/location_25.mp4,True,1.0,0,1.4159737763179683,0.000900105273693913,0.759189151045298,187.0,True,True,red,circle,0.15067057850393947,-0.001642506096509503,0.0035905933924132395,True,1.0,-0.008253094910591468
A_135,high,135,0,26,after block 25,25,5.6866721052969895,5.757000000000001,2.9398750000000002,2.9050000000000002,-0.012379642365887202,False,runs/pendulum/unified_mechanism_v2/paired_layer_control/large_seed3407/short_common_scan/A/videos/A_135/location_26.mp4,True,1.0,0,1.4674529424988787,0.0009631145111684281,0.8133740075218204,186.5,True,True,red,circle,0.15297646918336866,-0.0015373329073710147,0.004238653362362558,True,1.0,-0.012379642365887202
A_135,high,135,0,27,after block 26,26,5.6866721052969895,5.757000000000001,2.9398750000000002,2.9050000000000002,-0.012379642365887202,False,runs/pendulum/unified_mechanism_v2/paired_layer_control/large_seed3407/short_common_scan/A/videos/A_135/location_27.mp4,True,1.0,0,1.3228312673819045,0.0009138259815971994,0.8703249862390657,187.0,True,True,red,circle,0.15120520997076578,-0.0009940711655233726,0.004347206275499377,True,1.0,-0.012379642365887202
A_135,high,135,0,28,after block 27,27,5.6866721052969895,5.757000000000001,2.9398750000000002,2.9398750000000002,0.0,False,runs/pendulum/unified_mechanism_v2/paired_layer_control/large_seed3407/short_common_scan/A/videos/A_135/location_28.mp4,True,1.0,0,1.3427271120966133,0.0007579226316117293,0.395050204712691,187.0,True,True,red,circle,0.15187562746302946,-0.001342339154609174,0.004391750755481193,True,1.0,0.0
A_135,high,135,0,29,after block 28,28,5.6866721052969895,5.757000000000001,2.9398750000000002,2.94375,0.0013755158184318589,False,runs/pendulum/unified_mechanism_v2/paired_layer_control/large_seed3407/short_common_scan/A/videos/A_135/location_29.mp4,True,1.0,0,1.273938623582571,0.0008419657346028231,0.32595564354609335,188.0,True,True,red,circle,0.15130997200510218,-0.0017253053623563716,0.004396213341558669,True,1.0,0.0
A_135,high,135,0,30,after block 29,29,5.6866721052969895,5.757000000000001,2.9398750000000002,2.94375,0.0013755158184318589,False,runs/pendulum/unified_mechanism_v2/paired_layer_control/large_seed3407/short_common_scan/A/videos/A_135/location_30.mp4,True,1.0,0,1.2364250955856078,0.0007527616810457105,0.32595564354609335,187.5,True,True,red,circle,0.15125798706464003,-0.001954583794664496,0.004333310280518771,True,1.0,0.0
A_140,high,140,0,0,embedding output,,6.053334802415051,5.915875,2.91275,5.915875,1.0,True,runs/pendulum/unified_mechanism_v2/paired_layer_control/large_seed3407/short_common_scan/A/videos/A_140/location_00.mp4,True,1.0,0,3.5311627281590567,0.015781946465837055,2.6446078477161414,210.0,True,True,blue,circle,0.11047588635751819,0.0038833397680893876,0.006653284582234635,True,0.984375,1.0
A_140,high,140,0,1,after block 0,0,6.053334802415051,5.915875,2.91275,5.915875,1.0,True,runs/pendulum/unified_mechanism_v2/paired_layer_control/large_seed3407/short_common_scan/A/videos/A_140/location_01.mp4,True,1.0,0,3.525240659664647,0.015911831275008365,2.4840939496450227,210.0,True,True,blue,circle,0.11046807365207022,0.003776129606222937,0.0067173680887237745,True,0.984375,1.0
A_140,high,140,0,2,after block 1,1,6.053334802415051,5.915875,2.91275,5.915875,1.0,True,runs/pendulum/unified_mechanism_v2/paired_layer_control/large_seed3407/short_common_scan/A/videos/A_140/location_02.mp4,True,1.0,0,3.5553711154313996,0.01537870645022385,2.5199303375640607,210.5,True,True,blue,circle,0.11042277642835115,0.003751214478735609,0.0067434767504564305,True,0.984375,0.9987096774193549
A_140,high,140,0,3,after block 2,2,6.053334802415051,5.915875,2.91275,5.9197500000000005,1.0012903225806453,True,runs/pendulum/unified_mechanism_v2/paired_layer_control/large_seed3407/short_common_scan/A/videos/A_140/location_03.mp4,True,1.0,0,3.5527679963605414,0.015395894091571272,2.609052389721799,210.0,True,True,blue,circle,0.11043730090745746,0.004014732334674257,0.006628234063661804,True,0.984375,1.0
A_140,high,140,0,4,after block 3,3,6.053334802415051,5.915875,2.91275,5.923625,1.0025806451612904,True,runs/pendulum/unified_mechanism_v2/paired_layer_control/large_seed3407/short_common_scan/A/videos/A_140/location_04.mp4,True,1.0,0,3.5465438041412534,0.015781650624595273,2.8330642589882067,210.0,True,True,blue,circle,0.11033767204011294,0.0038646927631574477,0.00672993924157166,True,0.984375,1.0025806451612904
A_140,high,140,0,5,after block 4,4,6.053334802415051,5.915875,2.91275,5.923625,1.0025806451612904,True,runs/pendulum/unified_mechanism_v2/paired_layer_control/large_seed3407/short_common_scan/A/videos/A_140/location_05.mp4,True,1.0,0,3.567050029750957,0.015753142669674675,2.661033066346569,210.0,True,True,blue,circle,0.11037211094313341,0.003790986626773318,0.0065737673930238525,True,0.984375,1.0012903225806453
A_140,high,140,0,6,after block 5,5,6.053334802415051,5.915875,2.91275,5.8345,0.9729032258064517,True,runs/pendulum/unified_mechanism_v2/paired_layer_control/large_seed3407/short_common_scan/A/videos/A_140/location_06.mp4,True,1.0,0,3.8559319229192517,0.016844863989726455,2.7227106825027736,203.0,True,True,blue,circle,0.11093762844119251,0.0037228245287966835,0.005257470225280305,True,0.984375,0.9741935483870969
A_140,high,140,0,7,after block 6,6,6.053334802415051,5.915875,2.91275,5.846125,0.9767741935483871,True,runs/pendulum/unified_mechanism_v2/paired_layer_control/large_seed3407/short_common_scan/A/videos/A_140/location_07.mp4,True,1.0,0,3.8935433954975505,0.01755896317995384,2.3732932628404675,203.0,True,True,blue,circle,0.11035623156237886,0.003669147665347439,0.005079050624858425,True,0.984375,0.9780645161290326
A_140,high,140,0,8,after block 7,7,6.053334802415051,5.915875,2.91275,5.838375,0.9741935483870969,True,runs/pendulum/unified_mechanism_v2/paired_layer_control/large_seed3407/short_common_scan/A/videos/A_140/location_08.mp4,True,1.0,0,3.7400373444655752,0.018279941511422426,2.2226863414785387,202.5,True,True,blue,circle,0.10969168683307069,0.00371577590730742,0.004969018192557273,True,0.984375,0.975483870967742
A_140,high,140,0,9,after block 8,8,6.053334802415051,5.915875,2.91275,5.830625,0.9716129032258066,True,runs/pendulum/unified_mechanism_v2/paired_layer_control/large_seed3407/short_common_scan/A/videos/A_140/location_09.mp4,True,1.0,0,3.682987561500737,0.01759468725947813,2.3401919374620426,203.0,True,True,blue,circle,0.1093832833674158,0.00368264223232469,0.005161618369535116,True,0.984375,0.9741935483870969
A_140,high,140,0,10,after block 9,9,6.053334802415051,5.915875,2.91275,5.819,0.967741935483871,True,runs/pendulum/unified_mechanism_v2/paired_layer_control/large_seed3407/short_common_scan/A/videos/A_140/location_10.mp4,True,1.0,0,3.846645268827513,0.016821782020969206,2.2721766849131226,200.0,True,True,blue,circle,0.10766961865651965,0.0034979378069382064,0.005465282415166037,True,0.984375,0.9690322580645161
A_140,high,140,0,11,after block 10,10,6.053334802415051,5.915875,2.91275,5.788,0.9574193548387099,True,runs/pendulum/unified_mechanism_v2/paired_layer_control/large_seed3407/short_common_scan/A/videos/A_140/location_11.mp4,True,1.0,0,3.091439117815685,0.017989414586194685,2.1673405088193203,199.0,True,True,blue,circle,0.10686185646455744,0.0039024320068658932,0.005459088606378526,True,0.984375,0.9561290322580647
A_140,high,140,0,12,after block 11,11,6.053334802415051,5.915875,2.91275,5.729875,0.9380645161290323,True,runs/pendulum/unified_mechanism_v2/paired_layer_control/large_seed3407/short_common_scan/A/videos/A_140/location_12.mp4,True,1.0,0,3.0924688768563633,0.018155462882336965,2.221551247575117,196.0,True,True,blue,circle,0.1061806547790932,0.00345264204865296,0.00554391592366469,True,0.984375,0.9380645161290323
A_140,high,140,0,13,after block 12,12,6.053334802415051,5.915875,2.91275,5.667875,0.9174193548387098,True,runs/pendulum/unified_mechanism_v2/paired_layer_control/large_seed3407/short_common_scan/A/videos/A_140/location_13.mp4,True,1.0,0,3.6019252796906485,0.02022285549405889,2.945860200106547,195.0,True,True,blue,circle,0.0930094666007646,0.003886328862653609,0.008018369953032862,True,0.921875,0.9212903225806452
A_140,high,140,0,14,after block 13,13,6.053334802415051,5.915875,2.91275,5.582625,0.8890322580645162,False,runs/pendulum/unified_mechanism_v2/paired_layer_control/large_seed3407/short_common_scan/A/videos/A_140/location_14.mp4,True,1.0,0,1.028385749756156,0.0005705537909845848,0.9965189754424448,170.0,True,True,red,circle,0.05320221271126985,0.007873155842456622,0.028505114168736356,False,0.578125,0.009032258064516225
A_140,high,140,0,15,after block 14,14,6.053334802415051,5.915875,2.91275,2.8313750000000004,-0.027096774193548234,False,runs/pendulum/unified_mechanism_v2/paired_layer_control/large_seed3407/short_common_scan/A/videos/A_140/location_15.mp4,True,1.0,0,1.1745249627932373,0.0012345287345807976,0.6607235837867123,178.0,True,True,red,circle,0.11372967029477533,-0.0033844782083205125,0.007388914513476637,True,1.0,-0.02580645161290312
A_140,high,140,0,16,after block 15,15,6.053334802415051,5.915875,2.91275,2.8468750000000003,-0.021935483870967637,False,runs/pendulum/unified_mechanism_v2/paired_layer_control/large_seed3407/short_common_scan/A/videos/A_140/location_16.mp4,True,1.0,0,1.1320308838260273,0.0013471940507895075,0.4069705118856949,180.0,True,True,red,circle,0.11322405987722924,-0.0027477986437134147,0.006132680428702729,True,1.0,-0.020645161290322525
A_140,high,140,0,17,after block 16,16,6.053334802415051,5.915875,2.91275,2.8236250000000003,-0.029677419354838603,False,runs/pendulum/unified_mechanism_v2/paired_layer_control/large_seed3407/short_common_scan/A/videos/A_140/location_17.mp4,True,1.0,0,0.9441959944372196,0.0011664234826330167,0.43203099912366244,181.0,True,True,red,circle,0.11308369569902696,-0.0015821071103940534,0.005506147814992007,True,1.0,-0.029677419354838603
A_140,high,140,0,18,after block 17,17,6.053334802415051,5.915875,2.91275,2.8313750000000004,-0.027096774193548234,False,runs/pendulum/unified_mechanism_v2/paired_layer_control/large_seed3407/short_common_scan/A/videos/A_140/location_18.mp4,True,1.0,0,0.966668382324962,0.0011610051043957903,0.2562598597497111,182.0,True,True,red,circle,0.10988510863679861,-0.001053872500867426,0.006277489335123139,True,1.0,-0.027096774193548234
A_140,high,140,0,19,after block 18,18,6.053334802415051,5.915875,2.91275,2.8701250000000003,-0.014193548387096673,False,runs/pendulum/unified_mechanism_v2/paired_layer_control/large_seed3407/short_common_scan/A/videos/A_140/location_19.mp4,True,1.0,0,0.912955487933927,0.0011253156399520514,0.33687502814112263,183.0,True,True,red,circle,0.10744601574883945,-0.0017786659610373374,0.007218713230638726,True,1.0,-0.01290322580645156
A_140,high,140,0,20,after block 19,19,6.053334802415051,5.915875,2.91275,2.9243750000000004,0.003870967741935631,False,runs/pendulum/unified_mechanism_v2/paired_layer_control/large_seed3407/short_common_scan/A/videos/A_140/location_20.mp4,True,1.0,0,1.0150956023526452,0.001215139785352759,0.25188077749520943,185.0,True,True,red,circle,0.10650414633968366,-0.001449250633927161,0.006407768964060601,True,1.0,0.003870967741935631
A_140,high,140,0,21,after block 20,20,6.053334802415051,5.915875,2.91275,2.885625,-0.009032258064516078,False,runs/pendulum/unified_mechanism_v2/paired_layer_control/large_seed3407/short_common_scan/A/videos/A_140/location_21.mp4,True,1.0,0,1.0473608099478207,0.0012005303415783264,0.25188077749520943,185.0,True,True,red,circle,0.10316719140400486,-7.063015255328121e-05,0.005673266699285898,True,1.0,-0.01032258064516119
A_140,high,140,0,22,after block 21,21,6.053334802415051,5.915875,2.91275,2.8895,-0.007741935483870966,False,runs/pendulum/unified_mechanism_v2/paired_layer_control/large_seed3407/short_common_scan/A/videos/A_140/location_22.mp4,True,1.0,0,0.9753727738184641,0.0011508120775985398,0.5269525156595878,189.0,True,True,red,circle,0.1124298379735912,0.0015932976332515335,0.005000154411187388,True,1.0,-0.009032258064516078
A_140,high,140,0,23,after block 22,22,6.053334802415051,5.915875,2.91275,2.8585000000000003,-0.018064516129032156,False,runs/pendulum/unified_mechanism_v2/paired_layer_control/large_seed3407/short_common_scan/A/videos/A_140/location_23.mp4,True,1.0,0,1.0215559673095866,0.001132630468749618,0.4934681723901821,188.5,True,True,red,circle,0.11144373635946399,0.0020276217908256045,0.004671150041409431,True,1.0,-0.020645161290322525
A_140,high,140,0,24,after block 23,23,6.053334802415051,5.915875,2.91275,2.8546250000000004,-0.019354838709677268,False,runs/pendulum/unified_mechanism_v2/paired_layer_control/large_seed3407/short_common_scan/A/videos/A_140/location_24.mp4,True,1.0,0,1.009361346684484,0.0012127901486256587,0.4934681723901821,190.5,True,True,red,circle,0.10995259147028198,0.0022265543714657973,0.004524354418093206,True,1.0,-0.020645161290322525
A_140,high,140,0,25,after block 24,24,6.053334802415051,5.915875,2.91275,2.7965,-0.03870967741935483,False,runs/pendulum/unified_mechanism_v2/paired_layer_control/large_seed3407/short_common_scan/A/videos/A_140/location_25.mp4,True,1.0,0,0.9448991252381231,0.0014012004893791952,0.40641568203431555,192.0,True,True,red,circle,0.1096306456589955,0.0029130588222597413,0.005242836904388015,True,1.0,-0.03870967741935483
A_140,high,140,0,26,after block 25,25,6.053334802415051,5.915875,2.91275,2.843,-0.023225806451612898,False,runs/pendulum/unified_mechanism_v2/paired_layer_control/large_seed3407/short_common_scan/A/videos/A_140/location_26.mp4,True,1.0,0,1.1079355330850742,0.0016094192317267497,0.5232202584941112,194.0,True,True,red,circle,0.11222410809115356,0.001993522775450005,0.004355694605504747,True,1.0,-0.02451612903225801
A_140,high,140,0,27,after block 26,26,6.053334802415051,5.915875,2.91275,2.8933750000000003,-0.006451612903225707,False,runs/pendulum/unified_mechanism_v2/paired_layer_control/large_seed3407/short_common_scan/A/videos/A_140/location_27.mp4,True,1.0,0,1.2617395679199497,0.001433020579348715,0.5517611450524056,193.0,True,True,red,circle,0.11337887872905383,0.0019109252859654466,0.004227520080282626,True,1.0,-0.007741935483870966
A_140,high,140,0,28,after block 27,27,6.053334802415051,5.915875,2.91275,2.9011250000000004,-0.003870967741935335,False,runs/pendulum/unified_mechanism_v2/paired_layer_control/large_seed3407/short_common_scan/A/videos/A_140/location_28.mp4,True,1.0,0,1.2959913954753888,0.0015198881445921686,0.5860488861234389,193.0,True,True,red,circle,0.11339731831961362,0.001547662715159417,0.004232709745596439,True,1.0,-0.003870967741935335
A_140,high,140,0,29,after block 28,28,6.053334802415051,5.915875,2.91275,2.908875,-0.0012903225806451116,False,runs/pendulum/unified_mechanism_v2/paired_layer_control/large_seed3407/short_common_scan/A/videos/A_140/location_29.mp4,True,1.0,0,1.1995334066927537,0.0013509467488986293,0.5701284580559393,193.0,True,True,red,circle,0.11396608140030802,0.0014074012759432734,0.00433044045059285,True,1.0,-0.0012903225806451116
A_140,high,140,0,30,after block 29,29,6.053334802415051,5.915875,2.91275,2.908875,-0.0012903225806451116,False,runs/pendulum/unified_mechanism_v2/paired_layer_control/large_seed3407/short_common_scan/A/videos/A_140/location_30.mp4,True,1.0,0,1.1995334066927537,0.0013480597529055283,0.5701284580559393,194.0,True,True,red,circle,0.1139447866121664,0.0010672911014802107,0.004425642081306957,True,1.0,0.0
A_141,high,141,0,0,embedding output,,6.101122596394413,5.946875,2.862375,5.9430000000000005,0.9987437185929648,True,runs/pendulum/unified_mechanism_v2/paired_layer_control/large_seed3407/short_common_scan/A/videos/A_141/location_00.mp4,True,1.0,0,3.4469844162750496,0.0158473711517918,3.925222599261255,207.0,True,True,blue,circle,0.14720117444840683,0.00303928438774254,0.004456380690352974,True,1.0,0.992462311557789
A_141,high,141,0,1,after block 0,0,6.101122596394413,5.946875,2.862375,5.9430000000000005,0.9987437185929648,True,runs/pendulum/unified_mechanism_v2/paired_layer_control/large_seed3407/short_common_scan/A/videos/A_141/location_01.mp4,True,1.0,0,3.449391030058127,0.016024542211532183,3.926156290271648,207.0,True,True,blue,circle,0.14719910363436922,0.003022165979984068,0.004470565211317638,True,1.0,0.9937185929648241
A_141,high,141,0,2,after block 1,1,6.101122596394413,5.946875,2.862375,5.939125,0.9974874371859295,True,runs/pendulum/unified_mechanism_v2/paired_layer_control/large_seed3407/short_common_scan/A/videos/A_141/location_02.mp4,True,1.0,0,3.4393911138865954,0.015815623864235795,3.975146408398654,206.0,True,True,blue,circle,0.14729160163220392,0.0030222033705090087,0.004616695770096048,True,1.0,0.992462311557789
A_141,high,141,0,3,after block 2,2,6.101122596394413,5.946875,2.862375,5.93525,0.9962311557788943,True,runs/pendulum/unified_mechanism_v2/paired_layer_control/large_seed3407/short_common_scan/A/videos/A_141/location_03.mp4,True,1.0,0,3.4505611703352863,0.015961927420945543,3.870331117438946,207.0,True,True,blue,circle,0.147395590007793,0.002803029430643721,0.004608182271234664,True,1.0,0.9912060301507538
A_141,high,141,0,4,after block 3,3,6.101122596394413,5.946875,2.862375,5.93525,0.9962311557788943,True,runs/pendulum/unified_mechanism_v2/paired_layer_control/large_seed3407/short_common_scan/A/videos/A_141/location_04.mp4,True,1.0,0,3.6524069329177653,0.015963282794750205,3.903481343853624,206.5,True,True,blue,circle,0.1472335994052382,0.002810355239835243,0.004608051754958766,True,1.0,0.9912060301507538
A_141,high,141,0,5,after block 4,4,6.101122596394413,5.946875,2.862375,5.93525,0.9962311557788943,True,runs/pendulum/unified_mechanism_v2/paired_layer_control/large_seed3407/short_common_scan/A/videos/A_141/location_05.mp4,True,1.0,0,3.5576450549889485,0.016210369725793372,3.903481343853624,206.0,True,True,blue,circle,0.14736168129479943,0.0027459745829043485,0.004701042406278064,True,1.0,0.9912060301507538
A_141,high,141,0,6,after block 5,5,6.101122596394413,5.946875,2.862375,5.667875,0.9095477386934674,True,runs/pendulum/unified_mechanism_v2/paired_layer_control/large_seed3407/short_common_scan/A/videos/A_141/location_06.mp4,True,1.0,0,3.0056975549657965,0.016397045371313174,3.056949303529036,202.5,True,True,blue,circle,0.15316393105886617,0.0014888303513514195,0.0053303147946714815,True,0.984375,0.9095477386934674
A_141,high,141,0,7,after block 6,6,6.101122596394413,5.946875,2.862375,5.67175,0.9108040201005025,True,runs/pendulum/unified_mechanism_v2/paired_layer_control/large_seed3407/short_common_scan/A/videos/A_141/location_07.mp4,True,1.0,0,2.9420977018820884,0.016134796352319375,2.6757353168442175,202.0,True,True,blue,circle,0.15309961764032387,0.0013858880993164778,0.005273643123055465,True,0.984375,0.9133165829145727
A_141,high,141,0,8,after block 7,7,6.101122596394413,5.946875,2.862375,5.64075,0.9007537688442209,True,runs/pendulum/unified_mechanism_v2/paired_layer_control/large_seed3407/short_common_scan/A/videos/A_141/location_08.mp4,True,1.0,0,3.3281800164454998,0.016639562701133676,2.1453503890125423,201.5,True,True,blue,circle,0.15318753090013731,0.0009682381412402957,0.005592854370182087,True,0.984375,0.9007537688442209
A_141,high,141,0,9,after block 8,8,6.101122596394413,5.946875,2.862375,5.633,0.8982412060301507,True,runs/pendulum/unified_mechanism_v2/paired_layer_control/large_seed3407/short_common_scan/A/videos/A_141/location_09.mp4,True,1.0,0,3.0603512836178406,0.016993405523047483,2.3767046634713385,202.0,True,True,blue,circle,0.1533377258724036,0.001118047568350818,0.005706533898772054,True,0.984375,0.8982412060301507
A_141,high,141,0,10,after block 9,9,6.101122596394413,5.946875,2.862375,5.590375,0.8844221105527637,True,runs/pendulum/unified_mechanism_v2/paired_layer_control/large_seed3407/short_common_scan/A/videos/A_141/location_10.mp4,True,1.0,0,3.575609728373717,0.015885989683822016,1.9143307580419797,200.0,True,True,blue,circle,0.14980563236903227,0.0011338503174445733,0.006760820419004539,True,0.984375,0.8907035175879396
A_141,high,141,0,11,after block 10,10,6.101122596394413,5.946875,2.862375,5.571,0.8781407035175878,True,runs/pendulum/unified_mechanism_v2/paired_layer_control/large_seed3407/short_common_scan/A/videos/A_141/location_11.mp4,True,1.0,0,3.2897628683797957,0.01669486602407999,1.8878505250653987,196.5,True,True,blue,circle,0.1503089518016709,0.0012826006843583615,0.007530186970105849,True,0.984375,0.8819095477386935
A_141,high,141,0,12,after block 11,11,6.101122596394413,5.946875,2.862375,5.4818750000000005,0.8492462311557789,True,runs/pendulum/unified_mechanism_v2/paired_layer_control/large_seed3407/short_common_scan/A/videos/A_141/location_12.mp4,True,1.0,0,3.484266967011961,0.016132845792120293,1.8381878203828808,197.0,True,True,blue,circle,0.14961893905057158,0.00089273740861717,0.009331394435883319,True,0.984375,0.8542713567839194
A_141,high,141,0,13,after block 12,12,6.101122596394413,5.946875,2.862375,5.443125,0.8366834170854272,True,runs/pendulum/unified_mechanism_v2/paired_layer_control/large_seed3407/short_common_scan/A/videos/A_141/location_13.mp4,True,1.0,0,3.246873447092468,0.01669352393567064,1.4866812850274125,193.0,True,True,blue,circle,0.1389054816520583,0.002025884009372818,0.010452567491073598,True,0.96875,0.8517587939698492
A_141,high,141,0,14,after block 13,13,6.101122596394413,5.946875,2.862375,5.264875,0.778894472361809,False,runs/pendulum/unified_mechanism_v2/paired_layer_control/large_seed3407/short_common_scan/A/videos/A_141/location_14.mp4,True,1.0,0,11.597392768442232,0.06574706085611634,15.126668369423601,43.5,True,True,blue,circle,0.09455663547652635,-0.03603261779446591,0.03710228740409851,False,0.09375,-0.5389447236180904
A_141,high,141,0,15,after block 14,14,6.101122596394413,5.946875,2.862375,2.86625,0.0012562814070351273,False,runs/pendulum/unified_mechanism_v2/paired_layer_control/large_seed3407/short_common_scan/A/videos/A_141/location_15.mp4,True,1.0,0,1.698372629259934,0.0007183661619317439,1.907374086046432,175.0,True,True,red,circle,0.1431704326518993,-0.0014566777312800929,0.013928624139122894,True,1.0,-0.0025125628140702547
A_141,high,141,0,16,after block 15,15,6.101122596394413,5.946875,2.862375,2.8468750000000003,-0.005025125628140653,False,runs/pendulum/unified_mechanism_v2/paired_layer_control/large_seed3407/short_common_scan/A/videos/A_141/location_16.mp4,True,1.0,0,1.7067650052658085,0.0009130300679059122,1.8811530199100372,176.0,True,True,red,circle,0.14873656627272017,-0.0006524292878574962,0.011464504783301261,True,1.0,-0.007537688442211052
A_141,high,141,0,17,after block 16,16,6.101122596394413,5.946875,2.862375,2.8081250000000004,-0.017587939698492358,False,runs/pendulum/unified_mechanism_v2/paired_layer_control/large_seed3407/short_common_scan/A/videos/A_141/location_17.mp4,True,1.0,0,1.4182427306062986,0.0009315511939988197,1.7323867117455716,176.5,True,True,red,circle,0.15125491787970838,-0.0011781638342122853,0.011982541074378164,True,1.0,-0.017587939698492358
A_141,high,141,0,18,after block 17,17,6.101122596394413,5.946875,2.862375,2.8275,-0.011306532663316578,False,runs/pendulum/unified_mechanism_v2/paired_layer_control/large_seed3407/short_common_scan/A/videos/A_141/location_18.mp4,True,1.0,0,1.4552361704103962,0.0009482910260006916,1.70653684050066,177.0,True,True,red,circle,0.15137616168542356,-0.0017191369953713613,0.01092004150686173,True,1.0,-0.012562814070351706
A_141,high,141,0,19,after block 18,18,6.101122596394413,5.946875,2.862375,2.8778750000000004,0.005025125628140797,False,runs/pendulum/unified_mechanism_v2/paired_layer_control/large_seed3407/short_common_scan/A/videos/A_141/location_19.mp4,True,1.0,0,1.4735506563632388,0.0010499835247495815,1.7323867117455716,178.5,True,True,red,circle,0.15111295660790258,-0.0012149370125956664,0.010328221396144406,True,1.0,0.005025125628140797
A_141,high,141,0,20,after block 19,19,6.101122596394413,5.946875,2.862375,2.8895,0.008793969849246179,False,runs/pendulum/unified_mechanism_v2/paired_layer_control/large_seed3407/short_common_scan/A/videos/A_141/location_20.mp4,True,1.0,0,1.3398379582028315,0.0010801545241798938,1.6809581589408114,180.0,True,True,red,circle,0.1519811962634464,-0.0001523319087775573,0.009200372380622684,True,1.0,0.007537688442211052
A_141,high,141,0,21,after block 20,20,6.101122596394413,5.946875,2.862375,2.885625,0.007537688442211052,False,runs/pendulum/unified_mechanism_v2/paired_layer_control/large_seed3407/short_common_scan/A/videos/A_141/location_21.mp4,True,1.0,0,1.1882498543079962,0.001036001044836976,1.629635054493005,179.0,True,True,red,circle,0.14908569756511436,0.00039598898586650665,0.007459625546357164,True,1.0,0.006281407035175925
A_141,high,141,0,22,after block 21,21,6.101122596394413,5.946875,2.862375,2.843,-0.006281407035175925,False,runs/pendulum/unified_mechanism_v2/paired_layer_control/large_seed3407/short_common_scan/A/videos/A_141/location_22.mp4,True,1.0,0,1.2099668639298382,0.0008176545676438773,0.9935866932536471,183.0,True,True,red,circle,0.15930926282740043,0.0002975509222235958,0.006556224576464937,True,1.0,-0.005025125628140653
A_141,high,141,0,23,after block 22,22,6.101122596394413,5.946875,2.862375,2.843,-0.006281407035175925,False,runs/pendulum/unified_mechanism_v2/paired_layer_control/large_seed3407/short_common_scan/A/videos/A_141/location_23.mp4,True,1.0,0,1.2784600905908228,0.0009177164051041575,0.9077244713309781,185.0,True,True,red,circle,0.1590778307189895,0.0009291985764406042,0.005923459017404164,True,1.0,-0.006281407035175925
A_141,high,141,0,24,after block 23,23,6.101122596394413,5.946875,2.862375,2.8468750000000003,-0.005025125628140653,False,runs/pendulum/unified_mechanism_v2/paired_layer_control/large_seed3407/short_common_scan/A/videos/A_141/location_24.mp4,True,1.0,0,1.275579299083648,0.0007178325372537708,0.8511376055727302,185.0,True,True,red,circle,0.1583782611606815,0.0011579904889358124,0.006090704677069552,True,1.0,-0.003768844221105526
A_141,high,141,0,25,after block 24,24,6.101122596394413,5.946875,2.862375,2.8352500000000003,-0.008793969849246179,False,runs/pendulum/unified_mechanism_v2/paired_layer_control/large_seed3407/short_common_scan/A/videos/A_141/location_25.mp4,True,1.0,0,1.2758758502575929,0.0007706440409624704,0.8317070492589478,185.0,True,True,red,circle,0.16094255539204524,0.0012486252611048694,0.005855613129077451,True,1.0,-0.007537688442211052
A_141,high,141,0,26,after block 25,25,6.101122596394413,5.946875,2.862375,2.843,-0.006281407035175925,False,runs/pendulum/unified_mechanism_v2/paired_layer_control/large_seed3407/short_common_scan/A/videos/A_141/location_26.mp4,True,1.0,0,1.236919037928877,0.0010732892122308768,0.4815193575247088,187.0,True,True,red,circle,0.161520560928778,0.0009671384509062394,0.006014946340645423,True,1.0,-0.007537688442211052
A_141,high,141,0,27,after block 26,26,6.101122596394413,5.946875,2.862375,2.839125,-0.007537688442211052,False,runs/pendulum/unified_mechanism_v2/paired_layer_control/large_seed3407/short_common_scan/A/videos/A_141/location_27.mp4,True,1.0,0,1.2404312696812805,0.0012020754664693045,0.6084815781184717,187.0,True,True,red,circle,0.16133122315980244,0.0008221151241223881,0.005760048422256075,True,1.0,-0.007537688442211052
A_141,high,141,0,28,after block 27,27,6.101122596394413,5.946875,2.862375,2.85075,-0.003768844221105526,False,runs/pendulum/unified_mechanism_v2/paired_layer_control/large_seed3407/short_common_scan/A/videos/A_141/location_28.mp4,True,1.0,0,1.2608825150827447,0.0010067203024146099,0.384848553189487,187.0,True,True,red,circle,0.1609576691765086,0.001020474557684042,0.0057473585040398855,True,1.0,-0.0025125628140702547
A_141,high,141,0,29,after block 28,28,6.101122596394413,5.946875,2.862375,2.8585000000000003,-0.0012562814070351273,False,runs/pendulum/unified_mechanism_v2/paired_layer_control/large_seed3407/short_common_scan/A/videos/A_141/location_29.mp4,True,1.0,0,1.3422036178161498,0.0010649351360220438,0.3182508286949117,187.5,True,True,red,circle,0.16073437131462678,0.0010498643570231623,0.005786405820375953,True,1.0,-0.0012562814070351273
A_141,high,141,0,30,after block 29,29,6.101122596394413,5.946875,2.862375,2.8585000000000003,-0.0012562814070351273,False,runs/pendulum/unified_mechanism_v2/paired_layer_control/large_seed3407/short_common_scan/A/videos/A_141/location_30.mp4,True,1.0,0,1.3219825730168877,0.0009439921628116854,0.27613220132104277,188.0,True,True,red,circle,0.1608913961019392,0.0007871918132526019,0.0058935975087152,True,1.0,0.0
A_142,high,142,0,0,embedding output,,6.1159539117823165,6.09025,2.792625,6.086375,0.9988249118683902,True,runs/pendulum/unified_mechanism_v2/paired_layer_control/large_seed3407/short_common_scan/A/videos/A_142/location_00.mp4,True,1.0,0,3.6501186825575456,0.01551351829635847,1.2708393390211272,211.5,True,True,blue,circle,0.12392732955820324,0.0012921784071215602,0.0065325849296015434,True,1.0,0.9988249118683902
A_142,high,142,0,1,after block 0,0,6.1159539117823165,6.09025,2.792625,6.0825000000000005,0.9976498237367804,True,runs/pendulum/unified_mechanism_v2/paired_layer_control/large_seed3407/short_common_scan/A/videos/A_142/location_01.mp4,True,1.0,0,3.666791831829265,0.015711103190158254,1.2398037082827902,211.0,True,True,blue,circle,0.12392213223646092,0.0013061937933101693,0.006556825291808686,True,1.0,0.9988249118683902
A_142,high,142,0,2,after block 1,1,6.1159539117823165,6.09025,2.792625,6.0825000000000005,0.9976498237367804,True,runs/pendulum/unified_mechanism_v2/paired_layer_control/large_seed3407/short_common_scan/A/videos/A_142/location_02.mp4,True,1.0,0,3.7177824072430092,0.015396138693731742,1.3499187054197352,210.5,True,True,blue,circle,0.12383983100171703,0.0012775426035025795,0.006482119052791847,True,1.0,0.9988249118683902
A_142,high,142,0,3,after block 2,2,6.1159539117823165,6.09025,2.792625,6.0825000000000005,0.9976498237367804,True,runs/pendulum/unified_mechanism_v2/paired_layer_control/large_seed3407/short_common_scan/A/videos/A_142/location_03.mp4,True,1.0,0,3.7839405976773635,0.015977546525656194,1.5386101838425936,211.5,True,True,blue,circle,0.12390084124413939,0.0012851304142420079,0.006501320409422881,True,0.984375,0.9988249118683902
A_142,high,142,0,4,after block 3,3,6.1159539117823165,6.09025,2.792625,6.0825000000000005,0.9976498237367804,True,runs/pendulum/unified_mechanism_v2/paired_layer_control/large_seed3407/short_common_scan/A/videos/A_142/location_04.mp4,True,1.0,0,4.060612345644205,0.015646263824853124,1.3953783791798964,210.5,True,True,blue,circle,0.12350566265895264,0.0012938638356050456,0.0064225338817969204,True,0.984375,0.9988249118683902
A_142,high,142,0,5,after block 4,4,6.1159539117823165,6.09025,2.792625,6.086375,0.9988249118683902,True,runs/pendulum/unified_mechanism_v2/paired_layer_control/large_seed3407/short_common_scan/A/videos/A_142/location_05.mp4,True,1.0,0,3.8731783373844464,0.01571646983265665,1.3646137276081833,211.0,True,True,blue,circle,0.12388536556316729,0.0012196425715152099,0.006321388343978544,True,0.984375,0.9988249118683902
A_142,high,142,0,6,after block 5,5,6.1159539117823165,6.09025,2.792625,6.039875,0.9847238542890717,True,runs/pendulum/unified_mechanism_v2/paired_layer_control/large_seed3407/short_common_scan/A/videos/A_142/location_06.mp4,True,1.0,0,3.632319581379426,0.015189787563188756,0.8073659522285566,205.0,True,True,blue,circle,0.12487276945495202,0.00125060557979745,0.008175736796399716,True,0.984375,0.9835487661574619
A_142,high,142,0,7,after block 6,6,6.1159539117823165,6.09025,2.792625,6.0360000000000005,0.9835487661574619,True,runs/pendulum/unified_mechanism_v2/paired_layer_control/large_seed3407/short_common_scan/A/videos/A_142/location_07.mp4,True,1.0,0,3.2614471087296146,0.014676926503766147,0.6868584094435329,203.5,True,True,blue,circle,0.1249439184907787,0.0011324308498792837,0.008146048641866388,True,0.984375,0.9835487661574619
A_142,high,142,0,8,after block 7,7,6.1159539117823165,6.09025,2.792625,6.016625,0.9776733254994125,True,runs/pendulum/unified_mechanism_v2/paired_layer_control/large_seed3407/short_common_scan/A/videos/A_142/location_08.mp4,True,1.0,0,3.2842835599199347,0.015355507963797393,0.6868584094435329,205.0,True,True,blue,circle,0.12386782174843988,0.001491899959556826,0.008602966355342367,True,0.984375,0.9788484136310224
A_142,high,142,0,9,after block 8,8,6.1159539117823165,6.09025,2.792625,6.0205,0.9788484136310224,True,runs/pendulum/unified_mechanism_v2/paired_layer_control/large_seed3407/short_common_scan/A/videos/A_142/location_09.mp4,True,1.0,0,3.3881964378923213,0.015120523452030105,0.6868584094435329,204.0,True,True,blue,circle,0.12380796160139511,0.0013601559526483118,0.008597061284935044,True,0.984375,0.9800235017626322
A_142,high,142,0,10,after block 9,9,6.1159539117823165,6.09025,2.792625,5.977875,0.9659224441833137,True,runs/pendulum/unified_mechanism_v2/paired_layer_control/large_seed3407/short_common_scan/A/videos/A_142/location_10.mp4,True,1.0,0,3.309841728421041,0.016381497293012415,0.6162436526604107,203.0,True,True,blue,circle,0.12215973333073761,0.0017142195374216182,0.008819041684615982,True,0.984375,0.9647473560517039
A_142,high,142,0,11,after block 10,10,6.1159539117823165,6.09025,2.792625,5.9585,0.9600470035252643,True,runs/pendulum/unified_mechanism_v2/paired_layer_control/large_seed3407/short_common_scan/A/videos/A_142/location_11.mp4,True,1.0,0,3.510712743163363,0.015780228504636173,0.46381731199704324,199.5,True,True,blue,circle,0.12260600974422009,0.001613857948973294,0.008920265489668143,True,0.984375,0.9576968272620446
A_142,high,142,0,12,after block 11,11,6.1159539117823165,6.09025,2.792625,5.8655,0.9318448883666274,True,runs/pendulum/unified_mechanism_v2/paired_layer_control/large_seed3407/short_common_scan/A/videos/A_142/location_12.mp4,True,1.0,0,3.6685449834555888,0.015178924502982999,0.4791465487919648,198.0,True,True,blue,circle,0.1219499071835598,0.0014611575157801506,0.007900576488510797,True,0.984375,0.9330199764982372
A_142,high,142,0,13,after block 12,12,6.1159539117823165,6.09025,2.792625,5.819,0.917743830787309,True,runs/pendulum/unified_mechanism_v2/paired_layer_control/large_seed3407/short_common_scan/A/videos/A_142/location_13.mp4,True,1.0,0,3.49061417303785,0.016400948167340557,0.5506723941612947,194.0,True,True,blue,circle,0.11360866816569427,0.0011558102630139697,0.0073692428318207345,False,0.9375,0.9189189189189189
A_142,high,142,0,14,after block 13,13,6.1159539117823165,6.09025,2.792625,5.4315,0.8002350176263219,False,runs/pendulum/unified_mechanism_v2/paired_layer_control/large_seed3407/short_common_scan/A/videos/A_142/location_14.mp4,True,1.0,0,11.9903027948051,0.021324027562853787,18.848658894433765,171.0,True,True,blue,circle,0.08025368105901654,-0.0026800882365557326,0.017036166889424876,False,0.03125,nan
A_142,high,142,0,15,after block 14,14,6.1159539117823165,6.09025,2.792625,2.58725,-0.06227967097532317,False,runs/pendulum/unified_mechanism_v2/paired_layer_control/large_seed3407/short_common_scan/A/videos/A_142/location_15.mp4,True,1.0,0,1.427231612215321,0.0012889912390202374,0.4507456707896076,174.0,True,True,red,circle,0.09656781409652938,-0.004727876653266265,0.013928679570989725,True,1.0,-0.06815511163337257
A_142,high,142,0,16,after block 15,15,6.1159539117823165,6.09025,2.792625,2.8081250000000004,0.004700352526439571,False,runs/pendulum/unified_mechanism_v2/paired_layer_control/large_seed3407/short_common_scan/A/videos/A_142/location_16.mp4,True,1.0,0,1.3795756268783976,0.0012191742804401884,0.3680286201659384,177.0,True,True,red,circle,0.11226517651466685,-0.0035374700340236255,0.008168920743024846,True,1.0,0.003525264394829611
A_142,high,142,0,17,after block 16,16,6.1159539117823165,6.09025,2.792625,2.6027500000000003,-0.0575793184488836,False,runs/pendulum/unified_mechanism_v2/paired_layer_control/large_seed3407/short_common_scan/A/videos/A_142/location_17.mp4,True,1.0,0,1.135786608369145,0.0011589211524271337,0.3456962246893324,177.5,True,True,red,circle,0.12618088178617173,-0.002311661998388408,0.005555327184390629,True,1.0,-0.0575793184488836
A_142,high,142,0,18,after block 17,17,6.1159539117823165,6.09025,2.792625,2.769375,-0.007050528789659222,False,runs/pendulum/unified_mechanism_v2/paired_layer_control/large_seed3407/short_common_scan/A/videos/A_142/location_18.mp4,True,1.0,0,1.1034980347586487,0.0010366473740028026,0.3551017249934387,179.0,True,True,red,circle,0.13119179782118073,-0.002950903678696221,0.004145378873050767,True,1.0,-0.005875440658049397
A_142,high,142,0,19,after block 18,18,6.1159539117823165,6.09025,2.792625,2.908875,0.03525264394829611,False,runs/pendulum/unified_mechanism_v2/paired_layer_control/large_seed3407/short_common_scan/A/videos/A_142/location_19.mp4,True,1.0,0,1.2552632178462442,0.0010629941954286848,0.31796459819076817,180.0,True,True,red,circle,0.13487263001629016,-0.0023416025516875046,0.004520690203059861,True,1.0,0.034077555816686284
A_142,high,142,0,20,after block 19,19,6.1159539117823165,6.09025,2.792625,2.874,0.024676850763807278,False,runs/pendulum/unified_mechanism_v2/paired_layer_control/large_seed3407/short_common_scan/A/videos/A_142/location_20.mp4,True,1.0,0,1.1956275904385374,0.000984008295926958,0.3656675293757663,182.0,True,True,red,circle,0.14040174821049442,-0.00044991804810844566,0.0046317965072821075,True,1.0,0.024676850763807278
A_142,high,142,0,21,after block 20,20,6.1159539117823165,6.09025,2.792625,2.85075,0.017626321974148054,False,runs/pendulum/unified_mechanism_v2/paired_layer_control/large_seed3407/short_common_scan/A/videos/A_142/location_21.mp4,True,1.0,0,1.134221339913208,0.0009998626039280922,0.4268930631574168,182.0,True,True,red,circle,0.13624908208854022,-0.0009452222734787567,0.003757854609471244,True,1.0,0.017626321974148054
A_142,high,142,0,22,after block 21,21,6.1159539117823165,6.09025,2.792625,2.777125,-0.004700352526439571,False,runs/pendulum/unified_mechanism_v2/paired_layer_control/large_seed3407/short_common_scan/A/videos/A_142/location_22.mp4,True,1.0,0,1.30689288835884,0.0008132773989732445,0.3778609961404096,188.0,True,True,red,circle,0.15125678136849874,0.002048212829433862,0.003542640269556551,True,1.0,-0.004700352526439571
A_142,high,142,0,23,after block 22,22,6.1159539117823165,6.09025,2.792625,2.7848750000000004,-0.0023501762632196508,False,runs/pendulum/unified_mechanism_v2/paired_layer_control/large_seed3407/short_common_scan/A/videos/A_142/location_23.mp4,True,1.0,0,1.3950460400034126,0.0009865330305915965,0.37112053975264286,187.0,True,True,red,circle,0.15358629074164776,0.0024205076935304537,0.004641554563092878,True,1.0,-0.0023501762632196508
A_142,high,142,0,24,after block 23,23,6.1159539117823165,6.09025,2.792625,2.7848750000000004,-0.0023501762632196508,False,runs/pendulum/unified_mechanism_v2/paired_layer_control/large_seed3407/short_common_scan/A/videos/A_142/location_24.mp4,True,1.0,0,1.4203842751062632,0.0008222545925750113,0.37112053975264286,188.5,True,True,red,circle,0.1535956851924332,0.0021399001393910466,0.004517962922773315,True,1.0,-0.0023501762632196508
A_142,high,142,0,25,after block 24,24,6.1159539117823165,6.09025,2.792625,2.769375,-0.007050528789659222,False,runs/pendulum/unified_mechanism_v2/paired_layer_control/large_seed3407/short_common_scan/A/videos/A_142/location_25.mp4,True,1.0,0,1.4712879664275758,0.0008325503740360396,0.436429155771815,188.0,True,True,red,circle,0.15388709895188504,0.0019730539926927633,0.004075136903909916,True,1.0,-0.008225616921269047
A_142,high,142,0,26,after block 25,25,6.1159539117823165,6.09025,2.792625,2.777125,-0.004700352526439571,False,runs/pendulum/unified_mechanism_v2/paired_layer_control/large_seed3407/short_common_scan/A/videos/A_142/location_26.mp4,True,1.0,0,1.392025809547416,0.0008532733588905717,0.436429155771815,189.5,True,True,red,circle,0.15567516077453059,0.0021968667656079317,0.004046320450762394,True,1.0,-0.005875440658049397
A_142,high,142,0,27,after block 26,26,6.1159539117823165,6.09025,2.792625,2.777125,-0.004700352526439571,False,runs/pendulum/unified_mechanism_v2/paired_layer_control/large_seed3407/short_common_scan/A/videos/A_142/location_27.mp4,True,1.0,0,1.3234738592120476,0.0007877726083474479,0.29801691336068853,191.0,True,True,red,circle,0.15642846605481844,0.0025054794720919464,0.003917409754631169,True,1.0,-0.003525264394829611
A_142,high,142,0,28,after block 27,27,6.1159539117823165,6.09025,2.792625,2.792625,0.0,False,runs/pendulum/unified_mechanism_v2/paired_layer_control/large_seed3407/short_common_scan/A/videos/A_142/location_28.mp4,True,1.0,0,1.3656331432335258,0.0007384810878451886,0.3241692015378369,191.0,True,True,red,circle,0.1579378011618366,0.002915727554729758,0.004186623096739253,True,1.0,0.0
A_142,high,142,0,29,after block 28,28,6.1159539117823165,6.09025,2.792625,2.792625,0.0,False,runs/pendulum/unified_mechanism_v2/paired_layer_control/large_seed3407/short_common_scan/A/videos/A_142/location_29.mp4,True,1.0,0,1.3217123421556847,0.0007436830293111596,0.291617910287068,191.0,True,True,red,circle,0.1574653148568775,0.0029410001677841694,0.004347457173229455,True,1.0,0.0
A_142,high,142,0,30,after block 29,29,6.1159539117823165,6.09025,2.792625,2.792625,0.0,False,runs/pendulum/unified_mechanism_v2/paired_layer_control/large_seed3407/short_common_scan/A/videos/A_142/location_30.mp4,True,1.0,0,1.3646236268252598,0.001005963780861624,0.31377074690233114,191.5,True,True,red,circle,0.1584204991414183,0.002758624175656569,0.004153656805853487,True,1.0,0.0
A_147,high,147,0,0,embedding output,,6.018933691262555,6.12125,2.688,6.117375,0.9988713318284425,True,runs/pendulum/unified_mechanism_v2/paired_layer_control/large_seed3407/short_common_scan/A/videos/A_147/location_00.mp4,True,1.0,0,3.3083144194301912,0.01663123308212694,2.490982280407906,206.5,True,True,blue,circle,0.15225080463834156,0.0018380381265668455,0.005226941879203155,True,0.984375,1.0
A_147,high,147,0,1,after block 0,0,6.018933691262555,6.12125,2.688,6.1135,0.9977426636568849,True,runs/pendulum/unified_mechanism_v2/paired_layer_control/large_seed3407/short_common_scan/A/videos/A_147/location_01.mp4,True,1.0,0,3.55922867789706,0.016608788649773637,2.929899033131733,206.0,True,True,blue,circle,0.15212546810050834,0.0018591949910066732,0.0050513879440622425,True,0.984375,0.9988713318284425
A_147,high,147,0,2,after block 1,1,6.018933691262555,6.12125,2.688,6.109625,0.9966139954853275,True,runs/pendulum/unified_mechanism_v2/paired_layer_control/large_seed3407/short_common_scan/A/videos/A_147/location_02.mp4,True,1.0,0,3.6595570612015726,0.016481362845830516,2.929899033131733,207.0,True,True,blue,circle,0.15202296720823164,0.0017728801912488092,0.005031556836174488,True,0.984375,0.9988713318284425
A_147,high,147,0,3,after block 2,2,6.018933691262555,6.12125,2.688,6.1057500000000005,0.9954853273137699,True,runs/pendulum/unified_mechanism_v2/paired_layer_control/large_seed3407/short_common_scan/A/videos/A_147/location_03.mp4,True,1.0,0,3.6320231681394275,0.016246867406013388,2.929899033131733,206.0,True,True,blue,circle,0.15222148549233042,0.0018705803013764825,0.0049927783356472286,True,0.984375,0.9977426636568849
A_147,high,147,0,4,after block 3,3,6.018933691262555,6.12125,2.688,6.109625,0.9966139954853275,True,runs/pendulum/unified_mechanism_v2/paired_layer_control/large_seed3407/short_common_scan/A/videos/A_147/location_04.mp4,True,1.0,0,3.631052832189718,0.016611427291031405,2.617919756368443,206.5,True,True,blue,circle,0.1521063096582863,0.0017255427906501728,0.005079977412445069,True,0.984375,0.9977426636568849
A_147,high,147,0,5,after block 4,4,6.018933691262555,6.12125,2.688,6.109625,0.9966139954853275,True,runs/pendulum/unified_mechanism_v2/paired_layer_control/large_seed3407/short_common_scan/A/videos/A_147/location_05.mp4,True,1.0,0,3.761931031369402,0.016978171597483216,2.7517892501217265,207.0,True,True,blue,circle,0.15208000174064398,0.0018351908204564018,0.005046014386120653,True,0.984375,0.9988713318284425
A_147,high,147,0,6,after block 5,5,6.018933691262555,6.12125,2.688,6.032125,0.974040632054176,True,runs/pendulum/unified_mechanism_v2/paired_layer_control/large_seed3407/short_common_scan/A/videos/A_147/location_06.mp4,True,1.0,0,3.8215177973538745,0.017408633286657732,2.907015340783103,202.0,True,True,blue,circle,0.15429186198712894,0.002387244172307504,0.005067954510126763,True,0.984375,0.974040632054176
A_147,high,147,0,7,after block 6,6,6.018933691262555,6.12125,2.688,6.02825,0.9729119638826185,True,runs/pendulum/unified_mechanism_v2/paired_layer_control/large_seed3407/short_common_scan/A/videos/A_147/location_07.mp4,True,1.0,0,3.709853370371414,0.017410757214918,3.1028432017859515,201.5,True,True,blue,circle,0.15417820011845415,0.0022940895593532165,0.005068547467433566,True,0.984375,0.974040632054176
A_147,high,147,0,8,after block 7,7,6.018933691262555,6.12125,2.688,6.032125,0.974040632054176,True,runs/pendulum/unified_mechanism_v2/paired_layer_control/large_seed3407/short_common_scan/A/videos/A_147/location_08.mp4,True,1.0,0,3.460634781659992,0.017893771343425874,2.877852352607724,202.0,True,True,blue,circle,0.15363112594521686,0.0024131679324818473,0.00510587647380249,True,0.984375,0.9751693002257338
A_147,high,147,0,9,after block 8,8,6.018933691262555,6.12125,2.688,6.032125,0.974040632054176,True,runs/pendulum/unified_mechanism_v2/paired_layer_control/large_seed3407/short_common_scan/A/videos/A_147/location_09.mp4,True,1.0,0,3.422536254802601,0.018596857263203898,2.8646402723439657,202.0,True,True,blue,circle,0.15337945033569317,0.00235578830659991,0.005178883946343622,True,0.984375,0.9751693002257338
A_147,high,147,0,10,after block 9,9,6.018933691262555,6.12125,2.688,5.993375,0.9627539503386006,True,runs/pendulum/unified_mechanism_v2/paired_layer_control/large_seed3407/short_common_scan/A/videos/A_147/location_10.mp4,True,1.0,0,4.060821625870333,0.01676572475600019,2.7143025872511117,201.0,True,True,blue,circle,0.1522481835138629,0.002282782128116431,0.005656907119270879,True,0.984375,0.961625282167043
A_147,high,147,0,11,after block 10,10,6.018933691262555,6.12125,2.688,5.977875,0.9582392776523703,True,runs/pendulum/unified_mechanism_v2/paired_layer_control/large_seed3407/short_common_scan/A/videos/A_147/location_11.mp4,True,1.0,0,3.424321380741402,0.017678343926600254,2.674670464909808,198.0,True,True,blue,circle,0.1527462245027522,0.002838273406041695,0.006438164351909342,True,0.984375,0.9604966139954852
A_147,high,147,0,12,after block 11,11,6.018933691262555,6.12125,2.688,5.93525,0.945823927765237,True,runs/pendulum/unified_mechanism_v2/paired_layer_control/large_seed3407/short_common_scan/A/videos/A_147/location_12.mp4,True,1.0,0,3.72317483832829,0.017039660853914895,2.4394047777548367,198.0,True,True,blue,circle,0.15196564556122064,0.0020729253859833444,0.007011834805720159,True,0.984375,0.9492099322799098
A_147,high,147,0,13,after block 12,12,6.018933691262555,6.12125,2.688,5.822875,0.9130925507900677,True,runs/pendulum/unified_mechanism_v2/paired_layer_control/large_seed3407/short_common_scan/A/videos/A_147/location_13.mp4,True,1.0,0,3.6328847393124732,0.017545960761925272,3.015443396174854,193.0,True,True,blue,circle,0.1423069122181279,0.0023646776596161724,0.007384167303073302,True,0.96875,0.9164785553047405
A_147,high,147,0,14,after block 13,13,6.018933691262555,6.12125,2.688,5.543875,0.8318284424379232,False,runs/pendulum/unified_mechanism_v2/paired_layer_control/large_seed3407/short_common_scan/A/videos/A_147/location_14.mp4,True,1.0,0,13.245560342614828,0.026869856386658147,22.63610863384193,150.5,True,True,blue,circle,0.10114272257014925,-0.013951737426612083,0.022731491509495973,False,0.03125,nan
A_147,high,147,0,15,after block 14,14,6.018933691262555,6.12125,2.688,2.660875,-0.007900677200903018,False,runs/pendulum/unified_mechanism_v2/paired_layer_control/large_seed3407/short_common_scan/A/videos/A_147/location_15.mp4,True,1.0,0,1.2094468801661873,0.0009281766957666138,0.6254483390295135,173.5,True,True,red,circle,0.1543491932772664,-0.003908507558781612,0.005089000985075667,True,1.0,-0.010158013544018057
A_147,high,147,0,16,after block 15,15,6.018933691262555,6.12125,2.688,2.684125,-0.001128668171557648,False,runs/pendulum/unified_mechanism_v2/paired_layer_control/large_seed3407/short_common_scan/A/videos/A_147/location_16.mp4,True,1.0,0,1.204492743093993,0.0009491893891529213,0.727462176358654,175.0,True,True,red,circle,0.15635274956701276,-0.002430053652039335,0.004451157972570675,True,1.0,0.0
A_147,high,147,0,17,after block 16,16,6.018933691262555,6.12125,2.688,2.6221250000000005,-0.019187358916478464,False,runs/pendulum/unified_mechanism_v2/paired_layer_control/large_seed3407/short_common_scan/A/videos/A_147/location_17.mp4,True,1.0,0,1.1534922747632093,0.0007782247806765175,0.6254483390295135,175.0,True,True,red,circle,0.16010902469221364,-0.0014175407599503792,0.0047367436794187754,True,1.0,-0.01693002257336343
A_147,high,147,0,18,after block 17,17,6.018933691262555,6.12125,2.688,2.684125,-0.001128668171557648,False,runs/pendulum/unified_mechanism_v2/paired_layer_control/large_seed3407/short_common_scan/A/videos/A_147/location_18.mp4,True,1.0,0,1.2263833672424689,0.0010070702586440772,0.6645533758192878,176.0,True,True,red,circle,0.1604762048428547,-0.0016083653355579539,0.003929573793707823,True,1.0,0.0
A_147,high,147,0,19,after block 18,18,6.018933691262555,6.12125,2.688,2.75775,0.020316027088036114,False,runs/pendulum/unified_mechanism_v2/paired_layer_control/large_seed3407/short_common_scan/A/videos/A_147/location_19.mp4,True,1.0,0,1.1943505679261843,0.0009573322824713848,0.7054931935255304,176.5,True,True,red,circle,0.16094262545570628,-0.0013343424133820036,0.0033792623527796207,True,1.0,0.020316027088036114
A_147,high,147,0,20,after block 19,19,6.018933691262555,6.12125,2.688,2.75775,0.020316027088036114,False,runs/pendulum/unified_mechanism_v2/paired_layer_control/large_seed3407/short_common_scan/A/videos/A_147/location_20.mp4,True,1.0,0,1.255851399228067,0.0010816444375487955,0.6207065233947598,179.0,True,True,red,circle,0.16185709490262573,-0.0005659408376638952,0.003971099005621975,True,1.0,0.02144469525959376
A_147,high,147,0,21,after block 20,20,6.018933691262555,6.12125,2.688,2.7422500000000003,0.015801354401805908,False,runs/pendulum/unified_mechanism_v2/paired_layer_control/large_seed3407/short_common_scan/A/videos/A_147/location_21.mp4,True,1.0,0,1.2719552063499189,0.0008270980265619454,0.556964444930725,179.0,True,True,red,circle,0.15945702784573365,-0.00029581545886094306,0.004673958381109896,True,1.0,0.015801354401805908
A_147,high,147,0,22,after block 21,21,6.018933691262555,6.12125,2.688,2.68025,-0.002257336343115167,False,runs/pendulum/unified_mechanism_v2/paired_layer_control/large_seed3407/short_common_scan/A/videos/A_147/location_22.mp4,True,1.0,0,1.4216941145966486,0.0010768951442329255,0.45645530312547494,183.5,True,True,red,circle,0.1721826456510601,0.002785748143382497,0.009252233970570988,True,1.0,-0.0033860045146726853
A_147,high,147,0,23,after block 22,22,6.018933691262555,6.12125,2.688,2.6686250000000005,-0.005643340857787723,False,runs/pendulum/unified_mechanism_v2/paired_layer_control/large_seed3407/short_common_scan/A/videos/A_147/location_23.mp4,True,1.0,0,1.3421148620843757,0.0012443651544631895,0.4197043706729935,184.0,True,True,red,circle,0.17316163107253424,0.003172202940968129,0.009651835641239151,True,1.0,-0.005643340857787723
A_147,high,147,0,24,after block 23,23,6.018933691262555,6.12125,2.688,2.68025,-0.002257336343115167,False,runs/pendulum/unified_mechanism_v2/paired_layer_control/large_seed3407/short_common_scan/A/videos/A_147/location_24.mp4,True,1.0,0,1.3457756882909222,0.0013746675725911095,0.2554858985897321,184.0,True,True,red,circle,0.1728970803120416,0.0030531120971254693,0.009067584923680618,True,1.0,-0.002257336343115167
A_147,high,147,0,25,after block 24,24,6.018933691262555,6.12125,2.688,2.6686250000000005,-0.005643340857787723,False,runs/pendulum/unified_mechanism_v2/paired_layer_control/large_seed3407/short_common_scan/A/videos/A_147/location_25.mp4,True,1.0,0,1.4784707805725052,0.0013459412386584713,0.4151645768658314,184.5,True,True,red,circle,0.17418580300027758,0.0032471633790216144,0.010232852952302973,True,1.0,-0.0045146726862302046
A_147,high,147,0,26,after block 25,25,6.018933691262555,6.12125,2.688,2.6686250000000005,-0.005643340857787723,False,runs/pendulum/unified_mechanism_v2/paired_layer_control/large_seed3407/short_common_scan/A/videos/A_147/location_26.mp4,True,1.0,0,1.3900168394276535,0.0014030925972805253,0.2554858985897321,186.0,True,True,red,circle,0.17529320418023492,0.003367768254373191,0.010623295681713565,True,1.0,-0.005643340857787723
A_147,high,147,0,27,after block 26,26,6.018933691262555,6.12125,2.688,2.6725000000000003,-0.0045146726862302046,False,runs/pendulum/unified_mechanism_v2/paired_layer_control/large_seed3407/short_common_scan/A/videos/A_147/location_27.mp4,True,1.0,0,1.3791728055559138,0.0014919150023103567,0.218016762184937,187.5,True,True,red,circle,0.17597751699877257,0.003180641015506194,0.010093470098336516,True,1.0,-0.005643340857787723
A_147,high,147,0,28,after block 27,27,6.018933691262555,6.12125,2.688,2.684125,-0.001128668171557648,False,runs/pendulum/unified_mechanism_v2/paired_layer_control/large_seed3407/short_common_scan/A/videos/A_147/location_28.mp4,True,1.0,0,1.3091466961148603,0.0012714968662581594,0.16195089390911518,188.0,True,True,red,circle,0.1761107188813474,0.003686376633805572,0.009550139761181008,True,1.0,-0.002257336343115167
A_147,high,147,0,29,after block 28,28,6.018933691262555,6.12125,2.688,2.688,0.0,False,runs/pendulum/unified_mechanism_v2/paired_layer_control/large_seed3407/short_common_scan/A/videos/A_147/location_29.mp4,True,1.0,0,1.3251305625195373,0.0012421924231052484,0.3214910631245114,188.0,True,True,red,circle,0.17580435208020367,0.003402984555283039,0.009236723449434972,True,1.0,0.0
A_147,high,147,0,30,after block 29,29,6.018933691262555,6.12125,2.688,2.6918750000000005,0.001128668171557648,False,runs/pendulum/unified_mechanism_v2/paired_layer_control/large_seed3407/short_common_scan/A/videos/A_147/location_30.mp4,True,1.0,0,1.3311699880084673,0.0013475887254864316,0.35259483177316026,188.0,True,True,red,circle,0.17619360365700468,0.0032404176410937204,0.009174481710769417,True,1.0,0.0
A_148,high,148,0,0,embedding output,,6.125132469991941,6.094125,2.8895,6.09025,0.9987908101571947,True,runs/pendulum/unified_mechanism_v2/paired_layer_control/large_seed3407/short_common_scan/A/videos/A_148/location_00.mp4,True,1.0,0,3.4009739227540976,0.016501625090095923,2.4601977728753597,209.0,True,True,blue,circle,0.13420414099752687,0.0002116898341924621,0.005328942297797487,True,1.0,0.9987908101571947
A_148,high,148,0,1,after block 0,0,6.125132469991941,6.094125,2.8895,6.09025,0.9987908101571947,True,runs/pendulum/unified_mechanism_v2/paired_layer_control/large_seed3407/short_common_scan/A/videos/A_148/location_01.mp4,True,1.0,0,3.459139710479215,0.0165950770128154,2.7077840469289725,209.0,True,True,blue,circle,0.13415101453883002,0.0003232471915554308,0.005179187936818703,True,1.0,0.9987908101571947
A_148,high,148,0,2,after block 1,1,6.125132469991941,6.094125,2.8895,6.086375,0.9975816203143895,True,runs/pendulum/unified_mechanism_v2/paired_layer_control/large_seed3407/short_common_scan/A/videos/A_148/location_02.mp4,True,1.0,0,3.4732145931288168,0.016781315357189214,2.4636867761930215,208.0,True,True,blue,circle,0.1339719288781458,0.000369354385304103,0.005235837402043055,True,1.0,0.9975816203143895
A_148,high,148,0,3,after block 2,2,6.125132469991941,6.094125,2.8895,6.086375,0.9975816203143895,True,runs/pendulum/unified_mechanism_v2/paired_layer_control/large_seed3407/short_common_scan/A/videos/A_148/location_03.mp4,True,1.0,0,3.4328980343267075,0.016476486907355564,2.264256144650996,207.5,True,True,blue,circle,0.13414537881852673,0.0003833193752570619,0.0052281125467819834,True,1.0,0.9987908101571947
A_148,high,148,0,4,after block 3,3,6.125132469991941,6.094125,2.8895,6.09025,0.9987908101571947,True,runs/pendulum/unified_mechanism_v2/paired_layer_control/large_seed3407/short_common_scan/A/videos/A_148/location_04.mp4,True,1.0,0,3.4328980343267075,0.016953394353332235,2.6456357583074324,208.0,True,True,blue,circle,0.13402751669196195,0.0002868374999037926,0.005364362037836725,True,1.0,0.9987908101571947
A_148,high,148,0,5,after block 4,4,6.125132469991941,6.094125,2.8895,6.086375,0.9975816203143895,True,runs/pendulum/unified_mechanism_v2/paired_layer_control/large_seed3407/short_common_scan/A/videos/A_148/location_05.mp4,True,1.0,0,3.599649616101205,0.016677081368019375,2.567784805987789,208.0,True,True,blue,circle,0.1341501538563834,0.0001966603467480263,0.005154792149439352,True,1.0,0.9987908101571947
A_148,high,148,0,6,after block 5,5,6.125132469991941,6.094125,2.8895,6.02825,0.9794437726723095,True,runs/pendulum/unified_mechanism_v2/paired_layer_control/large_seed3407/short_common_scan/A/videos/A_148/location_06.mp4,True,1.0,0,3.171404193092096,0.01753974455206944,2.5052105020266597,204.0,True,True,blue,circle,0.13462279073905442,6.26274876474364e-05,0.0056456627469536995,True,0.984375,0.9794437726723095
A_148,high,148,0,7,after block 6,6,6.125132469991941,6.094125,2.8895,6.02825,0.9794437726723095,True,runs/pendulum/unified_mechanism_v2/paired_layer_control/large_seed3407/short_common_scan/A/videos/A_148/location_07.mp4,True,1.0,0,3.110764743531675,0.01681550898124587,2.31871323330561,204.0,True,True,blue,circle,0.13473556224231545,9.665820565776982e-05,0.005695603238512639,True,0.984375,0.9794437726723095
A_148,high,148,0,8,after block 7,7,6.125132469991941,6.094125,2.8895,6.02825,0.9794437726723095,True,runs/pendulum/unified_mechanism_v2/paired_layer_control/large_seed3407/short_common_scan/A/videos/A_148/location_08.mp4,True,1.0,0,3.623993630830346,0.0171676723213825,2.2099235913691944,204.5,True,True,blue,circle,0.13392296394330344,0.00035051868809804395,0.0058708939449912765,True,0.984375,0.9794437726723095
A_148,high,148,0,9,after block 8,8,6.125132469991941,6.094125,2.8895,6.032125,0.9806529625151148,True,runs/pendulum/unified_mechanism_v2/paired_layer_control/large_seed3407/short_common_scan/A/videos/A_148/location_09.mp4,True,1.0,0,3.1125804920335844,0.016775645502581288,2.4025037278992736,204.0,True,True,blue,circle,0.1339896918373091,0.00026737922312409704,0.0057119865022033055,True,0.984375,0.9806529625151148
A_148,high,148,0,10,after block 9,9,6.125132469991941,6.094125,2.8895,5.93525,0.9504232164449818,True,runs/pendulum/unified_mechanism_v2/paired_layer_control/large_seed3407/short_common_scan/A/videos/A_148/location_10.mp4,True,1.0,0,3.382704062819218,0.01716923966480033,2.312090831526926,200.5,True,True,blue,circle,0.13018374577527564,0.00028493973116127834,0.006113090506630217,True,0.984375,0.9516324062877871
A_148,high,148,0,11,after block 10,10,6.125132469991941,6.094125,2.8895,5.892625,0.9371221281741232,True,runs/pendulum/unified_mechanism_v2/paired_layer_control/large_seed3407/short_common_scan/A/videos/A_148/location_11.mp4,True,1.0,0,3.70090500100324,0.017277483804075372,2.5027631999640287,198.0,True,True,blue,circle,0.12945686795016137,-4.154130591171724e-05,0.006018088607563879,True,0.984375,0.935912938331318
A_148,high,148,0,12,after block 11,11,6.125132469991941,6.094125,2.8895,5.788,0.9044740024183797,True,runs/pendulum/unified_mechanism_v2/paired_layer_control/large_seed3407/short_common_scan/A/videos/A_148/location_12.mp4,True,1.0,0,3.3339038478412015,0.01864653385880405,2.382815147611511,199.0,True,True,blue,circle,0.1284418750973785,-0.00032976870442658133,0.005184825668263504,True,0.984375,0.9032648125755744
A_148,high,148,0,13,after block 12,12,6.125132469991941,6.094125,2.8895,5.629125,0.8548972188633616,True,runs/pendulum/unified_mechanism_v2/paired_layer_control/large_seed3407/short_common_scan/A/videos/A_148/location_13.mp4,True,1.0,0,3.1906198591582404,0.01859666882825531,2.25376780726774,193.5,True,True,blue,circle,0.11841494771582642,-0.001501902907132403,0.005230875002439915,True,0.96875,0.8464328899637245
A_148,high,148,0,14,after block 13,13,6.125132469991941,6.094125,2.8895,5.39275,0.7811366384522371,False,runs/pendulum/unified_mechanism_v2/paired_layer_control/large_seed3407/short_common_scan/A/videos/A_148/location_14.mp4,True,1.0,0,15.216583745114749,0.02064995177918233,20.65803233079492,174.0,True,True,blue,circle,0.09503959984974915,-0.004812801549390089,0.018070368298915913,False,0.015625,nan
A_148,high,148,0,15,after block 14,14,6.125132469991941,6.094125,2.8895,3.30025,0.12817412333736403,False,runs/pendulum/unified_mechanism_v2/paired_layer_control/large_seed3407/short_common_scan/A/videos/A_148/location_15.mp4,True,1.0,0,1.2220766798675318,0.0011813610645632633,0.7006276281661316,169.0,True,True,red,circle,0.08282084428731999,-0.0031308735622362005,0.024409581991567293,True,1.0,0.15235792019347047
A_148,high,148,0,16,after block 15,15,6.125132469991941,6.094125,2.8895,3.16075,0.0846432889963725,False,runs/pendulum/unified_mechanism_v2/paired_layer_control/large_seed3407/short_common_scan/A/videos/A_148/location_16.mp4,True,1.0,0,1.2679704951327886,0.0011652786561451023,0.5221292282469882,173.0,True,True,red,circle,0.11059518469745055,8.518811124304133e-05,0.015097532892232738,True,1.0,0.0846432889963725
A_148,high,148,0,17,after block 16,16,6.125132469991941,6.094125,2.8895,2.591125,-0.09310761789600969,False,runs/pendulum/unified_mechanism_v2/paired_layer_control/large_seed3407/short_common_scan/A/videos/A_148/location_17.mp4,True,1.0,0,1.0507197468300264,0.0007974945651404164,0.34674324781114657,180.0,True,True,red,circle,0.12619465353173523,-0.005678918875266828,0.009259492759111029,True,1.0,-0.09310761789600969
A_148,high,148,0,18,after block 17,17,6.125132469991941,6.094125,2.8895,2.874,-0.004836759371221234,False,runs/pendulum/unified_mechanism_v2/paired_layer_control/large_seed3407/short_common_scan/A/videos/A_148/location_18.mp4,True,1.0,0,1.2221005697334237,0.0011225678844193065,0.33120729991001935,179.0,True,True,red,circle,0.1311578453496711,-0.004226664234280462,0.006871879205409535,True,1.0,-0.004836759371221234
A_148,high,148,0,19,after block 18,18,6.125132469991941,6.094125,2.8895,3.025125,0.04232164449818625,False,runs/pendulum/unified_mechanism_v2/paired_layer_control/large_seed3407/short_common_scan/A/videos/A_148/location_19.mp4,True,1.0,0,1.3071897052168393,0.0009959223754261726,0.2715653135363246,178.5,True,True,red,circle,0.1364302798250519,-0.0010751835455084784,0.006665060255316559,True,1.0,0.04111245465538097
A_148,high,148,0,20,after block 19,19,6.125132469991941,6.094125,2.8895,3.0135,0.03869407496977029,False,runs/pendulum/unified_mechanism_v2/paired_layer_control/large_seed3407/short_common_scan/A/videos/A_148/location_20.mp4,True,1.0,0,1.1559981915531787,0.0010852477318732678,0.3425964369632909,181.0,True,True,red,circle,0.1356719829562848,-0.0005708484489229269,0.006263233096763519,True,1.0,0.0399032648125757
A_148,high,148,0,21,after block 20,20,6.125132469991941,6.094125,2.8895,2.9941250000000004,0.03264812575574378,False,runs/pendulum/unified_mechanism_v2/paired_layer_control/large_seed3407/short_common_scan/A/videos/A_148/location_21.mp4,True,1.0,0,1.192177668324726,0.001235444016244508,0.33413508210492043,181.0,True,True,red,circle,0.13057400499181757,-0.0013521015870911423,0.005536801866052826,True,1.0,0.03264812575574378
A_148,high,148,0,22,after block 21,21,6.125132469991941,6.094125,2.8895,2.8701250000000003,-0.006045949214026508,False,runs/pendulum/unified_mechanism_v2/paired_layer_control/large_seed3407/short_common_scan/A/videos/A_148/location_22.mp4,True,1.0,0,1.2086902434309934,0.0006497491048509108,0.380386738367068,188.0,True,True,red,circle,0.14676289450391924,-0.00043760460622713053,0.004382717577989818,True,1.0,-0.00725513905683192
A_148,high,148,0,23,after block 22,22,6.125132469991941,6.094125,2.8895,2.8817500000000003,-0.0024183796856105475,False,runs/pendulum/unified_mechanism_v2/paired_layer_control/large_seed3407/short_common_scan/A/videos/A_148/location_23.mp4,True,1.0,0,1.1763078571167958,0.0010107524364395548,0.41861368997085924,188.0,True,True,red,circle,0.14864299647559476,0.000150894721029858,0.004123301720867009,True,1.0,-0.0024183796856105475
A_148,high,148,0,24,after block 23,23,6.125132469991941,6.094125,2.8895,2.8817500000000003,-0.0024183796856105475,False,runs/pendulum/unified_mechanism_v2/paired_layer_control/large_seed3407/short_common_scan/A/videos/A_148/location_24.mp4,True,1.0,0,1.150701346715449,0.0009390494422665263,0.41511925506995895,189.0,True,True,red,circle,0.14924125012220693,-7.151277709760843e-05,0.004300505427039778,True,1.0,-0.0024183796856105475
A_148,high,148,0,25,after block 24,24,6.125132469991941,6.094125,2.8895,2.843,-0.01451027811366384,False,runs/pendulum/unified_mechanism_v2/paired_layer_control/large_seed3407/short_common_scan/A/videos/A_148/location_25.mp4,True,1.0,0,1.2692860042517142,0.0007975078534148694,0.5127742933045407,190.0,True,True,red,circle,0.1503483543972194,-0.0008063153574714723,0.004395860665325024,True,1.0,-0.01451027811366384
A_148,high,148,0,26,after block 25,25,6.125132469991941,6.094125,2.8895,2.8585000000000003,-0.009673518742442468,False,runs/pendulum/unified_mechanism_v2/paired_layer_control/large_seed3407/short_common_scan/A/videos/A_148/location_26.mp4,True,1.0,0,1.2428167656168823,0.0009248893299431404,0.5416367287452897,190.0,True,True,red,circle,0.15157203718119094,0.0007586202180481623,0.00406893994397481,True,1.0,-0.009673518742442468
A_148,high,148,0,27,after block 26,26,6.125132469991941,6.094125,2.8895,2.874,-0.004836759371221234,False,runs/pendulum/unified_mechanism_v2/paired_layer_control/large_seed3407/short_common_scan/A/videos/A_148/location_27.mp4,True,1.0,0,1.3208742658776713,0.0007054388943435741,0.3387094710890112,191.0,True,True,red,circle,0.1519043951734933,0.0011965309696135734,0.004146998118765338,True,1.0,-0.004836759371221234
A_148,high,148,0,28,after block 27,27,6.125132469991941,6.094125,2.8895,2.8895,0.0,False,runs/pendulum/unified_mechanism_v2/paired_layer_control/large_seed3407/short_common_scan/A/videos/A_148/location_28.mp4,True,1.0,0,1.3005145939084066,0.0006419957187480396,0.41298190161898635,191.0,True,True,red,circle,0.1534581830456721,0.0016839832915854166,0.004201643647343896,True,1.0,0.0
A_148,high,148,0,29,after block 28,28,6.125132469991941,6.094125,2.8895,2.885625,-0.0012091898428052738,False,runs/pendulum/unified_mechanism_v2/paired_layer_control/large_seed3407/short_common_scan/A/videos/A_148/location_29.mp4,True,1.0,0,1.3040681311687277,0.0008522500270171929,0.3387094710890112,191.0,True,True,red,circle,0.15327471587975247,0.0014886590745899681,0.004318538068865413,True,1.0,0.0
A_148,high,148,0,30,after block 29,29,6.125132469991941,6.094125,2.8895,2.8895,0.0,False,runs/pendulum/unified_mechanism_v2/paired_layer_control/large_seed3407/short_common_scan/A/videos/A_148/location_30.mp4,True,1.0,0,1.280129650821632,0.000707629900286999,0.37381776403939915,191.0,True,True,red,circle,0.1541524743169628,0.0014157990826413223,0.004323807866720791,True,1.0,0.0
A_151,high,151,0,0,embedding output,,6.050721150650307,5.9430000000000005,2.653125,5.9430000000000005,1.0,True,runs/pendulum/unified_mechanism_v2/paired_layer_control/large_seed3407/short_common_scan/A/videos/A_151/location_00.mp4,True,1.0,0,3.589471963385713,0.015821058706976587,2.7905296798467893,209.0,True,True,blue,circle,0.10925140411365065,0.0020084944149231488,0.006330793318287544,True,1.0,0.9929328621908127
A_151,high,151,0,1,after block 0,0,6.050721150650307,5.9430000000000005,2.653125,5.946875,1.0011778563015312,True,runs/pendulum/unified_mechanism_v2/paired_layer_control/large_seed3407/short_common_scan/A/videos/A_151/location_01.mp4,True,1.0,0,3.488352071819939,0.01606106315772185,2.949233147154324,211.0,True,True,blue,circle,0.10907765888073716,0.0021285743288061453,0.006509581434119886,True,1.0,0.9929328621908127
A_151,high,151,0,2,after block 1,1,6.050721150650307,5.9430000000000005,2.653125,5.939125,0.9988221436984686,True,runs/pendulum/unified_mechanism_v2/paired_layer_control/large_seed3407/short_common_scan/A/videos/A_151/location_02.mp4,True,1.0,0,3.4791687578115678,0.016136700204233384,3.0499396880507765,211.0,True,True,blue,circle,0.10908503413962353,0.001948781295493993,0.006460148955114889,True,1.0,0.9917550058892813
A_151,high,151,0,3,after block 2,2,6.050721150650307,5.9430000000000005,2.653125,5.9430000000000005,1.0,True,runs/pendulum/unified_mechanism_v2/paired_layer_control/large_seed3407/short_common_scan/A/videos/A_151/location_03.mp4,True,1.0,0,3.6005383095633716,0.01582222720770715,2.9007531734279244,210.0,True,True,blue,circle,0.10921597897040461,0.0021286989056305988,0.006473644313605056,True,1.0,0.9917550058892813
A_151,high,151,0,4,after block 3,3,6.050721150650307,5.9430000000000005,2.653125,5.946875,1.0011778563015312,True,runs/pendulum/unified_mechanism_v2/paired_layer_control/large_seed3407/short_common_scan/A/videos/A_151/location_04.mp4,True,1.0,0,3.6132450264330522,0.015890073170888308,3.0012267795371574,209.5,True,True,blue,circle,0.10905884134789352,0.002122599562483391,0.006468946934914702,True,1.0,0.9917550058892813
A_151,high,151,0,5,after block 4,4,6.050721150650307,5.9430000000000005,2.653125,5.9430000000000005,1.0,True,runs/pendulum/unified_mechanism_v2/paired_layer_control/large_seed3407/short_common_scan/A/videos/A_151/location_05.mp4,True,1.0,0,3.51417412061185,0.016468881271020558,2.9007531734279244,209.0,True,True,blue,circle,0.10910037636218362,0.0019155618927099887,0.006405299905725977,True,1.0,0.9929328621908127
A_151,high,151,0,6,after block 5,5,6.050721150650307,5.9430000000000005,2.653125,5.88875,0.9835100117785628,True,runs/pendulum/unified_mechanism_v2/paired_layer_control/large_seed3407/short_common_scan/A/videos/A_151/location_06.mp4,True,1.0,0,4.26426775928542,0.017039615813347397,2.8693825364493155,201.0,True,True,blue,circle,0.11057741539693776,0.001723825317970876,0.0046607086695640175,True,0.984375,0.984687868080094
A_151,high,151,0,7,after block 6,6,6.050721150650307,5.9430000000000005,2.653125,5.88875,0.9835100117785628,True,runs/pendulum/unified_mechanism_v2/paired_layer_control/large_seed3407/short_common_scan/A/videos/A_151/location_07.mp4,True,1.0,0,4.151211032870148,0.017079794443333907,2.8397185956341864,200.0,True,True,blue,circle,0.10981501590875639,0.0018155579191477952,0.004547506280786887,True,0.984375,0.9870435806831566
A_151,high,151,0,8,after block 7,7,6.050721150650307,5.9430000000000005,2.653125,5.8732500000000005,0.9787985865724381,True,runs/pendulum/unified_mechanism_v2/paired_layer_control/large_seed3407/short_common_scan/A/videos/A_151/location_08.mp4,True,1.0,0,3.764354778680418,0.017560026516572874,2.4731546663670394,199.0,True,True,blue,circle,0.10862108926837956,0.002110945980710303,0.004293075081549603,True,0.984375,0.9811542991755005
A_151,high,151,0,9,after block 8,8,6.050721150650307,5.9430000000000005,2.653125,5.877125,0.9799764428739693,True,runs/pendulum/unified_mechanism_v2/paired_layer_control/large_seed3407/short_common_scan/A/videos/A_151/location_09.mp4,True,1.0,0,3.7616772241266974,0.017108936566300303,2.715263156880995,198.5,True,True,blue,circle,0.10844463206364542,0.002111172923513657,0.004409569583079754,True,0.984375,0.9799764428739693
A_151,high,151,0,10,after block 9,9,6.050721150650307,5.9430000000000005,2.653125,5.869375,0.9776207302709067,True,runs/pendulum/unified_mechanism_v2/paired_layer_control/large_seed3407/short_common_scan/A/videos/A_151/location_10.mp4,True,1.0,0,2.738490274475741,0.015900784389004496,2.7881283464381896,199.0,True,True,blue,circle,0.1060912765987519,0.0023963201847539005,0.0048289821111928265,True,0.984375,0.9764428739693756
A_151,high,151,0,11,after block 10,10,6.050721150650307,5.9430000000000005,2.653125,5.838375,0.9681978798586571,True,runs/pendulum/unified_mechanism_v2/paired_layer_control/large_seed3407/short_common_scan/A/videos/A_151/location_11.mp4,True,1.0,0,3.7346790369180733,0.017930803991806826,2.4083454412386343,196.0,True,True,blue,circle,0.1053205714247075,0.002488818611839054,0.004408366295925496,True,0.984375,0.9658421672555948
A_151,high,151,0,12,after block 11,11,6.050721150650307,5.9430000000000005,2.653125,5.788,0.9528857479387514,True,runs/pendulum/unified_mechanism_v2/paired_layer_control/large_seed3407/short_common_scan/A/videos/A_151/location_12.mp4,True,1.0,0,4.068900998683559,0.017981751559642517,2.3552692975108815,194.0,True,True,blue,circle,0.10243662066466167,0.002149514202770673,0.005051543649937463,True,0.984375,0.9540636042402826
A_151,high,151,0,13,after block 12,12,6.050721150650307,5.9430000000000005,2.653125,5.691125,0.9234393404004712,True,runs/pendulum/unified_mechanism_v2/paired_layer_control/large_seed3407/short_common_scan/A/videos/A_151/location_13.mp4,True,1.0,0,3.3160902318487544,0.01866329503123862,2.5600751233866754,189.0,True,True,blue,circle,0.08786409575813245,0.0006475500315298703,0.00577793048935216,False,0.828125,0.8975265017667844
A_151,high,151,0,14,after block 13,13,6.050721150650307,5.9430000000000005,2.653125,2.5175,-0.04122497055359249,False,runs/pendulum/unified_mechanism_v2/paired_layer_control/large_seed3407/short_common_scan/A/videos/A_151/location_14.mp4,True,1.0,0,1.1442832205362483,0.0009354170799616701,0.5448137685880826,162.5,True,True,red,circle,0.05479670690339795,-0.0050262763156915385,0.025667791570396965,False,0.4375,0.050647820965842104
A_151,high,151,0,15,after block 14,14,6.050721150650307,5.9430000000000005,2.653125,2.5795000000000003,-0.022379269729092998,False,runs/pendulum/unified_mechanism_v2/paired_layer_control/large_seed3407/short_common_scan/A/videos/A_151/location_15.mp4,True,1.0,0,1.0578488300159274,0.001094272713237504,0.1630953422335411,175.0,True,True,red,circle,0.10213533117727001,-0.007330819589077482,0.008211952841731004,True,1.0,-0.020023557126030662
A_151,high,151,0,16,after block 15,15,6.050721150650307,5.9430000000000005,2.653125,2.57175,-0.024734982332155465,False,runs/pendulum/unified_mechanism_v2/paired_layer_control/large_seed3407/short_common_scan/A/videos/A_151/location_16.mp4,True,1.0,0,0.9596810169639639,0.0010907806346817928,0.14096217989106546,177.0,True,True,red,circle,0.1037744727820631,-0.006411581799601818,0.008314171222644778,True,1.0,-0.02591283863368677
A_151,high,151,0,17,after block 16,16,6.050721150650307,5.9430000000000005,2.653125,2.564,-0.027090694935217936,False,runs/pendulum/unified_mechanism_v2/paired_layer_control/large_seed3407/short_common_scan/A/videos/A_151/location_17.mp4,True,1.0,0,0.8724917748739695,0.0009138163603241434,0.15987380458467337,178.0,True,True,red,circle,0.10639717708848495,-0.00482152579996558,0.00863988672139554,True,1.0,-0.028268551236749106
A_151,high,151,0,18,after block 17,17,6.050721150650307,5.9430000000000005,2.653125,2.564,-0.027090694935217936,False,runs/pendulum/unified_mechanism_v2/paired_layer_control/large_seed3407/short_common_scan/A/videos/A_151/location_18.mp4,True,1.0,0,0.9924278323774439,0.0010905855274622733,0.2173059072055691,179.0,True,True,red,circle,0.10792060857297775,-0.004664076977839084,0.01009385799397501,True,1.0,-0.028268551236749106
A_151,high,151,0,19,after block 18,18,6.050721150650307,5.9430000000000005,2.653125,2.57175,-0.024734982332155465,False,runs/pendulum/unified_mechanism_v2/paired_layer_control/large_seed3407/short_common_scan/A/videos/A_151/location_19.mp4,True,1.0,0,1.0063623716350647,0.0010706109707310507,0.22892187251170718,179.0,True,True,red,circle,0.10547546647083296,-0.005034776370827957,0.011055791691414464,True,1.0,-0.02591283863368677
A_151,high,151,0,20,after block 19,19,6.050721150650307,5.9430000000000005,2.653125,2.6260000000000003,-0.008244994110718443,False,runs/pendulum/unified_mechanism_v2/paired_layer_control/large_seed3407/short_common_scan/A/videos/A_151/location_20.mp4,True,1.0,0,0.8762688731440337,0.001066303827044035,0.6778679405261792,181.0,True,True,red,circle,0.10714699615583964,-0.004766286439751989,0.010069737999064483,True,1.0,-0.008244994110718443
A_151,high,151,0,21,after block 20,20,6.050721150650307,5.9430000000000005,2.653125,2.591125,-0.018845700824499493,False,runs/pendulum/unified_mechanism_v2/paired_layer_control/large_seed3407/short_common_scan/A/videos/A_151/location_21.mp4,True,1.0,0,0.9590445589737484,0.0009159165279168102,0.6778679405261792,181.0,True,True,red,circle,0.10434145689367305,-0.003458810677901169,0.009719185931507624,True,1.0,-0.018845700824499493
A_151,high,151,0,22,after block 21,21,6.050721150650307,5.9430000000000005,2.653125,2.637625,-0.004711425206124941,False,runs/pendulum/unified_mechanism_v2/paired_layer_control/large_seed3407/short_common_scan/A/videos/A_151/location_22.mp4,True,1.0,0,0.8789194173906373,0.0013428962728196103,0.9903004381240549,184.5,True,True,red,circle,0.11418203390067816,-0.0023074532993640285,0.008479293855265796,True,1.0,-0.004711425206124941
A_151,high,151,0,23,after block 22,22,6.050721150650307,5.9430000000000005,2.653125,2.6027500000000003,-0.01531213191990572,False,runs/pendulum/unified_mechanism_v2/paired_layer_control/large_seed3407/short_common_scan/A/videos/A_151/location_23.mp4,True,1.0,0,0.976899452434899,0.0013388352653627977,1.0435972894919727,186.0,True,True,red,circle,0.11432028303474581,-0.0016213142538121865,0.008186543070573558,True,1.0,-0.016489988221436887
A_151,high,151,0,24,after block 23,23,6.050721150650307,5.9430000000000005,2.653125,2.58725,-0.020023557126030662,False,runs/pendulum/unified_mechanism_v2/paired_layer_control/large_seed3407/short_common_scan/A/videos/A_151/location_24.mp4,True,1.0,0,0.900637970108291,0.001489594310974729,0.9903004381240549,186.0,True,True,red,circle,0.1137834317133921,-0.0018541136985247703,0.00813890583065661,True,1.0,-0.018845700824499493
A_151,high,151,0,25,after block 24,24,6.050721150650307,5.9430000000000005,2.653125,2.52525,-0.03886925795053002,False,runs/pendulum/unified_mechanism_v2/paired_layer_control/large_seed3407/short_common_scan/A/videos/A_151/location_25.mp4,True,1.0,0,0.9368003944975553,0.001444357231580956,0.7843930775353066,188.0,True,True,red,circle,0.11260551235720609,-0.0016497232350151012,0.0092891645615471,True,1.0,-0.03886925795053002
A_151,high,151,0,26,after block 25,25,6.050721150650307,5.9430000000000005,2.653125,2.583375,-0.02120141342756183,False,runs/pendulum/unified_mechanism_v2/paired_layer_control/large_seed3407/short_common_scan/A/videos/A_151/location_26.mp4,True,1.0,0,0.9221127540281658,0.001433411331628276,1.0119543638732758,189.0,True,True,red,circle,0.11543971145386206,-0.0024228379536122913,0.007912811108496303,True,1.0,-0.02120141342756183
A_151,high,151,0,27,after block 26,26,6.050721150650307,5.9430000000000005,2.653125,2.63375,-0.005889281507656109,False,runs/pendulum/unified_mechanism_v2/paired_layer_control/large_seed3407/short_common_scan/A/videos/A_151/location_27.mp4,True,1.0,0,0.8835027348904105,0.001318778399890752,1.1030707648035805,189.5,True,True,red,circle,0.1167732245173889,-0.002345811050816491,0.006055417762443884,True,1.0,-0.0070671378091872765
A_151,high,151,0,28,after block 27,27,6.050721150650307,5.9430000000000005,2.653125,2.637625,-0.004711425206124941,False,runs/pendulum/unified_mechanism_v2/paired_layer_control/large_seed3407/short_common_scan/A/videos/A_151/location_28.mp4,True,1.0,0,0.8895469099705046,0.0011406064558902584,1.1030707648035805,189.0,True,True,red,circle,0.11720467810072277,-0.0029512119754387073,0.0056779565122684235,True,1.0,-0.0035335689045936382
A_151,high,151,0,29,after block 28,28,6.050721150650307,5.9430000000000005,2.653125,2.6453750000000005,-0.0023557126030623356,False,runs/pendulum/unified_mechanism_v2/paired_layer_control/large_seed3407/short_common_scan/A/videos/A_151/location_29.mp4,True,1.0,0,0.8604715762538812,0.0011918013519784387,1.1140054023680181,188.0,True,True,red,circle,0.11779300591359522,-0.003145318764715995,0.005435594999071252,True,1.0,-0.0011778563015311678
A_151,high,151,0,30,after block 29,29,6.050721150650307,5.9430000000000005,2.653125,2.6492500000000003,-0.0011778563015311678,False,runs/pendulum/unified_mechanism_v2/paired_layer_control/large_seed3407/short_common_scan/A/videos/A_151/location_30.mp4,True,1.0,0,0.932054031177096,0.0011221890361559628,1.1030707648035805,188.0,True,True,red,circle,0.11760607086982135,-0.0034797166094539668,0.005311673860897979,True,1.0,0.0
A_157,high,157,0,0,embedding output,,6.055345579781005,5.900375,2.6492500000000003,5.8965000000000005,0.99880810488677,True,runs/pendulum/unified_mechanism_v2/paired_layer_control/large_seed3407/short_common_scan/A/videos/A_157/location_00.mp4,True,1.0,0,3.3465821625225285,0.016623973183893748,2.123179705080937,209.0,True,True,blue,circle,0.14550289319847592,-0.0002627154596527256,0.004103090170982487,True,1.0,0.99880810488677
A_157,high,157,0,1,after block 0,0,6.055345579781005,5.900375,2.6492500000000003,5.90425,1.00119189511323,True,runs/pendulum/unified_mechanism_v2/paired_layer_control/large_seed3407/short_common_scan/A/videos/A_157/location_01.mp4,True,1.0,0,3.5496441305107567,0.016619929099409292,2.124396154554883,209.0,True,True,blue,circle,0.14528705093360794,-0.00012353786669841324,0.004088084494775072,True,1.0,1.00119189511323
A_157,high,157,0,2,after block 1,1,6.055345579781005,5.900375,2.6492500000000003,5.900375,1.0,True,runs/pendulum/unified_mechanism_v2/paired_layer_control/large_seed3407/short_common_scan/A/videos/A_157/location_02.mp4,True,1.0,0,3.540409065436307,0.01666992677946516,2.1196273051091437,209.0,True,True,blue,circle,0.1452541706066806,-0.0002886861689662765,0.003967032409123938,True,1.0,1.0
A_157,high,157,0,3,after block 2,2,6.055345579781005,5.900375,2.6492500000000003,5.8965000000000005,0.99880810488677,True,runs/pendulum/unified_mechanism_v2/paired_layer_control/large_seed3407/short_common_scan/A/videos/A_157/location_03.mp4,True,1.0,0,3.271855033661669,0.0165752656517415,2.121645488236582,208.5,True,True,blue,circle,0.14542312387865655,-0.0003176943282882988,0.003961229065359019,True,1.0,0.99880810488677
A_157,high,157,0,4,after block 3,3,6.055345579781005,5.900375,2.6492500000000003,5.8965000000000005,0.99880810488677,True,runs/pendulum/unified_mechanism_v2/paired_layer_control/large_seed3407/short_common_scan/A/videos/A_157/location_04.mp4,True,1.0,0,3.3542965565658993,0.016670612943937235,2.094325828250262,209.0,True,True,blue,circle,0.14538376595326427,-0.0005145245634668432,0.003981408461436781,True,1.0,1.0
A_157,high,157,0,5,after block 4,4,6.055345579781005,5.900375,2.6492500000000003,5.8965000000000005,0.99880810488677,True,runs/pendulum/unified_mechanism_v2/paired_layer_control/large_seed3407/short_common_scan/A/videos/A_157/location_05.mp4,True,1.0,0,3.44681318339258,0.016587376050414188,2.121645488236582,208.0,True,True,blue,circle,0.1451247103431117,-0.0003174576408090381,0.0038357494786751575,True,1.0,1.0
A_157,high,157,0,6,after block 5,5,6.055345579781005,5.900375,2.6492500000000003,5.912,1.00357568533969,True,runs/pendulum/unified_mechanism_v2/paired_layer_control/large_seed3407/short_common_scan/A/videos/A_157/location_06.mp4,True,1.0,0,3.335421476750219,0.017531498417040464,2.190694001923668,203.5,True,True,blue,circle,0.14514018675212703,6.568336844576985e-05,0.004189412863134995,True,1.0,1.0071513706793802
A_157,high,157,0,7,after block 6,6,6.055345579781005,5.900375,2.6492500000000003,5.9197500000000005,1.0059594755661503,True,runs/pendulum/unified_mechanism_v2/paired_layer_control/large_seed3407/short_common_scan/A/videos/A_157/location_07.mp4,True,1.0,0,3.737376112104955,0.01700753911440503,2.190694001923668,203.0,True,True,blue,circle,0.14500665366113832,7.55152263743839e-05,0.004522904675185111,True,1.0,1.0071513706793802
A_157,high,157,0,8,after block 7,7,6.055345579781005,5.900375,2.6492500000000003,5.939125,1.0119189511323001,True,runs/pendulum/unified_mechanism_v2/paired_layer_control/large_seed3407/short_common_scan/A/videos/A_157/location_08.mp4,True,1.0,0,3.5605478578782845,0.016566402603858332,2.190694001923668,203.0,True,True,blue,circle,0.1438136350881826,-5.728059460945169e-05,0.00461190204454743,True,0.984375,1.0131108462455305
A_157,high,157,0,9,after block 8,8,6.055345579781005,5.900375,2.6492500000000003,5.939125,1.0119189511323001,True,runs/pendulum/unified_mechanism_v2/paired_layer_control/large_seed3407/short_common_scan/A/videos/A_157/location_09.mp4,True,1.0,0,3.662383294703209,0.016437848917374792,2.0909435672908474,202.0,True,True,blue,circle,0.14374804048741036,3.311296669723345e-05,0.004537312013067756,True,0.984375,1.0119189511323001
A_157,high,157,0,10,after block 9,9,6.055345579781005,5.900375,2.6492500000000003,5.923625,1.0071513706793802,True,runs/pendulum/unified_mechanism_v2/paired_layer_control/large_seed3407/short_common_scan/A/videos/A_157/location_10.mp4,True,1.0,0,2.805464914335012,0.01806443396004423,2.020709055673691,200.0,True,True,blue,circle,0.14063317117537902,-0.00014664148757161165,0.005478167974516668,True,0.984375,1.0083432657926101
A_157,high,157,0,11,after block 10,10,6.055345579781005,5.900375,2.6492500000000003,5.881,0.9940405244338498,True,runs/pendulum/unified_mechanism_v2/paired_layer_control/large_seed3407/short_common_scan/A/videos/A_157/location_11.mp4,True,1.0,0,3.6432599267461883,0.017931481338261918,2.1072423156817144,198.0,True,True,blue,circle,0.13979762291656925,-0.00013383112861363417,0.005824189768403404,True,0.984375,0.9952324195470797
A_157,high,157,0,12,after block 11,11,6.055345579781005,5.900375,2.6492500000000003,5.85775,0.9868891537544696,True,runs/pendulum/unified_mechanism_v2/paired_layer_control/large_seed3407/short_common_scan/A/videos/A_157/location_12.mp4,True,1.0,0,3.4517151999753772,0.017006298098038164,1.975161515083509,196.5,True,True,blue,circle,0.1382329000102914,-0.00040163324837534995,0.006259101179100553,True,0.984375,0.9892729439809296
A_157,high,157,0,13,after block 12,12,6.055345579781005,5.900375,2.6492500000000003,5.65625,0.9249106078665076,True,runs/pendulum/unified_mechanism_v2/paired_layer_control/large_seed3407/short_common_scan/A/videos/A_157/location_13.mp4,True,1.0,0,3.607357846256272,0.016850903176061527,1.369105435086538,193.0,True,True,blue,circle,0.12734656820206666,-0.0004941004102031842,0.00987399315236775,True,0.984375,0.9308700834326579
A_157,high,157,0,14,after block 13,13,6.055345579781005,5.900375,2.6492500000000003,5.62525,0.9153754469606674,False,runs/pendulum/unified_mechanism_v2/paired_layer_control/large_seed3407/short_common_scan/A/videos/A_157/location_14.mp4,True,1.0,0,12.063856782858277,0.04725049903390424,24.813694272613965,53.0,True,True,blue,circle,0.06377934373656585,-0.017359150837594466,0.018711144408476984,False,0.03125,nan
A_157,high,157,0,15,after block 14,14,6.055345579781005,5.900375,2.6492500000000003,3.06,0.1263408820023837,False,runs/pendulum/unified_mechanism_v2/paired_layer_control/large_seed3407/short_common_scan/A/videos/A_157/location_15.mp4,True,1.0,0,1.489526513576388,0.0010212962206717635,0.3058124444304298,173.5,True,True,red,circle,0.11281751458349745,-0.009883807381929255,0.012500439416237845,True,1.0,0.12872467222884382
A_157,high,157,0,16,after block 15,15,6.055345579781005,5.900375,2.6492500000000003,3.0135,0.11203814064362327,False,runs/pendulum/unified_mechanism_v2/paired_layer_control/large_seed3407/short_common_scan/A/videos/A_157/location_16.mp4,True,1.0,0,1.3534230215232963,0.0010918945495070609,0.3752224826495516,177.0,True,True,red,circle,0.11641558254572841,-0.005483926538743934,0.010640023548140514,True,1.0,0.1144219308700834
A_157,high,157,0,17,after block 16,16,6.055345579781005,5.900375,2.6492500000000003,3.025125,0.11561382598331339,False,runs/pendulum/unified_mechanism_v2/paired_layer_control/large_seed3407/short_common_scan/A/videos/A_157/location_17.mp4,True,1.0,0,1.1997558140396118,0.0009712593662299096,0.39574624252121515,178.5,True,True,red,circle,0.11590156141816331,-0.006115180219888982,0.011338213807627912,True,1.0,0.1144219308700834
A_157,high,157,0,18,after block 17,17,6.055345579781005,5.900375,2.6492500000000003,2.967,0.09773539928486286,False,runs/pendulum/unified_mechanism_v2/paired_layer_control/large_seed3407/short_common_scan/A/videos/A_157/location_18.mp4,True,1.0,0,1.2372910299935282,0.00116122853371875,0.3929243720327286,179.0,True,True,red,circle,0.12232605366688103,-0.0033990972760283428,0.008793356672438716,True,1.0,0.09654350417163286
A_157,high,157,0,19,after block 18,18,6.055345579781005,5.900375,2.6492500000000003,2.95925,0.09535160905840274,False,runs/pendulum/unified_mechanism_v2/paired_layer_control/large_seed3407/short_common_scan/A/videos/A_157/location_19.mp4,True,1.0,0,1.3570175638350845,0.0011233527222888062,0.43225049403738747,180.0,True,True,red,circle,0.1261830577258049,-0.003607233582441668,0.007569751501233401,True,1.0,0.09296781883194276
A_157,high,157,0,20,after block 19,19,6.055345579781005,5.900375,2.6492500000000003,2.9476250000000004,0.09177592371871277,False,runs/pendulum/unified_mechanism_v2/paired_layer_control/large_seed3407/short_common_scan/A/videos/A_157/location_20.mp4,True,1.0,0,1.11934479670517,0.000852895453599678,0.4392269180058304,180.0,True,True,red,circle,0.1337291576118227,-0.004877504382928357,0.005983430230872807,True,1.0,0.09177592371871277
A_157,high,157,0,21,after block 20,20,6.055345579781005,5.900375,2.6492500000000003,2.9282500000000002,0.08581644815256255,False,runs/pendulum/unified_mechanism_v2/paired_layer_control/large_seed3407/short_common_scan/A/videos/A_157/location_21.mp4,True,1.0,0,1.1602370990426958,0.0010675446415051582,0.42519462715357753,181.0,True,True,red,circle,0.13073583774303812,-0.003948299039829119,0.005486064937162328,True,1.0,0.08343265792610242
A_157,high,157,0,22,after block 21,21,6.055345579781005,5.900375,2.6492500000000003,2.6686250000000005,0.005959475566150223,False,runs/pendulum/unified_mechanism_v2/paired_layer_control/large_seed3407/short_common_scan/A/videos/A_157/location_22.mp4,True,1.0,0,1.215699536501311,0.0007298121940325364,0.3316083450126035,184.0,True,True,red,circle,0.16049735977021792,-0.0010979374351234217,0.004369454131015647,True,1.0,0.004767580452920096
A_157,high,157,0,23,after block 22,22,6.055345579781005,5.900375,2.6492500000000003,2.63375,-0.004767580452920233,False,runs/pendulum/unified_mechanism_v2/paired_layer_control/large_seed3407/short_common_scan/A/videos/A_157/location_23.mp4,True,1.0,0,1.3579207489526428,0.0009337104072129898,0.25493687473626553,185.5,True,True,red,circle,0.16497519483662232,-0.0009109426874227559,0.004982652567333564,True,1.0,-0.005959475566150223
A_157,high,157,0,24,after block 23,23,6.055345579781005,5.900375,2.6492500000000003,2.629875,-0.005959475566150223,False,runs/pendulum/unified_mechanism_v2/paired_layer_control/large_seed3407/short_common_scan/A/videos/A_157/location_24.mp4,True,1.0,0,1.312422170209264,0.0009693671273706406,0.23042343653604194,185.0,True,True,red,circle,0.16586468210993635,-0.0013910615968174697,0.005583456081825515,True,1.0,-0.005959475566150223
A_157,high,157,0,25,after block 24,24,6.055345579781005,5.900375,2.6492500000000003,2.61825,-0.009535160905840329,False,runs/pendulum/unified_mechanism_v2/paired_layer_control/large_seed3407/short_common_scan/A/videos/A_157/location_25.mp4,True,1.0,0,1.4783730785674927,0.0010604072858903524,0.2925621900196256,188.0,True,True,red,circle,0.16727163905619294,-0.0005649924796219946,0.006502391186993323,True,1.0,-0.009535160905840329
A_157,high,157,0,26,after block 25,25,6.055345579781005,5.900375,2.6492500000000003,2.614375,-0.010727056019070456,False,runs/pendulum/unified_mechanism_v2/paired_layer_control/large_seed3407/short_common_scan/A/videos/A_157/location_26.mp4,True,1.0,0,1.4710020345883543,0.001261147305915783,0.34371360251991956,188.0,True,True,red,circle,0.1703843080993107,-0.0009308592138072609,0.007229907104431593,True,1.0,-0.010727056019070456
A_157,high,157,0,27,after block 26,26,6.055345579781005,5.900375,2.6492500000000003,2.6221250000000005,-0.008343265792610202,False,runs/pendulum/unified_mechanism_v2/paired_layer_control/large_seed3407/short_common_scan/A/videos/A_157/location_27.mp4,True,1.0,0,1.4275908635946988,0.001200694406670172,0.2478629476136899,188.0,True,True,red,circle,0.17049864297908274,-0.0006817842636115904,0.006865853576135608,True,1.0,-0.008343265792610202
A_157,high,157,0,28,after block 27,27,6.055345579781005,5.900375,2.6492500000000003,2.637625,-0.003575685339690243,False,runs/pendulum/unified_mechanism_v2/paired_layer_control/large_seed3407/short_common_scan/A/videos/A_157/location_28.mp4,True,1.0,0,1.3301584766900751,0.0012118118490360152,0.25065655981955676,188.0,True,True,red,circle,0.1706132949132259,-0.0006107033656908301,0.0068981920703312305,True,1.0,-0.003575685339690243
A_157,high,157,0,29,after block 28,28,6.055345579781005,5.900375,2.6492500000000003,2.6415,-0.0023837902264601165,False,runs/pendulum/unified_mechanism_v2/paired_layer_control/large_seed3407/short_common_scan/A/videos/A_157/location_29.mp4,True,1.0,0,1.2860287331734592,0.0011251346133516194,0.21333452546318685,188.0,True,True,red,circle,0.17178932431172295,-0.0010147061667394976,0.0071603298723511575,True,1.0,-0.00119189511322999
A_157,high,157,0,30,after block 29,29,6.055345579781005,5.900375,2.6492500000000003,2.6453750000000005,-0.00119189511322999,False,runs/pendulum/unified_mechanism_v2/paired_layer_control/large_seed3407/short_common_scan/A/videos/A_157/location_30.mp4,True,1.0,0,1.4327690257517547,0.0012217052678500095,0.21333452546318685,188.0,True,True,red,circle,0.17217086128384798,-0.0014565508678783675,0.00705288223373376,True,1.0,0.0
A_158,high,158,0,0,embedding output,,5.895924767757135,6.140625,2.567875,6.140625,1.0,True,runs/pendulum/unified_mechanism_v2/paired_layer_control/large_seed3407/short_common_scan/A/videos/A_158/location_00.mp4,True,1.0,0,3.9063674536914554,0.01625608848131599,1.3926773449462473,208.5,True,True,blue,circle,0.1313458437530953,0.0030066590967746786,0.005417738109578312,True,1.0,0.9989154013015185
A_158,high,158,0,1,after block 0,0,5.895924767757135,6.140625,2.567875,6.1445,1.0010845986984815,True,runs/pendulum/unified_mechanism_v2/paired_layer_control/large_seed3407/short_common_scan/A/videos/A_158/location_01.mp4,True,1.0,0,4.0761142683336775,0.016064094382830935,1.3152268082161944,208.0,True,True,blue,circle,0.13153168932844103,0.003096629973768192,0.005427337347943816,True,1.0,1.0
A_158,high,158,0,2,after block 1,1,5.895924767757135,6.140625,2.567875,6.1445,1.0010845986984815,True,runs/pendulum/unified_mechanism_v2/paired_layer_control/large_seed3407/short_common_scan/A/videos/A_158/location_02.mp4,True,1.0,0,4.056003196964159,0.01693546665581433,1.1581153482029074,208.5,True,True,blue,circle,0.13161475857357802,0.0029916496234672608,0.005374569160885461,True,1.0,1.0
A_158,high,158,0,3,after block 2,2,5.895924767757135,6.140625,2.567875,6.140625,1.0,True,runs/pendulum/unified_mechanism_v2/paired_layer_control/large_seed3407/short_common_scan/A/videos/A_158/location_03.mp4,True,1.0,0,3.9715659299880524,0.016405691019977048,1.1753276607326129,208.5,True,True,blue,circle,0.13148841713846607,0.0029668678228167693,0.005445993475500909,True,1.0,0.9989154013015185
A_158,high,158,0,4,after block 3,3,5.895924767757135,6.140625,2.567875,6.140625,1.0,True,runs/pendulum/unified_mechanism_v2/paired_layer_control/large_seed3407/short_common_scan/A/videos/A_158/location_04.mp4,True,1.0,0,3.621926537229682,0.0163737538068906,1.2705573533608119,207.5,True,True,blue,circle,0.13158825142664043,0.002987215812510315,0.0054519035176584275,True,1.0,1.0
A_158,high,158,0,5,after block 4,4,5.895924767757135,6.140625,2.567875,6.140625,1.0,True,runs/pendulum/unified_mechanism_v2/paired_layer_control/large_seed3407/short_common_scan/A/videos/A_158/location_05.mp4,True,1.0,0,3.6558747914925815,0.016714954035471602,1.2313493034888372,208.0,True,True,blue,circle,0.13146715899997538,0.0030066111236635917,0.005473622300210424,True,1.0,1.0
A_158,high,158,0,6,after block 5,5,5.895924767757135,6.140625,2.567875,6.16775,1.0075921908893708,True,runs/pendulum/unified_mechanism_v2/paired_layer_control/large_seed3407/short_common_scan/A/videos/A_158/location_06.mp4,True,1.0,0,4.229101130950469,0.017261411660372483,1.5455568201268026,201.0,True,True,blue,circle,0.13159115813949204,0.0031649326849260066,0.007360821280882231,True,0.984375,1.0108459869848156
A_158,high,158,0,7,after block 6,6,5.895924767757135,6.140625,2.567875,6.1755,1.009761388286334,True,runs/pendulum/unified_mechanism_v2/paired_layer_control/large_seed3407/short_common_scan/A/videos/A_158/location_07.mp4,True,1.0,0,4.024690891265162,0.018049259571501663,1.5746654576524166,200.5,True,True,blue,circle,0.13089808185538232,0.003147637840779222,0.007511108309948236,True,0.984375,1.0130151843817787
A_158,high,158,0,8,after block 7,7,5.895924767757135,6.140625,2.567875,6.171625000000001,1.0086767895878526,True,runs/pendulum/unified_mechanism_v2/paired_layer_control/large_seed3407/short_common_scan/A/videos/A_158/location_08.mp4,True,1.0,0,3.619449632690074,0.017075030880352032,1.5746654576524166,200.0,True,True,blue,circle,0.1297902408560586,0.0031051961093658425,0.007922431093264725,True,0.984375,1.0108459869848156
A_158,high,158,0,9,after block 8,8,5.895924767757135,6.140625,2.567875,6.1755,1.009761388286334,True,runs/pendulum/unified_mechanism_v2/paired_layer_control/large_seed3407/short_common_scan/A/videos/A_158/location_09.mp4,True,1.0,0,3.552464753311666,0.01749007509038014,1.493221295401907,200.0,True,True,blue,circle,0.1297810817203009,0.003287267703835234,0.0080734103077204,True,0.984375,1.0119305856832972
A_158,high,158,0,10,after block 9,9,5.895924767757135,6.140625,2.567875,6.179375,1.0108459869848156,True,runs/pendulum/unified_mechanism_v2/paired_layer_control/large_seed3407/short_common_scan/A/videos/A_158/location_10.mp4,True,1.0,0,3.9174550164812425,0.016732636773604453,1.493221295401907,200.0,True,True,blue,circle,0.12676583181023215,0.004289432785655313,0.009391816843979182,True,0.984375,1.0130151843817787
A_158,high,158,0,11,after block 10,10,5.895924767757135,6.140625,2.567875,6.16,1.005422993492408,True,runs/pendulum/unified_mechanism_v2/paired_layer_control/large_seed3407/short_common_scan/A/videos/A_158/location_11.mp4,True,1.0,0,4.191456853557414,0.01678296837704793,1.403597632345138,198.5,True,True,blue,circle,0.1265217317786914,0.0041242974825497205,0.009687940013356138,True,0.984375,1.0075921908893708
A_158,high,158,0,12,after block 11,11,5.895924767757135,6.140625,2.567875,6.1755,1.009761388286334,True,runs/pendulum/unified_mechanism_v2/paired_layer_control/large_seed3407/short_common_scan/A/videos/A_158/location_12.mp4,True,1.0,0,4.031645558596894,0.017446035937309146,1.2507767046519962,197.5,True,True,blue,circle,0.12408631781942862,0.003933437980751587,0.01060991991517142,True,0.984375,1.0140997830802603
A_158,high,158,0,13,after block 12,12,5.895924767757135,6.140625,2.567875,6.19875,1.0162689804772236,True,runs/pendulum/unified_mechanism_v2/paired_layer_control/large_seed3407/short_common_scan/A/videos/A_158/location_13.mp4,True,1.0,0,3.122208277924043,0.01842361353669425,0.784218943085303,194.0,True,True,blue,circle,0.11310090536444527,0.00429049441171793,0.012378510744558268,True,0.984375,1.027114967462039
A_158,high,158,0,14,after block 13,13,5.895924767757135,6.140625,2.567875,5.9275,0.9403470715835142,False,runs/pendulum/unified_mechanism_v2/paired_layer_control/large_seed3407/short_common_scan/A/videos/A_158/location_14.mp4,True,1.0,0,1.2457848933760314,0.0009734452670457638,0.5055456799001555,154.5,True,True,red,circle,0.07038060390140871,0.0005920662657755059,0.02165718755034375,False,0.046875,nan
A_158,high,158,0,15,after block 14,14,5.895924767757135,6.140625,2.567875,2.9515000000000002,0.10737527114967471,False,runs/pendulum/unified_mechanism_v2/paired_layer_control/large_seed3407/short_common_scan/A/videos/A_158/location_15.mp4,True,1.0,0,1.0601072842354466,0.0008677887575348764,0.26579714329630183,174.0,True,True,red,circle,0.11371905108988198,-0.002171538243638923,0.007490706587538333,True,1.0,0.10954446854663775
A_158,high,158,0,16,after block 15,15,5.895924767757135,6.140625,2.567875,2.85075,0.07917570498915406,False,runs/pendulum/unified_mechanism_v2/paired_layer_control/large_seed3407/short_common_scan/A/videos/A_158/location_16.mp4,True,1.0,0,1.0961196475828625,0.0010582598721290137,0.3283849801213283,177.0,True,True,red,circle,0.12099821508569979,0.00042792236796342087,0.00652623459557788,True,1.0,0.08134490238611723
A_158,high,158,0,17,after block 16,16,5.895924767757135,6.140625,2.567875,2.7965,0.06399132321041216,False,runs/pendulum/unified_mechanism_v2/paired_layer_control/large_seed3407/short_common_scan/A/videos/A_158/location_17.mp4,True,1.0,0,1.1765507888904072,0.000978239462323477,0.4294581372257576,181.0,True,True,red,circle,0.12204996525775536,0.000962100385172662,0.0059729352447261816,True,1.0,0.06399132321041216
A_158,high,158,0,18,after block 17,17,5.895924767757135,6.140625,2.567875,2.7151250000000005,0.0412147505422995,False,runs/pendulum/unified_mechanism_v2/paired_layer_control/large_seed3407/short_common_scan/A/videos/A_158/location_18.mp4,True,1.0,0,1.1465187261178067,0.0008204460280162307,0.2354686261123375,181.0,True,True,red,circle,0.13385660379520894,0.002071086933673237,0.005181860568736312,True,1.0,0.04013015184381786
A_158,high,158,0,19,after block 18,18,5.895924767757135,6.140625,2.567875,2.7190000000000003,0.04229934924078102,False,runs/pendulum/unified_mechanism_v2/paired_layer_control/large_seed3407/short_common_scan/A/videos/A_158/location_19.mp4,True,1.0,0,1.2050053875107307,0.0012563294740432218,0.22488457415207236,181.0,True,True,red,circle,0.13824505426791056,0.0018203225596041402,0.004798924660213319,True,1.0,0.04338394793926254
A_158,high,158,0,20,after block 19,19,5.895924767757135,6.140625,2.567875,2.6918750000000005,0.03470715835141013,False,runs/pendulum/unified_mechanism_v2/paired_layer_control/large_seed3407/short_common_scan/A/videos/A_158/location_20.mp4,True,1.0,0,1.3007269112119932,0.0009709376747336351,0.18140093823407302,183.0,True,True,red,circle,0.15214853976676368,0.0024962368572591927,0.00442938670626582,True,1.0,0.035791757049891654
A_158,high,158,0,21,after block 20,20,5.895924767757135,6.140625,2.567875,2.6686250000000005,0.028199566160520762,False,runs/pendulum/unified_mechanism_v2/paired_layer_control/large_seed3407/short_common_scan/A/videos/A_158/location_21.mp4,True,1.0,0,1.1705647297570316,0.001049618220922699,0.24667531453413652,183.5,True,True,red,circle,0.14992631137997084,0.0029710824112642174,0.0046043329793781845,True,1.0,0.028199566160520762
A_158,high,158,0,22,after block 21,21,5.895924767757135,6.140625,2.567875,2.5756250000000005,0.0021691973969632885,False,runs/pendulum/unified_mechanism_v2/paired_layer_control/large_seed3407/short_common_scan/A/videos/A_158/location_22.mp4,True,1.0,0,1.3359692772080751,0.0009042595759630734,0.3933900633166371,187.0,True,True,red,circle,0.16598103856565372,0.0038696344926868803,0.006053708977102453,True,1.0,0.0032537960954448085
A_158,high,158,0,23,after block 22,22,5.895924767757135,6.140625,2.567875,2.564,-0.00108459869848152,False,runs/pendulum/unified_mechanism_v2/paired_layer_control/large_seed3407/short_common_scan/A/videos/A_158/location_23.mp4,True,1.0,0,1.2384587718781903,0.001028616379026931,0.28674344129393114,188.0,True,True,red,circle,0.16690201928186113,0.003789819211267725,0.005992853415685211,True,1.0,-0.00216919739696304
A_158,high,158,0,24,after block 23,23,5.895924767757135,6.140625,2.567875,2.560125,-0.00216919739696304,False,runs/pendulum/unified_mechanism_v2/paired_layer_control/large_seed3407/short_common_scan/A/videos/A_158/location_24.mp4,True,1.0,0,1.2501787065180532,0.0009752442159556562,0.3965999050201314,187.5,True,True,red,circle,0.1677935059302456,0.003338482230182764,0.006216984168404301,True,1.0,-0.00216919739696304
A_158,high,158,0,25,after block 24,24,5.895924767757135,6.140625,2.567875,2.5485,-0.005422993492407724,False,runs/pendulum/unified_mechanism_v2/paired_layer_control/large_seed3407/short_common_scan/A/videos/A_158/location_25.mp4,True,1.0,0,1.3068738402112066,0.0009445393129220714,0.35602074856934546,189.0,True,True,red,circle,0.16742710346310463,0.0043596714572307375,0.006250822979949865,True,1.0,-0.006507592190889369
A_158,high,158,0,26,after block 25,25,5.895924767757135,6.140625,2.567875,2.560125,-0.00216919739696304,False,runs/pendulum/unified_mechanism_v2/paired_layer_control/large_seed3407/short_common_scan/A/videos/A_158/location_26.mp4,True,1.0,0,1.2709990453560627,0.0010669536049305317,0.3956920429022318,189.0,True,True,red,circle,0.17014743718070255,0.0036189052757850224,0.006450003567369754,True,1.0,-0.00325379609544456
A_158,high,158,0,27,after block 26,26,5.895924767757135,6.140625,2.567875,2.567875,0.0,False,runs/pendulum/unified_mechanism_v2/paired_layer_control/large_seed3407/short_common_scan/A/videos/A_158/location_27.mp4,True,1.0,0,1.2955078730353964,0.0010556365158807535,0.1650513217817142,189.5,True,True,red,circle,0.1707529936096437,0.00368760568893186,0.006077735384710944,True,1.0,-0.00108459869848152
A_158,high,158,0,28,after block 27,27,5.895924767757135,6.140625,2.567875,2.567875,0.0,False,runs/pendulum/unified_mechanism_v2/paired_layer_control/large_seed3407/short_common_scan/A/videos/A_158/location_28.mp4,True,1.0,0,1.2592214646397069,0.0013033284981067428,0.16326741580359266,191.0,True,True,red,circle,0.17174876908065323,0.003440953765951912,0.006154516989373477,True,1.0,-0.00216919739696304
A_158,high,158,0,29,after block 28,28,5.895924767757135,6.140625,2.567875,2.567875,0.0,False,runs/pendulum/unified_mechanism_v2/paired_layer_control/large_seed3407/short_common_scan/A/videos/A_158/location_29.mp4,True,1.0,0,1.3416204966764385,0.0012877684542011991,0.16326741580359266,190.0,True,True,red,circle,0.17266178967016166,0.0027294727622265845,0.006464419620100318,True,1.0,-0.00108459869848152
A_158,high,158,0,30,after block 29,29,5.895924767757135,6.140625,2.567875,2.567875,0.0,False,runs/pendulum/unified_mechanism_v2/paired_layer_control/large_seed3407/short_common_scan/A/videos/A_158/location_30.mp4,True,1.0,0,1.311997085925802,0.001234864724024537,0.16326741580359266,190.0,True,True,red,circle,0.17319806686832695,0.0026050422789367905,0.0063347285102852684,True,1.0,0.0
A_169,high,169,0,0,embedding output,,6.019717268106065,5.8500000000000005,2.8817500000000003,5.8500000000000005,1.0,True,runs/pendulum/unified_mechanism_v2/paired_layer_control/large_seed3407/short_common_scan/A/videos/A_169/location_00.mp4,True,1.0,0,3.3923054828838026,0.015962950470466697,1.8787622588121,208.0,True,True,blue,circle,0.15140050836266902,3.4124531624015244e-05,0.007826635057305147,True,1.0,1.0013054830287205
A_169,high,169,0,1,after block 0,0,6.019717268106065,5.8500000000000005,2.8817500000000003,5.85775,1.0026109660574412,True,runs/pendulum/unified_mechanism_v2/paired_layer_control/large_seed3407/short_common_scan/A/videos/A_169/location_01.mp4,True,1.0,0,3.247186195199202,0.01575719203944939,2.0028531028656307,209.0,True,True,blue,circle,0.15117275837376412,0.0002014256547564313,0.007931320888999074,True,1.0,1.0026109660574412
A_169,high,169,0,2,after block 1,1,6.019717268106065,5.8500000000000005,2.8817500000000003,5.853875,1.0013054830287205,True,runs/pendulum/unified_mechanism_v2/paired_layer_control/large_seed3407/short_common_scan/A/videos/A_169/location_02.mp4,True,1.0,0,3.3795821943621567,0.016781096656712624,1.8116779420035065,208.0,True,True,blue,circle,0.15120134506094704,0.00011377854518031533,0.007900213496756328,True,1.0,1.0013054830287205
A_169,high,169,0,3,after block 2,2,6.019717268106065,5.8500000000000005,2.8817500000000003,5.853875,1.0013054830287205,True,runs/pendulum/unified_mechanism_v2/paired_layer_control/large_seed3407/short_common_scan/A/videos/A_169/location_03.mp4,True,1.0,0,3.26544981976854,0.017023827241344547,2.179600036048435,207.5,True,True,blue,circle,0.15143818714977533,6.999525643313476e-05,0.007892624943469252,True,1.0,1.0026109660574412
A_169,high,169,0,4,after block 3,3,6.019717268106065,5.8500000000000005,2.8817500000000003,5.85775,1.0026109660574412,True,runs/pendulum/unified_mechanism_v2/paired_layer_control/large_seed3407/short_common_scan/A/videos/A_169/location_04.mp4,True,1.0,0,3.3295049129099015,0.016173795681555636,1.7705221054604583,209.0,True,True,blue,circle,0.15126107399468627,6.039039199572859e-05,0.007700256991980351,True,1.0,1.0026109660574412
A_169,high,169,0,5,after block 4,4,6.019717268106065,5.8500000000000005,2.8817500000000003,5.853875,1.0013054830287205,True,runs/pendulum/unified_mechanism_v2/paired_layer_control/large_seed3407/short_common_scan/A/videos/A_169/location_05.mp4,True,1.0,0,3.427677283275501,0.015962950470466697,1.907186913337988,207.0,True,True,blue,circle,0.15139999858607234,7.514697340424447e-05,0.007853430950781993,True,1.0,1.0013054830287205
A_169,high,169,0,6,after block 5,5,6.019717268106065,5.8500000000000005,2.8817500000000003,5.7802500000000006,0.9765013054830287,True,runs/pendulum/unified_mechanism_v2/paired_layer_control/large_seed3407/short_common_scan/A/videos/A_169/location_06.mp4,True,1.0,0,3.378236463895033,0.017384276539071486,2.2080803790690924,201.5,True,True,blue,circle,0.1515986259221426,0.0006532423888161897,0.007610295397631332,True,0.984375,0.9778067885117493
A_169,high,169,0,7,after block 6,6,6.019717268106065,5.8500000000000005,2.8817500000000003,5.776375,0.9751958224543078,True,runs/pendulum/unified_mechanism_v2/paired_layer_control/large_seed3407/short_common_scan/A/videos/A_169/location_07.mp4,True,1.0,0,3.1860589937772033,0.0170523995823616,2.229403940794506,202.0,True,True,blue,circle,0.1518524077242614,0.00026370808522552816,0.0074442153680981515,True,0.984375,0.9778067885117493
A_169,high,169,0,8,after block 7,7,6.019717268106065,5.8500000000000005,2.8817500000000003,5.768625,0.9725848563968666,True,runs/pendulum/unified_mechanism_v2/paired_layer_control/large_seed3407/short_common_scan/A/videos/A_169/location_08.mp4,True,1.0,0,4.01260941932333,0.017167439320889433,2.0821232253844877,201.0,True,True,blue,circle,0.15131020168932546,0.0005489123070032196,0.00792973162666981,True,0.984375,0.9738903394255872
A_169,high,169,0,9,after block 8,8,6.019717268106065,5.8500000000000005,2.8817500000000003,5.768625,0.9725848563968666,True,runs/pendulum/unified_mechanism_v2/paired_layer_control/large_seed3407/short_common_scan/A/videos/A_169/location_09.mp4,True,1.0,0,4.049606044378467,0.017531675580730044,2.1678654339789705,202.0,True,True,blue,circle,0.15118416000321774,0.00038578623314599594,0.008085793829809833,True,0.984375,0.9751958224543078
A_169,high,169,0,10,after block 9,9,6.019717268106065,5.8500000000000005,2.8817500000000003,5.7415,0.9634464751958224,True,runs/pendulum/unified_mechanism_v2/paired_layer_control/large_seed3407/short_common_scan/A/videos/A_169/location_10.mp4,True,1.0,0,3.278569166545608,0.016851242424042623,2.0013822321911885,199.5,True,True,blue,circle,0.14891175702853035,0.0005432124789921277,0.007371860433974118,True,0.984375,0.9621409921671018
A_169,high,169,0,11,after block 10,10,6.019717268106065,5.8500000000000005,2.8817500000000003,5.729875,0.9595300261096603,True,runs/pendulum/unified_mechanism_v2/paired_layer_control/large_seed3407/short_common_scan/A/videos/A_169/location_11.mp4,True,1.0,0,3.7238415523321504,0.01598119971103787,1.784473876162912,196.5,True,True,blue,circle,0.1488646975793881,0.00029118031094938255,0.008058159060171575,True,0.984375,0.9595300261096603
A_169,high,169,0,12,after block 11,11,6.019717268106065,5.8500000000000005,2.8817500000000003,5.706625,0.9516971279373366,True,runs/pendulum/unified_mechanism_v2/paired_layer_control/large_seed3407/short_common_scan/A/videos/A_169/location_12.mp4,True,1.0,0,4.496157212538295,0.015359256126413506,2.025107286698871,196.5,True,True,blue,circle,0.14746266106419645,0.0002987381694943808,0.008740745597561305,True,0.984375,0.950391644908616
A_169,high,169,0,13,after block 12,12,6.019717268106065,5.8500000000000005,2.8817500000000003,5.733750000000001,0.9608355091383812,True,runs/pendulum/unified_mechanism_v2/paired_layer_control/large_seed3407/short_common_scan/A/videos/A_169/location_13.mp4,True,1.0,0,3.240422674011455,0.016118537549597994,2.2922116331859117,193.0,True,True,blue,circle,0.13678885923752837,0.0003236127164733392,0.012351038752238263,True,0.984375,0.9595300261096603
A_169,high,169,0,14,after block 13,13,6.019717268106065,5.8500000000000005,2.8817500000000003,5.5555,0.9007832898172323,False,runs/pendulum/unified_mechanism_v2/paired_layer_control/large_seed3407/short_common_scan/A/videos/A_169/location_14.mp4,True,1.0,0,12.054068144232165,0.04887659636626268,22.28335535497964,66.5,True,True,blue,circle,0.08961942622384485,-0.01924018170924238,0.03438847829492924,False,0.015625,nan
A_169,high,169,0,15,after block 14,14,6.019717268106065,5.8500000000000005,2.8817500000000003,3.0173750000000004,0.045691906005221966,False,runs/pendulum/unified_mechanism_v2/paired_layer_control/large_seed3407/short_common_scan/A/videos/A_169/location_15.mp4,True,1.0,0,1.3044996220083582,0.0011329957317447736,0.4400083169304663,174.5,True,True,red,circle,0.1439771463753415,-0.0057770121812141155,0.008991934268557678,True,1.0,0.048302872062663114
A_169,high,169,0,16,after block 15,15,6.019717268106065,5.8500000000000005,2.8817500000000003,3.0135,0.044386422976501236,False,runs/pendulum/unified_mechanism_v2/paired_layer_control/large_seed3407/short_common_scan/A/videos/A_169/location_16.mp4,True,1.0,0,1.1509711959373932,0.0010753525446284828,0.4752036321839407,177.5,True,True,red,circle,0.1441059922817879,-0.0035967364941177373,0.008827826721067725,True,1.0,0.044386422976501236
A_169,high,169,0,17,after block 16,16,6.019717268106065,5.8500000000000005,2.8817500000000003,2.9863750000000002,0.03524804177545691,False,runs/pendulum/unified_mechanism_v2/paired_layer_control/large_seed3407/short_common_scan/A/videos/A_169/location_17.mp4,True,1.0,0,1.1230611527888752,0.0008561079013320594,0.5972798225848289,179.5,True,True,red,circle,0.14207306079930893,-0.002748502910959602,0.008351658517685408,True,1.0,0.03394255874673618
A_169,high,169,0,18,after block 17,17,6.019717268106065,5.8500000000000005,2.8817500000000003,3.00575,0.041775456919059935,False,runs/pendulum/unified_mechanism_v2/paired_layer_control/large_seed3407/short_common_scan/A/videos/A_169/location_18.mp4,True,1.0,0,1.3464426030081784,0.0008954454411601309,0.4400083169304663,180.0,True,True,red,circle,0.14333643318830502,-0.0010693571869760633,0.007868493420676912,True,1.0,0.041775456919059935
A_169,high,169,0,19,after block 18,18,6.019717268106065,5.8500000000000005,2.8817500000000003,3.02125,0.04699738903394254,False,runs/pendulum/unified_mechanism_v2/paired_layer_control/large_seed3407/short_common_scan/A/videos/A_169/location_19.mp4,True,1.0,0,1.3137474665640825,0.0008873348014027393,0.39875423273414945,181.0,True,True,red,circle,0.1443295315226659,-0.001071130585855459,0.008235205514383915,True,1.0,0.048302872062663114
A_169,high,169,0,20,after block 19,19,6.019717268106065,5.8500000000000005,2.8817500000000003,3.0406250000000004,0.05352480417754572,False,runs/pendulum/unified_mechanism_v2/paired_layer_control/large_seed3407/short_common_scan/A/videos/A_169/location_20.mp4,True,1.0,0,1.6115586776787403,0.0011099386885032592,0.3613462897810904,182.0,True,True,red,circle,0.15199139394211356,-0.0009924178228791292,0.007742840130665792,True,1.0,0.054830287206266294
A_169,high,169,0,21,after block 20,20,6.019717268106065,5.8500000000000005,2.8817500000000003,3.009625,0.043080939947780665,False,runs/pendulum/unified_mechanism_v2/paired_layer_control/large_seed3407/short_common_scan/A/videos/A_169/location_21.mp4,True,1.0,0,1.5369789584720057,0.000987504423117791,0.40057423861191815,182.0,True,True,red,circle,0.14913548549229583,-0.0004246335496193836,0.007522514623766257,True,1.0,0.045691906005221966
A_169,high,169,0,22,after block 21,21,6.019717268106065,5.8500000000000005,2.8817500000000003,2.908875,0.009138381201044333,False,runs/pendulum/unified_mechanism_v2/paired_layer_control/large_seed3407/short_common_scan/A/videos/A_169/location_22.mp4,True,1.0,0,1.6800622360130444,0.0006554945254548528,0.20672595031047147,185.0,True,True,red,circle,0.16792686089059705,0.0046843733952342806,0.007413483648224987,True,1.0,0.009138381201044333
A_169,high,169,0,23,after block 22,22,6.019717268106065,5.8500000000000005,2.8817500000000003,2.885625,0.0013054830287205763,False,runs/pendulum/unified_mechanism_v2/paired_layer_control/large_seed3407/short_common_scan/A/videos/A_169/location_23.mp4,True,1.0,0,1.664451968116391,0.0008870507321423193,0.30020496297260246,186.0,True,True,red,circle,0.16934621532017527,0.00446654412755497,0.006997036819398164,True,1.0,0.0013054830287205763
A_169,high,169,0,24,after block 23,23,6.019717268106065,5.8500000000000005,2.8817500000000003,2.8817500000000003,0.0,False,runs/pendulum/unified_mechanism_v2/paired_layer_control/large_seed3407/short_common_scan/A/videos/A_169/location_24.mp4,True,1.0,0,1.5398611036795453,0.0008304089602183817,0.2773939714745371,186.5,True,True,red,circle,0.16993031705656897,0.0037578557719194277,0.007082134080108832,True,1.0,0.0
A_169,high,169,0,25,after block 24,24,6.019717268106065,5.8500000000000005,2.8817500000000003,2.874,-0.0026109660574413023,False,runs/pendulum/unified_mechanism_v2/paired_layer_control/large_seed3407/short_common_scan/A/videos/A_169/location_25.mp4,True,1.0,0,1.5325256083026022,0.0007627771104687375,0.23755947257107926,188.0,True,True,red,circle,0.16968888918675604,0.004556655822337724,0.007272071816231286,True,1.0,-0.003916449086161879
A_169,high,169,0,26,after block 25,25,6.019717268106065,5.8500000000000005,2.8817500000000003,2.8701250000000003,-0.003916449086161879,False,runs/pendulum/unified_mechanism_v2/paired_layer_control/large_seed3407/short_common_scan/A/videos/A_169/location_26.mp4,True,1.0,0,1.5168974198584242,0.0009416361889211244,0.2448494808475635,187.5,True,True,red,circle,0.17307653376994944,0.0034540290448999114,0.007443715526890642,True,1.0,-0.005221932114882605
A_169,high,169,0,27,after block 26,26,6.019717268106065,5.8500000000000005,2.8817500000000003,2.8778750000000004,-0.0013054830287205763,False,runs/pendulum/unified_mechanism_v2/paired_layer_control/large_seed3407/short_common_scan/A/videos/A_169/location_27.mp4,True,1.0,0,1.4732675597820648,0.000988711372296447,0.4426821469461958,188.0,True,True,red,circle,0.17299258596945447,0.0035916215226118203,0.00707506451833205,True,1.0,-0.0026109660574413023
A_169,high,169,0,28,after block 27,27,6.019717268106065,5.8500000000000005,2.8817500000000003,2.8778750000000004,-0.0013054830287205763,False,runs/pendulum/unified_mechanism_v2/paired_layer_control/large_seed3407/short_common_scan/A/videos/A_169/location_28.mp4,True,1.0,0,1.558470953499095,0.0009586118474092797,0.5047934722548828,189.0,True,True,red,circle,0.17302049067371353,0.0029000576096463162,0.006968267270201902,True,1.0,-0.0013054830287205763
A_169,high,169,0,29,after block 28,28,6.019717268106065,5.8500000000000005,2.8817500000000003,2.8817500000000003,0.0,False,runs/pendulum/unified_mechanism_v2/paired_layer_control/large_seed3407/short_common_scan/A/videos/A_169/location_29.mp4,True,1.0,0,1.540295899193821,0.0009198094270651547,0.43186916539898235,189.0,True,True,red,circle,0.17429974144856497,0.002642298950885338,0.007140507768917528,True,1.0,0.0
A_169,high,169,0,30,after block 29,29,6.019717268106065,5.8500000000000005,2.8817500000000003,2.8817500000000003,0.0,False,runs/pendulum/unified_mechanism_v2/paired_layer_control/large_seed3407/short_common_scan/A/videos/A_169/location_30.mp4,True,1.0,0,1.5875035932006016,0.0008655066421246194,0.43186916539898235,189.5,True,True,red,circle,0.17415052233137882,0.001850334623233553,0.007123514749612216,True,1.0,0.0
A_172,high,172,0,0,embedding output,,6.149452083529531,5.9895000000000005,2.8468750000000003,5.977875,0.9963008631319358,True,runs/pendulum/unified_mechanism_v2/paired_layer_control/large_seed3407/short_common_scan/A/videos/A_172/location_00.mp4,True,1.0,0,3.771806914322719,0.017005526767885387,5.576208322353003,207.0,True,True,blue,circle,0.15246120692438164,0.0038859844868990327,0.00727967402610468,True,1.0,0.9901356350184956
A_172,high,172,0,1,after block 0,0,6.149452083529531,5.9895000000000005,2.8468750000000003,5.977875,0.9963008631319358,True,runs/pendulum/unified_mechanism_v2/paired_layer_control/large_seed3407/short_common_scan/A/videos/A_172/location_01.mp4,True,1.0,0,3.6684436726564007,0.015707206259541612,5.542557017059515,207.0,True,True,blue,circle,0.15252561446131768,0.003878893025880418,0.007080969270845286,True,1.0,0.9901356350184956
A_172,high,172,0,2,after block 1,1,6.149452083529531,5.9895000000000005,2.8468750000000003,5.970125,0.9938347718865598,True,runs/pendulum/unified_mechanism_v2/paired_layer_control/large_seed3407/short_common_scan/A/videos/A_172/location_02.mp4,True,1.0,0,3.705442548045979,0.017150125214706047,5.596639306200508,207.5,True,True,blue,circle,0.1524348966477226,0.003863059446591131,0.006990689866711294,True,1.0,0.9889025893958076
A_172,high,172,0,3,after block 2,2,6.149452083529531,5.9895000000000005,2.8468750000000003,5.970125,0.9938347718865598,True,runs/pendulum/unified_mechanism_v2/paired_layer_control/large_seed3407/short_common_scan/A/videos/A_172/location_03.mp4,True,1.0,0,3.6872924944979393,0.016924995770202234,5.783980903081784,207.0,True,True,blue,circle,0.15252667995464447,0.003901613760463986,0.00707266365847031,True,1.0,0.9876695437731196
A_172,high,172,0,4,after block 3,3,6.149452083529531,5.9895000000000005,2.8468750000000003,5.970125,0.9938347718865598,True,runs/pendulum/unified_mechanism_v2/paired_layer_control/large_seed3407/short_common_scan/A/videos/A_172/location_04.mp4,True,1.0,0,3.5053775684288033,0.0170708142513204,5.614483842312921,207.0,True,True,blue,circle,0.15248949900433997,0.003931816896246584,0.006924596373984672,True,1.0,0.9876695437731196
A_172,high,172,0,5,after block 4,4,6.149452083529531,5.9895000000000005,2.8468750000000003,5.970125,0.9938347718865598,True,runs/pendulum/unified_mechanism_v2/paired_layer_control/large_seed3407/short_common_scan/A/videos/A_172/location_05.mp4,True,1.0,0,3.705442548045979,0.01779102719229539,5.7229466101245,206.5,True,True,blue,circle,0.15248863359987,0.003946680759575295,0.006982457059782632,True,1.0,0.9876695437731196
A_172,high,172,0,6,after block 5,5,6.149452083529531,5.9895000000000005,2.8468750000000003,5.776375,0.9321824907521576,True,runs/pendulum/unified_mechanism_v2/paired_layer_control/large_seed3407/short_common_scan/A/videos/A_172/location_06.mp4,True,1.0,0,3.540383010780355,0.01639133276237148,5.080485053946576,201.0,True,True,blue,circle,0.15625482455758724,0.003057471278268171,0.005442156549976807,True,0.984375,0.9334155363748459
A_172,high,172,0,7,after block 6,6,6.149452083529531,5.9895000000000005,2.8468750000000003,5.7802500000000006,0.9334155363748459,True,runs/pendulum/unified_mechanism_v2/paired_layer_control/large_seed3407/short_common_scan/A/videos/A_172/location_07.mp4,True,1.0,0,3.8546720025718963,0.016599821835881212,5.2387567371191865,200.0,True,True,blue,circle,0.15603918201231992,0.003153669761382596,0.00547391157970373,True,0.984375,0.9358816276202219
A_172,high,172,0,8,after block 7,7,6.149452083529531,5.9895000000000005,2.8468750000000003,5.737625,0.9198520345252774,True,runs/pendulum/unified_mechanism_v2/paired_layer_control/large_seed3407/short_common_scan/A/videos/A_172/location_08.mp4,True,1.0,0,4.044300587731379,0.017086660724771385,5.003768945882509,198.5,True,True,blue,circle,0.155685712245157,0.003292891483487002,0.005966820234707579,True,0.984375,0.9223181257706534
A_172,high,172,0,9,after block 8,8,6.149452083529531,5.9895000000000005,2.8468750000000003,5.733750000000001,0.9186189889025894,True,runs/pendulum/unified_mechanism_v2/paired_layer_control/large_seed3407/short_common_scan/A/videos/A_172/location_09.mp4,True,1.0,0,3.817239974530032,0.017131873711982076,5.020442349067148,198.5,True,True,blue,circle,0.1558118149655129,0.003363181744147574,0.005837276822746652,True,0.984375,0.9210850801479654
A_172,high,172,0,10,after block 9,9,6.149452083529531,5.9895000000000005,2.8468750000000003,5.67175,0.8988902589395807,True,runs/pendulum/unified_mechanism_v2/paired_layer_control/large_seed3407/short_common_scan/A/videos/A_172/location_10.mp4,True,1.0,0,4.132945965579819,0.016278429129975874,4.805990799744678,198.0,True,True,blue,circle,0.15287232981947887,0.0034910000358468565,0.0059583195902120235,True,0.984375,0.8988902589395807
A_172,high,172,0,11,after block 10,10,6.149452083529531,5.9895000000000005,2.8468750000000003,5.6446250000000004,0.8902589395807645,True,runs/pendulum/unified_mechanism_v2/paired_layer_control/large_seed3407/short_common_scan/A/videos/A_172/location_11.mp4,True,1.0,0,3.3578256278981446,0.01641961277752843,4.4725655047617305,196.0,True,True,blue,circle,0.15315327777757304,0.0036029874881085846,0.006394382556894183,True,0.984375,0.8902589395807645
A_172,high,172,0,12,after block 11,11,6.149452083529531,5.9895000000000005,2.8468750000000003,5.602,0.876695437731196,True,runs/pendulum/unified_mechanism_v2/paired_layer_control/large_seed3407/short_common_scan/A/videos/A_172/location_12.mp4,True,1.0,0,3.1016303508853005,0.016388942320649386,4.185813081256241,195.0,True,True,blue,circle,0.15294429695848097,0.003398269928268338,0.006991851765303522,True,0.984375,0.88039457459926
A_172,high,172,0,13,after block 12,12,6.149452083529531,5.9895000000000005,2.8468750000000003,5.57875,0.8692971639950677,True,runs/pendulum/unified_mechanism_v2/paired_layer_control/large_seed3407/short_common_scan/A/videos/A_172/location_13.mp4,True,1.0,0,11.853512080119657,0.018480821667949315,15.73456700796639,193.0,True,True,blue,circle,0.1423730151004457,0.0038699322663852537,0.008328816889252482,False,0.9375,0.877928483353884
A_172,high,172,0,14,after block 13,13,6.149452083529531,5.9895000000000005,2.8468750000000003,5.512875,0.8483353884093711,False,runs/pendulum/unified_mechanism_v2/paired_layer_control/large_seed3407/short_common_scan/A/videos/A_172/location_14.mp4,True,1.0,0,13.47103184309175,0.09267489719425175,21.85338220997259,44.5,True,True,blue,circle,0.09632441441018728,-0.024047172766400192,0.03724506464430718,False,0.0625,nan
A_172,high,172,0,15,after block 14,14,6.149452083529531,5.9895000000000005,2.8468750000000003,2.8081250000000004,-0.012330456226880343,False,runs/pendulum/unified_mechanism_v2/paired_layer_control/large_seed3407/short_common_scan/A/videos/A_172/location_15.mp4,True,1.0,0,1.7459814065857002,0.000978867153381413,2.1974147690811314,173.5,True,True,red,circle,0.15086867081609495,-0.007326858428774893,0.011116489605548839,True,1.0,-0.014796547472256609
A_172,high,172,0,16,after block 15,15,6.149452083529531,5.9895000000000005,2.8468750000000003,2.769375,-0.024660912453760828,False,runs/pendulum/unified_mechanism_v2/paired_layer_control/large_seed3407/short_common_scan/A/videos/A_172/location_16.mp4,True,1.0,0,1.7016618602265663,0.0008836702894350068,2.1710904939616644,175.0,True,True,red,circle,0.15505142706989875,-0.005449913616307109,0.008099525573460881,True,1.0,-0.025893958076448818
A_172,high,172,0,17,after block 16,16,6.149452083529531,5.9895000000000005,2.8468750000000003,2.75,-0.03082614056720107,False,runs/pendulum/unified_mechanism_v2/paired_layer_control/large_seed3407/short_common_scan/A/videos/A_172/location_17.mp4,True,1.0,0,1.7223205091125933,0.0007366857833446816,2.0385230316704033,176.0,True,True,red,circle,0.15565160356470503,-0.004939055633965981,0.00846242873628161,True,1.0,-0.03082614056720107
A_172,high,172,0,18,after block 17,17,6.149452083529531,5.9895000000000005,2.8468750000000003,2.7616250000000004,-0.02712700369913681,False,runs/pendulum/unified_mechanism_v2/paired_layer_control/large_seed3407/short_common_scan/A/videos/A_172/location_18.mp4,True,1.0,0,1.6689265322562221,0.000628835560819635,1.9435228352386307,177.0,True,True,red,circle,0.15555332658502397,-0.00534874173579953,0.007172151577789817,True,1.0,-0.025893958076448818
A_172,high,172,0,19,after block 18,18,6.149452083529531,5.9895000000000005,2.8468750000000003,2.800375,-0.014796547472256609,False,runs/pendulum/unified_mechanism_v2/paired_layer_control/large_seed3407/short_common_scan/A/videos/A_172/location_19.mp4,True,1.0,0,1.7251033636213662,0.0005922501102433586,1.9360768064891578,177.0,True,True,red,circle,0.1563475715286364,-0.005508017006411864,0.007427135761260397,True,1.0,-0.014796547472256609
A_172,high,172,0,20,after block 19,19,6.149452083529531,5.9895000000000005,2.8468750000000003,2.8120000000000003,-0.011097410604192351,False,runs/pendulum/unified_mechanism_v2/paired_layer_control/large_seed3407/short_common_scan/A/videos/A_172/location_20.mp4,True,1.0,0,1.7282795725690396,0.0008742659113629425,1.8027841372802855,178.0,True,True,red,circle,0.15703762806368224,-0.0037155085250190636,0.0062577978414996354,True,1.0,-0.011097410604192351
A_172,high,172,0,21,after block 20,20,6.149452083529531,5.9895000000000005,2.8468750000000003,2.8120000000000003,-0.011097410604192351,False,runs/pendulum/unified_mechanism_v2/paired_layer_control/large_seed3407/short_common_scan/A/videos/A_172/location_21.mp4,True,1.0,0,1.5591573964486778,0.0007181388300201152,1.7708142926529753,178.0,True,True,red,circle,0.15367377901429033,-0.002923409076962576,0.005679904907634503,True,1.0,-0.00986436498150436
A_172,high,172,0,22,after block 21,21,6.149452083529531,5.9895000000000005,2.8468750000000003,2.8081250000000004,-0.012330456226880343,False,runs/pendulum/unified_mechanism_v2/paired_layer_control/large_seed3407/short_common_scan/A/videos/A_172/location_22.mp4,True,1.0,0,1.4194468116347687,0.0008770147166274056,1.246680518443214,183.0,True,True,red,circle,0.16440466048716681,-0.0020939429770225047,0.006248936899694683,True,1.0,-0.012330456226880343
A_172,high,172,0,23,after block 22,22,6.149452083529531,5.9895000000000005,2.8468750000000003,2.8081250000000004,-0.012330456226880343,False,runs/pendulum/unified_mechanism_v2/paired_layer_control/large_seed3407/short_common_scan/A/videos/A_172/location_23.mp4,True,1.0,0,1.5491893092824751,0.0007553988400698375,1.2272027484148489,183.0,True,True,red,circle,0.1639365791732667,-0.0014231568640616554,0.00587391649592775,True,1.0,-0.012330456226880343
A_172,high,172,0,24,after block 23,23,6.149452083529531,5.9895000000000005,2.8468750000000003,2.8236250000000003,-0.007398273736128234,False,runs/pendulum/unified_mechanism_v2/paired_layer_control/large_seed3407/short_common_scan/A/videos/A_172/location_24.mp4,True,1.0,0,1.6226754806470933,0.0008911089745475276,1.122875948491023,184.0,True,True,red,circle,0.16384380935565718,-0.0011044834803706877,0.006303262955091451,True,1.0,-0.008631319358816367
A_172,high,172,0,25,after block 24,24,6.149452083529531,5.9895000000000005,2.8468750000000003,2.81975,-0.008631319358816367,False,runs/pendulum/unified_mechanism_v2/paired_layer_control/large_seed3407/short_common_scan/A/videos/A_172/location_25.mp4,True,1.0,0,1.5953664861894645,0.0007403953270269381,1.1291649233387604,184.5,True,True,red,circle,0.1657580555164585,-0.00045889737393839364,0.006724624734508613,True,1.0,-0.008631319358816367
A_172,high,172,0,26,after block 25,25,6.149452083529531,5.9895000000000005,2.8468750000000003,2.8236250000000003,-0.007398273736128234,False,runs/pendulum/unified_mechanism_v2/paired_layer_control/large_seed3407/short_common_scan/A/videos/A_172/location_26.mp4,True,1.0,0,1.5499967348013253,0.0009747667417684402,0.9980903287593587,185.0,True,True,red,circle,0.16596444160415869,-0.000583335312673701,0.006493335355625677,True,1.0,-0.0061652281134402425
A_172,high,172,0,27,after block 26,26,6.149452083529531,5.9895000000000005,2.8468750000000003,2.8275,-0.0061652281134402425,False,runs/pendulum/unified_mechanism_v2/paired_layer_control/large_seed3407/short_common_scan/A/videos/A_172/location_27.mp4,True,1.0,0,1.397974739134155,0.0009671084507220651,1.0480952105463281,186.0,True,True,red,circle,0.16572230911904598,-0.0005244452381062797,0.00665649615362887,True,1.0,-0.0061652281134402425
A_172,high,172,0,28,after block 27,27,6.149452083529531,5.9895000000000005,2.8468750000000003,2.839125,-0.002466091245376125,False,runs/pendulum/unified_mechanism_v2/paired_layer_control/large_seed3407/short_common_scan/A/videos/A_172/location_28.mp4,True,1.0,0,1.4292007613963444,0.0008856612475365011,0.8900120855363305,186.0,True,True,red,circle,0.16564554449491703,-0.0005169993551690064,0.006560329827516755,True,1.0,-0.002466091245376125
A_172,high,172,0,29,after block 28,28,6.149452083529531,5.9895000000000005,2.8468750000000003,2.8468750000000003,0.0,False,runs/pendulum/unified_mechanism_v2/paired_layer_control/large_seed3407/short_common_scan/A/videos/A_172/location_29.mp4,True,1.0,0,1.3899020414430867,0.0010207136743081713,0.7355913430947281,186.0,True,True,red,circle,0.1650599328841758,-0.0005060638316469405,0.006598307688159751,True,1.0,0.0
A_172,high,172,0,30,after block 29,29,6.149452083529531,5.9895000000000005,2.8468750000000003,2.8468750000000003,0.0,False,runs/pendulum/unified_mechanism_v2/paired_layer_control/large_seed3407/short_common_scan/A/videos/A_172/location_30.mp4,True,1.0,0,1.4224028009785734,0.0008298295293432123,0.7355913430947281,187.0,True,True,red,circle,0.16542721937827723,-0.0008255371432313612,0.006617990669358044,True,1.0,0.0
A_173,high,173,0,0,embedding output,,5.811042041689759,5.753125,2.8778750000000004,5.74925,0.9986522911051213,True,runs/pendulum/unified_mechanism_v2/paired_layer_control/large_seed3407/short_common_scan/A/videos/A_173/location_00.mp4,True,1.0,0,3.8409572826733744,0.016581841457002117,4.429296125441502,210.0,True,True,blue,circle,0.12034450043396562,0.00042205837555359837,0.004083990898955777,True,1.0,0.9946091644204854
A_173,high,173,0,1,after block 0,0,5.811042041689759,5.753125,2.8778750000000004,5.74925,0.9986522911051213,True,runs/pendulum/unified_mechanism_v2/paired_layer_control/large_seed3407/short_common_scan/A/videos/A_173/location_01.mp4,True,1.0,0,3.5853814048528148,0.01647099795739254,4.588762933869264,209.5,True,True,blue,circle,0.12041386044899953,0.00044121631211741874,0.0040834596135065435,True,1.0,0.9946091644204854
A_173,high,173,0,2,after block 1,1,5.811042041689759,5.753125,2.8778750000000004,5.753125,1.0,True,runs/pendulum/unified_mechanism_v2/paired_layer_control/large_seed3407/short_common_scan/A/videos/A_173/location_02.mp4,True,1.0,0,3.7673655220090962,0.01668341642392948,4.411884552246082,210.0,True,True,blue,circle,0.11996214744677515,0.00042256658484943606,0.004178911983306922,True,1.0,0.9959568733153641
A_173,high,173,0,3,after block 2,2,5.811042041689759,5.753125,2.8778750000000004,5.753125,1.0,True,runs/pendulum/unified_mechanism_v2/paired_layer_control/large_seed3407/short_common_scan/A/videos/A_173/location_03.mp4,True,1.0,0,3.3713670318904536,0.016018820259778327,4.568641302467898,209.0,True,True,blue,circle,0.11999475553663425,0.0003860790850408036,0.004053419246806202,True,1.0,0.9932614555256067
A_173,high,173,0,4,after block 3,3,5.811042041689759,5.753125,2.8778750000000004,5.757000000000001,1.001347708894879,True,runs/pendulum/unified_mechanism_v2/paired_layer_control/large_seed3407/short_common_scan/A/videos/A_173/location_04.mp4,True,1.0,0,3.457349491267944,0.015687689054786846,4.405368687322094,208.5,True,True,blue,circle,0.12024861678436377,0.0002755877556132704,0.004107464455051608,True,1.0,0.9959568733153641
A_173,high,173,0,5,after block 4,4,5.811042041689759,5.753125,2.8778750000000004,5.757000000000001,1.001347708894879,True,runs/pendulum/unified_mechanism_v2/paired_layer_control/large_seed3407/short_common_scan/A/videos/A_173/location_05.mp4,True,1.0,0,3.2824564743968248,0.016647095544374796,3.978073441945856,209.0,True,True,blue,circle,0.120204027532905,0.00019450878673049483,0.004146300431728993,True,1.0,0.9946091644204854
A_173,high,173,0,6,after block 5,5,5.811042041689759,5.753125,2.8778750000000004,5.64075,0.9609164420485174,True,runs/pendulum/unified_mechanism_v2/paired_layer_control/large_seed3407/short_common_scan/A/videos/A_173/location_06.mp4,True,1.0,0,3.1085481529063115,0.016016678905402565,4.312750546890621,205.0,True,True,blue,circle,0.12117524623927482,-6.023555588776215e-05,0.00391769077722313,True,0.984375,0.9582210242587602
A_173,high,173,0,7,after block 6,6,5.811042041689759,5.753125,2.8778750000000004,5.629125,0.9568733153638815,True,runs/pendulum/unified_mechanism_v2/paired_layer_control/large_seed3407/short_common_scan/A/videos/A_173/location_07.mp4,True,1.0,0,3.23653800300411,0.01609449266025756,4.198104368885256,203.5,True,True,blue,circle,0.1210172219404914,-0.00016015626866176507,0.0038269693814152045,True,0.984375,0.9528301886792452
A_173,high,173,0,8,after block 7,7,5.811042041689759,5.753125,2.8778750000000004,5.5981250000000005,0.9460916442048519,True,runs/pendulum/unified_mechanism_v2/paired_layer_control/large_seed3407/short_common_scan/A/videos/A_173/location_08.mp4,True,1.0,0,3.2486932855853445,0.016059407324073127,4.232001130346531,202.0,True,True,blue,circle,0.12014813723387702,0.00011996420327655987,0.003453138925842153,True,0.984375,0.9420485175202157
A_173,high,173,0,9,after block 8,8,5.811042041689759,5.753125,2.8778750000000004,5.602,0.9474393530997306,True,runs/pendulum/unified_mechanism_v2/paired_layer_control/large_seed3407/short_common_scan/A/videos/A_173/location_09.mp4,True,1.0,0,3.2660472418873012,0.01593988558942458,4.237645103504099,201.5,True,True,blue,circle,0.12023329890331197,-4.963331637260158e-05,0.0034218973902565538,True,0.984375,0.9433962264150944
A_173,high,173,0,10,after block 9,9,5.811042041689759,5.753125,2.8778750000000004,5.590375,0.9433962264150944,True,runs/pendulum/unified_mechanism_v2/paired_layer_control/large_seed3407/short_common_scan/A/videos/A_173/location_10.mp4,True,1.0,0,3.6366589414916497,0.016880923201156445,4.3243029532570105,200.5,True,True,blue,circle,0.11822847937081392,0.0002705667172789259,0.003887892163343241,True,0.984375,0.940700808625337
A_173,high,173,0,11,after block 10,10,5.811042041689759,5.753125,2.8778750000000004,5.582625,0.940700808625337,True,runs/pendulum/unified_mechanism_v2/paired_layer_control/large_seed3407/short_common_scan/A/videos/A_173/location_11.mp4,True,1.0,0,3.611345736975656,0.016563977307758077,4.393092354435707,197.5,True,True,blue,circle,0.1176905627055642,7.048761507079569e-06,0.0040851544994797585,True,0.984375,0.9380053908355798
A_173,high,173,0,12,after block 11,11,5.811042041689759,5.753125,2.8778750000000004,5.602,0.9474393530997306,True,runs/pendulum/unified_mechanism_v2/paired_layer_control/large_seed3407/short_common_scan/A/videos/A_173/location_12.mp4,True,1.0,0,3.5663646844001806,0.016994308555886156,4.346265485529876,198.0,True,True,blue,circle,0.11759105579411058,2.4298130460396863e-05,0.004562457338413011,True,0.984375,0.9433962264150944
A_173,high,173,0,13,after block 12,12,5.811042041689759,5.753125,2.8778750000000004,5.54,0.9258760107816713,True,runs/pendulum/unified_mechanism_v2/paired_layer_control/large_seed3407/short_common_scan/A/videos/A_173/location_13.mp4,True,1.0,0,4.184028382669891,0.018172597684539937,4.555920687895226,196.5,True,True,blue,circle,0.11010599178187618,-0.0013836992210068952,0.0065875358471837045,True,0.984375,0.9218328840970352
A_173,high,173,0,14,after block 13,13,5.811042041689759,5.753125,2.8778750000000004,5.4121250000000005,0.8814016172506741,True,runs/pendulum/unified_mechanism_v2/paired_layer_control/large_seed3407/short_common_scan/A/videos/A_173/location_14.mp4,True,1.0,0,21.283602398807577,0.018515116963672557,21.037750086257088,185.5,True,True,blue,circle,0.08754304137115011,-0.003608601063779849,0.01574873446927095,False,0.125,0.696765498652291
A_173,high,173,0,15,after block 14,14,5.811042041689759,5.753125,2.8778750000000004,3.16075,0.09838274932614549,False,runs/pendulum/unified_mechanism_v2/paired_layer_control/large_seed3407/short_common_scan/A/videos/A_173/location_15.mp4,True,1.0,0,1.2720694700632955,0.001124351222724973,1.4537930461727353,169.5,True,True,red,circle,0.10080267942224468,0.0017421715054295262,0.01641764593787974,True,1.0,0.09973045822102415
A_173,high,173,0,16,after block 15,15,5.811042041689759,5.753125,2.8778750000000004,3.1375,0.09029649595687325,False,runs/pendulum/unified_mechanism_v2/paired_layer_control/large_seed3407/short_common_scan/A/videos/A_173/location_16.mp4,True,1.0,0,1.2775417020956807,0.0012732450573367526,1.417213491244209,172.0,True,True,red,circle,0.10193955372791559,0.0008643593547120765,0.014805520172265482,True,1.0,0.08760107816711594
A_173,high,173,0,17,after block 16,16,5.811042041689759,5.753125,2.8778750000000004,3.06,0.06334231805929909,False,runs/pendulum/unified_mechanism_v2/paired_layer_control/large_seed3407/short_common_scan/A/videos/A_173/location_17.mp4,True,1.0,0,1.1702178744533975,0.0010471725050040237,1.3259822603255198,175.0,True,True,red,circle,0.10721553270145048,0.0015833022626773473,0.012745657589123872,True,1.0,0.05929919137466296
A_173,high,173,0,18,after block 17,17,5.811042041689759,5.753125,2.8778750000000004,2.9825,0.03638814016172491,False,runs/pendulum/unified_mechanism_v2/paired_layer_control/large_seed3407/short_common_scan/A/videos/A_173/location_18.mp4,True,1.0,0,1.2082004610388768,0.0013224309184884098,0.9013863556106592,176.0,True,True,red,circle,0.11248725548490099,-0.002154823202992854,0.005864355323287438,True,1.0,0.0336927223719676
A_173,high,173,0,19,after block 18,18,5.811042041689759,5.753125,2.8778750000000004,2.95925,0.02830188679245267,False,runs/pendulum/unified_mechanism_v2/paired_layer_control/large_seed3407/short_common_scan/A/videos/A_173/location_19.mp4,True,1.0,0,1.150769451305166,0.001086247887948144,0.9752951558892828,177.0,True,True,red,circle,0.11721843439967634,-0.002430138503599897,0.005340322498171083,True,1.0,0.025606469002695365
A_173,high,173,0,20,after block 19,19,5.811042041689759,5.753125,2.8778750000000004,2.967,0.030997304582210138,False,runs/pendulum/unified_mechanism_v2/paired_layer_control/large_seed3407/short_common_scan/A/videos/A_173/location_20.mp4,True,1.0,0,1.296060833442403,0.0011112674959431745,0.8359825373194792,178.0,True,True,red,circle,0.11536617878269999,-0.0034749409164002904,0.005164625341838262,True,1.0,0.02964959568733148
A_173,high,173,0,21,after block 20,20,5.811042041689759,5.753125,2.8778750000000004,2.9398750000000002,0.021563342318059245,False,runs/pendulum/unified_mechanism_v2/paired_layer_control/large_seed3407/short_common_scan/A/videos/A_173/location_21.mp4,True,1.0,0,1.0967957414142837,0.0012724264640620875,0.6958606352509702,179.5,True,True,red,circle,0.11023805195972247,-0.0034770456493898585,0.004417247980590362,True,1.0,0.0229110512129379
A_173,high,173,0,22,after block 21,21,5.811042041689759,5.753125,2.8778750000000004,2.815875,-0.0215633423180594,False,runs/pendulum/unified_mechanism_v2/paired_layer_control/large_seed3407/short_common_scan/A/videos/A_173/location_22.mp4,True,1.0,0,0.9710399479663566,0.0011191617675580523,0.5030347664099494,183.0,True,True,red,circle,0.1159830356909235,-0.001727510031795755,0.0036248527545471748,True,1.0,-0.024258760107816708
A_173,high,173,0,23,after block 22,22,5.811042041689759,5.753125,2.8778750000000004,2.8275,-0.01752021563342328,False,runs/pendulum/unified_mechanism_v2/paired_layer_control/large_seed3407/short_common_scan/A/videos/A_173/location_23.mp4,True,1.0,0,1.077657812224601,0.0013040276382338123,0.37043100121672634,183.0,True,True,red,circle,0.1169940482175573,-0.0014911457812461137,0.003956833204594378,True,1.0,-0.01752021563342328
A_173,high,173,0,24,after block 23,23,5.811042041689759,5.753125,2.8778750000000004,2.8313750000000004,-0.016172506738544472,False,runs/pendulum/unified_mechanism_v2/paired_layer_control/large_seed3407/short_common_scan/A/videos/A_173/location_24.mp4,True,1.0,0,1.0452113626399624,0.0011734077174242463,0.2950597103911188,184.0,True,True,red,circle,0.11802339161763076,-0.0009736221231770398,0.004150409001778349,True,1.0,-0.01752021563342328
A_173,high,173,0,25,after block 24,24,5.811042041689759,5.753125,2.8778750000000004,2.8352500000000003,-0.014824797843665818,False,runs/pendulum/unified_mechanism_v2/paired_layer_control/large_seed3407/short_common_scan/A/videos/A_173/location_25.mp4,True,1.0,0,1.0092689407839153,0.0013119959464490683,0.25232001837032647,185.5,True,True,red,circle,0.11637849588411879,-0.001217083235030105,0.004164578432202828,True,1.0,-0.014824797843665818
A_173,high,173,0,26,after block 25,25,5.811042041689759,5.753125,2.8778750000000004,2.8352500000000003,-0.014824797843665818,False,runs/pendulum/unified_mechanism_v2/paired_layer_control/large_seed3407/short_common_scan/A/videos/A_173/location_26.mp4,True,1.0,0,1.0777853480585426,0.0013530392374124511,0.25232001837032647,186.0,True,True,red,circle,0.11661817551838609,-0.001325016628395719,0.004491388188090959,True,1.0,-0.014824797843665818
A_173,high,173,0,27,after block 26,26,5.811042041689759,5.753125,2.8778750000000004,2.85075,-0.009433962264151045,False,runs/pendulum/unified_mechanism_v2/paired_layer_control/large_seed3407/short_common_scan/A/videos/A_173/location_27.mp4,True,1.0,0,1.010554553441682,0.0013039196410251919,0.25232001837032647,186.0,True,True,red,circle,0.11485404537097205,-0.0007856973472068504,0.0046288929493660536,True,1.0,-0.009433962264151045
A_173,high,173,0,28,after block 27,27,5.811042041689759,5.753125,2.8778750000000004,2.8817500000000003,0.0013477088948786547,False,runs/pendulum/unified_mechanism_v2/paired_layer_control/large_seed3407/short_common_scan/A/videos/A_173/location_28.mp4,True,1.0,0,1.0790697768531927,0.0012082651946539735,0.13083756273464253,186.0,True,True,red,circle,0.11674976586151942,-0.0008119825762422742,0.0045123653965858995,True,1.0,-0.001347708894878809
A_173,high,173,0,29,after block 28,28,5.811042041689759,5.753125,2.8778750000000004,2.8817500000000003,0.0013477088948786547,False,runs/pendulum/unified_mechanism_v2/paired_layer_control/large_seed3407/short_common_scan/A/videos/A_173/location_29.mp4,True,1.0,0,1.063377362766338,0.001336402830901945,0.09209727730007364,187.0,True,True,red,circle,0.11576911305456516,-0.0012706723882565487,0.004583988271609883,True,1.0,-0.001347708894878809
A_173,high,173,0,30,after block 29,29,5.811042041689759,5.753125,2.8778750000000004,2.885625,0.0026954177897573093,False,runs/pendulum/unified_mechanism_v2/paired_layer_control/large_seed3407/short_common_scan/A/videos/A_173/location_30.mp4,True,1.0,0,1.1431024557505978,0.0013184925018339955,0.13083756273464253,188.0,True,True,red,circle,0.11612657659449209,-0.0016279111605952345,0.004400347106917847,True,1.0,0.0
A_174,high,174,0,0,embedding output,,6.355752989318333,6.32275,2.614375,6.315,0.9979101358411704,True,runs/pendulum/unified_mechanism_v2/paired_layer_control/large_seed3407/short_common_scan/A/videos/A_174/location_00.mp4,True,1.0,0,3.1720270629443683,0.014984554234509256,3.6874386369429453,209.0,True,True,blue,circle,0.13292836882477732,0.0022769172433354354,0.0056903139890496805,True,0.984375,1.0010449320794148
A_174,high,174,0,1,after block 0,0,6.355752989318333,6.32275,2.614375,6.318875,0.9989550679205852,True,runs/pendulum/unified_mechanism_v2/paired_layer_control/large_seed3407/short_common_scan/A/videos/A_174/location_01.mp4,True,1.0,0,3.2604080136504523,0.015464294001285128,3.94952411580059,209.0,True,True,blue,circle,0.1326916445413316,0.0023218366152249585,0.0057425805122633565,True,0.984375,1.0010449320794148
A_174,high,174,0,2,after block 1,1,6.355752989318333,6.32275,2.614375,6.318875,0.9989550679205852,True,runs/pendulum/unified_mechanism_v2/paired_layer_control/large_seed3407/short_common_scan/A/videos/A_174/location_02.mp4,True,1.0,0,3.118857363609359,0.015254392809359946,3.8712385887029317,208.5,True,True,blue,circle,0.13265298034633616,0.002286937048843789,0.0057065060915060485,True,0.984375,1.0010449320794148
A_174,high,174,0,3,after block 2,2,6.355752989318333,6.32275,2.614375,6.318875,0.9989550679205852,True,runs/pendulum/unified_mechanism_v2/paired_layer_control/large_seed3407/short_common_scan/A/videos/A_174/location_03.mp4,True,1.0,0,3.099017502248361,0.015283545409603694,4.059962883107549,209.0,True,True,blue,circle,0.1326175537750924,0.002282334625694908,0.005800468064586961,True,0.984375,1.0020898641588296
A_174,high,174,0,4,after block 3,3,6.355752989318333,6.32275,2.614375,6.315,0.9979101358411704,True,runs/pendulum/unified_mechanism_v2/paired_layer_control/large_seed3407/short_common_scan/A/videos/A_174/location_04.mp4,True,1.0,0,2.8271613641969675,0.015000329470204216,4.059962883107549,208.0,True,True,blue,circle,0.1327012766987769,0.0023223226657293518,0.005695004651366334,True,0.984375,1.0010449320794148
A_174,high,174,0,5,after block 4,4,6.355752989318333,6.32275,2.614375,6.315,0.9979101358411704,True,runs/pendulum/unified_mechanism_v2/paired_layer_control/large_seed3407/short_common_scan/A/videos/A_174/location_05.mp4,True,1.0,0,3.016092003894091,0.015283173075326673,3.8712385887029317,208.5,True,True,blue,circle,0.13289875084180816,0.0023999558958166414,0.005733021037690565,True,0.984375,1.0010449320794148
A_174,high,174,0,6,after block 5,5,6.355752989318333,6.32275,2.614375,6.280125,0.9885057471264368,True,runs/pendulum/unified_mechanism_v2/paired_layer_control/large_seed3407/short_common_scan/A/videos/A_174/location_06.mp4,True,1.0,0,3.4023539138055194,0.01559021873632252,4.073137982170511,204.0,True,True,blue,circle,0.13177880015925797,0.0029406887181237943,0.008003007539549392,True,0.984375,0.9905956112852666
A_174,high,174,0,7,after block 6,6,6.355752989318333,6.32275,2.614375,6.284,0.9895506792058515,True,runs/pendulum/unified_mechanism_v2/paired_layer_control/large_seed3407/short_common_scan/A/videos/A_174/location_07.mp4,True,1.0,0,3.4282833601680633,0.01543988458195919,4.11530809250612,203.0,True,True,blue,circle,0.13160179249786785,0.0028876657245415615,0.008465301293058954,True,0.984375,0.9905956112852666
A_174,high,174,0,8,after block 7,7,6.355752989318333,6.32275,2.614375,6.27625,0.987460815047022,True,runs/pendulum/unified_mechanism_v2/paired_layer_control/large_seed3407/short_common_scan/A/videos/A_174/location_08.mp4,True,1.0,0,3.4477974728704024,0.014892452314616972,4.350406681904718,202.0,True,True,blue,circle,0.13049272725821492,0.0028887723007331935,0.009225851476783353,True,0.984375,0.9905956112852666
A_174,high,174,0,9,after block 8,8,6.355752989318333,6.32275,2.614375,6.27625,0.987460815047022,True,runs/pendulum/unified_mechanism_v2/paired_layer_control/large_seed3407/short_common_scan/A/videos/A_174/location_09.mp4,True,1.0,0,3.4718302087758928,0.015409605913930091,4.040975180957603,201.5,True,True,blue,circle,0.13024031012343734,0.0028908307984812404,0.00919560923254863,True,0.984375,0.9916405433646813
A_174,high,174,0,10,after block 9,9,6.355752989318333,6.32275,2.614375,6.233625,0.9759665621734587,True,runs/pendulum/unified_mechanism_v2/paired_layer_control/large_seed3407/short_common_scan/A/videos/A_174/location_10.mp4,True,1.0,0,3.37094324609287,0.016457824574654223,4.0849179185642335,201.0,True,True,blue,circle,0.12542159265402403,0.0019465676619006792,0.01117274964376878,True,0.984375,0.9832810867293625
A_174,high,174,0,11,after block 10,10,6.355752989318333,6.32275,2.614375,6.22975,0.9749216300940439,True,runs/pendulum/unified_mechanism_v2/paired_layer_control/large_seed3407/short_common_scan/A/videos/A_174/location_11.mp4,True,1.0,0,3.5992490612206423,0.015993670071511618,3.9857622148165106,199.0,True,True,blue,circle,0.12407214760066583,0.001504372979659168,0.012851402933593546,True,0.984375,0.9811912225705329
A_174,high,174,0,12,after block 11,11,6.355752989318333,6.32275,2.614375,6.21425,0.9707419017763844,True,runs/pendulum/unified_mechanism_v2/paired_layer_control/large_seed3407/short_common_scan/A/videos/A_174/location_12.mp4,True,1.0,0,4.283606666141605,0.016768929559651036,4.316543207670517,200.0,True,True,blue,circle,0.12151262887780562,0.0007945765527429154,0.01444282915972467,True,0.984375,0.9780564263322885
A_174,high,174,0,13,after block 12,12,6.355752989318333,6.32275,2.614375,6.24525,0.9791013584117033,True,runs/pendulum/unified_mechanism_v2/paired_layer_control/large_seed3407/short_common_scan/A/videos/A_174/location_13.mp4,True,1.0,0,3.111237244793002,0.018766740163674273,3.9747038422357024,194.0,True,True,blue,circle,0.10547233087930336,-0.0005225810955029563,0.01920695052306481,True,0.984375,0.9926854754440961
A_174,high,174,0,14,after block 13,13,6.355752989318333,6.32275,2.614375,6.039875,0.9237199582027169,False,runs/pendulum/unified_mechanism_v2/paired_layer_control/large_seed3407/short_common_scan/A/videos/A_174/location_14.mp4,True,1.0,0,1.4672840105577178,0.0008238024090743701,0.4133766824474894,150.5,True,True,red,circle,0.06360675697355343,-0.002621982791648581,0.026653480067269843,False,0.015625,nan
A_174,high,174,0,15,after block 14,14,6.355752989318333,6.32275,2.614375,2.777125,0.043887147335423184,False,runs/pendulum/unified_mechanism_v2/paired_layer_control/large_seed3407/short_common_scan/A/videos/A_174/location_15.mp4,True,1.0,0,0.7840984676318983,0.0009474114533263023,0.2951796904424118,174.0,True,True,red,circle,0.0965450371803805,-0.0037185133201134237,0.00821901956608656,True,1.0,0.04597701149425302
A_174,high,174,0,16,after block 15,15,6.355752989318333,6.32275,2.614375,2.80425,0.05120167189132713,False,runs/pendulum/unified_mechanism_v2/paired_layer_control/large_seed3407/short_common_scan/A/videos/A_174/location_16.mp4,True,1.0,0,0.856918189884048,0.0012005392479792487,0.3622142929038354,176.0,True,True,red,circle,0.10548683791300223,-0.0019006421340467259,0.008410327781771539,True,1.0,0.05015673981191221
A_174,high,174,0,17,after block 16,16,6.355752989318333,6.32275,2.614375,2.75775,0.038662486938349075,False,runs/pendulum/unified_mechanism_v2/paired_layer_control/large_seed3407/short_common_scan/A/videos/A_174/location_17.mp4,True,1.0,0,1.0277898941031287,0.001059793239741702,0.34533962830484627,179.0,True,True,red,circle,0.11064154316477573,-0.001127884110359242,0.008401647334415119,True,1.0,0.03970741901776399
A_174,high,174,0,18,after block 17,17,6.355752989318333,6.32275,2.614375,2.722875,0.029258098223615536,False,runs/pendulum/unified_mechanism_v2/paired_layer_control/large_seed3407/short_common_scan/A/videos/A_174/location_18.mp4,True,1.0,0,1.1912046849755167,0.0012171620710511588,0.36887716910592144,181.0,True,True,red,circle,0.12707372634334568,-0.0017139757091404046,0.007550778980551018,True,1.0,0.029258098223615536
A_174,high,174,0,19,after block 18,18,6.355752989318333,6.32275,2.614375,2.7151250000000005,0.02716823406478594,False,runs/pendulum/unified_mechanism_v2/paired_layer_control/large_seed3407/short_common_scan/A/videos/A_174/location_19.mp4,True,1.0,0,1.0055981141892003,0.0011120544632370333,0.37932281295282927,181.0,True,True,red,circle,0.13125888541582226,-0.0019377750270628325,0.007079434659850035,True,1.0,0.026123301985371022
A_174,high,174,0,20,after block 19,19,6.355752989318333,6.32275,2.614375,2.71125,0.026123301985371022,False,runs/pendulum/unified_mechanism_v2/paired_layer_control/large_seed3407/short_common_scan/A/videos/A_174/location_20.mp4,True,1.0,0,1.1381751851330801,0.0011834071632768617,0.39191231637691,181.5,True,True,red,circle,0.13600960381105423,-0.0028537689143463265,0.006699715908062001,True,1.0,0.026123301985371022
A_174,high,174,0,21,after block 20,20,6.355752989318333,6.32275,2.614375,2.688,0.019853709508881996,False,runs/pendulum/unified_mechanism_v2/paired_layer_control/large_seed3407/short_common_scan/A/videos/A_174/location_21.mp4,True,1.0,0,1.0856481049367217,0.0014717317423298126,0.37932281295282927,182.0,True,True,red,circle,0.13380596937234085,-0.0024328373656358196,0.005851372593267427,True,1.0,0.01880877742946708
A_174,high,174,0,22,after block 21,21,6.355752989318333,6.32275,2.614375,2.5988750000000005,-0.004179728317659191,False,runs/pendulum/unified_mechanism_v2/paired_layer_control/large_seed3407/short_common_scan/A/videos/A_174/location_22.mp4,True,1.0,0,1.0673688740870904,0.0009319283130590217,0.4556407390888211,187.0,True,True,red,circle,0.15625378151796976,0.0013589273395393329,0.004171875301311231,True,1.0,-0.004179728317659191
A_174,high,174,0,23,after block 22,22,6.355752989318333,6.32275,2.614375,2.58725,-0.007314524555903824,False,runs/pendulum/unified_mechanism_v2/paired_layer_control/large_seed3407/short_common_scan/A/videos/A_174/location_23.mp4,True,1.0,0,1.1601443750560916,0.0008582898910811931,0.39191231637691,187.0,True,True,red,circle,0.1594456307004601,0.0023586178089936073,0.004420784190156786,True,1.0,-0.007314524555903824
A_174,high,174,0,24,after block 23,23,6.355752989318333,6.32275,2.614375,2.583375,-0.008359456635318622,False,runs/pendulum/unified_mechanism_v2/paired_layer_control/large_seed3407/short_common_scan/A/videos/A_174/location_24.mp4,True,1.0,0,1.1076624553843757,0.0010203266161230018,0.4456222724812043,188.0,True,True,red,circle,0.1604814838281706,0.0019359357198041134,0.004453355824322213,True,1.0,-0.007314524555903824
A_174,high,174,0,25,after block 24,24,6.355752989318333,6.32275,2.614375,2.5756250000000005,-0.010449320794148217,False,runs/pendulum/unified_mechanism_v2/paired_layer_control/large_seed3407/short_common_scan/A/videos/A_174/location_25.mp4,True,1.0,0,1.203252226645253,0.0008448287798751009,0.4912636115302219,189.5,True,True,red,circle,0.16062479258586887,0.0021680769815869386,0.004939045941521147,True,1.0,-0.010449320794148217
A_174,high,174,0,26,after block 25,25,6.355752989318333,6.32275,2.614375,2.567875,-0.012539184952978052,False,runs/pendulum/unified_mechanism_v2/paired_layer_control/large_seed3407/short_common_scan/A/videos/A_174/location_26.mp4,True,1.0,0,1.1871532644700955,0.0008598239149001097,0.5464425200307426,190.0,True,True,red,circle,0.16404445714381358,0.0020608516135140085,0.004773729828399949,True,1.0,-0.011494252873563135
A_174,high,174,0,27,after block 26,26,6.355752989318333,6.32275,2.614375,2.583375,-0.008359456635318622,False,runs/pendulum/unified_mechanism_v2/paired_layer_control/large_seed3407/short_common_scan/A/videos/A_174/location_27.mp4,True,1.0,0,1.1871532644700955,0.0007636831809080535,0.3516432581877029,191.0,True,True,red,circle,0.16373254908793436,0.0030372241160357286,0.004483749684721944,True,1.0,-0.008359456635318622
A_174,high,174,0,28,after block 27,27,6.355752989318333,6.32275,2.614375,2.614375,0.0,False,runs/pendulum/unified_mechanism_v2/paired_layer_control/large_seed3407/short_common_scan/A/videos/A_174/location_28.mp4,True,1.0,0,1.4034547595510671,0.0006812686693269954,0.2523593446902464,191.0,True,True,red,circle,0.163969761543627,0.003870538910624163,0.005088053091798549,True,1.0,-0.0010449320794147978
A_174,high,174,0,29,after block 28,28,6.355752989318333,6.32275,2.614375,2.61825,0.0010449320794149175,False,runs/pendulum/unified_mechanism_v2/paired_layer_control/large_seed3407/short_common_scan/A/videos/A_174/location_29.mp4,True,1.0,0,1.2575162581872152,0.0007533489991185804,0.2525159368493463,190.0,True,True,red,circle,0.16510242383712492,0.0034448527115897645,0.005063611809054483,True,1.0,0.0
A_174,high,174,0,30,after block 29,29,6.355752989318333,6.32275,2.614375,2.61825,0.0010449320794149175,False,runs/pendulum/unified_mechanism_v2/paired_layer_control/large_seed3407/short_common_scan/A/videos/A_174/location_30.mp4,True,1.0,0,1.2854614261661723,0.0006976733571990856,0.2541718950126115,190.5,True,True,red,circle,0.1654722799048422,0.0031019831851114214,0.004855813365654663,True,1.0,0.0
A_175,high,175,0,0,embedding output,,6.203895710891384,6.21425,2.75775,6.2065,0.9977578475336324,True,runs/pendulum/unified_mechanism_v2/paired_layer_control/large_seed3407/short_common_scan/A/videos/A_175/location_00.mp4,True,1.0,0,2.8822358297311004,0.017569773795664545,4.3580867060776685,209.5,True,True,blue,circle,0.13995829113799368,0.0032631001845800753,0.005435791522569769,True,0.984375,0.9988789237668162
A_175,high,175,0,1,after block 0,0,6.203895710891384,6.21425,2.75775,6.202625,0.9966367713004486,True,runs/pendulum/unified_mechanism_v2/paired_layer_control/large_seed3407/short_common_scan/A/videos/A_175/location_01.mp4,True,1.0,0,2.8911888956796457,0.017653309294364095,4.45117357886325,209.0,True,True,blue,circle,0.14000463031779697,0.00325457512257385,0.0053570708391430895,True,0.984375,0.9977578475336324
A_175,high,175,0,2,after block 1,1,6.203895710891384,6.21425,2.75775,6.202625,0.9966367713004486,True,runs/pendulum/unified_mechanism_v2/paired_layer_control/large_seed3407/short_common_scan/A/videos/A_175/location_02.mp4,True,1.0,0,2.8168615358509173,0.017293165300438035,4.483185125536863,209.5,True,True,blue,circle,0.1399047119251272,0.0030177690728936256,0.005353596358140045,True,0.984375,0.9977578475336324
A_175,high,175,0,3,after block 2,2,6.203895710891384,6.21425,2.75775,6.202625,0.9966367713004486,True,runs/pendulum/unified_mechanism_v2/paired_layer_control/large_seed3407/short_common_scan/A/videos/A_175/location_03.mp4,True,1.0,0,3.0481607858463806,0.017422925898473107,4.316157239974648,209.0,True,True,blue,circle,0.14000948010364536,0.003171956932213697,0.005492556421922683,True,0.984375,0.9977578475336324
A_175,high,175,0,4,after block 3,3,6.203895710891384,6.21425,2.75775,6.19875,0.9955156950672648,True,runs/pendulum/unified_mechanism_v2/paired_layer_control/large_seed3407/short_common_scan/A/videos/A_175/location_04.mp4,True,1.0,0,2.8653999314464786,0.016618510862859398,4.412734397966022,209.5,True,True,blue,circle,0.13985712728247227,0.0030093980510304567,0.005663255603090707,True,0.984375,0.9966367713004486
A_175,high,175,0,5,after block 4,4,6.203895710891384,6.21425,2.75775,6.19875,0.9955156950672648,True,runs/pendulum/unified_mechanism_v2/paired_layer_control/large_seed3407/short_common_scan/A/videos/A_175/location_05.mp4,True,1.0,0,2.990711116761548,0.017385125284264114,4.474050472112931,209.0,True,True,blue,circle,0.13992581366448129,0.0029506385318599005,0.0054975751085106035,True,0.984375,0.9966367713004486
A_175,high,175,0,6,after block 5,5,6.203895710891384,6.21425,2.75775,6.1135,0.9708520179372199,True,runs/pendulum/unified_mechanism_v2/paired_layer_control/large_seed3407/short_common_scan/A/videos/A_175/location_06.mp4,True,1.0,0,3.6631553646808475,0.016837165294880996,4.313342680284787,205.5,True,True,blue,circle,0.14054914167810645,0.002312459405236816,0.005905748829347663,True,0.984375,0.9719730941704037
A_175,high,175,0,7,after block 6,6,6.203895710891384,6.21425,2.75775,6.109625,0.9697309417040361,True,runs/pendulum/unified_mechanism_v2/paired_layer_control/large_seed3407/short_common_scan/A/videos/A_175/location_07.mp4,True,1.0,0,3.471015788750935,0.016354943576766673,4.289339150620142,204.0,True,True,blue,circle,0.1403126842455554,0.002296712345809731,0.0059368734474064605,True,0.984375,0.9708520179372199
A_175,high,175,0,8,after block 7,7,6.203895710891384,6.21425,2.75775,6.0515,0.952914798206278,True,runs/pendulum/unified_mechanism_v2/paired_layer_control/large_seed3407/short_common_scan/A/videos/A_175/location_08.mp4,True,1.0,0,3.0183804019228053,0.016506615756562787,4.2033318031994,202.5,True,True,blue,circle,0.13867352421653148,0.0015334771631821023,0.0052399543503437495,True,0.984375,0.952914798206278
A_175,high,175,0,9,after block 8,8,6.203895710891384,6.21425,2.75775,6.047625,0.9517937219730942,True,runs/pendulum/unified_mechanism_v2/paired_layer_control/large_seed3407/short_common_scan/A/videos/A_175/location_09.mp4,True,1.0,0,2.876477787955376,0.01633012440064649,4.309687941256893,202.0,True,True,blue,circle,0.1386489732971583,0.0015715213742312892,0.0052011255948364735,True,0.984375,0.952914798206278
A_175,high,175,0,10,after block 9,9,6.203895710891384,6.21425,2.75775,5.84225,0.8923766816143498,True,runs/pendulum/unified_mechanism_v2/paired_layer_control/large_seed3407/short_common_scan/A/videos/A_175/location_10.mp4,True,1.0,0,2.950230398551422,0.01574188774567059,4.059106421557136,200.0,True,True,blue,circle,0.13594587589202464,0.0012946434597894006,0.003718696384970908,True,0.984375,0.8901345291479822
A_175,high,175,0,11,after block 10,10,6.203895710891384,6.21425,2.75775,5.776375,0.8733183856502242,True,runs/pendulum/unified_mechanism_v2/paired_layer_control/large_seed3407/short_common_scan/A/videos/A_175/location_11.mp4,True,1.0,0,3.0255114282357183,0.016301622090211465,3.6623005533732322,198.5,True,True,blue,circle,0.13614245987089751,0.0016585876814618433,0.00398391605268127,True,0.984375,0.8733183856502242
A_175,high,175,0,12,after block 11,11,6.203895710891384,6.21425,2.75775,5.722125,0.8576233183856503,True,runs/pendulum/unified_mechanism_v2/paired_layer_control/large_seed3407/short_common_scan/A/videos/A_175/location_12.mp4,True,1.0,0,3.432997849350984,0.01620742863476829,3.5823034810463787,200.5,True,True,blue,circle,0.13649044048309072,0.0020832670009564326,0.004251936966521463,True,0.984375,0.8553811659192827
A_175,high,175,0,13,after block 12,12,6.203895710891384,6.21425,2.75775,5.652375,0.8374439461883408,True,runs/pendulum/unified_mechanism_v2/paired_layer_control/large_seed3407/short_common_scan/A/videos/A_175/location_13.mp4,True,1.0,0,2.53230455190519,0.0168685238210399,3.3588218003855115,196.0,True,True,blue,circle,0.1268573525819949,0.0011440270034598803,0.006398944650100356,True,0.984375,0.836322869955157
A_175,high,175,0,14,after block 13,13,6.203895710891384,6.21425,2.75775,5.42375,0.7713004484304933,False,runs/pendulum/unified_mechanism_v2/paired_layer_control/large_seed3407/short_common_scan/A/videos/A_175/location_14.mp4,True,1.0,0,14.336874083982533,0.017992295119962642,16.539753009584256,178.5,True,True,blue,circle,0.09341247164430284,-0.0026705566670375295,0.014470390444086175,False,0.015625,nan
A_175,high,175,0,15,after block 14,14,6.203895710891384,6.21425,2.75775,2.99025,0.06726457399103138,False,runs/pendulum/unified_mechanism_v2/paired_layer_control/large_seed3407/short_common_scan/A/videos/A_175/location_15.mp4,True,1.0,0,1.1532098255977616,0.0013346474904438466,1.5978771698595324,171.0,True,True,red,circle,0.10470896522948785,-0.0012550498606228085,0.01708634217241192,True,1.0,0.06502242152466362
A_175,high,175,0,16,after block 15,15,6.203895710891384,6.21425,2.75775,2.9631250000000002,0.05941704035874443,False,runs/pendulum/unified_mechanism_v2/paired_layer_control/large_seed3407/short_common_scan/A/videos/A_175/location_16.mp4,True,1.0,0,1.223667227910538,0.0014175179526523807,1.6128928052087939,174.0,True,True,red,circle,0.10740399761628688,0.0014093713014501654,0.015575434718832121,True,1.0,0.0538116591928251
A_175,high,175,0,17,after block 16,16,6.203895710891384,6.21425,2.75775,2.9476250000000004,0.054932735426009044,False,runs/pendulum/unified_mechanism_v2/paired_layer_control/large_seed3407/short_common_scan/A/videos/A_175/location_17.mp4,True,1.0,0,1.0897457068753509,0.0010496863309870652,1.4885705307110555,176.0,True,True,red,circle,0.10810592879487554,0.0024153228425437966,0.014475192119006114,True,1.0,0.0538116591928251
A_175,high,175,0,18,after block 17,17,6.203895710891384,6.21425,2.75775,2.885625,0.03699551569506725,False,runs/pendulum/unified_mechanism_v2/paired_layer_control/large_seed3407/short_common_scan/A/videos/A_175/location_18.mp4,True,1.0,0,1.2272034163289713,0.00116870999995361,1.4723693699088929,178.0,True,True,red,circle,0.12276232596282502,0.0019920605791701193,0.009104780216537689,True,1.0,0.03587443946188344
A_175,high,175,0,19,after block 18,18,6.203895710891384,6.21425,2.75775,2.8585000000000003,0.029147982062780305,False,runs/pendulum/unified_mechanism_v2/paired_layer_control/large_seed3407/short_common_scan/A/videos/A_175/location_19.mp4,True,1.0,0,1.1405407959932852,0.0010747353488310685,1.5281444060259677,178.5,True,True,red,circle,0.12732996790529041,0.0017563962113884353,0.00890762074754836,True,1.0,0.028026905829596493
A_175,high,175,0,20,after block 19,19,6.203895710891384,6.21425,2.75775,2.8701250000000003,0.03251121076233188,False,runs/pendulum/unified_mechanism_v2/paired_layer_control/large_seed3407/short_common_scan/A/videos/A_175/location_20.mp4,True,1.0,0,1.1717695060046753,0.0012147652924372199,1.5447788378175071,179.5,True,True,red,circle,0.12749786936504123,8.483459877734694e-05,0.006852455021242593,True,1.0,0.031390134529147934
A_175,high,175,0,21,after block 20,20,6.203895710891384,6.21425,2.75775,2.8468750000000003,0.025784753363228736,False,runs/pendulum/unified_mechanism_v2/paired_layer_control/large_seed3407/short_common_scan/A/videos/A_175/location_21.mp4,True,1.0,0,1.2191947244591517,0.0012692330327467305,1.4723693699088929,180.0,True,True,red,circle,0.12473162731842925,0.0003054456793818196,0.005956745590370546,True,1.0,0.024663677130044796
A_175,high,175,0,22,after block 21,21,6.203895710891384,6.21425,2.75775,2.746125,-0.003363228699551569,False,runs/pendulum/unified_mechanism_v2/paired_layer_control/large_seed3407/short_common_scan/A/videos/A_175/location_22.mp4,True,1.0,0,1.1688290623529123,0.0009296487447145729,1.3942685054796182,183.5,True,True,red,circle,0.14315466744533933,0.0013388189102561496,0.004833571363503212,True,1.0,-0.004484304932735383
A_175,high,175,0,23,after block 22,22,6.203895710891384,6.21425,2.75775,2.7383750000000004,-0.0056053811659191955,False,runs/pendulum/unified_mechanism_v2/paired_layer_control/large_seed3407/short_common_scan/A/videos/A_175/location_23.mp4,True,1.0,0,1.1749146893769247,0.0008218087251831152,1.322493443855641,185.0,True,True,red,circle,0.14600665036126279,0.0008716191986148959,0.005043658426215298,True,1.0,-0.006726457399103138
A_175,high,175,0,24,after block 23,23,6.203895710891384,6.21425,2.75775,2.730625,-0.007847533632287079,False,runs/pendulum/unified_mechanism_v2/paired_layer_control/large_seed3407/short_common_scan/A/videos/A_175/location_24.mp4,True,1.0,0,1.211735313150455,0.0008306167747444138,1.322493443855641,184.5,True,True,red,circle,0.14792128935593615,0.000832149486990473,0.004680184690931879,True,1.0,-0.007847533632287079
A_175,high,175,0,25,after block 24,24,6.203895710891384,6.21425,2.75775,2.722875,-0.010089686098654706,False,runs/pendulum/unified_mechanism_v2/paired_layer_control/large_seed3407/short_common_scan/A/videos/A_175/location_25.mp4,True,1.0,0,1.0907762243242707,0.0008335113290835194,1.1937814888677671,188.0,True,True,red,circle,0.1468510983588819,0.0008490883722026561,0.0047762579424254405,True,1.0,-0.010089686098654706
A_175,high,175,0,26,after block 25,25,6.203895710891384,6.21425,2.75775,2.71125,-0.013452914798206275,False,runs/pendulum/unified_mechanism_v2/paired_layer_control/large_seed3407/short_common_scan/A/videos/A_175/location_26.mp4,True,1.0,0,1.2083203070978623,0.0010924981160452263,1.2682587047587828,187.5,True,True,red,circle,0.1500960532289819,0.0006275994413617773,0.005363014071209095,True,1.0,-0.013452914798206275
A_175,high,175,0,27,after block 26,26,6.203895710891384,6.21425,2.75775,2.71125,-0.013452914798206275,False,runs/pendulum/unified_mechanism_v2/paired_layer_control/large_seed3407/short_common_scan/A/videos/A_175/location_27.mp4,True,1.0,0,1.1931978632178655,0.0008663470457393185,1.30297543972798,188.0,True,True,red,circle,0.14956773436946033,0.0009749507748332968,0.005422007535477002,True,1.0,-0.013452914798206275
A_175,high,175,0,28,after block 27,27,6.203895710891384,6.21425,2.75775,2.753875,-0.001121076233183942,False,runs/pendulum/unified_mechanism_v2/paired_layer_control/large_seed3407/short_common_scan/A/videos/A_175/location_28.mp4,True,1.0,0,1.199153764303951,0.0008847757397556777,0.6536927284822828,189.0,True,True,red,circle,0.15041600038203912,0.001416486930927566,0.004817853062484496,True,1.0,-0.001121076233183942
A_175,high,175,0,29,after block 28,28,6.203895710891384,6.21425,2.75775,2.753875,-0.001121076233183942,False,runs/pendulum/unified_mechanism_v2/paired_layer_control/large_seed3407/short_common_scan/A/videos/A_175/location_29.mp4,True,1.0,0,1.1596427438492336,0.000919333999960692,0.653463937429203,189.0,True,True,red,circle,0.15046714753252763,0.0009921768137512044,0.004786813977195481,True,1.0,0.0
A_175,high,175,0,30,after block 29,29,6.203895710891384,6.21425,2.75775,2.753875,-0.001121076233183942,False,runs/pendulum/unified_mechanism_v2/paired_layer_control/large_seed3407/short_common_scan/A/videos/A_175/location_30.mp4,True,1.0,0,1.1458285221723183,0.0007971460343701164,0.5644838074671357,189.0,True,True,red,circle,0.15064533140373407,0.0007445595230189042,0.004666756121299591,True,1.0,0.0
A_176,high,176,0,0,embedding output,,6.343715281683147,6.26075,2.6686250000000005,6.26075,1.0,True,runs/pendulum/unified_mechanism_v2/paired_layer_control/large_seed3407/short_common_scan/A/videos/A_176/location_00.mp4,True,1.0,0,3.205464134729917,0.01922064326841269,3.3685530213829264,210.0,True,True,blue,circle,0.1071129761097312,0.0014997273637193291,0.003975733862564186,True,1.0,0.9902912621359224
A_176,high,176,0,1,after block 0,0,6.343715281683147,6.26075,2.6686250000000005,6.26075,1.0,True,runs/pendulum/unified_mechanism_v2/paired_layer_control/large_seed3407/short_common_scan/A/videos/A_176/location_01.mp4,True,1.0,0,3.25579452437046,0.019927192885304812,3.5189816276400503,210.0,True,True,blue,circle,0.10711624051026379,0.0015298445122949888,0.003949663308903607,True,1.0,0.9913700107874865
A_176,high,176,0,2,after block 1,1,6.343715281683147,6.26075,2.6686250000000005,6.26075,1.0,True,runs/pendulum/unified_mechanism_v2/paired_layer_control/large_seed3407/short_common_scan/A/videos/A_176/location_02.mp4,True,1.0,0,3.028920186683091,0.019177216795176144,3.4544645918259556,210.0,True,True,blue,circle,0.10703118511440393,0.001486846898162455,0.004047182358241529,True,1.0,0.9913700107874865
A_176,high,176,0,3,after block 2,2,6.343715281683147,6.26075,2.6686250000000005,6.26075,1.0,True,runs/pendulum/unified_mechanism_v2/paired_layer_control/large_seed3407/short_common_scan/A/videos/A_176/location_03.mp4,True,1.0,0,2.72665008825338,0.019396191429764398,3.285721193651837,209.0,True,True,blue,circle,0.10713542709536339,0.0015386224872586483,0.004130620875660915,True,1.0,0.9913700107874865
A_176,high,176,0,4,after block 3,3,6.343715281683147,6.26075,2.6686250000000005,6.2646250000000006,1.0010787486515644,True,runs/pendulum/unified_mechanism_v2/paired_layer_control/large_seed3407/short_common_scan/A/videos/A_176/location_04.mp4,True,1.0,0,2.841319969140658,0.019503128258331975,3.2901166684569527,210.0,True,True,blue,circle,0.10711072919725574,0.0015542303237527037,0.004057838866061986,True,0.984375,1.0
A_176,high,176,0,5,after block 4,4,6.343715281683147,6.26075,2.6686250000000005,6.2646250000000006,1.0010787486515644,True,runs/pendulum/unified_mechanism_v2/paired_layer_control/large_seed3407/short_common_scan/A/videos/A_176/location_05.mp4,True,1.0,0,2.9472956165148463,0.01981407879185837,3.2901166684569527,210.0,True,True,blue,circle,0.10702207133672186,0.0016368851471434815,0.004025157360571277,True,0.984375,1.0
A_176,high,176,0,6,after block 5,5,6.343715281683147,6.26075,2.6686250000000005,6.125125,0.9622437971952534,True,runs/pendulum/unified_mechanism_v2/paired_layer_control/large_seed3407/short_common_scan/A/videos/A_176/location_06.mp4,True,1.0,0,2.9491994082532016,0.01804241734444184,2.9474975456283423,201.0,True,True,blue,circle,0.1086552877242158,0.001662142374764864,0.00492333603074735,True,0.984375,0.9611650485436893
A_176,high,176,0,7,after block 6,6,6.343715281683147,6.26075,2.6686250000000005,6.132875,0.964401294498382,True,runs/pendulum/unified_mechanism_v2/paired_layer_control/large_seed3407/short_common_scan/A/videos/A_176/location_07.mp4,True,1.0,0,2.918754474770943,0.018865437449649913,2.819791131569899,201.0,True,True,blue,circle,0.10785543310080468,0.0016391483457163178,0.004867820515059954,True,0.984375,0.9622437971952534
A_176,high,176,0,8,after block 7,7,6.343715281683147,6.26075,2.6686250000000005,6.098,0.9546925566343042,True,runs/pendulum/unified_mechanism_v2/paired_layer_control/large_seed3407/short_common_scan/A/videos/A_176/location_08.mp4,True,1.0,0,3.28209854869847,0.01811035964461863,2.727217587423722,200.0,True,True,blue,circle,0.10765892281765543,0.0018026085685305772,0.005130317587886835,True,0.984375,0.9525350593311759
A_176,high,176,0,9,after block 8,8,6.343715281683147,6.26075,2.6686250000000005,6.094125,0.9536138079827401,True,runs/pendulum/unified_mechanism_v2/paired_layer_control/large_seed3407/short_common_scan/A/videos/A_176/location_09.mp4,True,1.0,0,2.8484506185394722,0.017572919074431703,2.7295289351074614,199.0,True,True,blue,circle,0.10726588011735735,0.001773327319546683,0.005178784435712981,True,0.984375,0.9525350593311759
A_176,high,176,0,10,after block 9,9,6.343715281683147,6.26075,2.6686250000000005,6.0592500000000005,0.9439050701186625,True,runs/pendulum/unified_mechanism_v2/paired_layer_control/large_seed3407/short_common_scan/A/videos/A_176/location_10.mp4,True,1.0,0,3.7796783934448075,0.017327443165778722,2.7284933667845412,196.5,True,True,blue,circle,0.10611655549723317,0.0021184827728331643,0.005569306762793512,True,0.984375,0.9449838187702266
A_176,high,176,0,11,after block 10,10,6.343715281683147,6.26075,2.6686250000000005,6.032125,0.9363538295577131,True,runs/pendulum/unified_mechanism_v2/paired_layer_control/large_seed3407/short_common_scan/A/videos/A_176/location_11.mp4,True,1.0,0,3.4427416471388623,0.018229738074887092,2.6217597031794573,196.5,True,True,blue,circle,0.10608545167555558,0.0025352341881652255,0.005696182259145605,True,0.984375,0.9374325782092774
A_176,high,176,0,12,after block 11,11,6.343715281683147,6.26075,2.6686250000000005,5.985625,0.9234088457389428,True,runs/pendulum/unified_mechanism_v2/paired_layer_control/large_seed3407/short_common_scan/A/videos/A_176/location_12.mp4,True,1.0,0,3.806754778220169,0.02039900987724244,2.3936316513983087,196.0,True,True,blue,circle,0.1038316371250972,0.0030178932497936617,0.006202758254330531,True,0.984375,0.9244875943905072
A_176,high,176,0,13,after block 12,12,6.343715281683147,6.26075,2.6686250000000005,5.908125,0.9018338727076591,True,runs/pendulum/unified_mechanism_v2/paired_layer_control/large_seed3407/short_common_scan/A/videos/A_176/location_13.mp4,True,1.0,0,2.8417189620501366,0.019418364495935092,2.5461235921791228,189.5,True,True,blue,circle,0.09039023485583778,0.00235222947033403,0.006511454001351442,True,0.953125,0.906148867313916
A_176,high,176,0,14,after block 13,13,6.343715281683147,6.26075,2.6686250000000005,5.6446250000000004,0.8284789644012946,False,runs/pendulum/unified_mechanism_v2/paired_layer_control/large_seed3407/short_common_scan/A/videos/A_176/location_14.mp4,True,1.0,0,1.2349528148039954,0.0007333036231523538,0.7795280459022506,167.0,True,True,red,circle,0.03558612214660016,0.000805949024068396,0.02167752393006224,False,0.53125,0.7777777777777779
A_176,high,176,0,15,after block 14,14,6.343715281683147,6.26075,2.6686250000000005,2.77325,0.029126213592232882,False,runs/pendulum/unified_mechanism_v2/paired_layer_control/large_seed3407/short_common_scan/A/videos/A_176/location_15.mp4,True,1.0,0,1.1451420875874605,0.0012994447302509815,0.7910026463766278,176.0,True,True,red,circle,0.10386222639923169,-0.007427580775124975,0.005899528410639389,True,1.0,0.030204962243797026
A_176,high,176,0,16,after block 15,15,6.343715281683147,6.26075,2.6686250000000005,2.7190000000000003,0.01402373247033437,False,runs/pendulum/unified_mechanism_v2/paired_layer_control/large_seed3407/short_common_scan/A/videos/A_176/location_16.mp4,True,1.0,0,1.1155753289764534,0.0011717694658056887,0.6692361333755074,178.0,True,True,red,circle,0.10604661092251845,-0.006280483439434529,0.004498267560115551,True,1.0,0.015102481121898513
A_176,high,176,0,17,after block 16,16,6.343715281683147,6.26075,2.6686250000000005,2.753875,0.023732470334411913,False,runs/pendulum/unified_mechanism_v2/paired_layer_control/large_seed3407/short_common_scan/A/videos/A_176/location_17.mp4,True,1.0,0,1.0743949345979504,0.0012687371962597782,0.6692361333755074,180.0,True,True,red,circle,0.11101444547900571,-0.005912336487050227,0.0049970810376403964,True,1.0,0.023732470334411913
A_176,high,176,0,18,after block 17,17,6.343715281683147,6.26075,2.6686250000000005,2.7035,0.009708737864077546,False,runs/pendulum/unified_mechanism_v2/paired_layer_control/large_seed3407/short_common_scan/A/videos/A_176/location_18.mp4,True,1.0,0,0.8961314889235436,0.0011605854133799054,0.3595862193090898,181.0,True,True,red,circle,0.1055886494449268,-0.004329749903551698,0.00529202335169924,True,1.0,0.009708737864077546
A_176,high,176,0,19,after block 18,18,6.343715281683147,6.26075,2.6686250000000005,2.7655000000000003,0.026968716289104595,False,runs/pendulum/unified_mechanism_v2/paired_layer_control/large_seed3407/short_common_scan/A/videos/A_176/location_19.mp4,True,1.0,0,0.9825826311992512,0.0010255503293863932,0.2894367926114739,181.5,True,True,red,circle,0.10193242317053504,-0.005127438744028449,0.005838841877854245,True,1.0,0.02588996763754045
A_176,high,176,0,20,after block 19,19,6.343715281683147,6.26075,2.6686250000000005,2.7887500000000003,0.033441208198489704,False,runs/pendulum/unified_mechanism_v2/paired_layer_control/large_seed3407/short_common_scan/A/videos/A_176/location_20.mp4,True,1.0,0,0.9062790145151179,0.0008246811833015621,0.5772511295973959,183.0,True,True,red,circle,0.1015820454273375,-0.0037026244643991353,0.004569036100227353,True,1.0,0.033441208198489704
A_176,high,176,0,21,after block 20,20,6.343715281683147,6.26075,2.6686250000000005,2.730625,0.0172599784250268,False,runs/pendulum/unified_mechanism_v2/paired_layer_control/large_seed3407/short_common_scan/A/videos/A_176/location_21.mp4,True,1.0,0,0.9011130093745809,0.0008090010372881762,0.5308615939025808,183.0,True,True,red,circle,0.09774373752504455,-0.002522748023496525,0.004681527086238018,True,1.0,0.01833872707659107
A_176,high,176,0,22,after block 21,21,6.343715281683147,6.26075,2.6686250000000005,2.6918750000000005,0.006472491909385113,False,runs/pendulum/unified_mechanism_v2/paired_layer_control/large_seed3407/short_common_scan/A/videos/A_176/location_22.mp4,True,1.0,0,1.1608509603831794,0.0011953762079590924,0.9225050257684244,186.0,True,True,red,circle,0.11066159367369897,0.0009568986405715017,0.0038567352684658602,True,1.0,0.005393743257820845
A_176,high,176,0,23,after block 22,22,6.343715281683147,6.26075,2.6686250000000005,2.6492500000000003,-0.005393743257820968,False,runs/pendulum/unified_mechanism_v2/paired_layer_control/large_seed3407/short_common_scan/A/videos/A_176/location_23.mp4,True,1.0,0,1.1480080805857147,0.0010579048786752143,0.8724204350003466,187.0,True,True,red,circle,0.11110282471185777,0.0015029875688852342,0.004148370717953059,True,1.0,-0.005393743257820968
A_176,high,176,0,24,after block 23,23,6.343715281683147,6.26075,2.6686250000000005,2.6415,-0.0075512405609493806,False,runs/pendulum/unified_mechanism_v2/paired_layer_control/large_seed3407/short_common_scan/A/videos/A_176/location_24.mp4,True,1.0,0,1.1557454792674868,0.0011560876302498524,0.8724204350003466,187.0,True,True,red,circle,0.11047960238546682,0.0010327343123991218,0.0041885234176864345,True,1.0,-0.008629989212513648
A_176,high,176,0,25,after block 24,24,6.343715281683147,6.26075,2.6686250000000005,2.5756250000000005,-0.02588996763754045,False,runs/pendulum/unified_mechanism_v2/paired_layer_control/large_seed3407/short_common_scan/A/videos/A_176/location_25.mp4,True,1.0,0,1.1418595927747008,0.001053337230061513,0.7272413657676261,189.5,True,True,red,circle,0.10809404274402104,0.0010564128558892788,0.004318775701669838,True,1.0,-0.02588996763754045
A_176,high,176,0,26,after block 25,25,6.343715281683147,6.26075,2.6686250000000005,2.6221250000000005,-0.012944983818770225,False,runs/pendulum/unified_mechanism_v2/paired_layer_control/large_seed3407/short_common_scan/A/videos/A_176/location_26.mp4,True,1.0,0,1.139783203128575,0.0011745824165642627,0.9225050257684244,190.0,True,True,red,circle,0.11324228202505454,0.00037524294626608813,0.0038407093400601336,True,1.0,-0.012944983818770225
A_176,high,176,0,27,after block 26,26,6.343715281683147,6.26075,2.6686250000000005,2.660875,-0.0021574973031285357,False,runs/pendulum/unified_mechanism_v2/paired_layer_control/large_seed3407/short_common_scan/A/videos/A_176/location_27.mp4,True,1.0,0,1.0859806428683345,0.0009955254073037156,0.8989264279679773,190.0,True,True,red,circle,0.11405783964345831,0.00016616516593577146,0.0046301947453306486,True,1.0,-0.0021574973031285357
A_176,high,176,0,28,after block 27,27,6.343715281683147,6.26075,2.6686250000000005,2.653125,-0.004314994606256824,False,runs/pendulum/unified_mechanism_v2/paired_layer_control/large_seed3407/short_common_scan/A/videos/A_176/location_28.mp4,True,1.0,0,1.0458225031281352,0.0009170186867655805,0.8989264279679773,190.0,True,True,red,circle,0.11455968200321984,-0.00031815770567341766,0.004883568410972634,True,1.0,-0.00323624595469268
A_176,high,176,0,29,after block 28,28,6.343715281683147,6.26075,2.6686250000000005,2.66475,-0.0010787486515642679,False,runs/pendulum/unified_mechanism_v2/paired_layer_control/large_seed3407/short_common_scan/A/videos/A_176/location_29.mp4,True,1.0,0,1.017422111759635,0.0009455165166404045,0.8989264279679773,189.0,True,True,red,circle,0.11580738321544574,-0.00040603364520101624,0.005209152067235627,True,1.0,0.0
A_176,high,176,0,30,after block 29,29,6.343715281683147,6.26075,2.6686250000000005,2.6686250000000005,0.0,False,runs/pendulum/unified_mechanism_v2/paired_layer_control/large_seed3407/short_common_scan/A/videos/A_176/location_30.mp4,True,1.0,0,0.9776064541543595,0.0009796055168752593,0.9240205913440149,190.0,True,True,red,circle,0.11601325247872203,-0.0005747424711522836,0.005178717189916496,True,1.0,0.0
A_185,high,185,0,0,embedding output,,5.958418702996302,5.993375,2.769375,5.985625,0.9975961538461536,True,runs/pendulum/unified_mechanism_v2/paired_layer_control/large_seed3407/short_common_scan/A/videos/A_185/location_00.mp4,True,1.0,0,2.703473313399892,0.016716591704669742,1.1250903808851602,211.0,True,True,blue,circle,0.1404866497809721,0.0022200156501146163,0.006117767255259122,True,0.984375,0.998798076923077
A_185,high,185,0,1,after block 0,0,5.958418702996302,5.993375,2.769375,5.9895000000000005,0.998798076923077,True,runs/pendulum/unified_mechanism_v2/paired_layer_control/large_seed3407/short_common_scan/A/videos/A_185/location_01.mp4,True,1.0,0,2.5629416850608844,0.017162571297141965,1.1250903808851602,211.0,True,True,blue,circle,0.14034205595495514,0.002245064102178896,0.006079169476817451,True,0.984375,1.0012019230769231
A_185,high,185,0,2,after block 1,1,5.958418702996302,5.993375,2.769375,5.993375,1.0,True,runs/pendulum/unified_mechanism_v2/paired_layer_control/large_seed3407/short_common_scan/A/videos/A_185/location_02.mp4,True,1.0,0,2.8147983460063952,0.016290299864232805,1.1250903808851602,211.0,True,True,blue,circle,0.14025929068422535,0.0021070789439557747,0.0058626329652183085,True,0.984375,1.0012019230769231
A_185,high,185,0,3,after block 2,2,5.958418702996302,5.993375,2.769375,5.993375,1.0,True,runs/pendulum/unified_mechanism_v2/paired_layer_control/large_seed3407/short_common_scan/A/videos/A_185/location_03.mp4,True,1.0,0,2.8631038240529936,0.01645711522090032,0.984619657083925,210.0,True,True,blue,circle,0.14031185441914673,0.002167850739089992,0.005999004663724673,True,0.984375,1.0012019230769231
A_185,high,185,0,4,after block 3,3,5.958418702996302,5.993375,2.769375,5.99725,1.0012019230769231,True,runs/pendulum/unified_mechanism_v2/paired_layer_control/large_seed3407/short_common_scan/A/videos/A_185/location_04.mp4,True,1.0,0,2.8962293135537824,0.016972609963061214,0.995125984360939,211.0,True,True,blue,circle,0.1401580556953842,0.0021273258252039857,0.005947417880769885,True,0.984375,1.002403846153846
A_185,high,185,0,5,after block 4,4,5.958418702996302,5.993375,2.769375,5.993375,1.0,True,runs/pendulum/unified_mechanism_v2/paired_layer_control/large_seed3407/short_common_scan/A/videos/A_185/location_05.mp4,True,1.0,0,2.749852702182922,0.0162324868394087,0.984619657083925,211.0,True,True,blue,circle,0.1404168214264132,0.002139280782864889,0.006022542998373117,True,0.984375,1.0012019230769231
A_185,high,185,0,6,after block 5,5,5.958418702996302,5.993375,2.769375,5.954625,0.9879807692307692,True,runs/pendulum/unified_mechanism_v2/paired_layer_control/large_seed3407/short_common_scan/A/videos/A_185/location_06.mp4,True,1.0,0,3.3712674195516787,0.016892591013676878,0.8429672668541422,205.5,True,True,blue,circle,0.14089396693663164,0.0028251040168689773,0.006287913747020238,True,0.984375,0.9879807692307692
A_185,high,185,0,7,after block 6,6,5.958418702996302,5.993375,2.769375,5.962375,0.9903846153846152,True,runs/pendulum/unified_mechanism_v2/paired_layer_control/large_seed3407/short_common_scan/A/videos/A_185/location_07.mp4,True,1.0,0,3.518322322219203,0.016560194037228776,0.7547041349026472,204.0,True,True,blue,circle,0.14034848121609156,0.0027169858468468026,0.006482701191538606,True,0.984375,0.9903846153846152
A_185,high,185,0,8,after block 7,7,5.958418702996302,5.993375,2.769375,5.93525,0.9819711538461537,True,runs/pendulum/unified_mechanism_v2/paired_layer_control/large_seed3407/short_common_scan/A/videos/A_185/location_08.mp4,True,1.0,0,3.7211496509550455,0.016750441897492557,0.7656213161482959,203.5,True,True,blue,circle,0.13894005149025881,0.002893689373425515,0.006502647601485372,True,0.984375,0.9819711538461537
A_185,high,185,0,9,after block 8,8,5.958418702996302,5.993375,2.769375,5.93525,0.9819711538461537,True,runs/pendulum/unified_mechanism_v2/paired_layer_control/large_seed3407/short_common_scan/A/videos/A_185/location_09.mp4,True,1.0,0,3.6592931451060076,0.016879797526998752,0.8035749197174883,204.0,True,True,blue,circle,0.13877947411371355,0.0029253238552358527,0.006396695293507871,True,0.984375,0.9819711538461537
A_185,high,185,0,10,after block 9,9,5.958418702996302,5.993375,2.769375,5.88875,0.9675480769230768,True,runs/pendulum/unified_mechanism_v2/paired_layer_control/large_seed3407/short_common_scan/A/videos/A_185/location_10.mp4,True,1.0,0,4.067887775369145,0.016254761549149677,0.7994237235502374,201.0,True,True,blue,circle,0.13603294920878323,0.0027366982847875903,0.005835594080868548,True,0.984375,0.9663461538461537
A_185,high,185,0,11,after block 10,10,5.958418702996302,5.993375,2.769375,5.84225,0.9531249999999999,True,runs/pendulum/unified_mechanism_v2/paired_layer_control/large_seed3407/short_common_scan/A/videos/A_185/location_11.mp4,True,1.0,0,3.3617498785610307,0.016443707085394582,0.7326403487056677,200.5,True,True,blue,circle,0.13557707514280726,0.0029004793151219373,0.0062444978442544145,True,0.984375,0.9543269230769229
A_185,high,185,0,12,after block 11,11,5.958418702996302,5.993375,2.769375,5.822875,0.9471153846153845,True,runs/pendulum/unified_mechanism_v2/paired_layer_control/large_seed3407/short_common_scan/A/videos/A_185/location_12.mp4,True,1.0,0,3.671529028259916,0.017870254301534383,0.7693124064288384,199.5,True,True,blue,circle,0.1339449971059855,0.002695718656937353,0.006454252984937835,True,0.984375,0.9483173076923077
A_185,high,185,0,13,after block 12,12,5.958418702996302,5.993375,2.769375,5.830625,0.9495192307692308,True,runs/pendulum/unified_mechanism_v2/paired_layer_control/large_seed3407/short_common_scan/A/videos/A_185/location_13.mp4,True,1.0,0,4.164909865189773,0.01781462502931669,0.7503971418581914,195.0,True,True,blue,circle,0.12158048687130661,0.0024682765464416954,0.009793251619899072,True,0.984375,0.9507211538461539
A_185,high,185,0,14,after block 13,13,5.958418702996302,5.993375,2.769375,5.5283750000000005,0.8557692307692308,False,runs/pendulum/unified_mechanism_v2/paired_layer_control/large_seed3407/short_common_scan/A/videos/A_185/location_14.mp4,True,1.0,0,1.357637529812061,0.0011899556730745886,0.6591400108100076,155.0,True,True,red,circle,0.07924525069589362,0.001893151982333204,0.02791932296116849,False,0.015625,nan
A_185,high,185,0,15,after block 14,14,5.958418702996302,5.993375,2.769375,2.955375,0.05769230769230767,False,runs/pendulum/unified_mechanism_v2/paired_layer_control/large_seed3407/short_common_scan/A/videos/A_185/location_15.mp4,True,1.0,0,1.207679154394814,0.0012237315209289445,0.9189157843471627,175.0,True,True,red,circle,0.12799692907909138,-0.013612589378081071,0.017889287150895918,True,1.0,0.05528846153846161
A_185,high,185,0,16,after block 15,15,5.958418702996302,5.993375,2.769375,2.9515000000000002,0.056490384615384644,False,runs/pendulum/unified_mechanism_v2/paired_layer_control/large_seed3407/short_common_scan/A/videos/A_185/location_16.mp4,True,1.0,0,1.1506762692828714,0.0013518818173639813,0.7803574388773794,177.0,True,True,red,circle,0.12946225919117849,-0.010533375311308458,0.012833353867040194,True,1.0,0.056490384615384644
A_185,high,185,0,17,after block 16,16,5.958418702996302,5.993375,2.769375,2.94375,0.05408653846153844,False,runs/pendulum/unified_mechanism_v2/paired_layer_control/large_seed3407/short_common_scan/A/videos/A_185/location_17.mp4,True,1.0,0,1.2684926219342967,0.0012922577472415653,0.83535257425643,180.0,True,True,red,circle,0.13064121483134436,-0.008389234330663404,0.010868888395117527,True,1.0,0.05528846153846161
A_185,high,185,0,18,after block 17,17,5.958418702996302,5.993375,2.769375,2.9282500000000002,0.04927884615384618,False,runs/pendulum/unified_mechanism_v2/paired_layer_control/large_seed3407/short_common_scan/A/videos/A_185/location_18.mp4,True,1.0,0,1.2660495335274018,0.0012136797687189171,0.4751218767225994,180.0,True,True,red,circle,0.12825120938123055,-0.003799616923607583,0.007044574934425527,True,1.0,0.05048076923076921
A_185,high,185,0,19,after block 18,18,5.958418702996302,5.993375,2.769375,2.9398750000000002,0.05288461538461541,False,runs/pendulum/unified_mechanism_v2/paired_layer_control/large_seed3407/short_common_scan/A/videos/A_185/location_19.mp4,True,1.0,0,1.2686717076890028,0.0010684930925651814,0.3714448835784021,182.0,True,True,red,circle,0.13009027422215763,-0.002187091640591828,0.007062583498903162,True,1.0,0.056490384615384644
A_185,high,185,0,20,after block 19,19,5.958418702996302,5.993375,2.769375,2.94375,0.05408653846153844,False,runs/pendulum/unified_mechanism_v2/paired_layer_control/large_seed3407/short_common_scan/A/videos/A_185/location_20.mp4,True,1.0,0,1.3664644396170043,0.0008714430445969645,0.35737809857039277,183.0,True,True,red,circle,0.14289711706939712,0.0009267239151213632,0.006148971168105762,True,1.0,0.05528846153846161
A_185,high,185,0,21,after block 20,20,5.958418702996302,5.993375,2.769375,2.9166250000000002,0.045673076923076955,False,runs/pendulum/unified_mechanism_v2/paired_layer_control/large_seed3407/short_common_scan/A/videos/A_185/location_21.mp4,True,1.0,0,1.285083797100804,0.0009893415932116512,0.35737809857039277,183.0,True,True,red,circle,0.14069904619116053,0.001611870195594467,0.005978898659857443,True,1.0,0.046874999999999986
A_185,high,185,0,22,after block 21,21,5.958418702996302,5.993375,2.769375,2.7887500000000003,0.006009615384615428,False,runs/pendulum/unified_mechanism_v2/paired_layer_control/large_seed3407/short_common_scan/A/videos/A_185/location_22.mp4,True,1.0,0,1.6084972446145394,0.0009830285903405234,0.3511093790580649,188.0,True,True,red,circle,0.16499809813942723,0.007412282784525709,0.006898311375460244,True,1.0,0.006009615384615428
A_185,high,185,0,23,after block 22,22,5.958418702996302,5.993375,2.769375,2.77325,0.0012019230769230306,False,runs/pendulum/unified_mechanism_v2/paired_layer_control/large_seed3407/short_common_scan/A/videos/A_185/location_23.mp4,True,1.0,0,1.6177939545945528,0.0008052321871570844,0.3511093790580649,189.0,True,True,red,circle,0.16554813871103716,0.007678150809406161,0.006999586282213018,True,1.0,0.0
A_185,high,185,0,24,after block 23,23,5.958418702996302,5.993375,2.769375,2.7655000000000003,-0.0012019230769230306,False,runs/pendulum/unified_mechanism_v2/paired_layer_control/large_seed3407/short_common_scan/A/videos/A_185/location_24.mp4,True,1.0,0,1.453837253115789,0.0009492717576407295,0.3511093790580649,189.0,True,True,red,circle,0.166223239046876,0.007467286191236496,0.00657189202218737,True,1.0,-0.002403846153846061
A_185,high,185,0,25,after block 24,24,5.958418702996302,5.993375,2.769375,2.746125,-0.0072115384615384585,False,runs/pendulum/unified_mechanism_v2/paired_layer_control/large_seed3407/short_common_scan/A/videos/A_185/location_25.mp4,True,1.0,0,1.5178252559749743,0.0009666923121570969,0.3511093790580649,190.0,True,True,red,circle,0.16540453193469912,0.007586736424918507,0.0067424217524721525,True,1.0,-0.0072115384615384585
A_185,high,185,0,26,after block 25,25,5.958418702996302,5.993375,2.769375,2.7616250000000004,-0.002403846153846061,False,runs/pendulum/unified_mechanism_v2/paired_layer_control/large_seed3407/short_common_scan/A/videos/A_185/location_26.mp4,True,1.0,0,1.7182572038424342,0.0010517433338669835,0.30272970508688235,191.0,True,True,red,circle,0.16918665560561716,0.006592026539079602,0.006567157548218633,True,1.0,-0.002403846153846061
A_185,high,185,0,27,after block 26,26,5.958418702996302,5.993375,2.769375,2.769375,0.0,False,runs/pendulum/unified_mechanism_v2/paired_layer_control/large_seed3407/short_common_scan/A/videos/A_185/location_27.mp4,True,1.0,0,1.4184499716790482,0.0010856588962738778,0.11892632436807778,191.0,True,True,red,circle,0.16967729647579355,0.006435662713421547,0.005830062312454177,True,1.0,0.0
A_185,high,185,0,28,after block 27,27,5.958418702996302,5.993375,2.769375,2.7655000000000003,-0.0012019230769230306,False,runs/pendulum/unified_mechanism_v2/paired_layer_control/large_seed3407/short_common_scan/A/videos/A_185/location_28.mp4,True,1.0,0,1.7641820364770142,0.001025717864506559,0.10404331775790596,191.0,True,True,red,circle,0.17086469430018372,0.006124598236069424,0.005948289171137302,True,1.0,-0.0012019230769230306
A_185,high,185,0,29,after block 28,28,5.958418702996302,5.993375,2.769375,2.769375,0.0,False,runs/pendulum/unified_mechanism_v2/paired_layer_control/large_seed3407/short_common_scan/A/videos/A_185/location_29.mp4,True,1.0,0,1.7786591782076266,0.0009351151310158234,0.11892632436807778,190.5,True,True,red,circle,0.17205618541391418,0.005572291246164432,0.0063643090609870325,True,1.0,0.0
A_185,high,185,0,30,after block 29,29,5.958418702996302,5.993375,2.769375,2.7655000000000003,-0.0012019230769230306,False,runs/pendulum/unified_mechanism_v2/paired_layer_control/large_seed3407/short_common_scan/A/videos/A_185/location_30.mp4,True,1.0,0,1.6340480348573418,0.0011408289993604104,0.1623921874981505,191.5,True,True,red,circle,0.1726074657070654,0.0051049079602217195,0.006382270887883859,True,1.0,0.0
