receiver_id,target_label,phase_index,diffusion_repeat,location,location_label,block_index_zero_based,omega_true,omega_aligned,omega_conflict,omega_hat,frequency_recovery,aligned_color_recovered,video,valid,detection_rate,max_missing_run,max_adjacent_jump_px,median_length_error,boundary_jump_px,median_area_px,area_valid,fit_valid,detected_color,detected_shape,amplitude_hat,fit_center,fit_rmse,strict_valid,strict_detection_rate,strict_frequency_recovery
B_002,low,2,0,0,embedding output,,2.3281417495092174,2.513625,5.6175,2.5097500000000004,1.0012484394506866,True,runs/pendulum/unified_mechanism_v2/paired_layer_control/large_seed3407/short_common_scan/B/videos/B_002/location_00.mp4,True,1.0,0,1.0014988113624914,0.0015558785888765692,0.19434782031275694,190.0,True,True,red,circle,0.10552189740131668,-0.0032498638538302938,0.00433826575585308,True,0.984375,0.9975031210986268
B_002,low,2,0,1,after block 0,0,2.3281417495092174,2.513625,5.6175,2.513625,1.0,True,runs/pendulum/unified_mechanism_v2/paired_layer_control/large_seed3407/short_common_scan/B/videos/B_002/location_01.mp4,True,1.0,0,0.9563317772547778,0.0014250463149576564,0.15912639997917707,190.5,True,True,red,circle,0.10553855196622254,-0.0033525897887825254,0.00438337361348867,True,0.984375,0.9950062421972535
B_002,low,2,0,2,after block 1,1,2.3281417495092174,2.513625,5.6175,2.5175,0.9987515605493134,True,runs/pendulum/unified_mechanism_v2/paired_layer_control/large_seed3407/short_common_scan/B/videos/B_002/location_02.mp4,True,1.0,0,0.8946017477980813,0.0013936896638910568,0.052299631597578604,190.5,True,True,red,circle,0.10519236572055667,-0.0031859136514075475,0.004437545193936586,True,0.984375,0.9937578027465668
B_002,low,2,0,3,after block 2,2,2.3281417495092174,2.513625,5.6175,2.521375,0.9975031210986268,True,runs/pendulum/unified_mechanism_v2/paired_layer_control/large_seed3407/short_common_scan/B/videos/B_002/location_03.mp4,True,1.0,0,0.9184730952160587,0.001382550222751161,0.14103422735785176,190.5,True,True,red,circle,0.10511068682999171,-0.003346167293171464,0.004604618849631489,True,0.984375,0.9925093632958801
B_002,low,2,0,4,after block 3,3,2.3281417495092174,2.513625,5.6175,2.5175,0.9987515605493134,True,runs/pendulum/unified_mechanism_v2/paired_layer_control/large_seed3407/short_common_scan/B/videos/B_002/location_04.mp4,True,1.0,0,0.9189736740867818,0.0014900325475851461,0.14103422735785176,190.5,True,True,red,circle,0.10540462859707703,-0.003351461445296096,0.004533065738698842,True,0.984375,0.9925093632958801
B_002,low,2,0,5,after block 4,4,2.3281417495092174,2.513625,5.6175,2.52525,0.9962546816479401,True,runs/pendulum/unified_mechanism_v2/paired_layer_control/large_seed3407/short_common_scan/B/videos/B_002/location_05.mp4,True,1.0,0,1.0571042463991391,0.001488377309252692,0.22575151165506677,190.0,True,True,red,circle,0.10518014451430946,-0.0035473831664723176,0.004494435981493149,True,0.984375,0.9912609238451936
B_002,low,2,0,6,after block 5,5,2.3281417495092174,2.513625,5.6175,2.800375,0.9076154806491886,True,runs/pendulum/unified_mechanism_v2/paired_layer_control/large_seed3407/short_common_scan/B/videos/B_002/location_06.mp4,True,0.984375,1,0.7692914522985893,0.0011692034007803609,0.712817241849526,184.0,True,True,red,circle,0.086664138576998,-0.005221952626988896,0.007444674321655217,True,0.984375,0.9088639200998753
B_002,low,2,0,7,after block 6,6,2.3281417495092174,2.513625,5.6175,2.7965,0.9088639200998753,True,runs/pendulum/unified_mechanism_v2/paired_layer_control/large_seed3407/short_common_scan/B/videos/B_002/location_07.mp4,True,0.984375,1,0.7554942785609149,0.0009765129046411802,0.7976908395006612,183.0,True,True,red,circle,0.08736153147044057,-0.005126342514530345,0.007803828452198556,True,0.984375,0.9101123595505618
B_002,low,2,0,8,after block 7,7,2.3281417495092174,2.513625,5.6175,2.815875,0.9026217228464419,True,runs/pendulum/unified_mechanism_v2/paired_layer_control/large_seed3407/short_common_scan/B/videos/B_002/location_08.mp4,True,0.984375,1,0.7708027928233635,0.0010466433487886784,0.7976908395006612,183.0,True,True,red,circle,0.08694058311477176,-0.0048762278595654565,0.007655248503693123,True,0.984375,0.9038701622971286
B_002,low,2,0,9,after block 8,8,2.3281417495092174,2.513625,5.6175,2.815875,0.9026217228464419,True,runs/pendulum/unified_mechanism_v2/paired_layer_control/large_seed3407/short_common_scan/B/videos/B_002/location_09.mp4,True,0.984375,1,0.7997204308564763,0.0009290013464754443,0.8378264293261782,183.0,True,True,red,circle,0.08654793720496251,-0.004879741999073073,0.007671120629891527,True,0.984375,0.9038701622971286
B_002,low,2,0,10,after block 9,9,2.3281417495092174,2.513625,5.6175,2.75,0.9238451935081149,True,runs/pendulum/unified_mechanism_v2/paired_layer_control/large_seed3407/short_common_scan/B/videos/B_002/location_10.mp4,True,0.984375,1,0.8456583253233998,0.001109030748838391,0.8378264293261782,182.0,True,True,red,circle,0.08791562948996517,-0.005782124860648782,0.009016087465382322,True,0.984375,0.9213483146067416
B_002,low,2,0,11,after block 10,10,2.3281417495092174,2.513625,5.6175,2.7965,0.9088639200998753,True,runs/pendulum/unified_mechanism_v2/paired_layer_control/large_seed3407/short_common_scan/B/videos/B_002/location_11.mp4,True,0.984375,1,0.8251142353524614,0.0008547278275183312,0.8378264293261782,182.0,True,True,red,circle,0.08600900132374369,-0.00489131089894024,0.008652965162297866,True,0.984375,0.9101123595505618
B_002,low,2,0,12,after block 11,11,2.3281417495092174,2.513625,5.6175,2.8120000000000003,0.9038701622971286,True,runs/pendulum/unified_mechanism_v2/paired_layer_control/large_seed3407/short_common_scan/B/videos/B_002/location_12.mp4,True,0.984375,1,0.8036707505273795,0.0008507797572929188,0.7999101010817735,181.0,True,True,red,circle,0.08092850670411768,-0.004460661107784433,0.009132266552077313,True,0.984375,0.9026217228464419
B_002,low,2,0,13,after block 12,12,2.3281417495092174,2.513625,5.6175,2.792625,0.9101123595505618,True,runs/pendulum/unified_mechanism_v2/paired_layer_control/large_seed3407/short_common_scan/B/videos/B_002/location_13.mp4,True,0.984375,1,0.6917805628293563,0.0008536109551190996,0.5867211793271988,177.0,True,True,red,circle,0.07244738093829843,-0.005697263224296397,0.01337425615753996,True,0.984375,0.9113607990012484
B_002,low,2,0,14,after block 13,13,2.3281417495092174,2.513625,5.6175,2.769375,0.9176029962546817,False,runs/pendulum/unified_mechanism_v2/paired_layer_control/large_seed3407/short_common_scan/B/videos/B_002/location_14.mp4,True,1.0,0,8.719529969745194,0.02777217875021959,2.647854880267049,77.0,True,True,blue,circle,0.029660550389390083,0.018882399988942592,0.014673417777164762,False,0.015625,nan
B_002,low,2,0,15,after block 14,14,2.3281417495092174,2.513625,5.6175,5.040125,0.18601747815230962,False,runs/pendulum/unified_mechanism_v2/paired_layer_control/large_seed3407/short_common_scan/B/videos/B_002/location_15.mp4,True,1.0,0,4.082433828376564,0.018832555896808434,2.1924028730565115,186.0,True,True,blue,circle,0.05453633755162863,0.005478345983930158,0.023570425863529053,False,0.015625,nan
B_002,low,2,0,16,after block 15,15,2.3281417495092174,2.513625,5.6175,5.125375,0.15855181023720344,False,runs/pendulum/unified_mechanism_v2/paired_layer_control/large_seed3407/short_common_scan/B/videos/B_002/location_16.mp4,True,1.0,0,2.716063266348099,0.0169658390518842,2.18038075469564,195.0,True,True,blue,circle,0.08311393225546175,0.003029636664871148,0.011679360922619663,False,0.71875,0.1760299625468163
B_002,low,2,0,17,after block 16,16,2.3281417495092174,2.513625,5.6175,5.175750000000001,0.14232209737827684,False,runs/pendulum/unified_mechanism_v2/paired_layer_control/large_seed3407/short_common_scan/B/videos/B_002/location_17.mp4,True,1.0,0,3.1090182728563067,0.01777285479670679,2.381009052415503,197.5,True,True,blue,circle,0.08779878695398446,0.0023482792515422016,0.009755154004945808,True,1.0,0.1647940074906367
B_002,low,2,0,18,after block 17,17,2.3281417495092174,2.513625,5.6175,6.132875,-0.16604244694132356,False,runs/pendulum/unified_mechanism_v2/paired_layer_control/large_seed3407/short_common_scan/B/videos/B_002/location_18.mp4,True,1.0,0,2.427392310381193,0.018930754042267184,2.099209790015108,200.0,True,True,blue,circle,0.07753257995987377,0.006118269918713507,0.005934665884000839,True,1.0,-0.15605493133583023
B_002,low,2,0,19,after block 18,18,2.3281417495092174,2.513625,5.6175,5.900375,-0.09113607990012507,False,runs/pendulum/unified_mechanism_v2/paired_layer_control/large_seed3407/short_common_scan/B/videos/B_002/location_19.mp4,True,1.0,0,2.8589727397358295,0.018945507629547442,2.099209790015108,200.0,True,True,blue,circle,0.07390015398788224,0.008789850622845114,0.00745808441127649,True,1.0,-0.08364544319600523
B_002,low,2,0,20,after block 19,19,2.3281417495092174,2.513625,5.6175,5.726,-0.03495630461922606,False,runs/pendulum/unified_mechanism_v2/paired_layer_control/large_seed3407/short_common_scan/B/videos/B_002/location_20.mp4,True,1.0,0,3.355248716140475,0.01841540464047181,2.108468838054172,203.0,True,True,blue,circle,0.07281440347681523,0.009365624129488177,0.008403905924144119,True,1.0,-0.0287141073657928
B_002,low,2,0,21,after block 20,20,2.3281417495092174,2.513625,5.6175,5.695,-0.02496878901373302,False,runs/pendulum/unified_mechanism_v2/paired_layer_control/large_seed3407/short_common_scan/B/videos/B_002/location_21.mp4,True,1.0,0,3.6322749985309795,0.019225225936742113,2.4816887435247392,204.5,True,True,blue,circle,0.07911820251828994,0.008177136605813672,0.007856716970985434,True,1.0,-0.021223470661672954
B_002,low,2,0,22,after block 21,21,2.3281417495092174,2.513625,5.6175,5.900375,-0.09113607990012507,False,runs/pendulum/unified_mechanism_v2/paired_layer_control/large_seed3407/short_common_scan/B/videos/B_002/location_22.mp4,True,1.0,0,3.416908187448199,0.01867945231684348,2.2952960635018465,204.5,True,True,blue,circle,0.06986727084436749,0.005180701958638545,0.008792260352661136,True,1.0,-0.09113607990012507
B_002,low,2,0,23,after block 22,22,2.3281417495092174,2.513625,5.6175,5.815125,-0.06367041198501885,False,runs/pendulum/unified_mechanism_v2/paired_layer_control/large_seed3407/short_common_scan/B/videos/B_002/location_23.mp4,True,1.0,0,3.4906810265086508,0.018050982222907325,2.046507864638204,204.0,True,True,blue,circle,0.07180985057982876,0.004958152702986001,0.008136955702132645,True,1.0,-0.06367041198501885
B_002,low,2,0,24,after block 23,23,2.3281417495092174,2.513625,5.6175,5.76475,-0.04744069912609257,False,runs/pendulum/unified_mechanism_v2/paired_layer_control/large_seed3407/short_common_scan/B/videos/B_002/location_24.mp4,True,1.0,0,3.3423599340079435,0.018385797640154217,1.799092825395879,204.5,True,True,blue,circle,0.06924648220465773,0.00568147840241284,0.009126284943409477,True,1.0,-0.049937578027465755
B_002,low,2,0,25,after block 24,24,2.3281417495092174,2.513625,5.6175,5.613625,0.0012484394506865938,False,runs/pendulum/unified_mechanism_v2/paired_layer_control/large_seed3407/short_common_scan/B/videos/B_002/location_25.mp4,True,1.0,0,3.020107052290007,0.017114707943194113,2.1480972799509304,207.0,True,True,blue,circle,0.07919011200158611,0.0030619024210629437,0.00611281930955821,True,1.0,-0.0
B_002,low,2,0,26,after block 25,25,2.3281417495092174,2.513625,5.6175,5.62525,-0.002496878901373474,False,runs/pendulum/unified_mechanism_v2/paired_layer_control/large_seed3407/short_common_scan/B/videos/B_002/location_26.mp4,True,1.0,0,2.9771873697852174,0.017724092187614227,2.2395805812113867,206.0,True,True,blue,circle,0.07921441796544133,0.003848804060665446,0.006168178448035319,True,1.0,-0.004993757802746661
B_002,low,2,0,27,after block 26,26,2.3281417495092174,2.513625,5.6175,5.6213750000000005,-0.00124843945068688,False,runs/pendulum/unified_mechanism_v2/paired_layer_control/large_seed3407/short_common_scan/B/videos/B_002/location_27.mp4,True,1.0,0,2.9274498460332583,0.01809201760406412,2.30043420777448,209.0,True,True,blue,circle,0.07881611265710645,0.003521004112006385,0.006084709798032184,True,1.0,-0.003745318352060068
B_002,low,2,0,28,after block 27,27,2.3281417495092174,2.513625,5.6175,5.60975,0.0024968789013731876,False,runs/pendulum/unified_mechanism_v2/paired_layer_control/large_seed3407/short_common_scan/B/videos/B_002/location_28.mp4,True,1.0,0,3.335917735403916,0.01853257742259304,2.429591866053488,209.0,True,True,blue,circle,0.0797866383604028,0.0032365954064200743,0.006360169729110477,True,1.0,0.0024968789013731876
B_002,low,2,0,29,after block 28,28,2.3281417495092174,2.513625,5.6175,5.6175,-0.0,False,runs/pendulum/unified_mechanism_v2/paired_layer_control/large_seed3407/short_common_scan/B/videos/B_002/location_29.mp4,True,1.0,0,3.2530113469869275,0.018730687584872535,2.3479314384593044,210.0,True,True,blue,circle,0.07930484553440043,0.0034251555097999037,0.006256824329270578,True,1.0,0.0024968789013731876
B_002,low,2,0,30,after block 29,29,2.3281417495092174,2.513625,5.6175,5.6213750000000005,-0.00124843945068688,False,runs/pendulum/unified_mechanism_v2/paired_layer_control/large_seed3407/short_common_scan/B/videos/B_002/location_30.mp4,True,1.0,0,3.531195330851497,0.019556922360496026,2.3382746124567713,211.0,True,True,blue,circle,0.07874378886560822,0.0035010122007906957,0.006606426603278303,True,1.0,-0.0
B_003,low,3,0,0,embedding output,,2.4739467604667036,2.5097500000000004,5.447,2.5097500000000004,1.0,True,runs/pendulum/unified_mechanism_v2/paired_layer_control/large_seed3407/short_common_scan/B/videos/B_003/location_00.mp4,True,1.0,0,0.8747318629257258,0.0012986575824209534,0.45892776076035663,191.0,True,True,red,circle,0.10496080757715524,0.0013109823973475165,0.006105854085086505,True,0.984375,0.9986807387862797
B_003,low,3,0,1,after block 0,0,2.4739467604667036,2.5097500000000004,5.447,2.513625,0.9986807387862797,True,runs/pendulum/unified_mechanism_v2/paired_layer_control/large_seed3407/short_common_scan/B/videos/B_003/location_01.mp4,True,1.0,0,0.8253777973236591,0.0013659217953122527,0.4524812663557999,191.0,True,True,red,circle,0.10531907190645892,0.0013621575447490322,0.006215489973340892,True,0.984375,0.9986807387862797
B_003,low,3,0,2,after block 1,1,2.4739467604667036,2.5097500000000004,5.447,2.513625,0.9986807387862797,True,runs/pendulum/unified_mechanism_v2/paired_layer_control/large_seed3407/short_common_scan/B/videos/B_003/location_02.mp4,True,1.0,0,0.8710060892043683,0.0014332048519912488,0.4002482343909697,190.0,True,True,red,circle,0.10564643941149192,0.001254588039535182,0.00596751019408508,True,0.984375,0.9986807387862797
B_003,low,3,0,3,after block 2,2,2.4739467604667036,2.5097500000000004,5.447,2.505875,1.0013192612137205,True,runs/pendulum/unified_mechanism_v2/paired_layer_control/large_seed3407/short_common_scan/B/videos/B_003/location_03.mp4,True,1.0,0,0.8195520019809223,0.0013779961705436827,0.4002482343909697,191.0,True,True,red,circle,0.10564523877347243,0.0014634907079792904,0.005862793452093064,True,0.984375,1.0013192612137205
B_003,low,3,0,4,after block 3,3,2.4739467604667036,2.5097500000000004,5.447,2.513625,0.9986807387862797,True,runs/pendulum/unified_mechanism_v2/paired_layer_control/large_seed3407/short_common_scan/B/videos/B_003/location_04.mp4,True,1.0,0,0.827074760915528,0.001527171390580867,0.4524812663557999,191.0,True,True,red,circle,0.10562585387144595,0.0013847446561231994,0.006019241135500539,True,0.984375,0.9986807387862797
B_003,low,3,0,5,after block 4,4,2.4739467604667036,2.5097500000000004,5.447,2.513625,0.9986807387862797,True,runs/pendulum/unified_mechanism_v2/paired_layer_control/large_seed3407/short_common_scan/B/videos/B_003/location_05.mp4,True,1.0,0,0.8771243756987328,0.001374065162057847,0.3634845505723261,190.0,True,True,red,circle,0.105673181419109,0.0013429695382010964,0.005877962478619512,True,0.984375,0.9986807387862797
B_003,low,3,0,6,after block 5,5,2.4739467604667036,2.5097500000000004,5.447,2.529125,0.9934036939313985,True,runs/pendulum/unified_mechanism_v2/paired_layer_control/large_seed3407/short_common_scan/B/videos/B_003/location_06.mp4,True,1.0,0,0.9051171136174344,0.0011145937450509902,0.19450448129399153,186.0,True,True,red,circle,0.09778400285442898,0.0014030123846845118,0.00914669454170986,True,0.984375,0.9934036939313985
B_003,low,3,0,7,after block 6,6,2.4739467604667036,2.5097500000000004,5.447,2.529125,0.9934036939313985,True,runs/pendulum/unified_mechanism_v2/paired_layer_control/large_seed3407/short_common_scan/B/videos/B_003/location_07.mp4,True,1.0,0,0.959438844290656,0.0011071819481311695,0.2841339530456454,184.0,True,True,red,circle,0.09811604374595495,0.0013618920340575757,0.00930097131365108,True,0.984375,0.9934036939313985
B_003,low,3,0,8,after block 7,7,2.4739467604667036,2.5097500000000004,5.447,2.505875,1.0013192612137205,True,runs/pendulum/unified_mechanism_v2/paired_layer_control/large_seed3407/short_common_scan/B/videos/B_003/location_08.mp4,True,1.0,0,0.9322991894480129,0.0010436640760363158,0.36203111443556335,184.0,True,True,red,circle,0.09873646106845638,0.0014825884949453611,0.009613112768589782,True,0.984375,1.0
B_003,low,3,0,9,after block 8,8,2.4739467604667036,2.5097500000000004,5.447,2.513625,0.9986807387862797,True,runs/pendulum/unified_mechanism_v2/paired_layer_control/large_seed3407/short_common_scan/B/videos/B_003/location_09.mp4,True,1.0,0,0.8809104370536736,0.0011083502307233373,0.33925370217551476,184.0,True,True,red,circle,0.0987755209211014,0.001219881426590192,0.009545661119413127,True,0.984375,0.9973614775725594
B_003,low,3,0,10,after block 9,9,2.4739467604667036,2.5097500000000004,5.447,2.482625,1.0092348284960424,True,runs/pendulum/unified_mechanism_v2/paired_layer_control/large_seed3407/short_common_scan/B/videos/B_003/location_10.mp4,True,1.0,0,0.9178943410048661,0.001215565343562125,0.3717779292823739,184.0,True,True,red,circle,0.10101025486478825,0.00032063229634801357,0.009035990131633614,True,0.984375,1.007915567282322
B_003,low,3,0,11,after block 10,10,2.4739467604667036,2.5097500000000004,5.447,2.4206250000000002,1.0303430079155673,True,runs/pendulum/unified_mechanism_v2/paired_layer_control/large_seed3407/short_common_scan/B/videos/B_003/location_11.mp4,True,1.0,0,0.9251759626453491,0.0011745434656832976,0.8215273929404524,183.0,True,True,red,circle,0.09953903387720439,0.001064750349983638,0.010531068005499078,True,0.984375,1.0250659630606862
B_003,low,3,0,12,after block 11,11,2.4739467604667036,2.5097500000000004,5.447,2.4245,1.029023746701847,True,runs/pendulum/unified_mechanism_v2/paired_layer_control/large_seed3407/short_common_scan/B/videos/B_003/location_12.mp4,True,1.0,0,0.9190232940939174,0.0010973921653399388,1.091350025031157,181.5,True,True,red,circle,0.09696963868035112,0.00044112413666975953,0.012259611083778037,True,0.984375,1.0263852242744065
B_003,low,3,0,13,after block 12,12,2.4739467604667036,2.5097500000000004,5.447,2.3702500000000004,1.0474934036939314,True,runs/pendulum/unified_mechanism_v2/paired_layer_control/large_seed3407/short_common_scan/B/videos/B_003/location_13.mp4,True,0.984375,1,0.9024268478433648,0.0009718545972419168,0.3793519005049887,177.0,True,True,red,circle,0.08895076688493175,0.0015842693223198988,0.01713743864627425,True,0.984375,1.04089709762533
B_003,low,3,0,14,after block 13,13,2.4739467604667036,2.5097500000000004,5.447,1.2000000000000002,1.4459102902374672,False,runs/pendulum/unified_mechanism_v2/paired_layer_control/large_seed3407/short_common_scan/B/videos/B_003/location_14.mp4,True,1.0,0,7.255116490003534,0.025971179976300413,0.41108319955290357,111.0,True,True,blue,circle,0.08352351347854173,-0.03311571379878681,0.028174977991665292,False,0.015625,nan
B_003,low,3,0,15,after block 14,14,2.4739467604667036,2.5097500000000004,5.447,4.9083749999999995,0.18337730870712424,False,runs/pendulum/unified_mechanism_v2/paired_layer_control/large_seed3407/short_common_scan/B/videos/B_003/location_15.mp4,True,1.0,0,3.688697890533236,0.018271115558426615,0.3163043610387001,184.0,True,True,blue,circle,0.05524602319668886,0.007302373368216493,0.03252019073819689,False,0.03125,nan
B_003,low,3,0,16,after block 15,15,2.4739467604667036,2.5097500000000004,5.447,5.664000000000001,-0.07387862796833791,False,runs/pendulum/unified_mechanism_v2/paired_layer_control/large_seed3407/short_common_scan/B/videos/B_003/location_16.mp4,True,1.0,0,3.0854073460773113,0.018946699982456627,0.4305893499928034,195.5,True,True,blue,circle,0.07507792870491835,0.004624147943148017,0.017309502110614505,False,0.890625,-0.10554089709762551
B_003,low,3,0,17,after block 16,16,2.4739467604667036,2.5097500000000004,5.447,6.256875,-0.2757255936675462,False,runs/pendulum/unified_mechanism_v2/paired_layer_control/large_seed3407/short_common_scan/B/videos/B_003/location_17.mp4,True,1.0,0,3.2562237347175227,0.017898857355124337,0.7359338368451591,202.0,True,True,blue,circle,0.09109678779637884,0.007468859908367382,0.013831751683020737,True,1.0,-0.2704485488126651
B_003,low,3,0,18,after block 17,17,2.4739467604667036,2.5097500000000004,5.447,5.788,-0.11609498680738795,False,runs/pendulum/unified_mechanism_v2/paired_layer_control/large_seed3407/short_common_scan/B/videos/B_003/location_18.mp4,True,1.0,0,2.6354224600319274,0.01791162378026659,0.8056546350234488,202.0,True,True,blue,circle,0.09562817345921674,0.005415890688781726,0.012588303058435744,True,1.0,-0.10949868073878631
B_003,low,3,0,19,after block 18,18,2.4739467604667036,2.5097500000000004,5.447,5.633,-0.06332453825857519,False,runs/pendulum/unified_mechanism_v2/paired_layer_control/large_seed3407/short_common_scan/B/videos/B_003/location_19.mp4,True,1.0,0,3.2966302158026815,0.017575731053225463,0.8412549204821569,201.5,True,True,blue,circle,0.09679953416759376,0.005385011818971528,0.011467957748593093,True,1.0,-0.059366754617414384
B_003,low,3,0,20,after block 19,19,2.4739467604667036,2.5097500000000004,5.447,5.602,-0.05277044854881276,False,runs/pendulum/unified_mechanism_v2/paired_layer_control/large_seed3407/short_common_scan/B/videos/B_003/location_20.mp4,True,1.0,0,2.579761692889644,0.017331413053517486,1.0527789574315287,204.0,True,True,blue,circle,0.09878237244196006,0.005043945212613719,0.01137835436294922,True,1.0,-0.05408970976253302
B_003,low,3,0,21,after block 20,20,2.4739467604667036,2.5097500000000004,5.447,5.590375,-0.048812664907651654,False,runs/pendulum/unified_mechanism_v2/paired_layer_control/large_seed3407/short_common_scan/B/videos/B_003/location_21.mp4,True,1.0,0,2.872112144332949,0.016620132215096006,0.9363427215384563,202.5,True,True,blue,circle,0.10561447576968698,0.004132821123468268,0.011595828785668201,True,1.0,-0.04617414248021112
B_003,low,3,0,22,after block 21,21,2.4739467604667036,2.5097500000000004,5.447,5.57875,-0.044854881266490856,False,runs/pendulum/unified_mechanism_v2/paired_layer_control/large_seed3407/short_common_scan/B/videos/B_003/location_22.mp4,True,1.0,0,2.866421556734684,0.017877618939486334,3.0766565714777254,204.5,True,True,blue,circle,0.09541840953777783,0.0005666943707990876,0.007663465722149491,True,1.0,-0.04749340369393139
B_003,low,3,0,23,after block 22,22,2.4739467604667036,2.5097500000000004,5.447,5.60975,-0.05540897097625329,False,runs/pendulum/unified_mechanism_v2/paired_layer_control/large_seed3407/short_common_scan/B/videos/B_003/location_23.mp4,True,1.0,0,2.78667732288018,0.018536031403454056,2.7690446987067654,204.0,True,True,blue,circle,0.09664241268876066,0.0006230524821763519,0.007695993937415825,True,1.0,-0.059366754617414384
B_003,low,3,0,24,after block 23,23,2.4739467604667036,2.5097500000000004,5.447,5.59425,-0.05013192612137192,False,runs/pendulum/unified_mechanism_v2/paired_layer_control/large_seed3407/short_common_scan/B/videos/B_003/location_24.mp4,True,1.0,0,2.7905664931437197,0.018346584835726792,2.7613487458500456,205.0,True,True,blue,circle,0.09696342209092364,0.0006619834508772515,0.007860239532932646,True,1.0,-0.05277044854881276
B_003,low,3,0,25,after block 24,24,2.4739467604667036,2.5097500000000004,5.447,5.56325,-0.03957783641160949,False,runs/pendulum/unified_mechanism_v2/paired_layer_control/large_seed3407/short_common_scan/B/videos/B_003/location_25.mp4,True,1.0,0,2.964325550566628,0.01759117682472497,2.1922205736585516,209.0,True,True,blue,circle,0.10601129872324802,-0.00034030618607613537,0.007432980216105276,True,1.0,-0.03957783641160949
B_003,low,3,0,26,after block 25,25,2.4739467604667036,2.5097500000000004,5.447,5.520625,-0.02506596306068596,False,runs/pendulum/unified_mechanism_v2/paired_layer_control/large_seed3407/short_common_scan/B/videos/B_003/location_26.mp4,True,1.0,0,3.0997069610799386,0.017422817399873863,2.6517612891343068,209.5,True,True,blue,circle,0.10559874707161995,0.0007578080690784585,0.005960682580840387,True,1.0,-0.026385224274406226
B_003,low,3,0,27,after block 26,26,2.4739467604667036,2.5097500000000004,5.447,5.4586250000000005,-0.0039577836411611,False,runs/pendulum/unified_mechanism_v2/paired_layer_control/large_seed3407/short_common_scan/B/videos/B_003/location_27.mp4,True,1.0,0,3.0069173655759216,0.016869193970341256,2.930726973017976,209.0,True,True,blue,circle,0.10638225645284487,0.0003794285073774383,0.005865378658884425,True,1.0,-0.005277044854881366
B_003,low,3,0,28,after block 27,27,2.4739467604667036,2.5097500000000004,5.447,5.4625,-0.005277044854881366,False,runs/pendulum/unified_mechanism_v2/paired_layer_control/large_seed3407/short_common_scan/B/videos/B_003/location_28.mp4,True,1.0,0,3.0744440162524183,0.017100122167323817,2.519652861999834,208.0,True,True,blue,circle,0.10791156959322312,-7.166457472655818e-06,0.005907424598706664,True,1.0,-0.005277044854881366
B_003,low,3,0,29,after block 28,28,2.4739467604667036,2.5097500000000004,5.447,5.447,-0.0,False,runs/pendulum/unified_mechanism_v2/paired_layer_control/large_seed3407/short_common_scan/B/videos/B_003/location_29.mp4,True,1.0,0,3.2289464526860625,0.016619676918320114,2.6992204068182395,208.5,True,True,blue,circle,0.10738810492331391,0.00038296674964984046,0.005934469460129859,True,1.0,-0.0
B_003,low,3,0,30,after block 29,29,2.4739467604667036,2.5097500000000004,5.447,5.450875,-0.001319261213720266,False,runs/pendulum/unified_mechanism_v2/paired_layer_control/large_seed3407/short_common_scan/B/videos/B_003/location_30.mp4,True,1.0,0,3.147557092044029,0.016698966945890736,2.6385382937886805,208.0,True,True,blue,circle,0.10739267731868618,0.0008918026325112117,0.005941177043119183,True,1.0,-0.0
B_004,low,4,0,0,embedding output,,2.228327834330999,2.2385,5.3385,2.2346250000000003,1.00125,True,runs/pendulum/unified_mechanism_v2/paired_layer_control/large_seed3407/short_common_scan/B/videos/B_004/location_00.mp4,True,1.0,0,0.8297110203299176,0.0013538229944037306,0.863826639306937,190.0,True,True,red,circle,0.12560514038220294,-0.0010101491695065513,0.004817267221725974,True,0.984375,1.0
B_004,low,4,0,1,after block 0,0,2.228327834330999,2.2385,5.3385,2.2385,1.0,True,runs/pendulum/unified_mechanism_v2/paired_layer_control/large_seed3407/short_common_scan/B/videos/B_004/location_01.mp4,True,1.0,0,0.8711383091676714,0.0012970583458846718,0.8583028317072823,190.0,True,True,red,circle,0.1255220687470977,-0.001018746794602832,0.004732281714283862,True,0.984375,0.99875
B_004,low,4,0,2,after block 1,1,2.228327834330999,2.2385,5.3385,2.2385,1.0,True,runs/pendulum/unified_mechanism_v2/paired_layer_control/large_seed3407/short_common_scan/B/videos/B_004/location_02.mp4,True,1.0,0,0.8693826519277078,0.0013763385139311801,0.8264210678370864,190.0,True,True,red,circle,0.1259296429418852,-0.0009451490422357266,0.004798116730038545,True,0.984375,0.99875
B_004,low,4,0,3,after block 2,2,2.228327834330999,2.2385,5.3385,2.2385,1.0,True,runs/pendulum/unified_mechanism_v2/paired_layer_control/large_seed3407/short_common_scan/B/videos/B_004/location_03.mp4,True,1.0,0,0.8317587617256635,0.001299643098868264,0.8264210678370864,190.0,True,True,red,circle,0.12586002804066315,-0.00099375059542195,0.004758519832377848,True,0.984375,0.9975
B_004,low,4,0,4,after block 3,3,2.228327834330999,2.2385,5.3385,2.2385,1.0,True,runs/pendulum/unified_mechanism_v2/paired_layer_control/large_seed3407/short_common_scan/B/videos/B_004/location_04.mp4,True,1.0,0,0.9050934735724501,0.0012606481391874702,0.903620724437339,190.0,True,True,red,circle,0.12623110068150967,-0.0009290106960688142,0.004743254035166075,True,0.984375,0.99875
B_004,low,4,0,5,after block 4,4,2.228327834330999,2.2385,5.3385,2.2385,1.0,True,runs/pendulum/unified_mechanism_v2/paired_layer_control/large_seed3407/short_common_scan/B/videos/B_004/location_05.mp4,True,1.0,0,0.8106681233769221,0.0012625216073111345,0.8672867156307874,190.0,True,True,red,circle,0.1261557155763346,-0.0009468440097553493,0.0048182750987659515,True,0.984375,0.99875
B_004,low,4,0,6,after block 5,5,2.228327834330999,2.2385,5.3385,2.2578750000000003,0.9937499999999999,True,runs/pendulum/unified_mechanism_v2/paired_layer_control/large_seed3407/short_common_scan/B/videos/B_004/location_06.mp4,True,1.0,0,1.484142206402663,0.0012605191617320044,0.4246172303155014,186.0,True,True,red,circle,0.11663748413241937,-0.001727414131981919,0.004134648152515401,True,0.984375,0.99625
B_004,low,4,0,7,after block 6,6,2.228327834330999,2.2385,5.3385,2.26175,0.9925,True,runs/pendulum/unified_mechanism_v2/paired_layer_control/large_seed3407/short_common_scan/B/videos/B_004/location_07.mp4,True,1.0,0,2.725711597092265,0.0011644547850085396,1.2474402703825358,186.0,True,True,red,circle,0.1173481130049866,-0.0018421800515380322,0.00659872993390651,True,0.984375,0.99625
B_004,low,4,0,8,after block 7,7,2.228327834330999,2.2385,5.3385,2.26175,0.9925,True,runs/pendulum/unified_mechanism_v2/paired_layer_control/large_seed3407/short_common_scan/B/videos/B_004/location_08.mp4,True,0.984375,1,0.8380960052528661,0.0010996353453433527,1.569697781724487,185.0,True,True,red,circle,0.11527973229342484,-0.0014534499209688382,0.0038024279172041374,True,0.984375,0.9912500000000001
B_004,low,4,0,9,after block 8,8,2.228327834330999,2.2385,5.3385,2.26175,0.9925,True,runs/pendulum/unified_mechanism_v2/paired_layer_control/large_seed3407/short_common_scan/B/videos/B_004/location_09.mp4,True,0.984375,1,0.8707785776914218,0.001080782042968853,1.5755730226444529,185.0,True,True,red,circle,0.11564356240827285,-0.0014126669517787935,0.0037793322597389073,True,0.984375,0.9925
B_004,low,4,0,10,after block 9,9,2.228327834330999,2.2385,5.3385,2.265625,0.9912500000000001,True,runs/pendulum/unified_mechanism_v2/paired_layer_control/large_seed3407/short_common_scan/B/videos/B_004/location_10.mp4,True,0.984375,1,0.9498073752528705,0.0011477536361582663,1.6148860620455383,184.0,True,True,red,circle,0.11693453047983483,-0.0012371213171416416,0.0036166496584353,True,0.984375,0.98875
B_004,low,4,0,11,after block 10,10,2.228327834330999,2.2385,5.3385,2.273375,0.98875,True,runs/pendulum/unified_mechanism_v2/paired_layer_control/large_seed3407/short_common_scan/B/videos/B_004/location_11.mp4,True,0.984375,1,1.0137103304877975,0.0010164682400335967,1.6910230680864955,184.0,True,True,red,circle,0.11503421817537375,-0.0008985790446674712,0.0037472678361728917,True,0.984375,0.985
B_004,low,4,0,12,after block 11,11,2.228327834330999,2.2385,5.3385,2.288875,0.98375,True,runs/pendulum/unified_mechanism_v2/paired_layer_control/large_seed3407/short_common_scan/B/videos/B_004/location_12.mp4,True,0.984375,1,0.8161171769142167,0.001059673530219074,1.8580101087058605,183.0,True,True,red,circle,0.10935914852817598,-0.0013482174326639985,0.004383672408401208,True,0.984375,0.98375
B_004,low,4,0,13,after block 12,12,2.228327834330999,2.2385,5.3385,2.16875,1.0225,True,runs/pendulum/unified_mechanism_v2/paired_layer_control/large_seed3407/short_common_scan/B/videos/B_004/location_13.mp4,True,0.984375,1,0.8796471899448911,0.0012175810872635529,1.7868358763471395,180.0,True,True,red,circle,0.10092784169732988,-0.0014046560432386481,0.00893755611363857,True,0.984375,1.01875
B_004,low,4,0,14,after block 13,13,2.228327834330999,2.2385,5.3385,4.040375,0.41874999999999996,False,runs/pendulum/unified_mechanism_v2/paired_layer_control/large_seed3407/short_common_scan/B/videos/B_004/location_14.mp4,True,1.0,0,7.895430715182067,0.048293345759432116,3.14871986300011,54.0,True,True,blue,circle,0.022971942158183708,0.014921756558181157,0.02336082043111514,False,0.015625,nan
B_004,low,4,0,15,after block 14,14,2.228327834330999,2.2385,5.3385,2.056375,1.05875,False,runs/pendulum/unified_mechanism_v2/paired_layer_control/large_seed3407/short_common_scan/B/videos/B_004/location_15.mp4,True,1.0,0,3.061365250059583,0.017173553390954,3.0944304896505006,182.0,True,True,blue,circle,0.03417913432290268,0.00751555249203169,0.02473590853757795,False,0.03125,nan
B_004,low,4,0,16,after block 15,15,2.228327834330999,2.2385,5.3385,5.50125,-0.05249999999999999,False,runs/pendulum/unified_mechanism_v2/paired_layer_control/large_seed3407/short_common_scan/B/videos/B_004/location_16.mp4,True,1.0,0,3.805265181249857,0.016568071431277448,3.140951695737075,194.0,True,True,blue,circle,0.09348679681588828,0.008670072680624818,0.013147186229096976,False,0.765625,-0.05625000000000013
B_004,low,4,0,17,after block 16,16,2.228327834330999,2.2385,5.3385,5.6175,-0.08999999999999998,False,runs/pendulum/unified_mechanism_v2/paired_layer_control/large_seed3407/short_common_scan/B/videos/B_004/location_17.mp4,True,1.0,0,3.6053818463426404,0.01843805088167752,2.9154577566275393,200.0,True,True,blue,circle,0.11023348358330406,0.0074250596111553645,0.011119580653497094,True,1.0,-0.05875000000000004
B_004,low,4,0,18,after block 17,17,2.228327834330999,2.2385,5.3385,5.42375,-0.02750000000000009,False,runs/pendulum/unified_mechanism_v2/paired_layer_control/large_seed3407/short_common_scan/B/videos/B_004/location_18.mp4,True,1.0,0,3.1782045378405486,0.01689482448763624,3.4807830906795685,203.0,True,True,blue,circle,0.1152057802098169,0.005417269704501529,0.009870670070240839,True,1.0,-0.01000000000000019
B_004,low,4,0,19,after block 18,18,2.228327834330999,2.2385,5.3385,5.404375,-0.021250000000000043,False,runs/pendulum/unified_mechanism_v2/paired_layer_control/large_seed3407/short_common_scan/B/videos/B_004/location_19.mp4,True,1.0,0,3.2301910902341184,0.017186919731340566,3.7170763745770126,204.5,True,True,blue,circle,0.11446823042545605,0.006434871798358525,0.010724991607799966,True,1.0,-0.0025000000000001904
B_004,low,4,0,20,after block 19,19,2.228327834330999,2.2385,5.3385,5.3695,-0.01000000000000019,False,runs/pendulum/unified_mechanism_v2/paired_layer_control/large_seed3407/short_common_scan/B/videos/B_004/location_20.mp4,True,1.0,0,3.3403293785476174,0.017272364367864,3.9386194067399094,204.5,True,True,blue,circle,0.1160514808573725,0.005931422618203926,0.009934208428481483,True,1.0,-0.0037500000000001425
B_004,low,4,0,21,after block 20,20,2.228327834330999,2.2385,5.3385,5.36175,-0.007499999999999999,False,runs/pendulum/unified_mechanism_v2/paired_layer_control/large_seed3407/short_common_scan/B/videos/B_004/location_21.mp4,True,1.0,0,3.8700188169741168,0.016821675834708782,4.616044111980845,202.0,True,True,blue,circle,0.12319781495121508,0.00438737579196993,0.009558111146004944,True,1.0,-0.0025000000000001904
B_004,low,4,0,22,after block 21,21,2.228327834330999,2.2385,5.3385,5.4005,-0.02000000000000009,False,runs/pendulum/unified_mechanism_v2/paired_layer_control/large_seed3407/short_common_scan/B/videos/B_004/location_22.mp4,True,1.0,0,3.8815616486105817,0.016108056803480625,4.637065065525196,204.0,True,True,blue,circle,0.11032466456694212,0.0017510806859716108,0.006073032300104127,True,1.0,-0.018750000000000138
B_004,low,4,0,23,after block 22,22,2.228327834330999,2.2385,5.3385,5.40825,-0.022499999999999996,False,runs/pendulum/unified_mechanism_v2/paired_layer_control/large_seed3407/short_common_scan/B/videos/B_004/location_23.mp4,True,1.0,0,3.699450192931405,0.015927271268268955,4.5956232182829435,205.0,True,True,blue,circle,0.11182682922318658,0.0015594085579372073,0.006225396890601291,True,1.0,-0.021250000000000043
B_004,low,4,0,24,after block 23,23,2.228327834330999,2.2385,5.3385,5.404375,-0.021250000000000043,False,runs/pendulum/unified_mechanism_v2/paired_layer_control/large_seed3407/short_common_scan/B/videos/B_004/location_24.mp4,True,1.0,0,3.397670765172991,0.01567771668399834,4.310278029934617,203.0,True,True,blue,circle,0.11180978094154527,0.0018672284265997356,0.006504771175811068,True,1.0,-0.022499999999999996
B_004,low,4,0,25,after block 24,24,2.228327834330999,2.2385,5.3385,5.373375,-0.011250000000000142,False,runs/pendulum/unified_mechanism_v2/paired_layer_control/large_seed3407/short_common_scan/B/videos/B_004/location_25.mp4,True,1.0,0,3.7025414195909585,0.016156575243711474,4.527370932912963,209.0,True,True,blue,circle,0.11906807652746475,0.001285260489909792,0.00656816477429574,True,1.0,-0.01000000000000019
B_004,low,4,0,26,after block 25,25,2.228327834330999,2.2385,5.3385,5.357875,-0.006250000000000046,False,runs/pendulum/unified_mechanism_v2/paired_layer_control/large_seed3407/short_common_scan/B/videos/B_004/location_26.mp4,True,1.0,0,3.615989832949788,0.016368656732669046,4.830088945516381,209.0,True,True,blue,circle,0.11962762820524406,0.0026294528751248623,0.005781588996185213,True,1.0,-0.01000000000000019
B_004,low,4,0,27,after block 26,26,2.228327834330999,2.2385,5.3385,5.334625,0.001249999999999952,False,runs/pendulum/unified_mechanism_v2/paired_layer_control/large_seed3407/short_common_scan/B/videos/B_004/location_27.mp4,True,1.0,0,3.1318129721166965,0.01625605691389098,4.891628226140133,210.0,True,True,blue,circle,0.1211522972418105,0.0020497014813556824,0.006629522952062053,True,1.0,-0.0012500000000002386
B_004,low,4,0,28,after block 27,27,2.228327834330999,2.2385,5.3385,5.3385,-0.0,False,runs/pendulum/unified_mechanism_v2/paired_layer_control/large_seed3407/short_common_scan/B/videos/B_004/location_28.mp4,True,1.0,0,3.16033750463989,0.01596860127323327,3.865835184722704,209.0,True,True,blue,circle,0.12246984710658965,0.0016095598969627341,0.00699072013197125,True,1.0,0.001249999999999952
B_004,low,4,0,29,after block 28,28,2.228327834330999,2.2385,5.3385,5.334625,0.001249999999999952,False,runs/pendulum/unified_mechanism_v2/paired_layer_control/large_seed3407/short_common_scan/B/videos/B_004/location_29.mp4,True,1.0,0,3.2472478794728676,0.015948487451437815,4.399166860073636,210.0,True,True,blue,circle,0.12306918884592413,0.0017944601174503436,0.006473283384335135,True,1.0,0.001249999999999952
B_004,low,4,0,30,after block 29,29,2.228327834330999,2.2385,5.3385,5.33075,0.002499999999999904,False,runs/pendulum/unified_mechanism_v2/paired_layer_control/large_seed3407/short_common_scan/B/videos/B_004/location_30.mp4,True,1.0,0,3.264709199519561,0.015156175366731528,4.268907010609421,210.0,True,True,blue,circle,0.12260920485056087,0.0019228129431574496,0.0066583537313610885,True,1.0,-0.0
B_034,low,34,0,0,embedding output,,2.414988156630852,2.4322500000000002,6.156125,2.4322500000000002,1.0,True,runs/pendulum/unified_mechanism_v2/paired_layer_control/large_seed3407/short_common_scan/B/videos/B_034/location_00.mp4,True,1.0,0,1.3620645134572449,0.0010819031360026488,0.4906689923802212,189.0,True,True,red,circle,0.14764641009086446,0.00047396585665501404,0.00572847938611161,True,0.984375,1.0020811654526536
B_034,low,34,0,1,after block 0,0,2.414988156630852,2.4322500000000002,6.156125,2.4322500000000002,1.0,True,runs/pendulum/unified_mechanism_v2/paired_layer_control/large_seed3407/short_common_scan/B/videos/B_034/location_01.mp4,True,1.0,0,1.2502669924610579,0.0010103684286950354,0.5366272354821743,189.0,True,True,red,circle,0.1475437868923765,0.0005614545218784391,0.005735523343798361,True,0.984375,1.0020811654526536
B_034,low,34,0,2,after block 1,1,2.414988156630852,2.4322500000000002,6.156125,2.4400000000000004,0.9979188345473464,True,runs/pendulum/unified_mechanism_v2/paired_layer_control/large_seed3407/short_common_scan/B/videos/B_034/location_02.mp4,True,1.0,0,1.4596332589445458,0.0010701087675636378,0.4580451915666813,188.0,True,True,red,circle,0.14787514067294716,0.0004930119413905303,0.005835886645584738,True,0.984375,1.001040582726327
B_034,low,34,0,3,after block 2,2,2.414988156630852,2.4322500000000002,6.156125,2.4400000000000004,0.9979188345473464,True,runs/pendulum/unified_mechanism_v2/paired_layer_control/large_seed3407/short_common_scan/B/videos/B_034/location_03.mp4,True,1.0,0,1.327652675820749,0.0011380514266402797,0.5100260458025464,188.0,True,True,red,circle,0.1476770175903352,0.00044620554801539617,0.005714498369933106,True,0.984375,1.001040582726327
B_034,low,34,0,4,after block 3,3,2.414988156630852,2.4322500000000002,6.156125,2.436125,0.9989594172736733,True,runs/pendulum/unified_mechanism_v2/paired_layer_control/large_seed3407/short_common_scan/B/videos/B_034/location_04.mp4,True,1.0,0,1.1898184967683987,0.0010888870100141945,0.635445501230786,188.0,True,True,red,circle,0.14794680641709096,0.0006012581545884015,0.005810284559831647,True,0.984375,1.001040582726327
B_034,low,34,0,5,after block 4,4,2.414988156630852,2.4322500000000002,6.156125,2.436125,0.9989594172736733,True,runs/pendulum/unified_mechanism_v2/paired_layer_control/large_seed3407/short_common_scan/B/videos/B_034/location_05.mp4,True,1.0,0,1.1898184967683987,0.0010636005481221844,0.635445501230786,188.0,True,True,red,circle,0.14801765494586938,0.000553479876813103,0.005707375729959979,True,0.984375,1.001040582726327
B_034,low,34,0,6,after block 5,5,2.414988156630852,2.4322500000000002,6.156125,2.529125,0.9739854318418315,True,runs/pendulum/unified_mechanism_v2/paired_layer_control/large_seed3407/short_common_scan/B/videos/B_034/location_06.mp4,True,0.984375,1,0.9587722804282336,0.001557261525067799,1.2732032426545443,184.0,True,True,red,circle,0.12805517250361098,-0.0004878281610029483,0.007125761722672437,True,0.984375,0.9739854318418315
B_034,low,34,0,7,after block 6,6,2.414988156630852,2.4322500000000002,6.156125,2.521375,0.976066597294485,True,runs/pendulum/unified_mechanism_v2/paired_layer_control/large_seed3407/short_common_scan/B/videos/B_034/location_07.mp4,True,0.984375,1,0.9256319480374152,0.0014427065903613312,1.4549135510368496,183.0,True,True,red,circle,0.12889561025158167,-0.00022038321268626684,0.0073683482178403216,True,0.984375,0.976066597294485
B_034,low,34,0,8,after block 7,7,2.414988156630852,2.4322500000000002,6.156125,2.544625,0.9698231009365246,True,runs/pendulum/unified_mechanism_v2/paired_layer_control/large_seed3407/short_common_scan/B/videos/B_034/location_08.mp4,True,0.984375,1,0.962912262056767,0.0015292903196454932,1.4083835515543592,182.0,True,True,red,circle,0.1263913695046616,-0.0007715391690823707,0.007394809897333024,True,0.984375,0.9698231009365246
B_034,low,34,0,9,after block 8,8,2.414988156630852,2.4322500000000002,6.156125,2.54075,0.9708636836628513,True,runs/pendulum/unified_mechanism_v2/paired_layer_control/large_seed3407/short_common_scan/B/videos/B_034/location_09.mp4,True,0.984375,1,0.9780374119043973,0.0014448702062601626,1.4083835515543592,182.0,True,True,red,circle,0.12646682065517947,-0.0009756517248202882,0.007425288800662751,True,0.984375,0.9708636836628513
B_034,low,34,0,10,after block 9,9,2.414988156630852,2.4322500000000002,6.156125,2.52525,0.9750260145681582,True,runs/pendulum/unified_mechanism_v2/paired_layer_control/large_seed3407/short_common_scan/B/videos/B_034/location_10.mp4,True,0.984375,1,0.9727828899463739,0.0013470039157309488,1.557320436401918,183.0,True,True,red,circle,0.1266213342225051,-0.0011370884857152778,0.00750457517600389,True,0.984375,0.9739854318418315
B_034,low,34,0,11,after block 10,10,2.414988156630852,2.4322500000000002,6.156125,2.5756250000000005,0.9614984391259105,True,runs/pendulum/unified_mechanism_v2/paired_layer_control/large_seed3407/short_common_scan/B/videos/B_034/location_11.mp4,True,0.984375,1,0.9539961423857272,0.0015958998449808193,1.5166713078831426,182.0,True,True,red,circle,0.12395830672881229,-0.0017143845332239548,0.007749227927673444,True,0.984375,0.959417273673257
B_034,low,34,0,12,after block 11,11,2.414988156630852,2.4322500000000002,6.156125,2.653125,0.9406867845993757,True,runs/pendulum/unified_mechanism_v2/paired_layer_control/large_seed3407/short_common_scan/B/videos/B_034/location_12.mp4,True,0.984375,1,0.8990347785319168,0.0015334528378770917,1.3184613552168734,181.0,True,True,red,circle,0.1142771420376409,-0.002948308260252486,0.01066544173964868,True,0.984375,0.9406867845993757
B_034,low,34,0,13,after block 12,12,2.414988156630852,2.4322500000000002,6.156125,2.474875,0.9885535900104059,True,runs/pendulum/unified_mechanism_v2/paired_layer_control/large_seed3407/short_common_scan/B/videos/B_034/location_13.mp4,True,0.984375,1,0.8484740607611098,0.0014981510343485271,1.4481860831607878,178.0,True,True,red,circle,0.10915573101441711,-0.0007427675320148974,0.011909103529537356,True,0.984375,0.9885535900104059
B_034,low,34,0,14,after block 13,13,2.414988156630852,2.4322500000000002,6.156125,2.6725000000000003,0.9354838709677419,False,runs/pendulum/unified_mechanism_v2/paired_layer_control/large_seed3407/short_common_scan/B/videos/B_034/location_14.mp4,True,1.0,0,12.607881752613443,0.024835056198155958,2.5012304690608023,116.0,True,True,blue,circle,0.04317395984673242,0.0007908122973235196,0.015746579034256466,False,0.015625,nan
B_034,low,34,0,15,after block 14,14,2.414988156630852,2.4322500000000002,6.156125,5.311375,0.22684703433923006,False,runs/pendulum/unified_mechanism_v2/paired_layer_control/large_seed3407/short_common_scan/B/videos/B_034/location_15.mp4,True,1.0,0,3.6779011557636583,0.018407985454002268,2.5067246241973424,183.0,True,True,blue,circle,0.06470646024750516,0.011569135363141539,0.03265069234763636,False,0.015625,nan
B_034,low,34,0,16,after block 15,15,2.414988156630852,2.4322500000000002,6.156125,5.47025,0.18418314255983356,False,runs/pendulum/unified_mechanism_v2/paired_layer_control/large_seed3407/short_common_scan/B/videos/B_034/location_16.mp4,True,1.0,0,3.1928354885889387,0.01626551046289379,2.3647509340948205,194.0,True,True,blue,circle,0.1000833495223701,0.006672671757109634,0.017403264617546942,False,0.921875,0.207075962539022
B_034,low,34,0,17,after block 16,16,2.414988156630852,2.4322500000000002,6.156125,5.776375,0.10197710718002094,False,runs/pendulum/unified_mechanism_v2/paired_layer_control/large_seed3407/short_common_scan/B/videos/B_034/location_17.mp4,True,1.0,0,3.381393128780026,0.017645528217100387,2.689726828837434,198.5,True,True,blue,circle,0.09918783927609504,0.006508237151438684,0.012787037599659979,True,1.0,0.12174817898022901
B_034,low,34,0,18,after block 17,17,2.414988156630852,2.4322500000000002,6.156125,6.171625000000001,-0.00416233090530705,False,runs/pendulum/unified_mechanism_v2/paired_layer_control/large_seed3407/short_common_scan/B/videos/B_034/location_18.mp4,True,1.0,0,3.2902742016165116,0.015821171028929354,2.5499594251248867,199.5,True,True,blue,circle,0.09563111307603413,0.008761130459299117,0.012312210802369331,True,1.0,0.009365244536940803
B_034,low,34,0,19,after block 18,18,2.414988156630852,2.4322500000000002,6.156125,6.109625,0.012486992715920912,False,runs/pendulum/unified_mechanism_v2/paired_layer_control/large_seed3407/short_common_scan/B/videos/B_034/location_19.mp4,True,1.0,0,3.454794681845503,0.015812359409830973,2.7620128148594327,199.0,True,True,blue,circle,0.09223876047513452,0.010158238750579921,0.012946372421218846,True,1.0,0.024973985431841823
B_034,low,34,0,20,after block 19,19,2.414988156630852,2.4322500000000002,6.156125,6.1445,0.003121748178980347,False,runs/pendulum/unified_mechanism_v2/paired_layer_control/large_seed3407/short_common_scan/B/videos/B_034/location_20.mp4,True,1.0,0,3.20528441292251,0.016451207493802744,2.5838928024330894,202.5,True,True,blue,circle,0.09179758513669527,0.009190267277536537,0.011532444148301924,True,1.0,0.009365244536940803
B_034,low,34,0,21,after block 20,20,2.414988156630852,2.4322500000000002,6.156125,6.12125,0.009365244536940803,False,runs/pendulum/unified_mechanism_v2/paired_layer_control/large_seed3407/short_common_scan/B/videos/B_034/location_21.mp4,True,1.0,0,3.1952170855596265,0.01692688166545514,2.7806443402620786,202.0,True,True,blue,circle,0.09546952023234033,0.00775295616597424,0.010998614424729752,True,1.0,0.015608740894901258
B_034,low,34,0,22,after block 21,21,2.414988156630852,2.4322500000000002,6.156125,6.2878750000000005,-0.03537981269510933,False,runs/pendulum/unified_mechanism_v2/paired_layer_control/large_seed3407/short_common_scan/B/videos/B_034/location_22.mp4,True,1.0,0,3.7464783542874383,0.018683508899390078,2.5271264388616768,206.0,True,True,blue,circle,0.0839567914173285,0.0037713148633199147,0.007069774176080903,True,1.0,-0.03433922996878239
B_034,low,34,0,23,after block 22,22,2.414988156630852,2.4322500000000002,6.156125,6.21425,-0.01560874089490102,False,runs/pendulum/unified_mechanism_v2/paired_layer_control/large_seed3407/short_common_scan/B/videos/B_034/location_23.mp4,True,1.0,0,2.9645967669139757,0.017570124605243126,2.405130354905374,205.5,True,True,blue,circle,0.08407900997394745,0.003800929713857787,0.007356471512586799,True,1.0,-0.016649323621227962
B_034,low,34,0,24,after block 23,23,2.414988156630852,2.4322500000000002,6.156125,6.225875,-0.01873048907388137,False,runs/pendulum/unified_mechanism_v2/paired_layer_control/large_seed3407/short_common_scan/B/videos/B_034/location_24.mp4,True,1.0,0,3.1770529044170828,0.01786544876829249,2.771918163564122,205.5,True,True,blue,circle,0.08264192535675852,0.0044620074274401515,0.008069357733296608,True,1.0,-0.01873048907388137
B_034,low,34,0,25,after block 24,24,2.414988156630852,2.4322500000000002,6.156125,6.194875000000001,-0.010405827263267506,False,runs/pendulum/unified_mechanism_v2/paired_layer_control/large_seed3407/short_common_scan/B/videos/B_034/location_25.mp4,True,1.0,0,3.025636464222545,0.017244928258630554,2.7102738074881274,210.0,True,True,blue,circle,0.09176676653381571,0.001860805325056548,0.005876040214366332,True,1.0,-0.011446409989594208
B_034,low,34,0,26,after block 25,25,2.414988156630852,2.4322500000000002,6.156125,6.18325,-0.007284079084287159,False,runs/pendulum/unified_mechanism_v2/paired_layer_control/large_seed3407/short_common_scan/B/videos/B_034/location_26.mp4,True,1.0,0,4.211788172225966,0.01698056705424572,2.6486224592987844,210.0,True,True,blue,circle,0.09124623161837557,0.002596060990798666,0.006217764644112534,True,1.0,-0.008324661810613861
B_034,low,34,0,27,after block 26,26,2.414988156630852,2.4322500000000002,6.156125,6.171625000000001,-0.00416233090530705,False,runs/pendulum/unified_mechanism_v2/paired_layer_control/large_seed3407/short_common_scan/B/videos/B_034/location_27.mp4,True,1.0,0,4.049344136280311,0.017065191019447923,2.79166335535902,210.0,True,True,blue,circle,0.09179555959062662,0.002090631491273708,0.006401846756553067,True,1.0,-0.005202913631633753
B_034,low,34,0,28,after block 27,27,2.414988156630852,2.4322500000000002,6.156125,6.16,-0.001040582726326703,False,runs/pendulum/unified_mechanism_v2/paired_layer_control/large_seed3407/short_common_scan/B/videos/B_034/location_28.mp4,True,1.0,0,4.155763742261076,0.017364601179450406,2.694211219499167,211.0,True,True,blue,circle,0.09218868427669452,0.001972105381595032,0.006723953517247765,True,1.0,-0.001040582726326703
B_034,low,34,0,29,after block 28,28,2.414988156630852,2.4322500000000002,6.156125,6.156125,-0.0,False,runs/pendulum/unified_mechanism_v2/paired_layer_control/large_seed3407/short_common_scan/B/videos/B_034/location_29.mp4,True,1.0,0,4.005120398633917,0.01724266000709293,2.90391253627272,212.0,True,True,blue,circle,0.0921301266861046,0.0022459119292538854,0.0064997322691392155,True,1.0,-0.0
B_034,low,34,0,30,after block 29,29,2.414988156630852,2.4322500000000002,6.156125,6.148375,0.0020811654526536444,False,runs/pendulum/unified_mechanism_v2/paired_layer_control/large_seed3407/short_common_scan/B/videos/B_034/location_30.mp4,True,1.0,0,4.038379989934327,0.016806699083753013,2.5951329699169348,212.0,True,True,blue,circle,0.09137341020744795,0.002293848782565171,0.006689269769921142,True,1.0,-0.0
B_040,low,40,0,0,embedding output,,2.4432154764586125,2.684125,5.48575,2.688,0.9986168741355462,True,runs/pendulum/unified_mechanism_v2/paired_layer_control/large_seed3407/short_common_scan/B/videos/B_040/location_00.mp4,True,1.0,0,0.9842999229753272,0.0013929811188513053,0.53802901751227,191.0,True,True,red,circle,0.10618164480197748,-0.002032589262709889,0.0031504722060356418,True,0.984375,1.0
B_040,low,40,0,1,after block 0,0,2.4432154764586125,2.684125,5.48575,2.68025,1.0013831258644537,True,runs/pendulum/unified_mechanism_v2/paired_layer_control/large_seed3407/short_common_scan/B/videos/B_040/location_01.mp4,True,1.0,0,0.9604729034712377,0.0014406833703449473,0.7852370704761013,191.0,True,True,red,circle,0.10594868744723547,-0.002066134343691036,0.002959415715464294,True,0.984375,1.0
B_040,low,40,0,2,after block 1,1,2.4432154764586125,2.684125,5.48575,2.684125,1.0,True,runs/pendulum/unified_mechanism_v2/paired_layer_control/large_seed3407/short_common_scan/B/videos/B_040/location_02.mp4,True,1.0,0,1.1487264416240248,0.0013835858770900322,0.8367075205057533,191.0,True,True,red,circle,0.1065205339716106,-0.0021881051676065715,0.003022846487062331,True,0.984375,1.0013831258644537
B_040,low,40,0,3,after block 2,2,2.4432154764586125,2.684125,5.48575,2.684125,1.0,True,runs/pendulum/unified_mechanism_v2/paired_layer_control/large_seed3407/short_common_scan/B/videos/B_040/location_03.mp4,True,1.0,0,1.5579139796891222,0.0014387099617176602,1.1112822925867774,191.0,True,True,red,circle,0.10638654849251168,-0.002203653119233341,0.003104905525041277,True,0.984375,1.0
B_040,low,40,0,4,after block 3,3,2.4432154764586125,2.684125,5.48575,2.68025,1.0013831258644537,True,runs/pendulum/unified_mechanism_v2/paired_layer_control/large_seed3407/short_common_scan/B/videos/B_040/location_04.mp4,True,1.0,0,1.3822233220617524,0.0014418836716945382,1.1453880654217121,190.0,True,True,red,circle,0.10687401021363921,-0.0022216114437471446,0.002889263297726531,True,0.984375,1.0041493775933608
B_040,low,40,0,5,after block 4,4,2.4432154764586125,2.684125,5.48575,2.684125,1.0,True,runs/pendulum/unified_mechanism_v2/paired_layer_control/large_seed3407/short_common_scan/B/videos/B_040/location_05.mp4,True,1.0,0,1.9938553061454736,0.0014477534964720817,1.5498328302715367,191.0,True,True,red,circle,0.10688818253702354,-0.0024701803947129964,0.003334526312114499,True,0.984375,1.0027662517289073
B_040,low,40,0,6,after block 5,5,2.4432154764586125,2.684125,5.48575,2.792625,0.9612724757952973,True,runs/pendulum/unified_mechanism_v2/paired_layer_control/large_seed3407/short_common_scan/B/videos/B_040/location_06.mp4,True,0.984375,1,0.8368583789512282,0.0011935338852291921,1.2395938054710214,185.0,True,True,red,circle,0.09006972010256711,-0.0031322266366893433,0.006107690331775563,True,0.984375,0.9598893499308436
B_040,low,40,0,7,after block 6,6,2.4432154764586125,2.684125,5.48575,2.7848750000000004,0.9640387275242045,True,runs/pendulum/unified_mechanism_v2/paired_layer_control/large_seed3407/short_common_scan/B/videos/B_040/location_07.mp4,True,0.984375,1,0.9016452848281971,0.001342204968052152,1.2325926401400695,185.0,True,True,red,circle,0.09068420152031886,-0.0031248553586405753,0.006094772142134339,True,0.984375,0.962655601659751
B_040,low,40,0,8,after block 7,7,2.4432154764586125,2.684125,5.48575,2.7965,0.9598893499308436,True,runs/pendulum/unified_mechanism_v2/paired_layer_control/large_seed3407/short_common_scan/B/videos/B_040/location_08.mp4,True,0.984375,1,0.905626279095308,0.0013585495717052254,1.2584211888261125,185.0,True,True,red,circle,0.090348924236106,-0.0030568890339182334,0.0068038219030830144,True,0.984375,0.9557399723374825
B_040,low,40,0,9,after block 8,8,2.4432154764586125,2.684125,5.48575,2.792625,0.9612724757952973,True,runs/pendulum/unified_mechanism_v2/paired_layer_control/large_seed3407/short_common_scan/B/videos/B_040/location_09.mp4,True,0.984375,1,1.0205762987052116,0.001324026358429986,1.253898295588634,184.0,True,True,red,circle,0.09021437709852724,-0.0032476991594032165,0.006749708985480216,True,0.984375,0.9571230982019363
B_040,low,40,0,10,after block 9,9,2.4432154764586125,2.684125,5.48575,2.792625,0.9612724757952973,True,runs/pendulum/unified_mechanism_v2/paired_layer_control/large_seed3407/short_common_scan/B/videos/B_040/location_10.mp4,True,0.984375,1,1.0697507102302273,0.0013375543697642933,1.2584211888261125,183.0,True,True,red,circle,0.09199941602695916,-0.0038243249084124777,0.006699083462512015,True,0.984375,0.9557399723374825
B_040,low,40,0,11,after block 10,10,2.4432154764586125,2.684125,5.48575,2.81975,0.9515905947441217,True,runs/pendulum/unified_mechanism_v2/paired_layer_control/large_seed3407/short_common_scan/B/videos/B_040/location_11.mp4,True,0.984375,1,0.7726993446370319,0.0012546953547108997,1.2198902104206717,183.0,True,True,red,circle,0.09117663930924706,-0.003235679736815597,0.006448137626931229,True,0.984375,0.9474412171507606
B_040,low,40,0,12,after block 11,11,2.4432154764586125,2.684125,5.48575,2.8081250000000004,0.9557399723374825,True,runs/pendulum/unified_mechanism_v2/paired_layer_control/large_seed3407/short_common_scan/B/videos/B_040/location_12.mp4,True,0.984375,1,0.7988648536680802,0.001185624420654341,1.2198902104206717,182.0,True,True,red,circle,0.08409045479753331,-0.0034488969364011098,0.00859310508989205,True,0.984375,0.9502074688796679
B_040,low,40,0,13,after block 12,12,2.4432154764586125,2.684125,5.48575,2.978625,0.8948824343015214,True,runs/pendulum/unified_mechanism_v2/paired_layer_control/large_seed3407/short_common_scan/B/videos/B_040/location_13.mp4,True,0.984375,1,0.8298497672813794,0.0009456970500255624,1.1778522127583222,177.0,True,True,red,circle,0.07974460193332891,-0.0030860887070936053,0.01045963912600824,True,0.984375,0.8976486860304286
B_040,low,40,0,14,after block 13,13,2.4432154764586125,2.684125,5.48575,3.0135,0.8824343015214384,False,runs/pendulum/unified_mechanism_v2/paired_layer_control/large_seed3407/short_common_scan/B/videos/B_040/location_14.mp4,True,1.0,0,7.307585164654582,0.021338561016429836,1.400941274099656,122.5,True,True,blue,circle,0.030921722128357428,0.00808249077742677,0.015915841737302767,False,0.015625,nan
B_040,low,40,0,15,after block 14,14,2.4432154764586125,2.684125,5.48575,5.5981250000000005,-0.040110650069156324,False,runs/pendulum/unified_mechanism_v2/paired_layer_control/large_seed3407/short_common_scan/B/videos/B_040/location_15.mp4,True,1.0,0,3.434774049801003,0.018281895554202537,1.444053701965645,183.5,True,True,blue,circle,0.0431264682203892,0.011112330983674097,0.02620088610151414,False,0.03125,nan
B_040,low,40,0,16,after block 15,15,2.4432154764586125,2.684125,5.48575,5.478,0.0027662517289075406,False,runs/pendulum/unified_mechanism_v2/paired_layer_control/large_seed3407/short_common_scan/B/videos/B_040/location_16.mp4,True,1.0,0,3.5087938901484312,0.01714900186853613,1.3100509595246836,194.0,True,True,blue,circle,0.08417494098123525,0.006631234372073324,0.014724264721377268,False,0.71875,0.019363762102351516
B_040,low,40,0,17,after block 16,16,2.4432154764586125,2.684125,5.48575,5.5981250000000005,-0.040110650069156324,False,runs/pendulum/unified_mechanism_v2/paired_layer_control/large_seed3407/short_common_scan/B/videos/B_040/location_17.mp4,True,1.0,0,3.4108345330999215,0.017712894008802216,1.3368431313247018,197.0,True,True,blue,circle,0.09353282283459978,0.005239762842845361,0.011915200329929404,True,1.0,-0.020746887966804812
B_040,low,40,0,18,after block 17,17,2.4432154764586125,2.684125,5.48575,5.59425,-0.0387275242047024,False,runs/pendulum/unified_mechanism_v2/paired_layer_control/large_seed3407/short_common_scan/B/videos/B_040/location_18.mp4,True,1.0,0,3.2731326914999634,0.01744908865548858,1.0941319844954942,198.0,True,True,blue,circle,0.09260933416679692,0.0051425036987406535,0.010762707139058485,True,1.0,-0.022130013831258424
B_040,low,40,0,19,after block 18,18,2.4432154764586125,2.684125,5.48575,5.5865,-0.03596127247579518,False,runs/pendulum/unified_mechanism_v2/paired_layer_control/large_seed3407/short_common_scan/B/videos/B_040/location_19.mp4,True,1.0,0,3.9983870829408277,0.01691234102082767,1.1872112741184186,196.5,True,True,blue,circle,0.08894425362362886,0.0071413654634890225,0.011611372303096973,True,1.0,-0.015214384508990363
B_040,low,40,0,20,after block 19,19,2.4432154764586125,2.684125,5.48575,5.571,-0.03042876901798041,False,runs/pendulum/unified_mechanism_v2/paired_layer_control/large_seed3407/short_common_scan/B/videos/B_040/location_20.mp4,True,1.0,0,3.9478666887877885,0.01686063139911359,1.2935759391350383,199.5,True,True,blue,circle,0.08936471050764136,0.006406851327965757,0.00961838591877981,True,1.0,-0.026279391424619575
B_040,low,40,0,21,after block 20,20,2.4432154764586125,2.684125,5.48575,5.54,-0.0193637621023512,False,runs/pendulum/unified_mechanism_v2/paired_layer_control/large_seed3407/short_common_scan/B/videos/B_040/location_21.mp4,True,1.0,0,3.581115871842193,0.017563648023110667,1.1056938422694018,201.0,True,True,blue,circle,0.0940384258603899,0.005152519285950113,0.008486432157597078,True,1.0,-0.016597510373443976
B_040,low,40,0,22,after block 21,21,2.4432154764586125,2.684125,5.48575,5.54,-0.0193637621023512,False,runs/pendulum/unified_mechanism_v2/paired_layer_control/large_seed3407/short_common_scan/B/videos/B_040/location_22.mp4,True,1.0,0,3.1223628350901818,0.016909887821837583,1.3411297926707422,200.5,True,True,blue,circle,0.08350004442651528,0.002483541777140138,0.006899528098941571,True,1.0,-0.02351313969571235
B_040,low,40,0,23,after block 22,22,2.4432154764586125,2.684125,5.48575,5.567125,-0.0290456431535268,False,runs/pendulum/unified_mechanism_v2/paired_layer_control/large_seed3407/short_common_scan/B/videos/B_040/location_23.mp4,True,1.0,0,2.325112202204267,0.017601671635869426,1.26839884032773,202.0,True,True,blue,circle,0.08339195334022141,0.002103740209369273,0.006513512260336378,True,1.0,-0.03181189488243434
B_040,low,40,0,24,after block 23,23,2.4432154764586125,2.684125,5.48575,5.5516250000000005,-0.02351313969571235,False,runs/pendulum/unified_mechanism_v2/paired_layer_control/large_seed3407/short_common_scan/B/videos/B_040/location_24.mp4,True,1.0,0,2.445267880486953,0.017360253229526973,1.228495978765821,202.0,True,True,blue,circle,0.0833120971617679,0.0025753453007639334,0.006910922386255182,True,1.0,-0.026279391424619575
B_040,low,40,0,25,after block 24,24,2.4432154764586125,2.684125,5.48575,5.53225,-0.016597510373443976,False,runs/pendulum/unified_mechanism_v2/paired_layer_control/large_seed3407/short_common_scan/B/videos/B_040/location_25.mp4,True,1.0,0,3.455977425232658,0.01756765640193511,1.2409955274262938,207.0,True,True,blue,circle,0.0926709328648933,0.0007438620766644182,0.005989312597044992,True,1.0,-0.013831258644536435
B_040,low,40,0,26,after block 25,25,2.4432154764586125,2.684125,5.48575,5.536125,-0.01798063623789759,False,runs/pendulum/unified_mechanism_v2/paired_layer_control/large_seed3407/short_common_scan/B/videos/B_040/location_26.mp4,True,1.0,0,3.5607078977130047,0.017650732593903123,0.8722267640450136,208.0,True,True,blue,circle,0.09258416419629827,0.0016178830409206188,0.005424711222951331,True,1.0,-0.015214384508990363
B_040,low,40,0,27,after block 26,26,2.4432154764586125,2.684125,5.48575,5.489625,-0.0013831258644536118,False,runs/pendulum/unified_mechanism_v2/paired_layer_control/large_seed3407/short_common_scan/B/videos/B_040/location_27.mp4,True,1.0,0,2.308901401813025,0.017389494604743205,0.9397756296148315,208.0,True,True,blue,circle,0.09300545472095989,0.0006245853938311273,0.005289359945357385,True,1.0,-0.0
B_040,low,40,0,28,after block 27,27,2.4432154764586125,2.684125,5.48575,5.489625,-0.0013831258644536118,False,runs/pendulum/unified_mechanism_v2/paired_layer_control/large_seed3407/short_common_scan/B/videos/B_040/location_28.mp4,True,1.0,0,2.4429984278973085,0.017201625892593914,1.186820449078717,207.0,True,True,blue,circle,0.09397767973789017,0.00018030109963469988,0.00555528304841636,True,1.0,-0.0
B_040,low,40,0,29,after block 28,28,2.4432154764586125,2.684125,5.48575,5.4818750000000005,0.0013831258644536118,False,runs/pendulum/unified_mechanism_v2/paired_layer_control/large_seed3407/short_common_scan/B/videos/B_040/location_29.mp4,True,1.0,0,2.4012514674763734,0.017375781375943533,0.9040796127355669,207.5,True,True,blue,circle,0.09396301722446848,0.00022629277199340516,0.005438352108572683,True,1.0,0.0013831258644536118
B_040,low,40,0,30,after block 29,29,2.4432154764586125,2.684125,5.48575,5.48575,-0.0,False,runs/pendulum/unified_mechanism_v2/paired_layer_control/large_seed3407/short_common_scan/B/videos/B_040/location_30.mp4,True,1.0,0,2.3691479659679118,0.017781659848402298,0.9040796127355669,208.0,True,True,blue,circle,0.09349242547893437,0.0005518281222141547,0.005456954816422979,True,1.0,-0.0
B_063,low,63,0,0,embedding output,,2.248179295764967,2.405125,5.20675,2.4090000000000003,0.9986168741355462,True,runs/pendulum/unified_mechanism_v2/paired_layer_control/large_seed3407/short_common_scan/B/videos/B_063/location_00.mp4,True,1.0,0,1.028936655224198,0.0008683522512497044,0.05920493501088339,190.5,True,True,red,circle,0.15209375865279479,-0.0029620996313765046,0.003322561269533247,True,0.984375,1.0
B_063,low,63,0,1,after block 0,0,2.248179295764967,2.405125,5.20675,2.412875,0.9972337482710926,True,runs/pendulum/unified_mechanism_v2/paired_layer_control/large_seed3407/short_common_scan/B/videos/B_063/location_01.mp4,True,1.0,0,1.020483987888634,0.0008136438877967556,0.09960109990456532,190.5,True,True,red,circle,0.15185977090086977,-0.0029509300388022414,0.0034717699534913223,True,0.984375,0.9972337482710926
B_063,low,63,0,2,after block 1,1,2.248179295764967,2.405125,5.20675,2.4167500000000004,0.9958506224066388,True,runs/pendulum/unified_mechanism_v2/paired_layer_control/large_seed3407/short_common_scan/B/videos/B_063/location_02.mp4,True,1.0,0,1.024538577370649,0.0008074060259732896,0.08176690538216122,190.0,True,True,red,circle,0.1522699900901874,-0.003065139717709566,0.0033189069432568454,True,0.984375,0.9972337482710926
B_063,low,63,0,3,after block 2,2,2.248179295764967,2.405125,5.20675,2.412875,0.9972337482710926,True,runs/pendulum/unified_mechanism_v2/paired_layer_control/large_seed3407/short_common_scan/B/videos/B_063/location_03.mp4,True,1.0,0,1.010036533238729,0.0009325428703924055,0.2524930039510714,190.0,True,True,red,circle,0.1524057215401852,-0.0029201895537515304,0.0033110711417931064,True,0.984375,0.9972337482710926
B_063,low,63,0,4,after block 3,3,2.248179295764967,2.405125,5.20675,2.4167500000000004,0.9958506224066388,True,runs/pendulum/unified_mechanism_v2/paired_layer_control/large_seed3407/short_common_scan/B/videos/B_063/location_04.mp4,True,1.0,0,1.0142244086626233,0.0009165194320264192,0.16321942962609753,190.0,True,True,red,circle,0.15254715693502102,-0.0029051067001418782,0.0033420491094424735,True,0.984375,0.9958506224066388
B_063,low,63,0,5,after block 4,4,2.248179295764967,2.405125,5.20675,2.4167500000000004,0.9958506224066388,True,runs/pendulum/unified_mechanism_v2/paired_layer_control/large_seed3407/short_common_scan/B/videos/B_063/location_05.mp4,True,1.0,0,1.054348948121812,0.0009111740200441754,0.21619516544094378,190.5,True,True,red,circle,0.15274959345022326,-0.0029003101527295557,0.0033713950753147333,True,0.984375,0.9958506224066388
B_063,low,63,0,6,after block 5,5,2.248179295764967,2.405125,5.20675,2.564,0.9432918395573997,True,runs/pendulum/unified_mechanism_v2/paired_layer_control/large_seed3407/short_common_scan/B/videos/B_063/location_06.mp4,True,1.0,0,1.0432970944065487,0.0007131292653854704,0.16825630284030293,188.5,True,True,red,circle,0.149076799281987,-0.00432265865933282,0.004223823305282457,True,0.984375,0.9432918395573997
B_063,low,63,0,7,after block 6,6,2.248179295764967,2.405125,5.20675,2.564,0.9432918395573997,True,runs/pendulum/unified_mechanism_v2/paired_layer_control/large_seed3407/short_common_scan/B/videos/B_063/location_07.mp4,True,1.0,0,1.0500823408042999,0.0007560936654584238,0.19602625713146415,188.0,True,True,red,circle,0.14934631871385834,-0.0042423484162414146,0.004143983122053385,True,0.984375,0.9432918395573997
B_063,low,63,0,8,after block 7,7,2.248179295764967,2.405125,5.20675,2.560125,0.9446749654218534,True,runs/pendulum/unified_mechanism_v2/paired_layer_control/large_seed3407/short_common_scan/B/videos/B_063/location_08.mp4,True,1.0,0,1.0359144563091724,0.0007349913806892483,0.39409416701622213,188.0,True,True,red,circle,0.1498065743170189,-0.003948794250235728,0.004540297071827427,True,0.984375,0.9460580912863069
B_063,low,63,0,9,after block 8,8,2.248179295764967,2.405125,5.20675,2.567875,0.941908713692946,True,runs/pendulum/unified_mechanism_v2/paired_layer_control/large_seed3407/short_common_scan/B/videos/B_063/location_09.mp4,True,1.0,0,1.042388671134373,0.0006975567120122705,0.2714146739166402,188.0,True,True,red,circle,0.14981985929637998,-0.004211238308334225,0.004426331152461241,True,0.984375,0.9446749654218534
B_063,low,63,0,10,after block 9,9,2.248179295764967,2.405125,5.20675,2.5795000000000003,0.937759336099585,True,runs/pendulum/unified_mechanism_v2/paired_layer_control/large_seed3407/short_common_scan/B/videos/B_063/location_10.mp4,True,1.0,0,1.106256671268617,0.0005977055869909043,0.765591935868303,186.5,True,True,red,circle,0.15281717759269056,-0.004370637880520768,0.006184250841683459,True,0.984375,0.937759336099585
B_063,low,63,0,11,after block 10,10,2.248179295764967,2.405125,5.20675,2.61825,0.9239280774550483,True,runs/pendulum/unified_mechanism_v2/paired_layer_control/large_seed3407/short_common_scan/B/videos/B_063/location_11.mp4,True,1.0,0,1.0921030940733458,0.0007582373736902126,0.7896157001231003,186.5,True,True,red,circle,0.15070434590840648,-0.0037892086945646337,0.006493698638030233,True,0.984375,0.9239280774550483
B_063,low,63,0,12,after block 11,11,2.248179295764967,2.405125,5.20675,2.684125,0.9004149377593361,True,runs/pendulum/unified_mechanism_v2/paired_layer_control/large_seed3407/short_common_scan/B/videos/B_063/location_12.mp4,True,1.0,0,1.2585717867916493,0.0010413481225492183,0.46843794970532887,186.0,True,True,red,circle,0.147470211752779,-0.0023531784197417024,0.005476192181359077,True,0.984375,0.9004149377593361
B_063,low,63,0,13,after block 12,12,2.248179295764967,2.405125,5.20675,2.722875,0.8865836791147994,True,runs/pendulum/unified_mechanism_v2/paired_layer_control/large_seed3407/short_common_scan/B/videos/B_063/location_13.mp4,True,0.984375,1,1.30996550544893,0.0008529041560429995,0.19945815449629517,182.0,True,True,red,circle,0.14599149720420598,-0.0015016394510451762,0.005763837029792915,True,0.984375,0.8865836791147994
B_063,low,63,0,14,after block 13,13,2.248179295764967,2.405125,5.20675,2.792625,0.8616874135546334,True,runs/pendulum/unified_mechanism_v2/paired_layer_control/large_seed3407/short_common_scan/B/videos/B_063/location_14.mp4,True,0.984375,1,1.3846895328648348,0.0009449089558206114,0.21496373026264484,172.0,True,True,red,circle,0.13326836842413578,0.0005374579630281691,0.0091521764959431,False,0.828125,0.8755186721991702
B_063,low,63,0,15,after block 14,14,2.248179295764967,2.405125,5.20675,5.31525,-0.0387275242047024,False,runs/pendulum/unified_mechanism_v2/paired_layer_control/large_seed3407/short_common_scan/B/videos/B_063/location_15.mp4,True,1.0,0,3.822388136206335,0.01690265950539946,1.4538456377784386,178.0,True,True,blue,circle,0.08913175222700101,0.0021811301524873334,0.037259000863987334,False,0.015625,nan
B_063,low,63,0,16,after block 15,15,2.248179295764967,2.405125,5.20675,5.334625,-0.04564315352697077,False,runs/pendulum/unified_mechanism_v2/paired_layer_control/large_seed3407/short_common_scan/B/videos/B_063/location_16.mp4,True,1.0,0,2.960693814685355,0.01742625618151228,1.4722622048332095,194.0,True,True,blue,circle,0.12747964227689335,0.0016059185928273157,0.012601739026342257,False,0.734375,-0.040110650069156324
B_063,low,63,0,17,after block 16,16,2.248179295764967,2.405125,5.20675,5.427625,-0.07883817427385872,False,runs/pendulum/unified_mechanism_v2/paired_layer_control/large_seed3407/short_common_scan/B/videos/B_063/location_17.mp4,True,1.0,0,2.475630851555366,0.018255567507124787,1.7044485268697462,200.0,True,True,blue,circle,0.13884135259744101,0.0021883632632968687,0.010726840210226476,True,1.0,-0.07745504840940512
B_063,low,63,0,18,after block 17,17,2.248179295764967,2.405125,5.20675,5.416,-0.0746887966804979,False,runs/pendulum/unified_mechanism_v2/paired_layer_control/large_seed3407/short_common_scan/B/videos/B_063/location_18.mp4,True,1.0,0,2.623356987627217,0.018209326568278644,1.8426017008291153,200.5,True,True,blue,circle,0.1389963683613256,0.003920840577559661,0.008570776931469496,True,1.0,-0.07192254495159035
B_063,low,63,0,19,after block 18,18,2.248179295764967,2.405125,5.20675,5.34625,-0.049792531120331926,False,runs/pendulum/unified_mechanism_v2/paired_layer_control/large_seed3407/short_common_scan/B/videos/B_063/location_19.mp4,True,1.0,0,2.0467241786386223,0.018318429484054044,1.8426017008291153,201.0,True,True,blue,circle,0.13889972359623223,0.005971762810944885,0.00978337246362975,True,1.0,-0.04702627939142438
B_063,low,63,0,20,after block 19,19,2.248179295764967,2.405125,5.20675,5.34625,-0.049792531120331926,False,runs/pendulum/unified_mechanism_v2/paired_layer_control/large_seed3407/short_common_scan/B/videos/B_063/location_20.mp4,True,1.0,0,3.425326119356748,0.017767260807767665,1.8934731340476016,201.0,True,True,blue,circle,0.1438086502024725,0.004687734674472164,0.00861571442236194,True,1.0,-0.05117565698478554
B_063,low,63,0,21,after block 20,20,2.248179295764967,2.405125,5.20675,5.354,-0.05255878284923915,False,runs/pendulum/unified_mechanism_v2/paired_layer_control/large_seed3407/short_common_scan/B/videos/B_063/location_21.mp4,True,1.0,0,3.7224888345335083,0.01670668777821188,1.519524331072905,201.0,True,True,blue,circle,0.14977610112512676,0.0037360636455667983,0.008015697370224287,True,1.0,-0.05255878284923915
B_063,low,63,0,22,after block 21,21,2.248179295764967,2.405125,5.20675,5.4121250000000005,-0.07330567081604428,False,runs/pendulum/unified_mechanism_v2/paired_layer_control/large_seed3407/short_common_scan/B/videos/B_063/location_22.mp4,True,1.0,0,3.8505368800859343,0.015786814364749324,1.8942226847395447,203.5,True,True,blue,circle,0.13474091403571126,0.0011920674316726477,0.006069881379233685,True,1.0,-0.0746887966804979
B_063,low,63,0,23,after block 22,22,2.248179295764967,2.405125,5.20675,5.36175,-0.05532503457814637,False,runs/pendulum/unified_mechanism_v2/paired_layer_control/large_seed3407/short_common_scan/B/videos/B_063/location_23.mp4,True,1.0,0,3.0918054192694187,0.015579976351893898,2.12842120149688,202.0,True,True,blue,circle,0.13843271051882747,0.0011840596167838596,0.0066203585482809135,True,1.0,-0.058091286307053916
B_063,low,63,0,24,after block 23,23,2.248179295764967,2.405125,5.20675,5.3656250000000005,-0.056708160442600304,False,runs/pendulum/unified_mechanism_v2/paired_layer_control/large_seed3407/short_common_scan/B/videos/B_063/location_24.mp4,True,1.0,0,3.6019307665353,0.016190864805285504,1.9877164684762483,204.0,True,True,blue,circle,0.13763628242350673,0.0011705539181578806,0.006673172198991057,True,1.0,-0.056708160442600304
B_063,low,63,0,25,after block 24,24,2.248179295764967,2.405125,5.20675,5.3191250000000005,-0.040110650069156324,False,runs/pendulum/unified_mechanism_v2/paired_layer_control/large_seed3407/short_common_scan/B/videos/B_063/location_25.mp4,True,1.0,0,2.8447735683597912,0.015207220180544656,2.329257538169413,208.0,True,True,blue,circle,0.1466645799364649,-0.00033376355629841217,0.006318403882817008,True,1.0,-0.041493775933609936
B_063,low,63,0,26,after block 25,25,2.248179295764967,2.405125,5.20675,5.288125,-0.0290456431535268,False,runs/pendulum/unified_mechanism_v2/paired_layer_control/large_seed3407/short_common_scan/B/videos/B_063/location_26.mp4,True,1.0,0,2.947363847266654,0.01484311158212212,2.4875219047809827,208.0,True,True,blue,circle,0.146456990736362,0.0004902192690842077,0.005607651991970176,True,1.0,-0.03181189488243434
B_063,low,63,0,27,after block 26,26,2.248179295764967,2.405125,5.20675,5.26875,-0.022130013831258424,False,runs/pendulum/unified_mechanism_v2/paired_layer_control/large_seed3407/short_common_scan/B/videos/B_063/location_27.mp4,True,1.0,0,2.6670207215499238,0.016324998314539874,2.975460006526208,209.0,True,True,blue,circle,0.1471246772492842,6.100316697689634e-05,0.005705590469481112,True,1.0,-0.022130013831258424
B_063,low,63,0,28,after block 27,27,2.248179295764967,2.405125,5.20675,5.218375,-0.004149377593360835,False,runs/pendulum/unified_mechanism_v2/paired_layer_control/large_seed3407/short_common_scan/B/videos/B_063/location_28.mp4,True,1.0,0,3.4244976020595352,0.015426353525842595,2.8256973289903216,208.0,True,True,blue,circle,0.1489058537763522,-4.048831401050817e-05,0.006663744309536995,True,1.0,-0.004149377593360835
B_063,low,63,0,29,after block 28,28,2.248179295764967,2.405125,5.20675,5.2145,-0.0027662517289072236,False,runs/pendulum/unified_mechanism_v2/paired_layer_control/large_seed3407/short_common_scan/B/videos/B_063/location_29.mp4,True,1.0,0,3.4320437355525852,0.0152598996982595,2.561013213300115,208.0,True,True,blue,circle,0.14939758576379417,0.0002473343076446086,0.006717141227607445,True,1.0,-0.004149377593360835
B_063,low,63,0,30,after block 29,29,2.248179295764967,2.405125,5.20675,5.20675,-0.0,False,runs/pendulum/unified_mechanism_v2/paired_layer_control/large_seed3407/short_common_scan/B/videos/B_063/location_30.mp4,True,1.0,0,2.9421174893822686,0.015054647639156288,3.000261720160107,209.0,True,True,blue,circle,0.14899813156662775,-0.00017739105475066935,0.007111861227766379,True,1.0,-0.0
B_066,low,66,0,0,embedding output,,2.21947477805641,2.312125,5.26875,2.312125,1.0,True,runs/pendulum/unified_mechanism_v2/paired_layer_control/large_seed3407/short_common_scan/B/videos/B_066/location_00.mp4,True,1.0,0,0.9084429409534117,0.0016157608347487085,0.5185586209526933,188.5,True,True,red,circle,0.12542677436872193,-0.0020121388884398973,0.0029020423635299827,True,0.984375,1.0
B_066,low,66,0,1,after block 0,0,2.21947477805641,2.312125,5.26875,2.312125,1.0,True,runs/pendulum/unified_mechanism_v2/paired_layer_control/large_seed3407/short_common_scan/B/videos/B_066/location_01.mp4,True,1.0,0,0.8794672719655472,0.001508327472455967,0.5185586209526933,189.0,True,True,red,circle,0.1255677645801543,-0.0020129357394106646,0.003030574051480025,True,0.984375,1.0
B_066,low,66,0,2,after block 1,1,2.21947477805641,2.312125,5.26875,2.319875,0.9973787680209698,True,runs/pendulum/unified_mechanism_v2/paired_layer_control/large_seed3407/short_common_scan/B/videos/B_066/location_02.mp4,True,1.0,0,0.8794672719655472,0.0015410395804518473,0.4701688733447909,188.0,True,True,red,circle,0.12594384755847676,-0.001964601727329798,0.0030631958241539767,True,0.984375,0.9986893840104848
B_066,low,66,0,3,after block 2,2,2.21947477805641,2.312125,5.26875,2.319875,0.9973787680209698,True,runs/pendulum/unified_mechanism_v2/paired_layer_control/large_seed3407/short_common_scan/B/videos/B_066/location_03.mp4,True,1.0,0,0.8794672719655472,0.0015652109417993443,0.381355909162779,188.0,True,True,red,circle,0.12597783148939368,-0.0020096415039690565,0.0030230863054806836,True,0.984375,0.9973787680209698
B_066,low,66,0,4,after block 3,3,2.21947477805641,2.312125,5.26875,2.3160000000000003,0.9986893840104848,True,runs/pendulum/unified_mechanism_v2/paired_layer_control/large_seed3407/short_common_scan/B/videos/B_066/location_04.mp4,True,1.0,0,0.9084429409534117,0.0016497179887032254,0.49286898205917545,189.0,True,True,red,circle,0.12599942395896702,-0.0018902224645096111,0.0030088199777049255,True,0.984375,0.9986893840104848
B_066,low,66,0,5,after block 4,4,2.21947477805641,2.312125,5.26875,2.3160000000000003,0.9986893840104848,True,runs/pendulum/unified_mechanism_v2/paired_layer_control/large_seed3407/short_common_scan/B/videos/B_066/location_05.mp4,True,1.0,0,0.9084429409534117,0.0015950989558937978,0.47132087705827286,188.5,True,True,red,circle,0.12600636887193828,-0.001946460427172038,0.0029092396545272866,True,0.984375,0.9986893840104848
B_066,low,66,0,6,after block 5,5,2.21947477805641,2.312125,5.26875,2.343125,0.9895150720838793,True,runs/pendulum/unified_mechanism_v2/paired_layer_control/large_seed3407/short_common_scan/B/videos/B_066/location_06.mp4,True,1.0,0,0.8449245814777604,0.0013142685964776801,0.30894752847439694,184.0,True,True,red,circle,0.11905239708550969,-0.002803032649955198,0.006650833600928054,True,0.984375,0.9908256880733944
B_066,low,66,0,7,after block 6,6,2.21947477805641,2.312125,5.26875,2.3392500000000003,0.9908256880733944,True,runs/pendulum/unified_mechanism_v2/paired_layer_control/large_seed3407/short_common_scan/B/videos/B_066/location_07.mp4,True,1.0,0,0.8709398102734225,0.0014383968150449566,0.39461004616920037,184.0,True,True,red,circle,0.11945240169646122,-0.0026066661743035326,0.006814573831679785,True,0.984375,0.9921363040629095
B_066,low,66,0,8,after block 7,7,2.21947477805641,2.312125,5.26875,2.35475,0.9855832241153342,True,runs/pendulum/unified_mechanism_v2/paired_layer_control/large_seed3407/short_common_scan/B/videos/B_066/location_08.mp4,True,1.0,0,1.2704183743466697,0.0013162833184988953,1.3359180102841384,182.5,True,True,red,circle,0.11969245829374371,-0.0026993042573385134,0.007608410674728671,True,0.984375,0.9868938401048492
B_066,low,66,0,9,after block 8,8,2.21947477805641,2.312125,5.26875,2.3625000000000003,0.982961992136304,True,runs/pendulum/unified_mechanism_v2/paired_layer_control/large_seed3407/short_common_scan/B/videos/B_066/location_09.mp4,True,1.0,0,1.3222369936733198,0.0012633117430556895,1.3127434065289938,182.5,True,True,red,circle,0.1199947073656738,-0.002571193750685624,0.007583889579719298,True,0.984375,0.9842726081258192
B_066,low,66,0,10,after block 9,9,2.21947477805641,2.312125,5.26875,2.343125,0.9895150720838793,True,runs/pendulum/unified_mechanism_v2/paired_layer_control/large_seed3407/short_common_scan/B/videos/B_066/location_10.mp4,True,1.0,0,0.9545638876922095,0.0013153362538662616,0.9021142866491724,182.0,True,True,red,circle,0.12149343303072488,-0.0030008378428829758,0.0072268651736057425,True,0.984375,0.9908256880733944
B_066,low,66,0,11,after block 10,10,2.21947477805641,2.312125,5.26875,2.3276250000000003,0.9947575360419396,True,runs/pendulum/unified_mechanism_v2/paired_layer_control/large_seed3407/short_common_scan/B/videos/B_066/location_11.mp4,True,1.0,0,1.6567850938048676,0.0013409892704730475,1.4112354393642792,182.0,True,True,red,circle,0.12115247611434897,-0.003193256750755374,0.008743696760980614,True,0.984375,0.9960681520314546
B_066,low,66,0,12,after block 11,11,2.21947477805641,2.312125,5.26875,2.335375,0.9921363040629095,True,runs/pendulum/unified_mechanism_v2/paired_layer_control/large_seed3407/short_common_scan/B/videos/B_066/location_12.mp4,True,1.0,0,2.38782905160515,0.0011997965993127968,1.8735537281618515,181.0,True,True,red,circle,0.11891749898921565,-0.0027461748027274254,0.00893636121733927,True,0.984375,0.9921363040629095
B_066,low,66,0,13,after block 12,12,2.21947477805641,2.312125,5.26875,2.3005000000000004,1.003931847968545,True,runs/pendulum/unified_mechanism_v2/paired_layer_control/large_seed3407/short_common_scan/B/videos/B_066/location_13.mp4,True,0.984375,1,0.9532949003493206,0.0014640355681773132,0.3571576362182052,179.0,True,True,red,circle,0.11686525616865717,-0.0026975950034968136,0.011882982603135875,True,0.984375,1.00262123197903
B_066,low,66,0,14,after block 13,13,2.21947477805641,2.312125,5.26875,1.2000000000000002,1.3761467889908257,False,runs/pendulum/unified_mechanism_v2/paired_layer_control/large_seed3407/short_common_scan/B/videos/B_066/location_14.mp4,True,1.0,0,10.824795533732146,0.04082309434998077,0.5613316724141199,60.0,True,True,blue,circle,0.09701154224983442,-0.04775062126615861,0.029435571008710495,False,0.015625,nan
B_066,low,66,0,15,after block 14,14,2.21947477805641,2.312125,5.26875,2.5330000000000004,0.9252948885976408,False,runs/pendulum/unified_mechanism_v2/paired_layer_control/large_seed3407/short_common_scan/B/videos/B_066/location_15.mp4,True,1.0,0,3.1021408419973797,0.017929562985027847,0.3284694272778103,181.0,True,True,blue,circle,0.06771107479400086,0.0012329357199274736,0.0412103939305787,False,0.03125,nan
B_066,low,66,0,16,after block 15,15,2.21947477805641,2.312125,5.26875,5.450875,-0.06159895150720842,False,runs/pendulum/unified_mechanism_v2/paired_layer_control/large_seed3407/short_common_scan/B/videos/B_066/location_16.mp4,True,1.0,0,2.9634710657402605,0.017600526701738894,0.6177442453945996,195.0,True,True,blue,circle,0.10916466147494158,0.005931531177710723,0.01479422575666708,False,0.84375,-0.06815203145478384
B_066,low,66,0,17,after block 16,16,2.21947477805641,2.312125,5.26875,6.0360000000000005,-0.2595019659239845,False,runs/pendulum/unified_mechanism_v2/paired_layer_control/large_seed3407/short_common_scan/B/videos/B_066/location_17.mp4,True,1.0,0,3.844242924339625,0.01684150639531412,0.47301618944150375,199.0,True,True,blue,circle,0.10637460292100676,0.005380240332237995,0.012097728528655283,True,1.0,-0.2542595019659241
B_066,low,66,0,18,after block 17,17,2.21947477805641,2.312125,5.26875,5.667875,-0.13499344692005263,False,runs/pendulum/unified_mechanism_v2/paired_layer_control/large_seed3407/short_common_scan/B/videos/B_066/location_18.mp4,True,1.0,0,3.991536892873734,0.018438356582802795,0.7204608950729049,202.5,True,True,blue,circle,0.1144749147672043,0.004226646072367486,0.01011287703452709,True,1.0,-0.13368283093053762
B_066,low,66,0,19,after block 18,18,2.21947477805641,2.312125,5.26875,5.559375,-0.09829619921363053,False,runs/pendulum/unified_mechanism_v2/paired_layer_control/large_seed3407/short_common_scan/B/videos/B_066/location_19.mp4,True,1.0,0,3.9170918468331606,0.017319297874297007,0.8933131641421111,201.0,True,True,blue,circle,0.11596759600627138,0.004745868925708945,0.01093411782480564,True,1.0,-0.09829619921363053
B_066,low,66,0,20,after block 19,19,2.21947477805641,2.312125,5.26875,5.4625,-0.06553079947575378,False,runs/pendulum/unified_mechanism_v2/paired_layer_control/large_seed3407/short_common_scan/B/videos/B_066/location_20.mp4,True,1.0,0,3.412705048885007,0.017730302322198493,1.41036607162214,203.0,True,True,blue,circle,0.11922520769260742,0.004226257612658707,0.010610834860434477,True,1.0,-0.06684141546526881
B_066,low,66,0,21,after block 20,20,2.21947477805641,2.312125,5.26875,5.43925,-0.057667103538663354,False,runs/pendulum/unified_mechanism_v2/paired_layer_control/large_seed3407/short_common_scan/B/videos/B_066/location_21.mp4,True,1.0,0,4.171730586124339,0.017385602036369602,1.322279602665321,202.5,True,True,blue,circle,0.12603310029405218,0.0027690710889569895,0.011700058233338521,True,1.0,-0.056356487549148335
B_066,low,66,0,22,after block 21,21,2.21947477805641,2.312125,5.26875,5.3888750000000005,-0.040629095674967475,False,runs/pendulum/unified_mechanism_v2/paired_layer_control/large_seed3407/short_common_scan/B/videos/B_066/location_22.mp4,True,1.0,0,3.541519963376186,0.0168640299697079,3.300841329518161,204.5,True,True,blue,circle,0.11275843406141865,-0.000985950086647404,0.005435453698382864,True,1.0,-0.040629095674967475
B_066,low,66,0,23,after block 22,22,2.21947477805641,2.312125,5.26875,5.4005,-0.04456094364351254,False,runs/pendulum/unified_mechanism_v2/paired_layer_control/large_seed3407/short_common_scan/B/videos/B_066/location_23.mp4,True,1.0,0,3.552196052079617,0.01724110849643129,3.075548862480471,203.0,True,True,blue,circle,0.11405016537040585,-0.0009405343881854147,0.005504815500001606,True,1.0,-0.04456094364351254
B_066,low,66,0,24,after block 23,23,2.21947477805641,2.312125,5.26875,5.385,-0.03931847968545215,False,runs/pendulum/unified_mechanism_v2/paired_layer_control/large_seed3407/short_common_scan/B/videos/B_066/location_24.mp4,True,1.0,0,3.6740393312100794,0.017252838951076405,3.075548862480471,203.0,True,True,blue,circle,0.11404704064284149,-0.000746954091785668,0.005401013877258892,True,1.0,-0.041939711664482494
B_066,low,66,0,25,after block 24,24,2.21947477805641,2.312125,5.26875,5.36175,-0.03145478374836172,False,runs/pendulum/unified_mechanism_v2/paired_layer_control/large_seed3407/short_common_scan/B/videos/B_066/location_25.mp4,True,1.0,0,3.268286791486094,0.016840479197490127,2.9905000792867513,207.5,True,True,blue,circle,0.12309662379285029,-0.0019051419436403464,0.005553905812797874,True,1.0,-0.03538663171690709
B_066,low,66,0,26,after block 25,25,2.21947477805641,2.312125,5.26875,5.33075,-0.020969855832241247,False,runs/pendulum/unified_mechanism_v2/paired_layer_control/large_seed3407/short_common_scan/B/videos/B_066/location_26.mp4,True,1.0,0,3.2683207722597962,0.01711743743705929,3.0223502033894176,208.5,True,True,blue,circle,0.12267947709636182,-0.0008227513262963882,0.004093961992319785,True,1.0,-0.02228047182175627
B_066,low,66,0,27,after block 26,26,2.21947477805641,2.312125,5.26875,5.28425,-0.005242463958060387,False,runs/pendulum/unified_mechanism_v2/paired_layer_control/large_seed3407/short_common_scan/B/videos/B_066/location_27.mp4,True,1.0,0,3.0382428060490785,0.01656265255762182,3.311498113084202,207.0,True,True,blue,circle,0.1235319020463899,-0.0007330848388516185,0.0037309970732439033,True,1.0,-0.005242463958060387
B_066,low,66,0,28,after block 27,27,2.21947477805641,2.312125,5.26875,5.28425,-0.005242463958060387,False,runs/pendulum/unified_mechanism_v2/paired_layer_control/large_seed3407/short_common_scan/B/videos/B_066/location_28.mp4,True,1.0,0,2.9734349095359187,0.016527642562680883,2.5253026220967665,207.0,True,True,blue,circle,0.12529886801208606,-0.000951743116729294,0.003534248832301041,True,1.0,-0.005242463958060387
B_066,low,66,0,29,after block 28,28,2.21947477805641,2.312125,5.26875,5.264875,0.0013106159895150218,False,runs/pendulum/unified_mechanism_v2/paired_layer_control/large_seed3407/short_common_scan/B/videos/B_066/location_29.mp4,True,1.0,0,3.126837267049153,0.01695628530678392,3.1156000019365115,208.0,True,True,blue,circle,0.12465723121832682,-0.0005509853327903394,0.003627257984959869,True,1.0,-0.0
B_066,low,66,0,30,after block 29,29,2.21947477805641,2.312125,5.26875,5.26875,-0.0,False,runs/pendulum/unified_mechanism_v2/paired_layer_control/large_seed3407/short_common_scan/B/videos/B_066/location_30.mp4,True,1.0,0,3.2028387779560434,0.017383729776730028,3.2682290395658136,208.0,True,True,blue,circle,0.12481223257622678,-0.0003179449337477177,0.003780783427363186,True,1.0,-0.0
B_067,low,67,0,0,embedding output,,2.4877500518830167,2.72675,5.4353750000000005,2.730625,0.9985693848354793,True,runs/pendulum/unified_mechanism_v2/paired_layer_control/large_seed3407/short_common_scan/B/videos/B_067/location_00.mp4,True,0.984375,1,1.1291206690508166,0.0014650261339483883,0.8759291363322738,188.0,True,True,red,circle,0.13479685833190805,-0.00473627086727541,0.004965124578237919,True,0.984375,0.9971387696709585
B_067,low,67,0,1,after block 0,0,2.4877500518830167,2.72675,5.4353750000000005,2.7383750000000004,0.9957081545064376,True,runs/pendulum/unified_mechanism_v2/paired_layer_control/large_seed3407/short_common_scan/B/videos/B_067/location_01.mp4,True,0.984375,1,1.106247283115343,0.0013217815333622651,0.8704743082858851,188.0,True,True,red,circle,0.13478179798887885,-0.004670666769214159,0.004884326739185588,True,0.984375,0.9971387696709585
B_067,low,67,0,2,after block 1,1,2.4877500518830167,2.72675,5.4353750000000005,2.746125,0.9928469241773963,True,runs/pendulum/unified_mechanism_v2/paired_layer_control/large_seed3407/short_common_scan/B/videos/B_067/location_02.mp4,True,0.984375,1,1.0224970142732681,0.0012040076187401771,0.8704743082858851,188.0,True,True,red,circle,0.13450289458092946,-0.004643279419844554,0.004952567819117833,True,0.984375,0.9942775393419169
B_067,low,67,0,3,after block 2,2,2.4877500518830167,2.72675,5.4353750000000005,2.746125,0.9928469241773963,True,runs/pendulum/unified_mechanism_v2/paired_layer_control/large_seed3407/short_common_scan/B/videos/B_067/location_03.mp4,True,0.984375,1,1.0362628003482632,0.0012009181004259961,0.8704743082858851,187.0,True,True,red,circle,0.13410183424942435,-0.004500456237273332,0.004912372063309385,True,0.984375,0.9942775393419169
B_067,low,67,0,4,after block 3,3,2.4877500518830167,2.72675,5.4353750000000005,2.746125,0.9928469241773963,True,runs/pendulum/unified_mechanism_v2/paired_layer_control/large_seed3407/short_common_scan/B/videos/B_067/location_04.mp4,True,0.984375,1,1.015143377987329,0.0012009181004259961,0.8704743082858851,187.0,True,True,red,circle,0.13454116736277622,-0.00450821325388054,0.004860247711022106,True,0.984375,0.9942775393419169
B_067,low,67,0,5,after block 4,4,2.4877500518830167,2.72675,5.4353750000000005,2.75,0.9914163090128756,True,runs/pendulum/unified_mechanism_v2/paired_layer_control/large_seed3407/short_common_scan/B/videos/B_067/location_05.mp4,True,0.984375,1,1.0384064246118414,0.0012009181004259961,0.8704743082858851,188.0,True,True,red,circle,0.13445851536624065,-0.004618668541196802,0.004906495358445057,True,0.984375,0.9928469241773963
B_067,low,67,0,6,after block 5,5,2.4877500518830167,2.72675,5.4353750000000005,2.8546250000000004,0.9527896995708153,True,runs/pendulum/unified_mechanism_v2/paired_layer_control/large_seed3407/short_common_scan/B/videos/B_067/location_06.mp4,True,0.984375,1,1.06995656666644,0.001468865916818607,0.8239393221397218,183.0,True,True,red,circle,0.12119843001645585,-0.003463857909346273,0.0054867186352700135,True,0.984375,0.9513590844062946
B_067,low,67,0,7,after block 6,6,2.4877500518830167,2.72675,5.4353750000000005,2.8585000000000003,0.9513590844062946,True,runs/pendulum/unified_mechanism_v2/paired_layer_control/large_seed3407/short_common_scan/B/videos/B_067/location_07.mp4,True,0.984375,1,1.039373430589131,0.0014085388152967337,0.8559121470748461,182.0,True,True,red,circle,0.12147355792955405,-0.003403462405219448,0.005516772449968908,True,0.984375,0.9513590844062946
B_067,low,67,0,8,after block 7,7,2.4877500518830167,2.72675,5.4353750000000005,2.86625,0.9484978540772533,True,runs/pendulum/unified_mechanism_v2/paired_layer_control/large_seed3407/short_common_scan/B/videos/B_067/location_08.mp4,True,0.984375,1,1.0729884597564265,0.0011311235304571343,0.8559121470748461,182.0,True,True,red,circle,0.12064939364378648,-0.00349508472021028,0.005848343376019855,True,0.984375,0.9484978540772533
B_067,low,67,0,9,after block 8,8,2.4877500518830167,2.72675,5.4353750000000005,2.86625,0.9484978540772533,True,runs/pendulum/unified_mechanism_v2/paired_layer_control/large_seed3407/short_common_scan/B/videos/B_067/location_09.mp4,True,0.984375,1,1.160451775760121,0.0010795565679710961,0.8340836397398012,182.0,True,True,red,circle,0.1206476001972605,-0.0036710940850082103,0.005907197989943946,True,0.984375,0.9484978540772533
B_067,low,67,0,10,after block 9,9,2.4877500518830167,2.72675,5.4353750000000005,2.885625,0.9413447782546495,True,runs/pendulum/unified_mechanism_v2/paired_layer_control/large_seed3407/short_common_scan/B/videos/B_067/location_10.mp4,True,0.984375,1,1.1519325172400456,0.001256444452526817,0.8340836397398012,182.0,True,True,red,circle,0.120173294346575,-0.003778932744056697,0.006150587744088651,True,0.984375,0.938483547925608
B_067,low,67,0,11,after block 10,10,2.4877500518830167,2.72675,5.4353750000000005,2.8933750000000003,0.938483547925608,True,runs/pendulum/unified_mechanism_v2/paired_layer_control/large_seed3407/short_common_scan/B/videos/B_067/location_11.mp4,True,0.984375,1,1.253502492709749,0.0014480483753176454,0.8559121470748461,182.0,True,True,red,circle,0.11863678742618314,-0.002913732552664518,0.00612801231476224,True,0.984375,0.9356223175965664
B_067,low,67,0,12,after block 11,11,2.4877500518830167,2.72675,5.4353750000000005,2.91275,0.9313304721030043,True,runs/pendulum/unified_mechanism_v2/paired_layer_control/large_seed3407/short_common_scan/B/videos/B_067/location_12.mp4,True,0.984375,1,1.069946505362803,0.0015085083795087217,0.8318321809802659,182.0,True,True,red,circle,0.11389284928911488,-0.002718438534138994,0.0066878308978977246,True,0.984375,0.9270386266094419
B_067,low,67,0,13,after block 12,12,2.4877500518830167,2.72675,5.4353750000000005,2.9476250000000004,0.9184549356223175,True,runs/pendulum/unified_mechanism_v2/paired_layer_control/large_seed3407/short_common_scan/B/videos/B_067/location_13.mp4,True,0.984375,1,1.1915958246903,0.0013912687713151795,0.8856365589915053,178.0,True,True,red,circle,0.10936854816146728,-0.0016821780598933037,0.00736438711671776,True,0.984375,0.9184549356223175
B_067,low,67,0,14,after block 13,13,2.4877500518830167,2.72675,5.4353750000000005,2.9476250000000004,0.9184549356223175,False,runs/pendulum/unified_mechanism_v2/paired_layer_control/large_seed3407/short_common_scan/B/videos/B_067/location_14.mp4,True,1.0,0,14.41598343896096,0.07261145795094787,2.3357772919498863,46.0,True,True,blue,circle,0.05910872947244374,0.002593792186125794,0.018463234614114424,False,0.015625,nan
B_067,low,67,0,15,after block 14,14,2.4877500518830167,2.72675,5.4353750000000005,5.288125,0.05436337625178846,False,runs/pendulum/unified_mechanism_v2/paired_layer_control/large_seed3407/short_common_scan/B/videos/B_067/location_15.mp4,True,1.0,0,3.2095309402321623,0.017109108140271584,1.5201122961651432,185.0,True,True,blue,circle,0.06219010261662227,0.007815482303602145,0.037594503612388606,False,0.015625,nan
B_067,low,67,0,16,after block 15,15,2.4877500518830167,2.72675,5.4353750000000005,5.31525,0.044349070100143315,False,runs/pendulum/unified_mechanism_v2/paired_layer_control/large_seed3407/short_common_scan/B/videos/B_067/location_16.mp4,True,1.0,0,3.365239395456971,0.017350304182237097,1.8286408406013646,196.0,True,True,blue,circle,0.0919853781769196,0.003092404484362673,0.02213773824282554,False,0.71875,0.045779685264664
B_067,low,67,0,17,after block 16,16,2.4877500518830167,2.72675,5.4353750000000005,5.5245,-0.03290414878397682,False,runs/pendulum/unified_mechanism_v2/paired_layer_control/large_seed3407/short_common_scan/B/videos/B_067/location_17.mp4,True,1.0,0,2.5686742912206686,0.017469244131850248,2.2719814505473725,197.5,True,True,blue,circle,0.09543981297587056,0.004461159060800408,0.013981998177766602,True,1.0,-0.00858369098712446
B_067,low,67,0,18,after block 17,17,2.4877500518830167,2.72675,5.4353750000000005,5.908125,-0.17453505007153056,False,runs/pendulum/unified_mechanism_v2/paired_layer_control/large_seed3407/short_common_scan/B/videos/B_067/location_18.mp4,True,1.0,0,3.1722410779696832,0.017962454133045563,1.9599638471261256,200.0,True,True,blue,circle,0.09069430390208487,0.005683105182704008,0.012328925267366673,True,1.0,-0.16452074391988541
B_067,low,67,0,19,after block 18,18,2.4877500518830167,2.72675,5.4353750000000005,5.7725,-0.1244635193133045,False,runs/pendulum/unified_mechanism_v2/paired_layer_control/large_seed3407/short_common_scan/B/videos/B_067/location_19.mp4,True,1.0,0,3.1730632196759276,0.016851278926750674,1.9599638471261256,199.0,True,True,blue,circle,0.08749981482944674,0.008221040542239296,0.013560760330939501,True,1.0,-0.11874105865522175
B_067,low,67,0,20,after block 19,19,2.4877500518830167,2.72675,5.4353750000000005,5.729875,-0.10872675250357626,False,runs/pendulum/unified_mechanism_v2/paired_layer_control/large_seed3407/short_common_scan/B/videos/B_067/location_20.mp4,True,1.0,0,3.380708395886462,0.017786979679038223,1.5159242279523444,202.0,True,True,blue,circle,0.0883133517373427,0.008021718681573111,0.010798377011546975,True,1.0,-0.11015736766809728
B_067,low,67,0,21,after block 20,20,2.4877500518830167,2.72675,5.4353750000000005,5.695,-0.09585121602288973,False,runs/pendulum/unified_mechanism_v2/paired_layer_control/large_seed3407/short_common_scan/B/videos/B_067/location_21.mp4,True,1.0,0,3.086431186294752,0.017346829968294147,2.0834274486443283,202.0,True,True,blue,circle,0.09283271856232042,0.006608512262694183,0.010098156348948447,True,1.0,-0.09585121602288973
B_067,low,67,0,22,after block 21,21,2.4877500518830167,2.72675,5.4353750000000005,5.70275,-0.09871244635193112,False,runs/pendulum/unified_mechanism_v2/paired_layer_control/large_seed3407/short_common_scan/B/videos/B_067/location_22.mp4,True,1.0,0,3.4854669204293525,0.015302257520685536,0.5499341758089035,201.0,True,True,blue,circle,0.08238334463063995,0.004116902027505676,0.006518462997406413,True,1.0,-0.09728183118741043
B_067,low,67,0,23,after block 22,22,2.4877500518830167,2.72675,5.4353750000000005,5.605875,-0.0629470672389126,False,runs/pendulum/unified_mechanism_v2/paired_layer_control/large_seed3407/short_common_scan/B/videos/B_067/location_23.mp4,True,1.0,0,3.7650110814046043,0.014997316344005557,0.506319156923244,202.0,True,True,blue,circle,0.08326071661781734,0.004220770986025558,0.007216246122274721,True,1.0,-0.06437768240343328
B_067,low,67,0,24,after block 23,23,2.4877500518830167,2.72675,5.4353750000000005,5.59425,-0.0586552217453502,False,runs/pendulum/unified_mechanism_v2/paired_layer_control/large_seed3407/short_common_scan/B/videos/B_067/location_24.mp4,True,1.0,0,3.6049492490305077,0.014971958720652878,0.594265012593467,203.5,True,True,blue,circle,0.08255272772801364,0.004536517158844583,0.007195341911836692,True,1.0,-0.0629470672389126
B_067,low,67,0,25,after block 24,24,2.4877500518830167,2.72675,5.4353750000000005,5.520625,-0.03147353361945613,False,runs/pendulum/unified_mechanism_v2/paired_layer_control/large_seed3407/short_common_scan/B/videos/B_067/location_25.mp4,True,1.0,0,3.246865721412657,0.015257216276492264,0.9216255854314467,206.5,True,True,blue,circle,0.09315816905331299,0.0021286651984957004,0.00626402243187436,True,1.0,-0.03290414878397682
B_067,low,67,0,26,after block 25,25,2.4877500518830167,2.72675,5.4353750000000005,5.512875,-0.028612303290414753,False,runs/pendulum/unified_mechanism_v2/paired_layer_control/large_seed3407/short_common_scan/B/videos/B_067/location_26.mp4,True,1.0,0,2.3292587226089236,0.015622695114450913,0.8550655146476468,206.5,True,True,blue,circle,0.09291381989618393,0.00239783603808229,0.006007142146175365,True,1.0,-0.025751072961373377
B_067,low,67,0,27,after block 26,26,2.4877500518830167,2.72675,5.4353750000000005,5.478,-0.015736766809727902,False,runs/pendulum/unified_mechanism_v2/paired_layer_control/large_seed3407/short_common_scan/B/videos/B_067/location_27.mp4,True,1.0,0,3.1599221891377627,0.0167553505327033,0.8335466451029206,209.0,True,True,blue,circle,0.0924635572364741,0.0023263551370165765,0.005632267535653084,True,1.0,-0.014306151645207214
B_067,low,67,0,28,after block 27,27,2.4877500518830167,2.72675,5.4353750000000005,5.443125,-0.0028612303290413772,False,runs/pendulum/unified_mechanism_v2/paired_layer_control/large_seed3407/short_common_scan/B/videos/B_067/location_28.mp4,True,1.0,0,2.8888208241760585,0.016516575962845503,0.9793169600463769,209.0,True,True,blue,circle,0.09407532235764873,0.0024284254362363167,0.005273874786915297,True,1.0,-0.0014306151645206886
B_067,low,67,0,29,after block 28,28,2.4877500518830167,2.72675,5.4353750000000005,5.43925,-0.0014306151645206886,False,runs/pendulum/unified_mechanism_v2/paired_layer_control/large_seed3407/short_common_scan/B/videos/B_067/location_29.mp4,True,1.0,0,2.9918995285215257,0.015187391164718927,1.0694272429154281,208.0,True,True,blue,circle,0.09383223202507911,0.002591909812772873,0.0051892981524559005,True,1.0,-0.0014306151645206886
B_067,low,67,0,30,after block 29,29,2.4877500518830167,2.72675,5.4353750000000005,5.4353750000000005,-0.0,False,runs/pendulum/unified_mechanism_v2/paired_layer_control/large_seed3407/short_common_scan/B/videos/B_067/location_30.mp4,True,1.0,0,2.917049849901357,0.017054529075844593,0.9793169600463769,209.0,True,True,blue,circle,0.0937332992151156,0.002546675880320385,0.005050529545681697,True,1.0,-0.0
B_104,low,104,0,0,embedding output,,2.315007687234768,2.35475,5.34625,2.3625000000000003,0.9974093264248705,True,runs/pendulum/unified_mechanism_v2/paired_layer_control/large_seed3407/short_common_scan/B/videos/B_104/location_00.mp4,True,1.0,0,1.174666700150988,0.0012091835695204334,0.2757653413378198,194.0,True,True,red,circle,0.12176263262278005,0.0005624384996331024,0.004482901503710088,True,0.984375,1.0
B_104,low,104,0,1,after block 0,0,2.315007687234768,2.35475,5.34625,2.366375,0.9961139896373057,True,runs/pendulum/unified_mechanism_v2/paired_layer_control/large_seed3407/short_common_scan/B/videos/B_104/location_01.mp4,True,1.0,0,1.2207554931923597,0.0011473251553062447,0.17663002501930677,193.5,True,True,red,circle,0.12161426605510621,0.0004626928695661733,0.004526273637628617,True,0.984375,1.0
B_104,low,104,0,2,after block 1,1,2.315007687234768,2.35475,5.34625,2.366375,0.9961139896373057,True,runs/pendulum/unified_mechanism_v2/paired_layer_control/large_seed3407/short_common_scan/B/videos/B_104/location_02.mp4,True,1.0,0,1.130187962283939,0.0012502245387427668,0.28645020338343297,193.0,True,True,red,circle,0.12213242084418402,0.0005191347076585419,0.004571903839162456,True,0.984375,0.9987046632124352
B_104,low,104,0,3,after block 2,2,2.315007687234768,2.35475,5.34625,2.366375,0.9961139896373057,True,runs/pendulum/unified_mechanism_v2/paired_layer_control/large_seed3407/short_common_scan/B/videos/B_104/location_03.mp4,True,1.0,0,1.1255200682582063,0.001212060511495583,0.28902266494791934,192.5,True,True,red,circle,0.12199239123150016,0.00041942808646256574,0.0044428379330419794,True,0.984375,0.9974093264248705
B_104,low,104,0,4,after block 3,3,2.315007687234768,2.35475,5.34625,2.366375,0.9961139896373057,True,runs/pendulum/unified_mechanism_v2/paired_layer_control/large_seed3407/short_common_scan/B/videos/B_104/location_04.mp4,True,1.0,0,1.1378472274058737,0.0011324415215396566,0.28902266494791934,193.0,True,True,red,circle,0.1222701344514898,0.0005332548986040286,0.004543759703465651,True,0.984375,0.9987046632124352
B_104,low,104,0,5,after block 4,4,2.315007687234768,2.35475,5.34625,2.3625000000000003,0.9974093264248705,True,runs/pendulum/unified_mechanism_v2/paired_layer_control/large_seed3407/short_common_scan/B/videos/B_104/location_05.mp4,True,1.0,0,1.1255200682582063,0.001198981258409365,0.28902266494791934,192.5,True,True,red,circle,0.12222350258279403,0.00047611517229205176,0.004455859418480342,True,0.984375,0.9987046632124352
B_104,low,104,0,6,after block 5,5,2.315007687234768,2.35475,5.34625,2.459375,0.9650259067357513,True,runs/pendulum/unified_mechanism_v2/paired_layer_control/large_seed3407/short_common_scan/B/videos/B_104/location_06.mp4,True,1.0,0,2.71732647351138,0.0014132402661821974,2.6212253101211207,187.0,True,True,red,circle,0.10489733939069251,-0.0016109714849049735,0.007089264259633597,True,0.984375,0.9637305699481864
B_104,low,104,0,7,after block 6,6,2.315007687234768,2.35475,5.34625,2.4400000000000004,0.971502590673575,True,runs/pendulum/unified_mechanism_v2/paired_layer_control/large_seed3407/short_common_scan/B/videos/B_104/location_07.mp4,True,0.984375,1,1.3369670190571081,0.0011935835292200547,1.3209726308806429,186.0,True,True,red,circle,0.10575884518884068,-0.0009192941698034983,0.00665393864962667,True,0.984375,0.9676165803108809
B_104,low,104,0,8,after block 7,7,2.315007687234768,2.35475,5.34625,2.459375,0.9650259067357513,True,runs/pendulum/unified_mechanism_v2/paired_layer_control/large_seed3407/short_common_scan/B/videos/B_104/location_08.mp4,True,0.984375,1,0.9952057414637376,0.00136507380415124,1.3209726308806429,185.0,True,True,red,circle,0.10429358814609793,-0.0008878069234637317,0.007194988178850192,True,0.984375,0.9598445595854923
B_104,low,104,0,9,after block 8,8,2.315007687234768,2.35475,5.34625,2.459375,0.9650259067357513,True,runs/pendulum/unified_mechanism_v2/paired_layer_control/large_seed3407/short_common_scan/B/videos/B_104/location_09.mp4,True,0.984375,1,0.8962485581390942,0.0012709127116632413,1.353819137138609,184.0,True,True,red,circle,0.10434371947021812,-0.001056477278448776,0.007258589519974813,True,0.984375,0.9585492227979274
B_104,low,104,0,10,after block 9,9,2.315007687234768,2.35475,5.34625,2.4438750000000002,0.9702072538860104,True,runs/pendulum/unified_mechanism_v2/paired_layer_control/large_seed3407/short_common_scan/B/videos/B_104/location_10.mp4,True,0.984375,1,0.916987031794336,0.0014049786990270041,1.3276401423200772,184.0,True,True,red,circle,0.10574968156557824,-0.001255444599305256,0.006630616279292223,True,0.984375,0.9676165803108809
B_104,low,104,0,11,after block 10,10,2.315007687234768,2.35475,5.34625,2.4632500000000004,0.9637305699481864,True,runs/pendulum/unified_mechanism_v2/paired_layer_control/large_seed3407/short_common_scan/B/videos/B_104/location_11.mp4,True,0.984375,1,0.8609544437832267,0.0012314283169481688,1.3276401423200772,184.0,True,True,red,circle,0.10389777191415307,-0.0012188677611127416,0.007252544138813037,True,0.984375,0.9585492227979274
B_104,low,104,0,12,after block 11,11,2.315007687234768,2.35475,5.34625,2.4245,0.9766839378238342,True,runs/pendulum/unified_mechanism_v2/paired_layer_control/large_seed3407/short_common_scan/B/videos/B_104/location_12.mp4,True,0.984375,1,0.8193054119187665,0.001152434307746475,1.2951099051150043,183.0,True,True,red,circle,0.09731856337575116,-0.0006628344790233412,0.00848419616247126,True,0.984375,0.9702072538860104
B_104,low,104,0,13,after block 12,12,2.315007687234768,2.35475,5.34625,2.378,0.9922279792746114,True,runs/pendulum/unified_mechanism_v2/paired_layer_control/large_seed3407/short_common_scan/B/videos/B_104/location_13.mp4,True,0.984375,1,0.8254955588469381,0.0010760349149523951,1.3502069814946844,179.0,True,True,red,circle,0.09136161614120071,0.0003177329522278598,0.010271720661278943,True,0.984375,0.9883419689119171
B_104,low,104,0,14,after block 13,13,2.315007687234768,2.35475,5.34625,2.459375,0.9650259067357513,False,runs/pendulum/unified_mechanism_v2/paired_layer_control/large_seed3407/short_common_scan/B/videos/B_104/location_14.mp4,True,1.0,0,10.925121720018149,0.04410384248322333,1.827065300108122,86.0,True,True,blue,circle,0.020983298520891026,0.01178992130245465,0.013198290473701337,False,0.015625,nan
B_104,low,104,0,15,after block 14,14,2.315007687234768,2.35475,5.34625,5.024625,0.10751295336787565,False,runs/pendulum/unified_mechanism_v2/paired_layer_control/large_seed3407/short_common_scan/B/videos/B_104/location_15.mp4,True,1.0,0,3.1822375126322173,0.01712448340117398,1.5978021344626536,180.0,True,True,blue,circle,0.06003983454765687,0.00847536506328962,0.03164175671057282,False,0.03125,nan
B_104,low,104,0,16,after block 15,15,2.315007687234768,2.35475,5.34625,5.171875,0.05829015544041463,False,runs/pendulum/unified_mechanism_v2/paired_layer_control/large_seed3407/short_common_scan/B/videos/B_104/location_16.mp4,True,1.0,0,3.487915541939715,0.01724453440497567,1.785444058019548,195.0,True,True,blue,circle,0.0920376071004484,0.006315640604106057,0.018298814186388335,False,0.71875,0.06476683937823852
B_104,low,104,0,17,after block 16,16,2.315007687234768,2.35475,5.34625,5.373375,-0.009067357512953315,False,runs/pendulum/unified_mechanism_v2/paired_layer_control/large_seed3407/short_common_scan/B/videos/B_104/location_17.mp4,True,1.0,0,3.276410486860524,0.01723918579729672,2.1154666563445015,197.5,True,True,blue,circle,0.0986181386081749,0.005178385931037907,0.014238225412555178,True,1.0,0.037564766839378275
B_104,low,104,0,18,after block 17,17,2.315007687234768,2.35475,5.34625,5.4005,-0.01813471502590663,False,runs/pendulum/unified_mechanism_v2/paired_layer_control/large_seed3407/short_common_scan/B/videos/B_104/location_18.mp4,True,1.0,0,3.299779465797789,0.01814608760236605,2.824550986236352,200.0,True,True,blue,circle,0.09921058715650422,0.006225420761219511,0.011938430561101103,True,1.0,0.01036269430051833
B_104,low,104,0,19,after block 18,18,2.315007687234768,2.35475,5.34625,5.3888750000000005,-0.014248704663212479,False,runs/pendulum/unified_mechanism_v2/paired_layer_control/large_seed3407/short_common_scan/B/videos/B_104/location_19.mp4,True,1.0,0,3.2170400669128734,0.018176964011565933,2.847736920471279,201.0,True,True,blue,circle,0.0955583172693943,0.007645481003693831,0.013160634062129155,True,1.0,0.016839378238341914
B_104,low,104,0,20,after block 19,19,2.315007687234768,2.35475,5.34625,5.3695,-0.007772020725388598,False,runs/pendulum/unified_mechanism_v2/paired_layer_control/large_seed3407/short_common_scan/B/videos/B_104/location_20.mp4,True,1.0,0,3.29646185425529,0.018631020303718243,2.831127624514406,203.5,True,True,blue,circle,0.0959541156497677,0.007097505273435224,0.011186921135873445,True,1.0,-0.0038860103626941504
B_104,low,104,0,21,after block 20,20,2.315007687234768,2.35475,5.34625,5.3385,0.0025906735751297307,False,runs/pendulum/unified_mechanism_v2/paired_layer_control/large_seed3407/short_common_scan/B/videos/B_104/location_21.mp4,True,1.0,0,3.1339797508253633,0.01756570930943746,2.730291867727128,203.5,True,True,blue,circle,0.1011020014387126,0.005377413258475353,0.009672503349795037,True,1.0,0.0064766839378238815
B_104,low,104,0,22,after block 21,21,2.315007687234768,2.35475,5.34625,5.350125,-0.0012953367875647168,False,runs/pendulum/unified_mechanism_v2/paired_layer_control/large_seed3407/short_common_scan/B/videos/B_104/location_22.mp4,True,1.0,0,3.161707420495834,0.01773332525819904,2.8936322350045947,206.0,True,True,blue,circle,0.08636503217873387,0.0032944038819249554,0.0074260728917372835,True,1.0,0.0012953367875647168
B_104,low,104,0,23,after block 22,22,2.315007687234768,2.35475,5.34625,5.385,-0.012953367875647465,False,runs/pendulum/unified_mechanism_v2/paired_layer_control/large_seed3407/short_common_scan/B/videos/B_104/location_23.mp4,True,1.0,0,2.506041639005275,0.018411393762244516,2.6927323617828383,206.5,True,True,blue,circle,0.08618433339250457,0.0035728460598132335,0.007024876640919427,True,1.0,-0.012953367875647465
B_104,low,104,0,24,after block 23,23,2.315007687234768,2.35475,5.34625,5.3656250000000005,-0.0064766839378238815,False,runs/pendulum/unified_mechanism_v2/paired_layer_control/large_seed3407/short_common_scan/B/videos/B_104/location_24.mp4,True,1.0,0,2.6385234620992217,0.01819436850629802,2.8765022667898834,206.0,True,True,blue,circle,0.08581299775850608,0.00351584043333366,0.007098849874977455,True,1.0,-0.007772020725388598
B_104,low,104,0,25,after block 24,24,2.315007687234768,2.35475,5.34625,5.373375,-0.009067357512953315,False,runs/pendulum/unified_mechanism_v2/paired_layer_control/large_seed3407/short_common_scan/B/videos/B_104/location_25.mp4,True,1.0,0,2.7073700320525007,0.018267511147925047,2.5771975581724806,211.0,True,True,blue,circle,0.0953261369055043,0.001613656684580267,0.004264484720059494,True,1.0,-0.009067357512953315
B_104,low,104,0,26,after block 25,25,2.315007687234768,2.35475,5.34625,5.381125,-0.011658031088082749,False,runs/pendulum/unified_mechanism_v2/paired_layer_control/large_seed3407/short_common_scan/B/videos/B_104/location_26.mp4,True,1.0,0,2.431341885081259,0.018243682070350875,2.6779018179626473,211.5,True,True,blue,circle,0.09507984946821763,0.0029432379576836438,0.004421384741283554,True,1.0,-0.010362694300518031
B_104,low,104,0,27,after block 26,26,2.315007687234768,2.35475,5.34625,5.350125,-0.0012953367875647168,False,runs/pendulum/unified_mechanism_v2/paired_layer_control/large_seed3407/short_common_scan/B/videos/B_104/location_27.mp4,True,1.0,0,2.4515118702030603,0.018018480761791772,2.4876137092424826,211.0,True,True,blue,circle,0.0954970058845362,0.002160138584384819,0.00434507889206478,True,1.0,-0.0
B_104,low,104,0,28,after block 27,27,2.315007687234768,2.35475,5.34625,5.350125,-0.0012953367875647168,False,runs/pendulum/unified_mechanism_v2/paired_layer_control/large_seed3407/short_common_scan/B/videos/B_104/location_28.mp4,True,1.0,0,2.253057194688436,0.01741420559373949,2.4048063096732477,210.0,True,True,blue,circle,0.09591332775764677,0.0016077996903388885,0.004574384183198375,True,1.0,-0.0
B_104,low,104,0,29,after block 28,28,2.315007687234768,2.35475,5.34625,5.354,-0.0025906735751294336,False,runs/pendulum/unified_mechanism_v2/paired_layer_control/large_seed3407/short_common_scan/B/videos/B_104/location_29.mp4,True,1.0,0,2.414987477964369,0.017464750582652372,2.379795692828253,211.0,True,True,blue,circle,0.09625408469181312,0.0019035518147588494,0.004470752033166907,True,1.0,-0.0
B_104,low,104,0,30,after block 29,29,2.315007687234768,2.35475,5.34625,5.354,-0.0025906735751294336,False,runs/pendulum/unified_mechanism_v2/paired_layer_control/large_seed3407/short_common_scan/B/videos/B_104/location_30.mp4,True,1.0,0,2.7468522313581993,0.017444819198714767,2.3005806821803976,212.0,True,True,blue,circle,0.09541138786244314,0.001943659456325902,0.004527769805969643,True,1.0,-0.0
B_113,low,113,0,0,embedding output,,2.4208730051383305,2.660875,5.354,2.6918750000000005,0.9884892086330933,True,runs/pendulum/unified_mechanism_v2/paired_layer_control/large_seed3407/short_common_scan/B/videos/B_113/location_00.mp4,True,1.0,0,3.2874804588051187,0.0014195296938231128,2.817445418626437,193.0,True,True,red,circle,0.09866034242635753,-0.00632297235213777,0.007054086631421833,True,0.984375,1.0
B_113,low,113,0,1,after block 0,0,2.4208730051383305,2.660875,5.354,2.68025,0.9928057553956834,True,runs/pendulum/unified_mechanism_v2/paired_layer_control/large_seed3407/short_common_scan/B/videos/B_113/location_01.mp4,True,1.0,0,3.2465138724293197,0.001318217091907825,3.0333907819641,192.5,True,True,red,circle,0.09862412830828352,-0.005947259327159061,0.005794321660137954,True,0.984375,0.9985611510791366
B_113,low,113,0,2,after block 1,1,2.4208730051383305,2.660875,5.354,2.660875,1.0,True,runs/pendulum/unified_mechanism_v2/paired_layer_control/large_seed3407/short_common_scan/B/videos/B_113/location_02.mp4,True,0.984375,1,0.8773929942145289,0.0013340354724976078,0.8722729521616104,192.0,True,True,red,circle,0.09846261067263122,-0.00540159856055026,0.004978197420975956,True,0.984375,0.9985611510791366
B_113,low,113,0,3,after block 2,2,2.4208730051383305,2.660875,5.354,2.66475,0.9985611510791366,True,runs/pendulum/unified_mechanism_v2/paired_layer_control/large_seed3407/short_common_scan/B/videos/B_113/location_03.mp4,True,0.984375,1,0.906581403048175,0.001375540577345069,0.8284776826358521,192.0,True,True,red,circle,0.09853397166397705,-0.005441012823351236,0.00487839297441575,True,0.984375,0.9985611510791366
B_113,low,113,0,4,after block 3,3,2.4208730051383305,2.660875,5.354,2.657,1.0014388489208632,True,runs/pendulum/unified_mechanism_v2/paired_layer_control/large_seed3407/short_common_scan/B/videos/B_113/location_04.mp4,True,0.984375,1,0.8454037937613952,0.0013034089691019157,0.8722729521616104,192.0,True,True,red,circle,0.09861299950543646,-0.005272091524903158,0.004803124473837185,True,0.984375,0.9985611510791366
B_113,low,113,0,5,after block 4,4,2.4208730051383305,2.660875,5.354,2.657,1.0014388489208632,True,runs/pendulum/unified_mechanism_v2/paired_layer_control/large_seed3407/short_common_scan/B/videos/B_113/location_05.mp4,True,0.984375,1,0.8342672225626914,0.0014021734138368047,0.8722729521616104,192.0,True,True,red,circle,0.09885605591011642,-0.005566839635189031,0.0047477855610907746,True,0.984375,1.0
B_113,low,113,0,6,after block 5,5,2.4208730051383305,2.660875,5.354,2.777125,0.9568345323741008,True,runs/pendulum/unified_mechanism_v2/paired_layer_control/large_seed3407/short_common_scan/B/videos/B_113/location_06.mp4,True,0.984375,1,0.7294369754436797,0.0009130425924577246,0.5544817662312187,184.0,True,True,red,circle,0.08384503330945602,-0.0051583345874839336,0.0033875329779496552,True,0.984375,0.9568345323741008
B_113,low,113,0,7,after block 6,6,2.4208730051383305,2.660875,5.354,2.77325,0.958273381294964,True,runs/pendulum/unified_mechanism_v2/paired_layer_control/large_seed3407/short_common_scan/B/videos/B_113/location_07.mp4,True,0.984375,1,0.7421651305665482,0.0010458521494833284,0.6432077538938571,184.0,True,True,red,circle,0.08476431516445887,-0.0052300469862836055,0.0032266143116482953,True,0.984375,0.9597122302158272
B_113,low,113,0,8,after block 7,7,2.4208730051383305,2.660875,5.354,2.7655000000000003,0.9611510791366905,True,runs/pendulum/unified_mechanism_v2/paired_layer_control/large_seed3407/short_common_scan/B/videos/B_113/location_08.mp4,True,0.984375,1,0.743143656129333,0.0009097044373675978,0.6805786326910047,183.0,True,True,red,circle,0.08432847970344205,-0.004853747669862689,0.0030781206786167493,True,0.984375,0.9597122302158272
B_113,low,113,0,9,after block 8,8,2.4208730051383305,2.660875,5.354,2.7655000000000003,0.9611510791366905,True,runs/pendulum/unified_mechanism_v2/paired_layer_control/large_seed3407/short_common_scan/B/videos/B_113/location_09.mp4,True,0.984375,1,0.7158199583126529,0.0008702811380570941,0.7249041966220777,183.0,True,True,red,circle,0.08409950105328157,-0.004911060091292013,0.0031446017134361156,True,0.984375,0.958273381294964
B_113,low,113,0,10,after block 9,9,2.4208730051383305,2.660875,5.354,2.722875,0.976978417266187,True,runs/pendulum/unified_mechanism_v2/paired_layer_control/large_seed3407/short_common_scan/B/videos/B_113/location_10.mp4,True,0.984375,1,0.7637273378603874,0.0008725725819829777,0.7082262917447891,183.0,True,True,red,circle,0.08587952865898496,-0.005666336671605615,0.0034052916580616173,True,0.984375,0.972661870503597
B_113,low,113,0,11,after block 10,10,2.4208730051383305,2.660875,5.354,2.7655000000000003,0.9611510791366905,True,runs/pendulum/unified_mechanism_v2/paired_layer_control/large_seed3407/short_common_scan/B/videos/B_113/location_11.mp4,True,0.984375,1,0.7928410599170715,0.0009319982055981946,0.7249041966220777,183.0,True,True,red,circle,0.08422840006976187,-0.004929618283751117,0.0033396250013071663,True,0.984375,0.9625899280575537
B_113,low,113,0,12,after block 11,11,2.4208730051383305,2.660875,5.354,2.77325,0.958273381294964,True,runs/pendulum/unified_mechanism_v2/paired_layer_control/large_seed3407/short_common_scan/B/videos/B_113/location_12.mp4,True,0.984375,1,0.7164046532134478,0.0008095588835748124,0.6669819776256514,182.0,True,True,red,circle,0.07798784874187399,-0.00446422190782301,0.0038956191292821734,True,0.984375,0.9597122302158272
B_113,low,113,0,13,after block 12,12,2.4208730051383305,2.660875,5.354,2.8895,0.9151079136690647,True,runs/pendulum/unified_mechanism_v2/paired_layer_control/large_seed3407/short_common_scan/B/videos/B_113/location_13.mp4,True,0.984375,1,0.7838858888792005,0.0008796376155234542,0.5563565447379284,178.0,True,True,red,circle,0.07069538952055357,-0.0033916750604910434,0.005611905821263296,True,0.984375,0.9194244604316545
B_113,low,113,0,14,after block 13,13,2.4208730051383305,2.660875,5.354,2.80425,0.9467625899280575,False,runs/pendulum/unified_mechanism_v2/paired_layer_control/large_seed3407/short_common_scan/B/videos/B_113/location_14.mp4,True,1.0,0,16.007577039506543,0.02580617887647671,1.1543068731309778,121.5,True,True,blue,circle,0.026862731522424414,0.01320900380186442,0.01408988731095824,False,0.015625,nan
B_113,low,113,0,15,after block 14,14,2.4208730051383305,2.660875,5.354,5.20675,0.05467625899280563,False,runs/pendulum/unified_mechanism_v2/paired_layer_control/large_seed3407/short_common_scan/B/videos/B_113/location_15.mp4,True,1.0,0,3.0238052793789167,0.02103519239831514,0.6683776890511011,187.0,True,True,blue,circle,0.04857386730134687,0.007816548517725834,0.019571249811808467,False,0.03125,nan
B_113,low,113,0,16,after block 15,15,2.4208730051383305,2.660875,5.354,5.3075,0.017266187050359705,False,runs/pendulum/unified_mechanism_v2/paired_layer_control/large_seed3407/short_common_scan/B/videos/B_113/location_16.mp4,True,1.0,0,3.3603403417595263,0.01783727475943722,1.1230670940207657,195.0,True,True,blue,circle,0.07779471645426873,0.004886585758301479,0.012575771676129966,False,0.65625,0.0316546762589929
B_113,low,113,0,17,after block 16,16,2.4208730051383305,2.660875,5.354,5.39275,-0.014388489208633198,False,runs/pendulum/unified_mechanism_v2/paired_layer_control/large_seed3407/short_common_scan/B/videos/B_113/location_17.mp4,True,1.0,0,3.1324149723945673,0.017752625313649684,0.9709367174882645,197.5,True,True,blue,circle,0.08133407249130689,0.0039404508256762494,0.012383701550805497,True,1.0,0.05035971223021586
B_113,low,113,0,18,after block 17,17,2.4208730051383305,2.660875,5.354,5.43925,-0.0316546762589929,False,runs/pendulum/unified_mechanism_v2/paired_layer_control/large_seed3407/short_common_scan/B/videos/B_113/location_18.mp4,True,1.0,0,3.095528450620081,0.01937918431665317,2.0141442589653185,200.0,True,True,blue,circle,0.08115292509459657,0.004284233096792344,0.010467090959576049,True,1.0,0.007194244604316599
B_113,low,113,0,19,after block 18,18,2.4208730051383305,2.660875,5.354,5.4353750000000005,-0.03021582733812965,False,runs/pendulum/unified_mechanism_v2/paired_layer_control/large_seed3407/short_common_scan/B/videos/B_113/location_19.mp4,True,1.0,0,2.9260292476632626,0.01803431591522134,1.8785789624126978,201.0,True,True,blue,circle,0.07601967688717237,0.0058349653116949425,0.01122441885972048,True,1.0,0.010071942446043107
B_113,low,113,0,20,after block 19,19,2.4208730051383305,2.660875,5.354,5.416,-0.02302158273381305,False,runs/pendulum/unified_mechanism_v2/paired_layer_control/large_seed3407/short_common_scan/B/videos/B_113/location_20.mp4,True,1.0,0,3.0359921060264514,0.018162661259442936,0.9503679745482471,201.0,True,True,blue,circle,0.07629355538562689,0.005443471821678036,0.010438190904361697,True,1.0,-0.012949640287769943
B_113,low,113,0,21,after block 20,20,2.4208730051383305,2.660875,5.354,5.396625,-0.01582733812949645,False,runs/pendulum/unified_mechanism_v2/paired_layer_control/large_seed3407/short_common_scan/B/videos/B_113/location_21.mp4,True,1.0,0,3.264803228767485,0.01966808321070826,2.3116481121648085,203.0,True,True,blue,circle,0.08204681940423987,0.0040814746012436814,0.009449313380003965,True,1.0,-0.005755395683453345
B_113,low,113,0,22,after block 21,21,2.4208730051383305,2.660875,5.354,5.3695,-0.005755395683453345,False,runs/pendulum/unified_mechanism_v2/paired_layer_control/large_seed3407/short_common_scan/B/videos/B_113/location_22.mp4,True,1.0,0,3.4578063436086373,0.019022997621020415,1.864172443544711,203.5,True,True,blue,circle,0.07320924292254509,0.001322716666286558,0.007012253032948016,True,1.0,-0.005755395683453345
B_113,low,113,0,23,after block 22,22,2.4208730051383305,2.660875,5.354,5.396625,-0.01582733812949645,False,runs/pendulum/unified_mechanism_v2/paired_layer_control/large_seed3407/short_common_scan/B/videos/B_113/location_23.mp4,True,1.0,0,3.036062497658799,0.018126444646768908,2.0817385905377384,202.5,True,True,blue,circle,0.07352374691414651,0.0008087866413007001,0.008522821980654583,True,1.0,-0.017266187050359705
B_113,low,113,0,24,after block 23,23,2.4208730051383305,2.660875,5.354,5.3656250000000005,-0.004316546762590091,False,runs/pendulum/unified_mechanism_v2/paired_layer_control/large_seed3407/short_common_scan/B/videos/B_113/location_24.mp4,True,1.0,0,3.235243562760342,0.01921602608057163,2.0804836514039162,203.0,True,True,blue,circle,0.07201113250102124,0.0009131034007548617,0.009105812235849277,True,1.0,-0.005755395683453345
B_113,low,113,0,25,after block 24,24,2.4208730051383305,2.660875,5.354,5.3888750000000005,-0.012949640287769943,False,runs/pendulum/unified_mechanism_v2/paired_layer_control/large_seed3407/short_common_scan/B/videos/B_113/location_25.mp4,True,1.0,0,3.802696474938235,0.019064251502429214,2.144212556417745,208.5,True,True,blue,circle,0.08110156914693238,-0.0006631288933005491,0.009482921419775634,True,1.0,-0.012949640287769943
B_113,low,113,0,26,after block 25,25,2.4208730051383305,2.660875,5.354,5.3888750000000005,-0.012949640287769943,False,runs/pendulum/unified_mechanism_v2/paired_layer_control/large_seed3407/short_common_scan/B/videos/B_113/location_26.mp4,True,1.0,0,3.0793770918558097,0.019821058487499793,2.2326454636565294,208.5,True,True,blue,circle,0.08119160209777146,0.000674944262436151,0.008507213307742985,True,1.0,-0.01151079136690636
B_113,low,113,0,27,after block 26,26,2.4208730051383305,2.660875,5.354,5.357875,-0.0014388489208632539,False,runs/pendulum/unified_mechanism_v2/paired_layer_control/large_seed3407/short_common_scan/B/videos/B_113/location_27.mp4,True,1.0,0,2.8598095730602076,0.019624532434826897,2.4695849706168373,210.0,True,True,blue,circle,0.08224471993926907,0.0005872219481753695,0.007880976109127635,True,1.0,-0.0
B_113,low,113,0,28,after block 27,27,2.4208730051383305,2.660875,5.354,5.357875,-0.0014388489208632539,False,runs/pendulum/unified_mechanism_v2/paired_layer_control/large_seed3407/short_common_scan/B/videos/B_113/location_28.mp4,True,1.0,0,3.066525726175436,0.019254761653148544,1.7819345709592782,209.5,True,True,blue,circle,0.08210121393107017,-0.00011181774890229591,0.008578246542255367,True,1.0,-0.0
B_113,low,113,0,29,after block 28,28,2.4208730051383305,2.660875,5.354,5.357875,-0.0014388489208632539,False,runs/pendulum/unified_mechanism_v2/paired_layer_control/large_seed3407/short_common_scan/B/videos/B_113/location_29.mp4,True,1.0,0,2.9968986688800197,0.0196292272644997,1.8334862623278754,209.5,True,True,blue,circle,0.08202167828153495,0.0002959507267705974,0.008231693032550384,True,1.0,-0.0
B_113,low,113,0,30,after block 29,29,2.4208730051383305,2.660875,5.354,5.36175,-0.0028776978417265077,False,runs/pendulum/unified_mechanism_v2/paired_layer_control/large_seed3407/short_common_scan/B/videos/B_113/location_30.mp4,True,1.0,0,3.058327949280562,0.019252500740191664,1.719235691615282,209.5,True,True,blue,circle,0.0810476615544347,0.00033907228420106096,0.008561571011600586,True,1.0,-0.0
B_120,low,120,0,0,embedding output,,2.7228395013924502,2.71125,5.559375,2.71125,1.0,True,runs/pendulum/unified_mechanism_v2/paired_layer_control/large_seed3407/short_common_scan/B/videos/B_120/location_00.mp4,True,0.984375,1,1.034514187966633,0.0010877673311499025,0.461845475803873,190.0,True,True,red,circle,0.12807906666277227,-0.0018360331652441239,0.0036889032680156313,True,0.984375,1.0
B_120,low,120,0,1,after block 0,0,2.7228395013924502,2.71125,5.559375,2.71125,1.0,True,runs/pendulum/unified_mechanism_v2/paired_layer_control/large_seed3407/short_common_scan/B/videos/B_120/location_01.mp4,True,0.984375,1,1.0146027373094184,0.001216605539313187,0.470321424376037,189.0,True,True,red,circle,0.1278977056452375,-0.0018863264580553148,0.0036808939157071674,True,0.984375,1.0
B_120,low,120,0,2,after block 1,1,2.7228395013924502,2.71125,5.559375,2.7190000000000003,0.9972789115646258,True,runs/pendulum/unified_mechanism_v2/paired_layer_control/large_seed3407/short_common_scan/B/videos/B_120/location_02.mp4,True,1.0,0,3.7631339320472263,0.001285755009639511,4.217260304371574,188.0,True,True,red,circle,0.12759338589927782,-0.002128050397686182,0.00472061505701292,True,0.984375,0.9986394557823128
B_120,low,120,0,3,after block 2,2,2.7228395013924502,2.71125,5.559375,2.7190000000000003,0.9972789115646258,True,runs/pendulum/unified_mechanism_v2/paired_layer_control/large_seed3407/short_common_scan/B/videos/B_120/location_03.mp4,True,1.0,0,2.7730815557454274,0.0011909633704751121,3.2171937234289394,189.0,True,True,red,circle,0.12769333531505153,-0.0020882560584781686,0.004471726867012272,True,0.984375,0.9986394557823128
B_120,low,120,0,4,after block 3,3,2.7228395013924502,2.71125,5.559375,2.7190000000000003,0.9972789115646258,True,runs/pendulum/unified_mechanism_v2/paired_layer_control/large_seed3407/short_common_scan/B/videos/B_120/location_04.mp4,True,0.984375,1,1.042864959472244,0.0012535560940368784,0.4649044794438084,188.0,True,True,red,circle,0.12831304669100158,-0.001785226193117567,0.0036514674891473093,True,0.984375,0.9972789115646258
B_120,low,120,0,5,after block 4,4,2.7228395013924502,2.71125,5.559375,2.7151250000000005,0.9986394557823128,True,runs/pendulum/unified_mechanism_v2/paired_layer_control/large_seed3407/short_common_scan/B/videos/B_120/location_05.mp4,True,0.984375,1,1.042864959472244,0.0009953417866106484,0.4649044794438084,188.0,True,True,red,circle,0.12846864458029528,-0.001645482607079011,0.003647831078706594,True,0.984375,0.9972789115646258
B_120,low,120,0,6,after block 5,5,2.7228395013924502,2.71125,5.559375,2.77325,0.9782312925170069,True,runs/pendulum/unified_mechanism_v2/paired_layer_control/large_seed3407/short_common_scan/B/videos/B_120/location_06.mp4,True,0.984375,1,1.0338207706802867,0.0011916209730474248,0.46950690861391753,186.0,True,True,red,circle,0.12474645262184822,-0.0014911948183606908,0.003991770452607166,True,0.984375,0.9795918367346939
B_120,low,120,0,7,after block 6,6,2.7228395013924502,2.71125,5.559375,2.777125,0.9768707482993199,True,runs/pendulum/unified_mechanism_v2/paired_layer_control/large_seed3407/short_common_scan/B/videos/B_120/location_07.mp4,True,0.984375,1,1.0414523759137564,0.0012146307227341446,0.4566808862338358,186.0,True,True,red,circle,0.12516863090531322,-0.0014294535760317809,0.004079394925913107,True,0.984375,0.9782312925170069
B_120,low,120,0,8,after block 7,7,2.7228395013924502,2.71125,5.559375,2.7848750000000004,0.9741496598639455,True,runs/pendulum/unified_mechanism_v2/paired_layer_control/large_seed3407/short_common_scan/B/videos/B_120/location_08.mp4,True,0.984375,1,0.9252144291798629,0.0010203031926508954,0.43880859092553826,186.0,True,True,red,circle,0.12531478611537214,-0.0010479155877622863,0.004037359514776081,True,0.984375,0.9755102040816327
B_120,low,120,0,9,after block 8,8,2.7228395013924502,2.71125,5.559375,2.7848750000000004,0.9741496598639455,True,runs/pendulum/unified_mechanism_v2/paired_layer_control/large_seed3407/short_common_scan/B/videos/B_120/location_09.mp4,True,0.984375,1,0.9509304402607411,0.0010803105599734852,0.43880859092553826,186.0,True,True,red,circle,0.1253223447197438,-0.0010606105366906696,0.004129539127787964,True,0.984375,0.9741496598639455
B_120,low,120,0,10,after block 9,9,2.7228395013924502,2.71125,5.559375,2.86625,0.9455782312925171,True,runs/pendulum/unified_mechanism_v2/paired_layer_control/large_seed3407/short_common_scan/B/videos/B_120/location_10.mp4,True,0.984375,1,0.9843875760057024,0.0013152765460623383,0.46405975814033823,185.0,True,True,red,circle,0.12781072377582678,-0.00132167657494963,0.003861356017930913,True,0.984375,0.9455782312925171
B_120,low,120,0,11,after block 10,10,2.7228395013924502,2.71125,5.559375,2.885625,0.9387755102040817,True,runs/pendulum/unified_mechanism_v2/paired_layer_control/large_seed3407/short_common_scan/B/videos/B_120/location_11.mp4,True,0.984375,1,1.024606872265328,0.00122242169444442,0.46405975814033823,184.0,True,True,red,circle,0.12622530196591344,-0.0010832910356663849,0.004176840497754062,True,0.984375,0.9387755102040817
B_120,low,120,0,12,after block 11,11,2.7228395013924502,2.71125,5.559375,2.9708750000000004,0.9088435374149659,True,runs/pendulum/unified_mechanism_v2/paired_layer_control/large_seed3407/short_common_scan/B/videos/B_120/location_12.mp4,True,0.984375,1,1.1865523540850416,0.0011018887204397587,0.4540318447526003,183.0,True,True,red,circle,0.12272079395452551,-0.0014420153657556118,0.004467240438480746,True,0.984375,0.9088435374149659
B_120,low,120,0,13,after block 12,12,2.7228395013924502,2.71125,5.559375,3.102625,0.8625850340136054,True,runs/pendulum/unified_mechanism_v2/paired_layer_control/large_seed3407/short_common_scan/B/videos/B_120/location_13.mp4,True,0.984375,1,1.1013297338705526,0.0010751732439127637,0.46532351441472003,180.0,True,True,red,circle,0.11813903983699917,-0.0020035301000068547,0.005630274026289495,True,0.984375,0.8598639455782312
B_120,low,120,0,14,after block 13,13,2.7228395013924502,2.71125,5.559375,3.2150000000000003,0.8231292517006802,True,runs/pendulum/unified_mechanism_v2/paired_layer_control/large_seed3407/short_common_scan/B/videos/B_120/location_14.mp4,True,0.984375,1,1.2912711121067737,0.0014650760880199343,0.6025654773469324,169.0,True,True,red,circle,0.10772994356544718,-0.003455866756063361,0.010207863052476587,True,0.984375,0.8204081632653062
B_120,low,120,0,15,after block 14,14,2.7228395013924502,2.71125,5.559375,3.5598750000000003,0.7020408163265306,False,runs/pendulum/unified_mechanism_v2/paired_layer_control/large_seed3407/short_common_scan/B/videos/B_120/location_15.mp4,True,1.0,0,3.6916199818392665,0.01921050667411811,0.4364164354497323,167.0,True,True,blue,circle,0.0639527074310756,0.005419175556567446,0.023506882419874073,False,0.015625,nan
B_120,low,120,0,16,after block 15,15,2.7228395013924502,2.71125,5.559375,6.07475,-0.18095238095238084,False,runs/pendulum/unified_mechanism_v2/paired_layer_control/large_seed3407/short_common_scan/B/videos/B_120/location_16.mp4,True,1.0,0,3.126080587016546,0.018257518871881484,0.4855183489595725,196.0,True,True,blue,circle,0.09731589518722322,0.0010837058135336546,0.01267156084226376,False,0.765625,-0.18503401360544222
B_120,low,120,0,17,after block 16,16,2.7228395013924502,2.71125,5.559375,5.915875,-0.12517006802721073,False,runs/pendulum/unified_mechanism_v2/paired_layer_control/large_seed3407/short_common_scan/B/videos/B_120/location_17.mp4,True,1.0,0,3.817823667553431,0.01664321529691254,1.4768381184364399,198.0,True,True,blue,circle,0.11317790032649289,0.004612875497378486,0.009177010561485663,True,1.0,-0.1292517006802721
B_120,low,120,0,18,after block 17,17,2.7228395013924502,2.71125,5.559375,5.900375,-0.11972789115646265,False,runs/pendulum/unified_mechanism_v2/paired_layer_control/large_seed3407/short_common_scan/B/videos/B_120/location_18.mp4,True,1.0,0,3.3032211337892727,0.01700116909793803,1.9158941749372358,198.0,True,True,blue,circle,0.11439291068340815,0.005088803214612735,0.008977348145267463,True,1.0,-0.12380952380952372
B_120,low,120,0,19,after block 18,18,2.7228395013924502,2.71125,5.559375,5.79575,-0.08299319727891148,False,runs/pendulum/unified_mechanism_v2/paired_layer_control/large_seed3407/short_common_scan/B/videos/B_120/location_19.mp4,True,1.0,0,3.523030703995858,0.016667397589539945,1.579190238362197,199.5,True,True,blue,circle,0.11249335255809355,0.00684631281340931,0.00905302919655755,True,1.0,-0.08843537414965989
B_120,low,120,0,20,after block 19,19,2.7228395013924502,2.71125,5.559375,5.760875,-0.07074829931972797,False,runs/pendulum/unified_mechanism_v2/paired_layer_control/large_seed3407/short_common_scan/B/videos/B_120/location_20.mp4,True,1.0,0,3.6215564960064737,0.01699877096717703,1.8853100767040012,200.0,True,True,blue,circle,0.11498945256457622,0.0055647649731073974,0.008907987579443735,True,1.0,-0.072108843537415
B_120,low,120,0,21,after block 20,20,2.7228395013924502,2.71125,5.559375,5.757000000000001,-0.06938775510204095,False,runs/pendulum/unified_mechanism_v2/paired_layer_control/large_seed3407/short_common_scan/B/videos/B_120/location_21.mp4,True,1.0,0,3.3429388841952195,0.017563670597918885,2.0759294984594816,200.0,True,True,blue,circle,0.1221250972977959,0.005398798951627045,0.008821291028428244,True,1.0,-0.07346938775510202
B_120,low,120,0,22,after block 21,21,2.7228395013924502,2.71125,5.559375,5.791875,-0.08163265306122447,False,runs/pendulum/unified_mechanism_v2/paired_layer_control/large_seed3407/short_common_scan/B/videos/B_120/location_22.mp4,True,1.0,0,3.6371574517497303,0.018041894926723367,2.6397872197056826,202.0,True,True,blue,circle,0.11139470477843878,0.0028618501481110013,0.00466600455287215,True,1.0,-0.08299319727891148
B_120,low,120,0,23,after block 22,22,2.7228395013924502,2.71125,5.559375,5.729875,-0.05986394557823117,False,runs/pendulum/unified_mechanism_v2/paired_layer_control/large_seed3407/short_common_scan/B/videos/B_120/location_23.mp4,True,1.0,0,3.3488147384968343,0.01803377130037992,3.165876766962433,203.5,True,True,blue,circle,0.1136136411239408,0.0036173946372972197,0.005140055649722246,True,1.0,-0.06258503401360553
B_120,low,120,0,24,after block 23,23,2.7228395013924502,2.71125,5.559375,5.729875,-0.05986394557823117,False,runs/pendulum/unified_mechanism_v2/paired_layer_control/large_seed3407/short_common_scan/B/videos/B_120/location_24.mp4,True,1.0,0,3.119136554309432,0.018262069144275778,3.229071417779996,205.0,True,True,blue,circle,0.11375532556808136,0.0038231881259800956,0.004961493820291247,True,1.0,-0.061224489795918505
B_120,low,120,0,25,after block 24,24,2.7228395013924502,2.71125,5.559375,5.652375,-0.032653061224489785,False,runs/pendulum/unified_mechanism_v2/paired_layer_control/large_seed3407/short_common_scan/B/videos/B_120/location_25.mp4,True,1.0,0,2.647186093091042,0.016732207626226597,3.6222130498829825,208.0,True,True,blue,circle,0.12330988810824822,0.002582151023730777,0.005202448251605204,True,1.0,-0.031292517006802766
B_120,low,120,0,26,after block 25,25,2.7228395013924502,2.71125,5.559375,5.6213750000000005,-0.021768707482993293,False,runs/pendulum/unified_mechanism_v2/paired_layer_control/large_seed3407/short_common_scan/B/videos/B_120/location_26.mp4,True,1.0,0,2.860138581836692,0.016925341496311946,3.7263637366728597,208.0,True,True,blue,circle,0.12339968470876007,0.003297486800022057,0.0046395423903050894,True,1.0,-0.023129251700680316
B_120,low,120,0,27,after block 26,26,2.7228395013924502,2.71125,5.559375,5.613625,-0.01904761904761894,False,runs/pendulum/unified_mechanism_v2/paired_layer_control/large_seed3407/short_common_scan/B/videos/B_120/location_27.mp4,True,1.0,0,2.810203232739637,0.016911005612134378,3.465134007473976,208.0,True,True,blue,circle,0.12500991749086898,0.0031056525783726197,0.004299913004241574,True,1.0,-0.02040816326530596
B_120,low,120,0,28,after block 27,27,2.7228395013924502,2.71125,5.559375,5.571,-0.004081632653061067,False,runs/pendulum/unified_mechanism_v2/paired_layer_control/large_seed3407/short_common_scan/B/videos/B_120/location_28.mp4,True,1.0,0,3.6710865002397637,0.016700695562343076,3.348591814908599,207.0,True,True,blue,circle,0.12782455355300337,0.0029726564753931196,0.0038630242619165545,True,1.0,-0.005442176870748401
B_120,low,120,0,29,after block 28,28,2.7228395013924502,2.71125,5.559375,5.567125,-0.002721088435374045,False,runs/pendulum/unified_mechanism_v2/paired_layer_control/large_seed3407/short_common_scan/B/videos/B_120/location_29.mp4,True,1.0,0,3.651393335346903,0.01703636864273142,3.1659420293988436,208.0,True,True,blue,circle,0.12849547971140077,0.003122064753007537,0.003966599543905136,True,1.0,-0.004081632653061067
B_120,low,120,0,30,after block 29,29,2.7228395013924502,2.71125,5.559375,5.559375,-0.0,False,runs/pendulum/unified_mechanism_v2/paired_layer_control/large_seed3407/short_common_scan/B/videos/B_120/location_30.mp4,True,1.0,0,3.4585462266915687,0.016591522271883458,3.304243143072587,208.0,True,True,blue,circle,0.12904809715047338,0.0029570401784833763,0.0037563865026901443,True,1.0,-0.0
B_134,low,134,0,0,embedding output,,2.436730943935343,2.366375,5.3695,2.358625,1.0025806451612904,True,runs/pendulum/unified_mechanism_v2/paired_layer_control/large_seed3407/short_common_scan/B/videos/B_134/location_00.mp4,True,1.0,0,0.9693763172620977,0.0013905861835590005,0.8139312747052485,190.5,True,True,red,circle,0.12091425491088678,-0.00041233377794104646,0.0041199352338710865,True,0.984375,1.001290322580645
B_134,low,134,0,1,after block 0,0,2.436730943935343,2.366375,5.3695,2.366375,1.0,True,runs/pendulum/unified_mechanism_v2/paired_layer_control/large_seed3407/short_common_scan/B/videos/B_134/location_01.mp4,True,1.0,0,0.9265976227997493,0.001457686942149955,0.6072113713347747,190.0,True,True,red,circle,0.12140553666341825,-0.0007051636746054141,0.0041002367326036316,True,0.984375,1.001290322580645
B_134,low,134,0,2,after block 1,1,2.436730943935343,2.366375,5.3695,2.366375,1.0,True,runs/pendulum/unified_mechanism_v2/paired_layer_control/large_seed3407/short_common_scan/B/videos/B_134/location_02.mp4,True,1.0,0,0.9812036028297085,0.0014101088828143427,0.5055132880129615,190.0,True,True,red,circle,0.12158536022078126,-0.0005919305791104618,0.004151639718732683,True,0.984375,1.001290322580645
B_134,low,134,0,3,after block 2,2,2.436730943935343,2.366375,5.3695,2.366375,1.0,True,runs/pendulum/unified_mechanism_v2/paired_layer_control/large_seed3407/short_common_scan/B/videos/B_134/location_03.mp4,True,1.0,0,0.9412054890641905,0.0013002334074935507,0.5259126776783701,189.5,True,True,red,circle,0.1216409305743934,-0.0006137105515765058,0.004130486580109293,True,0.984375,1.001290322580645
B_134,low,134,0,4,after block 3,3,2.436730943935343,2.366375,5.3695,2.3625000000000003,1.001290322580645,True,runs/pendulum/unified_mechanism_v2/paired_layer_control/large_seed3407/short_common_scan/B/videos/B_134/location_04.mp4,True,1.0,0,1.005292544247422,0.0013309291598627149,0.5860611370870936,190.0,True,True,red,circle,0.12176488686533746,-0.0005184186264642634,0.004100670418652284,True,0.984375,1.001290322580645
B_134,low,134,0,5,after block 4,4,2.436730943935343,2.366375,5.3695,2.3625000000000003,1.001290322580645,True,runs/pendulum/unified_mechanism_v2/paired_layer_control/large_seed3407/short_common_scan/B/videos/B_134/location_05.mp4,True,1.0,0,0.9998351653823506,0.001257596275916567,0.6309910395100473,190.0,True,True,red,circle,0.1218075601655781,-0.0005690859857673332,0.004100170792909481,True,0.984375,1.001290322580645
B_134,low,134,0,6,after block 5,5,2.436730943935343,2.366375,5.3695,2.412875,0.984516129032258,True,runs/pendulum/unified_mechanism_v2/paired_layer_control/large_seed3407/short_common_scan/B/videos/B_134/location_06.mp4,True,0.984375,1,1.0359001608020038,0.0012129659126722814,1.07662078301986,185.0,True,True,red,circle,0.10573527599051785,-0.001888136581063232,0.00603259630640846,True,0.984375,0.9858064516129031
B_134,low,134,0,7,after block 6,6,2.436730943935343,2.366375,5.3695,2.4090000000000003,0.9858064516129031,True,runs/pendulum/unified_mechanism_v2/paired_layer_control/large_seed3407/short_common_scan/B/videos/B_134/location_07.mp4,True,0.984375,1,0.992927902630114,0.001339483672794628,1.1166433655719905,184.0,True,True,red,circle,0.10608500785290545,-0.0017450613686894492,0.006123698645042005,True,0.984375,0.9870967741935485
B_134,low,134,0,8,after block 7,7,2.436730943935343,2.366375,5.3695,2.412875,0.984516129032258,True,runs/pendulum/unified_mechanism_v2/paired_layer_control/large_seed3407/short_common_scan/B/videos/B_134/location_08.mp4,True,0.984375,1,0.9422070468405379,0.0012643531097150107,1.0956468928603424,184.0,True,True,red,circle,0.10559013294964839,-0.0016127669869855361,0.00638545226367491,True,0.984375,0.9832258064516128
B_134,low,134,0,9,after block 8,8,2.436730943935343,2.366375,5.3695,2.4090000000000003,0.9858064516129031,True,runs/pendulum/unified_mechanism_v2/paired_layer_control/large_seed3407/short_common_scan/B/videos/B_134/location_09.mp4,True,0.984375,1,0.9422070468405379,0.0012643531097150107,1.0956468928603424,184.0,True,True,red,circle,0.10563162846288733,-0.0016354265994047098,0.006484070482790036,True,0.984375,0.984516129032258
B_134,low,134,0,10,after block 9,9,2.436730943935343,2.366375,5.3695,2.3702500000000004,0.9987096774193548,True,runs/pendulum/unified_mechanism_v2/paired_layer_control/large_seed3407/short_common_scan/B/videos/B_134/location_10.mp4,True,0.984375,1,0.9889347095576202,0.0013160452732611239,1.2245915722488299,184.0,True,True,red,circle,0.10770101770288786,-0.001612422993510718,0.006275908594464589,True,0.984375,0.9961290322580645
B_134,low,134,0,11,after block 10,10,2.436730943935343,2.366375,5.3695,2.405125,0.9870967741935485,True,runs/pendulum/unified_mechanism_v2/paired_layer_control/large_seed3407/short_common_scan/B/videos/B_134/location_11.mp4,True,0.984375,1,0.9237099832117542,0.0014784456241249133,1.2245915722488299,183.0,True,True,red,circle,0.10570085519391227,-0.0014518422620848886,0.006662371042462009,True,0.984375,0.9832258064516128
B_134,low,134,0,12,after block 11,11,2.436730943935343,2.366375,5.3695,2.3625000000000003,1.001290322580645,True,runs/pendulum/unified_mechanism_v2/paired_layer_control/large_seed3407/short_common_scan/B/videos/B_134/location_12.mp4,True,0.984375,1,0.916714915865508,0.0013139294402341184,1.1564059815492331,182.0,True,True,red,circle,0.09784715434828131,-0.00035201740586775796,0.008056351956165442,True,0.984375,1.0
B_134,low,134,0,13,after block 12,12,2.436730943935343,2.366375,5.3695,2.312125,1.0180645161290323,True,runs/pendulum/unified_mechanism_v2/paired_layer_control/large_seed3407/short_common_scan/B/videos/B_134/location_13.mp4,True,0.984375,1,0.8627840167963688,0.0012231603599436869,1.2281227926148706,178.0,True,True,red,circle,0.09071045602616175,-2.3578494010033723e-05,0.011297957362496145,True,0.984375,1.0129032258064516
B_134,low,134,0,14,after block 13,13,2.436730943935343,2.366375,5.3695,5.133125,0.07870967741935506,False,runs/pendulum/unified_mechanism_v2/paired_layer_control/large_seed3407/short_common_scan/B/videos/B_134/location_14.mp4,True,1.0,0,16.09207317898773,0.0546252349360683,2.5836545280349683,50.5,True,True,blue,circle,0.02574173889178639,0.008744694169499431,0.02318436274818525,False,0.015625,nan
B_134,low,134,0,15,after block 14,14,2.436730943935343,2.366375,5.3695,5.106,0.08774193548387113,False,runs/pendulum/unified_mechanism_v2/paired_layer_control/large_seed3407/short_common_scan/B/videos/B_134/location_15.mp4,True,1.0,0,2.7808144640635186,0.016716963399191154,2.4028815674612125,179.5,True,True,blue,circle,0.05914768618323621,0.004035703219557042,0.02829813168160163,False,0.03125,nan
B_134,low,134,0,16,after block 15,15,2.436730943935343,2.366375,5.3695,5.33075,0.012903225806451707,False,runs/pendulum/unified_mechanism_v2/paired_layer_control/large_seed3407/short_common_scan/B/videos/B_134/location_16.mp4,True,1.0,0,3.892547633062644,0.019985679499429365,2.532251774401311,197.0,True,True,blue,circle,0.08909847837966128,0.005257885217501817,0.01818493671765909,False,0.703125,0.02064516129032267
B_134,low,134,0,17,after block 16,16,2.436730943935343,2.366375,5.3695,5.43925,-0.023225806451612895,False,runs/pendulum/unified_mechanism_v2/paired_layer_control/large_seed3407/short_common_scan/B/videos/B_134/location_17.mp4,True,1.0,0,3.0803642302250056,0.018277159127226827,2.532251774401311,199.0,True,True,blue,circle,0.09595374451451381,0.0037277028767440583,0.015311688463826155,True,1.0,0.023225806451612895
B_134,low,134,0,18,after block 17,17,2.436730943935343,2.366375,5.3695,5.4121250000000005,-0.014193548387096818,False,runs/pendulum/unified_mechanism_v2/paired_layer_control/large_seed3407/short_common_scan/B/videos/B_134/location_18.mp4,True,1.0,0,2.9813245589309028,0.018687557078091693,2.52050089129889,199.5,True,True,blue,circle,0.09657037433601284,0.0036206204987356168,0.013968154445316404,True,1.0,0.011612903225806595
B_134,low,134,0,19,after block 18,18,2.436730943935343,2.366375,5.3695,5.427625,-0.019354838709677264,False,runs/pendulum/unified_mechanism_v2/paired_layer_control/large_seed3407/short_common_scan/B/videos/B_134/location_19.mp4,True,1.0,0,2.863882300320222,0.019113532034263775,2.533236904674445,200.5,True,True,blue,circle,0.0933349670892866,0.00500658715685753,0.013126954900534806,True,1.0,0.0051612903225807414
B_134,low,134,0,20,after block 19,19,2.436730943935343,2.366375,5.3695,5.4315,-0.020645161290322376,False,runs/pendulum/unified_mechanism_v2/paired_layer_control/large_seed3407/short_common_scan/B/videos/B_134/location_20.mp4,True,1.0,0,3.0852148327417965,0.017769083077529252,2.3973283615802305,203.5,True,True,blue,circle,0.09317993683059997,0.004540835348890279,0.011559165563420704,True,1.0,-0.01290322580645141
B_134,low,134,0,21,after block 20,20,2.436730943935343,2.366375,5.3695,5.39275,-0.007741935483870964,False,runs/pendulum/unified_mechanism_v2/paired_layer_control/large_seed3407/short_common_scan/B/videos/B_134/location_21.mp4,True,1.0,0,3.7298337623263147,0.016672611927882497,2.2827811531645135,203.0,True,True,blue,circle,0.09751393025613016,0.002845116416983799,0.010065538089631692,True,1.0,-0.002580645161290223
B_134,low,134,0,22,after block 21,21,2.436730943935343,2.366375,5.3695,5.36175,0.0025806451612905186,False,runs/pendulum/unified_mechanism_v2/paired_layer_control/large_seed3407/short_common_scan/B/videos/B_134/location_22.mp4,True,1.0,0,3.9156758516683503,0.018267005252838392,2.591663547717964,204.0,True,True,blue,circle,0.08538913745356355,0.0005676247365741776,0.006871340512608831,True,1.0,-0.0
B_134,low,134,0,23,after block 22,22,2.436730943935343,2.366375,5.3695,5.3888750000000005,-0.006451612903225853,False,runs/pendulum/unified_mechanism_v2/paired_layer_control/large_seed3407/short_common_scan/B/videos/B_134/location_23.mp4,True,1.0,0,3.8074966076232206,0.0191482436311477,2.6088649292729373,203.0,True,True,blue,circle,0.084772665653068,0.0002955412673500428,0.0075226301064217635,True,1.0,-0.005161290322580446
B_134,low,134,0,24,after block 23,23,2.436730943935343,2.366375,5.3695,5.3695,-0.0,False,runs/pendulum/unified_mechanism_v2/paired_layer_control/large_seed3407/short_common_scan/B/videos/B_134/location_24.mp4,True,1.0,0,4.26887764502109,0.018433666452202457,2.58737787870557,205.5,True,True,blue,circle,0.08469562495046674,0.00039334254995170264,0.008273050435976984,True,1.0,-0.0
B_134,low,134,0,25,after block 24,24,2.436730943935343,2.366375,5.3695,5.40825,-0.01290322580645141,False,runs/pendulum/unified_mechanism_v2/paired_layer_control/large_seed3407/short_common_scan/B/videos/B_134/location_25.mp4,True,1.0,0,4.2659837655588175,0.017675857962033553,2.5074648496325147,207.0,True,True,blue,circle,0.09367239625915737,-0.0016805719424168044,0.006716280865177146,True,1.0,-0.0116129032258063
B_134,low,134,0,26,after block 25,25,2.436730943935343,2.366375,5.3695,5.4121250000000005,-0.014193548387096818,False,runs/pendulum/unified_mechanism_v2/paired_layer_control/large_seed3407/short_common_scan/B/videos/B_134/location_26.mp4,True,1.0,0,4.26010784359323,0.017169456421763762,2.5001241591970436,209.0,True,True,blue,circle,0.09296183560514394,-0.0006419426839802766,0.006209715164755004,True,1.0,-0.01290322580645141
B_134,low,134,0,27,after block 26,26,2.436730943935343,2.366375,5.3695,5.37725,-0.002580645161290223,False,runs/pendulum/unified_mechanism_v2/paired_layer_control/large_seed3407/short_common_scan/B/videos/B_134/location_27.mp4,True,1.0,0,4.3309467522266205,0.01819304677414657,2.165658881918704,209.0,True,True,blue,circle,0.09363833361004827,-0.0011942686083779399,0.005687246435114285,True,1.0,-0.0
B_134,low,134,0,28,after block 27,27,2.436730943935343,2.366375,5.3695,5.381125,-0.0038709677419353347,False,runs/pendulum/unified_mechanism_v2/paired_layer_control/large_seed3407/short_common_scan/B/videos/B_134/location_28.mp4,True,1.0,0,4.2605774290805,0.01854333461915081,2.517844623514801,209.5,True,True,blue,circle,0.09371021958167149,-0.0016798623517201479,0.005899448028402283,True,1.0,-0.0
B_134,low,134,0,29,after block 28,28,2.436730943935343,2.366375,5.3695,5.37725,-0.002580645161290223,False,runs/pendulum/unified_mechanism_v2/paired_layer_control/large_seed3407/short_common_scan/B/videos/B_134/location_29.mp4,True,1.0,0,4.189767349086081,0.018578004903712336,2.2396109822356967,210.0,True,True,blue,circle,0.09367269996562985,-0.0012337148324109148,0.005732023022863951,True,1.0,-0.0
B_134,low,134,0,30,after block 29,29,2.436730943935343,2.366375,5.3695,5.37725,-0.002580645161290223,False,runs/pendulum/unified_mechanism_v2/paired_layer_control/large_seed3407/short_common_scan/B/videos/B_134/location_30.mp4,True,1.0,0,4.109636329378553,0.018593839758100278,2.2678497424260846,210.0,True,True,blue,circle,0.09283022427521524,-0.0013208497900219554,0.005898471372182328,True,1.0,-0.0
B_150,low,150,0,0,embedding output,,2.8798234353759016,2.781,5.931375,2.7887500000000003,0.9975399753997539,True,runs/pendulum/unified_mechanism_v2/paired_layer_control/large_seed3407/short_common_scan/B/videos/B_150/location_00.mp4,True,1.0,0,1.088708479906922,0.0010441884133311763,0.31152353675846545,188.5,True,True,red,circle,0.1418393845883265,0.0010410008068957386,0.0034690511987691512,True,0.984375,0.9987699876998769
B_150,low,150,0,1,after block 0,0,2.8798234353759016,2.781,5.931375,2.7887500000000003,0.9975399753997539,True,runs/pendulum/unified_mechanism_v2/paired_layer_control/large_seed3407/short_common_scan/B/videos/B_150/location_01.mp4,True,1.0,0,1.093481469269183,0.0011393504569283674,0.28273809530613797,188.0,True,True,red,circle,0.14155866663026426,0.0009061964412245713,0.0035163335263736603,True,0.984375,0.9975399753997539
B_150,low,150,0,2,after block 1,1,2.8798234353759016,2.781,5.931375,2.7887500000000003,0.9975399753997539,True,runs/pendulum/unified_mechanism_v2/paired_layer_control/large_seed3407/short_common_scan/B/videos/B_150/location_02.mp4,True,1.0,0,1.1282282765642124,0.0010833285450015384,0.23316811222672518,188.0,True,True,red,circle,0.1420376396244717,0.00126074780418765,0.003503128253617253,True,0.984375,0.9987699876998769
B_150,low,150,0,3,after block 2,2,2.8798234353759016,2.781,5.931375,2.7887500000000003,0.9975399753997539,True,runs/pendulum/unified_mechanism_v2/paired_layer_control/large_seed3407/short_common_scan/B/videos/B_150/location_03.mp4,True,1.0,0,1.0925358743693454,0.0012047364594314214,0.24929650044546647,188.0,True,True,red,circle,0.14175450896281658,0.0010996927827989435,0.003474315053979767,True,0.984375,0.9987699876998769
B_150,low,150,0,4,after block 3,3,2.8798234353759016,2.781,5.931375,2.7848750000000004,0.9987699876998769,True,runs/pendulum/unified_mechanism_v2/paired_layer_control/large_seed3407/short_common_scan/B/videos/B_150/location_04.mp4,True,1.0,0,1.0786628901747168,0.0011567086784295133,0.24929650044546647,188.0,True,True,red,circle,0.14207261323039086,0.0010745205448382037,0.003501486808933925,True,0.984375,0.9975399753997539
B_150,low,150,0,5,after block 4,4,2.8798234353759016,2.781,5.931375,2.7887500000000003,0.9975399753997539,True,runs/pendulum/unified_mechanism_v2/paired_layer_control/large_seed3407/short_common_scan/B/videos/B_150/location_05.mp4,True,1.0,0,1.1028740786966504,0.0012174062041341305,0.23316811222672518,188.0,True,True,red,circle,0.142126144754865,0.0011397921262654446,0.0034877600855109862,True,0.984375,0.9975399753997539
B_150,low,150,0,6,after block 5,5,2.8798234353759016,2.781,5.931375,2.8236250000000003,0.986469864698647,True,runs/pendulum/unified_mechanism_v2/paired_layer_control/large_seed3407/short_common_scan/B/videos/B_150/location_06.mp4,True,1.0,0,2.3473847114244535,0.0012959988183217364,1.951664023498915,184.0,True,True,red,circle,0.13398451410236428,0.0005374227694214737,0.003551427857281318,True,0.984375,0.986469864698647
B_150,low,150,0,7,after block 6,6,2.8798234353759016,2.781,5.931375,2.81975,0.98769987699877,True,runs/pendulum/unified_mechanism_v2/paired_layer_control/large_seed3407/short_common_scan/B/videos/B_150/location_07.mp4,True,0.984375,1,1.0869047610444664,0.0012527634267644472,0.9247620778684061,183.0,True,True,red,circle,0.13436131749979732,0.0007416297557545358,0.0036878728667085296,True,0.984375,0.98769987699877
B_150,low,150,0,8,after block 7,7,2.8798234353759016,2.781,5.931375,2.81975,0.98769987699877,True,runs/pendulum/unified_mechanism_v2/paired_layer_control/large_seed3407/short_common_scan/B/videos/B_150/location_08.mp4,True,0.984375,1,1.1005631703663332,0.001159169284803252,0.9572903228366416,183.0,True,True,red,circle,0.13450392825885632,0.0008907659584353932,0.003678477976021687,True,0.984375,0.98769987699877
B_150,low,150,0,9,after block 8,8,2.8798234353759016,2.781,5.931375,2.81975,0.98769987699877,True,runs/pendulum/unified_mechanism_v2/paired_layer_control/large_seed3407/short_common_scan/B/videos/B_150/location_09.mp4,True,0.984375,1,1.0798605487016402,0.001159169284803252,0.9323183050708501,183.0,True,True,red,circle,0.13422832110321653,0.0008000604751267253,0.003532026655906046,True,0.984375,0.98769987699877
B_150,low,150,0,10,after block 9,9,2.8798234353759016,2.781,5.931375,2.81975,0.98769987699877,True,runs/pendulum/unified_mechanism_v2/paired_layer_control/large_seed3407/short_common_scan/B/videos/B_150/location_10.mp4,True,0.984375,1,1.087868522118362,0.0011609921943734336,0.8813751689712076,183.0,True,True,red,circle,0.13480525076169603,0.0005933239887964161,0.0036087584808344956,True,0.984375,0.988929889298893
B_150,low,150,0,11,after block 10,10,2.8798234353759016,2.781,5.931375,2.8120000000000003,0.9901599015990159,True,runs/pendulum/unified_mechanism_v2/paired_layer_control/large_seed3407/short_common_scan/B/videos/B_150/location_11.mp4,True,0.984375,1,1.1321444415970436,0.0012022473859533145,0.9182465870790519,183.0,True,True,red,circle,0.13338338636896155,0.000977306626378504,0.0036359939230491876,True,0.984375,0.988929889298893
B_150,low,150,0,12,after block 11,11,2.8798234353759016,2.781,5.931375,2.81975,0.98769987699877,True,runs/pendulum/unified_mechanism_v2/paired_layer_control/large_seed3407/short_common_scan/B/videos/B_150/location_12.mp4,True,0.984375,1,1.005585572813568,0.0011377667570339756,0.9830474375263688,181.0,True,True,red,circle,0.13008418130336455,0.0013028400696577865,0.003466518410403759,True,0.984375,0.9840098400984009
B_150,low,150,0,13,after block 12,12,2.8798234353759016,2.781,5.931375,2.874,0.9704797047970479,True,runs/pendulum/unified_mechanism_v2/paired_layer_control/large_seed3407/short_common_scan/B/videos/B_150/location_13.mp4,True,0.984375,1,1.055901684732558,0.0011746977474709763,1.0542138189877837,178.0,True,True,red,circle,0.1248123949184877,0.0016982775250761735,0.0040000132726813725,True,0.984375,0.968019680196802
B_150,low,150,0,14,after block 13,13,2.8798234353759016,2.781,5.931375,2.9243750000000004,0.9544895448954489,False,runs/pendulum/unified_mechanism_v2/paired_layer_control/large_seed3407/short_common_scan/B/videos/B_150/location_14.mp4,True,1.0,0,15.32198791207395,0.04671671827046814,2.0599295565090427,60.0,True,True,blue,circle,0.06651880892942065,0.0014839920369504411,0.020513774608768864,False,0.015625,nan
B_150,low,150,0,15,after block 14,14,2.8798234353759016,2.781,5.931375,3.373875,0.8118081180811809,False,runs/pendulum/unified_mechanism_v2/paired_layer_control/large_seed3407/short_common_scan/B/videos/B_150/location_15.mp4,True,1.0,0,3.468627084712852,0.018711704458454853,1.7252413083269238,185.0,True,True,blue,circle,0.06837090177656976,0.0008127077299651037,0.03207337417137169,False,0.015625,nan
B_150,low,150,0,16,after block 15,15,2.8798234353759016,2.781,5.931375,6.489375,-0.17712177121771214,False,runs/pendulum/unified_mechanism_v2/paired_layer_control/large_seed3407/short_common_scan/B/videos/B_150/location_16.mp4,True,1.0,0,3.8422053167163526,0.015717725477628147,1.9917832634100203,195.0,True,True,blue,circle,0.07144685326272984,0.0014776257754878942,0.03612447795928209,True,0.9375,-0.15006150061500628
B_150,low,150,0,17,after block 16,16,2.8798234353759016,2.781,5.931375,6.458375,-0.1672816728167282,False,runs/pendulum/unified_mechanism_v2/paired_layer_control/large_seed3407/short_common_scan/B/videos/B_150/location_17.mp4,True,1.0,0,3.6668190734727646,0.016990271479287916,1.9453062749352075,198.0,True,True,blue,circle,0.08924672493341923,0.000546087199040201,0.028203598977186405,True,1.0,-0.16236162361623613
B_150,low,150,0,18,after block 17,17,2.8798234353759016,2.781,5.931375,6.284,-0.11193111931119304,False,runs/pendulum/unified_mechanism_v2/paired_layer_control/large_seed3407/short_common_scan/B/videos/B_150/location_18.mp4,True,1.0,0,3.625244332233172,0.017650345706185094,1.8900866821481088,201.0,True,True,blue,circle,0.09041228761740254,0.0007245439991884041,0.023393336098683968,True,1.0,-0.10947109471094713
B_150,low,150,0,19,after block 18,18,2.8798234353759016,2.781,5.931375,6.225875,-0.09348093480934816,False,runs/pendulum/unified_mechanism_v2/paired_layer_control/large_seed3407/short_common_scan/B/videos/B_150/location_19.mp4,True,1.0,0,3.8185495862810503,0.017991377421419874,1.3477106449957343,201.0,True,True,blue,circle,0.08749519796146911,0.002540201560580959,0.02064873451650522,True,1.0,-0.08979089790897901
B_150,low,150,0,20,after block 19,19,2.8798234353759016,2.781,5.931375,6.0825000000000005,-0.047970479704797175,False,runs/pendulum/unified_mechanism_v2/paired_layer_control/large_seed3407/short_common_scan/B/videos/B_150/location_20.mp4,True,1.0,0,3.3577103680774156,0.018341027127397463,1.413834050784835,206.0,True,True,blue,circle,0.09073860737712426,0.002794479348556926,0.01366567028855552,True,1.0,-0.04920049200492013
B_150,low,150,0,21,after block 20,20,2.8798234353759016,2.781,5.931375,6.12125,-0.06027060270602699,False,runs/pendulum/unified_mechanism_v2/paired_layer_control/large_seed3407/short_common_scan/B/videos/B_150/location_21.mp4,True,1.0,0,4.330185482239041,0.017690106045700704,1.2458921287338198,205.0,True,True,blue,circle,0.09441276164043542,0.002276417474161642,0.014017539057170644,True,1.0,-0.05781057810578109
B_150,low,150,0,22,after block 21,21,2.8798234353759016,2.781,5.931375,6.09025,-0.05043050430504308,False,runs/pendulum/unified_mechanism_v2/paired_layer_control/large_seed3407/short_common_scan/B/videos/B_150/location_22.mp4,True,1.0,0,3.479045202280561,0.017395108236361978,1.1828015291539622,205.5,True,True,blue,circle,0.0810888319297356,-0.0020912038123632438,0.009723076797322535,True,1.0,-0.05289052890528899
B_150,low,150,0,23,after block 22,22,2.8798234353759016,2.781,5.931375,6.117375,-0.05904059040590404,False,runs/pendulum/unified_mechanism_v2/paired_layer_control/large_seed3407/short_common_scan/B/videos/B_150/location_23.mp4,True,1.0,0,2.9627987133197826,0.01909151008774343,1.274346077311841,207.5,True,True,blue,circle,0.08236721470330079,-0.0010757623479931292,0.00891621639325521,True,1.0,-0.05781057810578109
B_150,low,150,0,24,after block 23,23,2.8798234353759016,2.781,5.931375,6.094125,-0.05166051660516604,False,runs/pendulum/unified_mechanism_v2/paired_layer_control/large_seed3407/short_common_scan/B/videos/B_150/location_24.mp4,True,1.0,0,3.613034021729338,0.01910927963577383,1.1774532912850912,208.0,True,True,blue,circle,0.08244146317757337,-0.0008072637045642749,0.008527814669780491,True,1.0,-0.05166051660516604
B_150,low,150,0,25,after block 24,24,2.8798234353759016,2.781,5.931375,6.101875,-0.054120541205411946,False,runs/pendulum/unified_mechanism_v2/paired_layer_control/large_seed3407/short_common_scan/B/videos/B_150/location_25.mp4,True,1.0,0,3.5041324085884873,0.018205086928457986,0.8846210122382097,212.5,True,True,blue,circle,0.09241538441750671,-0.0025599060481072237,0.009199811168106921,True,1.0,-0.05535055350553518
B_150,low,150,0,26,after block 25,25,2.8798234353759016,2.781,5.931375,6.039875,-0.034440344403444116,False,runs/pendulum/unified_mechanism_v2/paired_layer_control/large_seed3407/short_common_scan/B/videos/B_150/location_26.mp4,True,1.0,0,3.172220014959444,0.01771643684406274,1.0290370573350933,212.0,True,True,blue,circle,0.09241913063154544,-0.0008563703472873987,0.007449532780237679,True,1.0,-0.03198031980319793
B_150,low,150,0,27,after block 26,26,2.8798234353759016,2.781,5.931375,5.95075,-0.006150061500615051,False,runs/pendulum/unified_mechanism_v2/paired_layer_control/large_seed3407/short_common_scan/B/videos/B_150/location_27.mp4,True,1.0,0,2.8227074880883105,0.016621516044986934,0.9783433212990009,213.5,True,True,blue,circle,0.09375107125125465,-0.0003775303668954018,0.005116038614376509,True,1.0,-0.004920049200492098
B_150,low,150,0,28,after block 27,27,2.8798234353759016,2.781,5.931375,5.9585,-0.00861008610086096,False,runs/pendulum/unified_mechanism_v2/paired_layer_control/large_seed3407/short_common_scan/B/videos/B_150/location_28.mp4,True,1.0,0,3.152085819534874,0.016946445887734002,1.3167822030369112,213.0,True,True,blue,circle,0.09469310350748077,-0.0004669681086825594,0.004532490487283434,True,1.0,-0.006150061500615051
B_150,low,150,0,29,after block 28,28,2.8798234353759016,2.781,5.931375,5.931375,-0.0,False,runs/pendulum/unified_mechanism_v2/paired_layer_control/large_seed3407/short_common_scan/B/videos/B_150/location_29.mp4,True,1.0,0,2.9797755940366497,0.01723706175514475,1.3167822030369112,214.0,True,True,blue,circle,0.09361508180993379,-0.00017845002710691418,0.004299273549420563,True,1.0,-0.0
B_150,low,150,0,30,after block 29,29,2.8798234353759016,2.781,5.931375,5.939125,-0.002460024600245908,False,runs/pendulum/unified_mechanism_v2/paired_layer_control/large_seed3407/short_common_scan/B/videos/B_150/location_30.mp4,True,1.0,0,2.6287270508180485,0.01675183633022609,1.2061246035780528,212.5,True,True,blue,circle,0.09395651308482982,0.00022891297244041826,0.0042682495617120874,True,1.0,-0.0
B_152,low,152,0,0,embedding output,,2.4892875209756546,2.653125,5.29975,2.657,0.9985358711566619,True,runs/pendulum/unified_mechanism_v2/paired_layer_control/large_seed3407/short_common_scan/B/videos/B_152/location_00.mp4,True,1.0,0,1.022436302365455,0.0015206597996866855,0.8099452143849175,192.0,True,True,red,circle,0.10559992150672966,-0.0014393302969593978,0.004182228395356181,True,0.984375,1.0
B_152,low,152,0,1,after block 0,0,2.4892875209756546,2.653125,5.29975,2.657,0.9985358711566619,True,runs/pendulum/unified_mechanism_v2/paired_layer_control/large_seed3407/short_common_scan/B/videos/B_152/location_01.mp4,True,1.0,0,1.0244147276800972,0.001384248706830793,0.6756682477483062,192.0,True,True,red,circle,0.10563784508218844,-0.0013085199085704614,0.00423706021254167,True,0.984375,1.0
B_152,low,152,0,2,after block 1,1,2.4892875209756546,2.653125,5.29975,2.6725000000000003,0.9926793557833089,True,runs/pendulum/unified_mechanism_v2/paired_layer_control/large_seed3407/short_common_scan/B/videos/B_152/location_02.mp4,True,1.0,0,1.0926433301838203,0.0016106577409902012,0.7298348273942903,191.5,True,True,red,circle,0.1060663820750166,-0.001032819977408334,0.004146396498785501,True,0.984375,0.9912152269399708
B_152,low,152,0,3,after block 2,2,2.4892875209756546,2.653125,5.29975,2.6725000000000003,0.9926793557833089,True,runs/pendulum/unified_mechanism_v2/paired_layer_control/large_seed3407/short_common_scan/B/videos/B_152/location_03.mp4,True,1.0,0,1.1249852461099443,0.0014814310137596376,0.7776224219633825,191.0,True,True,red,circle,0.10609719872950542,-0.0010543106291902803,0.004109983816761524,True,0.984375,0.9912152269399708
B_152,low,152,0,4,after block 3,3,2.4892875209756546,2.653125,5.29975,2.676375,0.9912152269399708,True,runs/pendulum/unified_mechanism_v2/paired_layer_control/large_seed3407/short_common_scan/B/videos/B_152/location_04.mp4,True,1.0,0,1.0594877312123756,0.001442991569437474,0.6060526713970396,191.0,True,True,red,circle,0.10639673880339719,-0.0010729537047432078,0.004190600336324614,True,0.984375,0.9912152269399708
B_152,low,152,0,5,after block 4,4,2.4892875209756546,2.653125,5.29975,2.676375,0.9912152269399708,True,runs/pendulum/unified_mechanism_v2/paired_layer_control/large_seed3407/short_common_scan/B/videos/B_152/location_05.mp4,True,1.0,0,1.0236064569621077,0.0013713217157068358,0.7366006455658966,191.0,True,True,red,circle,0.10634398541701631,-0.0010700532399282744,0.004154433773780628,True,0.984375,0.9912152269399708
B_152,low,152,0,6,after block 5,5,2.4892875209756546,2.653125,5.29975,2.80425,0.9428989751098097,True,runs/pendulum/unified_mechanism_v2/paired_layer_control/large_seed3407/short_common_scan/B/videos/B_152/location_06.mp4,True,1.0,0,1.5334583475645163,0.0013161701950153426,1.8542924364685371,188.0,True,True,red,circle,0.10461676022814018,-0.001494757097952323,0.005754927507892933,True,0.984375,0.9428989751098097
B_152,low,152,0,7,after block 6,6,2.4892875209756546,2.653125,5.29975,2.8081250000000004,0.9414348462664713,True,runs/pendulum/unified_mechanism_v2/paired_layer_control/large_seed3407/short_common_scan/B/videos/B_152/location_07.mp4,True,1.0,0,1.6872561603407523,0.0013229122448389918,1.9166820193360004,188.5,True,True,red,circle,0.10462423610988882,-0.001415871736382341,0.00584994700632224,True,0.984375,0.9414348462664713
B_152,low,152,0,8,after block 7,7,2.4892875209756546,2.653125,5.29975,2.8236250000000003,0.9355783308931186,True,runs/pendulum/unified_mechanism_v2/paired_layer_control/large_seed3407/short_common_scan/B/videos/B_152/location_08.mp4,True,1.0,0,2.268108234385785,0.001128549812275642,2.389038561420231,187.0,True,True,red,circle,0.10485849789014011,-0.001152920064491564,0.00658902604304274,True,0.984375,0.9355783308931186
B_152,low,152,0,9,after block 8,8,2.4892875209756546,2.653125,5.29975,2.8236250000000003,0.9355783308931186,True,runs/pendulum/unified_mechanism_v2/paired_layer_control/large_seed3407/short_common_scan/B/videos/B_152/location_09.mp4,True,1.0,0,3.3555092748038957,0.0010921086610898023,3.2203546907656055,188.0,True,True,red,circle,0.10509028521068124,-0.001193221607647925,0.005638796264446475,True,0.984375,0.9355783308931186
B_152,low,152,0,10,after block 9,9,2.4892875209756546,2.653125,5.29975,2.885625,0.9121522693997072,True,runs/pendulum/unified_mechanism_v2/paired_layer_control/large_seed3407/short_common_scan/B/videos/B_152/location_10.mp4,True,0.984375,1,1.071424521021128,0.0012423918848164517,0.44573599917591566,187.0,True,True,red,circle,0.10954110979337897,6.028336441306447e-05,0.003591840534609052,True,0.984375,0.9150805270863835
B_152,low,152,0,11,after block 10,10,2.4892875209756546,2.653125,5.29975,2.8895,0.910688140556369,True,runs/pendulum/unified_mechanism_v2/paired_layer_control/large_seed3407/short_common_scan/B/videos/B_152/location_11.mp4,True,0.984375,1,0.9273441457924486,0.0010283176173986885,0.48618531529634285,187.0,True,True,red,circle,0.10865001276468308,0.0006533732340671427,0.003706759749132998,True,0.984375,0.910688140556369
B_152,low,152,0,12,after block 11,11,2.4892875209756546,2.653125,5.29975,2.9282500000000002,0.8960468521229868,True,runs/pendulum/unified_mechanism_v2/paired_layer_control/large_seed3407/short_common_scan/B/videos/B_152/location_12.mp4,True,0.984375,1,0.9688432710540156,0.0012425669700725783,0.5577550465622252,186.0,True,True,red,circle,0.10730055818664652,0.0007926851882854853,0.0038899082067156347,True,0.984375,0.8989751098096633
B_152,low,152,0,13,after block 12,12,2.4892875209756546,2.653125,5.29975,3.001875,0.8682284040995608,True,runs/pendulum/unified_mechanism_v2/paired_layer_control/large_seed3407/short_common_scan/B/videos/B_152/location_13.mp4,True,0.984375,1,0.9618975587765267,0.001048712950773023,0.5157587899187841,182.0,True,True,red,circle,0.10542837800755561,0.000897030546216286,0.004061447815580706,True,0.984375,0.8696925329428989
B_152,low,152,0,14,after block 13,13,2.4892875209756546,2.653125,5.29975,3.091,0.8345534407027818,True,runs/pendulum/unified_mechanism_v2/paired_layer_control/large_seed3407/short_common_scan/B/videos/B_152/location_14.mp4,True,0.984375,1,1.4555673411818129,0.0014619664884996109,0.6027387876416426,171.0,True,True,red,circle,0.09280513851071584,-0.0006303697748639456,0.00802967096913219,True,0.953125,0.8857979502196194
B_152,low,152,0,15,after block 14,14,2.4892875209756546,2.653125,5.29975,4.923875000000001,0.14202049780380663,False,runs/pendulum/unified_mechanism_v2/paired_layer_control/large_seed3407/short_common_scan/B/videos/B_152/location_15.mp4,True,1.0,0,3.1603641150423427,0.018592245777198285,0.5020674609120389,179.5,True,True,blue,circle,0.05881547711107054,-0.0007452643702719898,0.024456592998024784,False,0.015625,nan
B_152,low,152,0,16,after block 15,15,2.4892875209756546,2.653125,5.29975,5.23,0.026354319180087838,False,runs/pendulum/unified_mechanism_v2/paired_layer_control/large_seed3407/short_common_scan/B/videos/B_152/location_16.mp4,True,1.0,0,3.610159413495288,0.01634694026910391,0.5417613535740153,193.0,True,True,blue,circle,0.08746275964377935,-0.002559386091492331,0.014645656635075124,False,0.65625,0.06295754026354344
B_152,low,152,0,17,after block 16,16,2.4892875209756546,2.653125,5.29975,5.520625,-0.08345534407027798,False,runs/pendulum/unified_mechanism_v2/paired_layer_control/large_seed3407/short_common_scan/B/videos/B_152/location_17.mp4,True,1.0,0,3.677183659628472,0.018267157561908554,0.7559026070117314,199.0,True,True,blue,circle,0.09978785199836858,0.00027199892252614995,0.007913880990817492,True,1.0,-0.07613469985358687
B_152,low,152,0,18,after block 17,17,2.4892875209756546,2.653125,5.29975,5.56325,-0.09956076134699839,False,runs/pendulum/unified_mechanism_v2/paired_layer_control/large_seed3407/short_common_scan/B/videos/B_152/location_18.mp4,True,1.0,0,3.659594182230378,0.01795573933879957,0.7945489995523799,198.0,True,True,blue,circle,0.10124889757563982,0.0017328078720353802,0.007428753444281238,True,1.0,-0.09370424597364542
B_152,low,152,0,19,after block 18,18,2.4892875209756546,2.653125,5.29975,5.466375,-0.06295754026354311,False,runs/pendulum/unified_mechanism_v2/paired_layer_control/large_seed3407/short_common_scan/B/videos/B_152/location_19.mp4,True,1.0,0,3.3694070747091365,0.01780331498106341,0.8415904897469072,198.0,True,True,blue,circle,0.10166476295246005,0.0035093714268060964,0.007818445812886222,True,1.0,-0.060029282576866794
B_152,low,152,0,20,after block 19,19,2.4892875209756546,2.653125,5.29975,5.42375,-0.04685212298682271,False,runs/pendulum/unified_mechanism_v2/paired_layer_control/large_seed3407/short_common_scan/B/videos/B_152/location_20.mp4,True,1.0,0,3.4885836043188525,0.017802030054688806,1.281925446032062,198.0,True,True,blue,circle,0.10329360576925962,0.0023014171148811073,0.00685357817052765,True,1.0,-0.04392386530014639
B_152,low,152,0,21,after block 20,20,2.4892875209756546,2.653125,5.29975,5.43925,-0.052708638360175676,False,runs/pendulum/unified_mechanism_v2/paired_layer_control/large_seed3407/short_common_scan/B/videos/B_152/location_21.mp4,True,1.0,0,3.6485733029765814,0.01646130510157154,1.1616934155940235,199.0,True,True,blue,circle,0.10821306183746116,0.002338144116578295,0.006692454088912504,True,1.0,-0.052708638360175676
B_152,low,152,0,22,after block 21,21,2.4892875209756546,2.653125,5.29975,5.4586250000000005,-0.060029282576866794,False,runs/pendulum/unified_mechanism_v2/paired_layer_control/large_seed3407/short_common_scan/B/videos/B_152/location_22.mp4,True,1.0,0,3.61159925413259,0.018081517237237055,1.6785480563186723,203.0,True,True,blue,circle,0.09894354091434206,0.001166978158351211,0.006498365659542852,True,1.0,-0.06149341142020495
B_152,low,152,0,23,after block 22,22,2.4892875209756546,2.653125,5.29975,5.39275,-0.03513909224011712,False,runs/pendulum/unified_mechanism_v2/paired_layer_control/large_seed3407/short_common_scan/B/videos/B_152/location_23.mp4,True,1.0,0,3.5374399450875527,0.01618408505147606,1.689720793401871,201.0,True,True,blue,circle,0.10060194081412548,0.0017356802840810578,0.0072850567370619694,True,1.0,-0.03513909224011712
B_152,low,152,0,24,after block 23,23,2.4892875209756546,2.653125,5.29975,5.404375,-0.039531478770131585,False,runs/pendulum/unified_mechanism_v2/paired_layer_control/large_seed3407/short_common_scan/B/videos/B_152/location_24.mp4,True,1.0,0,3.6666536141007118,0.017242480094055906,1.6911869862916193,202.5,True,True,blue,circle,0.10040363324193502,0.0015971620413139011,0.006974634943701324,True,1.0,-0.040995607613469744
B_152,low,152,0,25,after block 24,24,2.4892875209756546,2.653125,5.29975,5.3656250000000005,-0.02489019033674968,False,runs/pendulum/unified_mechanism_v2/paired_layer_control/large_seed3407/short_common_scan/B/videos/B_152/location_25.mp4,True,1.0,0,3.6959648604931297,0.016662351601259312,2.013130753205026,206.0,True,True,blue,circle,0.10811252186175656,-0.00012151540963379316,0.0070668624252409815,True,1.0,-0.026354319180087838
B_152,low,152,0,26,after block 25,25,2.4892875209756546,2.653125,5.29975,5.350125,-0.019033674963396717,False,runs/pendulum/unified_mechanism_v2/paired_layer_control/large_seed3407/short_common_scan/B/videos/B_152/location_26.mp4,True,1.0,0,3.34594762958172,0.01584274327649915,2.1277700742601757,203.5,True,True,blue,circle,0.10854803205223586,0.00056838742399661,0.006317908102393502,True,1.0,-0.020497803806734872
B_152,low,152,0,27,after block 26,26,2.4892875209756546,2.653125,5.29975,5.350125,-0.019033674963396717,False,runs/pendulum/unified_mechanism_v2/paired_layer_control/large_seed3407/short_common_scan/B/videos/B_152/location_27.mp4,True,1.0,0,3.516818004323421,0.016370656087218605,1.8796885243807666,206.5,True,True,blue,circle,0.10935495844085573,0.00019544097248925732,0.006015492194080418,True,1.0,-0.019033674963396717
B_152,low,152,0,28,after block 27,27,2.4892875209756546,2.653125,5.29975,5.3075,-0.0029282576866763144,False,runs/pendulum/unified_mechanism_v2/paired_layer_control/large_seed3407/short_common_scan/B/videos/B_152/location_28.mp4,True,1.0,0,3.570519979668577,0.015497422363477426,1.9836280479247008,206.5,True,True,blue,circle,0.11210948980494431,0.00028913904875304836,0.0066864970644385105,True,1.0,-0.004392386530014471
B_152,low,152,0,29,after block 28,28,2.4892875209756546,2.653125,5.29975,5.303625,-0.0014641288433381572,False,runs/pendulum/unified_mechanism_v2/paired_layer_control/large_seed3407/short_common_scan/B/videos/B_152/location_29.mp4,True,1.0,0,3.3313681289250225,0.016208589326478312,1.9727688567449788,206.0,True,True,blue,circle,0.11214067585210456,0.000447168166667204,0.0067971988191624704,True,1.0,-0.0029282576866763144
B_152,low,152,0,30,after block 29,29,2.4892875209756546,2.653125,5.29975,5.2958750000000006,0.0014641288433381572,False,runs/pendulum/unified_mechanism_v2/paired_layer_control/large_seed3407/short_common_scan/B/videos/B_152/location_30.mp4,True,1.0,0,3.3977017958396925,0.016998430757076022,2.4983408950707098,206.5,True,True,blue,circle,0.11235397069500656,0.0002493496458597631,0.007426088621750927,True,1.0,-0.0
B_180,low,180,0,0,embedding output,,2.9017593993285127,2.8352500000000003,5.474125,2.8313750000000004,1.0014684287812041,True,runs/pendulum/unified_mechanism_v2/paired_layer_control/large_seed3407/short_common_scan/B/videos/B_180/location_00.mp4,True,1.0,0,1.0571754873943497,0.0013601932536170258,0.7640488393680716,191.0,True,True,red,circle,0.13938482141844546,0.001289634505091719,0.0048247550631423525,True,0.984375,1.0
B_180,low,180,0,1,after block 0,0,2.9017593993285127,2.8352500000000003,5.474125,2.8313750000000004,1.0014684287812041,True,runs/pendulum/unified_mechanism_v2/paired_layer_control/large_seed3407/short_common_scan/B/videos/B_180/location_01.mp4,True,1.0,0,1.1311524256321297,0.0013785697502907424,0.688249675925083,191.0,True,True,red,circle,0.13915207556939937,0.0012588208132047229,0.004792951627315218,True,0.984375,1.0
B_180,low,180,0,2,after block 1,1,2.9017593993285127,2.8352500000000003,5.474125,2.8352500000000003,1.0,True,runs/pendulum/unified_mechanism_v2/paired_layer_control/large_seed3407/short_common_scan/B/videos/B_180/location_02.mp4,True,1.0,0,1.0826512020737842,0.0013501464575915445,0.7487093446551744,191.0,True,True,red,circle,0.13945257697231087,0.0013661018640510982,0.0046231580727964725,True,0.984375,0.998531571218796
B_180,low,180,0,3,after block 2,2,2.9017593993285127,2.8352500000000003,5.474125,2.8352500000000003,1.0,True,runs/pendulum/unified_mechanism_v2/paired_layer_control/large_seed3407/short_common_scan/B/videos/B_180/location_03.mp4,True,1.0,0,1.0826512020737842,0.0012139945443934153,0.7227337694913134,191.0,True,True,red,circle,0.13946315007388524,0.0014796575308226693,0.004585013570568236,True,0.984375,0.998531571218796
B_180,low,180,0,4,after block 3,3,2.9017593993285127,2.8352500000000003,5.474125,2.8352500000000003,1.0,True,runs/pendulum/unified_mechanism_v2/paired_layer_control/large_seed3407/short_common_scan/B/videos/B_180/location_04.mp4,True,1.0,0,1.0640212307995198,0.0013550154760627597,0.7369398642128605,190.0,True,True,red,circle,0.13934935551332778,0.001556344391682064,0.004685889618773012,True,0.984375,0.998531571218796
B_180,low,180,0,5,after block 4,4,2.9017593993285127,2.8352500000000003,5.474125,2.839125,0.998531571218796,True,runs/pendulum/unified_mechanism_v2/paired_layer_control/large_seed3407/short_common_scan/B/videos/B_180/location_05.mp4,True,1.0,0,1.1308620741904674,0.0011984071682593078,0.7084964029567411,191.0,True,True,red,circle,0.13924357977529178,0.0014657299366024903,0.00462047634640577,True,0.984375,0.998531571218796
B_180,low,180,0,6,after block 5,5,2.9017593993285127,2.8352500000000003,5.474125,2.9050000000000002,0.973568281938326,True,runs/pendulum/unified_mechanism_v2/paired_layer_control/large_seed3407/short_common_scan/B/videos/B_180/location_06.mp4,True,1.0,0,1.1627413751171034,0.001487933300205635,0.39835896260092707,187.0,True,True,red,circle,0.13407136222531646,0.0020623375737687964,0.0051684515099458695,True,0.984375,0.972099853157122
B_180,low,180,0,7,after block 6,6,2.9017593993285127,2.8352500000000003,5.474125,2.9050000000000002,0.973568281938326,True,runs/pendulum/unified_mechanism_v2/paired_layer_control/large_seed3407/short_common_scan/B/videos/B_180/location_07.mp4,True,1.0,0,1.2400725681241958,0.001487933300205635,0.5472337460447142,186.0,True,True,red,circle,0.1342264291976862,0.0021589542425678124,0.00551157338327023,True,0.984375,0.972099853157122
B_180,low,180,0,8,after block 7,7,2.9017593993285127,2.8352500000000003,5.474125,2.908875,0.972099853157122,True,runs/pendulum/unified_mechanism_v2/paired_layer_control/large_seed3407/short_common_scan/B/videos/B_180/location_08.mp4,True,1.0,0,1.1160056696476275,0.0015240026387702277,0.46018894760664214,186.0,True,True,red,circle,0.13371402529028534,0.0022542918917049185,0.005383429334226417,True,0.984375,0.9706314243759179
B_180,low,180,0,9,after block 8,8,2.9017593993285127,2.8352500000000003,5.474125,2.91275,0.9706314243759179,True,runs/pendulum/unified_mechanism_v2/paired_layer_control/large_seed3407/short_common_scan/B/videos/B_180/location_09.mp4,True,1.0,0,1.1530003866577845,0.0015401678318730794,0.4440064264130204,186.0,True,True,red,circle,0.1336286280249322,0.0021543869056418344,0.0052747340684717306,True,0.984375,0.9706314243759179
B_180,low,180,0,10,after block 9,9,2.9017593993285127,2.8352500000000003,5.474125,2.9282500000000002,0.9647577092511014,True,runs/pendulum/unified_mechanism_v2/paired_layer_control/large_seed3407/short_common_scan/B/videos/B_180/location_10.mp4,True,1.0,0,1.2400113388650005,0.001417004639973185,0.4772536980559896,185.5,True,True,red,circle,0.1355109427719746,0.001832731164124271,0.005627194801925838,True,0.984375,0.9647577092511014
B_180,low,180,0,11,after block 10,10,2.9017593993285127,2.8352500000000003,5.474125,2.932125,0.9632892804698973,True,runs/pendulum/unified_mechanism_v2/paired_layer_control/large_seed3407/short_common_scan/B/videos/B_180/location_11.mp4,True,1.0,0,1.2650974184389927,0.0015671970587350925,0.4632952421385354,185.0,True,True,red,circle,0.13407324162398523,0.0023803261218316527,0.00563755916650623,True,0.984375,0.9618208516886932
B_180,low,180,0,12,after block 11,11,2.9017593993285127,2.8352500000000003,5.474125,2.955375,0.9544787077826726,True,runs/pendulum/unified_mechanism_v2/paired_layer_control/large_seed3407/short_common_scan/B/videos/B_180/location_12.mp4,True,1.0,0,1.1443129857940793,0.0016123876313976215,0.3705182133219285,184.0,True,True,red,circle,0.13136951555947685,0.0023916253750924164,0.005607387942876902,True,0.984375,0.9544787077826726
B_180,low,180,0,13,after block 12,12,2.9017593993285127,2.8352500000000003,5.474125,2.9863750000000002,0.9427312775330396,True,runs/pendulum/unified_mechanism_v2/paired_layer_control/large_seed3407/short_common_scan/B/videos/B_180/location_13.mp4,True,1.0,0,1.599607840538301,0.001324808590120019,0.4387718811324003,181.0,True,True,red,circle,0.12746868605376338,0.0026725043070397834,0.006246739867294545,True,0.984375,0.9412628487518356
B_180,low,180,0,14,after block 13,13,2.9017593993285127,2.8352500000000003,5.474125,3.122,0.8913362701908959,True,runs/pendulum/unified_mechanism_v2/paired_layer_control/large_seed3407/short_common_scan/B/videos/B_180/location_14.mp4,True,0.984375,1,1.155714397108647,0.001426453406492778,1.2648160893752387,173.0,True,True,red,circle,0.11318339368745721,0.0028446063337386417,0.00892340613399476,True,0.984375,0.897209985315712
B_180,low,180,0,15,after block 14,14,2.9017593993285127,2.8352500000000003,5.474125,4.86575,0.23054331864904543,False,runs/pendulum/unified_mechanism_v2/paired_layer_control/large_seed3407/short_common_scan/B/videos/B_180/location_15.mp4,True,1.0,0,3.4552079775366273,0.01911395594216478,2.4157059580542217,178.0,True,True,blue,circle,0.05348789619657214,0.0012284403397398122,0.040318495953585255,False,0.015625,nan
B_180,low,180,0,16,after block 15,15,2.9017593993285127,2.8352500000000003,5.474125,7.000875,-0.57856093979442,False,runs/pendulum/unified_mechanism_v2/paired_layer_control/large_seed3407/short_common_scan/B/videos/B_180/location_16.mp4,True,1.0,0,3.414176645669714,0.01724980754860636,1.971197531734847,196.0,True,True,blue,circle,0.06680138599056036,0.007865861998496286,0.03241864888477355,False,0.640625,-0.4581497797356831
B_180,low,180,0,17,after block 16,16,2.9017593993285127,2.8352500000000003,5.474125,6.2375,-0.28928046989721,False,runs/pendulum/unified_mechanism_v2/paired_layer_control/large_seed3407/short_common_scan/B/videos/B_180/location_17.mp4,True,1.0,0,3.225952519939095,0.016444142994526734,1.6600992207283636,199.0,True,True,blue,circle,0.10153979970017109,0.004883971696601358,0.016634970583138207,True,1.0,-0.28046989720998533
B_180,low,180,0,18,after block 17,17,2.9017593993285127,2.8352500000000003,5.474125,6.0360000000000005,-0.21292217327459642,False,runs/pendulum/unified_mechanism_v2/paired_layer_control/large_seed3407/short_common_scan/B/videos/B_180/location_18.mp4,True,1.0,0,3.0644674032891674,0.015619671441878091,1.5839750732185929,198.0,True,True,blue,circle,0.1013960051819761,0.0050746267150159445,0.016523077858651137,True,1.0,-0.21292217327459642
B_180,low,180,0,19,after block 18,18,2.9017593993285127,2.8352500000000003,5.474125,5.784125,-0.11747430249632913,False,runs/pendulum/unified_mechanism_v2/paired_layer_control/large_seed3407/short_common_scan/B/videos/B_180/location_19.mp4,True,1.0,0,3.527731424141842,0.017098469118926624,1.6637137395800008,200.0,True,True,blue,circle,0.09816216972385539,0.007193470748422928,0.020209463602549563,True,1.0,-0.12481644640234975
B_180,low,180,0,20,after block 19,19,2.9017593993285127,2.8352500000000003,5.474125,5.757000000000001,-0.10719530102790041,False,runs/pendulum/unified_mechanism_v2/paired_layer_control/large_seed3407/short_common_scan/B/videos/B_180/location_20.mp4,True,1.0,0,3.886615101330053,0.017236192874317824,1.6643547183533707,202.5,True,True,blue,circle,0.09974602024934347,0.0063455307435943695,0.015999322508287298,True,1.0,-0.10866372980910446
B_180,low,180,0,21,after block 20,20,2.9017593993285127,2.8352500000000003,5.474125,5.776375,-0.11453744493392068,False,runs/pendulum/unified_mechanism_v2/paired_layer_control/large_seed3407/short_common_scan/B/videos/B_180/location_21.mp4,True,1.0,0,4.131223322132365,0.017237562610739138,1.9418675794596427,202.0,True,True,blue,circle,0.10383940986068602,0.005549262777070725,0.015096521261155208,True,1.0,-0.11747430249632913
B_180,low,180,0,22,after block 21,21,2.9017593993285127,2.8352500000000003,5.474125,5.8267500000000005,-0.13362701908957442,False,runs/pendulum/unified_mechanism_v2/paired_layer_control/large_seed3407/short_common_scan/B/videos/B_180/location_22.mp4,True,1.0,0,3.354888144686305,0.01599831632477483,1.7174083774564648,204.5,True,True,blue,circle,0.0950023045231891,0.002664281072225305,0.0077550427086207005,True,1.0,-0.13509544787077846
B_180,low,180,0,23,after block 22,22,2.9017593993285127,2.8352500000000003,5.474125,5.6485,-0.06607929515418517,False,runs/pendulum/unified_mechanism_v2/paired_layer_control/large_seed3407/short_common_scan/B/videos/B_180/location_23.mp4,True,1.0,0,3.791559821758787,0.015344630580080343,1.8162333665805614,206.0,True,True,blue,circle,0.09766271957732298,0.0038967488267969363,0.007905667908729638,True,1.0,-0.06754772393538923
B_180,low,180,0,24,after block 23,23,2.9017593993285127,2.8352500000000003,5.474125,5.691125,-0.08223201174743046,False,runs/pendulum/unified_mechanism_v2/paired_layer_control/large_seed3407/short_common_scan/B/videos/B_180/location_24.mp4,True,1.0,0,3.641026071492579,0.01682040227482748,1.8369242584202783,205.0,True,True,blue,circle,0.09693824509757032,0.0036146028596265815,0.007777794680888852,True,1.0,-0.08370044052863451
B_180,low,180,0,25,after block 24,24,2.9017593993285127,2.8352500000000003,5.474125,5.57875,-0.039647577092511176,False,runs/pendulum/unified_mechanism_v2/paired_layer_control/large_seed3407/short_common_scan/B/videos/B_180/location_25.mp4,True,1.0,0,3.2832386725673435,0.015944370358328186,1.9040198636490047,209.0,True,True,blue,circle,0.10782356201253886,0.002504030452942276,0.007541160475922026,True,1.0,-0.04111600587371523
B_180,low,180,0,26,after block 25,25,2.9017593993285127,2.8352500000000003,5.474125,5.5555,-0.030837004405286507,False,runs/pendulum/unified_mechanism_v2/paired_layer_control/large_seed3407/short_common_scan/B/videos/B_180/location_26.mp4,True,1.0,0,3.6084469585362124,0.01644694964616686,1.8335106216058161,207.5,True,True,blue,circle,0.10749489647273672,0.0030655666881841755,0.00742876734872718,True,1.0,-0.030837004405286507
B_180,low,180,0,27,after block 26,26,2.9017593993285127,2.8352500000000003,5.474125,5.5245,-0.01908957415565339,False,runs/pendulum/unified_mechanism_v2/paired_layer_control/large_seed3407/short_common_scan/B/videos/B_180/location_27.mp4,True,1.0,0,3.4212245891072928,0.016104839857415648,1.9390520363329355,208.0,True,True,blue,circle,0.10780666562860926,0.0027376082885947673,0.0071958787387381255,True,1.0,-0.01908957415565339
B_180,low,180,0,28,after block 27,27,2.9017593993285127,2.8352500000000003,5.474125,5.48575,-0.004405286343612503,False,runs/pendulum/unified_mechanism_v2/paired_layer_control/large_seed3407/short_common_scan/B/videos/B_180/location_28.mp4,True,1.0,0,3.2809505346888295,0.016188795831789782,1.796925540379389,208.0,True,True,blue,circle,0.1095959803436083,0.0025026757029392686,0.005845600981313058,True,1.0,-0.0029368575624084473
B_180,low,180,0,29,after block 28,28,2.9017593993285127,2.8352500000000003,5.474125,5.4818750000000005,-0.0029368575624084473,False,runs/pendulum/unified_mechanism_v2/paired_layer_control/large_seed3407/short_common_scan/B/videos/B_180/location_29.mp4,True,1.0,0,3.0758385772441605,0.01577191355994592,2.0747224892401386,209.0,True,True,blue,circle,0.10969638770745559,0.002700285817090149,0.005981864648464115,True,1.0,-0.0029368575624084473
B_180,low,180,0,30,after block 29,29,2.9017593993285127,2.8352500000000003,5.474125,5.474125,-0.0,False,runs/pendulum/unified_mechanism_v2/paired_layer_control/large_seed3407/short_common_scan/B/videos/B_180/location_30.mp4,True,1.0,0,3.3976280364973728,0.015547423633742702,1.740779365525091,209.0,True,True,blue,circle,0.10939485911247754,0.002609923606277421,0.005666836783730258,True,1.0,-0.0
B_181,low,181,0,0,embedding output,,2.9896794886264497,2.85075,6.005,2.8546250000000004,0.9987714987714986,True,runs/pendulum/unified_mechanism_v2/paired_layer_control/large_seed3407/short_common_scan/B/videos/B_181/location_00.mp4,True,1.0,0,1.358218549819221,0.0008757393205236497,0.8441200219424357,194.0,True,True,red,circle,0.15255912989053605,0.0005757754803624375,0.005081883969200542,True,0.984375,1.0012285012285012
B_181,low,181,0,1,after block 0,0,2.9896794886264497,2.85075,6.005,2.8546250000000004,0.9987714987714986,True,runs/pendulum/unified_mechanism_v2/paired_layer_control/large_seed3407/short_common_scan/B/videos/B_181/location_01.mp4,True,1.0,0,1.3746954639991444,0.0009371344215895749,0.8270078187474985,194.0,True,True,red,circle,0.15237719521958698,0.0005802411192948806,0.005166138795168896,True,0.984375,1.0012285012285012
B_181,low,181,0,2,after block 1,1,2.9896794886264497,2.85075,6.005,2.8585000000000003,0.9975429975429975,True,runs/pendulum/unified_mechanism_v2/paired_layer_control/large_seed3407/short_common_scan/B/videos/B_181/location_02.mp4,True,1.0,0,1.3987649792124273,0.0010038479245619292,0.8270078187474985,194.0,True,True,red,circle,0.1522398557475109,0.0006581620163726746,0.005157151118361148,True,0.984375,1.0
B_181,low,181,0,3,after block 2,2,2.9896794886264497,2.85075,6.005,2.8585000000000003,0.9975429975429975,True,runs/pendulum/unified_mechanism_v2/paired_layer_control/large_seed3407/short_common_scan/B/videos/B_181/location_03.mp4,True,1.0,0,1.3859019409073419,0.0008900930450125855,0.8270078187474985,193.5,True,True,red,circle,0.15238869573121167,0.0007173757775147143,0.005190162584534915,True,0.984375,1.0
B_181,low,181,0,4,after block 3,3,2.9896794886264497,2.85075,6.005,2.8585000000000003,0.9975429975429975,True,runs/pendulum/unified_mechanism_v2/paired_layer_control/large_seed3407/short_common_scan/B/videos/B_181/location_04.mp4,True,1.0,0,1.3281988344026214,0.0010576303739822934,0.8270078187474985,193.0,True,True,red,circle,0.15241881786303835,0.0007309609821051514,0.005240834898168832,True,0.984375,1.0
B_181,low,181,0,5,after block 4,4,2.9896794886264497,2.85075,6.005,2.8585000000000003,0.9975429975429975,True,runs/pendulum/unified_mechanism_v2/paired_layer_control/large_seed3407/short_common_scan/B/videos/B_181/location_05.mp4,True,1.0,0,1.3281988344026214,0.0009959597279070864,0.8270078187474985,194.0,True,True,red,circle,0.15233958216380875,0.0006626517782302178,0.0051239805438037765,True,0.984375,1.0
B_181,low,181,0,6,after block 5,5,2.9896794886264497,2.85075,6.005,2.8933750000000003,0.9864864864864864,True,runs/pendulum/unified_mechanism_v2/paired_layer_control/large_seed3407/short_common_scan/B/videos/B_181/location_06.mp4,True,0.984375,1,1.2379408056590664,0.0009605271710420582,1.6266952221792885,189.0,True,True,red,circle,0.14635764357400505,-7.25217797932836e-05,0.00455369553533256,True,0.984375,0.9864864864864864
B_181,low,181,0,7,after block 6,6,2.9896794886264497,2.85075,6.005,2.8933750000000003,0.9864864864864864,True,runs/pendulum/unified_mechanism_v2/paired_layer_control/large_seed3407/short_common_scan/B/videos/B_181/location_07.mp4,True,0.984375,1,1.2112385929175948,0.0009388174499198043,1.5817726877618092,188.0,True,True,red,circle,0.14629788551023634,0.00015203160369115656,0.004742569653775567,True,0.984375,0.9877149877149878
B_181,low,181,0,8,after block 7,7,2.9896794886264497,2.85075,6.005,2.89725,0.9852579852579852,True,runs/pendulum/unified_mechanism_v2/paired_layer_control/large_seed3407/short_common_scan/B/videos/B_181/location_08.mp4,True,0.984375,1,1.3057960693654913,0.0008953513591755113,1.5770935806422937,188.0,True,True,red,circle,0.14559169350484708,0.00042747373806870966,0.004837068914887517,True,0.984375,0.9852579852579852
B_181,low,181,0,9,after block 8,8,2.9896794886264497,2.85075,6.005,2.89725,0.9852579852579852,True,runs/pendulum/unified_mechanism_v2/paired_layer_control/large_seed3407/short_common_scan/B/videos/B_181/location_09.mp4,True,0.984375,1,1.6139538372281124,0.0008953513591755113,1.5817726877618092,188.0,True,True,red,circle,0.14554280690784416,0.0003561932772630238,0.00477742916388649,True,0.984375,0.9852579852579852
B_181,low,181,0,10,after block 9,9,2.9896794886264497,2.85075,6.005,2.908875,0.9815724815724816,True,runs/pendulum/unified_mechanism_v2/paired_layer_control/large_seed3407/short_common_scan/B/videos/B_181/location_10.mp4,True,0.984375,1,1.2248361082679233,0.001119770507348572,1.5770935806422937,188.0,True,True,red,circle,0.1456260359439887,5.868848545147468e-06,0.004807176940415551,True,0.984375,0.9815724815724816
B_181,low,181,0,11,after block 10,10,2.9896794886264497,2.85075,6.005,2.9205,0.9778869778869779,True,runs/pendulum/unified_mechanism_v2/paired_layer_control/large_seed3407/short_common_scan/B/videos/B_181/location_11.mp4,True,0.984375,1,1.2273194129580893,0.001185496256923102,1.5770935806422937,187.0,True,True,red,circle,0.14378350292604697,0.0007144872139771936,0.004771455256336311,True,0.984375,0.979115479115479
B_181,low,181,0,12,after block 11,11,2.9896794886264497,2.85075,6.005,2.9205,0.9778869778869779,True,runs/pendulum/unified_mechanism_v2/paired_layer_control/large_seed3407/short_common_scan/B/videos/B_181/location_12.mp4,True,0.984375,1,1.2120840907087937,0.001155007987151624,1.5434291800445408,186.0,True,True,red,circle,0.14063691029879377,0.0009890624805639675,0.004599117705758617,True,0.984375,0.9766584766584766
B_181,low,181,0,13,after block 12,12,2.9896794886264497,2.85075,6.005,2.9747500000000002,0.9606879606879607,True,runs/pendulum/unified_mechanism_v2/paired_layer_control/large_seed3407/short_common_scan/B/videos/B_181/location_13.mp4,True,0.984375,1,1.1086666973758954,0.001217347624398235,1.459708707241831,182.0,True,True,red,circle,0.13524542211135673,0.0020729018382915024,0.004704774530386965,True,0.984375,0.9606879606879607
B_181,low,181,0,14,after block 13,13,2.9896794886264497,2.85075,6.005,2.9708750000000004,0.9619164619164619,True,runs/pendulum/unified_mechanism_v2/paired_layer_control/large_seed3407/short_common_scan/B/videos/B_181/location_14.mp4,True,0.984375,1,1.1962391406015471,0.0009708754034737366,1.778821817349607,170.0,True,True,red,circle,0.11286073570198835,-0.0009881588262451182,0.011962773280926091,False,0.34375,1.0307125307125309
B_181,low,181,0,15,after block 14,14,2.9896794886264497,2.85075,6.005,3.071625,0.92997542997543,False,runs/pendulum/unified_mechanism_v2/paired_layer_control/large_seed3407/short_common_scan/B/videos/B_181/location_15.mp4,True,1.0,0,3.0957356863979997,0.01824008420275358,0.9880747483837082,184.0,True,True,blue,circle,0.06712455958604052,0.00021713930344138577,0.038274902520625695,False,0.015625,nan
B_181,low,181,0,16,after block 15,15,2.9896794886264497,2.85075,6.005,6.063125,-0.018427518427518563,False,runs/pendulum/unified_mechanism_v2/paired_layer_control/large_seed3407/short_common_scan/B/videos/B_181/location_16.mp4,True,1.0,0,2.9525034872663207,0.018675779940438203,1.1025161420477652,196.0,True,True,blue,circle,0.10038161560663185,0.00017836137817000866,0.022362904296043262,True,0.90625,0.0024570024570023624
B_181,low,181,0,17,after block 16,16,2.9896794886264497,2.85075,6.005,6.26075,-0.08108108108108106,False,runs/pendulum/unified_mechanism_v2/paired_layer_control/large_seed3407/short_common_scan/B/videos/B_181/location_17.mp4,True,1.0,0,2.9535561920817583,0.01745622793261878,1.720583279376171,204.0,True,True,blue,circle,0.1081194956273872,0.0023601394407957825,0.01738848199947252,True,1.0,-0.07616707616707634
B_181,low,181,0,18,after block 17,17,2.9896794886264497,2.85075,6.005,6.132875,-0.040540540540540675,False,runs/pendulum/unified_mechanism_v2/paired_layer_control/large_seed3407/short_common_scan/B/videos/B_181/location_18.mp4,True,1.0,0,3.709675831021189,0.016927948838011075,1.1229011541751555,200.5,True,True,blue,circle,0.10772430999913414,0.001874930063358873,0.013999013373469196,True,1.0,-0.03808353808353803
B_181,low,181,0,19,after block 18,18,2.9896794886264497,2.85075,6.005,5.99725,0.0024570024570023624,False,runs/pendulum/unified_mechanism_v2/paired_layer_control/large_seed3407/short_common_scan/B/videos/B_181/location_19.mp4,True,1.0,0,3.165914562915555,0.016625934767619616,1.0408211677782697,201.0,True,True,blue,circle,0.10639637541989962,0.0019515313586873364,0.012730065371799631,True,1.0,0.004914004914004725
B_181,low,181,0,20,after block 19,19,2.9896794886264497,2.85075,6.005,5.915875,0.028255528255528295,False,runs/pendulum/unified_mechanism_v2/paired_layer_control/large_seed3407/short_common_scan/B/videos/B_181/location_20.mp4,True,1.0,0,3.4316125508882425,0.01633765540861501,1.0532482136746517,203.0,True,True,blue,circle,0.10629835289799176,0.002539930733523464,0.008200180946883436,True,1.0,0.028255528255528295
B_181,low,181,0,21,after block 20,20,2.9896794886264497,2.85075,6.005,5.93525,0.02211302211302211,False,runs/pendulum/unified_mechanism_v2/paired_layer_control/large_seed3407/short_common_scan/B/videos/B_181/location_21.mp4,True,1.0,0,3.919043254302328,0.015938851287426503,1.0080252375787606,203.0,True,True,blue,circle,0.11049234277644718,0.0018270279475694597,0.007703543938194352,True,1.0,0.02211302211302211
B_181,low,181,0,22,after block 21,21,2.9896794886264497,2.85075,6.005,6.132875,-0.040540540540540675,False,runs/pendulum/unified_mechanism_v2/paired_layer_control/large_seed3407/short_common_scan/B/videos/B_181/location_22.mp4,True,1.0,0,3.8704297457877677,0.01734768823506941,0.9679992419097749,208.5,True,True,blue,circle,0.0936818751520327,0.000712375519494541,0.005529555878175462,True,1.0,-0.03808353808353803
B_181,low,181,0,23,after block 22,22,2.9896794886264497,2.85075,6.005,6.07475,-0.02211302211302211,False,runs/pendulum/unified_mechanism_v2/paired_layer_control/large_seed3407/short_common_scan/B/videos/B_181/location_23.mp4,True,1.0,0,3.8880447829407627,0.016508310325910602,1.0021310196159396,207.0,True,True,blue,circle,0.09597090464161895,0.0006952294761796923,0.0056450687052806234,True,1.0,-0.023341523341523288
B_181,low,181,0,24,after block 23,23,2.9896794886264497,2.85075,6.005,6.055375,-0.01597051597051592,False,runs/pendulum/unified_mechanism_v2/paired_layer_control/large_seed3407/short_common_scan/B/videos/B_181/location_24.mp4,True,1.0,0,3.7413921465234092,0.015908618624806137,1.0021310196159396,206.0,True,True,blue,circle,0.09576423508625342,0.0008575473759403774,0.005443180411487739,True,1.0,-0.014742014742014739
B_181,low,181,0,25,after block 24,24,2.9896794886264497,2.85075,6.005,6.070875,-0.020884520884520925,False,runs/pendulum/unified_mechanism_v2/paired_layer_control/large_seed3407/short_common_scan/B/videos/B_181/location_25.mp4,True,1.0,0,3.373507387925764,0.015948054115854038,1.1049620782382572,210.0,True,True,blue,circle,0.10487546202843909,0.0004938610591799781,0.00516771709268571,True,1.0,-0.018427518427518563
B_181,low,181,0,26,after block 25,25,2.9896794886264497,2.85075,6.005,6.0515,-0.014742014742014739,False,runs/pendulum/unified_mechanism_v2/paired_layer_control/large_seed3407/short_common_scan/B/videos/B_181/location_26.mp4,True,1.0,0,3.265295305543805,0.015510360067916201,1.0496745055967658,211.0,True,True,blue,circle,0.10177174042648138,0.0020611972701106425,0.004440234590652052,True,1.0,-0.014742014742014739
B_181,low,181,0,27,after block 26,26,2.9896794886264497,2.85075,6.005,6.024375,-0.006142506142506188,False,runs/pendulum/unified_mechanism_v2/paired_layer_control/large_seed3407/short_common_scan/B/videos/B_181/location_27.mp4,True,1.0,0,3.7381431443715076,0.015523935746304313,2.0876657470546154,213.0,True,True,blue,circle,0.10178010971312353,0.001991477296771201,0.0040520730143227615,True,1.0,-0.006142506142506188
B_181,low,181,0,28,after block 27,27,2.9896794886264497,2.85075,6.005,6.0127500000000005,-0.0024570024570026443,False,runs/pendulum/unified_mechanism_v2/paired_layer_control/large_seed3407/short_common_scan/B/videos/B_181/location_28.mp4,True,1.0,0,3.1608953913564486,0.014679566729702082,3.495048572007777,211.0,True,True,blue,circle,0.10357848288390926,0.0018093804037107193,0.003992538046769174,True,1.0,-0.0012285012285011812
B_181,low,181,0,29,after block 28,28,2.9896794886264497,2.85075,6.005,6.001125,0.0012285012285011812,False,runs/pendulum/unified_mechanism_v2/paired_layer_control/large_seed3407/short_common_scan/B/videos/B_181/location_29.mp4,True,1.0,0,3.255993150257085,0.01661013249748991,3.523070970778542,211.0,True,True,blue,circle,0.10228406831355287,0.002125611811142602,0.0037323573428668573,True,1.0,0.0024570024570023624
B_181,low,181,0,30,after block 29,29,2.9896794886264497,2.85075,6.005,6.005,-0.0,False,runs/pendulum/unified_mechanism_v2/paired_layer_control/large_seed3407/short_common_scan/B/videos/B_181/location_30.mp4,True,1.0,0,3.2144517483223436,0.015617095418011095,3.522499522961353,213.0,True,True,blue,circle,0.10225229880564485,0.0023695764069896715,0.0037586663904933693,True,1.0,-0.0
B_193,low,193,0,0,embedding output,,2.364294482289853,2.35475,5.39275,2.343125,1.003826530612245,True,runs/pendulum/unified_mechanism_v2/paired_layer_control/large_seed3407/short_common_scan/B/videos/B_193/location_00.mp4,True,1.0,0,0.9563210292800468,0.00149222870387819,1.7470654165957813,188.0,True,True,red,circle,0.11721501403208498,-0.001899730667283965,0.00480640994196772,True,0.984375,1.0012755102040816
B_193,low,193,0,1,after block 0,0,2.364294482289853,2.35475,5.39275,2.343125,1.003826530612245,True,runs/pendulum/unified_mechanism_v2/paired_layer_control/large_seed3407/short_common_scan/B/videos/B_193/location_01.mp4,True,1.0,0,0.956461652019661,0.0013794497019512242,1.7770580916928305,188.5,True,True,red,circle,0.11723829493720013,-0.00202561150106344,0.004874779458195454,True,0.984375,1.0
B_193,low,193,0,2,after block 1,1,2.364294482289853,2.35475,5.39275,2.3470000000000004,1.0025510204081631,True,runs/pendulum/unified_mechanism_v2/paired_layer_control/large_seed3407/short_common_scan/B/videos/B_193/location_02.mp4,True,1.0,0,0.9596580538299175,0.0014067455089345482,1.9331943550188293,188.0,True,True,red,circle,0.11803472781146038,-0.001912049559941554,0.004978862635171415,True,0.984375,0.9987244897959184
B_193,low,193,0,3,after block 2,2,2.364294482289853,2.35475,5.39275,2.3392500000000003,1.0051020408163265,True,runs/pendulum/unified_mechanism_v2/paired_layer_control/large_seed3407/short_common_scan/B/videos/B_193/location_03.mp4,True,1.0,0,1.2377695137110196,0.0014354698285772571,2.3151956266734377,188.0,True,True,red,circle,0.11763749883761962,-0.0016736740922261484,0.00579573912468111,True,0.984375,1.0
B_193,low,193,0,4,after block 3,3,2.364294482289853,2.35475,5.39275,2.343125,1.003826530612245,True,runs/pendulum/unified_mechanism_v2/paired_layer_control/large_seed3407/short_common_scan/B/videos/B_193/location_04.mp4,True,1.0,0,0.9352552904667429,0.0014561500929742843,1.839667887347111,188.0,True,True,red,circle,0.11821520833695506,-0.0019046397828270483,0.00501475846702249,True,0.984375,1.0
B_193,low,193,0,5,after block 4,4,2.364294482289853,2.35475,5.39275,2.343125,1.003826530612245,True,runs/pendulum/unified_mechanism_v2/paired_layer_control/large_seed3407/short_common_scan/B/videos/B_193/location_05.mp4,True,1.0,0,1.6040211054571625,0.0016103304954965814,2.5788448492383234,188.0,True,True,red,circle,0.11818080435238482,-0.0017295076436283081,0.005877524217344235,True,0.984375,1.0
B_193,low,193,0,6,after block 5,5,2.364294482289853,2.35475,5.39275,2.4245,0.9770408163265306,True,runs/pendulum/unified_mechanism_v2/paired_layer_control/large_seed3407/short_common_scan/B/videos/B_193/location_06.mp4,True,0.984375,1,0.8896766378946395,0.0012019293749859217,1.2563768970365532,183.0,True,True,red,circle,0.1086792522999118,-0.003869014950891676,0.004194892759449593,True,0.984375,0.9744897959183673
B_193,low,193,0,7,after block 6,6,2.364294482289853,2.35475,5.39275,2.4167500000000004,0.9795918367346937,True,runs/pendulum/unified_mechanism_v2/paired_layer_control/large_seed3407/short_common_scan/B/videos/B_193/location_07.mp4,True,0.984375,1,0.9490418881025409,0.0011883836135102577,1.2738693746953156,183.0,True,True,red,circle,0.10942407213971525,-0.0035520040436994066,0.004277136306093227,True,0.984375,0.975765306122449
B_193,low,193,0,8,after block 7,7,2.364294482289853,2.35475,5.39275,2.4322500000000002,0.9744897959183673,True,runs/pendulum/unified_mechanism_v2/paired_layer_control/large_seed3407/short_common_scan/B/videos/B_193/location_08.mp4,True,0.984375,1,0.9178066439628613,0.001003907494290801,1.2891798346680072,182.0,True,True,red,circle,0.1092661061922608,-0.003594793902486594,0.004440954576791443,True,0.984375,0.971938775510204
B_193,low,193,0,9,after block 8,8,2.364294482289853,2.35475,5.39275,2.4322500000000002,0.9744897959183673,True,runs/pendulum/unified_mechanism_v2/paired_layer_control/large_seed3407/short_common_scan/B/videos/B_193/location_09.mp4,True,0.984375,1,0.8872788519430419,0.0010255254068157194,1.2682207653247561,183.0,True,True,red,circle,0.10959535841538649,-0.003597634665540957,0.004458182397585009,True,0.984375,0.9732142857142857
B_193,low,193,0,10,after block 9,9,2.364294482289853,2.35475,5.39275,2.428375,0.975765306122449,True,runs/pendulum/unified_mechanism_v2/paired_layer_control/large_seed3407/short_common_scan/B/videos/B_193/location_10.mp4,True,0.984375,1,0.9242879102065485,0.0012424274765266419,1.2322534037429844,183.0,True,True,red,circle,0.11126568795150946,-0.004190455686801531,0.004786944286271091,True,0.984375,0.9770408163265306
B_193,low,193,0,11,after block 10,10,2.364294482289853,2.35475,5.39275,2.4400000000000004,0.971938775510204,True,runs/pendulum/unified_mechanism_v2/paired_layer_control/large_seed3407/short_common_scan/B/videos/B_193/location_11.mp4,True,0.984375,1,1.0244735593964307,0.0013104779601965655,1.1874531337114784,182.0,True,True,red,circle,0.10983184884393074,-0.003760406726028299,0.005066363529571704,True,0.984375,0.975765306122449
B_193,low,193,0,12,after block 11,11,2.364294482289853,2.35475,5.39275,2.428375,0.975765306122449,True,runs/pendulum/unified_mechanism_v2/paired_layer_control/large_seed3407/short_common_scan/B/videos/B_193/location_12.mp4,True,0.984375,1,0.95660379933983,0.0013360086100207003,1.1829756717426656,181.0,True,True,red,circle,0.10683021832830798,-0.0038237619898460937,0.005679769843645352,True,0.984375,0.9808673469387755
B_193,low,193,0,13,after block 12,12,2.364294482289853,2.35475,5.39275,2.3741250000000003,0.9936224489795918,True,runs/pendulum/unified_mechanism_v2/paired_layer_control/large_seed3407/short_common_scan/B/videos/B_193/location_13.mp4,True,0.984375,1,0.9134068510046492,0.0013080702133750899,1.2822324394901712,177.0,True,True,red,circle,0.1011648031826698,-0.00421974416486624,0.008148387521935554,True,0.96875,1.0076530612244898
B_193,low,193,0,14,after block 13,13,2.364294482289853,2.35475,5.39275,2.4787500000000002,0.9591836734693877,False,runs/pendulum/unified_mechanism_v2/paired_layer_control/large_seed3407/short_common_scan/B/videos/B_193/location_14.mp4,True,1.0,0,5.6750109286977155,0.023346436985660468,2.6266397295802535,128.5,True,True,blue,circle,0.030900946676435944,0.008809863609027205,0.016965419051172086,False,0.015625,nan
B_193,low,193,0,15,after block 14,14,2.364294482289853,2.35475,5.39275,5.23,0.05357142857142855,False,runs/pendulum/unified_mechanism_v2/paired_layer_control/large_seed3407/short_common_scan/B/videos/B_193/location_15.mp4,True,1.0,0,3.9795888374306307,0.017632916471206933,2.559043197975828,186.5,True,True,blue,circle,0.05934662543409528,0.008911038436202183,0.0265873359795637,False,0.046875,nan
B_193,low,193,0,16,after block 15,15,2.364294482289853,2.35475,5.39275,5.4586250000000005,-0.021683673469387797,False,runs/pendulum/unified_mechanism_v2/paired_layer_control/large_seed3407/short_common_scan/B/videos/B_193/location_16.mp4,True,1.0,0,3.2081095647212687,0.017365726704095835,2.542542773052856,196.5,True,True,blue,circle,0.09296531321243555,0.005094800710121646,0.012461700570841401,True,0.9375,0.02295918367346938
B_193,low,193,0,17,after block 16,16,2.364294482289853,2.35475,5.39275,5.582625,-0.062499999999999924,False,runs/pendulum/unified_mechanism_v2/paired_layer_control/large_seed3407/short_common_scan/B/videos/B_193/location_17.mp4,True,1.0,0,3.207492300033355,0.01699634574937464,2.4701863023602604,198.0,True,True,blue,circle,0.10203702351865446,0.003948405182316179,0.01113770659952501,True,1.0,-0.05484693877551013
B_193,low,193,0,18,after block 17,17,2.364294482289853,2.35475,5.39275,5.478,-0.028061224489795714,False,runs/pendulum/unified_mechanism_v2/paired_layer_control/large_seed3407/short_common_scan/B/videos/B_193/location_18.mp4,True,1.0,0,2.9207933766933656,0.016835957467137314,3.5858565555986464,201.5,True,True,blue,circle,0.10487092307252804,0.0034370066580618015,0.010210880962437933,True,1.0,-0.02423469387755096
B_193,low,193,0,19,after block 18,18,2.364294482289853,2.35475,5.39275,5.447,-0.017857142857142752,False,runs/pendulum/unified_mechanism_v2/paired_layer_control/large_seed3407/short_common_scan/B/videos/B_193/location_19.mp4,True,1.0,0,2.90520505720878,0.01690874673528797,3.870371699006978,201.0,True,True,blue,circle,0.10361859356124264,0.004281437599701966,0.010360053431013032,True,1.0,-0.017857142857142752
B_193,low,193,0,20,after block 19,19,2.364294482289853,2.35475,5.39275,5.4315,-0.012755102040816127,False,runs/pendulum/unified_mechanism_v2/paired_layer_control/large_seed3407/short_common_scan/B/videos/B_193/location_20.mp4,True,1.0,0,3.1338210615636073,0.016967192620467697,3.607543996360684,203.0,True,True,blue,circle,0.1050505905745924,0.003964416312344649,0.009140229007789375,True,1.0,-0.015306122448979586
B_193,low,193,0,21,after block 20,20,2.364294482289853,2.35475,5.39275,5.419875,-0.008928571428571376,False,runs/pendulum/unified_mechanism_v2/paired_layer_control/large_seed3407/short_common_scan/B/videos/B_193/location_21.mp4,True,1.0,0,4.084949646108476,0.016304179329719226,3.887842239751651,203.5,True,True,blue,circle,0.11021411440675613,0.002616227200374235,0.00837669702765946,True,1.0,-0.007653061224489793
B_193,low,193,0,22,after block 21,21,2.364294482289853,2.35475,5.39275,5.419875,-0.008928571428571376,False,runs/pendulum/unified_mechanism_v2/paired_layer_control/large_seed3407/short_common_scan/B/videos/B_193/location_22.mp4,True,1.0,0,3.9290591890571513,0.017675704597071157,4.148692565664636,206.0,True,True,blue,circle,0.09766143586739753,0.00047741341258716803,0.004978591912074667,True,1.0,-0.01020408163265296
B_193,low,193,0,23,after block 22,22,2.364294482289853,2.35475,5.39275,5.450875,-0.019132653061224338,False,runs/pendulum/unified_mechanism_v2/paired_layer_control/large_seed3407/short_common_scan/B/videos/B_193/location_23.mp4,True,1.0,0,3.7880236346339133,0.01708654834071452,3.98234787127144,206.0,True,True,blue,circle,0.09826447384607771,0.00044773958780896454,0.004949619172920815,True,1.0,-0.017857142857142752
B_193,low,193,0,24,after block 23,23,2.364294482289853,2.35475,5.39275,5.43925,-0.015306122448979586,False,runs/pendulum/unified_mechanism_v2/paired_layer_control/large_seed3407/short_common_scan/B/videos/B_193/location_24.mp4,True,1.0,0,3.288554291088751,0.01808124225423774,3.704488965357771,206.5,True,True,blue,circle,0.09800346938362696,0.0008991943672316294,0.00511508678326192,True,1.0,-0.01658163265306117
B_193,low,193,0,25,after block 24,24,2.364294482289853,2.35475,5.39275,5.4315,-0.012755102040816127,False,runs/pendulum/unified_mechanism_v2/paired_layer_control/large_seed3407/short_common_scan/B/videos/B_193/location_25.mp4,True,1.0,0,3.7920247698097915,0.015772783607358398,3.6890275423277457,207.5,True,True,blue,circle,0.10626779020215918,-0.0006125093670961506,0.004130800817810947,True,1.0,-0.014030612244898003
B_193,low,193,0,26,after block 25,25,2.364294482289853,2.35475,5.39275,5.427625,-0.011479591836734544,False,runs/pendulum/unified_mechanism_v2/paired_layer_control/large_seed3407/short_common_scan/B/videos/B_193/location_26.mp4,True,1.0,0,4.072032905787859,0.0159689393757603,4.207351607985326,208.0,True,True,blue,circle,0.10603336722012477,0.0006655506647514478,0.003883141682134869,True,1.0,-0.011479591836734544
B_193,low,193,0,27,after block 26,26,2.364294482289853,2.35475,5.39275,5.4005,-0.0025510204081631667,False,runs/pendulum/unified_mechanism_v2/paired_layer_control/large_seed3407/short_common_scan/B/videos/B_193/location_27.mp4,True,1.0,0,3.72379310472069,0.014707459790712862,4.137139631728152,208.0,True,True,blue,circle,0.10746092437201778,-9.254586257640793e-05,0.0034682385707091486,True,1.0,-0.0025510204081631667
B_193,low,193,0,28,after block 27,27,2.364294482289853,2.35475,5.39275,5.4005,-0.0025510204081631667,False,runs/pendulum/unified_mechanism_v2/paired_layer_control/large_seed3407/short_common_scan/B/videos/B_193/location_28.mp4,True,1.0,0,3.5694295291789144,0.015210647071424388,3.571554066810323,206.0,True,True,blue,circle,0.10827294340085862,-0.0005761413755240409,0.003418810888591279,True,1.0,-0.0025510204081631667
B_193,low,193,0,29,after block 28,28,2.364294482289853,2.35475,5.39275,5.396625,-0.0012755102040815833,False,runs/pendulum/unified_mechanism_v2/paired_layer_control/large_seed3407/short_common_scan/B/videos/B_193/location_29.mp4,True,1.0,0,3.8656625321108056,0.015710992080656183,3.7854226969981672,209.0,True,True,blue,circle,0.10903160564262246,-0.0003358914161280432,0.003325507232328102,True,1.0,-0.0
B_193,low,193,0,30,after block 29,29,2.364294482289853,2.35475,5.39275,5.396625,-0.0012755102040815833,False,runs/pendulum/unified_mechanism_v2/paired_layer_control/large_seed3407/short_common_scan/B/videos/B_193/location_30.mp4,True,1.0,0,3.903889481958454,0.015894651797597137,3.933638011849041,207.5,True,True,blue,circle,0.10835666078354148,-5.0020616228962476e-05,0.003218628082072306,True,1.0,-0.0
B_217,low,217,0,0,embedding output,,2.6149614268251877,2.7848750000000004,5.629125,2.7848750000000004,1.0,True,runs/pendulum/unified_mechanism_v2/paired_layer_control/large_seed3407/short_common_scan/B/videos/B_217/location_00.mp4,True,1.0,0,0.9582318939490274,0.0017910709574801842,0.12243413345224204,190.0,True,True,red,circle,0.11367971434138446,-0.0009830853060068475,0.004159200953455465,True,0.984375,0.9986376021798365
B_217,low,217,0,1,after block 0,0,2.6149614268251877,2.7848750000000004,5.629125,2.7887500000000003,0.9986376021798365,True,runs/pendulum/unified_mechanism_v2/paired_layer_control/large_seed3407/short_common_scan/B/videos/B_217/location_01.mp4,True,1.0,0,0.925481940530744,0.0018577404978554757,0.31074415549486706,190.0,True,True,red,circle,0.11372467610472933,-0.0010215969062033804,0.004258225074314749,True,0.984375,0.9986376021798365
B_217,low,217,0,2,after block 1,1,2.6149614268251877,2.7848750000000004,5.629125,2.7965,0.9959128065395096,True,runs/pendulum/unified_mechanism_v2/paired_layer_control/large_seed3407/short_common_scan/B/videos/B_217/location_02.mp4,True,1.0,0,0.8983749024200323,0.0016286457276309951,0.1583855923461397,190.0,True,True,red,circle,0.11409915523576301,-0.0009521152573801346,0.004101075496065169,True,0.984375,0.9959128065395096
B_217,low,217,0,3,after block 2,2,2.6149614268251877,2.7848750000000004,5.629125,2.792625,0.9972752043596731,True,runs/pendulum/unified_mechanism_v2/paired_layer_control/large_seed3407/short_common_scan/B/videos/B_217/location_03.mp4,True,1.0,0,0.9367315037115292,0.0016977250949901657,0.16512532236074481,190.0,True,True,red,circle,0.11414170778054826,-0.0012213134868780144,0.004137629135215953,True,0.984375,0.9959128065395096
B_217,low,217,0,4,after block 3,3,2.6149614268251877,2.7848750000000004,5.629125,2.7965,0.9959128065395096,True,runs/pendulum/unified_mechanism_v2/paired_layer_control/large_seed3407/short_common_scan/B/videos/B_217/location_04.mp4,True,1.0,0,0.9367315037115292,0.0017066190164771733,0.2492337755123287,190.0,True,True,red,circle,0.11410258431539211,-0.0010167392037687517,0.004058660088566842,True,0.984375,0.9945504087193463
B_217,low,217,0,5,after block 4,4,2.6149614268251877,2.7848750000000004,5.629125,2.7965,0.9959128065395096,True,runs/pendulum/unified_mechanism_v2/paired_layer_control/large_seed3407/short_common_scan/B/videos/B_217/location_05.mp4,True,1.0,0,0.9046832617261208,0.0018045052835323205,0.27242268946352155,190.0,True,True,red,circle,0.11395797439258688,-0.0010215552764489785,0.004082063999449828,True,0.984375,0.9959128065395096
B_217,low,217,0,6,after block 5,5,2.6149614268251877,2.7848750000000004,5.629125,2.862375,0.9727520435967304,True,runs/pendulum/unified_mechanism_v2/paired_layer_control/large_seed3407/short_common_scan/B/videos/B_217/location_06.mp4,True,0.984375,1,0.9863672722374164,0.001517339083459135,0.37515733589378414,187.0,True,True,red,circle,0.10941238034369052,-0.0018755602056778945,0.005705703818529961,True,0.984375,0.9727520435967304
B_217,low,217,0,7,after block 6,6,2.6149614268251877,2.7848750000000004,5.629125,2.86625,0.971389645776567,True,runs/pendulum/unified_mechanism_v2/paired_layer_control/large_seed3407/short_common_scan/B/videos/B_217/location_07.mp4,True,0.984375,1,0.970391385427754,0.001357547209559884,0.40511131191568134,187.0,True,True,red,circle,0.10952900680936968,-0.001753786426845861,0.005768371199457702,True,0.984375,0.971389645776567
B_217,low,217,0,8,after block 7,7,2.6149614268251877,2.7848750000000004,5.629125,2.8778750000000004,0.9673024523160763,True,runs/pendulum/unified_mechanism_v2/paired_layer_control/large_seed3407/short_common_scan/B/videos/B_217/location_08.mp4,True,0.984375,1,1.0150893290677778,0.0014804518458811922,0.44911478395600923,186.0,True,True,red,circle,0.10916808098300719,-0.001604763611204473,0.006205370196585175,True,0.984375,0.9700272479564034
B_217,low,217,0,9,after block 8,8,2.6149614268251877,2.7848750000000004,5.629125,2.874,0.9686648501362399,True,runs/pendulum/unified_mechanism_v2/paired_layer_control/large_seed3407/short_common_scan/B/videos/B_217/location_09.mp4,True,0.984375,1,0.9940568094184208,0.0012988771135219457,0.44911478395600923,187.0,True,True,red,circle,0.10909318271458072,-0.0017408598055737793,0.006133620131688295,True,0.984375,0.9700272479564034
B_217,low,217,0,10,after block 9,9,2.6149614268251877,2.7848750000000004,5.629125,2.9166250000000002,0.9536784741144415,True,runs/pendulum/unified_mechanism_v2/paired_layer_control/large_seed3407/short_common_scan/B/videos/B_217/location_10.mp4,True,0.984375,1,0.9818078974077106,0.0015515067663931514,0.44911478395600923,185.0,True,True,red,circle,0.10997685481578615,-0.0018098783592259307,0.006092023044038204,True,0.984375,0.9509536784741145
B_217,low,217,0,11,after block 10,10,2.6149614268251877,2.7848750000000004,5.629125,2.9166250000000002,0.9536784741144415,True,runs/pendulum/unified_mechanism_v2/paired_layer_control/large_seed3407/short_common_scan/B/videos/B_217/location_11.mp4,True,0.984375,1,0.9291888623087934,0.0014638010876771301,0.44911478395600923,185.0,True,True,red,circle,0.10894802956574383,-0.0015932784841181814,0.00617938764112699,True,0.984375,0.9509536784741145
B_217,low,217,0,12,after block 11,11,2.6149614268251877,2.7848750000000004,5.629125,2.9398750000000002,0.9455040871934606,True,runs/pendulum/unified_mechanism_v2/paired_layer_control/large_seed3407/short_common_scan/B/videos/B_217/location_12.mp4,True,0.984375,1,0.956231636787997,0.0014638010876771301,0.4755292514189842,184.0,True,True,red,circle,0.10600002543854158,-0.0014241761402902016,0.006827391130557679,True,0.984375,0.9427792915531336
B_217,low,217,0,13,after block 12,12,2.6149614268251877,2.7848750000000004,5.629125,2.9941250000000004,0.9264305177111717,True,runs/pendulum/unified_mechanism_v2/paired_layer_control/large_seed3407/short_common_scan/B/videos/B_217/location_13.mp4,True,0.984375,1,1.061458432274699,0.0014001039345391542,0.4818436117404162,180.0,True,True,red,circle,0.10341449858736831,-0.001424050475869801,0.007667526664320982,True,0.984375,0.9277929155313352
B_217,low,217,0,14,after block 13,13,2.6149614268251877,2.7848750000000004,5.629125,3.025125,0.9155313351498638,True,runs/pendulum/unified_mechanism_v2/paired_layer_control/large_seed3407/short_common_scan/B/videos/B_217/location_14.mp4,False,1.0,0,16.831343155732863,0.07950431022727325,1.1978325269054275,32.0,False,True,blue,circle,0.058262247012115166,0.013802145152003826,0.01839074202343865,False,0.21875,1.5572207084468666
B_217,low,217,0,15,after block 14,14,2.6149614268251877,2.7848750000000004,5.629125,3.2150000000000003,0.8487738419618529,False,runs/pendulum/unified_mechanism_v2/paired_layer_control/large_seed3407/short_common_scan/B/videos/B_217/location_15.mp4,True,1.0,0,2.687295630550264,0.018826281896085484,0.7027163555669066,184.5,True,True,blue,circle,0.06087497981557906,0.0065175939238828265,0.021691816265976625,False,0.015625,nan
B_217,low,217,0,16,after block 15,15,2.6149614268251877,2.7848750000000004,5.629125,4.079125,0.544959128065395,False,runs/pendulum/unified_mechanism_v2/paired_layer_control/large_seed3407/short_common_scan/B/videos/B_217/location_16.mp4,True,1.0,0,2.216545305186652,0.012446403519479204,0.6359317923864073,194.0,True,True,blue,circle,0.05138460992056105,0.004205894622835051,0.030658895825775065,False,0.875,0.6049046321525886
B_217,low,217,0,17,after block 16,16,2.6149614268251877,2.7848750000000004,5.629125,6.125125,-0.17438692098092629,False,runs/pendulum/unified_mechanism_v2/paired_layer_control/large_seed3407/short_common_scan/B/videos/B_217/location_17.mp4,True,1.0,0,3.2420394260422327,0.017595752488190758,0.5455121897847297,200.0,True,True,blue,circle,0.09276918788096496,0.0020085283522801468,0.00988505153622558,True,1.0,-0.1675749318801091
B_217,low,217,0,18,after block 17,17,2.6149614268251877,2.7848750000000004,5.629125,6.02825,-0.14032697547683914,False,runs/pendulum/unified_mechanism_v2/paired_layer_control/large_seed3407/short_common_scan/B/videos/B_217/location_18.mp4,True,1.0,0,3.127569573814541,0.01534556871209411,0.6728948512408808,199.5,True,True,blue,circle,0.09518521707286444,0.0031621723175330346,0.009914627991856028,True,1.0,-0.13215258855585824
B_217,low,217,0,19,after block 18,18,2.6149614268251877,2.7848750000000004,5.629125,5.98175,-0.1239782016348773,False,runs/pendulum/unified_mechanism_v2/paired_layer_control/large_seed3407/short_common_scan/B/videos/B_217/location_19.mp4,True,1.0,0,3.346173314811452,0.015292518651378734,0.5455121897847297,200.0,True,True,blue,circle,0.09322332574550593,0.0048517229124361095,0.010579087437404999,True,1.0,-0.11444141689373295
B_217,low,217,0,20,after block 19,19,2.6149614268251877,2.7848750000000004,5.629125,5.892625,-0.09264305177111705,False,runs/pendulum/unified_mechanism_v2/paired_layer_control/large_seed3407/short_common_scan/B/videos/B_217/location_20.mp4,True,1.0,0,3.219691071326258,0.01610002530261334,0.3193936955665885,203.5,True,True,blue,circle,0.09287153081322061,0.004321617425551218,0.008587951596045005,True,1.0,-0.09264305177111705
B_217,low,217,0,21,after block 20,20,2.6149614268251877,2.7848750000000004,5.629125,5.8965000000000005,-0.09400544959128079,False,runs/pendulum/unified_mechanism_v2/paired_layer_control/large_seed3407/short_common_scan/B/videos/B_217/location_21.mp4,True,1.0,0,2.7178023548793826,0.01452550486790305,0.46463670215865716,201.5,True,True,blue,circle,0.09867898282335187,0.0037078262086525588,0.008122827015917409,True,1.0,-0.09536784741144423
B_217,low,217,0,22,after block 21,21,2.6149614268251877,2.7848750000000004,5.629125,5.9197500000000005,-0.10217983651226172,False,runs/pendulum/unified_mechanism_v2/paired_layer_control/large_seed3407/short_common_scan/B/videos/B_217/location_22.mp4,True,1.0,0,3.7354366125830354,0.01642075185555006,0.8908318840234356,203.0,True,True,blue,circle,0.0885026178108221,0.0016879142982603402,0.007091893943039046,True,1.0,-0.10217983651226172
B_217,low,217,0,23,after block 22,22,2.6149614268251877,2.7848750000000004,5.629125,5.815125,-0.06539509536784739,False,runs/pendulum/unified_mechanism_v2/paired_layer_control/large_seed3407/short_common_scan/B/videos/B_217/location_23.mp4,True,1.0,0,3.023667686066838,0.017614550348811264,1.199473715791304,206.0,True,True,blue,circle,0.09050444547951864,0.0019141866194327861,0.006845981431478087,True,1.0,-0.06948228882833801
B_217,low,217,0,24,after block 23,23,2.6149614268251877,2.7848750000000004,5.629125,5.838375,-0.07356948228882833,False,runs/pendulum/unified_mechanism_v2/paired_layer_control/large_seed3407/short_common_scan/B/videos/B_217/location_24.mp4,True,1.0,0,3.167333977902984,0.016408594746668143,1.2378903410619058,205.0,True,True,blue,circle,0.08981940609206787,0.0021149595550564483,0.007278963101676844,True,1.0,-0.07493188010899175
B_217,low,217,0,25,after block 24,24,2.6149614268251877,2.7848750000000004,5.629125,5.714375,-0.02997275204359683,False,runs/pendulum/unified_mechanism_v2/paired_layer_control/large_seed3407/short_common_scan/B/videos/B_217/location_25.mp4,True,1.0,0,2.8519814652695556,0.015105345358101846,1.6396822476054222,209.0,True,True,blue,circle,0.09986837011716343,0.0006943529511525538,0.005280628219276482,True,1.0,-0.028610354223433394
B_217,low,217,0,26,after block 25,25,2.6149614268251877,2.7848750000000004,5.629125,5.687250000000001,-0.02043596730245247,False,runs/pendulum/unified_mechanism_v2/paired_layer_control/large_seed3407/short_common_scan/B/videos/B_217/location_26.mp4,True,1.0,0,2.9095336578799937,0.01571215470484799,1.4419486455773654,209.0,True,True,blue,circle,0.10008047146314275,0.0010842125904953282,0.005204361295082309,True,1.0,-0.01907356948228872
B_217,low,217,0,27,after block 26,26,2.6149614268251877,2.7848750000000004,5.629125,5.6795,-0.017711171662125286,False,runs/pendulum/unified_mechanism_v2/paired_layer_control/large_seed3407/short_common_scan/B/videos/B_217/location_27.mp4,True,1.0,0,3.441358085300516,0.01423591201719393,1.5367434714977546,210.0,True,True,blue,circle,0.10078515443441957,0.0008402509807541407,0.0048743338152787904,True,1.0,-0.016348773841961848
B_217,low,217,0,28,after block 27,27,2.6149614268251877,2.7848750000000004,5.629125,5.64075,-0.004087193460490306,False,runs/pendulum/unified_mechanism_v2/paired_layer_control/large_seed3407/short_common_scan/B/videos/B_217/location_28.mp4,True,1.0,0,2.6636290961270697,0.014335546014320882,1.5703981505229796,209.0,True,True,blue,circle,0.10273891769474311,0.0008437627186322403,0.005117214893892562,True,1.0,-0.004087193460490306
B_217,low,217,0,29,after block 28,28,2.6149614268251877,2.7848750000000004,5.629125,5.636875,-0.002724795640326871,False,runs/pendulum/unified_mechanism_v2/paired_layer_control/large_seed3407/short_common_scan/B/videos/B_217/location_29.mp4,True,1.0,0,2.7461888528510046,0.01425180688496236,1.5067830432629064,209.0,True,True,blue,circle,0.10277204590309033,0.0011447815626500419,0.005038085124649352,True,1.0,-0.002724795640326871
B_217,low,217,0,30,after block 29,29,2.6149614268251877,2.7848750000000004,5.629125,5.62525,0.0013623978201634354,False,runs/pendulum/unified_mechanism_v2/paired_layer_control/large_seed3407/short_common_scan/B/videos/B_217/location_30.mp4,True,1.0,0,2.5409967337840267,0.014886757812540202,1.5613261825425844,209.0,True,True,blue,circle,0.10298928898059666,0.0008908961087158747,0.005260507127597557,True,1.0,-0.0
B_219,low,219,0,0,embedding output,,2.7713958167560184,2.7965,5.478,2.800375,0.9985549132947977,True,runs/pendulum/unified_mechanism_v2/paired_layer_control/large_seed3407/short_common_scan/B/videos/B_219/location_00.mp4,True,0.984375,1,0.9182564320119817,0.001357280129098859,0.40398741585290837,191.0,True,True,red,circle,0.10651478821572997,-0.0005212438737374494,0.003468515014953593,True,0.984375,0.9985549132947977
B_219,low,219,0,1,after block 0,0,2.7713958167560184,2.7965,5.478,2.80425,0.9971098265895953,True,runs/pendulum/unified_mechanism_v2/paired_layer_control/large_seed3407/short_common_scan/B/videos/B_219/location_01.mp4,True,0.984375,1,0.8527291733326958,0.001246998593151416,0.44082422416016226,191.0,True,True,red,circle,0.10621620377136741,-0.0007225051153132415,0.0035578309714828444,True,0.984375,0.9985549132947977
B_219,low,219,0,2,after block 1,1,2.7713958167560184,2.7965,5.478,2.8120000000000003,0.9942196531791906,True,runs/pendulum/unified_mechanism_v2/paired_layer_control/large_seed3407/short_common_scan/B/videos/B_219/location_02.mp4,True,0.984375,1,1.0186942401675483,0.001145203179465315,0.44082422416016226,191.0,True,True,red,circle,0.10631733340337146,-0.0006968363986812025,0.0035415396698336896,True,0.984375,0.9942196531791906
B_219,low,219,0,3,after block 2,2,2.7713958167560184,2.7965,5.478,2.8120000000000003,0.9942196531791906,True,runs/pendulum/unified_mechanism_v2/paired_layer_control/large_seed3407/short_common_scan/B/videos/B_219/location_03.mp4,True,0.984375,1,1.0186942401675483,0.001145203179465315,0.44082422416016226,191.0,True,True,red,circle,0.10637479545951681,-0.0006279377268109709,0.003505608077381747,True,0.984375,0.9942196531791906
B_219,low,219,0,4,after block 3,3,2.7713958167560184,2.7965,5.478,2.815875,0.9927745664739884,True,runs/pendulum/unified_mechanism_v2/paired_layer_control/large_seed3407/short_common_scan/B/videos/B_219/location_04.mp4,True,0.984375,1,0.9333715959538822,0.0011015541914667915,0.3862054939180925,190.0,True,True,red,circle,0.10667003130381662,-0.0006325156984326482,0.0034966410983097622,True,0.984375,0.9927745664739884
B_219,low,219,0,5,after block 4,4,2.7713958167560184,2.7965,5.478,2.815875,0.9927745664739884,True,runs/pendulum/unified_mechanism_v2/paired_layer_control/large_seed3407/short_common_scan/B/videos/B_219/location_05.mp4,True,0.984375,1,0.9284637839775545,0.0011015541914667915,0.4614944790612814,190.0,True,True,red,circle,0.10645292007186463,-0.000655779826646952,0.0034805976727778215,True,0.984375,0.9927745664739884
B_219,low,219,0,6,after block 5,5,2.7713958167560184,2.7965,5.478,2.9631250000000002,0.9378612716763005,True,runs/pendulum/unified_mechanism_v2/paired_layer_control/large_seed3407/short_common_scan/B/videos/B_219/location_06.mp4,True,0.984375,1,0.8867057177991771,0.0012249650177881821,0.5660645715788196,188.0,True,True,red,circle,0.10128301613275731,-0.0005952394154388054,0.003956774958514995,True,0.984375,0.9378612716763005
B_219,low,219,0,7,after block 6,6,2.7713958167560184,2.7965,5.478,2.967,0.9364161849710982,True,runs/pendulum/unified_mechanism_v2/paired_layer_control/large_seed3407/short_common_scan/B/videos/B_219/location_07.mp4,True,0.984375,1,0.9533803198111658,0.0014224696877575549,0.6214048470747857,187.0,True,True,red,circle,0.1013666232713069,-0.0003713550953903983,0.00386148807555376,True,0.984375,0.9364161849710982
B_219,low,219,0,8,after block 7,7,2.7713958167560184,2.7965,5.478,2.9825,0.930635838150289,True,runs/pendulum/unified_mechanism_v2/paired_layer_control/large_seed3407/short_common_scan/B/videos/B_219/location_08.mp4,True,0.984375,1,0.9452831978804592,0.0011251783806373594,0.5337143719667847,187.0,True,True,red,circle,0.10137509975662552,-0.0002405371492910798,0.003993174517706044,True,0.984375,0.9320809248554913
B_219,low,219,0,9,after block 8,8,2.7713958167560184,2.7965,5.478,2.99025,0.9277456647398844,True,runs/pendulum/unified_mechanism_v2/paired_layer_control/large_seed3407/short_common_scan/B/videos/B_219/location_09.mp4,True,0.984375,1,1.0104472786619976,0.0011696963095390034,0.5051127669026525,187.0,True,True,red,circle,0.10150693375176986,-0.00036511738010387853,0.0038623516890334227,True,0.984375,0.9291907514450866
B_219,low,219,0,10,after block 9,9,2.7713958167560184,2.7965,5.478,3.0638750000000003,0.9002890173410403,True,runs/pendulum/unified_mechanism_v2/paired_layer_control/large_seed3407/short_common_scan/B/videos/B_219/location_10.mp4,True,0.984375,1,0.9737934043985053,0.0012149828260318851,0.48895285853432163,187.0,True,True,red,circle,0.10263807532072047,-0.0004063646822422298,0.004608995758217323,True,0.984375,0.903179190751445
B_219,low,219,0,11,after block 10,10,2.7713958167560184,2.7965,5.478,3.06775,0.8988439306358381,True,runs/pendulum/unified_mechanism_v2/paired_layer_control/large_seed3407/short_common_scan/B/videos/B_219/location_11.mp4,True,0.984375,1,0.9989070500563217,0.0012595342579284075,0.4140558261253673,186.0,True,True,red,circle,0.10215081138785884,-8.030869911306553e-06,0.004673340584236656,True,0.984375,0.903179190751445
B_219,low,219,0,12,after block 11,11,2.7713958167560184,2.7965,5.478,3.1065000000000005,0.8843930635838149,True,runs/pendulum/unified_mechanism_v2/paired_layer_control/large_seed3407/short_common_scan/B/videos/B_219/location_12.mp4,True,0.984375,1,0.8812015556304742,0.0013653933570456633,0.5753245784566838,185.0,True,True,red,circle,0.09885983991600916,-0.00042164091863561146,0.0050200075921606295,True,0.984375,0.8872832369942196
B_219,low,219,0,13,after block 12,12,2.7713958167560184,2.7965,5.478,3.25375,0.8294797687861271,True,runs/pendulum/unified_mechanism_v2/paired_layer_control/large_seed3407/short_common_scan/B/videos/B_219/location_13.mp4,True,0.984375,1,0.8175005322389407,0.001003083304236041,0.5669723088147481,181.0,True,True,red,circle,0.09221841925357238,-0.0017075934189363065,0.0065732477942786775,True,0.984375,0.833815028901734
B_219,low,219,0,14,after block 13,13,2.7713958167560184,2.7965,5.478,3.48625,0.7427745664739884,True,runs/pendulum/unified_mechanism_v2/paired_layer_control/large_seed3407/short_common_scan/B/videos/B_219/location_14.mp4,True,0.984375,1,1.0218287038835174,0.001295084074690478,0.6265726591010427,168.0,True,True,red,circle,0.0794627594705932,-0.005482084612710092,0.006568981847484243,False,0.828125,0.8164739884393063
B_219,low,219,0,15,after block 14,14,2.7713958167560184,2.7965,5.478,4.117875,0.5072254335260116,False,runs/pendulum/unified_mechanism_v2/paired_layer_control/large_seed3407/short_common_scan/B/videos/B_219/location_15.mp4,True,1.0,0,3.2468699402682524,0.017707773012707956,0.43839200687741736,181.0,True,True,blue,circle,0.05980357035659077,0.0012051327865311857,0.020741649065980056,False,0.015625,nan
B_219,low,219,0,16,after block 15,15,2.7713958167560184,2.7965,5.478,6.458375,-0.3656069364161852,False,runs/pendulum/unified_mechanism_v2/paired_layer_control/large_seed3407/short_common_scan/B/videos/B_219/location_16.mp4,True,1.0,0,3.565981377139375,0.02002484613177291,0.6894874559884274,198.5,True,True,blue,circle,0.06924130515506403,-0.001475006763326475,0.01931326614757731,False,0.8125,-0.3439306358381503
B_219,low,219,0,17,after block 16,16,2.7713958167560184,2.7965,5.478,5.977875,-0.18641618497109838,False,runs/pendulum/unified_mechanism_v2/paired_layer_control/large_seed3407/short_common_scan/B/videos/B_219/location_17.mp4,True,1.0,0,3.355709707964867,0.019486374321962374,2.3673139604641507,203.0,True,True,blue,circle,0.09107246494054114,0.0006886682699478077,0.011565162545710637,True,1.0,-0.1893063583815029
B_219,low,219,0,18,after block 17,17,2.7713958167560184,2.7965,5.478,5.962375,-0.18063583815028902,False,runs/pendulum/unified_mechanism_v2/paired_layer_control/large_seed3407/short_common_scan/B/videos/B_219/location_18.mp4,True,1.0,0,3.679972025493271,0.020143839634247096,1.5180792661114793,203.0,True,True,blue,circle,0.09182226185595962,0.0004605738699233882,0.01030972813827998,True,1.0,-0.18352601156069387
B_219,low,219,0,19,after block 18,18,2.7713958167560184,2.7965,5.478,5.84225,-0.1358381502890174,False,runs/pendulum/unified_mechanism_v2/paired_layer_control/large_seed3407/short_common_scan/B/videos/B_219/location_19.mp4,True,1.0,0,3.2594168900649696,0.019477717343148737,1.0434357923339168,202.0,True,True,blue,circle,0.08777099519940401,0.0017296053039532262,0.009958729035897255,True,1.0,-0.13872832369942226
B_219,low,219,0,20,after block 19,19,2.7713958167560184,2.7965,5.478,5.7725,-0.1098265895953758,False,runs/pendulum/unified_mechanism_v2/paired_layer_control/large_seed3407/short_common_scan/B/videos/B_219/location_20.mp4,True,1.0,0,3.5451046216804656,0.019591518928571694,1.754441223440062,204.0,True,True,blue,circle,0.08968230762705413,0.0011869111539242552,0.009602518495782015,True,1.0,-0.10838150289017355
B_219,low,219,0,21,after block 20,20,2.7713958167560184,2.7965,5.478,5.784125,-0.11416184971098291,False,runs/pendulum/unified_mechanism_v2/paired_layer_control/large_seed3407/short_common_scan/B/videos/B_219/location_21.mp4,True,1.0,0,3.6837739055730427,0.01731064691621939,1.3648987512733786,201.5,True,True,blue,circle,0.0966780377719061,0.0011363923194129043,0.00938257715329962,True,1.0,-0.11416184971098291
B_219,low,219,0,22,after block 21,21,2.7713958167560184,2.7965,5.478,5.79575,-0.11849710982658967,False,runs/pendulum/unified_mechanism_v2/paired_layer_control/large_seed3407/short_common_scan/B/videos/B_219/location_22.mp4,True,1.0,0,3.806841562389506,0.017569695651343198,1.5943217065273447,203.5,True,True,blue,circle,0.08858273799332873,-0.0009920549800172438,0.00627217198681443,True,1.0,-0.11994219653179193
B_219,low,219,0,23,after block 22,22,2.7713958167560184,2.7965,5.478,5.691125,-0.07947976878612742,False,runs/pendulum/unified_mechanism_v2/paired_layer_control/large_seed3407/short_common_scan/B/videos/B_219/location_23.mp4,True,1.0,0,4.115217423866304,0.01749668229241383,2.8291770416154502,204.0,True,True,blue,circle,0.09116510552605633,0.0004161954176325389,0.006969066057312336,True,1.0,-0.08236994219653195
B_219,low,219,0,24,after block 23,23,2.7713958167560184,2.7965,5.478,5.70275,-0.0838150289017342,False,runs/pendulum/unified_mechanism_v2/paired_layer_control/large_seed3407/short_common_scan/B/videos/B_219/location_24.mp4,True,1.0,0,3.707022961841074,0.016310355746854327,2.8268496076360736,204.0,True,True,blue,circle,0.09147334518920917,0.0006162548670302902,0.007081375314167669,True,1.0,-0.08526011560693646
B_219,low,219,0,25,after block 24,24,2.7713958167560184,2.7965,5.478,5.543875,-0.024566473988439357,False,runs/pendulum/unified_mechanism_v2/paired_layer_control/large_seed3407/short_common_scan/B/videos/B_219/location_25.mp4,True,1.0,0,3.5181478179822365,0.016376989104183948,3.2034544811570647,205.5,True,True,blue,circle,0.10047031347667087,0.000414033431579611,0.006575591146010149,True,1.0,-0.026011560693641612
B_219,low,219,0,26,after block 25,25,2.7713958167560184,2.7965,5.478,5.520625,-0.015895953757225485,False,runs/pendulum/unified_mechanism_v2/paired_layer_control/large_seed3407/short_common_scan/B/videos/B_219/location_26.mp4,True,1.0,0,3.603050489591464,0.015946984469182884,3.348227209672535,207.0,True,True,blue,circle,0.10097484940695688,0.0010540722186076622,0.00560625099312282,True,1.0,-0.015895953757225485
B_219,low,219,0,27,after block 26,26,2.7713958167560184,2.7965,5.478,5.520625,-0.015895953757225485,False,runs/pendulum/unified_mechanism_v2/paired_layer_control/large_seed3407/short_common_scan/B/videos/B_219/location_27.mp4,True,1.0,0,3.5793111831987203,0.015279624986565515,2.995420621719415,206.5,True,True,blue,circle,0.10198789953220905,0.0008203547004838475,0.005641146541630175,True,1.0,-0.01878612716763033
B_219,low,219,0,28,after block 27,27,2.7713958167560184,2.7965,5.478,5.489625,-0.004335260115607101,False,runs/pendulum/unified_mechanism_v2/paired_layer_control/large_seed3407/short_common_scan/B/videos/B_219/location_28.mp4,True,1.0,0,3.7313547372630063,0.015272062143626919,2.942080037933237,207.5,True,True,blue,circle,0.10495483433146749,0.0009933207080992578,0.005215337437936735,True,1.0,-0.0028901734104048444
B_219,low,219,0,29,after block 28,28,2.7713958167560184,2.7965,5.478,5.48575,-0.0028901734104048444,False,runs/pendulum/unified_mechanism_v2/paired_layer_control/large_seed3407/short_common_scan/B/videos/B_219/location_29.mp4,True,1.0,0,3.790085423827078,0.0155907129281658,3.155810205518383,207.5,True,True,blue,circle,0.10515304750748984,0.0012054958906404655,0.005117921001940355,True,1.0,-0.0028901734104048444
B_219,low,219,0,30,after block 29,29,2.7713958167560184,2.7965,5.478,5.478,-0.0,False,runs/pendulum/unified_mechanism_v2/paired_layer_control/large_seed3407/short_common_scan/B/videos/B_219/location_30.mp4,True,1.0,0,3.673606494465469,0.015483329332509649,2.9603092076826716,208.0,True,True,blue,circle,0.10548503884311095,0.0013377746949584793,0.005134278978572521,True,1.0,-0.0
B_235,low,235,0,0,embedding output,,2.2441594400998044,2.3741250000000003,5.3656250000000005,2.3741250000000003,1.0,True,runs/pendulum/unified_mechanism_v2/paired_layer_control/large_seed3407/short_common_scan/B/videos/B_235/location_00.mp4,True,1.0,0,0.9668967099816508,0.001911939998898493,0.47321717064247226,189.0,True,True,red,circle,0.11480980359199158,-0.002402634464434785,0.00418935944799744,True,0.984375,1.0012953367875648
B_235,low,235,0,1,after block 0,0,2.2441594400998044,2.3741250000000003,5.3656250000000005,2.3741250000000003,1.0,True,runs/pendulum/unified_mechanism_v2/paired_layer_control/large_seed3407/short_common_scan/B/videos/B_235/location_01.mp4,True,1.0,0,0.9817029583492776,0.0018775027641057818,0.47514721043540514,189.0,True,True,red,circle,0.11515619404597485,-0.002312427225879419,0.004143574683301359,True,0.984375,1.0012953367875648
B_235,low,235,0,2,after block 1,1,2.2441594400998044,2.3741250000000003,5.3656250000000005,2.378,0.9987046632124352,True,runs/pendulum/unified_mechanism_v2/paired_layer_control/large_seed3407/short_common_scan/B/videos/B_235/location_02.mp4,True,1.0,0,0.8902987032041831,0.0019010442961529261,0.5153653853680152,189.0,True,True,red,circle,0.11535870128347633,-0.002367507636393942,0.004108228557195197,True,0.984375,0.9987046632124352
B_235,low,235,0,3,after block 2,2,2.2441594400998044,2.3741250000000003,5.3656250000000005,2.378,0.9987046632124352,True,runs/pendulum/unified_mechanism_v2/paired_layer_control/large_seed3407/short_common_scan/B/videos/B_235/location_03.mp4,True,1.0,0,0.863874345549732,0.001769561337807063,0.4046564813341424,188.5,True,True,red,circle,0.1155778222672686,-0.0023296539020837698,0.004057872832146915,True,0.984375,0.9987046632124352
B_235,low,235,0,4,after block 3,3,2.2441594400998044,2.3741250000000003,5.3656250000000005,2.378,0.9987046632124352,True,runs/pendulum/unified_mechanism_v2/paired_layer_control/large_seed3407/short_common_scan/B/videos/B_235/location_04.mp4,True,1.0,0,0.91005158493434,0.0019118637904914915,0.3957675193685475,189.0,True,True,red,circle,0.11536902123666433,-0.0023037928664511667,0.004047076504418764,True,0.984375,0.9987046632124352
B_235,low,235,0,5,after block 4,4,2.2441594400998044,2.3741250000000003,5.3656250000000005,2.378,0.9987046632124352,True,runs/pendulum/unified_mechanism_v2/paired_layer_control/large_seed3407/short_common_scan/B/videos/B_235/location_05.mp4,True,1.0,0,0.9199385659569117,0.0017825771416646874,0.3957675193685475,189.0,True,True,red,circle,0.11557524045276073,-0.0022556601413604898,0.004050538190416252,True,0.984375,0.9974093264248706
B_235,low,235,0,6,after block 5,5,2.2441594400998044,2.3741250000000003,5.3656250000000005,2.389625,0.994818652849741,True,runs/pendulum/unified_mechanism_v2/paired_layer_control/large_seed3407/short_common_scan/B/videos/B_235/location_06.mp4,True,1.0,0,0.8729073295057913,0.0017432907276167808,0.29286351203386257,183.5,True,True,red,circle,0.10851660324059785,-0.0015429090482311678,0.005701821704033846,True,0.984375,0.9935233160621761
B_235,low,235,0,7,after block 6,6,2.2441594400998044,2.3741250000000003,5.3656250000000005,2.389625,0.994818652849741,True,runs/pendulum/unified_mechanism_v2/paired_layer_control/large_seed3407/short_common_scan/B/videos/B_235/location_07.mp4,True,1.0,0,0.9058922594646354,0.0017510338545073667,0.1385137243359357,184.0,True,True,red,circle,0.10893795527165513,-0.0015194906489800913,0.005793380634676493,True,0.984375,0.9935233160621761
B_235,low,235,0,8,after block 7,7,2.2441594400998044,2.3741250000000003,5.3656250000000005,2.3973750000000003,0.9922279792746114,True,runs/pendulum/unified_mechanism_v2/paired_layer_control/large_seed3407/short_common_scan/B/videos/B_235/location_08.mp4,True,1.0,0,0.9252495554241074,0.001498831181021676,0.14455095706278157,183.0,True,True,red,circle,0.1090175204512829,-0.0016120915780731197,0.006560181247741201,True,0.984375,0.9909326424870467
B_235,low,235,0,9,after block 8,8,2.2441594400998044,2.3741250000000003,5.3656250000000005,2.40125,0.9909326424870467,True,runs/pendulum/unified_mechanism_v2/paired_layer_control/large_seed3407/short_common_scan/B/videos/B_235/location_09.mp4,True,1.0,0,0.8698610581968819,0.0015550784898148151,0.17803538419702114,183.0,True,True,red,circle,0.10922464172406657,-0.0016842346064700727,0.006534763734543007,True,0.984375,0.9896373056994819
B_235,low,235,0,10,after block 9,9,2.2441594400998044,2.3741250000000003,5.3656250000000005,2.412875,0.9870466321243524,True,runs/pendulum/unified_mechanism_v2/paired_layer_control/large_seed3407/short_common_scan/B/videos/B_235/location_10.mp4,True,1.0,0,0.8570716003976732,0.001571326212266938,0.1909510069455645,183.0,True,True,red,circle,0.10987699149559822,-0.002163970731953027,0.00688246824771281,True,0.984375,0.9857512953367875
B_235,low,235,0,11,after block 10,10,2.2441594400998044,2.3741250000000003,5.3656250000000005,2.4090000000000003,0.9883419689119171,True,runs/pendulum/unified_mechanism_v2/paired_layer_control/large_seed3407/short_common_scan/B/videos/B_235/location_11.mp4,True,1.0,0,0.9418357880616453,0.0016015292818669924,0.6858687243225016,182.0,True,True,red,circle,0.10954312426962115,-0.0018348954488183354,0.007490481015747675,True,0.984375,0.9844559585492229
B_235,low,235,0,12,after block 11,11,2.2441594400998044,2.3741250000000003,5.3656250000000005,2.4206250000000002,0.9844559585492229,True,runs/pendulum/unified_mechanism_v2/paired_layer_control/large_seed3407/short_common_scan/B/videos/B_235/location_12.mp4,True,1.0,0,0.8745215398888201,0.0016143712807716593,0.5741582262186705,181.0,True,True,red,circle,0.10659398253586867,-0.0013953421337259424,0.00841746979604372,True,0.984375,0.9818652849740934
B_235,low,235,0,13,after block 12,12,2.2441594400998044,2.3741250000000003,5.3656250000000005,2.412875,0.9870466321243524,True,runs/pendulum/unified_mechanism_v2/paired_layer_control/large_seed3407/short_common_scan/B/videos/B_235/location_13.mp4,True,0.984375,1,0.8983754835616508,0.0016323239768789022,0.4911769306192235,178.0,True,True,red,circle,0.1037069290622416,-0.0015787733163097244,0.010224053568892045,True,0.984375,0.9831606217616581
B_235,low,235,0,14,after block 13,13,2.2441594400998044,2.3741250000000003,5.3656250000000005,2.2540000000000004,1.0401554404145077,False,runs/pendulum/unified_mechanism_v2/paired_layer_control/large_seed3407/short_common_scan/B/videos/B_235/location_14.mp4,True,1.0,0,5.910501562032764,0.02965885146015737,0.37557875503356936,94.0,True,True,blue,circle,0.053846702983430646,0.011727270551331706,0.028201680060790206,False,0.015625,nan
B_235,low,235,0,15,after block 14,14,2.2441594400998044,2.3741250000000003,5.3656250000000005,5.2455,0.040155440414508005,False,runs/pendulum/unified_mechanism_v2/paired_layer_control/large_seed3407/short_common_scan/B/videos/B_235/location_15.mp4,True,1.0,0,2.853344002728731,0.017933373350401544,0.3719174723010892,185.0,True,True,blue,circle,0.06717316176492748,0.004031996269344295,0.03314566753359913,False,0.03125,nan
B_235,low,235,0,16,after block 15,15,2.2441594400998044,2.3741250000000003,5.3656250000000005,5.404375,-0.012953367875647465,False,runs/pendulum/unified_mechanism_v2/paired_layer_control/large_seed3407/short_common_scan/B/videos/B_235/location_16.mp4,True,1.0,0,3.0834272712229702,0.01673946879675009,0.4002375816918785,196.5,True,True,blue,circle,0.09481033594860883,0.005804335700140298,0.015191081372455796,False,0.90625,-0.031088082901554393
B_235,low,235,0,17,after block 16,16,2.2441594400998044,2.3741250000000003,5.3656250000000005,6.163875,-0.26683937823834175,False,runs/pendulum/unified_mechanism_v2/paired_layer_control/large_seed3407/short_common_scan/B/videos/B_235/location_17.mp4,True,1.0,0,2.674396832805144,0.018746038667968867,0.3682344945961601,201.0,True,True,blue,circle,0.09508791163652487,0.006481254073890219,0.012580591537328281,True,1.0,-0.2616580310880826
B_235,low,235,0,18,after block 17,17,2.2441594400998044,2.3741250000000003,5.3656250000000005,5.636875,-0.09067357512953345,False,runs/pendulum/unified_mechanism_v2/paired_layer_control/large_seed3407/short_common_scan/B/videos/B_235/location_18.mp4,True,1.0,0,3.094124233813037,0.0180902490298106,0.3682344945961601,202.0,True,True,blue,circle,0.10151327214064573,0.005003689294336664,0.00817997517372486,True,1.0,-0.09067357512953345
B_235,low,235,0,19,after block 18,18,2.2441594400998044,2.3741250000000003,5.3656250000000005,5.5283750000000005,-0.054404145077720185,False,runs/pendulum/unified_mechanism_v2/paired_layer_control/large_seed3407/short_common_scan/B/videos/B_235/location_19.mp4,True,1.0,0,3.131110269678231,0.017519452256471085,0.49534547543895874,202.0,True,True,blue,circle,0.10341293040259261,0.006466564132459405,0.009012680268713323,True,1.0,-0.054404145077720185
B_235,low,235,0,20,after block 19,19,2.2441594400998044,2.3741250000000003,5.3656250000000005,5.47025,-0.034974093264248544,False,runs/pendulum/unified_mechanism_v2/paired_layer_control/large_seed3407/short_common_scan/B/videos/B_235/location_20.mp4,True,1.0,0,3.8056807794641445,0.016974967963409526,0.8913116332207662,203.0,True,True,blue,circle,0.1031685844945323,0.005341219052849657,0.006911168424235693,True,1.0,-0.034974093264248544
B_235,low,235,0,21,after block 20,20,2.2441594400998044,2.3741250000000003,5.3656250000000005,5.474125,-0.03626943005181326,False,runs/pendulum/unified_mechanism_v2/paired_layer_control/large_seed3407/short_common_scan/B/videos/B_235/location_21.mp4,True,1.0,0,3.7802861206583085,0.01697230614798878,0.9711319305276188,204.5,True,True,blue,circle,0.10878679949447623,0.00410922573833778,0.007082860918571127,True,1.0,-0.03367875647668383
B_235,low,235,0,22,after block 21,21,2.2441594400998044,2.3741250000000003,5.3656250000000005,5.4818750000000005,-0.03886010362694299,False,runs/pendulum/unified_mechanism_v2/paired_layer_control/large_seed3407/short_common_scan/B/videos/B_235/location_22.mp4,True,1.0,0,2.9186476925744755,0.016362143247277,3.4992182206171005,204.0,True,True,blue,circle,0.09753956313519613,-6.82394921941333e-05,0.004399688734387912,True,1.0,-0.03886010362694299
B_235,low,235,0,23,after block 22,22,2.2441594400998044,2.3741250000000003,5.3656250000000005,5.53225,-0.0556994818652849,False,runs/pendulum/unified_mechanism_v2/paired_layer_control/large_seed3407/short_common_scan/B/videos/B_235/location_23.mp4,True,1.0,0,3.1324723182732774,0.01634201893864648,3.1247589581081683,204.0,True,True,blue,circle,0.0986651994530416,-8.960545042311502e-05,0.005008292278679038,True,1.0,-0.054404145077720185
B_235,low,235,0,24,after block 23,23,2.2441594400998044,2.3741250000000003,5.3656250000000005,5.51675,-0.05051813471502574,False,runs/pendulum/unified_mechanism_v2/paired_layer_control/large_seed3407/short_common_scan/B/videos/B_235/location_24.mp4,True,1.0,0,3.182886249925483,0.016428573387656437,3.229064135364373,204.0,True,True,blue,circle,0.09861767323096307,0.00023230984156014914,0.004929488556468434,True,1.0,-0.05051813471502574
B_235,low,235,0,25,after block 24,24,2.2441594400998044,2.3741250000000003,5.3656250000000005,5.48575,-0.040155440414507707,False,runs/pendulum/unified_mechanism_v2/paired_layer_control/large_seed3407/short_common_scan/B/videos/B_235/location_25.mp4,True,1.0,0,2.8067347985023066,0.01631497468587062,2.5564546685430574,208.5,True,True,blue,circle,0.10564188895243216,-0.0005250264072751904,0.00476341450594948,True,1.0,-0.040155440414507707
B_235,low,235,0,26,after block 25,25,2.2441594400998044,2.3741250000000003,5.3656250000000005,5.443125,-0.025906735751295228,False,runs/pendulum/unified_mechanism_v2/paired_layer_control/large_seed3407/short_common_scan/B/videos/B_235/location_26.mp4,True,1.0,0,3.444758929998982,0.016958061101084665,3.341193505746534,208.0,True,True,blue,circle,0.10551035352029005,0.0005749397775614902,0.004234159430175429,True,1.0,-0.02461139896373051
B_235,low,235,0,27,after block 26,26,2.2441594400998044,2.3741250000000003,5.3656250000000005,5.385,-0.006476683937823584,False,runs/pendulum/unified_mechanism_v2/paired_layer_control/large_seed3407/short_common_scan/B/videos/B_235/location_27.mp4,True,1.0,0,3.175969845053318,0.016578281284853613,3.675174162934231,210.0,True,True,blue,circle,0.10618153674683367,0.0003397368121401523,0.004534050411781702,True,1.0,-0.006476683937823584
B_235,low,235,0,28,after block 27,27,2.2441594400998044,2.3741250000000003,5.3656250000000005,5.385,-0.006476683937823584,False,runs/pendulum/unified_mechanism_v2/paired_layer_control/large_seed3407/short_common_scan/B/videos/B_235/location_28.mp4,True,1.0,0,3.512355682096153,0.016341831722494482,2.898237219303959,208.0,True,True,blue,circle,0.10773019038399284,-0.00010296499678460905,0.004901581822479393,True,1.0,-0.005181347150258867
B_235,low,235,0,29,after block 28,28,2.2441594400998044,2.3741250000000003,5.3656250000000005,5.3656250000000005,-0.0,False,runs/pendulum/unified_mechanism_v2/paired_layer_control/large_seed3407/short_common_scan/B/videos/B_235/location_29.mp4,True,1.0,0,3.4876400969249626,0.01653461140429366,3.246148113253209,210.5,True,True,blue,circle,0.10684486593396583,0.00023238260959319843,0.004694739443948541,True,1.0,-0.0
B_235,low,235,0,30,after block 29,29,2.2441594400998044,2.3741250000000003,5.3656250000000005,5.3656250000000005,-0.0,False,runs/pendulum/unified_mechanism_v2/paired_layer_control/large_seed3407/short_common_scan/B/videos/B_235/location_30.mp4,True,1.0,0,3.351163882322012,0.017107951241960073,3.3559463443645496,210.5,True,True,blue,circle,0.10693120446782226,0.0005499808276803959,0.004884908316191831,True,1.0,-0.0
B_240,low,240,0,0,embedding output,,2.457981828769527,2.335375,5.722125,2.3315,1.0011441647597255,True,runs/pendulum/unified_mechanism_v2/paired_layer_control/large_seed3407/short_common_scan/B/videos/B_240/location_00.mp4,True,1.0,0,0.8823285199394452,0.0018504077712304945,0.3490371598835427,190.5,True,True,red,circle,0.1178987919904109,-0.0014395629233183535,0.006692076026292187,True,0.984375,0.9965675057208236
B_240,low,240,0,1,after block 0,0,2.457981828769527,2.335375,5.722125,2.335375,1.0,True,runs/pendulum/unified_mechanism_v2/paired_layer_control/large_seed3407/short_common_scan/B/videos/B_240/location_01.mp4,True,1.0,0,0.8735262429493267,0.001785301601338024,0.34468178171668434,191.0,True,True,red,circle,0.11787873323396832,-0.0014729838556166337,0.0066673625069099225,True,0.984375,0.9954233409610983
B_240,low,240,0,2,after block 1,1,2.457981828769527,2.335375,5.722125,2.3392500000000003,0.9988558352402745,True,runs/pendulum/unified_mechanism_v2/paired_layer_control/large_seed3407/short_common_scan/B/videos/B_240/location_02.mp4,True,1.0,0,0.8823285199394452,0.0017691313325057523,0.3490371598835427,190.5,True,True,red,circle,0.1180394710968113,-0.0015883937740123859,0.006760576046160354,True,0.984375,0.9954233409610983
B_240,low,240,0,3,after block 2,2,2.457981828769527,2.335375,5.722125,2.3392500000000003,0.9988558352402745,True,runs/pendulum/unified_mechanism_v2/paired_layer_control/large_seed3407/short_common_scan/B/videos/B_240/location_03.mp4,True,1.0,0,0.8823285199394452,0.0014702560225464123,0.23712645744326238,190.0,True,True,red,circle,0.11831027443705837,-0.0015925101932752442,0.006743528407414377,True,0.984375,0.9931350114416476
B_240,low,240,0,4,after block 3,3,2.457981828769527,2.335375,5.722125,2.3392500000000003,0.9988558352402745,True,runs/pendulum/unified_mechanism_v2/paired_layer_control/large_seed3407/short_common_scan/B/videos/B_240/location_04.mp4,True,1.0,0,0.841974112776365,0.0017295261005495222,0.25447423872869546,191.0,True,True,red,circle,0.11822975355083194,-0.0015289630941193707,0.006636912630931305,True,0.984375,0.9931350114416476
B_240,low,240,0,5,after block 4,4,2.457981828769527,2.335375,5.722125,2.3392500000000003,0.9988558352402745,True,runs/pendulum/unified_mechanism_v2/paired_layer_control/large_seed3407/short_common_scan/B/videos/B_240/location_05.mp4,True,1.0,0,0.8422858453953567,0.0017333323923783839,0.2833273314618953,191.0,True,True,red,circle,0.118312499506412,-0.0016863359756149993,0.006516236320643902,True,0.984375,0.994279176201373
B_240,low,240,0,6,after block 5,5,2.457981828769527,2.335375,5.722125,2.583375,0.9267734553775743,True,runs/pendulum/unified_mechanism_v2/paired_layer_control/large_seed3407/short_common_scan/B/videos/B_240/location_06.mp4,True,1.0,0,1.5408505837822086,0.0017321044255427243,1.0429271493892538,187.0,True,True,red,circle,0.11070806842271586,-0.0046273925356488015,0.008502041738152194,True,0.984375,0.9256292906178489
B_240,low,240,0,7,after block 6,6,2.457981828769527,2.335375,5.722125,2.583375,0.9267734553775743,True,runs/pendulum/unified_mechanism_v2/paired_layer_control/large_seed3407/short_common_scan/B/videos/B_240/location_07.mp4,True,1.0,0,1.5033208033107537,0.0016822165686680712,0.9806581944373278,187.0,True,True,red,circle,0.11086369030149411,-0.004508909236193822,0.008575385229195239,True,0.984375,0.9256292906178489
B_240,low,240,0,8,after block 7,7,2.457981828769527,2.335375,5.722125,2.614375,0.9176201372997712,True,runs/pendulum/unified_mechanism_v2/paired_layer_control/large_seed3407/short_common_scan/B/videos/B_240/location_08.mp4,True,1.0,0,1.1786664223381413,0.0014669030219957024,0.643132581245755,187.0,True,True,red,circle,0.11069285781726076,-0.004096268199921968,0.0082334358435335,True,0.984375,0.9153318077803202
B_240,low,240,0,9,after block 8,8,2.457981828769527,2.335375,5.722125,2.61825,0.9164759725400458,True,runs/pendulum/unified_mechanism_v2/paired_layer_control/large_seed3407/short_common_scan/B/videos/B_240/location_09.mp4,True,1.0,0,1.2288211932133324,0.0014614740320290642,0.7169241313350562,187.0,True,True,red,circle,0.11051183457330693,-0.0040247249108446535,0.008265051316312387,True,0.984375,0.9141876430205949
B_240,low,240,0,10,after block 9,9,2.457981828769527,2.335375,5.722125,2.58725,0.9256292906178489,True,runs/pendulum/unified_mechanism_v2/paired_layer_control/large_seed3407/short_common_scan/B/videos/B_240/location_10.mp4,True,0.984375,1,0.8951045201299486,0.0016527363273297624,0.5711685151107938,187.0,True,True,red,circle,0.11207034305967713,-0.004715608871269143,0.008720402200384877,True,0.984375,0.9244851258581236
B_240,low,240,0,11,after block 10,10,2.457981828769527,2.335375,5.722125,2.657,0.9050343249427918,True,runs/pendulum/unified_mechanism_v2/paired_layer_control/large_seed3407/short_common_scan/B/videos/B_240/location_11.mp4,True,0.984375,1,1.0019472408109613,0.0013472455091470548,0.5360180474272407,187.0,True,True,red,circle,0.11157771066087775,-0.003964798169334733,0.007879078329323375,True,0.984375,0.9016018306636154
B_240,low,240,0,12,after block 11,11,2.457981828769527,2.335375,5.722125,2.72675,0.8844393592677345,True,runs/pendulum/unified_mechanism_v2/paired_layer_control/large_seed3407/short_common_scan/B/videos/B_240/location_12.mp4,True,0.984375,1,0.9626135005718568,0.0013110182029720807,0.5360180474272407,185.0,True,True,red,circle,0.10821013375124543,-0.0034974218804458296,0.007811320157832884,True,0.984375,0.8855835240274599
B_240,low,240,0,13,after block 12,12,2.457981828769527,2.335375,5.722125,2.746125,0.8787185354691075,True,runs/pendulum/unified_mechanism_v2/paired_layer_control/large_seed3407/short_common_scan/B/videos/B_240/location_13.mp4,True,0.984375,1,0.9893947805460596,0.0010689999696543162,0.5360180474272407,181.0,True,True,red,circle,0.1038242064840526,-0.0038734573979937823,0.0095999531878854,True,0.984375,0.8798627002288328
B_240,low,240,0,14,after block 13,13,2.457981828769527,2.335375,5.722125,2.9515000000000002,0.8180778032036613,True,runs/pendulum/unified_mechanism_v2/paired_layer_control/large_seed3407/short_common_scan/B/videos/B_240/location_14.mp4,True,0.984375,1,0.9175765581838695,0.001126457462731767,0.3941900340420186,170.0,True,True,red,circle,0.09253895890056871,-0.003428878966939339,0.013022189234508989,False,0.546875,1.0389016018306636
B_240,low,240,0,15,after block 14,14,2.457981828769527,2.335375,5.722125,3.738125,0.585812356979405,False,runs/pendulum/unified_mechanism_v2/paired_layer_control/large_seed3407/short_common_scan/B/videos/B_240/location_15.mp4,True,1.0,0,3.55795540730591,0.015502315370146458,0.4215879476854737,183.0,True,True,blue,circle,0.05347338009029481,0.008513050828987859,0.028979516929640962,False,0.015625,nan
B_240,low,240,0,16,after block 15,15,2.457981828769527,2.335375,5.722125,6.5165,-0.23455377574370698,False,runs/pendulum/unified_mechanism_v2/paired_layer_control/large_seed3407/short_common_scan/B/videos/B_240/location_16.mp4,True,1.0,0,2.576096145866991,0.0163982744873524,0.841840046090353,194.0,True,True,blue,circle,0.07332030142133933,0.003153725613287355,0.021052428552098042,False,0.828125,-0.17620137299771169
B_240,low,240,0,17,after block 16,16,2.457981828769527,2.335375,5.722125,6.1445,-0.12471395881006857,False,runs/pendulum/unified_mechanism_v2/paired_layer_control/large_seed3407/short_common_scan/B/videos/B_240/location_17.mp4,True,1.0,0,4.008767598910896,0.018406003562050827,1.1489438649020782,199.5,True,True,blue,circle,0.09567046256306126,0.004715637551520815,0.011092510536542291,True,1.0,-0.11784897025171616
B_240,low,240,0,18,after block 17,17,2.457981828769527,2.335375,5.722125,6.032125,-0.09153318077803192,False,runs/pendulum/unified_mechanism_v2/paired_layer_control/large_seed3407/short_common_scan/B/videos/B_240/location_18.mp4,True,1.0,0,3.9525724603209103,0.016812879981397688,1.240647248532708,200.0,True,True,blue,circle,0.09693099768723258,0.005106013812051662,0.00999363567115167,True,1.0,-0.0892448512585812
B_240,low,240,0,19,after block 18,18,2.457981828769527,2.335375,5.722125,5.9895000000000005,-0.07894736842105274,False,runs/pendulum/unified_mechanism_v2/paired_layer_control/large_seed3407/short_common_scan/B/videos/B_240/location_19.mp4,True,1.0,0,3.4037560609301654,0.016270583902045055,1.240647248532708,200.0,True,True,blue,circle,0.09434051263296976,0.006319517974477041,0.010056962364163499,True,1.0,-0.07665903890160176
B_240,low,240,0,20,after block 19,19,2.457981828769527,2.335375,5.722125,5.9585,-0.06979405034324936,False,runs/pendulum/unified_mechanism_v2/paired_layer_control/large_seed3407/short_common_scan/B/videos/B_240/location_20.mp4,True,1.0,0,4.422300624762036,0.016304722075559802,1.3236037603965238,202.5,True,True,blue,circle,0.09449836729402185,0.005739097631851457,0.008745807361507488,True,1.0,-0.06750572082379865
B_240,low,240,0,21,after block 20,20,2.457981828769527,2.335375,5.722125,5.93525,-0.06292906178489696,False,runs/pendulum/unified_mechanism_v2/paired_layer_control/large_seed3407/short_common_scan/B/videos/B_240/location_21.mp4,True,1.0,0,3.7001926128351346,0.015988066894000952,1.217678913513519,202.5,True,True,blue,circle,0.09919102698229192,0.004905007862408692,0.00864399448763953,True,1.0,-0.05949656750572089
B_240,low,240,0,22,after block 21,21,2.457981828769527,2.335375,5.722125,5.98175,-0.07665903890160176,False,runs/pendulum/unified_mechanism_v2/paired_layer_control/large_seed3407/short_common_scan/B/videos/B_240/location_22.mp4,True,1.0,0,3.3550529169312457,0.01678883153515709,1.9421346514656506,203.0,True,True,blue,circle,0.09006287772566175,0.0013130077014528042,0.004683240053690016,True,1.0,-0.07551487414187641
B_240,low,240,0,23,after block 22,22,2.457981828769527,2.335375,5.722125,5.923625,-0.05949656750572089,False,runs/pendulum/unified_mechanism_v2/paired_layer_control/large_seed3407/short_common_scan/B/videos/B_240/location_23.mp4,True,1.0,0,3.6041998768946297,0.01697400850340247,2.320637302040055,204.5,True,True,blue,circle,0.09111183555189958,0.0018713277052421872,0.005073720012018592,True,1.0,-0.06292906178489696
B_240,low,240,0,24,after block 23,23,2.457981828769527,2.335375,5.722125,5.939125,-0.06407322654462232,False,runs/pendulum/unified_mechanism_v2/paired_layer_control/large_seed3407/short_common_scan/B/videos/B_240/location_24.mp4,True,1.0,0,3.4082849554371597,0.017287006124078852,2.4868708904005428,205.0,True,True,blue,circle,0.09046645892768451,0.0019682249135213967,0.005367805335279222,True,1.0,-0.06636155606407329
B_240,low,240,0,25,after block 24,24,2.457981828769527,2.335375,5.722125,5.8035000000000005,-0.024027459954233533,False,runs/pendulum/unified_mechanism_v2/paired_layer_control/large_seed3407/short_common_scan/B/videos/B_240/location_25.mp4,True,1.0,0,3.444134301131272,0.015911192194600854,2.573053945561658,208.0,True,True,blue,circle,0.09909985328891294,0.000922373779675794,0.005117240947933698,True,1.0,-0.024027459954233533
B_240,low,240,0,26,after block 25,25,2.457981828769527,2.335375,5.722125,5.7802500000000006,-0.017162471395881132,False,runs/pendulum/unified_mechanism_v2/paired_layer_control/large_seed3407/short_common_scan/B/videos/B_240/location_26.mp4,True,1.0,0,3.5181653929907855,0.015397715339730889,3.0757657992975473,209.0,True,True,blue,circle,0.09910123709091528,0.0016663940861254374,0.004754522728493615,True,1.0,-0.018306636155606487
B_240,low,240,0,27,after block 26,26,2.457981828769527,2.335375,5.722125,5.76475,-0.012585812356979444,False,runs/pendulum/unified_mechanism_v2/paired_layer_control/large_seed3407/short_common_scan/B/videos/B_240/location_27.mp4,True,1.0,0,3.3895527157209826,0.015606681934612066,2.6331285677629963,209.0,True,True,blue,circle,0.0998365329899304,0.0012127332047054138,0.004280196269762963,True,1.0,-0.014874141876430156
B_240,low,240,0,28,after block 27,27,2.457981828769527,2.335375,5.722125,5.726,-0.0011441647597253564,False,runs/pendulum/unified_mechanism_v2/paired_layer_control/large_seed3407/short_common_scan/B/videos/B_240/location_28.mp4,True,1.0,0,3.2947157677757044,0.015189076667316642,2.9069218795439733,207.5,True,True,blue,circle,0.10185156094494985,0.0008051129033854249,0.0040319006446385385,True,1.0,-0.0011441647597253564
B_240,low,240,0,29,after block 28,28,2.457981828769527,2.335375,5.722125,5.726,-0.0011441647597253564,False,runs/pendulum/unified_mechanism_v2/paired_layer_control/large_seed3407/short_common_scan/B/videos/B_240/location_29.mp4,True,1.0,0,3.3849891210205634,0.01502251968574253,2.7168691653956603,208.0,True,True,blue,circle,0.10201921776409792,0.0010031443731450026,0.004094151859601277,True,1.0,-0.0011441647597253564
B_240,low,240,0,30,after block 29,29,2.457981828769527,2.335375,5.722125,5.71825,0.0011441647597253564,False,runs/pendulum/unified_mechanism_v2/paired_layer_control/large_seed3407/short_common_scan/B/videos/B_240/location_30.mp4,True,1.0,0,3.0213239130601655,0.014617785536487543,2.734913049705821,209.0,True,True,blue,circle,0.10226459397850962,0.0011787224381383193,0.0042725687432729155,True,1.0,-0.0
B_244,low,244,0,0,embedding output,,2.227052704686754,2.366375,5.28425,2.3625000000000003,1.00132802124834,True,runs/pendulum/unified_mechanism_v2/paired_layer_control/large_seed3407/short_common_scan/B/videos/B_244/location_00.mp4,True,1.0,0,0.9732525089595697,0.001690247526564076,0.9154942159451251,188.0,True,True,red,circle,0.11010540923480089,-0.003074237520906528,0.0033071996740068918,True,0.984375,0.99734395750332
B_244,low,244,0,1,after block 0,0,2.227052704686754,2.366375,5.28425,2.358625,1.00265604249668,True,runs/pendulum/unified_mechanism_v2/paired_layer_control/large_seed3407/short_common_scan/B/videos/B_244/location_01.mp4,True,1.0,0,0.9705546698914651,0.001674349421346255,0.9670903291413832,188.0,True,True,red,circle,0.1102287005418507,-0.002908653770078349,0.0034203576773489965,True,0.984375,0.99734395750332
B_244,low,244,0,2,after block 1,1,2.227052704686754,2.366375,5.28425,2.3625000000000003,1.00132802124834,True,runs/pendulum/unified_mechanism_v2/paired_layer_control/large_seed3407/short_common_scan/B/videos/B_244/location_02.mp4,True,1.0,0,0.9442367047147999,0.001674349421346255,0.8690532053842798,188.0,True,True,red,circle,0.11052117017166713,-0.0030819052108139004,0.003342981511339484,True,0.984375,0.9960159362549801
B_244,low,244,0,3,after block 2,2,2.227052704686754,2.366375,5.28425,2.3625000000000003,1.00132802124834,True,runs/pendulum/unified_mechanism_v2/paired_layer_control/large_seed3407/short_common_scan/B/videos/B_244/location_03.mp4,True,1.0,0,0.9442367047147999,0.00171148735375104,0.9203982197467363,188.0,True,True,red,circle,0.11035657742339089,-0.002956682162556665,0.0032676674598737286,True,0.984375,0.9960159362549801
B_244,low,244,0,4,after block 3,3,2.227052704686754,2.366375,5.28425,2.358625,1.00265604249668,True,runs/pendulum/unified_mechanism_v2/paired_layer_control/large_seed3407/short_common_scan/B/videos/B_244/location_04.mp4,True,1.0,0,1.0222472343692675,0.0016359397843486723,0.8143981900522007,187.5,True,True,red,circle,0.11115344361806143,-0.0031970631443071426,0.0034608354758747808,True,0.984375,1.0
B_244,low,244,0,5,after block 4,4,2.227052704686754,2.366375,5.28425,2.358625,1.00265604249668,True,runs/pendulum/unified_mechanism_v2/paired_layer_control/large_seed3407/short_common_scan/B/videos/B_244/location_05.mp4,True,1.0,0,1.0222472343692675,0.0016833316381062724,0.861112258080141,187.0,True,True,red,circle,0.11076184423138136,-0.003201632223328254,0.003420347143230702,True,0.984375,0.99734395750332
B_244,low,244,0,6,after block 5,5,2.227052704686754,2.366375,5.28425,2.544625,0.9389110225763613,True,runs/pendulum/unified_mechanism_v2/paired_layer_control/large_seed3407/short_common_scan/B/videos/B_244/location_06.mp4,True,0.984375,1,0.7407527089164948,0.0011929668857614817,1.4621144079452868,184.0,True,True,red,circle,0.09340721612196536,-0.0060701779780476944,0.00508410895651979,True,0.984375,0.9362549800796813
B_244,low,244,0,7,after block 6,6,2.227052704686754,2.366375,5.28425,2.544625,0.9389110225763613,True,runs/pendulum/unified_mechanism_v2/paired_layer_control/large_seed3407/short_common_scan/B/videos/B_244/location_07.mp4,True,0.984375,1,0.8521743607795814,0.001190763705261777,1.4509150098390757,183.0,True,True,red,circle,0.09375345227159346,-0.005827887092938572,0.0052744071598846524,True,0.984375,0.9362549800796813
B_244,low,244,0,8,after block 7,7,2.227052704686754,2.366375,5.28425,2.6415,0.9057104913678619,True,runs/pendulum/unified_mechanism_v2/paired_layer_control/large_seed3407/short_common_scan/B/videos/B_244/location_08.mp4,True,0.984375,1,0.7623118981234174,0.0009725243693785024,1.4822458016355204,182.0,True,True,red,circle,0.09187686991013319,-0.006481542062003098,0.006558107873994685,True,0.984375,0.9043824701195218
B_244,low,244,0,9,after block 8,8,2.227052704686754,2.366375,5.28425,2.6492500000000003,0.9030544488711819,True,runs/pendulum/unified_mechanism_v2/paired_layer_control/large_seed3407/short_common_scan/B/videos/B_244/location_09.mp4,True,0.984375,1,0.808422317017411,0.0010449410198482,1.4621144079452868,183.0,True,True,red,circle,0.09164042193789486,-0.006663703527458603,0.006561857774744971,True,0.984375,0.9017264276228419
B_244,low,244,0,10,after block 9,9,2.227052704686754,2.366375,5.28425,2.536875,0.9415670650730411,True,runs/pendulum/unified_mechanism_v2/paired_layer_control/large_seed3407/short_common_scan/B/videos/B_244/location_10.mp4,True,0.984375,1,0.7504470607694373,0.001060678498536749,1.4822458016355204,183.0,True,True,red,circle,0.09265796247479313,-0.006545086002189187,0.0067343659297394816,True,0.984375,0.9362549800796813
B_244,low,244,0,11,after block 10,10,2.227052704686754,2.366375,5.28425,2.699625,0.8857901726427623,True,runs/pendulum/unified_mechanism_v2/paired_layer_control/large_seed3407/short_common_scan/B/videos/B_244/location_11.mp4,True,0.984375,1,0.7667407295661907,0.0008112230471429283,1.4932729893572225,182.0,True,True,red,circle,0.08945129529693781,-0.006765478544774393,0.007385210328843929,True,0.984375,0.8857901726427623
B_244,low,244,0,12,after block 11,11,2.227052704686754,2.366375,5.28425,2.77325,0.8605577689243028,True,runs/pendulum/unified_mechanism_v2/paired_layer_control/large_seed3407/short_common_scan/B/videos/B_244/location_12.mp4,True,0.984375,1,0.8411171152636921,0.0007413502544585393,1.4690598303581393,180.0,True,True,red,circle,0.08074171611243826,-0.006475697386334287,0.00843825945063029,True,0.984375,0.8565737051792828
B_244,low,244,0,13,after block 12,12,2.227052704686754,2.366375,5.28425,2.792625,0.8539176626826029,True,runs/pendulum/unified_mechanism_v2/paired_layer_control/large_seed3407/short_common_scan/B/videos/B_244/location_13.mp4,True,0.984375,1,0.6968922736714834,0.0008262403771410187,1.4614502919025583,175.0,True,True,red,circle,0.07221060252142664,-0.007227522368288375,0.012048153711130367,True,0.984375,0.852589641434263
B_244,low,244,0,14,after block 13,13,2.227052704686754,2.366375,5.28425,2.2113750000000003,1.053120849933599,False,runs/pendulum/unified_mechanism_v2/paired_layer_control/large_seed3407/short_common_scan/B/videos/B_244/location_14.mp4,True,1.0,0,5.324962207955231,0.027063590891468425,2.210153910945382,125.5,True,True,blue,circle,0.02589239566928462,0.0098212374918393,0.020310423994437582,False,0.015625,nan
B_244,low,244,0,15,after block 14,14,2.227052704686754,2.366375,5.28425,5.078875,0.07038512616201863,False,runs/pendulum/unified_mechanism_v2/paired_layer_control/large_seed3407/short_common_scan/B/videos/B_244/location_15.mp4,True,1.0,0,3.394926641539097,0.017762710968443868,1.3703304409027786,186.0,True,True,blue,circle,0.06198634802462809,0.00281929964544306,0.025460779891299842,False,0.015625,nan
B_244,low,244,0,16,after block 15,15,2.227052704686754,2.366375,5.28425,5.257125,0.00929614873837976,False,runs/pendulum/unified_mechanism_v2/paired_layer_control/large_seed3407/short_common_scan/B/videos/B_244/location_16.mp4,True,1.0,0,2.671632663721369,0.01783082361170585,1.3712557785456794,192.0,True,True,blue,circle,0.08205045200797839,0.002012542869771063,0.02202584220870483,False,0.8125,0.03320053120849927
B_244,low,244,0,17,after block 16,16,2.227052704686754,2.366375,5.28425,5.3656250000000005,-0.027888446215139587,False,runs/pendulum/unified_mechanism_v2/paired_layer_control/large_seed3407/short_common_scan/B/videos/B_244/location_17.mp4,True,1.0,0,2.7766599016492157,0.018661454061792787,1.3214641808935905,197.0,True,True,blue,circle,0.0842214468318357,0.0010024807573767159,0.02312667751860821,True,1.0,-0.015936254980079678
B_244,low,244,0,18,after block 17,17,2.227052704686754,2.366375,5.28425,5.33075,-0.015936254980079678,False,runs/pendulum/unified_mechanism_v2/paired_layer_control/large_seed3407/short_common_scan/B/videos/B_244/location_18.mp4,True,1.0,0,3.386170843892851,0.01848295507382086,1.5100204658308678,198.0,True,True,blue,circle,0.08305859425081594,0.0015692272953219577,0.02179442653787741,True,1.0,-0.007968127490039839
B_244,low,244,0,19,after block 18,18,2.227052704686754,2.366375,5.28425,5.350125,-0.02257636122177959,False,runs/pendulum/unified_mechanism_v2/paired_layer_control/large_seed3407/short_common_scan/B/videos/B_244/location_19.mp4,True,1.0,0,3.3883506118672693,0.017605735544412277,1.436409253371963,199.0,True,True,blue,circle,0.07915020212137744,0.003216914909687903,0.02156471347660292,True,1.0,-0.01195219123505991
B_244,low,244,0,20,after block 19,19,2.227052704686754,2.366375,5.28425,5.357875,-0.025232403718459438,False,runs/pendulum/unified_mechanism_v2/paired_layer_control/large_seed3407/short_common_scan/B/videos/B_244/location_20.mp4,True,1.0,0,3.820883111955499,0.018027216379519567,1.5269330327927977,200.5,True,True,blue,circle,0.07978476120055213,0.0024341538914310987,0.02044135965052216,True,1.0,-0.02124833997343967
B_244,low,244,0,21,after block 20,20,2.227052704686754,2.366375,5.28425,5.323,-0.013280212483399832,False,runs/pendulum/unified_mechanism_v2/paired_layer_control/large_seed3407/short_common_scan/B/videos/B_244/location_21.mp4,True,1.0,0,3.0410531364096043,0.01739909204953466,1.6840019755918536,201.5,True,True,blue,circle,0.08384712823519665,0.0005545944943207449,0.019697808814274704,True,1.0,-0.00929614873837976
B_244,low,244,0,22,after block 21,21,2.227052704686754,2.366375,5.28425,5.25325,0.010624169986719683,False,runs/pendulum/unified_mechanism_v2/paired_layer_control/large_seed3407/short_common_scan/B/videos/B_244/location_22.mp4,True,1.0,0,4.02631500852939,0.01978760675003241,1.8798062021532558,200.5,True,True,blue,circle,0.07344995586051124,-0.0005268827341517471,0.012555792225306787,True,1.0,0.013280212483399832
B_244,low,244,0,23,after block 22,22,2.227052704686754,2.366375,5.28425,5.257125,0.00929614873837976,False,runs/pendulum/unified_mechanism_v2/paired_layer_control/large_seed3407/short_common_scan/B/videos/B_244/location_23.mp4,True,1.0,0,3.249986985934366,0.01891387423120533,1.658294162753928,202.5,True,True,blue,circle,0.07079426460244187,-0.0010661141846159336,0.014398665517283435,True,1.0,0.007968127490039839
B_244,low,244,0,24,after block 23,23,2.227052704686754,2.366375,5.28425,5.2765,0.0026560424966798448,False,runs/pendulum/unified_mechanism_v2/paired_layer_control/large_seed3407/short_common_scan/B/videos/B_244/location_24.mp4,True,1.0,0,3.8192210130787583,0.01991694360093038,1.4599187413515375,203.5,True,True,blue,circle,0.06939314240689604,-0.0009469237209149917,0.015943744303341036,True,1.0,0.003984063745019767
B_244,low,244,0,25,after block 24,24,2.227052704686754,2.366375,5.28425,5.3385,-0.01859229747675952,False,runs/pendulum/unified_mechanism_v2/paired_layer_control/large_seed3407/short_common_scan/B/videos/B_244/location_25.mp4,True,1.0,0,2.77877791235042,0.01691630244829065,1.8931287812234123,205.0,True,True,blue,circle,0.07726424530526846,-0.0026025832309693837,0.019252341446694604,True,1.0,-0.015936254980079678
B_244,low,244,0,26,after block 25,25,2.227052704686754,2.366375,5.28425,5.323,-0.013280212483399832,False,runs/pendulum/unified_mechanism_v2/paired_layer_control/large_seed3407/short_common_scan/B/videos/B_244/location_26.mp4,True,1.0,0,2.5389114212080406,0.017694743481345254,1.6816633159618255,205.0,True,True,blue,circle,0.07581876056526003,-0.0015030746764049582,0.019092429580439503,True,1.0,-0.010624169986719683
B_244,low,244,0,27,after block 26,26,2.227052704686754,2.366375,5.28425,5.2958750000000006,-0.003984063745020071,False,runs/pendulum/unified_mechanism_v2/paired_layer_control/large_seed3407/short_common_scan/B/videos/B_244/location_27.mp4,True,1.0,0,2.6566532082422833,0.01812715730632361,1.7803762584931986,207.0,True,True,blue,circle,0.0766308835739925,-0.001365801887802969,0.018235105005012225,True,1.0,-0.0
B_244,low,244,0,28,after block 27,27,2.227052704686754,2.366375,5.28425,5.280375,0.0013280212483399224,False,runs/pendulum/unified_mechanism_v2/paired_layer_control/large_seed3407/short_common_scan/B/videos/B_244/location_28.mp4,True,1.0,0,2.3862884060368454,0.018152674094573218,1.795177467980979,207.0,True,True,blue,circle,0.07492206805264101,-0.002085226793542136,0.019145627685694135,True,1.0,0.0013280212483399224
B_244,low,244,0,29,after block 28,28,2.227052704686754,2.366375,5.28425,5.280375,0.0013280212483399224,False,runs/pendulum/unified_mechanism_v2/paired_layer_control/large_seed3407/short_common_scan/B/videos/B_244/location_29.mp4,True,1.0,0,2.590423077537104,0.018044796094376314,1.6939014069646057,208.0,True,True,blue,circle,0.07515699108578379,-0.001724217228575217,0.018904537925104957,True,1.0,0.0013280212483399224
B_244,low,244,0,30,after block 29,29,2.227052704686754,2.366375,5.28425,5.28425,-0.0,False,runs/pendulum/unified_mechanism_v2/paired_layer_control/large_seed3407/short_common_scan/B/videos/B_244/location_30.mp4,True,1.0,0,2.506630490272553,0.018189389506784975,1.6540626448600533,208.5,True,True,blue,circle,0.07369747848330092,-0.001562532739712306,0.019696903320595573,True,1.0,-0.0
B_252,low,252,0,0,embedding output,,2.3005194459545226,2.3237500000000004,5.3888750000000005,2.319875,1.0012642225031607,True,runs/pendulum/unified_mechanism_v2/paired_layer_control/large_seed3407/short_common_scan/B/videos/B_252/location_00.mp4,True,1.0,0,0.8844205542496981,0.0019650211971798393,0.46789931021310854,190.0,True,True,red,circle,0.11567419679772405,-0.0014888793013543955,0.005803481497499923,True,0.984375,0.9949431099873578
B_252,low,252,0,1,after block 0,0,2.3005194459545226,2.3237500000000004,5.3888750000000005,2.319875,1.0012642225031607,True,runs/pendulum/unified_mechanism_v2/paired_layer_control/large_seed3407/short_common_scan/B/videos/B_252/location_01.mp4,True,1.0,0,0.843619317436583,0.0019742007496091063,0.5238819604143092,190.0,True,True,red,circle,0.11579131663743315,-0.0013322554665873092,0.005822546543864583,True,0.984375,0.9936788874841973
B_252,low,252,0,2,after block 1,1,2.3005194459545226,2.3237500000000004,5.3888750000000005,2.3276250000000003,0.9987357774968395,True,runs/pendulum/unified_mechanism_v2/paired_layer_control/large_seed3407/short_common_scan/B/videos/B_252/location_02.mp4,True,1.0,0,0.8844205542496981,0.0018693480926124662,0.4905930938247131,190.0,True,True,red,circle,0.11563424393774385,-0.0014565534383202104,0.005997184000711247,True,0.984375,0.9911504424778762
B_252,low,252,0,3,after block 2,2,2.3005194459545226,2.3237500000000004,5.3888750000000005,2.3315,0.997471554993679,True,runs/pendulum/unified_mechanism_v2/paired_layer_control/large_seed3407/short_common_scan/B/videos/B_252/location_03.mp4,True,1.0,0,0.8844205542496981,0.0016778449900457792,0.3752946719642308,190.0,True,True,red,circle,0.11570988048492137,-0.0016026834647151907,0.005920873219073548,True,0.984375,0.9911504424778762
B_252,low,252,0,4,after block 3,3,2.3005194459545226,2.3237500000000004,5.3888750000000005,2.3315,0.997471554993679,True,runs/pendulum/unified_mechanism_v2/paired_layer_control/large_seed3407/short_common_scan/B/videos/B_252/location_04.mp4,True,1.0,0,0.8844205542496981,0.0017821321868290718,0.3752946719642308,190.0,True,True,red,circle,0.11583797616093121,-0.0015503942202610107,0.005962431169746443,True,0.984375,0.9898862199747156
B_252,low,252,0,5,after block 4,4,2.3005194459545226,2.3237500000000004,5.3888750000000005,2.3315,0.997471554993679,True,runs/pendulum/unified_mechanism_v2/paired_layer_control/large_seed3407/short_common_scan/B/videos/B_252/location_05.mp4,True,1.0,0,0.8844205542496981,0.0017574085782600113,0.29066016426010216,190.0,True,True,red,circle,0.11571570796293444,-0.0016022701022613574,0.005835275132701679,True,0.984375,0.9911504424778762
B_252,low,252,0,6,after block 5,5,2.3005194459545226,2.3237500000000004,5.3888750000000005,2.529125,0.9329962073324907,True,runs/pendulum/unified_mechanism_v2/paired_layer_control/large_seed3407/short_common_scan/B/videos/B_252/location_06.mp4,True,1.0,0,0.6952704132760655,0.0015257785411080804,0.4356336977042634,186.0,True,True,red,circle,0.10340370792701802,-0.0056760040370583175,0.011279944297434839,True,0.984375,0.9241466498103666
B_252,low,252,0,7,after block 6,6,2.3005194459545226,2.3237500000000004,5.3888750000000005,2.529125,0.9329962073324907,True,runs/pendulum/unified_mechanism_v2/paired_layer_control/large_seed3407/short_common_scan/B/videos/B_252/location_07.mp4,True,1.0,0,0.7269008077916365,0.0014199209310846173,0.23813757056693297,186.0,True,True,red,circle,0.10354765703222912,-0.0056727456523183485,0.011216116848970848,True,0.984375,0.9254108723135273
B_252,low,252,0,8,after block 7,7,2.3005194459545226,2.3237500000000004,5.3888750000000005,2.5756250000000005,0.9178255372945638,True,runs/pendulum/unified_mechanism_v2/paired_layer_control/large_seed3407/short_common_scan/B/videos/B_252/location_08.mp4,True,1.0,0,0.8519160323699698,0.0012546232350741648,0.5734371704316291,186.0,True,True,red,circle,0.10388190269195186,-0.005883486876099057,0.011406719821542097,True,0.984375,0.9115044247787611
B_252,low,252,0,9,after block 8,8,2.3005194459545226,2.3237500000000004,5.3888750000000005,2.58725,0.9140328697850822,True,runs/pendulum/unified_mechanism_v2/paired_layer_control/large_seed3407/short_common_scan/B/videos/B_252/location_09.mp4,True,1.0,0,0.7953278119000242,0.0012251534558841426,0.12372762563467629,185.0,True,True,red,circle,0.10322801924142681,-0.006353169145674675,0.011076526029020147,True,0.984375,0.9102402022756005
B_252,low,252,0,10,after block 9,9,2.3005194459545226,2.3237500000000004,5.3888750000000005,2.591125,0.9127686472819218,True,runs/pendulum/unified_mechanism_v2/paired_layer_control/large_seed3407/short_common_scan/B/videos/B_252/location_10.mp4,True,1.0,0,1.2098832440154874,0.001193855634066543,0.4012776832263158,186.0,True,True,red,circle,0.10434826274573364,-0.006829536267739277,0.011036905150312156,True,0.984375,0.9089759797724399
B_252,low,252,0,11,after block 10,10,2.3005194459545226,2.3237500000000004,5.3888750000000005,2.61825,0.9039190897597978,True,runs/pendulum/unified_mechanism_v2/paired_layer_control/large_seed3407/short_common_scan/B/videos/B_252/location_11.mp4,True,1.0,0,2.6575372625809153,0.0011532725683699174,2.011176573704232,185.0,True,True,red,circle,0.10267320969155477,-0.006507017107026585,0.010965771361289064,True,0.984375,0.8975979772439951
B_252,low,252,0,12,after block 11,11,2.3005194459545226,2.3237500000000004,5.3888750000000005,2.6686250000000005,0.8874841972187105,True,runs/pendulum/unified_mechanism_v2/paired_layer_control/large_seed3407/short_common_scan/B/videos/B_252/location_12.mp4,True,1.0,0,2.6041152640937617,0.0010497168774055154,1.927834633446661,183.5,True,True,red,circle,0.0981478925344096,-0.0063446091424406775,0.011449759388512877,True,0.984375,0.8824273072060684
B_252,low,252,0,13,after block 12,12,2.3005194459545226,2.3237500000000004,5.3888750000000005,2.657,0.8912768647281923,True,runs/pendulum/unified_mechanism_v2/paired_layer_control/large_seed3407/short_common_scan/B/videos/B_252/location_13.mp4,True,0.984375,1,0.8121244401687837,0.000743067784362561,0.8354272044019881,181.0,True,True,red,circle,0.08979070232673864,-0.006457814251784937,0.013864580992498298,True,0.984375,0.8925410872313528
B_252,low,252,0,14,after block 13,13,2.3005194459545226,2.3237500000000004,5.3888750000000005,2.9050000000000002,0.8103666245259167,False,runs/pendulum/unified_mechanism_v2/paired_layer_control/large_seed3407/short_common_scan/B/videos/B_252/location_14.mp4,False,1.0,0,18.891051896962928,0.08163985460571069,1.764463679625563,35.0,False,True,blue,circle,0.03432796379809412,0.007040011037394153,0.024758833826253924,False,0.015625,nan
B_252,low,252,0,15,after block 14,14,2.3005194459545226,2.3237500000000004,5.3888750000000005,4.8153749999999995,0.18710493046776264,False,runs/pendulum/unified_mechanism_v2/paired_layer_control/large_seed3407/short_common_scan/B/videos/B_252/location_15.mp4,True,1.0,0,2.765557754596608,0.01640284410573531,1.6736060926684826,183.0,True,True,blue,circle,0.0566754567522724,0.0011807819331315086,0.029552370316418677,False,0.015625,nan
B_252,low,252,0,16,after block 15,15,2.3005194459545226,2.3237500000000004,5.3888750000000005,4.9045000000000005,0.15802781289506954,False,runs/pendulum/unified_mechanism_v2/paired_layer_control/large_seed3407/short_common_scan/B/videos/B_252/location_16.mp4,True,1.0,0,2.9496395573200975,0.016480908959113333,1.6856943163918756,194.0,True,True,blue,circle,0.07112667654122111,0.0005761089690668411,0.01640738586480988,False,0.75,0.1757269279393175
B_252,low,252,0,17,after block 16,16,2.3005194459545226,2.3237500000000004,5.3888750000000005,5.757000000000001,-0.12010113780025285,False,runs/pendulum/unified_mechanism_v2/paired_layer_control/large_seed3407/short_common_scan/B/videos/B_252/location_17.mp4,True,1.0,0,3.829083438793283,0.018542134946000682,1.6731158012602745,202.0,True,True,blue,circle,0.08348153478606313,0.004734580508742573,0.009861291444394628,True,1.0,-0.11378002528445003
B_252,low,252,0,18,after block 17,17,2.3005194459545226,2.3237500000000004,5.3888750000000005,5.962375,-0.18710493046776208,False,runs/pendulum/unified_mechanism_v2/paired_layer_control/large_seed3407/short_common_scan/B/videos/B_252/location_18.mp4,True,1.0,0,3.5888456387165424,0.01586628281542679,1.3428208958404046,201.0,True,True,blue,circle,0.08526421462783865,0.004611937525243793,0.009646609826927999,True,1.0,-0.18710493046776208
B_252,low,252,0,19,after block 18,18,2.3005194459545226,2.3237500000000004,5.3888750000000005,5.695,-0.09987357774968386,False,runs/pendulum/unified_mechanism_v2/paired_layer_control/large_seed3407/short_common_scan/B/videos/B_252/location_19.mp4,True,1.0,0,4.1747857732493046,0.017308666117199445,1.575842821751602,200.5,True,True,blue,circle,0.08479968941401964,0.006881834997219555,0.012390371016609406,True,1.0,-0.09608091024020204
B_252,low,252,0,20,after block 19,19,2.3005194459545226,2.3237500000000004,5.3888750000000005,5.56325,-0.05689001264222487,False,runs/pendulum/unified_mechanism_v2/paired_layer_control/large_seed3407/short_common_scan/B/videos/B_252/location_20.mp4,True,1.0,0,3.369933820058651,0.016558314868118318,1.468560395801528,203.0,True,True,blue,circle,0.08715269875727187,0.006830726041278112,0.010938164547096865,True,1.0,-0.05689001264222487
B_252,low,252,0,21,after block 20,20,2.3005194459545226,2.3237500000000004,5.3888750000000005,5.5516250000000005,-0.05309734513274335,False,runs/pendulum/unified_mechanism_v2/paired_layer_control/large_seed3407/short_common_scan/B/videos/B_252/location_21.mp4,True,1.0,0,4.575773638969157,0.01565289406141604,1.6862045576444653,203.0,True,True,blue,circle,0.09208610526574294,0.005456122704109405,0.011354767324407967,True,1.0,-0.05309734513274335
B_252,low,252,0,22,after block 21,21,2.3005194459545226,2.3237500000000004,5.3888750000000005,5.6446250000000004,-0.08343868520859668,False,runs/pendulum/unified_mechanism_v2/paired_layer_control/large_seed3407/short_common_scan/B/videos/B_252/location_22.mp4,True,1.0,0,3.4026132306182437,0.01733170770133252,1.2460397978395354,203.0,True,True,blue,circle,0.0801169267224266,0.0037576094417849414,0.01189680387425918,True,1.0,-0.0821744627054359
B_252,low,252,0,23,after block 22,22,2.3005194459545226,2.3237500000000004,5.3888750000000005,5.5245,-0.04424778761061921,False,runs/pendulum/unified_mechanism_v2/paired_layer_control/large_seed3407/short_common_scan/B/videos/B_252/location_23.mp4,True,1.0,0,3.0177337436414304,0.017639532611224973,1.4028656998663853,204.5,True,True,blue,circle,0.08296901334398679,0.003910384377016121,0.011543927372811777,True,1.0,-0.04424778761061921
B_252,low,252,0,24,after block 23,23,2.3005194459545226,2.3237500000000004,5.3888750000000005,5.559375,-0.05562579013906436,False,runs/pendulum/unified_mechanism_v2/paired_layer_control/large_seed3407/short_common_scan/B/videos/B_252/location_24.mp4,True,1.0,0,3.0095149570224486,0.018781757611789657,1.3651347316556213,206.0,True,True,blue,circle,0.08141803836014717,0.00415191025053643,0.012157977448915102,True,1.0,-0.05309734513274335
B_252,low,252,0,25,after block 24,24,2.3005194459545226,2.3237500000000004,5.3888750000000005,5.443125,-0.017699115044247687,False,runs/pendulum/unified_mechanism_v2/paired_layer_control/large_seed3407/short_common_scan/B/videos/B_252/location_25.mp4,True,1.0,0,3.25066083878363,0.01545625413022736,1.3917074869870119,208.0,True,True,blue,circle,0.09514879998602983,0.0014481601889800922,0.007032422622443856,True,1.0,-0.017699115044247687
B_252,low,252,0,26,after block 25,25,2.3005194459545226,2.3237500000000004,5.3888750000000005,5.4315,-0.013906447534765873,False,runs/pendulum/unified_mechanism_v2/paired_layer_control/large_seed3407/short_common_scan/B/videos/B_252/location_26.mp4,True,1.0,0,3.0989403784293397,0.01542920506678458,1.3084199062022015,208.5,True,True,blue,circle,0.09532621593681687,0.002316589657148466,0.007135480502958893,True,1.0,-0.013906447534765873
B_252,low,252,0,27,after block 26,26,2.3005194459545226,2.3237500000000004,5.3888750000000005,5.419875,-0.01011378002528435,False,runs/pendulum/unified_mechanism_v2/paired_layer_control/large_seed3407/short_common_scan/B/videos/B_252/location_27.mp4,True,1.0,0,2.8978557158416907,0.01517307012084404,1.3350398314917078,209.0,True,True,blue,circle,0.09512750344455932,0.002333058086552509,0.006833210946395998,True,1.0,-0.012642225031605366
B_252,low,252,0,28,after block 27,27,2.3005194459545226,2.3237500000000004,5.3888750000000005,5.385,0.0012642225031607973,False,runs/pendulum/unified_mechanism_v2/paired_layer_control/large_seed3407/short_common_scan/B/videos/B_252/location_28.mp4,True,1.0,0,2.6766567550515004,0.015173697562704758,1.1614210666453793,210.0,True,True,blue,circle,0.09687222883092132,0.0023203557947105743,0.006837566053259324,True,1.0,-0.0012642225031605076
B_252,low,252,0,29,after block 28,28,2.3005194459545226,2.3237500000000004,5.3888750000000005,5.39275,-0.0012642225031605076,False,runs/pendulum/unified_mechanism_v2/paired_layer_control/large_seed3407/short_common_scan/B/videos/B_252/location_29.mp4,True,1.0,0,2.6915293313360036,0.015530638974926847,1.3350398314917078,210.0,True,True,blue,circle,0.09697330656652879,0.002381136994553758,0.006820204454906909,True,1.0,-0.002528445006321015
B_252,low,252,0,30,after block 29,29,2.3005194459545226,2.3237500000000004,5.3888750000000005,5.3888750000000005,-0.0,False,runs/pendulum/unified_mechanism_v2/paired_layer_control/large_seed3407/short_common_scan/B/videos/B_252/location_30.mp4,True,1.0,0,2.5992789687751743,0.01544875747158267,1.1563208712300728,210.0,True,True,blue,circle,0.09664921872432518,0.0022569801125604636,0.006895113794216131,True,1.0,-0.0
B_269,low,269,0,0,embedding output,,2.9974288846385075,2.8933750000000003,5.419875,2.8895,1.0015337423312884,True,runs/pendulum/unified_mechanism_v2/paired_layer_control/large_seed3407/short_common_scan/B/videos/B_269/location_00.mp4,True,1.0,0,1.2105797730385544,0.0015307252374149316,0.45257748803174136,192.0,True,True,red,circle,0.11378018242623981,0.0015715771563230084,0.005121108460118693,True,0.984375,0.9984662576687117
B_269,low,269,0,1,after block 0,0,2.9974288846385075,2.8933750000000003,5.419875,2.8895,1.0015337423312884,True,runs/pendulum/unified_mechanism_v2/paired_layer_control/large_seed3407/short_common_scan/B/videos/B_269/location_01.mp4,True,1.0,0,1.221307380224945,0.0013656155035021988,0.37812923692105144,192.0,True,True,red,circle,0.11377505513523219,0.0016064798846483137,0.0050463141097423034,True,0.984375,0.9984662576687117
B_269,low,269,0,2,after block 1,1,2.9974288846385075,2.8933750000000003,5.419875,2.8895,1.0015337423312884,True,runs/pendulum/unified_mechanism_v2/paired_layer_control/large_seed3407/short_common_scan/B/videos/B_269/location_02.mp4,True,1.0,0,1.2828167087894637,0.001404879110925572,0.3582114500338151,191.5,True,True,red,circle,0.11389342197795246,0.0015750298368670764,0.005090319048026392,True,0.984375,0.9984662576687117
B_269,low,269,0,3,after block 2,2,2.9974288846385075,2.8933750000000003,5.419875,2.8895,1.0015337423312884,True,runs/pendulum/unified_mechanism_v2/paired_layer_control/large_seed3407/short_common_scan/B/videos/B_269/location_03.mp4,True,1.0,0,1.2503657819803597,0.0014217479575672487,0.3232186473986713,192.0,True,True,red,circle,0.11389324593374027,0.0016753578585823109,0.005104273197338407,True,0.984375,0.9984662576687117
B_269,low,269,0,4,after block 3,3,2.9974288846385075,2.8933750000000003,5.419875,2.8895,1.0015337423312884,True,runs/pendulum/unified_mechanism_v2/paired_layer_control/large_seed3407/short_common_scan/B/videos/B_269/location_04.mp4,True,1.0,0,1.2722498229550823,0.0012958191939216601,0.4058360248823709,191.0,True,True,red,circle,0.11417871520050416,0.0015775421016290115,0.005130901872181091,True,0.984375,0.9984662576687117
B_269,low,269,0,5,after block 4,4,2.9974288846385075,2.8933750000000003,5.419875,2.8895,1.0015337423312884,True,runs/pendulum/unified_mechanism_v2/paired_layer_control/large_seed3407/short_common_scan/B/videos/B_269/location_05.mp4,True,1.0,0,1.2256203367839948,0.001297272047979664,0.44603990241674657,191.0,True,True,red,circle,0.11420080639851495,0.001513730385934059,0.005162874547119648,True,0.984375,0.9984662576687117
B_269,low,269,0,6,after block 5,5,2.9974288846385075,2.8933750000000003,5.419875,2.998,0.9585889570552147,True,runs/pendulum/unified_mechanism_v2/paired_layer_control/large_seed3407/short_common_scan/B/videos/B_269/location_06.mp4,True,0.984375,1,0.9573264314612631,0.0014700998529031395,0.47337561464534,187.0,True,True,red,circle,0.10241630211917122,0.0021923152520178604,0.005795005083126757,True,0.984375,0.9555214723926382
B_269,low,269,0,7,after block 6,6,2.9974288846385075,2.8933750000000003,5.419875,2.998,0.9585889570552147,True,runs/pendulum/unified_mechanism_v2/paired_layer_control/large_seed3407/short_common_scan/B/videos/B_269/location_07.mp4,True,0.984375,1,0.9573264314612631,0.0015510250746106902,0.5820567448367984,186.0,True,True,red,circle,0.10284451055127367,0.0021997091690192363,0.006030955788917002,True,0.984375,0.9539877300613497
B_269,low,269,0,8,after block 7,7,2.9974288846385075,2.8933750000000003,5.419875,3.001875,0.9570552147239264,True,runs/pendulum/unified_mechanism_v2/paired_layer_control/large_seed3407/short_common_scan/B/videos/B_269/location_08.mp4,True,0.984375,1,1.0058340016935072,0.0015970349165182474,0.5820567448367984,186.0,True,True,red,circle,0.10251186932790846,0.00221760944911095,0.006420356515014731,True,0.984375,0.9524539877300614
B_269,low,269,0,9,after block 8,8,2.9974288846385075,2.8933750000000003,5.419875,2.9941250000000004,0.9601226993865031,True,runs/pendulum/unified_mechanism_v2/paired_layer_control/large_seed3407/short_common_scan/B/videos/B_269/location_09.mp4,True,0.984375,1,0.9907401893999364,0.0015324287425514393,0.5837046875428559,186.0,True,True,red,circle,0.10233695090283125,0.002122976512121358,0.006264856282829363,True,0.984375,0.9539877300613497
B_269,low,269,0,10,after block 9,9,2.9974288846385075,2.8933750000000003,5.419875,3.001875,0.9570552147239264,True,runs/pendulum/unified_mechanism_v2/paired_layer_control/large_seed3407/short_common_scan/B/videos/B_269/location_10.mp4,True,0.984375,1,1.0340174392978467,0.0014901436836010085,0.6234999663387992,185.0,True,True,red,circle,0.10344142976055838,0.0017483357861480756,0.006711275839231799,True,0.984375,0.9524539877300614
B_269,low,269,0,11,after block 10,10,2.9974288846385075,2.8933750000000003,5.419875,3.009625,0.9539877300613497,True,runs/pendulum/unified_mechanism_v2/paired_layer_control/large_seed3407/short_common_scan/B/videos/B_269/location_11.mp4,True,0.984375,1,1.0340174392978467,0.0014715429969338611,0.6354787722096827,185.0,True,True,red,circle,0.10242013531537301,0.0023331284709692947,0.006698506565122737,True,0.984375,0.950920245398773
B_269,low,269,0,12,after block 11,11,2.9974288846385075,2.8933750000000003,5.419875,3.0406250000000004,0.941717791411043,True,runs/pendulum/unified_mechanism_v2/paired_layer_control/large_seed3407/short_common_scan/B/videos/B_269/location_12.mp4,True,0.984375,1,1.019142066515146,0.0011893378037256541,0.6426791360010723,184.0,True,True,red,circle,0.09713206452306214,0.0033363900356685027,0.006983432563854277,True,0.984375,0.9355828220858896
B_269,low,269,0,13,after block 12,12,2.9974288846385075,2.8933750000000003,5.419875,3.09875,0.9187116564417179,True,runs/pendulum/unified_mechanism_v2/paired_layer_control/large_seed3407/short_common_scan/B/videos/B_269/location_13.mp4,True,0.984375,1,1.092200180629857,0.001143035972560713,0.49551089701530726,180.0,True,True,red,circle,0.0930047996801434,0.004196124683377832,0.008523797009190873,True,0.984375,0.9187116564417179
B_269,low,269,0,14,after block 13,13,2.9974288846385075,2.8933750000000003,5.419875,3.125875,0.9079754601226994,False,runs/pendulum/unified_mechanism_v2/paired_layer_control/large_seed3407/short_common_scan/B/videos/B_269/location_14.mp4,True,1.0,0,9.988390936798671,0.03552264858793616,1.93874272295905,77.0,True,True,blue,circle,0.04212715377276997,0.016148738911110582,0.018212034635240616,False,0.015625,nan
B_269,low,269,0,15,after block 14,14,2.9974288846385075,2.8933750000000003,5.419875,5.075,0.1365030674846626,False,runs/pendulum/unified_mechanism_v2/paired_layer_control/large_seed3407/short_common_scan/B/videos/B_269/location_15.mp4,True,1.0,0,3.9349584278202205,0.018442849464996802,1.8839414100555008,183.0,True,True,blue,circle,0.06542512196543837,0.009394916105003648,0.028005059510315133,False,0.015625,nan
B_269,low,269,0,16,after block 15,15,2.9974288846385075,2.8933750000000003,5.419875,5.1835,0.09355828220858887,False,runs/pendulum/unified_mechanism_v2/paired_layer_control/large_seed3407/short_common_scan/B/videos/B_269/location_16.mp4,True,1.0,0,3.583065359821532,0.018439365631637006,1.672376323210483,196.0,True,True,blue,circle,0.0906064085010087,0.0059614803043558364,0.016609462697040816,False,0.703125,0.10429447852760722
B_269,low,269,0,17,after block 16,16,2.9974288846385075,2.8933750000000003,5.419875,5.288125,0.05214723926380378,False,runs/pendulum/unified_mechanism_v2/paired_layer_control/large_seed3407/short_common_scan/B/videos/B_269/location_17.mp4,True,1.0,0,3.29387351390551,0.017904341018872505,2.0081463364212904,196.5,True,True,blue,circle,0.09781863326695689,0.004183237183786716,0.013965793603337577,True,0.984375,0.09355828220858887
B_269,low,269,0,18,after block 17,17,2.9974288846385075,2.8933750000000003,5.419875,6.659875,-0.49079754601227005,False,runs/pendulum/unified_mechanism_v2/paired_layer_control/large_seed3407/short_common_scan/B/videos/B_269/location_18.mp4,True,1.0,0,3.290033476802902,0.01903777871236459,1.9262973075840346,201.0,True,True,blue,circle,0.06674514262360828,0.00891413596422728,0.01998571428761387,True,1.0,-0.4662576687116564
B_269,low,269,0,19,after block 18,18,2.9974288846385075,2.8933750000000003,5.419875,6.551375,-0.4478527607361963,False,runs/pendulum/unified_mechanism_v2/paired_layer_control/large_seed3407/short_common_scan/B/videos/B_269/location_19.mp4,True,1.0,0,3.0859036782271643,0.018366601659365406,1.5877622806601526,201.5,True,True,blue,circle,0.062362913072591175,0.010233242570729738,0.01522812987492151,True,1.0,-0.4233128834355827
B_269,low,269,0,20,after block 19,19,2.9974288846385075,2.8933750000000003,5.419875,5.47025,-0.019938650306748403,False,runs/pendulum/unified_mechanism_v2/paired_layer_control/large_seed3407/short_common_scan/B/videos/B_269/location_20.mp4,True,1.0,0,3.9931559065539664,0.018444809236744714,1.8508693294183087,202.0,True,True,blue,circle,0.07560631453070521,0.008816075379647147,0.007661136103579961,True,1.0,-0.010736196319018343
B_269,low,269,0,21,after block 20,20,2.9974288846385075,2.8933750000000003,5.419875,5.474125,-0.021472392638036686,False,runs/pendulum/unified_mechanism_v2/paired_layer_control/large_seed3407/short_common_scan/B/videos/B_269/location_21.mp4,True,1.0,0,3.354440034527767,0.017044206545205887,2.319131217876341,201.0,True,True,blue,circle,0.0845830345574104,0.007570278717375347,0.006214404601784841,True,1.0,-0.016871165644171834
B_269,low,269,0,22,after block 21,21,2.9974288846385075,2.8933750000000003,5.419875,5.98175,-0.2223926380368097,False,runs/pendulum/unified_mechanism_v2/paired_layer_control/large_seed3407/short_common_scan/B/videos/B_269/location_22.mp4,True,1.0,0,3.160746521506187,0.017323224051538105,2.346758174160324,204.0,True,True,blue,circle,0.0630581346938842,0.007795428220217072,0.011986691989001643,True,1.0,-0.22392638036809798
B_269,low,269,0,23,after block 22,22,2.9974288846385075,2.8933750000000003,5.419875,5.791875,-0.14723926380368094,False,runs/pendulum/unified_mechanism_v2/paired_layer_control/large_seed3407/short_common_scan/B/videos/B_269/location_23.mp4,True,1.0,0,3.271808765777432,0.01855804768756386,2.042345349220904,206.5,True,True,blue,circle,0.06653987341156536,0.006835160130056604,0.008012362140538621,True,1.0,-0.15490797546012272
B_269,low,269,0,24,after block 23,23,2.9974288846385075,2.8933750000000003,5.419875,5.6175,-0.07822085889570532,False,runs/pendulum/unified_mechanism_v2/paired_layer_control/large_seed3407/short_common_scan/B/videos/B_269/location_24.mp4,True,1.0,0,2.719776950537426,0.018536505162572076,2.0676721101238527,205.0,True,True,blue,circle,0.06345649012872276,0.008065555827144742,0.00884164237543635,True,1.0,-0.07361963190184047
B_269,low,269,0,25,after block 24,24,2.9974288846385075,2.8933750000000003,5.419875,5.4353750000000005,-0.00613496932515349,False,runs/pendulum/unified_mechanism_v2/paired_layer_control/large_seed3407/short_common_scan/B/videos/B_269/location_25.mp4,True,1.0,0,3.548224519222497,0.019134261290476295,2.845661591750169,210.0,True,True,blue,circle,0.08207654029617271,0.0037040737517143795,0.005732008143944379,True,1.0,-0.00613496932515349
B_269,low,269,0,26,after block 25,25,2.9974288846385075,2.8933750000000003,5.419875,5.443125,-0.009202453987730059,False,runs/pendulum/unified_mechanism_v2/paired_layer_control/large_seed3407/short_common_scan/B/videos/B_269/location_26.mp4,True,1.0,0,3.2818890930039903,0.018253292431861273,2.6454226847953746,209.5,True,True,blue,circle,0.08042775401673893,0.0044977518046559585,0.005426693390006272,True,1.0,-0.009202453987730059
B_269,low,269,0,27,after block 26,26,2.9974288846385075,2.8933750000000003,5.419875,5.419875,-0.0,False,runs/pendulum/unified_mechanism_v2/paired_layer_control/large_seed3407/short_common_scan/B/videos/B_269/location_27.mp4,True,1.0,0,3.510752484345933,0.018722389251785126,2.878044391976944,208.5,True,True,blue,circle,0.0803257981815558,0.004133573079604434,0.005370585470670917,True,1.0,-0.0
B_269,low,269,0,28,after block 27,27,2.9974288846385075,2.8933750000000003,5.419875,5.4121250000000005,0.0030674846625765692,False,runs/pendulum/unified_mechanism_v2/paired_layer_control/large_seed3407/short_common_scan/B/videos/B_269/location_28.mp4,True,1.0,0,2.501918206675603,0.018118212703086778,2.581642988795697,209.5,True,True,blue,circle,0.08122567958693738,0.0039359588461917285,0.005741660627316854,True,1.0,0.0030674846625765692
B_269,low,269,0,29,after block 28,28,2.9974288846385075,2.8933750000000003,5.419875,5.42375,-0.0015337423312882846,False,runs/pendulum/unified_mechanism_v2/paired_layer_control/large_seed3407/short_common_scan/B/videos/B_269/location_29.mp4,True,1.0,0,2.829413855639256,0.018094773007844622,2.5317367036992797,209.5,True,True,blue,circle,0.08078932079374412,0.004029053393009747,0.005693700684289946,True,1.0,-0.0015337423312882846
B_269,low,269,0,30,after block 29,29,2.9974288846385075,2.8933750000000003,5.419875,5.427625,-0.0030674846625765692,False,runs/pendulum/unified_mechanism_v2/paired_layer_control/large_seed3407/short_common_scan/B/videos/B_269/location_30.mp4,True,1.0,0,3.24603883616789,0.01807303700961682,2.6491436626875564,210.5,True,True,blue,circle,0.07963721079034829,0.003838354733599912,0.006289138846741343,True,1.0,-0.0
B_277,low,277,0,0,embedding output,,2.840246693126768,2.66475,6.2646250000000006,2.660875,1.0010764262648009,True,runs/pendulum/unified_mechanism_v2/paired_layer_control/large_seed3407/short_common_scan/B/videos/B_277/location_00.mp4,True,0.984375,1,1.2458685883194482,0.0016365254261745399,1.6881834307074293,190.0,True,True,red,circle,0.1140329433854938,-0.0024030337686664492,0.004141531574810571,True,0.984375,1.0021528525296017
B_277,low,277,0,1,after block 0,0,2.840246693126768,2.66475,6.2646250000000006,2.6686250000000005,0.998923573735199,True,runs/pendulum/unified_mechanism_v2/paired_layer_control/large_seed3407/short_common_scan/B/videos/B_277/location_01.mp4,True,0.984375,1,1.138829929969808,0.0016365254261745399,1.651119449443861,189.0,True,True,red,circle,0.11411992362298251,-0.002323657014151139,0.004095485505434135,True,0.984375,1.0
B_277,low,277,0,2,after block 1,1,2.840246693126768,2.66475,6.2646250000000006,2.676375,0.9967707212055974,True,runs/pendulum/unified_mechanism_v2/paired_layer_control/large_seed3407/short_common_scan/B/videos/B_277/location_02.mp4,True,0.984375,1,1.1906075109293555,0.0015269825761823896,1.651119449443861,189.0,True,True,red,circle,0.11423303733578767,-0.00208193987546041,0.004233993793986413,True,0.984375,0.9978471474703983
B_277,low,277,0,3,after block 2,2,2.840246693126768,2.66475,6.2646250000000006,2.676375,0.9967707212055974,True,runs/pendulum/unified_mechanism_v2/paired_layer_control/large_seed3407/short_common_scan/B/videos/B_277/location_03.mp4,True,0.984375,1,1.260986286427173,0.001508255379241985,1.6619090596848811,188.0,True,True,red,circle,0.11404571089281161,-0.0021694763494292395,0.004223419208095419,True,0.984375,0.9956942949407966
B_277,low,277,0,4,after block 3,3,2.840246693126768,2.66475,6.2646250000000006,2.6725000000000003,0.9978471474703983,True,runs/pendulum/unified_mechanism_v2/paired_layer_control/large_seed3407/short_common_scan/B/videos/B_277/location_04.mp4,True,0.984375,1,1.1955225698257455,0.0015992242443789717,1.7139996110545086,188.0,True,True,red,circle,0.1141713835270369,-0.0021399721078050942,0.0041299905013501646,True,0.984375,0.9967707212055974
B_277,low,277,0,5,after block 4,4,2.840246693126768,2.66475,6.2646250000000006,2.676375,0.9967707212055974,True,runs/pendulum/unified_mechanism_v2/paired_layer_control/large_seed3407/short_common_scan/B/videos/B_277/location_05.mp4,True,0.984375,1,1.1792480067852578,0.0015202989839263603,1.7139996110545086,189.0,True,True,red,circle,0.11422832091426119,-0.002252219274432258,0.004075073237503451,True,0.984375,0.9978471474703983
B_277,low,277,0,6,after block 5,5,2.840246693126768,2.66475,6.2646250000000006,2.7035,0.9892357373519914,True,runs/pendulum/unified_mechanism_v2/paired_layer_control/large_seed3407/short_common_scan/B/videos/B_277/location_06.mp4,True,0.984375,1,1.0818719101495875,0.001733414688390722,1.583676874644203,186.0,True,True,red,circle,0.11001553124842818,-0.0021410033724427934,0.003997970090226078,True,0.984375,0.9892357373519914
B_277,low,277,0,7,after block 6,6,2.840246693126768,2.66475,6.2646250000000006,2.7035,0.9892357373519914,True,runs/pendulum/unified_mechanism_v2/paired_layer_control/large_seed3407/short_common_scan/B/videos/B_277/location_07.mp4,True,0.984375,1,1.0818719101495875,0.0017598574416050061,1.583676874644203,185.0,True,True,red,circle,0.1103911079765188,-0.0020990571166008597,0.003944361326501697,True,0.984375,0.9903121636167923
B_277,low,277,0,8,after block 7,7,2.840246693126768,2.66475,6.2646250000000006,2.699625,0.9903121636167923,True,runs/pendulum/unified_mechanism_v2/paired_layer_control/large_seed3407/short_common_scan/B/videos/B_277/location_08.mp4,True,0.984375,1,1.0027629701458878,0.0016089071726275161,1.583676874644203,184.0,True,True,red,circle,0.11051481145039961,-0.0017902192976194577,0.004052036121359194,True,0.984375,0.9903121636167923
B_277,low,277,0,9,after block 8,8,2.840246693126768,2.66475,6.2646250000000006,2.699625,0.9903121636167923,True,runs/pendulum/unified_mechanism_v2/paired_layer_control/large_seed3407/short_common_scan/B/videos/B_277/location_09.mp4,True,0.984375,1,1.0430637281595965,0.0015602224748647031,1.583676874644203,184.0,True,True,red,circle,0.110571008174025,-0.0018478070116091801,0.0041473024820190005,True,0.984375,0.9913885898815931
B_277,low,277,0,10,after block 9,9,2.840246693126768,2.66475,6.2646250000000006,2.707375,0.9881593110871906,True,runs/pendulum/unified_mechanism_v2/paired_layer_control/large_seed3407/short_common_scan/B/videos/B_277/location_10.mp4,True,0.984375,1,0.871496413237187,0.0014633201148654962,1.591087303693246,184.0,True,True,red,circle,0.1111509354048831,-0.00233743346297261,0.004476601202788288,True,0.984375,0.9881593110871906
B_277,low,277,0,11,after block 10,10,2.840246693126768,2.66475,6.2646250000000006,2.6686250000000005,0.998923573735199,True,runs/pendulum/unified_mechanism_v2/paired_layer_control/large_seed3407/short_common_scan/B/videos/B_277/location_11.mp4,True,0.984375,1,1.0818719101495875,0.001582954503748013,1.583676874644203,183.0,True,True,red,circle,0.11019651034030437,-0.0019966531112769067,0.004837864323361292,True,0.984375,0.998923573735199
B_277,low,277,0,12,after block 11,11,2.840246693126768,2.66475,6.2646250000000006,2.676375,0.9967707212055974,True,runs/pendulum/unified_mechanism_v2/paired_layer_control/large_seed3407/short_common_scan/B/videos/B_277/location_12.mp4,True,0.984375,1,0.8524481218546442,0.0014498795378733997,1.6241741801822571,182.0,True,True,red,circle,0.10716595427768594,-0.0018934545262203769,0.0045487165320153245,True,0.984375,0.9956942949407966
B_277,low,277,0,13,after block 12,12,2.840246693126768,2.66475,6.2646250000000006,2.6453750000000005,1.0053821313240041,True,runs/pendulum/unified_mechanism_v2/paired_layer_control/large_seed3407/short_common_scan/B/videos/B_277/location_13.mp4,True,0.984375,1,0.9881213818038336,0.0011789075406313798,1.6626927737367283,179.0,True,True,red,circle,0.10392284568131238,-0.002345690522877442,0.006206373088642596,True,0.984375,1.0043057050592035
B_277,low,277,0,14,after block 13,13,2.840246693126768,2.66475,6.2646250000000006,2.8120000000000003,0.9590958019375673,False,runs/pendulum/unified_mechanism_v2/paired_layer_control/large_seed3407/short_common_scan/B/videos/B_277/location_14.mp4,True,1.0,0,11.336730928448656,0.06321411891282258,2.0674905089020834,48.0,True,True,blue,circle,0.03935097055955471,0.0005247666304043604,0.02257766940421376,False,0.015625,nan
B_277,low,277,0,15,after block 14,14,2.840246693126768,2.66475,6.2646250000000006,3.9086250000000002,0.6544671689989235,False,runs/pendulum/unified_mechanism_v2/paired_layer_control/large_seed3407/short_common_scan/B/videos/B_277/location_15.mp4,True,1.0,0,3.572305636625908,0.017426835303095634,1.9616076635993516,184.0,True,True,blue,circle,0.053475306265508754,-0.005549298994888375,0.029652917240695253,False,0.03125,nan
B_277,low,277,0,16,after block 15,15,2.840246693126768,2.66475,6.2646250000000006,4.0985,0.6017222820236816,False,runs/pendulum/unified_mechanism_v2/paired_layer_control/large_seed3407/short_common_scan/B/videos/B_277/location_16.mp4,True,1.0,0,2.792853886167195,0.01806537808850331,1.7553467966436784,192.0,True,True,blue,circle,0.05362103636976027,-0.004931074070294523,0.03342017412540023,False,0.703125,-0.051668460710441316
B_277,low,277,0,17,after block 16,16,2.840246693126768,2.66475,6.2646250000000006,4.187625000000001,0.5769644779332614,False,runs/pendulum/unified_mechanism_v2/paired_layer_control/large_seed3407/short_common_scan/B/videos/B_277/location_17.mp4,True,1.0,0,2.5488746257878034,0.01574318263262886,1.6516711485062194,193.5,True,True,blue,circle,0.06055431548399886,-0.005369657862452422,0.035745246065638385,True,1.0,0.5844994617868675
B_277,low,277,0,18,after block 17,17,2.840246693126768,2.66475,6.2646250000000006,6.47,-0.05705059203444541,False,runs/pendulum/unified_mechanism_v2/paired_layer_control/large_seed3407/short_common_scan/B/videos/B_277/location_18.mp4,True,1.0,0,3.570046017634804,0.019444510157029332,1.715178355670434,198.5,True,True,blue,circle,0.07534270662064814,0.00032272616438489135,0.015706285848983238,True,1.0,-0.052744886975242135
B_277,low,277,0,19,after block 18,18,2.840246693126768,2.66475,6.2646250000000006,6.40025,-0.03767491926802992,False,runs/pendulum/unified_mechanism_v2/paired_layer_control/large_seed3407/short_common_scan/B/videos/B_277/location_19.mp4,True,1.0,0,4.048354578334013,0.017994044263666548,1.6646440520730714,198.0,True,True,blue,circle,0.07210659609536844,0.0007176119163395047,0.01520810687615259,True,1.0,-0.03552206673842828
B_277,low,277,0,20,after block 19,19,2.840246693126768,2.66475,6.2646250000000006,6.256875,0.002152852529601886,False,runs/pendulum/unified_mechanism_v2/paired_layer_control/large_seed3407/short_common_scan/B/videos/B_277/location_20.mp4,True,1.0,0,3.675441349273436,0.01748705144829385,1.7380111406687895,200.5,True,True,blue,circle,0.07702937500428499,0.001839468349881117,0.01094319988155811,True,1.0,0.00861141011840705
B_277,low,277,0,21,after block 20,20,2.840246693126768,2.66475,6.2646250000000006,6.2646250000000006,-0.0,False,runs/pendulum/unified_mechanism_v2/paired_layer_control/large_seed3407/short_common_scan/B/videos/B_277/location_21.mp4,True,1.0,0,3.5150438977653224,0.017938138583053043,1.8111924696856099,203.0,True,True,blue,circle,0.08384805409787066,0.0010219822008123113,0.008932825479752441,True,1.0,0.0032292787944027054
B_277,low,277,0,22,after block 21,21,2.840246693126768,2.66475,6.2646250000000006,6.36925,-0.029063509149623114,False,runs/pendulum/unified_mechanism_v2/paired_layer_control/large_seed3407/short_common_scan/B/videos/B_277/location_22.mp4,True,1.0,0,3.306629992076054,0.018619521004054895,1.0961226468257832,202.0,True,True,blue,circle,0.07248638003253999,0.00013641111396072006,0.005079710640727288,True,1.0,-0.027987082884822295
B_277,low,277,0,23,after block 22,22,2.840246693126768,2.66475,6.2646250000000006,6.373125,-0.030139935414423936,False,runs/pendulum/unified_mechanism_v2/paired_layer_control/large_seed3407/short_common_scan/B/videos/B_277/location_23.mp4,True,1.0,0,3.0599260035485587,0.016375655216441076,1.4644612992644048,200.5,True,True,blue,circle,0.07478279095287639,-3.377340853408348e-05,0.005981721453321201,True,1.0,-0.030139935414423936
B_277,low,277,0,24,after block 23,23,2.840246693126768,2.66475,6.2646250000000006,6.349875,-0.02368137782561877,False,runs/pendulum/unified_mechanism_v2/paired_layer_control/large_seed3407/short_common_scan/B/videos/B_277/location_24.mp4,True,1.0,0,3.163892000160691,0.016224135558179392,1.3209173329175548,202.0,True,True,blue,circle,0.07558261043848885,0.00016573677513995102,0.0053945682879379935,True,1.0,-0.02475780409041959
B_277,low,277,0,25,after block 24,24,2.840246693126768,2.66475,6.2646250000000006,6.3111250000000005,-0.012917115177610329,False,runs/pendulum/unified_mechanism_v2/paired_layer_control/large_seed3407/short_common_scan/B/videos/B_277/location_25.mp4,True,1.0,0,2.4097194157317,0.016432992681416042,1.68189632254906,206.0,True,True,blue,circle,0.08733421533867032,0.00015948540120553162,0.004984225320064945,True,1.0,-0.013993541442411148
B_277,low,277,0,26,after block 25,25,2.840246693126768,2.66475,6.2646250000000006,6.3111250000000005,-0.012917115177610329,False,runs/pendulum/unified_mechanism_v2/paired_layer_control/large_seed3407/short_common_scan/B/videos/B_277/location_26.mp4,True,1.0,0,3.1456420741418003,0.01687636449858962,1.9499373038338907,206.0,True,True,blue,circle,0.08591455223509753,0.0014418270544250312,0.004993117299767433,True,1.0,-0.012917115177610329
B_277,low,277,0,27,after block 26,26,2.840246693126768,2.66475,6.2646250000000006,6.280125,-0.0043057050592032785,False,runs/pendulum/unified_mechanism_v2/paired_layer_control/large_seed3407/short_common_scan/B/videos/B_277/location_27.mp4,True,1.0,0,3.1416419985955972,0.017189345673159773,2.2399662476835998,206.0,True,True,blue,circle,0.08496464548114872,0.0012841006683378348,0.005264022161779112,True,1.0,-0.0043057050592032785
B_277,low,277,0,28,after block 27,27,2.840246693126768,2.66475,6.2646250000000006,6.284,-0.005382131324004098,False,runs/pendulum/unified_mechanism_v2/paired_layer_control/large_seed3407/short_common_scan/B/videos/B_277/location_28.mp4,True,1.0,0,3.43693553613671,0.017143686953657616,2.73253786698487,205.5,True,True,blue,circle,0.0857614218663487,0.001185791051948808,0.005308339212751189,True,1.0,-0.0032292787944024587
B_277,low,277,0,29,after block 28,28,2.840246693126768,2.66475,6.2646250000000006,6.2685,-0.0010764262648008196,False,runs/pendulum/unified_mechanism_v2/paired_layer_control/large_seed3407/short_common_scan/B/videos/B_277/location_29.mp4,True,1.0,0,3.21769695136663,0.017191955080778226,3.134414032860553,207.0,True,True,blue,circle,0.0847329388886097,0.0013669399944652627,0.005730395537241811,True,1.0,0.0010764262648010664
B_277,low,277,0,30,after block 29,29,2.840246693126768,2.66475,6.2646250000000006,6.2685,-0.0010764262648008196,False,runs/pendulum/unified_mechanism_v2/paired_layer_control/large_seed3407/short_common_scan/B/videos/B_277/location_30.mp4,True,1.0,0,3.4882787461862215,0.01749497545458162,2.996014815236145,208.0,True,True,blue,circle,0.08494492553693447,0.0015878789222021584,0.005535022420467644,True,1.0,-0.0
B_280,low,280,0,0,embedding output,,2.9847175807132897,2.9282500000000002,5.4935,2.936,0.9969788519637464,True,runs/pendulum/unified_mechanism_v2/paired_layer_control/large_seed3407/short_common_scan/B/videos/B_280/location_00.mp4,True,1.0,0,3.4822595791537116,0.0007346844296409194,3.2112239786142123,190.0,True,True,red,circle,0.14777889904167768,0.0020436241641113174,0.006047068307538818,True,0.984375,0.9984894259818732
B_280,low,280,0,1,after block 0,0,2.9847175807132897,2.9282500000000002,5.4935,2.9398750000000002,0.9954682779456193,True,runs/pendulum/unified_mechanism_v2/paired_layer_control/large_seed3407/short_common_scan/B/videos/B_280/location_01.mp4,True,1.0,0,4.293912427838777,0.0008115618968815019,3.9233990835279697,190.0,True,True,red,circle,0.14766275362876277,0.0020542030646489356,0.0060753152400556286,True,0.984375,0.9969788519637464
B_280,low,280,0,2,after block 1,1,2.9847175807132897,2.9282500000000002,5.4935,2.9476250000000004,0.9924471299093655,True,runs/pendulum/unified_mechanism_v2/paired_layer_control/large_seed3407/short_common_scan/B/videos/B_280/location_02.mp4,True,1.0,0,3.3827967178698657,0.0008048953636452527,2.98693442422098,190.0,True,True,red,circle,0.14776921713823407,0.0019785904394244397,0.005971082533110723,True,0.984375,0.9924471299093655
B_280,low,280,0,3,after block 2,2,2.9847175807132897,2.9282500000000002,5.4935,2.94375,0.9939577039274925,True,runs/pendulum/unified_mechanism_v2/paired_layer_control/large_seed3407/short_common_scan/B/videos/B_280/location_03.mp4,True,1.0,0,3.1466921136385206,0.0008130683748538148,2.863255761527275,190.0,True,True,red,circle,0.1476262557812598,0.0021525671807886984,0.005976020881017856,True,0.984375,0.9924471299093655
B_280,low,280,0,4,after block 3,3,2.9847175807132897,2.9282500000000002,5.4935,2.9515000000000002,0.9909365558912386,True,runs/pendulum/unified_mechanism_v2/paired_layer_control/large_seed3407/short_common_scan/B/videos/B_280/location_04.mp4,True,1.0,0,4.331013743381551,0.0008607727760679973,3.9094949655141664,190.0,True,True,red,circle,0.14764384536469666,0.0020534642785286937,0.006144182909646726,True,0.984375,0.9924471299093655
B_280,low,280,0,5,after block 4,4,2.9847175807132897,2.9282500000000002,5.4935,2.9476250000000004,0.9924471299093655,True,runs/pendulum/unified_mechanism_v2/paired_layer_control/large_seed3407/short_common_scan/B/videos/B_280/location_05.mp4,True,1.0,0,4.1632032226746105,0.0008681446786463209,3.876405547027399,190.0,True,True,red,circle,0.1476651718928775,0.0019353245529052478,0.0058840918015473365,True,0.984375,0.9924471299093655
B_280,low,280,0,6,after block 5,5,2.9847175807132897,2.9282500000000002,5.4935,3.06,0.9486404833836859,True,runs/pendulum/unified_mechanism_v2/paired_layer_control/large_seed3407/short_common_scan/B/videos/B_280/location_06.mp4,True,0.984375,1,1.1411530102021574,0.0009062139369968025,1.4670505257896647,185.0,True,True,red,circle,0.13789414191959848,0.002536685270248343,0.007988164100936725,True,0.984375,0.9471299093655589
B_280,low,280,0,7,after block 6,6,2.9847175807132897,2.9282500000000002,5.4935,3.06,0.9486404833836859,True,runs/pendulum/unified_mechanism_v2/paired_layer_control/large_seed3407/short_common_scan/B/videos/B_280/location_07.mp4,True,0.984375,1,1.1335856169797593,0.0009062139369968025,1.476445681862883,184.0,True,True,red,circle,0.137928719759891,0.002589626535563374,0.00816674436919279,True,0.984375,0.9486404833836859
B_280,low,280,0,8,after block 7,7,2.9847175807132897,2.9282500000000002,5.4935,3.079375,0.9410876132930514,True,runs/pendulum/unified_mechanism_v2/paired_layer_control/large_seed3407/short_common_scan/B/videos/B_280/location_08.mp4,True,0.984375,1,1.3013428117327699,0.0008066765694474953,1.4301660209752856,183.0,True,True,red,circle,0.13615169577832525,0.0025214792016894313,0.008461859236627858,True,0.984375,0.9425981873111784
B_280,low,280,0,9,after block 8,8,2.9847175807132897,2.9282500000000002,5.4935,3.079375,0.9410876132930514,True,runs/pendulum/unified_mechanism_v2/paired_layer_control/large_seed3407/short_common_scan/B/videos/B_280/location_09.mp4,True,0.984375,1,1.304230894802818,0.0008895835572597099,1.4301660209752856,183.0,True,True,red,circle,0.1359890333157348,0.0025218319851093057,0.008429426218514408,True,0.984375,0.9425981873111784
B_280,low,280,0,10,after block 9,9,2.9847175807132897,2.9282500000000002,5.4935,3.079375,0.9410876132930514,True,runs/pendulum/unified_mechanism_v2/paired_layer_control/large_seed3407/short_common_scan/B/videos/B_280/location_10.mp4,True,0.984375,1,1.3272032215775376,0.0008793233385858135,1.5144104551096982,183.0,True,True,red,circle,0.13705593602807464,0.0019286410470544986,0.00890843671823826,True,0.984375,0.9425981873111784
B_280,low,280,0,11,after block 10,10,2.9847175807132897,2.9282500000000002,5.4935,3.094875,0.9350453172205438,True,runs/pendulum/unified_mechanism_v2/paired_layer_control/large_seed3407/short_common_scan/B/videos/B_280/location_11.mp4,True,0.984375,1,1.2427738600558735,0.001118098915333987,1.4784131995778944,183.0,True,True,red,circle,0.13436800341746688,0.0027623690453960903,0.008465925525873892,True,0.984375,0.9350453172205438
B_280,low,280,0,12,after block 11,11,2.9847175807132897,2.9282500000000002,5.4935,3.1297500000000005,0.9214501510574017,True,runs/pendulum/unified_mechanism_v2/paired_layer_control/large_seed3407/short_common_scan/B/videos/B_280/location_12.mp4,True,0.984375,1,1.1073743611167317,0.0012818839731253973,1.4222945348688163,183.0,True,True,red,circle,0.1280839793771234,0.0036599393701433175,0.008739180364759559,True,0.984375,0.9199395770392749
B_280,low,280,0,13,after block 12,12,2.9847175807132897,2.9282500000000002,5.4935,3.22275,0.8851963746223566,True,runs/pendulum/unified_mechanism_v2/paired_layer_control/large_seed3407/short_common_scan/B/videos/B_280/location_13.mp4,True,0.984375,1,1.0915829567123478,0.0013915133905329502,1.2506641457486096,179.0,True,True,red,circle,0.12283154959776264,0.00586063187156489,0.008463969215071353,True,0.984375,0.8851963746223566
B_280,low,280,0,14,after block 13,13,2.9847175807132897,2.9282500000000002,5.4935,3.2305,0.8821752265861027,False,runs/pendulum/unified_mechanism_v2/paired_layer_control/large_seed3407/short_common_scan/B/videos/B_280/location_14.mp4,True,1.0,0,12.510528014709681,0.07315461144673405,2.921301431028343,39.0,True,True,blue,circle,0.06711273036899917,0.006836821491289253,0.01750867565148315,False,0.015625,nan
B_280,low,280,0,15,after block 14,14,2.9847175807132897,2.9282500000000002,5.4935,3.141375,0.9169184290030212,False,runs/pendulum/unified_mechanism_v2/paired_layer_control/large_seed3407/short_common_scan/B/videos/B_280/location_15.mp4,True,1.0,0,2.7414980092105408,0.01878691826049017,2.5631865453348817,183.5,True,True,blue,circle,0.07032863044995047,0.012296158210897369,0.027004067174951168,False,0.015625,nan
B_280,low,280,0,16,after block 15,15,2.9847175807132897,2.9282500000000002,5.4935,5.53225,-0.015105740181268994,False,runs/pendulum/unified_mechanism_v2/paired_layer_control/large_seed3407/short_common_scan/B/videos/B_280/location_16.mp4,True,1.0,0,4.0144389906086415,0.0174507191866195,2.7555540236548723,193.0,True,True,blue,circle,0.10345624492345877,0.006443167886388954,0.017565688387161445,False,0.78125,0.03625377643504531
B_280,low,280,0,17,after block 16,16,2.9847175807132897,2.9282500000000002,5.4935,5.76475,-0.10574018126888227,False,runs/pendulum/unified_mechanism_v2/paired_layer_control/large_seed3407/short_common_scan/B/videos/B_280/location_17.mp4,True,1.0,0,4.149088296446367,0.017499935149286744,2.735638232546482,198.5,True,True,blue,circle,0.10912689657214644,0.0072359032024391385,0.012471435479126918,True,1.0,-0.08006042296072512
B_280,low,280,0,18,after block 17,17,2.9847175807132897,2.9282500000000002,5.4935,5.9662500000000005,-0.18429003021148055,False,runs/pendulum/unified_mechanism_v2/paired_layer_control/large_seed3407/short_common_scan/B/videos/B_280/location_18.mp4,True,1.0,0,2.912079445648212,0.018175345426049677,2.552666051618159,199.0,True,True,blue,circle,0.10099462149004808,0.00750282203648645,0.015737960551109816,True,1.0,-0.1706948640483384
B_280,low,280,0,19,after block 18,18,2.9847175807132897,2.9282500000000002,5.4935,5.900375,-0.1586102719033234,False,runs/pendulum/unified_mechanism_v2/paired_layer_control/large_seed3407/short_common_scan/B/videos/B_280/location_19.mp4,True,1.0,0,3.0812215760968855,0.018469160829633097,2.604259881333168,200.0,True,True,blue,circle,0.09876498254918749,0.0089387810750898,0.01616882616625723,True,1.0,-0.1419939577039276
B_280,low,280,0,20,after block 19,19,2.9847175807132897,2.9282500000000002,5.4935,5.85775,-0.1419939577039276,False,runs/pendulum/unified_mechanism_v2/paired_layer_control/large_seed3407/short_common_scan/B/videos/B_280/location_20.mp4,True,1.0,0,3.0999275946010845,0.017921382634233263,2.669988637557393,204.0,True,True,blue,circle,0.09611281337870346,0.008063888596974055,0.011707734798214419,True,1.0,-0.13595166163141992
B_280,low,280,0,21,after block 20,20,2.9847175807132897,2.9282500000000002,5.4935,5.8267500000000005,-0.12990936555891258,False,runs/pendulum/unified_mechanism_v2/paired_layer_control/large_seed3407/short_common_scan/B/videos/B_280/location_21.mp4,True,1.0,0,3.2774448653612667,0.01792654266815022,2.786724608618661,202.5,True,True,blue,circle,0.10040982519818725,0.007022470072227653,0.010607308128075654,True,1.0,-0.12990936555891258
B_280,low,280,0,22,after block 21,21,2.9847175807132897,2.9282500000000002,5.4935,5.819,-0.12688821752265858,False,runs/pendulum/unified_mechanism_v2/paired_layer_control/large_seed3407/short_common_scan/B/videos/B_280/location_22.mp4,True,1.0,0,2.5875458459462832,0.01735297935975219,1.8461199581656123,205.0,True,True,blue,circle,0.08742975705345762,0.005021690989842026,0.006103746001656372,True,1.0,-0.1283987915407854
B_280,low,280,0,23,after block 22,22,2.9847175807132897,2.9282500000000002,5.4935,5.691125,-0.07703927492447145,False,runs/pendulum/unified_mechanism_v2/paired_layer_control/large_seed3407/short_common_scan/B/videos/B_280/location_23.mp4,True,1.0,0,4.082642217618194,0.01810152632387016,1.9068935862948826,206.0,True,True,blue,circle,0.08838071952775853,0.0050397354235037885,0.005830310334314452,True,1.0,-0.08308157099697877
B_280,low,280,0,24,after block 23,23,2.9847175807132897,2.9282500000000002,5.4935,5.675625,-0.0709969788519638,False,runs/pendulum/unified_mechanism_v2/paired_layer_control/large_seed3407/short_common_scan/B/videos/B_280/location_24.mp4,True,1.0,0,4.12752857840637,0.018543313865641536,1.98887763761375,207.0,True,True,blue,circle,0.08799403617260676,0.005510253243255888,0.00581599711778273,True,1.0,-0.07703927492447145
B_280,low,280,0,25,after block 24,24,2.9847175807132897,2.9282500000000002,5.4935,5.5981250000000005,-0.04078549848942615,False,runs/pendulum/unified_mechanism_v2/paired_layer_control/large_seed3407/short_common_scan/B/videos/B_280/location_25.mp4,True,1.0,0,3.460703825646617,0.017280165974493222,2.3415571162916993,210.0,True,True,blue,circle,0.0996899180059679,0.0030907318172861457,0.004625981002363141,True,1.0,-0.03927492447129897
B_280,low,280,0,26,after block 25,25,2.9847175807132897,2.9282500000000002,5.4935,5.571,-0.03021148036253764,False,runs/pendulum/unified_mechanism_v2/paired_layer_control/large_seed3407/short_common_scan/B/videos/B_280/location_26.mp4,True,1.0,0,3.546828855554172,0.01732026617603541,2.264120335296276,210.5,True,True,blue,circle,0.09890019077802278,0.00356128648924512,0.004449593302956251,True,1.0,-0.03021148036253764
B_280,low,280,0,27,after block 26,26,2.9847175807132897,2.9282500000000002,5.4935,5.536125,-0.016616314199395823,False,runs/pendulum/unified_mechanism_v2/paired_layer_control/large_seed3407/short_common_scan/B/videos/B_280/location_27.mp4,True,1.0,0,2.743032339431948,0.016993278211626855,2.0007178927096865,211.5,True,True,blue,circle,0.0982310561238864,0.0031292637977503954,0.004135235058450457,True,1.0,-0.015105740181268994
B_280,low,280,0,28,after block 27,27,2.9847175807132897,2.9282500000000002,5.4935,5.509,-0.0060422960725076665,False,runs/pendulum/unified_mechanism_v2/paired_layer_control/large_seed3407/short_common_scan/B/videos/B_280/location_28.mp4,True,1.0,0,2.6540697482026436,0.01688608114009335,1.9481703485165196,212.0,True,True,blue,circle,0.09896406920165206,0.0030499295259318465,0.003791630597020963,True,1.0,-0.00302114803625366
B_280,low,280,0,29,after block 28,28,2.9847175807132897,2.9282500000000002,5.4935,5.5051250000000005,-0.004531722054380837,False,runs/pendulum/unified_mechanism_v2/paired_layer_control/large_seed3407/short_common_scan/B/videos/B_280/location_29.mp4,True,1.0,0,2.709076571001352,0.017275159657336586,2.2263347564064944,211.0,True,True,blue,circle,0.09874359731367942,0.0030963595817902214,0.0037214523245906366,True,1.0,-0.00302114803625366
B_280,low,280,0,30,after block 29,29,2.9847175807132897,2.9282500000000002,5.4935,5.497375,-0.00151057401812683,False,runs/pendulum/unified_mechanism_v2/paired_layer_control/large_seed3407/short_common_scan/B/videos/B_280/location_30.mp4,True,1.0,0,2.9192603900373304,0.016967533781100802,1.7910378410653176,211.5,True,True,blue,circle,0.09788718636599618,0.003052610859646147,0.003713854801272191,True,1.0,-0.0
B_283,low,283,0,0,embedding output,,2.937563383695726,2.7190000000000003,5.4005,2.71125,1.0028901734104048,True,runs/pendulum/unified_mechanism_v2/paired_layer_control/large_seed3407/short_common_scan/B/videos/B_283/location_00.mp4,True,1.0,0,1.0789409321576298,0.0015160312623415662,0.8054353884994363,190.0,True,True,red,circle,0.11605928173577124,-0.0037395254406116696,0.0036662098511665835,True,0.984375,1.0014450867052023
B_283,low,283,0,1,after block 0,0,2.937563383695726,2.7190000000000003,5.4005,2.707375,1.004335260115607,True,runs/pendulum/unified_mechanism_v2/paired_layer_control/large_seed3407/short_common_scan/B/videos/B_283/location_01.mp4,True,1.0,0,1.0437060766219406,0.0015058285787493686,0.8054353884994363,190.5,True,True,red,circle,0.11619937604903571,-0.003656510136938199,0.0037464979355198774,True,0.984375,1.0014450867052023
B_283,low,283,0,2,after block 1,1,2.937563383695726,2.7190000000000003,5.4005,2.707375,1.004335260115607,True,runs/pendulum/unified_mechanism_v2/paired_layer_control/large_seed3407/short_common_scan/B/videos/B_283/location_02.mp4,True,1.0,0,1.047674746463593,0.0015018827404135737,0.8178877984405748,190.0,True,True,red,circle,0.11653787097654636,-0.0037564605668476106,0.0038193497911256443,True,0.984375,1.0028901734104048
B_283,low,283,0,3,after block 2,2,2.937563383695726,2.7190000000000003,5.4005,2.7035,1.0057803468208093,True,runs/pendulum/unified_mechanism_v2/paired_layer_control/large_seed3407/short_common_scan/B/videos/B_283/location_03.mp4,True,1.0,0,1.1127916934902835,0.0015051488612952413,0.7769816963126108,190.0,True,True,red,circle,0.11661150902655382,-0.0037144572171243337,0.0038363920364255584,True,0.984375,1.004335260115607
B_283,low,283,0,4,after block 3,3,2.937563383695726,2.7190000000000003,5.4005,2.7035,1.0057803468208093,True,runs/pendulum/unified_mechanism_v2/paired_layer_control/large_seed3407/short_common_scan/B/videos/B_283/location_04.mp4,True,1.0,0,1.1127916934902835,0.0014680345695224917,0.7769816963126108,190.0,True,True,red,circle,0.11670978409941686,-0.0037274039388367256,0.003758165266258313,True,0.984375,1.004335260115607
B_283,low,283,0,5,after block 4,4,2.937563383695726,2.7190000000000003,5.4005,2.7035,1.0057803468208093,True,runs/pendulum/unified_mechanism_v2/paired_layer_control/large_seed3407/short_common_scan/B/videos/B_283/location_05.mp4,True,1.0,0,1.1127916934902835,0.0014680345695224917,0.7769816963126108,190.0,True,True,red,circle,0.11691386417474563,-0.0037674576326349666,0.003813473734748127,True,0.984375,1.0057803468208093
B_283,low,283,0,6,after block 5,5,2.937563383695726,2.7190000000000003,5.4005,2.908875,0.9291907514450868,True,runs/pendulum/unified_mechanism_v2/paired_layer_control/large_seed3407/short_common_scan/B/videos/B_283/location_06.mp4,True,1.0,0,3.7227519106179066,0.0013257299970274306,3.7616878907986577,185.0,True,True,red,circle,0.10182425006376544,-0.004114630751091712,0.005314785281781795,True,0.984375,0.9291907514450868
B_283,low,283,0,7,after block 6,6,2.937563383695726,2.7190000000000003,5.4005,2.9050000000000002,0.930635838150289,True,runs/pendulum/unified_mechanism_v2/paired_layer_control/large_seed3407/short_common_scan/B/videos/B_283/location_07.mp4,True,0.984375,1,0.9300052489620223,0.0013481941175355061,1.207824053084439,185.0,True,True,red,circle,0.10296640752493523,-0.004158176212727443,0.005116140056306872,True,0.984375,0.9320809248554913
B_283,low,283,0,8,after block 7,7,2.937563383695726,2.7190000000000003,5.4005,2.91275,0.9277456647398845,True,runs/pendulum/unified_mechanism_v2/paired_layer_control/large_seed3407/short_common_scan/B/videos/B_283/location_08.mp4,True,0.984375,1,0.9679085107703822,0.0014156636054781235,1.185369185533402,183.0,True,True,red,circle,0.10247463898660439,-0.004346627717411654,0.0057254869966937485,True,0.984375,0.9291907514450868
B_283,low,283,0,9,after block 8,8,2.937563383695726,2.7190000000000003,5.4005,2.908875,0.9291907514450868,True,runs/pendulum/unified_mechanism_v2/paired_layer_control/large_seed3407/short_common_scan/B/videos/B_283/location_09.mp4,True,0.984375,1,0.9400425187915535,0.0012468634967010006,1.2288062554349009,183.0,True,True,red,circle,0.10261912976623173,-0.0044633001252947085,0.005739089228844871,True,0.984375,0.930635838150289
B_283,low,283,0,10,after block 9,9,2.937563383695726,2.7190000000000003,5.4005,2.874,0.9421965317919075,True,runs/pendulum/unified_mechanism_v2/paired_layer_control/large_seed3407/short_common_scan/B/videos/B_283/location_10.mp4,True,0.984375,1,0.9832119556639028,0.0012468634967010006,1.2256352547795624,184.0,True,True,red,circle,0.10502974208954913,-0.00512250068167175,0.005097072830871345,True,0.984375,0.9450867052023123
B_283,low,283,0,11,after block 10,10,2.937563383695726,2.7190000000000003,5.4005,2.8933750000000003,0.934971098265896,True,runs/pendulum/unified_mechanism_v2/paired_layer_control/large_seed3407/short_common_scan/B/videos/B_283/location_11.mp4,True,0.984375,1,0.9549426251958918,0.0014028870111276182,1.2475870585377906,183.0,True,True,red,circle,0.10439024410303513,-0.004858061890695023,0.005057774001050675,True,0.984375,0.9378612716763006
B_283,low,283,0,12,after block 11,11,2.937563383695726,2.7190000000000003,5.4005,2.9243750000000004,0.9234104046242774,True,runs/pendulum/unified_mechanism_v2/paired_layer_control/large_seed3407/short_common_scan/B/videos/B_283/location_12.mp4,True,0.984375,1,0.8991163009209059,0.00118742717382897,1.2889908826615502,181.0,True,True,red,circle,0.09725843720175929,-0.005166941509727808,0.00787793679039102,True,0.984375,0.9277456647398845
B_283,low,283,0,13,after block 12,12,2.937563383695726,2.7190000000000003,5.4005,2.8895,0.9364161849710984,True,runs/pendulum/unified_mechanism_v2/paired_layer_control/large_seed3407/short_common_scan/B/videos/B_283/location_13.mp4,True,0.984375,1,0.9859819946769629,0.001353805657235918,1.3274050025609447,177.0,True,True,red,circle,0.0883135652554976,-0.005602039087508645,0.012190235568184759,True,0.96875,0.9450867052023123
B_283,low,283,0,14,after block 13,13,2.937563383695726,2.7190000000000003,5.4005,3.05225,0.8757225433526012,False,runs/pendulum/unified_mechanism_v2/paired_layer_control/large_seed3407/short_common_scan/B/videos/B_283/location_14.mp4,True,1.0,0,6.879461047073839,0.019874194617688717,3.2453387531467373,130.5,True,True,blue,circle,0.0327202290745214,0.008981714671616296,0.014023130584344012,False,0.015625,nan
B_283,low,283,0,15,after block 14,14,2.937563383695726,2.7190000000000003,5.4005,4.9045000000000005,0.1849710982658958,False,runs/pendulum/unified_mechanism_v2/paired_layer_control/large_seed3407/short_common_scan/B/videos/B_283/location_15.mp4,True,1.0,0,2.72255979038525,0.01881129030493406,3.4193674870085435,184.0,True,True,blue,circle,0.058586621974890604,0.010265585800328618,0.029582399103999214,False,0.03125,nan
B_283,low,283,0,16,after block 15,15,2.937563383695726,2.7190000000000003,5.4005,5.23775,0.06069364161849709,False,runs/pendulum/unified_mechanism_v2/paired_layer_control/large_seed3407/short_common_scan/B/videos/B_283/location_16.mp4,True,1.0,0,3.13355222484345,0.01597320933861393,2.8422817236304345,195.0,True,True,blue,circle,0.09048596686106852,0.006307190465468705,0.016317952776031,False,0.84375,-0.062138728323699356
B_283,low,283,0,17,after block 16,16,2.937563383695726,2.7190000000000003,5.4005,5.60975,-0.07803468208092484,False,runs/pendulum/unified_mechanism_v2/paired_layer_control/large_seed3407/short_common_scan/B/videos/B_283/location_17.mp4,True,1.0,0,3.5012919885020195,0.018189519828779366,3.1829187624525477,200.0,True,True,blue,circle,0.10098397759472116,0.005025537738037701,0.012649607598075006,True,1.0,-0.0679190751445087
B_283,low,283,0,18,after block 17,17,2.937563383695726,2.7190000000000003,5.4005,5.50125,-0.03757225433526,False,runs/pendulum/unified_mechanism_v2/paired_layer_control/large_seed3407/short_common_scan/B/videos/B_283/location_18.mp4,True,1.0,0,3.301023803046843,0.018545336181929106,3.2799143171694043,201.5,True,True,blue,circle,0.1023180446983062,0.0047187151236234735,0.011240880848746656,True,1.0,-0.03468208092485548
B_283,low,283,0,19,after block 18,18,2.937563383695726,2.7190000000000003,5.4005,5.4818750000000005,-0.030346820809248713,False,runs/pendulum/unified_mechanism_v2/paired_layer_control/large_seed3407/short_common_scan/B/videos/B_283/location_19.mp4,True,1.0,0,3.2896273009245305,0.018300666134346305,3.4158005155787525,201.0,True,True,blue,circle,0.10078480273969583,0.0056534537675093826,0.011240333402225765,True,1.0,-0.026011560693641612
B_283,low,283,0,20,after block 19,19,2.937563383695726,2.7190000000000003,5.4005,5.45475,-0.020231213872832256,False,runs/pendulum/unified_mechanism_v2/paired_layer_control/large_seed3407/short_common_scan/B/videos/B_283/location_20.mp4,True,1.0,0,3.5380685939555763,0.01818762208475777,3.3814389423982916,203.5,True,True,blue,circle,0.10195276426764449,0.0057817029192209855,0.010095342306139527,True,1.0,-0.02167630057803484
B_283,low,283,0,21,after block 20,20,2.937563383695726,2.7190000000000003,5.4005,5.447,-0.01734104046242774,False,runs/pendulum/unified_mechanism_v2/paired_layer_control/large_seed3407/short_common_scan/B/videos/B_283/location_21.mp4,True,1.0,0,3.3259287696825997,0.018777753490512195,3.5088741736415443,204.0,True,True,blue,circle,0.10712420392181632,0.004486094715060369,0.009549025496681062,True,1.0,-0.01878612716763
B_283,low,283,0,22,after block 21,21,2.937563383695726,2.7190000000000003,5.4005,5.42375,-0.00867052023121387,False,runs/pendulum/unified_mechanism_v2/paired_layer_control/large_seed3407/short_common_scan/B/videos/B_283/location_22.mp4,True,1.0,0,3.9256185463878257,0.01832356519087569,4.15324151403998,206.5,True,True,blue,circle,0.09593296100886256,0.0009936470868246955,0.006362279440998161,True,1.0,-0.013005780346820973
B_283,low,283,0,23,after block 22,22,2.937563383695726,2.7190000000000003,5.4005,5.4586250000000005,-0.02167630057803484,False,runs/pendulum/unified_mechanism_v2/paired_layer_control/large_seed3407/short_common_scan/B/videos/B_283/location_23.mp4,True,1.0,0,3.91705415352931,0.01859643643701761,4.181645415748902,208.0,True,True,blue,circle,0.09657300648518541,0.00107122667048163,0.005771208311927633,True,1.0,-0.026011560693641612
B_283,low,283,0,24,after block 23,23,2.937563383695726,2.7190000000000003,5.4005,5.45475,-0.020231213872832256,False,runs/pendulum/unified_mechanism_v2/paired_layer_control/large_seed3407/short_common_scan/B/videos/B_283/location_24.mp4,True,1.0,0,3.6481980251061796,0.01869662862966137,4.005566019596052,207.0,True,True,blue,circle,0.09649190914649414,0.0013447046160096952,0.006157554535715224,True,1.0,-0.0231213872832371
B_283,low,283,0,25,after block 24,24,2.937563383695726,2.7190000000000003,5.4005,5.447,-0.01734104046242774,False,runs/pendulum/unified_mechanism_v2/paired_layer_control/large_seed3407/short_common_scan/B/videos/B_283/location_25.mp4,True,1.0,0,3.678048704826292,0.018302746235857675,3.929849717006098,210.0,True,True,blue,circle,0.10475434905091993,5.95000493865354e-05,0.005448314180738599,True,1.0,-0.020231213872832256
B_283,low,283,0,26,after block 25,25,2.937563383695726,2.7190000000000003,5.4005,5.43925,-0.014450867052023229,False,runs/pendulum/unified_mechanism_v2/paired_layer_control/large_seed3407/short_common_scan/B/videos/B_283/location_26.mp4,True,1.0,0,3.942947108777048,0.0187152508089731,4.075928098949824,209.0,True,True,blue,circle,0.10502230821620277,0.0014516960955397024,0.004805714312358006,True,1.0,-0.01734104046242774
B_283,low,283,0,27,after block 26,26,2.937563383695726,2.7190000000000003,5.4005,5.404375,-0.0014450867052022566,False,runs/pendulum/unified_mechanism_v2/paired_layer_control/large_seed3407/short_common_scan/B/videos/B_283/location_27.mp4,True,1.0,0,2.6993350179040396,0.018246542026418677,3.6136847288590546,211.0,True,True,blue,circle,0.10669687135864458,0.0006982671243367084,0.0041341244236760225,True,1.0,-0.002890173410404513
B_283,low,283,0,28,after block 27,27,2.937563383695726,2.7190000000000003,5.4005,5.4005,-0.0,False,runs/pendulum/unified_mechanism_v2/paired_layer_control/large_seed3407/short_common_scan/B/videos/B_283/location_28.mp4,True,1.0,0,3.8473559016821137,0.01810504143448821,4.1691980086759886,210.0,True,True,blue,circle,0.10753211352783694,-6.769552175966115e-05,0.003612305697821837,True,1.0,-0.0014450867052022566
B_283,low,283,0,29,after block 28,28,2.937563383695726,2.7190000000000003,5.4005,5.396625,0.0014450867052022566,False,runs/pendulum/unified_mechanism_v2/paired_layer_control/large_seed3407/short_common_scan/B/videos/B_283/location_29.mp4,True,1.0,0,2.8249865137597765,0.01839061508137166,3.486464914640492,211.0,True,True,blue,circle,0.10794185252015917,0.000207524601213003,0.003685545525224378,True,1.0,-0.0014450867052022566
B_283,low,283,0,30,after block 29,29,2.937563383695726,2.7190000000000003,5.4005,5.396625,0.0014450867052022566,False,runs/pendulum/unified_mechanism_v2/paired_layer_control/large_seed3407/short_common_scan/B/videos/B_283/location_30.mp4,True,1.0,0,2.7196904515680425,0.018217675562954894,3.258233140020602,210.0,True,True,blue,circle,0.10756615179630864,0.00046941376161521557,0.0033270452926181474,True,1.0,-0.0
B_286,low,286,0,0,embedding output,,2.5810241564462775,2.61825,5.57875,2.614375,1.0013089005235603,True,runs/pendulum/unified_mechanism_v2/paired_layer_control/large_seed3407/short_common_scan/B/videos/B_286/location_00.mp4,True,1.0,0,0.9137546211223042,0.001414086300248918,0.3293499905750625,190.0,True,True,red,circle,0.1242221325562717,-0.002782327297706754,0.004639145706044263,True,0.984375,1.0
B_286,low,286,0,1,after block 0,0,2.5810241564462775,2.61825,5.57875,2.61825,1.0,True,runs/pendulum/unified_mechanism_v2/paired_layer_control/large_seed3407/short_common_scan/B/videos/B_286/location_01.mp4,True,1.0,0,0.9137546211223042,0.0015327566308033502,0.3293499905750625,190.0,True,True,red,circle,0.12423248371112663,-0.0029302858524895706,0.004613543618008838,True,0.984375,0.9986910994764396
B_286,low,286,0,2,after block 1,1,2.5810241564462775,2.61825,5.57875,2.629875,0.9960732984293194,True,runs/pendulum/unified_mechanism_v2/paired_layer_control/large_seed3407/short_common_scan/B/videos/B_286/location_02.mp4,True,1.0,0,0.9040126439835311,0.00156016129730141,0.2737693865011034,189.5,True,True,red,circle,0.12437632436984408,-0.003031818342079611,0.004493185147326381,True,0.984375,0.9960732984293194
B_286,low,286,0,3,after block 2,2,2.5810241564462775,2.61825,5.57875,2.6221250000000005,0.9986910994764396,True,runs/pendulum/unified_mechanism_v2/paired_layer_control/large_seed3407/short_common_scan/B/videos/B_286/location_03.mp4,True,1.0,0,0.955274466351328,0.0014538854720058114,0.3293499905750625,189.5,True,True,red,circle,0.12438788457702653,-0.0030335446532067764,0.004528211609639243,True,0.984375,0.9973821989528795
B_286,low,286,0,4,after block 3,3,2.5810241564462775,2.61825,5.57875,2.629875,0.9960732984293194,True,runs/pendulum/unified_mechanism_v2/paired_layer_control/large_seed3407/short_common_scan/B/videos/B_286/location_04.mp4,True,1.0,0,0.9403587478559341,0.0015408978049122335,0.34976193647145143,189.0,True,True,red,circle,0.12443162940680803,-0.003116279781949572,0.0045448388949168765,True,0.984375,0.9947643979057592
B_286,low,286,0,5,after block 4,4,2.5810241564462775,2.61825,5.57875,2.63375,0.9947643979057592,True,runs/pendulum/unified_mechanism_v2/paired_layer_control/large_seed3407/short_common_scan/B/videos/B_286/location_05.mp4,True,1.0,0,0.9103866737905043,0.0015725369772624231,0.31613823744415476,189.5,True,True,red,circle,0.12435501750792374,-0.003249335381699437,0.004547071034217697,True,0.984375,0.9960732984293194
B_286,low,286,0,6,after block 5,5,2.5810241564462775,2.61825,5.57875,2.80425,0.93717277486911,True,runs/pendulum/unified_mechanism_v2/paired_layer_control/large_seed3407/short_common_scan/B/videos/B_286/location_06.mp4,True,1.0,0,0.9680543165308567,0.0015631642976129678,0.5568763187528849,186.0,True,True,red,circle,0.11680311443150465,-0.0033672337995876668,0.005155148408006643,True,0.984375,0.93717277486911
B_286,low,286,0,7,after block 6,6,2.5810241564462775,2.61825,5.57875,2.8081250000000004,0.9358638743455496,True,runs/pendulum/unified_mechanism_v2/paired_layer_control/large_seed3407/short_common_scan/B/videos/B_286/location_07.mp4,True,0.984375,1,1.004305580639809,0.001538854802200229,0.4590381499558554,185.0,True,True,red,circle,0.11691109774891252,-0.0035156370340963874,0.005013754208126595,True,0.984375,0.93717277486911
B_286,low,286,0,8,after block 7,7,2.5810241564462775,2.61825,5.57875,2.81975,0.9319371727748692,True,runs/pendulum/unified_mechanism_v2/paired_layer_control/large_seed3407/short_common_scan/B/videos/B_286/location_08.mp4,True,0.984375,1,1.028498919383536,0.001338810204175811,0.4973476739966009,184.0,True,True,red,circle,0.11653774431149233,-0.0031439973886284588,0.005273449937194881,True,0.984375,0.9306282722513088
B_286,low,286,0,9,after block 8,8,2.5810241564462775,2.61825,5.57875,2.81975,0.9319371727748692,True,runs/pendulum/unified_mechanism_v2/paired_layer_control/large_seed3407/short_common_scan/B/videos/B_286/location_09.mp4,True,0.984375,1,1.0128258345102714,0.0014815450478187775,0.5242460996346594,185.0,True,True,red,circle,0.11628992693039032,-0.003198441884347117,0.005222257708106556,True,0.984375,0.9319371727748692
B_286,low,286,0,10,after block 9,9,2.5810241564462775,2.61825,5.57875,2.85075,0.9214659685863874,True,runs/pendulum/unified_mechanism_v2/paired_layer_control/large_seed3407/short_common_scan/B/videos/B_286/location_10.mp4,True,0.984375,1,1.0220371009746303,0.001325374569378035,0.5825978176284438,184.0,True,True,red,circle,0.1178178248655035,-0.003039581476086988,0.005509299118549368,True,0.984375,0.9227748691099477
B_286,low,286,0,11,after block 10,10,2.5810241564462775,2.61825,5.57875,2.85075,0.9214659685863874,True,runs/pendulum/unified_mechanism_v2/paired_layer_control/large_seed3407/short_common_scan/B/videos/B_286/location_11.mp4,True,0.984375,1,1.044731215241168,0.0013397722675039248,0.5228291702384734,184.0,True,True,red,circle,0.11673255910030786,-0.002669646916280644,0.005379172429050036,True,0.984375,0.9214659685863874
B_286,low,286,0,12,after block 11,11,2.5810241564462775,2.61825,5.57875,2.9011250000000004,0.9044502617801047,True,runs/pendulum/unified_mechanism_v2/paired_layer_control/large_seed3407/short_common_scan/B/videos/B_286/location_12.mp4,True,0.984375,1,1.1102980427573226,0.001322442995168871,0.48467658049281814,184.0,True,True,red,circle,0.11294371367497448,-0.002448622362221586,0.00617908625110544,True,0.984375,0.9044502617801047
B_286,low,286,0,13,after block 12,12,2.5810241564462775,2.61825,5.57875,2.9941250000000004,0.8730366492146596,True,runs/pendulum/unified_mechanism_v2/paired_layer_control/large_seed3407/short_common_scan/B/videos/B_286/location_13.mp4,True,0.984375,1,1.083381100582109,0.0011733876962370937,0.40700907718650753,180.0,True,True,red,circle,0.10847208604788013,-0.0013231038997753416,0.007039703905233519,True,0.984375,0.8730366492146596
B_286,low,286,0,14,after block 13,13,2.5810241564462775,2.61825,5.57875,3.079375,0.8442408376963351,True,runs/pendulum/unified_mechanism_v2/paired_layer_control/large_seed3407/short_common_scan/B/videos/B_286/location_14.mp4,True,0.984375,1,0.9939943379822624,0.0011009127021469611,0.28211374443925186,169.0,True,True,red,circle,0.09697233953919379,-0.001796198294518606,0.010988514960330327,False,0.265625,1.4790575916230366
B_286,low,286,0,15,after block 14,14,2.5810241564462775,2.61825,5.57875,3.65675,0.6492146596858639,False,runs/pendulum/unified_mechanism_v2/paired_layer_control/large_seed3407/short_common_scan/B/videos/B_286/location_15.mp4,True,1.0,0,3.1720116400988023,0.01606342907524791,0.6563479798532003,181.5,True,True,blue,circle,0.06253205065497248,0.008133578586996681,0.023307793353622815,False,0.015625,nan
B_286,low,286,0,16,after block 15,15,2.5810241564462775,2.61825,5.57875,5.962375,-0.12958115183246055,False,runs/pendulum/unified_mechanism_v2/paired_layer_control/large_seed3407/short_common_scan/B/videos/B_286/location_16.mp4,True,1.0,0,3.243255397403835,0.018279461847568707,0.6349206369197823,197.0,True,True,blue,circle,0.06818742371577509,0.004172920653861883,0.020189465523347036,False,0.859375,-0.16753926701570665
B_286,low,286,0,17,after block 16,16,2.5810241564462775,2.61825,5.57875,5.915875,-0.11387434554973803,False,runs/pendulum/unified_mechanism_v2/paired_layer_control/large_seed3407/short_common_scan/B/videos/B_286/location_17.mp4,True,1.0,0,3.5249741880957424,0.017268027607924508,0.4812295610352592,200.0,True,True,blue,circle,0.09573488491477643,0.004295886442901224,0.008835296367336456,True,1.0,-0.10732984293193723
B_286,low,286,0,18,after block 17,17,2.5810241564462775,2.61825,5.57875,5.95075,-0.12565445026178007,False,runs/pendulum/unified_mechanism_v2/paired_layer_control/large_seed3407/short_common_scan/B/videos/B_286/location_18.mp4,True,1.0,0,3.9475953618225015,0.01712586564898433,0.6266441569698041,201.0,True,True,blue,circle,0.09661653014562052,0.0050066763055052685,0.009731486495133577,True,1.0,-0.12172774869109929
B_286,low,286,0,19,after block 18,18,2.5810241564462775,2.61825,5.57875,5.869375,-0.09816753926701552,False,runs/pendulum/unified_mechanism_v2/paired_layer_control/large_seed3407/short_common_scan/B/videos/B_286/location_19.mp4,True,1.0,0,2.931636405378226,0.01777914156754848,0.6266441569698041,199.5,True,True,blue,circle,0.09446871853081197,0.00654141899973277,0.010411897034005304,True,1.0,-0.09162303664921473
B_286,low,286,0,20,after block 19,19,2.5810241564462775,2.61825,5.57875,5.8035000000000005,-0.07591623036649223,False,runs/pendulum/unified_mechanism_v2/paired_layer_control/large_seed3407/short_common_scan/B/videos/B_286/location_20.mp4,True,1.0,0,3.2749712225566774,0.01698283571737577,0.6256383398873632,203.0,True,True,blue,circle,0.09542171309712892,0.005972688675934191,0.00877590995982008,True,1.0,-0.0732984293193716
B_286,low,286,0,21,after block 20,20,2.5810241564462775,2.61825,5.57875,5.788,-0.07068062827225129,False,runs/pendulum/unified_mechanism_v2/paired_layer_control/large_seed3407/short_common_scan/B/videos/B_286/location_21.mp4,True,1.0,0,3.2074734568640086,0.015998322386254454,0.7732599378258127,202.0,True,True,blue,circle,0.1001674977081331,0.004951845758960374,0.008193309626068422,True,1.0,-0.06937172774869113
B_286,low,286,0,22,after block 21,21,2.5810241564462775,2.61825,5.57875,5.791875,-0.07198952879581144,False,runs/pendulum/unified_mechanism_v2/paired_layer_control/large_seed3407/short_common_scan/B/videos/B_286/location_22.mp4,True,1.0,0,3.4129890574626387,0.017190670660796187,0.8787956139829585,204.0,True,True,blue,circle,0.09074397272321585,0.00232303839849902,0.006080355547230127,True,1.0,-0.07068062827225129
B_286,low,286,0,23,after block 22,22,2.5810241564462775,2.61825,5.57875,5.706625,-0.04319371727748675,False,runs/pendulum/unified_mechanism_v2/paired_layer_control/large_seed3407/short_common_scan/B/videos/B_286/location_23.mp4,True,1.0,0,3.1554174451430566,0.015863400736791045,0.9739754831061881,203.5,True,True,blue,circle,0.09360831300297782,0.0027963191876580044,0.006429280881612368,True,1.0,-0.04319371727748675
B_286,low,286,0,24,after block 23,23,2.5810241564462775,2.61825,5.57875,5.726,-0.049738219895287844,False,runs/pendulum/unified_mechanism_v2/paired_layer_control/large_seed3407/short_common_scan/B/videos/B_286/location_24.mp4,True,1.0,0,2.9040876036204835,0.01729109724872327,1.0523511322307653,205.0,True,True,blue,circle,0.09268464359614834,0.0028333625951013092,0.006631789072722242,True,1.0,-0.04842931937172768
B_286,low,286,0,25,after block 24,24,2.5810241564462775,2.61825,5.57875,5.65625,-0.02617801047120408,False,runs/pendulum/unified_mechanism_v2/paired_layer_control/large_seed3407/short_common_scan/B/videos/B_286/location_25.mp4,True,1.0,0,3.045131704048974,0.015986186984208006,1.218937784435735,209.0,True,True,blue,circle,0.10143715183482019,0.0014896222789436615,0.005749704141904068,True,1.0,-0.028795811518324697
B_286,low,286,0,26,after block 25,25,2.5810241564462775,2.61825,5.57875,5.64075,-0.020942408376963144,False,runs/pendulum/unified_mechanism_v2/paired_layer_control/large_seed3407/short_common_scan/B/videos/B_286/location_26.mp4,True,1.0,0,3.573809288159254,0.015987460022366284,1.3292761979574697,209.0,True,True,blue,circle,0.10133702454438027,0.002330309206701471,0.005417354641514806,True,1.0,-0.020942408376963144
B_286,low,286,0,27,after block 26,26,2.5810241564462775,2.61825,5.57875,5.62525,-0.01570680628272251,False,runs/pendulum/unified_mechanism_v2/paired_layer_control/large_seed3407/short_common_scan/B/videos/B_286/location_27.mp4,True,1.0,0,3.0948015531537263,0.015935558649653042,1.2974541345672026,210.0,True,True,blue,circle,0.10179215004103605,0.0019988478771609526,0.005307965862225791,True,1.0,-0.014397905759162348
B_286,low,286,0,28,after block 27,27,2.5810241564462775,2.61825,5.57875,5.5865,-0.002617801047120318,False,runs/pendulum/unified_mechanism_v2/paired_layer_control/large_seed3407/short_common_scan/B/videos/B_286/location_28.mp4,True,1.0,0,3.6958780514589833,0.016415260326674924,1.1455621262130007,209.5,True,True,blue,circle,0.10289149698471188,0.002068013065206852,0.005710374261238717,True,1.0,-0.002617801047120318
B_286,low,286,0,29,after block 28,28,2.5810241564462775,2.61825,5.57875,5.582625,-0.001308900523560159,False,runs/pendulum/unified_mechanism_v2/paired_layer_control/large_seed3407/short_common_scan/B/videos/B_286/location_29.mp4,True,1.0,0,3.8231492287961895,0.016157419291329383,1.2791197116099309,210.0,True,True,blue,circle,0.10294699698051238,0.0023042213917793667,0.005460923985668635,True,1.0,-0.001308900523560159
B_286,low,286,0,30,after block 29,29,2.5810241564462775,2.61825,5.57875,5.571,0.002617801047120618,False,runs/pendulum/unified_mechanism_v2/paired_layer_control/large_seed3407/short_common_scan/B/videos/B_286/location_30.mp4,True,1.0,0,3.3796461195199816,0.016842042713273997,1.2962570253370622,210.0,True,True,blue,circle,0.10288342207158613,0.0021762946740521353,0.005638756724897547,True,1.0,-0.0
B_303,low,303,0,0,embedding output,,2.5285657418684746,2.4167500000000004,5.4121250000000005,2.4206250000000002,0.998706338939198,True,runs/pendulum/unified_mechanism_v2/paired_layer_control/large_seed3407/short_common_scan/B/videos/B_303/location_00.mp4,True,1.0,0,1.0414055700421339,0.0013251514172999412,0.2032627933053528,191.0,True,True,red,circle,0.14220215584657828,-0.0021962002565795373,0.003992363084164958,True,0.984375,1.0
B_303,low,303,0,1,after block 0,0,2.5285657418684746,2.4167500000000004,5.4121250000000005,2.4245,0.9974126778783959,True,runs/pendulum/unified_mechanism_v2/paired_layer_control/large_seed3407/short_common_scan/B/videos/B_303/location_01.mp4,True,1.0,0,1.0414055700421339,0.001348697057571513,0.18220372130820348,191.0,True,True,red,circle,0.14210227137336598,-0.002194887888992247,0.003995203906943864,True,0.984375,1.0
B_303,low,303,0,2,after block 1,1,2.5285657418684746,2.4167500000000004,5.4121250000000005,2.4322500000000002,0.9948253557567918,True,runs/pendulum/unified_mechanism_v2/paired_layer_control/large_seed3407/short_common_scan/B/videos/B_303/location_02.mp4,True,1.0,0,1.1093927344703782,0.0014393398208369657,0.22903795639815708,190.5,True,True,red,circle,0.1420733071781303,-0.0020555811950828478,0.0041110159942688886,True,0.984375,0.996119016817594
B_303,low,303,0,3,after block 2,2,2.5285657418684746,2.4167500000000004,5.4121250000000005,2.4322500000000002,0.9948253557567918,True,runs/pendulum/unified_mechanism_v2/paired_layer_control/large_seed3407/short_common_scan/B/videos/B_303/location_03.mp4,True,1.0,0,1.070977140241068,0.0012908544752247009,0.11503856524588119,190.0,True,True,red,circle,0.14213053933216083,-0.002039091244010632,0.004117707693423103,True,0.984375,0.9974126778783959
B_303,low,303,0,4,after block 3,3,2.5285657418684746,2.4167500000000004,5.4121250000000005,2.436125,0.9935316946959898,True,runs/pendulum/unified_mechanism_v2/paired_layer_control/large_seed3407/short_common_scan/B/videos/B_303/location_04.mp4,True,1.0,0,1.0425615880532884,0.0013640571268579427,0.15983837963801886,190.0,True,True,red,circle,0.14215658387294047,-0.002093618400420669,0.0042039661822221245,True,0.984375,0.9935316946959898
B_303,low,303,0,5,after block 4,4,2.5285657418684746,2.4167500000000004,5.4121250000000005,2.436125,0.9935316946959898,True,runs/pendulum/unified_mechanism_v2/paired_layer_control/large_seed3407/short_common_scan/B/videos/B_303/location_05.mp4,True,1.0,0,1.005093974557237,0.0014063040832547613,0.11124083581187635,190.0,True,True,red,circle,0.14214002585750948,-0.0020486025798924024,0.004111604575549045,True,0.984375,0.9948253557567918
B_303,low,303,0,6,after block 5,5,2.5285657418684746,2.4167500000000004,5.4121250000000005,2.4787500000000002,0.9793014230271669,True,runs/pendulum/unified_mechanism_v2/paired_layer_control/large_seed3407/short_common_scan/B/videos/B_303/location_06.mp4,True,1.0,0,0.9630518583286644,0.0014266824199623829,0.07425860486859803,188.0,True,True,red,circle,0.1378424520194018,-0.00227062876874466,0.0049634003386393,True,0.984375,0.978007761966365
B_303,low,303,0,7,after block 6,6,2.5285657418684746,2.4167500000000004,5.4121250000000005,2.482625,0.978007761966365,True,runs/pendulum/unified_mechanism_v2/paired_layer_control/large_seed3407/short_common_scan/B/videos/B_303/location_07.mp4,True,1.0,0,1.005276935700569,0.0015335832001246164,0.16347224147521325,188.0,True,True,red,circle,0.1382786953242308,-0.0021986770789920937,0.005160305412235508,True,0.984375,0.9767141009055628
B_303,low,303,0,8,after block 7,7,2.5285657418684746,2.4167500000000004,5.4121250000000005,2.4865000000000004,0.9767141009055628,True,runs/pendulum/unified_mechanism_v2/paired_layer_control/large_seed3407/short_common_scan/B/videos/B_303/location_08.mp4,True,1.0,0,0.9555356288549438,0.001358150563939925,0.20601251394552672,188.0,True,True,red,circle,0.13831451293408828,-0.001955755246709776,0.005383963327760446,True,0.984375,0.9754204398447607
B_303,low,303,0,9,after block 8,8,2.5285657418684746,2.4167500000000004,5.4121250000000005,2.4903750000000002,0.9754204398447607,True,runs/pendulum/unified_mechanism_v2/paired_layer_control/large_seed3407/short_common_scan/B/videos/B_303/location_09.mp4,True,1.0,0,0.9954071208522395,0.0014107303832780194,0.24510676003688847,188.0,True,True,red,circle,0.1381848182801475,-0.001728744761354789,0.0054506900243254525,True,0.984375,0.9741267787839587
B_303,low,303,0,10,after block 9,9,2.5285657418684746,2.4167500000000004,5.4121250000000005,2.5097500000000004,0.9689521345407504,True,runs/pendulum/unified_mechanism_v2/paired_layer_control/large_seed3407/short_common_scan/B/videos/B_303/location_10.mp4,True,1.0,0,1.0110863188696468,0.0013350743463112213,0.3901428238848982,187.5,True,True,red,circle,0.1409058168800255,-0.001956890300622323,0.005691417081015825,True,0.984375,0.9676584734799483
B_303,low,303,0,11,after block 10,10,2.5285657418684746,2.4167500000000004,5.4121250000000005,2.5330000000000004,0.9611901681759379,True,runs/pendulum/unified_mechanism_v2/paired_layer_control/large_seed3407/short_common_scan/B/videos/B_303/location_11.mp4,True,1.0,0,1.131949687185548,0.0013662388728459818,0.4402926189542809,186.0,True,True,red,circle,0.1382142851923552,-0.0014515497815839199,0.005639046990376149,True,0.984375,0.9611901681759379
B_303,low,303,0,12,after block 11,11,2.5285657418684746,2.4167500000000004,5.4121250000000005,2.58725,0.9430789133247091,True,runs/pendulum/unified_mechanism_v2/paired_layer_control/large_seed3407/short_common_scan/B/videos/B_303/location_12.mp4,True,1.0,0,1.1645695153754771,0.0014918585356379077,0.8075889142842081,186.5,True,True,red,circle,0.13537761483282776,-0.0008274888381283916,0.005708378443503355,True,0.984375,0.944372574385511
B_303,low,303,0,13,after block 12,12,2.5285657418684746,2.4167500000000004,5.4121250000000005,2.637625,0.9262613195342821,True,runs/pendulum/unified_mechanism_v2/paired_layer_control/large_seed3407/short_common_scan/B/videos/B_303/location_13.mp4,True,1.0,0,2.353618130871838,0.0012977276257380155,2.0115387665115585,184.0,True,True,red,circle,0.13311656018902607,-5.0389253460972915e-05,0.00791255109918756,True,0.984375,0.9288486416558862
B_303,low,303,0,14,after block 13,13,2.5285657418684746,2.4167500000000004,5.4121250000000005,2.7655000000000003,0.8835705045278137,True,runs/pendulum/unified_mechanism_v2/paired_layer_control/large_seed3407/short_common_scan/B/videos/B_303/location_14.mp4,True,0.984375,1,1.0885017683575042,0.0011410772382337009,0.3620998589587532,173.0,True,True,red,circle,0.12147048833105788,0.0019853682816269066,0.008535054943703334,False,0.875,0.9159120310478654
B_303,low,303,0,15,after block 14,14,2.5285657418684746,2.4167500000000004,5.4121250000000005,2.777125,0.8796895213454077,False,runs/pendulum/unified_mechanism_v2/paired_layer_control/large_seed3407/short_common_scan/B/videos/B_303/location_15.mp4,True,1.0,0,3.211409376901062,0.014993733095421541,1.514144486349026,169.0,True,True,blue,circle,0.06536078627475353,0.009238952959269102,0.03661532296804729,False,0.015625,nan
B_303,low,303,0,16,after block 15,15,2.5285657418684746,2.4167500000000004,5.4121250000000005,5.4586250000000005,-0.015523932729624833,False,runs/pendulum/unified_mechanism_v2/paired_layer_control/large_seed3407/short_common_scan/B/videos/B_303/location_16.mp4,True,1.0,0,3.5813348509198115,0.016864458037392283,1.3682145604125149,194.0,True,True,blue,circle,0.10882499132088391,-0.00044552308876990215,0.016934548371500192,False,0.71875,-0.00517464424320808
B_303,low,303,0,17,after block 16,16,2.5285657418684746,2.4167500000000004,5.4121250000000005,5.667875,-0.08538163001293658,False,runs/pendulum/unified_mechanism_v2/paired_layer_control/large_seed3407/short_common_scan/B/videos/B_303/location_17.mp4,True,1.0,0,3.5390988920731123,0.017956786723513224,1.4151043697112822,200.0,True,True,blue,circle,0.11982615207707985,0.0010092074814951957,0.010714897781336665,True,1.0,-0.08279430789133224
B_303,low,303,0,18,after block 17,17,2.5285657418684746,2.4167500000000004,5.4121250000000005,5.745375,-0.11125485122897787,False,runs/pendulum/unified_mechanism_v2/paired_layer_control/large_seed3407/short_common_scan/B/videos/B_303/location_18.mp4,True,1.0,0,3.1161087664734377,0.015547255447553698,1.1538590844180403,198.0,True,True,blue,circle,0.1199473551477566,0.0020550749711552145,0.009448242155378648,True,1.0,-0.10996119016817585
B_303,low,303,0,19,after block 18,18,2.5285657418684746,2.4167500000000004,5.4121250000000005,5.5981250000000005,-0.062095730918499334,False,runs/pendulum/unified_mechanism_v2/paired_layer_control/large_seed3407/short_common_scan/B/videos/B_303/location_19.mp4,True,1.0,0,3.4562139814122714,0.01649327466803488,1.1901404008559275,199.5,True,True,blue,circle,0.12017964336660315,0.004221386256099456,0.008717232090171789,True,1.0,-0.06338939197930135
B_303,low,303,0,20,after block 19,19,2.5285657418684746,2.4167500000000004,5.4121250000000005,5.567125,-0.05174644243208258,False,runs/pendulum/unified_mechanism_v2/paired_layer_control/large_seed3407/short_common_scan/B/videos/B_303/location_20.mp4,True,1.0,0,3.4523773910644717,0.016954882033691637,1.072592266613005,201.5,True,True,blue,circle,0.12490346453764123,0.0029974256153047813,0.008042348869770335,True,1.0,-0.05045278137128056
B_303,low,303,0,21,after block 20,20,2.5285657418684746,2.4167500000000004,5.4121250000000005,5.571,-0.0530401034928846,False,runs/pendulum/unified_mechanism_v2/paired_layer_control/large_seed3407/short_common_scan/B/videos/B_303/location_21.mp4,True,1.0,0,3.4764001088218444,0.01649297521808274,1.0775546016309319,201.0,True,True,blue,circle,0.13074734893131418,0.0027877561981606894,0.007904170040706208,True,1.0,-0.05174644243208258
B_303,low,303,0,22,after block 21,21,2.5285657418684746,2.4167500000000004,5.4121250000000005,5.60975,-0.06597671410090539,False,runs/pendulum/unified_mechanism_v2/paired_layer_control/large_seed3407/short_common_scan/B/videos/B_303/location_22.mp4,True,1.0,0,2.6999861746555456,0.01670523260438586,1.4157812347585408,202.0,True,True,blue,circle,0.11892777230272848,-0.00032798294492011616,0.005118182576357776,True,1.0,-0.06597671410090539
B_303,low,303,0,23,after block 22,22,2.5285657418684746,2.4167500000000004,5.4121250000000005,5.5245,-0.03751617076325976,False,runs/pendulum/unified_mechanism_v2/paired_layer_control/large_seed3407/short_common_scan/B/videos/B_303/location_23.mp4,True,1.0,0,3.7929440386070876,0.01737525502825879,1.397129822785162,203.5,True,True,blue,circle,0.12201076651999372,0.0014735691840503866,0.006292359871802293,True,1.0,-0.038809831824062085
B_303,low,303,0,24,after block 23,23,2.5285657418684746,2.4167500000000004,5.4121250000000005,5.5283750000000005,-0.038809831824062085,False,runs/pendulum/unified_mechanism_v2/paired_layer_control/large_seed3407/short_common_scan/B/videos/B_303/location_24.mp4,True,1.0,0,3.9288607387470695,0.01735449504908393,1.3624159947411876,205.0,True,True,blue,circle,0.12215305831229134,0.001295027498629877,0.006536790367316688,True,1.0,-0.0401034928848641
B_303,low,303,0,25,after block 24,24,2.5285657418684746,2.4167500000000004,5.4121250000000005,5.50125,-0.02975420439844735,False,runs/pendulum/unified_mechanism_v2/paired_layer_control/large_seed3407/short_common_scan/B/videos/B_303/location_25.mp4,True,1.0,0,2.791405750951896,0.017064156054017288,1.7452146136199227,208.5,True,True,blue,circle,0.13052681890444123,0.0005871684548883458,0.006576550125382489,True,1.0,-0.02975420439844735
B_303,low,303,0,26,after block 25,25,2.5285657418684746,2.4167500000000004,5.4121250000000005,5.4818750000000005,-0.02328589909443725,False,runs/pendulum/unified_mechanism_v2/paired_layer_control/large_seed3407/short_common_scan/B/videos/B_303/location_26.mp4,True,1.0,0,2.818644957244218,0.017050187342706746,2.0577334477556044,208.0,True,True,blue,circle,0.13022422938585543,0.001274314356213379,0.006175603903536694,True,1.0,-0.02457956015523927
B_303,low,303,0,27,after block 26,26,2.5285657418684746,2.4167500000000004,5.4121250000000005,5.466375,-0.018111254851228872,False,runs/pendulum/unified_mechanism_v2/paired_layer_control/large_seed3407/short_common_scan/B/videos/B_303/location_27.mp4,True,1.0,0,3.6863472972123428,0.01692998273959742,2.31177950392126,209.0,True,True,blue,circle,0.1313529729617948,0.0008475263362715281,0.005946854140406345,True,1.0,-0.018111254851228872
B_303,low,303,0,28,after block 27,27,2.5285657418684746,2.4167500000000004,5.4121250000000005,5.419875,-0.00258732212160404,False,runs/pendulum/unified_mechanism_v2/paired_layer_control/large_seed3407/short_common_scan/B/videos/B_303/location_28.mp4,True,1.0,0,3.300810987295428,0.017725991185375906,2.753240134458772,211.0,True,True,blue,circle,0.13320444978149573,0.0008788031743167221,0.0066185893933531454,True,1.0,-0.00388098318240606
B_303,low,303,0,29,after block 28,28,2.5285657418684746,2.4167500000000004,5.4121250000000005,5.416,-0.00129366106080202,False,runs/pendulum/unified_mechanism_v2/paired_layer_control/large_seed3407/short_common_scan/B/videos/B_303/location_29.mp4,True,1.0,0,3.4035743555997597,0.01758880258986742,2.7499686721682566,211.5,True,True,blue,circle,0.13367057735833193,0.0008884659943211833,0.00656205679582228,True,1.0,-0.00258732212160404
B_303,low,303,0,30,after block 29,29,2.5285657418684746,2.4167500000000004,5.4121250000000005,5.4121250000000005,-0.0,False,runs/pendulum/unified_mechanism_v2/paired_layer_control/large_seed3407/short_common_scan/B/videos/B_303/location_30.mp4,True,1.0,0,2.966707719370895,0.017412813644538006,2.9853285876095734,211.5,True,True,blue,circle,0.1337440816398568,0.001044200092816996,0.006871415582060442,True,1.0,-0.0
B_304,low,304,0,0,embedding output,,2.430624559438521,2.3237500000000004,6.2646250000000006,2.319875,1.0009832841691249,True,runs/pendulum/unified_mechanism_v2/paired_layer_control/large_seed3407/short_common_scan/B/videos/B_304/location_00.mp4,True,1.0,0,0.7292441219602959,0.0017828489835416683,0.7626293920508089,189.5,True,True,red,circle,0.10544476889231125,-0.004268496197624081,0.003615951203688675,True,0.984375,1.0019665683382497
B_304,low,304,0,1,after block 0,0,2.430624559438521,2.3237500000000004,6.2646250000000006,2.319875,1.0009832841691249,True,runs/pendulum/unified_mechanism_v2/paired_layer_control/large_seed3407/short_common_scan/B/videos/B_304/location_01.mp4,True,1.0,0,0.8065326713456678,0.0017697301941637933,0.8372011701377632,190.0,True,True,red,circle,0.10535619150552705,-0.00429980138028715,0.003747214974424096,True,0.984375,1.0
B_304,low,304,0,2,after block 1,1,2.430624559438521,2.3237500000000004,6.2646250000000006,2.312125,1.0029498525073748,True,runs/pendulum/unified_mechanism_v2/paired_layer_control/large_seed3407/short_common_scan/B/videos/B_304/location_02.mp4,True,1.0,0,0.7471624136960628,0.0017263813770325431,0.793685113251638,189.0,True,True,red,circle,0.10559910529398725,-0.0038988242253210743,0.0035770709027705887,True,0.984375,1.0029498525073748
B_304,low,304,0,3,after block 2,2,2.430624559438521,2.3237500000000004,6.2646250000000006,2.30825,1.0039331366764996,True,runs/pendulum/unified_mechanism_v2/paired_layer_control/large_seed3407/short_common_scan/B/videos/B_304/location_03.mp4,True,1.0,0,0.8006402225328564,0.0017692649952563977,0.7966770271657712,189.0,True,True,red,circle,0.10566719314419273,-0.003949493919619444,0.003717937880871291,True,0.984375,1.0039331366764996
B_304,low,304,0,4,after block 3,3,2.430624559438521,2.3237500000000004,6.2646250000000006,2.312125,1.0029498525073748,True,runs/pendulum/unified_mechanism_v2/paired_layer_control/large_seed3407/short_common_scan/B/videos/B_304/location_04.mp4,True,1.0,0,0.7943735084898167,0.0016873981104896518,0.761835261383258,189.0,True,True,red,circle,0.1058984330213423,-0.003925900766785017,0.003781844152394947,True,0.984375,1.0029498525073748
B_304,low,304,0,5,after block 4,4,2.430624559438521,2.3237500000000004,6.2646250000000006,2.30825,1.0039331366764996,True,runs/pendulum/unified_mechanism_v2/paired_layer_control/large_seed3407/short_common_scan/B/videos/B_304/location_05.mp4,True,1.0,0,0.7332517310871879,0.0016715565829780454,0.761835261383258,189.5,True,True,red,circle,0.10615394597014514,-0.003980305825318626,0.0034828435502425687,True,0.984375,1.0049164208456245
B_304,low,304,0,6,after block 5,5,2.430624559438521,2.3237500000000004,6.2646250000000006,2.564,0.9390363815142577,True,runs/pendulum/unified_mechanism_v2/paired_layer_control/large_seed3407/short_common_scan/B/videos/B_304/location_06.mp4,True,1.0,0,2.612393174666392,0.0010974416335756965,2.4835967927687808,183.0,True,True,red,circle,0.07803082203752389,-0.007393558873747523,0.012595511448171927,True,0.984375,0.9370698131760079
B_304,low,304,0,7,after block 6,6,2.430624559438521,2.3237500000000004,6.2646250000000006,2.5988750000000005,0.9301868239921337,True,runs/pendulum/unified_mechanism_v2/paired_layer_control/large_seed3407/short_common_scan/B/videos/B_304/location_07.mp4,True,1.0,0,3.119541941017983,0.001063258245220966,2.878383758129996,182.5,True,True,red,circle,0.07824445167301412,-0.00773631626951166,0.01296341428942029,True,0.984375,0.9252704031465094
B_304,low,304,0,8,after block 7,7,2.430624559438521,2.3237500000000004,6.2646250000000006,2.6415,0.9193706981317601,True,runs/pendulum/unified_mechanism_v2/paired_layer_control/large_seed3407/short_common_scan/B/videos/B_304/location_08.mp4,True,0.984375,1,0.8705568245244717,0.0010002166351963382,1.3660543528932685,181.0,True,True,red,circle,0.07753327023915449,-0.007798365742463659,0.013608303056626253,True,0.984375,0.9154375614552607
B_304,low,304,0,9,after block 8,8,2.430624559438521,2.3237500000000004,6.2646250000000006,2.637625,0.920353982300885,True,runs/pendulum/unified_mechanism_v2/paired_layer_control/large_seed3407/short_common_scan/B/videos/B_304/location_09.mp4,True,0.984375,1,0.8705568245244717,0.0009061195839217828,1.3310042944801683,182.0,True,True,red,circle,0.07720130643349621,-0.007878860647211888,0.013610035545999724,True,0.984375,0.9154375614552607
B_304,low,304,0,10,after block 9,9,2.430624559438521,2.3237500000000004,6.2646250000000006,2.471,0.9626352015732548,True,runs/pendulum/unified_mechanism_v2/paired_layer_control/large_seed3407/short_common_scan/B/videos/B_304/location_10.mp4,True,0.984375,1,0.7792399043986271,0.0009675424569531299,1.3660543528932685,182.0,True,True,red,circle,0.07824025003579815,-0.007133414711602578,0.013932202080395412,True,0.984375,0.9587020648967551
B_304,low,304,0,11,after block 10,10,2.430624559438521,2.3237500000000004,6.2646250000000006,2.54075,0.944936086529007,True,runs/pendulum/unified_mechanism_v2/paired_layer_control/large_seed3407/short_common_scan/B/videos/B_304/location_11.mp4,True,0.984375,1,0.8323743656439241,0.0009753616774191842,1.404736201847338,181.0,True,True,red,circle,0.07603612971779615,-0.007531643997320026,0.014837905474472262,True,0.984375,0.9400196656833826
B_304,low,304,0,12,after block 11,11,2.430624559438521,2.3237500000000004,6.2646250000000006,2.66475,0.9134709931170109,True,runs/pendulum/unified_mechanism_v2/paired_layer_control/large_seed3407/short_common_scan/B/videos/B_304/location_12.mp4,True,0.984375,1,0.9013386671890362,0.0007447822735754395,1.429136231596967,180.0,True,True,red,circle,0.06591511230596257,-0.008772692462467372,0.019311234029230986,True,0.984375,0.9095378564405114
B_304,low,304,0,13,after block 12,12,2.430624559438521,2.3237500000000004,6.2646250000000006,3.029,0.8210422812192725,True,runs/pendulum/unified_mechanism_v2/paired_layer_control/large_seed3407/short_common_scan/B/videos/B_304/location_13.mp4,True,0.984375,1,0.6864592899584251,0.0007967237900598501,1.5091016760887792,176.0,True,True,red,circle,0.05968942043977938,-0.009866828402648041,0.024049005655568452,True,0.984375,0.823992133726647
B_304,low,304,0,14,after block 13,13,2.430624559438521,2.3237500000000004,6.2646250000000006,2.908875,0.8515240904621436,False,runs/pendulum/unified_mechanism_v2/paired_layer_control/large_seed3407/short_common_scan/B/videos/B_304/location_14.mp4,True,1.0,0,10.92780914972379,0.022786423752301943,2.437604980726435,124.5,True,True,blue,circle,0.0317782121435757,0.007627422333388843,0.015965672801120944,False,0.015625,nan
B_304,low,304,0,15,after block 14,14,2.430624559438521,2.3237500000000004,6.2646250000000006,4.536375,0.4385447394296954,False,runs/pendulum/unified_mechanism_v2/paired_layer_control/large_seed3407/short_common_scan/B/videos/B_304/location_15.mp4,True,1.0,0,3.241090203051855,0.016776496210521796,1.6051234873878137,183.5,True,True,blue,circle,0.057373713812315055,0.0057519483809974166,0.025902836299816497,False,0.03125,nan
B_304,low,304,0,16,after block 15,15,2.430624559438521,2.3237500000000004,6.2646250000000006,4.7805,0.37659783677482805,False,runs/pendulum/unified_mechanism_v2/paired_layer_control/large_seed3407/short_common_scan/B/videos/B_304/location_16.mp4,True,1.0,0,2.915394600921684,0.01826406851221027,1.8503982669599857,196.0,True,True,blue,circle,0.06686760141189535,0.004624827602508703,0.02675408859399449,False,0.875,0.49655850540806296
B_304,low,304,0,17,after block 16,16,2.430624559438521,2.3237500000000004,6.2646250000000006,5.071125,0.3028515240904622,False,runs/pendulum/unified_mechanism_v2/paired_layer_control/large_seed3407/short_common_scan/B/videos/B_304/location_17.mp4,True,1.0,0,3.028931910223727,0.018069057779853265,1.7142598704007401,198.0,True,True,blue,circle,0.0641209497399647,0.006020798000595875,0.030457942349822405,True,1.0,0.3244837758112096
B_304,low,304,0,18,after block 17,17,2.430624559438521,2.3237500000000004,6.2646250000000006,6.4273750000000005,-0.04129793510324482,False,runs/pendulum/unified_mechanism_v2/paired_layer_control/large_seed3407/short_common_scan/B/videos/B_304/location_18.mp4,True,1.0,0,3.652096458224764,0.018003013033356247,2.3471395629086778,199.5,True,True,blue,circle,0.06170880932728831,0.0020380376232663716,0.01681682200240686,True,1.0,-0.03146509341199598
B_304,low,304,0,19,after block 18,18,2.430624559438521,2.3237500000000004,6.2646250000000006,6.43125,-0.04228121927236966,False,runs/pendulum/unified_mechanism_v2/paired_layer_control/large_seed3407/short_common_scan/B/videos/B_304/location_19.mp4,True,1.0,0,3.476266660156952,0.018937242109351132,1.9577519417644318,200.0,True,True,blue,circle,0.05711568970669234,0.003496678985267987,0.016944726879527697,True,1.0,-0.0344149459193705
B_304,low,304,0,20,after block 19,19,2.430624559438521,2.3237500000000004,6.2646250000000006,6.489375,-0.0570304818092427,False,runs/pendulum/unified_mechanism_v2/paired_layer_control/large_seed3407/short_common_scan/B/videos/B_304/location_20.mp4,True,1.0,0,3.4026888096573047,0.01826749151513757,2.11039860070936,203.5,True,True,blue,circle,0.05753708739117085,0.0037130493189556344,0.017312787738800996,True,1.0,-0.05309734513274335
B_304,low,304,0,21,after block 20,20,2.430624559438521,2.3237500000000004,6.2646250000000006,6.36925,-0.02654867256637156,False,runs/pendulum/unified_mechanism_v2/paired_layer_control/large_seed3407/short_common_scan/B/videos/B_304/location_21.mp4,True,1.0,0,3.13865158091145,0.01851379330577521,2.7784923705043783,203.0,True,True,blue,circle,0.0693959933722808,0.0025146458562562324,0.011740106336305409,True,1.0,-0.022615535889871977
B_304,low,304,0,22,after block 21,21,2.430624559438521,2.3237500000000004,6.2646250000000006,6.442875,-0.045231071779744184,False,runs/pendulum/unified_mechanism_v2/paired_layer_control/large_seed3407/short_common_scan/B/videos/B_304/location_22.mp4,True,1.0,0,3.615038936965274,0.01847224401872205,2.712240529780999,203.0,True,True,blue,circle,0.062220363964587744,-0.0001640094578758524,0.007818666152877433,True,1.0,-0.0432645034414945
B_304,low,304,0,23,after block 22,22,2.430624559438521,2.3237500000000004,6.2646250000000006,6.284,-0.004916420845624196,False,runs/pendulum/unified_mechanism_v2/paired_layer_control/large_seed3407/short_common_scan/B/videos/B_304/location_23.mp4,True,1.0,0,3.3429547692575614,0.018654325747336914,1.8699368425619747,204.0,True,True,blue,circle,0.06340063349832625,0.00014247304675744782,0.006646075658479921,True,1.0,-0.0068829891838741
B_304,low,304,0,24,after block 23,23,2.430624559438521,2.3237500000000004,6.2646250000000006,6.38475,-0.030481809242871142,False,runs/pendulum/unified_mechanism_v2/paired_layer_control/large_seed3407/short_common_scan/B/videos/B_304/location_24.mp4,True,1.0,0,3.369306951952253,0.0183370283905904,1.7596844403435947,204.0,True,True,blue,circle,0.057077546398030886,0.0006258110097583552,0.007137298918389739,True,1.0,-0.029498525073746302
B_304,low,304,0,25,after block 24,24,2.430624559438521,2.3237500000000004,6.2646250000000006,6.26075,0.0009832841691250645,False,runs/pendulum/unified_mechanism_v2/paired_layer_control/large_seed3407/short_common_scan/B/videos/B_304/location_25.mp4,True,1.0,0,3.5017959366040308,0.01678704680542814,2.0214585196012385,206.5,True,True,blue,circle,0.06795429703839884,-0.0002769393187780939,0.006867153507342328,True,1.0,-0.0
B_304,low,304,0,26,after block 25,25,2.430624559438521,2.3237500000000004,6.2646250000000006,6.272375,-0.0019665683382496784,False,runs/pendulum/unified_mechanism_v2/paired_layer_control/large_seed3407/short_common_scan/B/videos/B_304/location_26.mp4,True,1.0,0,3.638694798324862,0.017666235413857784,2.339584685315289,205.5,True,True,blue,circle,0.06771102880005972,0.0004326793216654358,0.006386838971887721,True,1.0,-0.003933136676499357
B_304,low,304,0,27,after block 26,26,2.430624559438521,2.3237500000000004,6.2646250000000006,6.303375,-0.009832841691248618,False,runs/pendulum/unified_mechanism_v2/paired_layer_control/large_seed3407/short_common_scan/B/videos/B_304/location_27.mp4,True,1.0,0,3.1274602478392315,0.01751495959745078,2.6357583869875896,207.5,True,True,blue,circle,0.06820963825716683,0.0002652363959201397,0.005860935279444131,True,1.0,-0.009832841691248618
B_304,low,304,0,28,after block 27,27,2.430624559438521,2.3237500000000004,6.2646250000000006,6.280125,-0.003933136676499357,False,runs/pendulum/unified_mechanism_v2/paired_layer_control/large_seed3407/short_common_scan/B/videos/B_304/location_28.mp4,True,1.0,0,3.3936486722298747,0.017886159052686285,2.4689506657987894,207.0,True,True,blue,circle,0.06919059001280098,0.00018353884713885084,0.005620475751772714,True,1.0,-0.005899705014749261
B_304,low,304,0,29,after block 28,28,2.430624559438521,2.3237500000000004,6.2646250000000006,6.272375,-0.0019665683382496784,False,runs/pendulum/unified_mechanism_v2/paired_layer_control/large_seed3407/short_common_scan/B/videos/B_304/location_29.mp4,True,1.0,0,3.442673237388019,0.018133006444197575,2.5365286383419536,208.5,True,True,blue,circle,0.06856437098231313,0.00044238516736524157,0.0050953818674486576,True,1.0,-0.003933136676499357
B_304,low,304,0,30,after block 29,29,2.430624559438521,2.3237500000000004,6.2646250000000006,6.253,0.002949852507374743,False,runs/pendulum/unified_mechanism_v2/paired_layer_control/large_seed3407/short_common_scan/B/videos/B_304/location_30.mp4,True,1.0,0,3.491002520478064,0.017838423106752294,2.442147894215858,208.5,True,True,blue,circle,0.06843839637625432,0.0004732005721948798,0.005718017836945752,True,1.0,-0.0
B_313,low,313,0,0,embedding output,,2.212744270080598,2.226875,5.90425,2.2385,0.9968387776606955,True,runs/pendulum/unified_mechanism_v2/paired_layer_control/large_seed3407/short_common_scan/B/videos/B_313/location_00.mp4,True,1.0,0,1.3195873716931452,0.0009309979677175617,0.6478140991553926,193.0,True,True,red,circle,0.13841816781345137,0.0066339243599988565,0.004246202926365505,True,0.984375,0.9978925184404636
B_313,low,313,0,1,after block 0,0,2.212744270080598,2.226875,5.90425,2.24625,0.9947312961011592,True,runs/pendulum/unified_mechanism_v2/paired_layer_control/large_seed3407/short_common_scan/B/videos/B_313/location_01.mp4,True,1.0,0,1.7297584348941046,0.0011114859341981864,1.0682897758154746,193.0,True,True,red,circle,0.13837816187434623,0.006218287426723591,0.004616395431098094,True,0.984375,0.9978925184404636
B_313,low,313,0,2,after block 1,1,2.212744270080598,2.226875,5.90425,2.242375,0.9957850368809273,True,runs/pendulum/unified_mechanism_v2/paired_layer_control/large_seed3407/short_common_scan/B/videos/B_313/location_02.mp4,True,1.0,0,1.3403114168527936,0.001037850496791004,0.6478140991553926,192.5,True,True,red,circle,0.1385329634882076,0.006575600792806446,0.004452246961493182,True,0.984375,0.9978925184404636
B_313,low,313,0,3,after block 2,2,2.212744270080598,2.226875,5.90425,2.242375,0.9957850368809273,True,runs/pendulum/unified_mechanism_v2/paired_layer_control/large_seed3407/short_common_scan/B/videos/B_313/location_03.mp4,True,1.0,0,1.6190920742931545,0.0011063035425537826,1.0024514381702172,193.0,True,True,red,circle,0.13851771437303448,0.006429170203132611,0.004492116380755826,True,0.984375,0.9978925184404636
B_313,low,313,0,4,after block 3,3,2.212744270080598,2.226875,5.90425,2.242375,0.9957850368809273,True,runs/pendulum/unified_mechanism_v2/paired_layer_control/large_seed3407/short_common_scan/B/videos/B_313/location_04.mp4,True,1.0,0,1.6575532924957348,0.001046080566831864,1.269919590089162,192.5,True,True,red,circle,0.13876443490004672,0.006564335669504841,0.0043434506858248375,True,0.984375,0.9978925184404636
B_313,low,313,0,5,after block 4,4,2.212744270080598,2.226875,5.90425,2.24625,0.9947312961011592,True,runs/pendulum/unified_mechanism_v2/paired_layer_control/large_seed3407/short_common_scan/B/videos/B_313/location_05.mp4,True,1.0,0,1.923032651898782,0.001029601922496931,1.4171887914714363,193.0,True,True,red,circle,0.13871623307988223,0.006238000071977626,0.00449915435354938,True,0.984375,0.9978925184404636
B_313,low,313,0,6,after block 5,5,2.212744270080598,2.226875,5.90425,2.4438750000000002,0.940990516332982,True,runs/pendulum/unified_mechanism_v2/paired_layer_control/large_seed3407/short_common_scan/B/videos/B_313/location_06.mp4,True,0.984375,1,0.9643475506722917,0.001152298656360684,1.1922016935922195,188.0,True,True,red,circle,0.11718360497280253,0.004196594676055537,0.010099518200265105,True,0.984375,0.9357218124341411
B_313,low,313,0,7,after block 6,6,2.212744270080598,2.226875,5.90425,2.44775,0.939936775553214,True,runs/pendulum/unified_mechanism_v2/paired_layer_control/large_seed3407/short_common_scan/B/videos/B_313/location_07.mp4,True,0.984375,1,0.9643475506722917,0.001096390548857018,1.2081942392927452,188.0,True,True,red,circle,0.11752446868086928,0.0042072387700289446,0.010255315173046313,True,0.984375,0.9357218124341411
B_313,low,313,0,8,after block 7,7,2.212744270080598,2.226875,5.90425,2.498125,0.9262381454162276,True,runs/pendulum/unified_mechanism_v2/paired_layer_control/large_seed3407/short_common_scan/B/videos/B_313/location_08.mp4,True,0.984375,1,0.9262250442340645,0.0011276175684996614,1.2291368360225514,188.0,True,True,red,circle,0.11682915922295099,0.0034787394756487103,0.010491701407121327,True,0.984375,0.923076923076923
B_313,low,313,0,9,after block 8,8,2.212744270080598,2.226875,5.90425,2.498125,0.9262381454162276,True,runs/pendulum/unified_mechanism_v2/paired_layer_control/large_seed3407/short_common_scan/B/videos/B_313/location_09.mp4,True,0.984375,1,0.9808410110390262,0.0012180109937897643,1.2724026357237153,188.0,True,True,red,circle,0.11685901839630225,0.003399637608037672,0.010582988044244006,True,0.984375,0.923076923076923
B_313,low,313,0,10,after block 9,9,2.212744270080598,2.226875,5.90425,2.451625,0.9388830347734458,True,runs/pendulum/unified_mechanism_v2/paired_layer_control/large_seed3407/short_common_scan/B/videos/B_313/location_10.mp4,True,0.984375,1,1.1515528439521407,0.0011429686019984175,1.3877574668335935,187.0,True,True,red,circle,0.1179455674198835,0.0037255343747476816,0.010612578711078144,True,0.984375,0.934668071654373
B_313,low,313,0,11,after block 10,10,2.212744270080598,2.226875,5.90425,2.536875,0.9157007376185459,True,runs/pendulum/unified_mechanism_v2/paired_layer_control/large_seed3407/short_common_scan/B/videos/B_313/location_11.mp4,True,0.984375,1,1.038511577880498,0.0013139294402341184,1.2994435180051598,187.0,True,True,red,circle,0.11579733368388719,0.002812095741609908,0.011165009815329197,True,0.984375,0.9125395152792413
B_313,low,313,0,12,after block 11,11,2.212744270080598,2.226875,5.90425,2.660875,0.8819810326659643,True,runs/pendulum/unified_mechanism_v2/paired_layer_control/large_seed3407/short_common_scan/B/videos/B_313/location_12.mp4,True,0.984375,1,0.8975352148262048,0.001581308654197977,1.2104738862790534,185.0,True,True,red,circle,0.10853934744136666,0.002023425705768984,0.01333534029586468,True,0.984375,0.8767123287671234
B_313,low,313,0,13,after block 12,12,2.212744270080598,2.226875,5.90425,2.746125,0.8587987355110643,True,runs/pendulum/unified_mechanism_v2/paired_layer_control/large_seed3407/short_common_scan/B/videos/B_313/location_13.mp4,True,0.984375,1,0.8781208628941625,0.0013310630245046973,1.2291368360225514,181.0,True,True,red,circle,0.10022710639639085,0.0014938874124011724,0.01712767914989481,True,0.984375,0.856691253951528
B_313,low,313,0,14,after block 13,13,2.212744270080598,2.226875,5.90425,2.9515000000000002,0.8029504741833509,True,runs/pendulum/unified_mechanism_v2/paired_layer_control/large_seed3407/short_common_scan/B/videos/B_313/location_14.mp4,True,0.984375,1,0.9356470801087932,0.0011033044600802233,1.1821135209055063,171.0,True,True,red,circle,0.08188900494218015,0.0023257747500128167,0.02491142215081435,False,0.0625,nan
B_313,low,313,0,15,after block 14,14,2.212744270080598,2.226875,5.90425,1.2000000000000002,1.2792413066385668,False,runs/pendulum/unified_mechanism_v2/paired_layer_control/large_seed3407/short_common_scan/B/videos/B_313/location_15.mp4,True,1.0,0,3.428310229123715,0.015287848655936492,2.513442742654399,184.5,True,True,blue,circle,0.0843156281478832,0.05820691090648798,0.035000808186685196,False,0.015625,nan
B_313,low,313,0,16,after block 15,15,2.212744270080598,2.226875,5.90425,6.675375,-0.2096944151738671,False,runs/pendulum/unified_mechanism_v2/paired_layer_control/large_seed3407/short_common_scan/B/videos/B_313/location_16.mp4,True,1.0,0,2.7020590660318855,0.014874008242463405,2.4898957292529937,192.0,True,True,blue,circle,0.054241181197008076,0.011357841659785744,0.031451239690964326,False,0.6875,-0.14436248682824024
B_313,low,313,0,17,after block 16,16,2.212744270080598,2.226875,5.90425,6.249125,-0.09378292939936776,False,runs/pendulum/unified_mechanism_v2/paired_layer_control/large_seed3407/short_common_scan/B/videos/B_313/location_17.mp4,True,1.0,0,4.151853054745928,0.0183089955940188,2.5906416390251374,201.0,True,True,blue,circle,0.08667281636254384,0.008158077087053368,0.011574091630454727,True,1.0,-0.07165437302423594
B_313,low,313,0,18,after block 17,17,2.212744270080598,2.226875,5.90425,6.233625,-0.08956796628029498,False,runs/pendulum/unified_mechanism_v2/paired_layer_control/large_seed3407/short_common_scan/B/videos/B_313/location_18.mp4,True,1.0,0,3.6875358056098344,0.01803226676495684,2.1251121726435906,199.5,True,True,blue,circle,0.08937391978937978,0.009301040620478256,0.012692198639193323,True,1.0,-0.07481559536354059
B_313,low,313,0,19,after block 18,18,2.212744270080598,2.226875,5.90425,6.187125,-0.07692307692307686,False,runs/pendulum/unified_mechanism_v2/paired_layer_control/large_seed3407/short_common_scan/B/videos/B_313/location_19.mp4,True,1.0,0,3.898834771720661,0.017061663608104988,2.177854371343396,200.0,True,True,blue,circle,0.0857136437015683,0.010665883435882593,0.012479707843745413,True,1.0,-0.06638566912539501
B_313,low,313,0,20,after block 19,19,2.212744270080598,2.226875,5.90425,6.1755,-0.07376185458377245,False,runs/pendulum/unified_mechanism_v2/paired_layer_control/large_seed3407/short_common_scan/B/videos/B_313/location_20.mp4,True,1.0,0,4.225519306345927,0.016882558169049128,2.135355648517241,202.5,True,True,blue,circle,0.08394187303028787,0.00935581756777546,0.010857052930846049,True,1.0,-0.07270811380400431
B_313,low,313,0,21,after block 20,20,2.212744270080598,2.226875,5.90425,6.117375,-0.05795574288724968,False,runs/pendulum/unified_mechanism_v2/paired_layer_control/large_seed3407/short_common_scan/B/videos/B_313/location_21.mp4,True,1.0,0,4.069956201603949,0.01652087835213889,2.2553214275991023,202.5,True,True,blue,circle,0.09031760500957267,0.007881162226327065,0.009044543675361614,True,1.0,-0.05795574288724968
B_313,low,313,0,22,after block 21,21,2.212744270080598,2.226875,5.90425,6.13675,-0.0632244467860906,False,runs/pendulum/unified_mechanism_v2/paired_layer_control/large_seed3407/short_common_scan/B/videos/B_313/location_22.mp4,True,1.0,0,3.7748744892414656,0.015059636426263484,1.8532145948289287,201.0,True,True,blue,circle,0.08152741709042502,0.004255963740256528,0.005901688463188518,True,1.0,-0.0632244467860906
B_313,low,313,0,23,after block 22,22,2.212744270080598,2.226875,5.90425,6.0205,-0.0316122233930453,False,runs/pendulum/unified_mechanism_v2/paired_layer_control/large_seed3407/short_common_scan/B/videos/B_313/location_23.mp4,True,1.0,0,3.8917507865348835,0.015566392211994823,1.5552945922576802,202.5,True,True,blue,circle,0.08224982621422279,0.004776169741177781,0.006764270241158872,True,1.0,-0.032665964172813436
B_313,low,313,0,24,after block 23,23,2.212744270080598,2.226875,5.90425,6.04375,-0.03793466807165436,False,runs/pendulum/unified_mechanism_v2/paired_layer_control/large_seed3407/short_common_scan/B/videos/B_313/location_24.mp4,True,1.0,0,3.6584891835956785,0.016126513165015788,1.5710358579797896,205.0,True,True,blue,circle,0.08099197476551209,0.0049528060954775995,0.006123865872960326,True,1.0,-0.0389884088514225
B_313,low,313,0,25,after block 24,24,2.212744270080598,2.226875,5.90425,6.001125,-0.026343519494204378,False,runs/pendulum/unified_mechanism_v2/paired_layer_control/large_seed3407/short_common_scan/B/videos/B_313/location_25.mp4,True,1.0,0,3.6058816438301977,0.016319098441512553,1.4446594939594983,209.0,True,True,blue,circle,0.08950061862852496,0.0035715950684617544,0.0059623195330091245,True,1.0,-0.02845100105374065
B_313,low,313,0,26,after block 25,25,2.212744270080598,2.226875,5.90425,5.985625,-0.02212855637513159,False,runs/pendulum/unified_mechanism_v2/paired_layer_control/large_seed3407/short_common_scan/B/videos/B_313/location_26.mp4,True,1.0,0,3.3395931890030943,0.015642710934976933,1.474030377049044,209.0,True,True,blue,circle,0.08920808608590332,0.004211117485157936,0.005348245493724289,True,1.0,-0.021074815595363453
B_313,low,313,0,27,after block 26,26,2.212744270080598,2.226875,5.90425,5.946875,-0.011591148577449984,False,runs/pendulum/unified_mechanism_v2/paired_layer_control/large_seed3407/short_common_scan/B/videos/B_313/location_27.mp4,True,1.0,0,3.5741576305044753,0.01570605756865817,1.0233063576583918,211.0,True,True,blue,circle,0.08924901506651277,0.004145066614625462,0.005001233199651758,True,1.0,-0.011591148577449984
B_313,low,313,0,28,after block 27,27,2.212744270080598,2.226875,5.90425,5.908125,-0.0010537407797681364,False,runs/pendulum/unified_mechanism_v2/paired_layer_control/large_seed3407/short_common_scan/B/videos/B_313/location_28.mp4,True,1.0,0,3.5302257946331292,0.01733198264986424,0.9633175466334527,210.0,True,True,blue,circle,0.0903469377178881,0.004407746137266469,0.004938349134093582,True,1.0,-0.003161222339304409
B_313,low,313,0,29,after block 28,28,2.212744270080598,2.226875,5.90425,5.912,-0.002107481559536273,False,runs/pendulum/unified_mechanism_v2/paired_layer_control/large_seed3407/short_common_scan/B/videos/B_313/location_29.mp4,True,1.0,0,3.5700694628384704,0.01625802153673475,1.2205878001751134,211.0,True,True,blue,circle,0.09039134488192144,0.004033161980779613,0.004806701192431815,True,1.0,-0.003161222339304409
B_313,low,313,0,30,after block 29,29,2.212744270080598,2.226875,5.90425,5.8965000000000005,0.002107481559536273,False,runs/pendulum/unified_mechanism_v2/paired_layer_control/large_seed3407/short_common_scan/B/videos/B_313/location_30.mp4,True,1.0,0,3.5695761627652787,0.016436742750060962,0.9679445726175238,211.5,True,True,blue,circle,0.09035842769300222,0.004082570711071165,0.005115470433913736,True,1.0,-0.0
B_317,low,317,0,0,embedding output,,2.797856044371013,2.6918750000000005,5.36175,2.6957500000000003,0.9985486211901307,True,runs/pendulum/unified_mechanism_v2/paired_layer_control/large_seed3407/short_common_scan/B/videos/B_317/location_00.mp4,True,1.0,0,1.0727016664757874,0.0013259658031117005,1.3451870146624536,188.0,True,True,red,circle,0.11352594003681776,-0.002822522178989278,0.004952000573362576,True,0.984375,1.0
B_317,low,317,0,1,after block 0,0,2.797856044371013,2.6918750000000005,5.36175,2.6918750000000005,1.0,True,runs/pendulum/unified_mechanism_v2/paired_layer_control/large_seed3407/short_common_scan/B/videos/B_317/location_01.mp4,True,1.0,0,1.027225879590991,0.0013687070751118857,1.1710482947937406,188.0,True,True,red,circle,0.11366007133617766,-0.002811646633638556,0.004917427995083378,True,0.984375,1.0014513788098696
B_317,low,317,0,2,after block 1,1,2.797856044371013,2.6918750000000005,5.36175,2.699625,0.9970972423802613,True,runs/pendulum/unified_mechanism_v2/paired_layer_control/large_seed3407/short_common_scan/B/videos/B_317/location_02.mp4,True,1.0,0,0.9461783903696092,0.0013799540022523815,0.8213450751068526,187.5,True,True,red,circle,0.11395478246991818,-0.0026941864888102955,0.00446856687987756,True,0.984375,1.0
B_317,low,317,0,3,after block 2,2,2.797856044371013,2.6918750000000005,5.36175,2.699625,0.9970972423802613,True,runs/pendulum/unified_mechanism_v2/paired_layer_control/large_seed3407/short_common_scan/B/videos/B_317/location_03.mp4,True,1.0,0,0.9482439092381969,0.0014047224670980796,0.7699506199312142,187.5,True,True,red,circle,0.1140797525866799,-0.0028961199412302083,0.0045405159537220624,True,0.984375,1.0
B_317,low,317,0,4,after block 3,3,2.797856044371013,2.6918750000000005,5.36175,2.699625,0.9970972423802613,True,runs/pendulum/unified_mechanism_v2/paired_layer_control/large_seed3407/short_common_scan/B/videos/B_317/location_04.mp4,True,1.0,0,0.9522715466673493,0.0012496542092951257,0.8070464321089129,187.0,True,True,red,circle,0.11423462486437536,-0.002676421043038453,0.004690495272402553,True,0.984375,0.9985486211901307
B_317,low,317,0,5,after block 4,4,2.797856044371013,2.6918750000000005,5.36175,2.7035,0.9956458635703921,True,runs/pendulum/unified_mechanism_v2/paired_layer_control/large_seed3407/short_common_scan/B/videos/B_317/location_05.mp4,True,1.0,0,1.3259013521057583,0.0014122532077671668,1.7423595977666817,187.5,True,True,red,circle,0.11395817606088728,-0.0027713071833146206,0.004904986466563365,True,0.984375,0.9985486211901307
B_317,low,317,0,6,after block 5,5,2.797856044371013,2.6918750000000005,5.36175,2.781,0.9666182873730045,True,runs/pendulum/unified_mechanism_v2/paired_layer_control/large_seed3407/short_common_scan/B/videos/B_317/location_06.mp4,True,0.984375,1,0.888051096734195,0.0013187498411165732,0.593879337007319,185.0,True,True,red,circle,0.10912324828969276,-0.0023232008407214786,0.0039406092600907,True,0.984375,0.9680696661828739
B_317,low,317,0,7,after block 6,6,2.797856044371013,2.6918750000000005,5.36175,2.7848750000000004,0.965166908563135,True,runs/pendulum/unified_mechanism_v2/paired_layer_control/large_seed3407/short_common_scan/B/videos/B_317/location_07.mp4,True,0.984375,1,0.888051096734195,0.0012983538296622577,0.593879337007319,184.0,True,True,red,circle,0.10904195448358626,-0.00233610605645008,0.003980549275058221,True,0.984375,0.9666182873730045
B_317,low,317,0,8,after block 7,7,2.797856044371013,2.6918750000000005,5.36175,2.800375,0.9593613933236577,True,runs/pendulum/unified_mechanism_v2/paired_layer_control/large_seed3407/short_common_scan/B/videos/B_317/location_08.mp4,True,0.984375,1,0.9307348432445783,0.001429667726021988,0.593879337007319,185.0,True,True,red,circle,0.10871987026720112,-0.0028056094496633917,0.003917960331233984,True,0.984375,0.9579100145137882
B_317,low,317,0,9,after block 8,8,2.797856044371013,2.6918750000000005,5.36175,2.80425,0.9579100145137882,True,runs/pendulum/unified_mechanism_v2/paired_layer_control/large_seed3407/short_common_scan/B/videos/B_317/location_09.mp4,True,0.984375,1,0.9154611541105627,0.0014825721281966908,0.593879337007319,184.0,True,True,red,circle,0.10874825277798024,-0.002887089351011095,0.00391820057462345,True,0.984375,0.9593613933236577
B_317,low,317,0,10,after block 9,9,2.797856044371013,2.6918750000000005,5.36175,2.86625,0.9346879535558783,True,runs/pendulum/unified_mechanism_v2/paired_layer_control/large_seed3407/short_common_scan/B/videos/B_317/location_10.mp4,True,0.984375,1,1.0231583519160208,0.0012855250414258168,0.6330159616704103,184.0,True,True,red,circle,0.10936455561469681,-0.0028615450645313773,0.004512339610056848,True,0.984375,0.9332365747460087
B_317,low,317,0,11,after block 10,10,2.797856044371013,2.6918750000000005,5.36175,2.8778750000000004,0.93033381712627,True,runs/pendulum/unified_mechanism_v2/paired_layer_control/large_seed3407/short_common_scan/B/videos/B_317/location_11.mp4,True,0.984375,1,0.8980092484947769,0.0013350656465777044,0.5521297243730711,183.0,True,True,red,circle,0.10835499861422891,-0.0023726600783994956,0.0044275988522876775,True,0.984375,0.9288824383164006
B_317,low,317,0,12,after block 11,11,2.797856044371013,2.6918750000000005,5.36175,2.9205,0.914368650217707,True,runs/pendulum/unified_mechanism_v2/paired_layer_control/large_seed3407/short_common_scan/B/videos/B_317/location_12.mp4,True,0.984375,1,0.9069197832541366,0.0013292054438722167,0.593879337007319,183.0,True,True,red,circle,0.10524674350751045,-0.0026904982754232436,0.004510881753689631,True,0.984375,0.914368650217707
B_317,low,317,0,13,after block 12,12,2.797856044371013,2.6918750000000005,5.36175,2.9825,0.891146589259797,True,runs/pendulum/unified_mechanism_v2/paired_layer_control/large_seed3407/short_common_scan/B/videos/B_317/location_13.mp4,True,0.984375,1,0.925479724995324,0.0013592612405464721,0.5877106338937759,179.0,True,True,red,circle,0.10195525908932992,-0.002225511048155962,0.005469673789348854,True,0.984375,0.8896952104499275
B_317,low,317,0,14,after block 13,13,2.797856044371013,2.6918750000000005,5.36175,3.1103750000000003,0.8432510885341075,True,runs/pendulum/unified_mechanism_v2/paired_layer_control/large_seed3407/short_common_scan/B/videos/B_317/location_14.mp4,True,0.984375,1,0.9294102649618546,0.001385914661760801,0.37967573188507,168.0,True,True,red,circle,0.08986564824889652,-0.004723539778741588,0.008347089555731475,False,0.71875,0.872278664731495
B_317,low,317,0,15,after block 14,14,2.797856044371013,2.6918750000000005,5.36175,4.0985,0.47314949201741674,False,runs/pendulum/unified_mechanism_v2/paired_layer_control/large_seed3407/short_common_scan/B/videos/B_317/location_15.mp4,True,1.0,0,2.6577201435431865,0.017933333905067017,0.45042022538388937,182.0,True,True,blue,circle,0.057824186849178436,5.0643376848332504e-05,0.023343345857125726,False,0.015625,nan
B_317,low,317,0,16,after block 15,15,2.797856044371013,2.6918750000000005,5.36175,4.5596250000000005,0.3004354136429606,False,runs/pendulum/unified_mechanism_v2/paired_layer_control/large_seed3407/short_common_scan/B/videos/B_317/location_16.mp4,True,1.0,0,4.124548884683219,0.019404744333213153,0.8207644828312264,195.0,True,True,blue,circle,0.052716355737482574,-0.0020643401979081686,0.03468619576843489,False,0.75,0.4499274310595063
B_317,low,317,0,17,after block 16,16,2.797856044371013,2.6918750000000005,5.36175,5.8267500000000005,-0.17416545718432544,False,runs/pendulum/unified_mechanism_v2/paired_layer_control/large_seed3407/short_common_scan/B/videos/B_317/location_17.mp4,True,1.0,0,3.0447874414940483,0.017700915698082437,0.766630664031977,200.0,True,True,blue,circle,0.08384992901658612,-0.0020086947198374207,0.013141616497467014,True,1.0,-0.16545718432510917
B_317,low,317,0,18,after block 17,17,2.797856044371013,2.6918750000000005,5.36175,5.698875,-0.12626995645863587,False,runs/pendulum/unified_mechanism_v2/paired_layer_control/large_seed3407/short_common_scan/B/videos/B_317/location_18.mp4,True,1.0,0,3.203637363713241,0.016170696555038444,0.6825152572107271,197.5,True,True,blue,circle,0.08984303446191116,0.0006527896654459322,0.01185133640365965,True,1.0,-0.1219158200290279
B_317,low,317,0,19,after block 18,18,2.797856044371013,2.6918750000000005,5.36175,5.582625,-0.08272859216255458,False,runs/pendulum/unified_mechanism_v2/paired_layer_control/large_seed3407/short_common_scan/B/videos/B_317/location_19.mp4,True,1.0,0,4.333697368724991,0.017941263966394255,0.6778876381424811,199.0,True,True,blue,circle,0.0899571320971985,0.0022503767833910045,0.01271591094340838,True,1.0,-0.07692307692307697
B_317,low,317,0,20,after block 19,19,2.797856044371013,2.6918750000000005,5.36175,5.54,-0.0667634252539914,False,runs/pendulum/unified_mechanism_v2/paired_layer_control/large_seed3407/short_common_scan/B/videos/B_317/location_20.mp4,True,1.0,0,4.484116023768247,0.016990324217655034,0.771415042958513,199.0,True,True,blue,circle,0.09292532727840687,0.0023486706028433635,0.009994283937110625,True,1.0,-0.06386066763425276
B_317,low,317,0,21,after block 20,20,2.797856044371013,2.6918750000000005,5.36175,5.53225,-0.06386066763425276,False,runs/pendulum/unified_mechanism_v2/paired_layer_control/large_seed3407/short_common_scan/B/videos/B_317/location_21.mp4,True,1.0,0,3.366647259995126,0.016594576922602605,0.7002999144410897,201.0,True,True,blue,circle,0.0988510740738102,0.0025075979483645205,0.009333216284449223,True,1.0,-0.06095791001451378
B_317,low,317,0,22,after block 21,21,2.797856044371013,2.6918750000000005,5.36175,5.543875,-0.06821480406386073,False,runs/pendulum/unified_mechanism_v2/paired_layer_control/large_seed3407/short_common_scan/B/videos/B_317/location_22.mp4,True,1.0,0,3.150467490279654,0.01711678737405717,1.34433661240019,200.5,True,True,blue,circle,0.08962280428221223,0.0003162794849632297,0.00560165421429253,True,1.0,-0.0667634252539914
B_317,low,317,0,23,after block 22,22,2.797856044371013,2.6918750000000005,5.36175,5.48575,-0.04644412191582025,False,runs/pendulum/unified_mechanism_v2/paired_layer_control/large_seed3407/short_common_scan/B/videos/B_317/location_23.mp4,True,1.0,0,3.4503991953875874,0.01620281096245213,1.5366469309030681,203.0,True,True,blue,circle,0.09184115734645062,0.0007810191873704173,0.0057632940632461275,True,1.0,-0.04354136429608128
B_317,low,317,0,24,after block 23,23,2.797856044371013,2.6918750000000005,5.36175,5.497375,-0.05079825834542821,False,runs/pendulum/unified_mechanism_v2/paired_layer_control/large_seed3407/short_common_scan/B/videos/B_317/location_24.mp4,True,1.0,0,3.8944180652019873,0.01679486199678834,1.6364347758954618,203.0,True,True,blue,circle,0.09175598535411005,0.0010108079555243218,0.00584999797784409,True,1.0,-0.04934687953555889
B_317,low,317,0,25,after block 24,24,2.797856044371013,2.6918750000000005,5.36175,5.447,-0.03193033381712638,False,runs/pendulum/unified_mechanism_v2/paired_layer_control/large_seed3407/short_common_scan/B/videos/B_317/location_25.mp4,True,1.0,0,3.0476974784646975,0.01522475528667383,1.6631081032234325,207.5,True,True,blue,circle,0.1013126369187063,-0.00024150578299548368,0.004835619161941744,True,1.0,-0.030478955007257058
B_317,low,317,0,26,after block 25,25,2.797856044371013,2.6918750000000005,5.36175,5.427625,-0.024673439767779446,False,runs/pendulum/unified_mechanism_v2/paired_layer_control/large_seed3407/short_common_scan/B/videos/B_317/location_26.mp4,True,1.0,0,3.4513770838225124,0.014985378262380472,2.055378820795538,206.5,True,True,blue,circle,0.10146647184097472,0.00017542883843304328,0.004315074298037108,True,1.0,-0.023222060957910125
B_317,low,317,0,27,after block 26,26,2.797856044371013,2.6918750000000005,5.36175,5.4121250000000005,-0.018867924528302164,False,runs/pendulum/unified_mechanism_v2/paired_layer_control/large_seed3407/short_common_scan/B/videos/B_317/location_27.mp4,True,1.0,0,3.7973755138230034,0.01587482212157612,1.6115220949125493,207.0,True,True,blue,circle,0.10207678730573652,-0.00013677304761132455,0.003909464788499301,True,1.0,-0.020319303338171484
B_317,low,317,0,28,after block 27,27,2.797856044371013,2.6918750000000005,5.36175,5.3695,-0.0029027576197389734,False,runs/pendulum/unified_mechanism_v2/paired_layer_control/large_seed3407/short_common_scan/B/videos/B_317/location_28.mp4,True,1.0,0,2.5715678785154297,0.015446700853350342,2.036108803030223,207.0,True,True,blue,circle,0.10383066070441802,-0.0002715616205336296,0.003746018008569996,True,1.0,-0.0029027576197389734
B_317,low,317,0,29,after block 28,28,2.797856044371013,2.6918750000000005,5.36175,5.3695,-0.0029027576197389734,False,runs/pendulum/unified_mechanism_v2/paired_layer_control/large_seed3407/short_common_scan/B/videos/B_317/location_29.mp4,True,1.0,0,2.837293595065231,0.015004944676519444,1.8943067803336424,207.0,True,True,blue,circle,0.10384445210575895,-0.00021777391395738174,0.0036949146097002127,True,1.0,-0.001451378809869653
B_317,low,317,0,30,after block 29,29,2.797856044371013,2.6918750000000005,5.36175,5.36175,-0.0,False,runs/pendulum/unified_mechanism_v2/paired_layer_control/large_seed3407/short_common_scan/B/videos/B_317/location_30.mp4,True,1.0,0,2.9184338578557467,0.015213814681735743,2.329720892796748,208.0,True,True,blue,circle,0.10406562478107496,-0.00022854942456214064,0.0038817298357900374,True,1.0,-0.0
B_322,low,322,0,0,embedding output,,2.482491387218784,2.5330000000000004,6.0360000000000005,2.5330000000000004,1.0,True,runs/pendulum/unified_mechanism_v2/paired_layer_control/large_seed3407/short_common_scan/B/videos/B_322/location_00.mp4,True,1.0,0,1.1830934642701014,0.0008198597583243539,0.5433025528769602,191.0,True,True,red,circle,0.15606628900028885,0.00016511623393119308,0.007827577826419681,True,0.984375,1.0
B_322,low,322,0,1,after block 0,0,2.482491387218784,2.5330000000000004,6.0360000000000005,2.536875,0.9988938053097346,True,runs/pendulum/unified_mechanism_v2/paired_layer_control/large_seed3407/short_common_scan/B/videos/B_322/location_01.mp4,True,1.0,0,1.1928182088924895,0.0008079912116714938,0.6280629026613193,191.0,True,True,red,circle,0.15628789532518825,1.2992934390755552e-05,0.007757337065091957,True,0.984375,0.9988938053097346
B_322,low,322,0,2,after block 1,1,2.482491387218784,2.5330000000000004,6.0360000000000005,2.5485,0.995575221238938,True,runs/pendulum/unified_mechanism_v2/paired_layer_control/large_seed3407/short_common_scan/B/videos/B_322/location_02.mp4,True,1.0,0,1.1567902077862247,0.0007458497424204791,0.44957981480744996,191.0,True,True,red,circle,0.15598392214214618,0.00013583164515146968,0.007690945823314979,True,0.984375,0.995575221238938
B_322,low,322,0,3,after block 2,2,2.482491387218784,2.5330000000000004,6.0360000000000005,2.552375,0.9944690265486726,True,runs/pendulum/unified_mechanism_v2/paired_layer_control/large_seed3407/short_common_scan/B/videos/B_322/location_03.mp4,True,1.0,0,1.154250502443138,0.000785608554131012,0.5160910516776034,191.0,True,True,red,circle,0.15564669069243825,9.800504777789867e-05,0.007781394857307262,True,0.984375,0.9966814159292037
B_322,low,322,0,4,after block 3,3,2.482491387218784,2.5330000000000004,6.0360000000000005,2.552375,0.9944690265486726,True,runs/pendulum/unified_mechanism_v2/paired_layer_control/large_seed3407/short_common_scan/B/videos/B_322/location_04.mp4,True,1.0,0,1.179260637061148,0.0008023635947292385,0.5840163900650842,191.0,True,True,red,circle,0.15566557227404146,0.0003096550324324385,0.007719625783473523,True,0.984375,0.995575221238938
B_322,low,322,0,5,after block 4,4,2.482491387218784,2.5330000000000004,6.0360000000000005,2.552375,0.9944690265486726,True,runs/pendulum/unified_mechanism_v2/paired_layer_control/large_seed3407/short_common_scan/B/videos/B_322/location_05.mp4,True,1.0,0,1.2014614019275913,0.0007608785983437838,0.5818684614226172,191.0,True,True,red,circle,0.1555122133373939,9.853912731338183e-05,0.007739075251645212,True,0.984375,0.995575221238938
B_322,low,322,0,6,after block 5,5,2.482491387218784,2.5330000000000004,6.0360000000000005,2.85075,0.9092920353982301,True,runs/pendulum/unified_mechanism_v2/paired_layer_control/large_seed3407/short_common_scan/B/videos/B_322/location_06.mp4,True,1.0,0,1.5795957377478451,0.00123700860500775,1.4455369234957443,185.5,True,True,red,circle,0.13636939227957348,-0.002911934395587474,0.007003069355453246,True,0.984375,0.9081858407079646
B_322,low,322,0,7,after block 6,6,2.482491387218784,2.5330000000000004,6.0360000000000005,2.8546250000000004,0.9081858407079646,True,runs/pendulum/unified_mechanism_v2/paired_layer_control/large_seed3407/short_common_scan/B/videos/B_322/location_07.mp4,True,1.0,0,2.7599835011637386,0.0012730291704643737,2.555078163904565,185.0,True,True,red,circle,0.1363810578731114,-0.0031214235479662578,0.006888747199421678,True,0.984375,0.9092920353982301
B_322,low,322,0,8,after block 7,7,2.482491387218784,2.5330000000000004,6.0360000000000005,2.8701250000000003,0.9037610619469026,True,runs/pendulum/unified_mechanism_v2/paired_layer_control/large_seed3407/short_common_scan/B/videos/B_322/location_08.mp4,True,0.984375,1,1.180574184001289,0.001387625652612412,0.908585093629664,185.0,True,True,red,circle,0.1350133877023532,-0.0032813377628433116,0.007217990882584076,True,0.984375,0.9037610619469026
B_322,low,322,0,9,after block 8,8,2.482491387218784,2.5330000000000004,6.0360000000000005,2.8701250000000003,0.9037610619469026,True,runs/pendulum/unified_mechanism_v2/paired_layer_control/large_seed3407/short_common_scan/B/videos/B_322/location_09.mp4,True,0.984375,1,1.180574184001289,0.0012434390245043558,0.908585093629664,185.0,True,True,red,circle,0.1347096646357511,-0.003424713091791659,0.007193087213339798,True,0.984375,0.9037610619469026
B_322,low,322,0,10,after block 9,9,2.482491387218784,2.5330000000000004,6.0360000000000005,2.8817500000000003,0.9004424778761062,True,runs/pendulum/unified_mechanism_v2/paired_layer_control/large_seed3407/short_common_scan/B/videos/B_322/location_10.mp4,True,0.984375,1,1.1892701998075517,0.0010720356138831377,1.0375561912268911,185.0,True,True,red,circle,0.13690763607795176,-0.0040270028240261616,0.007695187313299302,True,0.984375,0.9015486725663717
B_322,low,322,0,11,after block 10,10,2.482491387218784,2.5330000000000004,6.0360000000000005,2.9050000000000002,0.8938053097345133,True,runs/pendulum/unified_mechanism_v2/paired_layer_control/large_seed3407/short_common_scan/B/videos/B_322/location_11.mp4,True,0.984375,1,1.2359961592099595,0.0013272029272428099,0.9131095922988208,185.0,True,True,red,circle,0.13399731643695023,-0.0033765101244052757,0.007539198309492697,True,0.984375,0.8949115044247787
B_322,low,322,0,12,after block 11,11,2.482491387218784,2.5330000000000004,6.0360000000000005,2.967,0.8761061946902655,True,runs/pendulum/unified_mechanism_v2/paired_layer_control/large_seed3407/short_common_scan/B/videos/B_322/location_12.mp4,True,0.984375,1,1.1907064481754344,0.0012980221798633007,0.8700227614302886,183.0,True,True,red,circle,0.1280943155257424,-0.0028969271234535483,0.007447412750173353,True,0.984375,0.8783185840707965
B_322,low,322,0,13,after block 12,12,2.482491387218784,2.5330000000000004,6.0360000000000005,2.998,0.8672566371681416,True,runs/pendulum/unified_mechanism_v2/paired_layer_control/large_seed3407/short_common_scan/B/videos/B_322/location_13.mp4,True,0.984375,1,1.190868324402727,0.0013669126378714203,0.9038097527634005,180.0,True,True,red,circle,0.12215418065352625,-0.002516740812768503,0.00941227675581752,True,0.984375,0.8694690265486726
B_322,low,322,0,14,after block 13,13,2.482491387218784,2.5330000000000004,6.0360000000000005,3.1336250000000003,0.8285398230088495,True,runs/pendulum/unified_mechanism_v2/paired_layer_control/large_seed3407/short_common_scan/B/videos/B_322/location_14.mp4,True,0.984375,1,1.1802169234962523,0.0012251655340568823,0.7175893380716599,167.0,True,True,red,circle,0.10700914216701757,-0.0003874921561011441,0.012343714420073593,False,0.296875,0.5918141592920354
B_322,low,322,0,15,after block 14,14,2.482491387218784,2.5330000000000004,6.0360000000000005,4.2379999999999995,0.5132743362831861,False,runs/pendulum/unified_mechanism_v2/paired_layer_control/large_seed3407/short_common_scan/B/videos/B_322/location_15.mp4,True,1.0,0,2.9955435895054676,0.018134365606797848,1.7967680045295227,184.5,True,True,blue,circle,0.08407175634361232,0.008419345641845113,0.030409812027418832,False,0.015625,nan
B_322,low,322,0,16,after block 15,15,2.482491387218784,2.5330000000000004,6.0360000000000005,4.5131250000000005,0.43473451327433627,False,runs/pendulum/unified_mechanism_v2/paired_layer_control/large_seed3407/short_common_scan/B/videos/B_322/location_16.mp4,True,1.0,0,3.250067271212341,0.018473917632440467,1.782082213806344,194.5,True,True,blue,circle,0.09283471403378388,0.0048079256210290895,0.028351074602445955,False,0.796875,0.5243362831858408
B_322,low,322,0,17,after block 16,16,2.482491387218784,2.5330000000000004,6.0360000000000005,6.50875,-0.13495575221238926,False,runs/pendulum/unified_mechanism_v2/paired_layer_control/large_seed3407/short_common_scan/B/videos/B_322/location_17.mp4,True,1.0,0,3.600682831614182,0.018401959763383297,1.6044905006264123,201.0,True,True,blue,circle,0.07381200023085775,0.007021857234840645,0.048095470781143866,True,1.0,-0.11946902654867253
B_322,low,322,0,18,after block 17,17,2.482491387218784,2.5330000000000004,6.0360000000000005,6.38475,-0.09955752212389377,False,runs/pendulum/unified_mechanism_v2/paired_layer_control/large_seed3407/short_common_scan/B/videos/B_322/location_18.mp4,True,1.0,0,3.3567875729259606,0.01778270685463454,1.600973722435743,200.0,True,True,blue,circle,0.09326163377406115,0.006198284419702912,0.0266560273760661,True,1.0,-0.08960176991150427
B_322,low,322,0,19,after block 18,18,2.482491387218784,2.5330000000000004,6.0360000000000005,6.3576250000000005,-0.09181415929203542,False,runs/pendulum/unified_mechanism_v2/paired_layer_control/large_seed3407/short_common_scan/B/videos/B_322/location_19.mp4,True,1.0,0,3.664870997936747,0.01836304720750473,1.9416046207121824,202.0,True,True,blue,circle,0.08979006918817511,0.007157563499189993,0.02335147497409864,True,1.0,-0.08407079646017679
B_322,low,322,0,20,after block 19,19,2.482491387218784,2.5330000000000004,6.0360000000000005,6.38475,-0.09955752212389377,False,runs/pendulum/unified_mechanism_v2/paired_layer_control/large_seed3407/short_common_scan/B/videos/B_322/location_20.mp4,True,1.0,0,2.9473606381230266,0.018210683726901322,1.6057631183950531,204.5,True,True,blue,circle,0.08654103817008547,0.006616751417866918,0.021910990420612668,True,1.0,-0.09513274336283174
B_322,low,322,0,21,after block 20,20,2.482491387218784,2.5330000000000004,6.0360000000000005,6.33825,-0.08628318584070793,False,runs/pendulum/unified_mechanism_v2/paired_layer_control/large_seed3407/short_common_scan/B/videos/B_322/location_21.mp4,True,1.0,0,3.500784005772684,0.01829863921035854,1.7371930500130546,204.0,True,True,blue,circle,0.09273910349469361,0.00602056657352221,0.020245982164094574,True,1.0,-0.08517699115044249
B_322,low,322,0,22,after block 21,21,2.482491387218784,2.5330000000000004,6.0360000000000005,6.32275,-0.08185840707964591,False,runs/pendulum/unified_mechanism_v2/paired_layer_control/large_seed3407/short_common_scan/B/videos/B_322/location_22.mp4,True,1.0,0,2.7987615677544118,0.01809420445666768,1.4917848698816327,205.5,True,True,blue,circle,0.08402347293656935,0.0020523418488657967,0.012269896932273327,True,1.0,-0.08296460176991136
B_322,low,322,0,23,after block 22,22,2.482491387218784,2.5330000000000004,6.0360000000000005,6.233625,-0.056415929203539675,False,runs/pendulum/unified_mechanism_v2/paired_layer_control/large_seed3407/short_common_scan/B/videos/B_322/location_23.mp4,True,1.0,0,3.3876628618531326,0.017105009595008464,1.814385563693072,205.0,True,True,blue,circle,0.08491538920535893,0.002048200823532834,0.009733376448531941,True,1.0,-0.055309734513274235
B_322,low,322,0,24,after block 23,23,2.482491387218784,2.5330000000000004,6.0360000000000005,6.2375,-0.05752212389380512,False,runs/pendulum/unified_mechanism_v2/paired_layer_control/large_seed3407/short_common_scan/B/videos/B_322/location_24.mp4,True,1.0,0,2.9472733341210318,0.017954207100552455,1.972827235207487,205.5,True,True,blue,circle,0.08309765913445362,0.0027883871895556258,0.010435651888833778,True,1.0,-0.060840707964601705
B_322,low,322,0,25,after block 24,24,2.482491387218784,2.5330000000000004,6.0360000000000005,6.16,-0.03539823008849548,False,runs/pendulum/unified_mechanism_v2/paired_layer_control/large_seed3407/short_common_scan/B/videos/B_322/location_25.mp4,True,1.0,0,2.7362310603406734,0.01736605602427546,2.1847505886450516,211.0,True,True,blue,circle,0.09238286183750664,0.0022084344148686017,0.012655761377883993,True,1.0,-0.03318584070796459
B_322,low,322,0,26,after block 25,25,2.482491387218784,2.5330000000000004,6.0360000000000005,6.13675,-0.02876106194690256,False,runs/pendulum/unified_mechanism_v2/paired_layer_control/large_seed3407/short_common_scan/B/videos/B_322/location_26.mp4,True,1.0,0,3.0992296944942277,0.016577631972055973,2.171209501147105,210.0,True,True,blue,circle,0.0924243752245491,0.002753247598667579,0.011425322590184169,True,1.0,-0.027654867256637117
B_322,low,322,0,27,after block 26,26,2.482491387218784,2.5330000000000004,6.0360000000000005,6.09025,-0.015486725663716724,False,runs/pendulum/unified_mechanism_v2/paired_layer_control/large_seed3407/short_common_scan/B/videos/B_322/location_27.mp4,True,1.0,0,2.8797362992148976,0.017103940119115396,1.9500003295919517,211.0,True,True,blue,circle,0.09365767486102833,0.00287266121943615,0.010598852691100629,True,1.0,-0.016592920353982167
B_322,low,322,0,28,after block 27,27,2.482491387218784,2.5330000000000004,6.0360000000000005,6.0515,-0.004424778761061776,False,runs/pendulum/unified_mechanism_v2/paired_layer_control/large_seed3407/short_common_scan/B/videos/B_322/location_28.mp4,True,1.0,0,2.8379235768143727,0.01600251543670486,1.6690028923319764,210.0,True,True,blue,circle,0.09494560346543958,0.002333957972515631,0.008987533601828985,True,1.0,-0.00553097345132722
B_322,low,322,0,29,after block 28,28,2.482491387218784,2.5330000000000004,6.0360000000000005,6.0515,-0.004424778761061776,False,runs/pendulum/unified_mechanism_v2/paired_layer_control/large_seed3407/short_common_scan/B/videos/B_322/location_29.mp4,True,1.0,0,2.968542318875958,0.01670494443339507,1.836535084083729,210.0,True,True,blue,circle,0.09530894614869308,0.002371614676169304,0.008984096409951153,True,1.0,-0.00553097345132722
B_322,low,322,0,30,after block 29,29,2.482491387218784,2.5330000000000004,6.0360000000000005,6.032125,0.0011061946902656977,False,runs/pendulum/unified_mechanism_v2/paired_layer_control/large_seed3407/short_common_scan/B/videos/B_322/location_30.mp4,True,1.0,0,2.927583998026612,0.016717369194734932,1.960906187240484,212.0,True,True,blue,circle,0.09532040905236032,0.0023910570670740354,0.008302944791177476,True,1.0,-0.0
B_327,low,327,0,0,embedding output,,2.3739624539607953,2.684125,5.226125000000001,2.676375,1.0030487804878048,True,runs/pendulum/unified_mechanism_v2/paired_layer_control/large_seed3407/short_common_scan/B/videos/B_327/location_00.mp4,True,1.0,0,0.9564988622000623,0.0015380357686768098,0.5595864286454151,190.0,True,True,red,circle,0.10451260326692939,0.0008318694621644994,0.004614330792575905,True,0.984375,1.0
B_327,low,327,0,1,after block 0,0,2.3739624539607953,2.684125,5.226125000000001,2.684125,1.0,True,runs/pendulum/unified_mechanism_v2/paired_layer_control/large_seed3407/short_common_scan/B/videos/B_327/location_01.mp4,True,1.0,0,0.89455948426203,0.0016213924547033298,0.5595864286454151,190.0,True,True,red,circle,0.1045942695540698,0.0007663854388699178,0.004581017078635369,True,0.984375,0.9984756097560974
B_327,low,327,0,2,after block 1,1,2.3739624539607953,2.684125,5.226125000000001,2.6725000000000003,1.0045731707317072,True,runs/pendulum/unified_mechanism_v2/paired_layer_control/large_seed3407/short_common_scan/B/videos/B_327/location_02.mp4,True,1.0,0,0.8846720536014736,0.001526696555892132,0.5526643581459149,190.5,True,True,red,circle,0.10496638807490784,0.0009267882194259007,0.00461706310809492,True,0.984375,1.0030487804878048
B_327,low,327,0,3,after block 2,2,2.3739624539607953,2.684125,5.226125000000001,2.6725000000000003,1.0045731707317072,True,runs/pendulum/unified_mechanism_v2/paired_layer_control/large_seed3407/short_common_scan/B/videos/B_327/location_03.mp4,True,1.0,0,0.8377475661157342,0.0014613937651201392,0.591635606669063,190.5,True,True,red,circle,0.10505435582578052,0.0009078189343016103,0.004566102184095061,True,0.984375,1.0015243902439024
B_327,low,327,0,4,after block 3,3,2.3739624539607953,2.684125,5.226125000000001,2.6725000000000003,1.0045731707317072,True,runs/pendulum/unified_mechanism_v2/paired_layer_control/large_seed3407/short_common_scan/B/videos/B_327/location_04.mp4,True,1.0,0,0.8607319895576981,0.001526696555892132,0.5526643581459149,190.0,True,True,red,circle,0.10502072122023136,0.00086760642326233,0.004645804335790361,True,0.984375,1.0030487804878048
B_327,low,327,0,5,after block 4,4,2.3739624539607953,2.684125,5.226125000000001,2.6686250000000005,1.0060975609756095,True,runs/pendulum/unified_mechanism_v2/paired_layer_control/large_seed3407/short_common_scan/B/videos/B_327/location_05.mp4,True,1.0,0,0.8607319895576981,0.0014549849810161775,0.5526643581459149,190.0,True,True,red,circle,0.10532127135718493,0.0009628268660347625,0.004630636966888628,True,0.984375,1.0045731707317072
B_327,low,327,0,6,after block 5,5,2.3739624539607953,2.684125,5.226125000000001,2.862375,0.9298780487804877,True,runs/pendulum/unified_mechanism_v2/paired_layer_control/large_seed3407/short_common_scan/B/videos/B_327/location_06.mp4,True,1.0,0,1.1035598756114924,0.0013578578504918615,0.6999264621458117,184.0,True,True,red,circle,0.09022984274918752,0.0003664384135919044,0.007854148637522347,True,0.984375,0.9283536585365854
B_327,low,327,0,7,after block 6,6,2.3739624539607953,2.684125,5.226125000000001,2.862375,0.9298780487804877,True,runs/pendulum/unified_mechanism_v2/paired_layer_control/large_seed3407/short_common_scan/B/videos/B_327/location_07.mp4,True,1.0,0,2.3674779595821525,0.001297001106885659,1.8616884408649488,184.0,True,True,red,circle,0.09127468741594252,-0.00012013230794364413,0.008457173551491106,True,0.984375,0.9314024390243901
B_327,low,327,0,8,after block 7,7,2.3739624539607953,2.684125,5.226125000000001,2.8817500000000003,0.9222560975609755,True,runs/pendulum/unified_mechanism_v2/paired_layer_control/large_seed3407/short_common_scan/B/videos/B_327/location_08.mp4,True,1.0,0,3.291889648967316,0.0010954799533307302,2.6650116256279937,183.0,True,True,red,circle,0.09172356651674501,-0.00028146724879888604,0.0098458005791296,True,0.984375,0.9268292682926828
B_327,low,327,0,9,after block 8,8,2.3739624539607953,2.684125,5.226125000000001,2.8817500000000003,0.9222560975609755,True,runs/pendulum/unified_mechanism_v2/paired_layer_control/large_seed3407/short_common_scan/B/videos/B_327/location_09.mp4,True,1.0,0,4.284717550325551,0.001097676652135976,3.761073569805877,183.0,True,True,red,circle,0.09210336686167196,-0.0006039959418148119,0.00999976829690537,True,0.984375,0.9283536585365854
B_327,low,327,0,10,after block 9,9,2.3739624539607953,2.684125,5.226125000000001,2.8313750000000004,0.9420731707317072,True,runs/pendulum/unified_mechanism_v2/paired_layer_control/large_seed3407/short_common_scan/B/videos/B_327/location_10.mp4,True,1.0,0,4.25945208964382,0.0011999865935767295,3.761073569805877,183.0,True,True,red,circle,0.09504006810546874,-0.0012068712622476895,0.009864793855225375,True,0.984375,0.9527439024390243
B_327,low,327,0,11,after block 10,10,2.3739624539607953,2.684125,5.226125000000001,2.843,0.9375,True,runs/pendulum/unified_mechanism_v2/paired_layer_control/large_seed3407/short_common_scan/B/videos/B_327/location_11.mp4,True,0.984375,1,0.8820579295112378,0.0012727413659379683,0.6720722418513594,183.0,True,True,red,circle,0.09306168844833525,-7.04050598242219e-05,0.007991473436011911,True,0.984375,0.934451219512195
B_327,low,327,0,12,after block 11,11,2.3739624539607953,2.684125,5.226125000000001,2.8313750000000004,0.9420731707317072,True,runs/pendulum/unified_mechanism_v2/paired_layer_control/large_seed3407/short_common_scan/B/videos/B_327/location_12.mp4,True,0.984375,1,0.8645258663125145,0.0010998620134266002,0.6724244547193698,181.0,True,True,red,circle,0.08775065550252295,2.1978807248162604e-05,0.009444051977572579,True,0.984375,0.9390243902439024
B_327,low,327,0,13,after block 12,12,2.3739624539607953,2.684125,5.226125000000001,2.77325,0.9649390243902438,True,runs/pendulum/unified_mechanism_v2/paired_layer_control/large_seed3407/short_common_scan/B/videos/B_327/location_13.mp4,True,0.984375,1,0.8931771684660711,0.0009199294950654191,0.767158787996272,178.0,True,True,red,circle,0.08453965695296946,-1.847147698670366e-05,0.011421387240009968,True,0.984375,0.9817073170731707
B_327,low,327,0,14,after block 13,13,2.3739624539607953,2.684125,5.226125000000001,2.89725,0.9161585365853658,False,runs/pendulum/unified_mechanism_v2/paired_layer_control/large_seed3407/short_common_scan/B/videos/B_327/location_14.mp4,True,1.0,0,13.255438756517746,0.023251787575454236,1.2065351928970238,124.5,True,True,blue,circle,0.022431670167535174,0.008670882170218944,0.015903027005751805,False,0.015625,nan
B_327,low,327,0,15,after block 14,14,2.3739624539607953,2.684125,5.226125000000001,4.962625,0.10365853658536603,False,runs/pendulum/unified_mechanism_v2/paired_layer_control/large_seed3407/short_common_scan/B/videos/B_327/location_15.mp4,True,1.0,0,2.703334955238285,0.01612350540000751,1.1080282639370227,184.0,True,True,blue,circle,0.0564112114290338,0.014732740121924865,0.026059956718771597,False,0.03125,nan
B_327,low,327,0,16,after block 15,15,2.3739624539607953,2.684125,5.226125000000001,5.199,0.010670731707317358,False,runs/pendulum/unified_mechanism_v2/paired_layer_control/large_seed3407/short_common_scan/B/videos/B_327/location_16.mp4,True,1.0,0,3.2800635414208426,0.017072652065529575,1.0298252534799643,196.0,True,True,blue,circle,0.08235157915253576,0.009571675836396598,0.019095247702622373,False,0.75,-0.06707317073170717
B_327,low,327,0,17,after block 16,16,2.3739624539607953,2.684125,5.226125000000001,5.42375,-0.07774390243902417,False,runs/pendulum/unified_mechanism_v2/paired_layer_control/large_seed3407/short_common_scan/B/videos/B_327/location_17.mp4,True,1.0,0,2.9649763859107248,0.016753112540948523,0.8398012049610181,198.5,True,True,blue,circle,0.0906543545916181,0.008868660087043873,0.016578157688634514,True,1.0,-0.036585365853658514
B_327,low,327,0,18,after block 17,17,2.3739624539607953,2.684125,5.226125000000001,5.3656250000000005,-0.05487804878048777,False,runs/pendulum/unified_mechanism_v2/paired_layer_control/large_seed3407/short_common_scan/B/videos/B_327/location_18.mp4,True,1.0,0,3.2460176121145055,0.01584013614461649,1.359962065973824,198.0,True,True,blue,circle,0.09053182720208895,0.008107268368763628,0.015715009501678527,True,1.0,-0.0381097560975609
B_327,low,327,0,19,after block 18,18,2.3739624539607953,2.684125,5.226125000000001,5.3656250000000005,-0.05487804878048777,False,runs/pendulum/unified_mechanism_v2/paired_layer_control/large_seed3407/short_common_scan/B/videos/B_327/location_19.mp4,True,1.0,0,3.8927416019455894,0.016841299788946412,1.5585069908215308,198.5,True,True,blue,circle,0.08866964814411611,0.009450778051856712,0.015004082364914125,True,1.0,-0.03506097560975579
B_327,low,327,0,20,after block 19,19,2.3739624539607953,2.684125,5.226125000000001,5.34625,-0.04725609756097553,False,runs/pendulum/unified_mechanism_v2/paired_layer_control/large_seed3407/short_common_scan/B/videos/B_327/location_20.mp4,True,1.0,0,3.8789063799962147,0.017069904901804378,1.3890549396130283,201.5,True,True,blue,circle,0.08975920002497581,0.00892051622872807,0.014011549296104433,True,1.0,-0.041158536585365654
B_327,low,327,0,21,after block 20,20,2.3739624539607953,2.684125,5.226125000000001,5.326875,-0.039634146341463276,False,runs/pendulum/unified_mechanism_v2/paired_layer_control/large_seed3407/short_common_scan/B/videos/B_327/location_21.mp4,True,1.0,0,4.198444726120394,0.016197937918089406,1.6080173975159355,201.0,True,True,blue,circle,0.093815891063552,0.007654045559028885,0.01325737368462686,True,1.0,-0.03506097560975579
B_327,low,327,0,22,after block 21,21,2.3739624539607953,2.684125,5.226125000000001,5.249375000000001,-0.009146341463414628,False,runs/pendulum/unified_mechanism_v2/paired_layer_control/large_seed3407/short_common_scan/B/videos/B_327/location_22.mp4,True,1.0,0,3.5149195326891194,0.01837383803609685,1.381760752566385,204.5,True,True,blue,circle,0.08230707363789579,0.004359274935356477,0.008616392005107977,True,1.0,-0.007621951219511899
B_327,low,327,0,23,after block 22,22,2.3739624539607953,2.684125,5.226125000000001,5.303625,-0.030487804878048648,False,runs/pendulum/unified_mechanism_v2/paired_layer_control/large_seed3407/short_common_scan/B/videos/B_327/location_23.mp4,True,1.0,0,2.6373529917740868,0.01642566634128864,1.337580522536439,202.0,True,True,blue,circle,0.08030735883692262,0.0035661516733624995,0.00956594639921927,True,1.0,-0.030487804878048648
B_327,low,327,0,24,after block 23,23,2.3739624539607953,2.684125,5.226125000000001,5.311375,-0.033536585365853404,False,runs/pendulum/unified_mechanism_v2/paired_layer_control/large_seed3407/short_common_scan/B/videos/B_327/location_24.mp4,True,1.0,0,2.8898611471753157,0.016303124826955867,1.65790095917403,203.0,True,True,blue,circle,0.08069553932426111,0.004030021311313181,0.009894410758064826,True,1.0,-0.03506097560975579
B_327,low,327,0,25,after block 24,24,2.3739624539607953,2.684125,5.226125000000001,5.334625,-0.04268292682926803,False,runs/pendulum/unified_mechanism_v2/paired_layer_control/large_seed3407/short_common_scan/B/videos/B_327/location_25.mp4,True,1.0,0,2.727369693820003,0.017218878995302028,1.5415777702634967,207.0,True,True,blue,circle,0.08942630765068801,0.003013986132253036,0.009478643951574262,True,1.0,-0.04268292682926803
B_327,low,327,0,26,after block 25,25,2.3739624539607953,2.684125,5.226125000000001,5.3075,-0.032012195121951026,False,runs/pendulum/unified_mechanism_v2/paired_layer_control/large_seed3407/short_common_scan/B/videos/B_327/location_26.mp4,True,1.0,0,3.1829685405546186,0.01656211669224153,1.2052705080780166,208.0,True,True,blue,circle,0.08900363937235165,0.0042938050606614216,0.008906459378230331,True,1.0,-0.032012195121951026
B_327,low,327,0,27,after block 26,26,2.3739624539607953,2.684125,5.226125000000001,5.249375000000001,-0.009146341463414628,False,runs/pendulum/unified_mechanism_v2/paired_layer_control/large_seed3407/short_common_scan/B/videos/B_327/location_27.mp4,True,1.0,0,3.124933873420653,0.01772342514059802,1.2969770045780338,209.0,True,True,blue,circle,0.08985855004949658,0.003004281062306525,0.00753384962069626,True,1.0,-0.0060975609756095195
B_327,low,327,0,28,after block 27,27,2.3739624539607953,2.684125,5.226125000000001,5.2455,-0.007621951219511899,False,runs/pendulum/unified_mechanism_v2/paired_layer_control/large_seed3407/short_common_scan/B/videos/B_327/location_28.mp4,True,1.0,0,3.612964436412391,0.01758054361498196,1.3403538468632177,209.0,True,True,blue,circle,0.09028423361335894,0.0024581174129909,0.007417923890963531,True,1.0,-0.00457317073170714
B_327,low,327,0,29,after block 28,28,2.3739624539607953,2.684125,5.226125000000001,5.233875,-0.0030487804878047598,False,runs/pendulum/unified_mechanism_v2/paired_layer_control/large_seed3407/short_common_scan/B/videos/B_327/location_29.mp4,True,1.0,0,3.041557056712817,0.017618531601025444,1.192226868208752,209.0,True,True,blue,circle,0.09029655682319383,0.0025645735194719547,0.007306064233291592,True,1.0,-0.0
B_327,low,327,0,30,after block 29,29,2.3739624539607953,2.684125,5.226125000000001,5.23775,-0.00457317073170714,False,runs/pendulum/unified_mechanism_v2/paired_layer_control/large_seed3407/short_common_scan/B/videos/B_327/location_30.mp4,True,1.0,0,3.0690334341521974,0.01723095517122794,1.1539697175601147,208.5,True,True,blue,circle,0.08975809903438753,0.0027901359952200045,0.007520912230127143,True,1.0,-0.0
B_350,low,350,0,0,embedding output,,2.382654044665334,2.378,5.489625,2.381875,0.9987546699875467,True,runs/pendulum/unified_mechanism_v2/paired_layer_control/large_seed3407/short_common_scan/B/videos/B_350/location_00.mp4,True,1.0,0,0.9629422666823414,0.001292828705866833,0.4241945826051122,188.5,True,True,red,circle,0.13501960838473162,-0.00016430136156644798,0.0042208645908313235,True,0.984375,0.9962640099626401
B_350,low,350,0,1,after block 0,0,2.382654044665334,2.378,5.489625,2.378,1.0,True,runs/pendulum/unified_mechanism_v2/paired_layer_control/large_seed3407/short_common_scan/B/videos/B_350/location_01.mp4,True,1.0,0,0.9704392311073763,0.00133376316005146,0.27578908860916035,188.5,True,True,red,circle,0.1351953564691259,-0.0005130147025318191,0.004436101717580219,True,0.984375,0.9975093399750934
B_350,low,350,0,2,after block 1,1,2.382654044665334,2.378,5.489625,2.381875,0.9987546699875467,True,runs/pendulum/unified_mechanism_v2/paired_layer_control/large_seed3407/short_common_scan/B/videos/B_350/location_02.mp4,True,1.0,0,1.0191828049273914,0.0012576234835464661,0.270080693459048,188.0,True,True,red,circle,0.13581068417336747,-0.00030813338248464746,0.004260268833198267,True,0.984375,0.9962640099626401
B_350,low,350,0,3,after block 2,2,2.382654044665334,2.378,5.489625,2.381875,0.9987546699875467,True,runs/pendulum/unified_mechanism_v2/paired_layer_control/large_seed3407/short_common_scan/B/videos/B_350/location_03.mp4,True,1.0,0,0.9343896370404551,0.0012661695356062375,0.2703402159914584,188.5,True,True,red,circle,0.1355372844558605,-0.0002428524754205003,0.004208489714439233,True,0.984375,0.9975093399750934
B_350,low,350,0,4,after block 3,3,2.382654044665334,2.378,5.489625,2.381875,0.9987546699875467,True,runs/pendulum/unified_mechanism_v2/paired_layer_control/large_seed3407/short_common_scan/B/videos/B_350/location_04.mp4,True,1.0,0,1.0055263082937547,0.0013313624477090391,0.23191556249395154,188.0,True,True,red,circle,0.13561703243752557,-0.0002911433649909812,0.004261938300229479,True,0.984375,0.9962640099626401
B_350,low,350,0,5,after block 4,4,2.382654044665334,2.378,5.489625,2.381875,0.9987546699875467,True,runs/pendulum/unified_mechanism_v2/paired_layer_control/large_seed3407/short_common_scan/B/videos/B_350/location_05.mp4,True,1.0,0,0.9570928181857948,0.0012216113713048316,0.15288066786484172,188.0,True,True,red,circle,0.1356902383811302,-0.0003715563647060188,0.004278826916604213,True,0.984375,0.9962640099626401
B_350,low,350,0,6,after block 5,5,2.382654044665334,2.378,5.489625,2.40125,0.9925280199252802,True,runs/pendulum/unified_mechanism_v2/paired_layer_control/large_seed3407/short_common_scan/B/videos/B_350/location_06.mp4,True,1.0,0,1.0123916236937964,0.0016021869609169626,0.03138142895913199,183.5,True,True,red,circle,0.12567889977299604,0.00021303469972275732,0.0045552023621655575,True,0.984375,0.9950186799501867
B_350,low,350,0,7,after block 6,6,2.382654044665334,2.378,5.489625,2.40125,0.9925280199252802,True,runs/pendulum/unified_mechanism_v2/paired_layer_control/large_seed3407/short_common_scan/B/videos/B_350/location_07.mp4,True,1.0,0,0.9248161713656202,0.0016429698883449195,0.4371035201569082,183.5,True,True,red,circle,0.1259840172029247,0.0002629081197465757,0.004586275062976165,True,0.984375,0.9937733499377335
B_350,low,350,0,8,after block 7,7,2.382654044665334,2.378,5.489625,2.40125,0.9925280199252802,True,runs/pendulum/unified_mechanism_v2/paired_layer_control/large_seed3407/short_common_scan/B/videos/B_350/location_08.mp4,True,1.0,0,0.9398649981098229,0.0016306110199504065,0.7776789831766108,183.0,True,True,red,circle,0.12589131453967908,8.967099204752059e-05,0.004913997000601842,True,0.984375,0.9925280199252802
B_350,low,350,0,9,after block 8,8,2.382654044665334,2.378,5.489625,2.405125,0.991282689912827,True,runs/pendulum/unified_mechanism_v2/paired_layer_control/large_seed3407/short_common_scan/B/videos/B_350/location_09.mp4,True,1.0,0,0.9532623858252895,0.001700100290940254,0.902687546049216,183.0,True,True,red,circle,0.1257144323475504,9.608029997035452e-05,0.00498828370811494,True,0.984375,0.991282689912827
B_350,low,350,0,10,after block 9,9,2.382654044665334,2.378,5.489625,2.3935000000000004,0.9950186799501867,True,runs/pendulum/unified_mechanism_v2/paired_layer_control/large_seed3407/short_common_scan/B/videos/B_350/location_10.mp4,True,1.0,0,0.9352862428615709,0.001670328614643779,0.82401257235219,183.0,True,True,red,circle,0.12746980631858942,-0.0008735166972567959,0.005102494062737479,True,0.984375,0.9925280199252802
B_350,low,350,0,11,after block 10,10,2.382654044665334,2.378,5.489625,2.3857500000000003,0.9975093399750934,True,runs/pendulum/unified_mechanism_v2/paired_layer_control/large_seed3407/short_common_scan/B/videos/B_350/location_11.mp4,True,1.0,0,0.9015883621851623,0.0017604230419639155,0.2886033164747171,182.0,True,True,red,circle,0.12617839468265774,-6.421226045981757e-05,0.00487557952085887,True,0.984375,0.9975093399750934
B_350,low,350,0,12,after block 11,11,2.382654044665334,2.378,5.489625,2.4206250000000002,0.9863013698630136,True,runs/pendulum/unified_mechanism_v2/paired_layer_control/large_seed3407/short_common_scan/B/videos/B_350/location_12.mp4,True,0.984375,1,1.067714400523574,0.001709407842672317,0.5006432323457443,182.0,True,True,red,circle,0.12194132612531561,-2.8684764782086352e-05,0.005972129042663836,True,0.984375,0.987546699875467
B_350,low,350,0,13,after block 12,12,2.382654044665334,2.378,5.489625,2.428375,0.9838107098381071,True,runs/pendulum/unified_mechanism_v2/paired_layer_control/large_seed3407/short_common_scan/B/videos/B_350/location_13.mp4,True,0.984375,1,1.074437288392776,0.001649993973054098,0.28706835833635513,180.0,True,True,red,circle,0.11755599185791463,0.0001396390299011569,0.007820139730734341,True,0.984375,0.9813200498132005
B_350,low,350,0,14,after block 13,13,2.382654044665334,2.378,5.489625,2.471,0.9701120797011208,False,runs/pendulum/unified_mechanism_v2/paired_layer_control/large_seed3407/short_common_scan/B/videos/B_350/location_14.mp4,True,1.0,0,9.751171427979784,0.04023566981806659,0.9692632098511857,76.5,True,True,blue,circle,0.05888674094324152,0.0063803998193644375,0.03212485008383037,False,0.015625,nan
B_350,low,350,0,15,after block 14,14,2.382654044665334,2.378,5.489625,5.691125,-0.06475716064757168,False,runs/pendulum/unified_mechanism_v2/paired_layer_control/large_seed3407/short_common_scan/B/videos/B_350/location_15.mp4,True,1.0,0,2.4572126532570757,0.017741357196625673,0.8991486359921235,184.5,True,True,blue,circle,0.07886488139359943,0.0023391789572765826,0.035892574875957824,False,0.03125,nan
B_350,low,350,0,16,after block 15,15,2.382654044665334,2.378,5.489625,5.9275,-0.14072229140722292,False,runs/pendulum/unified_mechanism_v2/paired_layer_control/large_seed3407/short_common_scan/B/videos/B_350/location_16.mp4,True,1.0,0,3.0320462388249205,0.01824413154237159,0.9219738882822583,195.5,True,True,blue,circle,0.10228882652005392,0.004107290589906976,0.01577969929370168,False,0.9375,-0.12079701120797003
B_350,low,350,0,17,after block 16,16,2.382654044665334,2.378,5.489625,6.16,-0.2154420921544209,False,runs/pendulum/unified_mechanism_v2/paired_layer_control/large_seed3407/short_common_scan/B/videos/B_350/location_17.mp4,True,1.0,0,3.683515670999182,0.018030808846521335,1.2352989968403407,198.0,True,True,blue,circle,0.10671446085103166,0.004836044087596497,0.012975288338671355,True,1.0,-0.2154420921544209
B_350,low,350,0,18,after block 17,17,2.382654044665334,2.378,5.489625,5.892625,-0.12951432129514306,False,runs/pendulum/unified_mechanism_v2/paired_layer_control/large_seed3407/short_common_scan/B/videos/B_350/location_18.mp4,True,1.0,0,3.1960833958846475,0.01843462327264539,0.6855869400399195,202.0,True,True,blue,circle,0.10919444641192198,0.004304957916364223,0.009658602224953104,True,1.0,-0.12826899128268981
B_350,low,350,0,19,after block 18,18,2.382654044665334,2.378,5.489625,5.791875,-0.09713574097135738,False,runs/pendulum/unified_mechanism_v2/paired_layer_control/large_seed3407/short_common_scan/B/videos/B_350/location_19.mp4,True,1.0,0,3.126196523332934,0.017959411927356006,0.4406119682217823,202.0,True,True,blue,circle,0.10941622289270052,0.00548418331819938,0.009801221229253665,True,1.0,-0.09215442092154408
B_350,low,350,0,20,after block 19,19,2.382654044665334,2.378,5.489625,5.710500000000001,-0.07098381070983822,False,runs/pendulum/unified_mechanism_v2/paired_layer_control/large_seed3407/short_common_scan/B/videos/B_350/location_20.mp4,True,1.0,0,3.5181813726573705,0.017191867317293108,0.4012737174581268,204.0,True,True,blue,circle,0.10934723161420458,0.004200992521820946,0.008622661013182313,True,1.0,-0.07098381070983822
B_350,low,350,0,21,after block 20,20,2.382654044665334,2.378,5.489625,5.698875,-0.06724782067247818,False,runs/pendulum/unified_mechanism_v2/paired_layer_control/large_seed3407/short_common_scan/B/videos/B_350/location_21.mp4,True,1.0,0,3.204316729206158,0.017141041086082526,0.4318799829520324,203.0,True,True,blue,circle,0.11373593207872403,0.003205875791103649,0.009281191187542386,True,1.0,-0.06600249066002493
B_350,low,350,0,22,after block 21,21,2.382654044665334,2.378,5.489625,5.6213750000000005,-0.04234122042341228,False,runs/pendulum/unified_mechanism_v2/paired_layer_control/large_seed3407/short_common_scan/B/videos/B_350/location_22.mp4,True,1.0,0,3.718428301373422,0.016571644172285738,1.8991752249033145,203.5,True,True,blue,circle,0.10042342495177467,-0.0016466645574594024,0.005875928911512775,True,1.0,-0.04358655043586554
B_350,low,350,0,23,after block 22,22,2.382654044665334,2.378,5.489625,5.667875,-0.05728518057285188,False,runs/pendulum/unified_mechanism_v2/paired_layer_control/large_seed3407/short_common_scan/B/videos/B_350/location_23.mp4,True,1.0,0,3.8878294621319567,0.017109126374967226,1.046090552611352,205.0,True,True,blue,circle,0.10120769325281757,-0.0011565117794362036,0.005453711640814244,True,1.0,-0.05853051058530513
B_350,low,350,0,24,after block 23,23,2.382654044665334,2.378,5.489625,5.664000000000001,-0.05603985056039863,False,runs/pendulum/unified_mechanism_v2/paired_layer_control/large_seed3407/short_common_scan/B/videos/B_350/location_24.mp4,True,1.0,0,3.9381649989358425,0.017130850992925273,1.121380186008827,205.0,True,True,blue,circle,0.10120146979906014,-0.0008505298308419617,0.005595869980033131,True,1.0,-0.05603985056039863
B_350,low,350,0,25,after block 24,24,2.382654044665334,2.378,5.489625,5.62525,-0.04358655043586554,False,runs/pendulum/unified_mechanism_v2/paired_layer_control/large_seed3407/short_common_scan/B/videos/B_350/location_25.mp4,True,1.0,0,3.871166699761878,0.01699530296523577,0.846513026228735,209.0,True,True,blue,circle,0.10877683547557071,-0.0020352118010742476,0.00610062145180987,True,1.0,-0.04607721046077204
B_350,low,350,0,26,after block 25,25,2.382654044665334,2.378,5.489625,5.571,-0.02615193026151915,False,runs/pendulum/unified_mechanism_v2/paired_layer_control/large_seed3407/short_common_scan/B/videos/B_350/location_26.mp4,True,1.0,0,3.821715664285384,0.016770311455462233,1.1210458977544784,209.0,True,True,blue,circle,0.10798129130310315,-0.001273448697148823,0.005318946870671723,True,1.0,-0.02864259028642594
B_350,low,350,0,27,after block 26,26,2.382654044665334,2.378,5.489625,5.509,-0.006226650062266546,False,runs/pendulum/unified_mechanism_v2/paired_layer_control/large_seed3407/short_common_scan/B/videos/B_350/location_27.mp4,True,1.0,0,3.6374473810912256,0.016586123769849498,1.6542275269299325,210.0,True,True,blue,circle,0.1088279531950933,-0.000945052305129055,0.005067485641796384,True,1.0,-0.006226650062266546
B_350,low,350,0,28,after block 27,27,2.382654044665334,2.378,5.489625,5.509,-0.006226650062266546,False,runs/pendulum/unified_mechanism_v2/paired_layer_control/large_seed3407/short_common_scan/B/videos/B_350/location_28.mp4,True,1.0,0,3.759385204451767,0.01663466609690406,0.939395452933958,209.5,True,True,blue,circle,0.10973171818292535,-0.0011572983900748183,0.0048257266212445755,True,1.0,-0.004981320049813294
B_350,low,350,0,29,after block 28,28,2.382654044665334,2.378,5.489625,5.489625,-0.0,False,runs/pendulum/unified_mechanism_v2/paired_layer_control/large_seed3407/short_common_scan/B/videos/B_350/location_29.mp4,True,1.0,0,3.8356699565398387,0.016402113727676637,0.9699683101363543,211.0,True,True,blue,circle,0.10885552270929658,-0.0009791417017780562,0.004976554227993298,True,1.0,-0.0
B_350,low,350,0,30,after block 29,29,2.382654044665334,2.378,5.489625,5.4935,-0.0012453300124532522,False,runs/pendulum/unified_mechanism_v2/paired_layer_control/large_seed3407/short_common_scan/B/videos/B_350/location_30.mp4,True,1.0,0,3.8108460911354154,0.016047711338099152,1.197220925565351,210.0,True,True,blue,circle,0.10914424168980599,-0.0007262866930926793,0.005187227595721343,True,1.0,-0.0
B_354,low,354,0,0,embedding output,,2.3764695536835925,2.412875,5.71825,2.405125,1.0023446658851114,True,runs/pendulum/unified_mechanism_v2/paired_layer_control/large_seed3407/short_common_scan/B/videos/B_354/location_00.mp4,True,1.0,0,0.804207301927695,0.001203887323614261,0.5613619621032022,190.0,True,True,red,circle,0.10210777919592796,-0.0016191654824172948,0.003983343923293332,True,0.984375,1.0011723329425557
B_354,low,354,0,1,after block 0,0,2.3764695536835925,2.412875,5.71825,2.412875,1.0,True,runs/pendulum/unified_mechanism_v2/paired_layer_control/large_seed3407/short_common_scan/B/videos/B_354/location_01.mp4,True,1.0,0,0.7292213675779454,0.0010859093293226485,0.5407998963048415,190.0,True,True,red,circle,0.10183148722078714,-0.0018044798588016464,0.004101869794450111,True,0.984375,0.9988276670574442
B_354,low,354,0,2,after block 1,1,2.3764695536835925,2.412875,5.71825,2.4322500000000002,0.9941383352872215,True,runs/pendulum/unified_mechanism_v2/paired_layer_control/large_seed3407/short_common_scan/B/videos/B_354/location_02.mp4,True,1.0,0,0.7471729199534266,0.0011382825155126508,0.5407998963048415,192.0,True,True,red,circle,0.1016888262572111,-0.0019614336060304566,0.0040670523917905425,True,0.984375,0.9941383352872215
B_354,low,354,0,3,after block 2,2,2.3764695536835925,2.412875,5.71825,2.4245,0.9964830011723329,True,runs/pendulum/unified_mechanism_v2/paired_layer_control/large_seed3407/short_common_scan/B/videos/B_354/location_03.mp4,True,1.0,0,0.7239770681029075,0.001120607290867992,0.4588794512901104,190.0,True,True,red,circle,0.10175814123842274,-0.001815937489501955,0.004123222985728857,True,0.984375,0.9953106682297773
B_354,low,354,0,4,after block 3,3,2.3764695536835925,2.412875,5.71825,2.4245,0.9964830011723329,True,runs/pendulum/unified_mechanism_v2/paired_layer_control/large_seed3407/short_common_scan/B/videos/B_354/location_04.mp4,True,1.0,0,0.7598388443944102,0.0010936411042361538,0.5407998963048415,190.0,True,True,red,circle,0.10194435770118386,-0.0018894558251032637,0.0040791554842008,True,0.984375,0.9953106682297773
B_354,low,354,0,5,after block 4,4,2.3764695536835925,2.412875,5.71825,2.428375,0.9953106682297773,True,runs/pendulum/unified_mechanism_v2/paired_layer_control/large_seed3407/short_common_scan/B/videos/B_354/location_05.mp4,True,1.0,0,0.7239770681029075,0.001182105737230238,0.5407998963048415,190.0,True,True,red,circle,0.10182794153149814,-0.0019385173897322433,0.00404542527014054,True,0.984375,0.9941383352872215
B_354,low,354,0,6,after block 5,5,2.3764695536835925,2.412875,5.71825,2.544625,0.9601406799531067,True,runs/pendulum/unified_mechanism_v2/paired_layer_control/large_seed3407/short_common_scan/B/videos/B_354/location_06.mp4,True,1.0,0,0.7201168641462055,0.0009001978011978495,0.523218950727173,186.5,True,True,red,circle,0.09396290791046732,-0.0028557244861683356,0.004563378844081721,True,0.984375,0.9601406799531067
B_354,low,354,0,7,after block 6,6,2.3764695536835925,2.412875,5.71825,2.552375,0.9577960140679953,True,runs/pendulum/unified_mechanism_v2/paired_layer_control/large_seed3407/short_common_scan/B/videos/B_354/location_07.mp4,True,1.0,0,0.7125371014782242,0.0008859641898147641,0.523218950727173,186.0,True,True,red,circle,0.09420090379069292,-0.0027844459550938248,0.004648167288169403,True,0.984375,0.9577960140679953
B_354,low,354,0,8,after block 7,7,2.3764695536835925,2.412875,5.71825,2.560125,0.9554513481828839,True,runs/pendulum/unified_mechanism_v2/paired_layer_control/large_seed3407/short_common_scan/B/videos/B_354/location_08.mp4,True,1.0,0,0.7329325225725969,0.0010099446577686577,0.6504538013155406,186.5,True,True,red,circle,0.09453472008677492,-0.002567242333441862,0.0043562635059971365,True,0.984375,0.9566236811254395
B_354,low,354,0,9,after block 8,8,2.3764695536835925,2.412875,5.71825,2.560125,0.9554513481828839,True,runs/pendulum/unified_mechanism_v2/paired_layer_control/large_seed3407/short_common_scan/B/videos/B_354/location_09.mp4,True,1.0,0,0.7179464377396245,0.0010709148871870522,0.6282399992980067,186.0,True,True,red,circle,0.09415758429265977,-0.002811423594978103,0.004375625994743243,True,0.984375,0.9566236811254395
B_354,low,354,0,10,after block 9,9,2.3764695536835925,2.412875,5.71825,2.595,0.9449003516998827,True,runs/pendulum/unified_mechanism_v2/paired_layer_control/large_seed3407/short_common_scan/B/videos/B_354/location_10.mp4,True,1.0,0,1.9857494714915367,0.001004702841910704,1.8072564329565768,186.0,True,True,red,circle,0.09697197959993975,-0.003092250345705257,0.005105856138110933,True,0.984375,0.9460726846424385
B_354,low,354,0,11,after block 10,10,2.3764695536835925,2.412875,5.71825,2.6105,0.94021101992966,True,runs/pendulum/unified_mechanism_v2/paired_layer_control/large_seed3407/short_common_scan/B/videos/B_354/location_11.mp4,True,1.0,0,3.6575427733786343,0.0009283730523863554,3.6398149958797505,186.0,True,True,red,circle,0.09578932106806468,-0.0024832036373327996,0.005602532085411777,True,0.984375,0.94021101992966
B_354,low,354,0,12,after block 11,11,2.3764695536835925,2.412875,5.71825,2.63375,0.933177022274326,True,runs/pendulum/unified_mechanism_v2/paired_layer_control/large_seed3407/short_common_scan/B/videos/B_354/location_12.mp4,True,1.0,0,3.5728069491035526,0.0008564803037118263,3.5119215668542214,183.0,True,True,red,circle,0.09219098672465291,-0.0026051372330125303,0.005622205774945956,True,0.984375,0.933177022274326
B_354,low,354,0,13,after block 12,12,2.3764695536835925,2.412875,5.71825,2.660875,0.9249706916764362,True,runs/pendulum/unified_mechanism_v2/paired_layer_control/large_seed3407/short_common_scan/B/videos/B_354/location_13.mp4,True,0.984375,1,0.8700800220607149,0.0007562905300817491,0.34055850981383046,179.0,True,True,red,circle,0.0882013040329063,-0.0020189888217510173,0.005776208804582811,True,0.984375,0.9261430246189918
B_354,low,354,0,14,after block 13,13,2.3764695536835925,2.412875,5.71825,2.8585000000000003,0.8651817116060961,True,runs/pendulum/unified_mechanism_v2/paired_layer_control/large_seed3407/short_common_scan/B/videos/B_354/location_14.mp4,True,0.984375,1,0.8417554753659777,0.0008059356050288957,0.10213606878712919,166.0,True,True,red,circle,0.07123692269576527,-0.004925225231778435,0.011854674821121654,False,0.15625,1.3669402110199296
B_354,low,354,0,15,after block 14,14,2.3764695536835925,2.412875,5.71825,3.9861250000000004,0.5240328253223915,False,runs/pendulum/unified_mechanism_v2/paired_layer_control/large_seed3407/short_common_scan/B/videos/B_354/location_15.mp4,True,1.0,0,3.3690394346643853,0.019079114730335717,1.5045545370985454,183.5,True,True,blue,circle,0.04523245810631345,0.0027752037049355487,0.023125953692872302,False,0.015625,nan
B_354,low,354,0,16,after block 15,15,2.3764695536835925,2.412875,5.71825,6.365375,-0.1957796014067995,False,runs/pendulum/unified_mechanism_v2/paired_layer_control/large_seed3407/short_common_scan/B/videos/B_354/location_16.mp4,True,1.0,0,3.29759335220361,0.0191347838993009,1.7648635754494408,195.5,True,True,blue,circle,0.07363266799992484,-0.0006580869028238158,0.015425360594330355,False,0.890625,-0.21336459554513465
B_354,low,354,0,17,after block 16,16,2.3764695536835925,2.412875,5.71825,6.0360000000000005,-0.09613130128956629,False,runs/pendulum/unified_mechanism_v2/paired_layer_control/large_seed3407/short_common_scan/B/videos/B_354/location_17.mp4,True,1.0,0,3.3490598742805715,0.018268021193432737,1.4195846289040743,199.0,True,True,blue,circle,0.09063153530843379,2.1814889256971517e-05,0.009376372614005615,True,1.0,-0.09613130128956629
B_354,low,354,0,18,after block 17,17,2.3764695536835925,2.412875,5.71825,6.024375,-0.0926143024618991,False,runs/pendulum/unified_mechanism_v2/paired_layer_control/large_seed3407/short_common_scan/B/videos/B_354/location_18.mp4,True,1.0,0,3.1080223089329877,0.018612170326974403,1.449364449061583,200.5,True,True,blue,circle,0.09055724975877905,0.0003323582594420914,0.008676548436801388,True,1.0,-0.09026963657678783
B_354,low,354,0,19,after block 18,18,2.3764695536835925,2.412875,5.71825,5.939125,-0.06682297772567393,False,runs/pendulum/unified_mechanism_v2/paired_layer_control/large_seed3407/short_common_scan/B/videos/B_354/location_19.mp4,True,1.0,0,3.2051482637885744,0.019766406688548954,1.5513983657895447,202.0,True,True,blue,circle,0.08659828653393714,0.0021280030672773315,0.006214964148916063,True,1.0,-0.06799531066822984
B_354,low,354,0,20,after block 19,19,2.3764695536835925,2.412875,5.71825,5.892625,-0.05275498241500571,False,runs/pendulum/unified_mechanism_v2/paired_layer_control/large_seed3407/short_common_scan/B/videos/B_354/location_20.mp4,True,1.0,0,3.4034330802965944,0.018300511475383724,1.545033812522454,202.5,True,True,blue,circle,0.08659866864909899,0.00167889425145451,0.005515074792580528,True,1.0,-0.05275498241500571
B_354,low,354,0,21,after block 20,20,2.3764695536835925,2.412875,5.71825,5.900375,-0.05509964830011726,False,runs/pendulum/unified_mechanism_v2/paired_layer_control/large_seed3407/short_common_scan/B/videos/B_354/location_21.mp4,True,1.0,0,3.587798864052538,0.018839116249116467,1.5203149079263771,201.0,True,True,blue,circle,0.09154731924001298,0.0012520684144071948,0.006357890948738526,True,1.0,-0.05509964830011726
B_354,low,354,0,22,after block 21,21,2.3764695536835925,2.412875,5.71825,5.8732500000000005,-0.0468933177022275,False,runs/pendulum/unified_mechanism_v2/paired_layer_control/large_seed3407/short_common_scan/B/videos/B_354/location_22.mp4,True,1.0,0,2.617788198397246,0.01874451944243985,1.83928938481966,203.5,True,True,blue,circle,0.08277691972261947,-0.0012581514972149874,0.005473672363303768,True,1.0,-0.051582649472450066
B_354,low,354,0,23,after block 22,22,2.3764695536835925,2.412875,5.71825,5.807375,-0.026963657678780808,False,runs/pendulum/unified_mechanism_v2/paired_layer_control/large_seed3407/short_common_scan/B/videos/B_354/location_23.mp4,True,1.0,0,3.0169356608721167,0.01881677107163257,2.5526789915935715,205.5,True,True,blue,circle,0.08387473965224086,-0.00015876967326647904,0.00603057337226211,True,1.0,-0.03399765533411492
B_354,low,354,0,24,after block 23,23,2.3764695536835925,2.412875,5.71825,5.830625,-0.03399765533411492,False,runs/pendulum/unified_mechanism_v2/paired_layer_control/large_seed3407/short_common_scan/B/videos/B_354/location_24.mp4,True,1.0,0,2.7463431679568306,0.01820561076555563,2.58062426016434,205.5,True,True,blue,circle,0.08392497567536236,-0.0007765739488730022,0.005891254979601549,True,1.0,-0.042203985932004674
B_354,low,354,0,25,after block 24,24,2.3764695536835925,2.412875,5.71825,5.760875,-0.012895662368112584,False,runs/pendulum/unified_mechanism_v2/paired_layer_control/large_seed3407/short_common_scan/B/videos/B_354/location_25.mp4,True,1.0,0,3.189427495834017,0.018847991025273625,3.018188480416795,209.5,True,True,blue,circle,0.09246091930519894,-0.0015908631258072514,0.006145162429518707,True,1.0,-0.014067995310668225
B_354,low,354,0,26,after block 25,25,2.3764695536835925,2.412875,5.71825,5.737625,-0.005861664712778472,False,runs/pendulum/unified_mechanism_v2/paired_layer_control/large_seed3407/short_common_scan/B/videos/B_354/location_26.mp4,True,1.0,0,3.1125004108546146,0.018787317691912248,3.173585154339414,210.0,True,True,blue,circle,0.0926508194506039,-0.000855159264089955,0.005584274857053394,True,1.0,-0.008206330597889753
B_354,low,354,0,27,after block 26,26,2.3764695536835925,2.412875,5.71825,5.7415,-0.007033997655334113,False,runs/pendulum/unified_mechanism_v2/paired_layer_control/large_seed3407/short_common_scan/B/videos/B_354/location_27.mp4,True,1.0,0,3.0371159632173237,0.018601781571204318,2.726056050482395,209.0,True,True,blue,circle,0.09328447222102393,-0.0010056017622349597,0.005239257392195848,True,1.0,-0.010550996483001035
B_354,low,354,0,28,after block 27,27,2.3764695536835925,2.412875,5.71825,5.714375,0.0011723329425556406,False,runs/pendulum/unified_mechanism_v2/paired_layer_control/large_seed3407/short_common_scan/B/videos/B_354/location_28.mp4,True,1.0,0,3.0434298149204198,0.01804046048023017,2.773588544227959,210.0,True,True,blue,circle,0.09531439471719173,-0.0011580047293448014,0.00540663328188312,True,1.0,-0.0023446658851112813
B_354,low,354,0,29,after block 28,28,2.3764695536835925,2.412875,5.71825,5.714375,0.0011723329425556406,False,runs/pendulum/unified_mechanism_v2/paired_layer_control/large_seed3407/short_common_scan/B/videos/B_354/location_29.mp4,True,1.0,0,3.00703967749265,0.018603276331990687,2.762003687692751,209.5,True,True,blue,circle,0.09566922328528497,-0.0008394772590581674,0.005309832388352565,True,1.0,-0.0023446658851112813
B_354,low,354,0,30,after block 29,29,2.3764695536835925,2.412875,5.71825,5.710500000000001,0.0023446658851112813,False,runs/pendulum/unified_mechanism_v2/paired_layer_control/large_seed3407/short_common_scan/B/videos/B_354/location_30.mp4,True,1.0,0,3.296042988612837,0.018215351449991812,2.8052409122030175,211.0,True,True,blue,circle,0.09610924738002172,-0.0008423449714433909,0.0057322186694951805,True,1.0,-0.0
B_373,low,373,0,0,embedding output,,2.542566642582086,2.4400000000000004,5.474125,2.4400000000000004,1.0,True,runs/pendulum/unified_mechanism_v2/paired_layer_control/large_seed3407/short_common_scan/B/videos/B_373/location_00.mp4,True,1.0,0,1.2651933105776914,0.000831601930456255,0.39934711479354273,191.0,True,True,red,circle,0.1606745627282944,0.003141514677560507,0.0058493768862267325,True,0.984375,0.9987228607918264
B_373,low,373,0,1,after block 0,0,2.542566642582086,2.4400000000000004,5.474125,2.4400000000000004,1.0,True,runs/pendulum/unified_mechanism_v2/paired_layer_control/large_seed3407/short_common_scan/B/videos/B_373/location_01.mp4,True,1.0,0,1.2404299720800518,0.0007623446934118538,0.38965234642555013,191.0,True,True,red,circle,0.1609111362773758,0.0030989685652414913,0.005945260173444756,True,0.984375,0.9987228607918264
B_373,low,373,0,2,after block 1,1,2.542566642582086,2.4400000000000004,5.474125,2.4438750000000002,0.9987228607918264,True,runs/pendulum/unified_mechanism_v2/paired_layer_control/large_seed3407/short_common_scan/B/videos/B_373/location_02.mp4,True,1.0,0,1.1433633093274524,0.0008167270497828893,0.4369367352455333,190.0,True,True,red,circle,0.1610833927588831,0.003271039934496556,0.0060431834025716225,True,0.984375,0.9974457215836527
B_373,low,373,0,3,after block 2,2,2.542566642582086,2.4400000000000004,5.474125,2.4400000000000004,1.0,True,runs/pendulum/unified_mechanism_v2/paired_layer_control/large_seed3407/short_common_scan/B/videos/B_373/location_03.mp4,True,1.0,0,1.204510893331901,0.000828804000051947,0.3575634877649295,191.0,True,True,red,circle,0.1610691195386395,0.0032365944567121123,0.005958952426853603,True,0.984375,0.9987228607918264
B_373,low,373,0,4,after block 3,3,2.542566642582086,2.4400000000000004,5.474125,2.4400000000000004,1.0,True,runs/pendulum/unified_mechanism_v2/paired_layer_control/large_seed3407/short_common_scan/B/videos/B_373/location_04.mp4,True,1.0,0,1.2212215878352175,0.0008591885781462361,0.38965234642555013,190.5,True,True,red,circle,0.16116936604753235,0.0032094496309284792,0.006030008271234331,True,0.984375,0.9987228607918264
B_373,low,373,0,5,after block 4,4,2.542566642582086,2.4400000000000004,5.474125,2.4400000000000004,1.0,True,runs/pendulum/unified_mechanism_v2/paired_layer_control/large_seed3407/short_common_scan/B/videos/B_373/location_05.mp4,True,1.0,0,1.1433633093274524,0.0008591885781462361,0.4274354780337678,191.0,True,True,red,circle,0.16109633954316246,0.0032902871814341713,0.005978578393312349,True,0.984375,0.9987228607918264
B_373,low,373,0,6,after block 5,5,2.542566642582086,2.4400000000000004,5.474125,2.5485,0.9642401021711368,True,runs/pendulum/unified_mechanism_v2/paired_layer_control/large_seed3407/short_common_scan/B/videos/B_373/location_06.mp4,True,1.0,0,1.0827844416252754,0.0007661767786045492,0.5339713650402518,186.0,True,True,red,circle,0.1546402506349407,0.003876012288509414,0.006717393628038753,True,0.984375,0.9642401021711368
B_373,low,373,0,7,after block 6,6,2.542566642582086,2.4400000000000004,5.474125,2.544625,0.9655172413793105,True,runs/pendulum/unified_mechanism_v2/paired_layer_control/large_seed3407/short_common_scan/B/videos/B_373/location_07.mp4,True,1.0,0,1.0641861124456578,0.000793949313451281,0.5110793403004229,186.0,True,True,red,circle,0.1551585541120286,0.003821403373217364,0.006800783590581588,True,0.984375,0.9655172413793105
B_373,low,373,0,8,after block 7,7,2.542566642582086,2.4400000000000004,5.474125,2.552375,0.962962962962963,True,runs/pendulum/unified_mechanism_v2/paired_layer_control/large_seed3407/short_common_scan/B/videos/B_373/location_08.mp4,True,1.0,0,1.1473427225855637,0.0007305528725944643,0.5470409564928768,185.0,True,True,red,circle,0.1548724831296496,0.003904575230994938,0.007258257966162401,True,0.984375,0.962962962962963
B_373,low,373,0,9,after block 8,8,2.542566642582086,2.4400000000000004,5.474125,2.5562500000000004,0.9616858237547893,True,runs/pendulum/unified_mechanism_v2/paired_layer_control/large_seed3407/short_common_scan/B/videos/B_373/location_09.mp4,True,1.0,0,1.1515620091688552,0.0007694040400700319,0.683609619258891,185.0,True,True,red,circle,0.15495811860833902,0.004028530738475741,0.007169842140994138,True,0.984375,0.9604086845466157
B_373,low,373,0,10,after block 9,9,2.542566642582086,2.4400000000000004,5.474125,2.5756250000000005,0.9553001277139208,True,runs/pendulum/unified_mechanism_v2/paired_layer_control/large_seed3407/short_common_scan/B/videos/B_373/location_10.mp4,True,1.0,0,1.2350710853150273,0.0007729116497716959,0.7590339501418177,183.0,True,True,red,circle,0.15772913346792916,0.004420398555095113,0.007759369178042637,True,0.984375,0.9553001277139208
B_373,low,373,0,11,after block 10,10,2.542566642582086,2.4400000000000004,5.474125,2.595,0.9489144316730524,True,runs/pendulum/unified_mechanism_v2/paired_layer_control/large_seed3407/short_common_scan/B/videos/B_373/location_11.mp4,True,1.0,0,1.1568429359113082,0.000888212261315191,0.6788632098862845,184.0,True,True,red,circle,0.15619371908333418,0.004758198574041361,0.008124893422563655,True,0.984375,0.9501915708812262
B_373,low,373,0,12,after block 11,11,2.542566642582086,2.4400000000000004,5.474125,2.637625,0.9348659003831419,True,runs/pendulum/unified_mechanism_v2/paired_layer_control/large_seed3407/short_common_scan/B/videos/B_373/location_12.mp4,True,1.0,0,1.2345321846255541,0.0008798427181477275,1.1532416197456645,181.0,True,True,red,circle,0.1539194173789289,0.004677151916389629,0.008787616225060997,True,0.984375,0.9348659003831419
B_373,low,373,0,13,after block 12,12,2.542566642582086,2.4400000000000004,5.474125,2.6725000000000003,0.9233716475095786,True,runs/pendulum/unified_mechanism_v2/paired_layer_control/large_seed3407/short_common_scan/B/videos/B_373/location_13.mp4,True,0.984375,1,1.454704819366402,0.0008970545211138825,0.44514412573409734,178.0,True,True,red,circle,0.15687419505412287,0.004960232338038283,0.010427984894086102,True,0.984375,0.9233716475095786
B_373,low,373,0,14,after block 13,13,2.542566642582086,2.4400000000000004,5.474125,2.8120000000000003,0.8773946360153256,False,runs/pendulum/unified_mechanism_v2/paired_layer_control/large_seed3407/short_common_scan/B/videos/B_373/location_14.mp4,True,1.0,0,9.476048872920018,0.03967704386532098,1.95368468960426,68.0,True,True,blue,circle,0.08009502279160918,0.006915271242600911,0.03181779980659112,False,0.015625,nan
B_373,low,373,0,15,after block 14,14,2.542566642582086,2.4400000000000004,5.474125,5.57875,-0.034482758620689793,False,runs/pendulum/unified_mechanism_v2/paired_layer_control/large_seed3407/short_common_scan/B/videos/B_373/location_15.mp4,True,1.0,0,2.2836348610233044,0.01788892144920795,2.055784416010707,182.0,True,True,blue,circle,0.09970828031739769,0.011630730833739805,0.04085291433636269,False,0.03125,nan
B_373,low,373,0,16,after block 15,15,2.542566642582086,2.4400000000000004,5.474125,5.8500000000000005,-0.12388250319284824,False,runs/pendulum/unified_mechanism_v2/paired_layer_control/large_seed3407/short_common_scan/B/videos/B_373/location_16.mp4,True,1.0,0,3.312232744413772,0.01786041238269978,1.8333144209913288,196.0,True,True,blue,circle,0.1331843425630137,0.00889562028861727,0.017154169219325544,True,0.984375,-0.09195402298850573
B_373,low,373,0,17,after block 16,16,2.542566642582086,2.4400000000000004,5.474125,6.047625,-0.18901660280970634,False,runs/pendulum/unified_mechanism_v2/paired_layer_control/large_seed3407/short_common_scan/B/videos/B_373/location_17.mp4,True,1.0,0,4.034107941291195,0.018457406234396234,1.6797010799962258,199.0,True,True,blue,circle,0.13852264901077835,0.010017900232895761,0.01585974322011712,True,1.0,-0.18646232439335905
B_373,low,373,0,18,after block 17,17,2.542566642582086,2.4400000000000004,5.474125,5.84225,-0.12132822477650067,False,runs/pendulum/unified_mechanism_v2/paired_layer_control/large_seed3407/short_common_scan/B/videos/B_373/location_18.mp4,True,1.0,0,4.413867704693994,0.017391581755077934,1.3025809195988207,201.0,True,True,blue,circle,0.1416054918900674,0.00836587491955443,0.011908350453111708,True,1.0,-0.12388250319284824
B_373,low,373,0,19,after block 18,18,2.542566642582086,2.4400000000000004,5.474125,5.733750000000001,-0.08556832694763752,False,runs/pendulum/unified_mechanism_v2/paired_layer_control/large_seed3407/short_common_scan/B/videos/B_373/location_19.mp4,True,1.0,0,4.578141931079845,0.01719528239602633,1.5051166738315818,200.0,True,True,blue,circle,0.14211968268529362,0.007469249546326302,0.01127119148407876,True,1.0,-0.08429118773946359
B_373,low,373,0,20,after block 19,19,2.542566642582086,2.4400000000000004,5.474125,5.605875,-0.04342273307790558,False,runs/pendulum/unified_mechanism_v2/paired_layer_control/large_seed3407/short_common_scan/B/videos/B_373/location_20.mp4,True,1.0,0,4.130582837120619,0.017041808894050797,1.788915923786247,201.0,True,True,blue,circle,0.1463386537244412,0.006141961795854177,0.011045251302810014,True,1.0,-0.044699872286079224
B_373,low,373,0,21,after block 20,20,2.542566642582086,2.4400000000000004,5.474125,5.582625,-0.035759897828863435,False,runs/pendulum/unified_mechanism_v2/paired_layer_control/large_seed3407/short_common_scan/B/videos/B_373/location_21.mp4,True,1.0,0,4.787904734906167,0.016748697745634034,1.7104193397854492,200.0,True,True,blue,circle,0.15392489334970458,0.00470190147678917,0.010548721388386771,True,1.0,-0.035759897828863435
B_373,low,373,0,22,after block 21,21,2.542566642582086,2.4400000000000004,5.474125,5.590375,-0.038314176245210725,False,runs/pendulum/unified_mechanism_v2/paired_layer_control/large_seed3407/short_common_scan/B/videos/B_373/location_22.mp4,True,1.0,0,3.31741642197894,0.017717240270119644,3.0698320336709877,202.0,True,True,blue,circle,0.14656295535778394,0.0013741109356422904,0.00697684872158743,True,1.0,-0.03959131545338437
B_373,low,373,0,23,after block 22,22,2.542566642582086,2.4400000000000004,5.474125,5.590375,-0.038314176245210725,False,runs/pendulum/unified_mechanism_v2/paired_layer_control/large_seed3407/short_common_scan/B/videos/B_373/location_23.mp4,True,1.0,0,3.284731634724604,0.01765035026016576,2.853115520805394,202.0,True,True,blue,circle,0.1485699289357658,0.0015112264654422818,0.006508717485280813,True,1.0,-0.0408684546615583
B_373,low,373,0,24,after block 23,23,2.542566642582086,2.4400000000000004,5.474125,5.582625,-0.035759897828863435,False,runs/pendulum/unified_mechanism_v2/paired_layer_control/large_seed3407/short_common_scan/B/videos/B_373/location_24.mp4,True,1.0,0,3.5900512240606,0.017622221708025965,3.224170540098309,201.0,True,True,blue,circle,0.14780726399301455,0.0013515471535788693,0.006397772009746136,True,1.0,-0.038314176245210725
B_373,low,373,0,25,after block 24,24,2.542566642582086,2.4400000000000004,5.474125,5.567125,-0.030651340996168577,False,runs/pendulum/unified_mechanism_v2/paired_layer_control/large_seed3407/short_common_scan/B/videos/B_373/location_25.mp4,True,1.0,0,3.2004924570823614,0.016570000781815752,3.0060746483584437,208.0,True,True,blue,circle,0.154140469391795,0.0005583098276467724,0.006351937748152211,True,1.0,-0.03192848020434222
B_373,low,373,0,26,after block 25,25,2.542566642582086,2.4400000000000004,5.474125,5.54,-0.02171136653895279,False,runs/pendulum/unified_mechanism_v2/paired_layer_control/large_seed3407/short_common_scan/B/videos/B_373/location_26.mp4,True,1.0,0,3.4730653550029063,0.01728922655618023,2.968712337120399,209.0,True,True,blue,circle,0.15362981495358508,0.001662494836706867,0.006492692149697914,True,1.0,-0.022988505747126433
B_373,low,373,0,27,after block 26,26,2.542566642582086,2.4400000000000004,5.474125,5.497375,-0.007662835249042144,False,runs/pendulum/unified_mechanism_v2/paired_layer_control/large_seed3407/short_common_scan/B/videos/B_373/location_27.mp4,True,1.0,0,3.3292055737729522,0.016636324092658195,2.8877971123851793,208.0,True,True,blue,circle,0.1545994991387604,0.0016758341145405634,0.007257587211530102,True,1.0,-0.007662835249042144
B_373,low,373,0,28,after block 27,27,2.542566642582086,2.4400000000000004,5.474125,5.48575,-0.0038314176245212187,False,runs/pendulum/unified_mechanism_v2/paired_layer_control/large_seed3407/short_common_scan/B/videos/B_373/location_28.mp4,True,1.0,0,3.2212157498403746,0.016862863591127042,3.154060551809856,206.5,True,True,blue,circle,0.1560291392528384,0.0015003695217555232,0.006994139415272352,True,1.0,-0.00510855683269486
B_373,low,373,0,29,after block 28,28,2.542566642582086,2.4400000000000004,5.474125,5.474125,-0.0,False,runs/pendulum/unified_mechanism_v2/paired_layer_control/large_seed3407/short_common_scan/B/videos/B_373/location_29.mp4,True,1.0,0,3.3680973103287744,0.017435613886906592,3.08300877553555,208.0,True,True,blue,circle,0.1561733849528702,0.0018255151671346009,0.007777050830087943,True,1.0,-0.0
B_373,low,373,0,30,after block 29,29,2.542566642582086,2.4400000000000004,5.474125,5.47025,0.001277139208173642,False,runs/pendulum/unified_mechanism_v2/paired_layer_control/large_seed3407/short_common_scan/B/videos/B_373/location_30.mp4,True,1.0,0,3.4102988298073824,0.017062123906107035,3.4519193131826897,207.5,True,True,blue,circle,0.15617280246553147,0.0019781674492716445,0.007896806017580483,True,1.0,-0.0
B_376,low,376,0,0,embedding output,,2.2040715636167407,2.29275,5.40825,2.285,1.0024875621890545,True,runs/pendulum/unified_mechanism_v2/paired_layer_control/large_seed3407/short_common_scan/B/videos/B_376/location_00.mp4,True,1.0,0,1.0108237758790368,0.0015281760444352532,1.1079394737720396,190.0,True,True,red,circle,0.12973552456340404,0.0008821462979789242,0.003161530843153516,True,0.984375,1.0012437810945274
B_376,low,376,0,1,after block 0,0,2.2040715636167407,2.29275,5.40825,2.285,1.0024875621890545,True,runs/pendulum/unified_mechanism_v2/paired_layer_control/large_seed3407/short_common_scan/B/videos/B_376/location_01.mp4,True,1.0,0,0.9745656212545876,0.001512493046510438,1.1239046792036442,189.5,True,True,red,circle,0.1297521973664739,0.0009100071465258368,0.0030507461746403465,True,0.984375,1.0012437810945274
B_376,low,376,0,2,after block 1,1,2.2040715636167407,2.29275,5.40825,2.288875,1.0012437810945274,True,runs/pendulum/unified_mechanism_v2/paired_layer_control/large_seed3407/short_common_scan/B/videos/B_376/location_02.mp4,True,1.0,0,1.025553207811026,0.0014244011754678265,1.1303739524899725,190.0,True,True,red,circle,0.12988083247631071,0.0008799902536617019,0.002981082061959952,True,0.984375,0.9987562189054725
B_376,low,376,0,3,after block 2,2,2.2040715636167407,2.29275,5.40825,2.288875,1.0012437810945274,True,runs/pendulum/unified_mechanism_v2/paired_layer_control/large_seed3407/short_common_scan/B/videos/B_376/location_03.mp4,True,1.0,0,1.0255432861188862,0.0015234036739802115,1.1303739524899725,190.0,True,True,red,circle,0.12995048064537826,0.0008881146118228123,0.002994457000122114,True,0.984375,1.0
B_376,low,376,0,4,after block 3,3,2.2040715636167407,2.29275,5.40825,2.285,1.0024875621890545,True,runs/pendulum/unified_mechanism_v2/paired_layer_control/large_seed3407/short_common_scan/B/videos/B_376/location_04.mp4,True,1.0,0,1.0255432861188862,0.0015363628442852106,1.187004731070554,189.0,True,True,red,circle,0.13024813162265847,0.0011626220519325668,0.0030020155244448944,True,0.984375,1.0
B_376,low,376,0,5,after block 4,4,2.2040715636167407,2.29275,5.40825,2.285,1.0024875621890545,True,runs/pendulum/unified_mechanism_v2/paired_layer_control/large_seed3407/short_common_scan/B/videos/B_376/location_05.mp4,True,1.0,0,1.0140882452808204,0.001510215899667794,1.187004731070554,189.0,True,True,red,circle,0.13053214987547732,0.001200392103884378,0.0029805003167018397,True,0.984375,0.9987562189054725
B_376,low,376,0,6,after block 5,5,2.2040715636167407,2.29275,5.40825,2.35475,0.9800995024875621,True,runs/pendulum/unified_mechanism_v2/paired_layer_control/large_seed3407/short_common_scan/B/videos/B_376/location_06.mp4,True,0.984375,1,1.1599207428531688,0.0014306410374687606,1.613359247331006,184.0,True,True,red,circle,0.11337914595423584,0.00014372453383536,0.004788025778085816,True,0.984375,0.9738805970149252
B_376,low,376,0,7,after block 6,6,2.2040715636167407,2.29275,5.40825,2.35475,0.9800995024875621,True,runs/pendulum/unified_mechanism_v2/paired_layer_control/large_seed3407/short_common_scan/B/videos/B_376/location_07.mp4,True,0.984375,1,1.146401700358915,0.001536375394204481,1.6674912180222128,183.0,True,True,red,circle,0.11419413663265243,0.0003399341879838316,0.004705476748833858,True,0.984375,0.9738805970149252
B_376,low,376,0,8,after block 7,7,2.2040715636167407,2.29275,5.40825,2.381875,0.9713930348258706,True,runs/pendulum/unified_mechanism_v2/paired_layer_control/large_seed3407/short_common_scan/B/videos/B_376/location_08.mp4,True,0.984375,1,1.0195303187603635,0.0014505346825620102,1.65668510486523,182.0,True,True,red,circle,0.11227930068889719,4.776051229984784e-05,0.005428564110517961,True,0.984375,0.9651741293532338
B_376,low,376,0,9,after block 8,8,2.2040715636167407,2.29275,5.40825,2.378,0.972636815920398,True,runs/pendulum/unified_mechanism_v2/paired_layer_control/large_seed3407/short_common_scan/B/videos/B_376/location_09.mp4,True,0.984375,1,1.1301725011790353,0.0014909760799126093,1.7290670592548896,182.0,True,True,red,circle,0.11252150778450946,0.00015295473676429702,0.005371491980911929,True,0.984375,0.9651741293532338
B_376,low,376,0,10,after block 9,9,2.2040715636167407,2.29275,5.40825,2.378,0.972636815920398,True,runs/pendulum/unified_mechanism_v2/paired_layer_control/large_seed3407/short_common_scan/B/videos/B_376/location_10.mp4,True,0.984375,1,1.4490172261247112,0.0014909760799126093,1.8911550813330227,182.0,True,True,red,circle,0.11381781744634799,-0.00016164184095140657,0.004781150342414789,True,0.984375,0.966417910447761
B_376,low,376,0,11,after block 10,10,2.2040715636167407,2.29275,5.40825,2.4090000000000003,0.962686567164179,True,runs/pendulum/unified_mechanism_v2/paired_layer_control/large_seed3407/short_common_scan/B/videos/B_376/location_11.mp4,True,0.984375,1,1.4853308026186594,0.0015234199192382114,1.8600218292777722,183.0,True,True,red,circle,0.11157694878364981,6.31687659491814e-05,0.005631627968022144,True,0.984375,0.9589552238805968
B_376,low,376,0,12,after block 11,11,2.2040715636167407,2.29275,5.40825,2.40125,0.9651741293532338,True,runs/pendulum/unified_mechanism_v2/paired_layer_control/large_seed3407/short_common_scan/B/videos/B_376/location_12.mp4,True,0.984375,1,1.2449103821049294,0.00155535581354177,1.780400065578285,181.0,True,True,red,circle,0.10320646796586323,-0.00014479651141703013,0.008218067048623,True,0.984375,0.9651741293532338
B_376,low,376,0,13,after block 12,12,2.2040715636167407,2.29275,5.40825,2.319875,0.9912935323383084,True,runs/pendulum/unified_mechanism_v2/paired_layer_control/large_seed3407/short_common_scan/B/videos/B_376/location_13.mp4,True,0.984375,1,1.5926487549000805,0.001262324504735568,1.77921387011052,178.0,True,True,red,circle,0.09579510768487864,0.0008280487871968402,0.01006971924574635,True,0.984375,0.9850746268656715
B_376,low,376,0,14,after block 13,13,2.2040715636167407,2.29275,5.40825,2.471,0.9427860696517412,False,runs/pendulum/unified_mechanism_v2/paired_layer_control/large_seed3407/short_common_scan/B/videos/B_376/location_14.mp4,True,1.0,0,9.4959177886356,0.030754364388765387,3.00426447743983,111.5,True,True,blue,circle,0.01913440351461836,0.009015548442414754,0.016204529243943517,False,0.015625,nan
B_376,low,376,0,15,after block 14,14,2.2040715636167407,2.29275,5.40825,4.88125,0.16915422885572143,False,runs/pendulum/unified_mechanism_v2/paired_layer_control/large_seed3407/short_common_scan/B/videos/B_376/location_15.mp4,True,1.0,0,2.7442434043513106,0.018839453331813028,3.2567240029703646,184.0,True,True,blue,circle,0.06005316987018766,0.010718951778792615,0.032434378761092175,False,0.03125,nan
B_376,low,376,0,16,after block 15,15,2.2040715636167407,2.29275,5.40825,5.133125,0.08830845771144281,False,runs/pendulum/unified_mechanism_v2/paired_layer_control/large_seed3407/short_common_scan/B/videos/B_376/location_16.mp4,True,1.0,0,3.429825780416544,0.016116902746101558,2.752201698827177,194.0,True,True,blue,circle,0.08740878889827264,0.006420158980310184,0.021356825644512047,False,0.71875,0.08457711442786058
B_376,low,376,0,17,after block 16,16,2.2040715636167407,2.29275,5.40825,5.373375,0.011194029850746122,False,runs/pendulum/unified_mechanism_v2/paired_layer_control/large_seed3407/short_common_scan/B/videos/B_376/location_17.mp4,True,1.0,0,2.1282491159437398,0.016485876437714292,2.752201698827177,196.5,True,True,blue,circle,0.09330832278073518,0.005822800235085364,0.01882503625063996,True,1.0,0.04975124378109432
B_376,low,376,0,18,after block 17,17,2.2040715636167407,2.29275,5.40825,5.443125,-0.011194029850746409,False,runs/pendulum/unified_mechanism_v2/paired_layer_control/large_seed3407/short_common_scan/B/videos/B_376/location_18.mp4,True,1.0,0,2.5981658518624053,0.01775406925356965,2.713842662374726,198.5,True,True,blue,circle,0.09196211766594578,0.006550436307371745,0.012112811891931773,True,1.0,0.012437810945273438
B_376,low,376,0,19,after block 18,18,2.2040715636167407,2.29275,5.40825,5.447,-0.012437810945273723,False,runs/pendulum/unified_mechanism_v2/paired_layer_control/large_seed3407/short_common_scan/B/videos/B_376/location_19.mp4,True,1.0,0,2.8698851832303607,0.017180489508775237,2.7584491848497117,199.0,True,True,blue,circle,0.0882668560178376,0.008267976199846571,0.012079044926620958,True,1.0,0.011194029850746122
B_376,low,376,0,20,after block 19,19,2.2040715636167407,2.29275,5.40825,5.419875,-0.003731343283582231,False,runs/pendulum/unified_mechanism_v2/paired_layer_control/large_seed3407/short_common_scan/B/videos/B_376/location_20.mp4,True,1.0,0,3.1268121754008242,0.017503133650115577,2.885425624568493,201.0,True,True,blue,circle,0.08731374797941707,0.008082731056932236,0.010123084545815349,True,1.0,0.003731343283581946
B_376,low,376,0,21,after block 20,20,2.2040715636167407,2.29275,5.40825,5.42375,-0.004975124378109546,False,runs/pendulum/unified_mechanism_v2/paired_layer_control/large_seed3407/short_common_scan/B/videos/B_376/location_21.mp4,True,1.0,0,3.2521144095770422,0.016533378205111054,3.1294309133177527,202.0,True,True,blue,circle,0.09141806037875136,0.006354739951287009,0.008104865452584943,True,1.0,0.0012437810945273152
B_376,low,376,0,22,after block 21,21,2.2040715636167407,2.29275,5.40825,5.53225,-0.0398009950248758,False,runs/pendulum/unified_mechanism_v2/paired_layer_control/large_seed3407/short_common_scan/B/videos/B_376/location_22.mp4,True,1.0,0,2.8548106207927453,0.018019577699016576,2.9784081847297146,204.0,True,True,blue,circle,0.07392673888114346,0.0054535913618241946,0.007794891046233394,True,1.0,-0.034825870646766253
B_376,low,376,0,23,after block 22,22,2.2040715636167407,2.29275,5.40825,5.5981250000000005,-0.06094527363184102,False,runs/pendulum/unified_mechanism_v2/paired_layer_control/large_seed3407/short_common_scan/B/videos/B_376/location_23.mp4,True,1.0,0,3.22476615230977,0.018629550888476343,2.747785825044722,203.5,True,True,blue,circle,0.07457258849041211,0.004822913561206601,0.0063478894492827185,True,1.0,-0.0584577114427861
B_376,low,376,0,24,after block 23,23,2.2040715636167407,2.29275,5.40825,5.4315,-0.007462686567164177,False,runs/pendulum/unified_mechanism_v2/paired_layer_control/large_seed3407/short_common_scan/B/videos/B_376/location_24.mp4,True,1.0,0,3.6678089865469743,0.01802435653497525,2.718268010771363,204.0,True,True,blue,circle,0.07361634779930505,0.005599347224625626,0.006344336929892138,True,1.0,-0.003731343283582231
B_376,low,376,0,25,after block 24,24,2.2040715636167407,2.29275,5.40825,5.40825,-0.0,False,runs/pendulum/unified_mechanism_v2/paired_layer_control/large_seed3407/short_common_scan/B/videos/B_376/location_25.mp4,True,1.0,0,2.8262932771098774,0.018317139477853295,2.9904439521578245,209.0,True,True,blue,circle,0.08721800521977355,0.0021917821879668922,0.0033651029132426248,True,1.0,-0.0
B_376,low,376,0,26,after block 25,25,2.2040715636167407,2.29275,5.40825,5.427625,-0.006218905472636861,False,runs/pendulum/unified_mechanism_v2/paired_layer_control/large_seed3407/short_common_scan/B/videos/B_376/location_26.mp4,True,1.0,0,2.986112690620519,0.01814549970306273,3.0178238606507146,208.0,True,True,blue,circle,0.08638557681562696,0.003596596146925054,0.0033812878890358217,True,1.0,-0.003731343283582231
B_376,low,376,0,27,after block 26,26,2.2040715636167407,2.29275,5.40825,5.4121250000000005,-0.0012437810945276004,False,runs/pendulum/unified_mechanism_v2/paired_layer_control/large_seed3407/short_common_scan/B/videos/B_376/location_27.mp4,True,1.0,0,2.2063199013670776,0.018301530931680993,3.232687233111941,210.0,True,True,blue,circle,0.08629596848365625,0.00355653777656809,0.003766905161433507,True,1.0,-0.0
B_376,low,376,0,28,after block 27,27,2.2040715636167407,2.29275,5.40825,5.40825,-0.0,False,runs/pendulum/unified_mechanism_v2/paired_layer_control/large_seed3407/short_common_scan/B/videos/B_376/location_28.mp4,True,1.0,0,2.1617484274272294,0.018438380061543497,3.017322232798031,209.0,True,True,blue,circle,0.0866985934077285,0.0031816740949254766,0.0038694411329737504,True,1.0,0.003731343283581946
B_376,low,376,0,29,after block 28,28,2.2040715636167407,2.29275,5.40825,5.416,-0.002487562189054916,False,runs/pendulum/unified_mechanism_v2/paired_layer_control/large_seed3407/short_common_scan/B/videos/B_376/location_29.mp4,True,1.0,0,2.0984197310486006,0.018274142630574502,2.973915405738602,210.0,True,True,blue,circle,0.08678643165841263,0.003426787649782231,0.0037082418919572413,True,1.0,-0.0
B_376,low,376,0,30,after block 29,29,2.2040715636167407,2.29275,5.40825,5.40825,-0.0,False,runs/pendulum/unified_mechanism_v2/paired_layer_control/large_seed3407/short_common_scan/B/videos/B_376/location_30.mp4,True,1.0,0,2.244377324252542,0.01856061235442555,3.0743519627876883,209.5,True,True,blue,circle,0.08555701168516583,0.0035432609448336,0.0037873695647688494,True,1.0,-0.0
