benchmark_version,sample_id,pair_id,base_pair_id,base_seed,split,gravity,gravity_interval,gravity_quantile,color_label,variant,x_boundary,y_boundary,vx_boundary,vy_boundary,fps,simulation_fps,frames,boundary_frame,prediction_start,position_at_boundary,velocity_at_boundary,video,trajectory,render_hash_without_ball
projectile_gravity_v3_fixedpos_freefall,eval_50000_low_aligned,eval_50000_low,eval_50000,50000,eval,0.023113878874517577,low,0.9142672215689807,red,aligned,0.5,0.65,0.0,0.0,20,20,129,64,65,"[0.5, 0.65]","[0.0, 0.0]",eval_50000_low_aligned.mp4,eval_50000_low.npy,49d2c23dcbcc0ab24364ce9390adedd71ca8e548bf47387a531a5311c6d1060d
projectile_gravity_v3_fixedpos_freefall,eval_50000_low_conflict,eval_50000_low,eval_50000,50000,eval,0.023113878874517577,low,0.9142672215689807,blue,conflict,0.5,0.65,0.0,0.0,20,20,129,64,65,"[0.5, 0.65]","[0.0, 0.0]",eval_50000_low_conflict.mp4,eval_50000_low.npy,49d2c23dcbcc0ab24364ce9390adedd71ca8e548bf47387a531a5311c6d1060d
projectile_gravity_v3_fixedpos_freefall,eval_50000_high_aligned,eval_50000_high,eval_50000,50000,eval,0.06511387887451758,high,0.9142672215689807,blue,aligned,0.5,0.65,0.0,0.0,20,20,129,64,65,"[0.5, 0.65]","[0.0, 0.0]",eval_50000_high_aligned.mp4,eval_50000_high.npy,49d2c23dcbcc0ab24364ce9390adedd71ca8e548bf47387a531a5311c6d1060d
projectile_gravity_v3_fixedpos_freefall,eval_50000_high_conflict,eval_50000_high,eval_50000,50000,eval,0.06511387887451758,high,0.9142672215689807,red,conflict,0.5,0.65,0.0,0.0,20,20,129,64,65,"[0.5, 0.65]","[0.0, 0.0]",eval_50000_high_conflict.mp4,eval_50000_high.npy,49d2c23dcbcc0ab24364ce9390adedd71ca8e548bf47387a531a5311c6d1060d
projectile_gravity_v3_fixedpos_freefall,eval_50001_low_aligned,eval_50001_low,eval_50001,50001,eval,0.02276558972269709,low,0.8984358964862312,red,aligned,0.5,0.65,0.0,0.0,20,20,129,64,65,"[0.5, 0.65]","[0.0, 0.0]",eval_50001_low_aligned.mp4,eval_50001_low.npy,49d2c23dcbcc0ab24364ce9390adedd71ca8e548bf47387a531a5311c6d1060d
projectile_gravity_v3_fixedpos_freefall,eval_50001_low_conflict,eval_50001_low,eval_50001,50001,eval,0.02276558972269709,low,0.8984358964862312,blue,conflict,0.5,0.65,0.0,0.0,20,20,129,64,65,"[0.5, 0.65]","[0.0, 0.0]",eval_50001_low_conflict.mp4,eval_50001_low.npy,49d2c23dcbcc0ab24364ce9390adedd71ca8e548bf47387a531a5311c6d1060d
projectile_gravity_v3_fixedpos_freefall,eval_50001_high_aligned,eval_50001_high,eval_50001,50001,eval,0.0647655897226971,high,0.8984358964862312,blue,aligned,0.5,0.65,0.0,0.0,20,20,129,64,65,"[0.5, 0.65]","[0.0, 0.0]",eval_50001_high_aligned.mp4,eval_50001_high.npy,49d2c23dcbcc0ab24364ce9390adedd71ca8e548bf47387a531a5311c6d1060d
projectile_gravity_v3_fixedpos_freefall,eval_50001_high_conflict,eval_50001_high,eval_50001,50001,eval,0.0647655897226971,high,0.8984358964862312,red,conflict,0.5,0.65,0.0,0.0,20,20,129,64,65,"[0.5, 0.65]","[0.0, 0.0]",eval_50001_high_conflict.mp4,eval_50001_high.npy,49d2c23dcbcc0ab24364ce9390adedd71ca8e548bf47387a531a5311c6d1060d
projectile_gravity_v3_fixedpos_freefall,eval_50002_low_aligned,eval_50002_low,eval_50002,50002,eval,0.01784931609265929,low,0.6749689133026949,red,aligned,0.5,0.65,0.0,0.0,20,20,129,64,65,"[0.5, 0.65]","[0.0, 0.0]",eval_50002_low_aligned.mp4,eval_50002_low.npy,49d2c23dcbcc0ab24364ce9390adedd71ca8e548bf47387a531a5311c6d1060d
projectile_gravity_v3_fixedpos_freefall,eval_50002_low_conflict,eval_50002_low,eval_50002,50002,eval,0.01784931609265929,low,0.6749689133026949,blue,conflict,0.5,0.65,0.0,0.0,20,20,129,64,65,"[0.5, 0.65]","[0.0, 0.0]",eval_50002_low_conflict.mp4,eval_50002_low.npy,49d2c23dcbcc0ab24364ce9390adedd71ca8e548bf47387a531a5311c6d1060d
projectile_gravity_v3_fixedpos_freefall,eval_50002_high_aligned,eval_50002_high,eval_50002,50002,eval,0.05984931609265929,high,0.6749689133026949,blue,aligned,0.5,0.65,0.0,0.0,20,20,129,64,65,"[0.5, 0.65]","[0.0, 0.0]",eval_50002_high_aligned.mp4,eval_50002_high.npy,49d2c23dcbcc0ab24364ce9390adedd71ca8e548bf47387a531a5311c6d1060d
projectile_gravity_v3_fixedpos_freefall,eval_50002_high_conflict,eval_50002_high,eval_50002,50002,eval,0.05984931609265929,high,0.6749689133026949,red,conflict,0.5,0.65,0.0,0.0,20,20,129,64,65,"[0.5, 0.65]","[0.0, 0.0]",eval_50002_high_conflict.mp4,eval_50002_high.npy,49d2c23dcbcc0ab24364ce9390adedd71ca8e548bf47387a531a5311c6d1060d
projectile_gravity_v3_fixedpos_freefall,eval_50003_low_aligned,eval_50003_low,eval_50003,50003,eval,0.023332338981242467,low,0.924197226420112,red,aligned,0.5,0.65,0.0,0.0,20,20,129,64,65,"[0.5, 0.65]","[0.0, 0.0]",eval_50003_low_aligned.mp4,eval_50003_low.npy,49d2c23dcbcc0ab24364ce9390adedd71ca8e548bf47387a531a5311c6d1060d
projectile_gravity_v3_fixedpos_freefall,eval_50003_low_conflict,eval_50003_low,eval_50003,50003,eval,0.023332338981242467,low,0.924197226420112,blue,conflict,0.5,0.65,0.0,0.0,20,20,129,64,65,"[0.5, 0.65]","[0.0, 0.0]",eval_50003_low_conflict.mp4,eval_50003_low.npy,49d2c23dcbcc0ab24364ce9390adedd71ca8e548bf47387a531a5311c6d1060d
projectile_gravity_v3_fixedpos_freefall,eval_50003_high_aligned,eval_50003_high,eval_50003,50003,eval,0.06533233898124247,high,0.924197226420112,blue,aligned,0.5,0.65,0.0,0.0,20,20,129,64,65,"[0.5, 0.65]","[0.0, 0.0]",eval_50003_high_aligned.mp4,eval_50003_high.npy,49d2c23dcbcc0ab24364ce9390adedd71ca8e548bf47387a531a5311c6d1060d
projectile_gravity_v3_fixedpos_freefall,eval_50003_high_conflict,eval_50003_high,eval_50003,50003,eval,0.06533233898124247,high,0.924197226420112,red,conflict,0.5,0.65,0.0,0.0,20,20,129,64,65,"[0.5, 0.65]","[0.0, 0.0]",eval_50003_high_conflict.mp4,eval_50003_high.npy,49d2c23dcbcc0ab24364ce9390adedd71ca8e548bf47387a531a5311c6d1060d
projectile_gravity_v3_fixedpos_freefall,eval_50004_low_aligned,eval_50004_low,eval_50004,50004,eval,0.011105217056557454,low,0.36841895711624784,red,aligned,0.5,0.65,0.0,0.0,20,20,129,64,65,"[0.5, 0.65]","[0.0, 0.0]",eval_50004_low_aligned.mp4,eval_50004_low.npy,49d2c23dcbcc0ab24364ce9390adedd71ca8e548bf47387a531a5311c6d1060d
projectile_gravity_v3_fixedpos_freefall,eval_50004_low_conflict,eval_50004_low,eval_50004,50004,eval,0.011105217056557454,low,0.36841895711624784,blue,conflict,0.5,0.65,0.0,0.0,20,20,129,64,65,"[0.5, 0.65]","[0.0, 0.0]",eval_50004_low_conflict.mp4,eval_50004_low.npy,49d2c23dcbcc0ab24364ce9390adedd71ca8e548bf47387a531a5311c6d1060d
projectile_gravity_v3_fixedpos_freefall,eval_50004_high_aligned,eval_50004_high,eval_50004,50004,eval,0.05310521705655745,high,0.36841895711624784,blue,aligned,0.5,0.65,0.0,0.0,20,20,129,64,65,"[0.5, 0.65]","[0.0, 0.0]",eval_50004_high_aligned.mp4,eval_50004_high.npy,49d2c23dcbcc0ab24364ce9390adedd71ca8e548bf47387a531a5311c6d1060d
projectile_gravity_v3_fixedpos_freefall,eval_50004_high_conflict,eval_50004_high,eval_50004,50004,eval,0.05310521705655745,high,0.36841895711624784,red,conflict,0.5,0.65,0.0,0.0,20,20,129,64,65,"[0.5, 0.65]","[0.0, 0.0]",eval_50004_high_conflict.mp4,eval_50004_high.npy,49d2c23dcbcc0ab24364ce9390adedd71ca8e548bf47387a531a5311c6d1060d
projectile_gravity_v3_fixedpos_freefall,eval_50005_low_aligned,eval_50005_low,eval_50005,50005,eval,0.007266470942510986,low,0.19393049738686297,red,aligned,0.5,0.65,0.0,0.0,20,20,129,64,65,"[0.5, 0.65]","[0.0, 0.0]",eval_50005_low_aligned.mp4,eval_50005_low.npy,49d2c23dcbcc0ab24364ce9390adedd71ca8e548bf47387a531a5311c6d1060d
projectile_gravity_v3_fixedpos_freefall,eval_50005_low_conflict,eval_50005_low,eval_50005,50005,eval,0.007266470942510986,low,0.19393049738686297,blue,conflict,0.5,0.65,0.0,0.0,20,20,129,64,65,"[0.5, 0.65]","[0.0, 0.0]",eval_50005_low_conflict.mp4,eval_50005_low.npy,49d2c23dcbcc0ab24364ce9390adedd71ca8e548bf47387a531a5311c6d1060d
projectile_gravity_v3_fixedpos_freefall,eval_50005_high_aligned,eval_50005_high,eval_50005,50005,eval,0.049266470942510986,high,0.19393049738686297,blue,aligned,0.5,0.65,0.0,0.0,20,20,129,64,65,"[0.5, 0.65]","[0.0, 0.0]",eval_50005_high_aligned.mp4,eval_50005_high.npy,49d2c23dcbcc0ab24364ce9390adedd71ca8e548bf47387a531a5311c6d1060d
projectile_gravity_v3_fixedpos_freefall,eval_50005_high_conflict,eval_50005_high,eval_50005,50005,eval,0.049266470942510986,high,0.19393049738686297,red,conflict,0.5,0.65,0.0,0.0,20,20,129,64,65,"[0.5, 0.65]","[0.0, 0.0]",eval_50005_high_conflict.mp4,eval_50005_high.npy,49d2c23dcbcc0ab24364ce9390adedd71ca8e548bf47387a531a5311c6d1060d
projectile_gravity_v3_fixedpos_freefall,eval_50006_low_aligned,eval_50006_low,eval_50006,50006,eval,0.024835897363773504,low,0.9925407892624319,red,aligned,0.5,0.65,0.0,0.0,20,20,129,64,65,"[0.5, 0.65]","[0.0, 0.0]",eval_50006_low_aligned.mp4,eval_50006_low.npy,49d2c23dcbcc0ab24364ce9390adedd71ca8e548bf47387a531a5311c6d1060d
projectile_gravity_v3_fixedpos_freefall,eval_50006_low_conflict,eval_50006_low,eval_50006,50006,eval,0.024835897363773504,low,0.9925407892624319,blue,conflict,0.5,0.65,0.0,0.0,20,20,129,64,65,"[0.5, 0.65]","[0.0, 0.0]",eval_50006_low_conflict.mp4,eval_50006_low.npy,49d2c23dcbcc0ab24364ce9390adedd71ca8e548bf47387a531a5311c6d1060d
projectile_gravity_v3_fixedpos_freefall,eval_50006_high_aligned,eval_50006_high,eval_50006,50006,eval,0.0668358973637735,high,0.9925407892624319,blue,aligned,0.5,0.65,0.0,0.0,20,20,129,64,65,"[0.5, 0.65]","[0.0, 0.0]",eval_50006_high_aligned.mp4,eval_50006_high.npy,49d2c23dcbcc0ab24364ce9390adedd71ca8e548bf47387a531a5311c6d1060d
projectile_gravity_v3_fixedpos_freefall,eval_50006_high_conflict,eval_50006_high,eval_50006,50006,eval,0.0668358973637735,high,0.9925407892624319,red,conflict,0.5,0.65,0.0,0.0,20,20,129,64,65,"[0.5, 0.65]","[0.0, 0.0]",eval_50006_high_conflict.mp4,eval_50006_high.npy,49d2c23dcbcc0ab24364ce9390adedd71ca8e548bf47387a531a5311c6d1060d
projectile_gravity_v3_fixedpos_freefall,eval_50007_low_aligned,eval_50007_low,eval_50007,50007,eval,0.019135497844274294,low,0.733431720194286,red,aligned,0.5,0.65,0.0,0.0,20,20,129,64,65,"[0.5, 0.65]","[0.0, 0.0]",eval_50007_low_aligned.mp4,eval_50007_low.npy,49d2c23dcbcc0ab24364ce9390adedd71ca8e548bf47387a531a5311c6d1060d
projectile_gravity_v3_fixedpos_freefall,eval_50007_low_conflict,eval_50007_low,eval_50007,50007,eval,0.019135497844274294,low,0.733431720194286,blue,conflict,0.5,0.65,0.0,0.0,20,20,129,64,65,"[0.5, 0.65]","[0.0, 0.0]",eval_50007_low_conflict.mp4,eval_50007_low.npy,49d2c23dcbcc0ab24364ce9390adedd71ca8e548bf47387a531a5311c6d1060d
projectile_gravity_v3_fixedpos_freefall,eval_50007_high_aligned,eval_50007_high,eval_50007,50007,eval,0.0611354978442743,high,0.733431720194286,blue,aligned,0.5,0.65,0.0,0.0,20,20,129,64,65,"[0.5, 0.65]","[0.0, 0.0]",eval_50007_high_aligned.mp4,eval_50007_high.npy,49d2c23dcbcc0ab24364ce9390adedd71ca8e548bf47387a531a5311c6d1060d
projectile_gravity_v3_fixedpos_freefall,eval_50007_high_conflict,eval_50007_high,eval_50007,50007,eval,0.0611354978442743,high,0.733431720194286,red,conflict,0.5,0.65,0.0,0.0,20,20,129,64,65,"[0.5, 0.65]","[0.0, 0.0]",eval_50007_high_conflict.mp4,eval_50007_high.npy,49d2c23dcbcc0ab24364ce9390adedd71ca8e548bf47387a531a5311c6d1060d
projectile_gravity_v3_fixedpos_freefall,eval_50008_low_aligned,eval_50008_low,eval_50008,50008,eval,0.012716991647999366,low,0.44168143854542574,red,aligned,0.5,0.65,0.0,0.0,20,20,129,64,65,"[0.5, 0.65]","[0.0, 0.0]",eval_50008_low_aligned.mp4,eval_50008_low.npy,49d2c23dcbcc0ab24364ce9390adedd71ca8e548bf47387a531a5311c6d1060d
projectile_gravity_v3_fixedpos_freefall,eval_50008_low_conflict,eval_50008_low,eval_50008,50008,eval,0.012716991647999366,low,0.44168143854542574,blue,conflict,0.5,0.65,0.0,0.0,20,20,129,64,65,"[0.5, 0.65]","[0.0, 0.0]",eval_50008_low_conflict.mp4,eval_50008_low.npy,49d2c23dcbcc0ab24364ce9390adedd71ca8e548bf47387a531a5311c6d1060d
projectile_gravity_v3_fixedpos_freefall,eval_50008_high_aligned,eval_50008_high,eval_50008,50008,eval,0.05471699164799937,high,0.44168143854542574,blue,aligned,0.5,0.65,0.0,0.0,20,20,129,64,65,"[0.5, 0.65]","[0.0, 0.0]",eval_50008_high_aligned.mp4,eval_50008_high.npy,49d2c23dcbcc0ab24364ce9390adedd71ca8e548bf47387a531a5311c6d1060d
projectile_gravity_v3_fixedpos_freefall,eval_50008_high_conflict,eval_50008_high,eval_50008,50008,eval,0.05471699164799937,high,0.44168143854542574,red,conflict,0.5,0.65,0.0,0.0,20,20,129,64,65,"[0.5, 0.65]","[0.0, 0.0]",eval_50008_high_conflict.mp4,eval_50008_high.npy,49d2c23dcbcc0ab24364ce9390adedd71ca8e548bf47387a531a5311c6d1060d
projectile_gravity_v3_fixedpos_freefall,eval_50009_low_aligned,eval_50009_low,eval_50009,50009,eval,0.020923718886327523,low,0.8147144948330692,red,aligned,0.5,0.65,0.0,0.0,20,20,129,64,65,"[0.5, 0.65]","[0.0, 0.0]",eval_50009_low_aligned.mp4,eval_50009_low.npy,49d2c23dcbcc0ab24364ce9390adedd71ca8e548bf47387a531a5311c6d1060d
projectile_gravity_v3_fixedpos_freefall,eval_50009_low_conflict,eval_50009_low,eval_50009,50009,eval,0.020923718886327523,low,0.8147144948330692,blue,conflict,0.5,0.65,0.0,0.0,20,20,129,64,65,"[0.5, 0.65]","[0.0, 0.0]",eval_50009_low_conflict.mp4,eval_50009_low.npy,49d2c23dcbcc0ab24364ce9390adedd71ca8e548bf47387a531a5311c6d1060d
projectile_gravity_v3_fixedpos_freefall,eval_50009_high_aligned,eval_50009_high,eval_50009,50009,eval,0.06292371888632753,high,0.8147144948330692,blue,aligned,0.5,0.65,0.0,0.0,20,20,129,64,65,"[0.5, 0.65]","[0.0, 0.0]",eval_50009_high_aligned.mp4,eval_50009_high.npy,49d2c23dcbcc0ab24364ce9390adedd71ca8e548bf47387a531a5311c6d1060d
projectile_gravity_v3_fixedpos_freefall,eval_50009_high_conflict,eval_50009_high,eval_50009,50009,eval,0.06292371888632753,high,0.8147144948330692,red,conflict,0.5,0.65,0.0,0.0,20,20,129,64,65,"[0.5, 0.65]","[0.0, 0.0]",eval_50009_high_conflict.mp4,eval_50009_high.npy,49d2c23dcbcc0ab24364ce9390adedd71ca8e548bf47387a531a5311c6d1060d
projectile_gravity_v3_fixedpos_freefall,eval_50010_low_aligned,eval_50010_low,eval_50010,50010,eval,0.007786734993212159,low,0.2175788633278254,red,aligned,0.5,0.65,0.0,0.0,20,20,129,64,65,"[0.5, 0.65]","[0.0, 0.0]",eval_50010_low_aligned.mp4,eval_50010_low.npy,49d2c23dcbcc0ab24364ce9390adedd71ca8e548bf47387a531a5311c6d1060d
projectile_gravity_v3_fixedpos_freefall,eval_50010_low_conflict,eval_50010_low,eval_50010,50010,eval,0.007786734993212159,low,0.2175788633278254,blue,conflict,0.5,0.65,0.0,0.0,20,20,129,64,65,"[0.5, 0.65]","[0.0, 0.0]",eval_50010_low_conflict.mp4,eval_50010_low.npy,49d2c23dcbcc0ab24364ce9390adedd71ca8e548bf47387a531a5311c6d1060d
projectile_gravity_v3_fixedpos_freefall,eval_50010_high_aligned,eval_50010_high,eval_50010,50010,eval,0.04978673499321216,high,0.2175788633278254,blue,aligned,0.5,0.65,0.0,0.0,20,20,129,64,65,"[0.5, 0.65]","[0.0, 0.0]",eval_50010_high_aligned.mp4,eval_50010_high.npy,49d2c23dcbcc0ab24364ce9390adedd71ca8e548bf47387a531a5311c6d1060d
projectile_gravity_v3_fixedpos_freefall,eval_50010_high_conflict,eval_50010_high,eval_50010,50010,eval,0.04978673499321216,high,0.2175788633278254,red,conflict,0.5,0.65,0.0,0.0,20,20,129,64,65,"[0.5, 0.65]","[0.0, 0.0]",eval_50010_high_conflict.mp4,eval_50010_high.npy,49d2c23dcbcc0ab24364ce9390adedd71ca8e548bf47387a531a5311c6d1060d
projectile_gravity_v3_fixedpos_freefall,eval_50011_low_aligned,eval_50011_low,eval_50011,50011,eval,0.013599032933182768,low,0.48177422423558025,red,aligned,0.5,0.65,0.0,0.0,20,20,129,64,65,"[0.5, 0.65]","[0.0, 0.0]",eval_50011_low_aligned.mp4,eval_50011_low.npy,49d2c23dcbcc0ab24364ce9390adedd71ca8e548bf47387a531a5311c6d1060d
projectile_gravity_v3_fixedpos_freefall,eval_50011_low_conflict,eval_50011_low,eval_50011,50011,eval,0.013599032933182768,low,0.48177422423558025,blue,conflict,0.5,0.65,0.0,0.0,20,20,129,64,65,"[0.5, 0.65]","[0.0, 0.0]",eval_50011_low_conflict.mp4,eval_50011_low.npy,49d2c23dcbcc0ab24364ce9390adedd71ca8e548bf47387a531a5311c6d1060d
projectile_gravity_v3_fixedpos_freefall,eval_50011_high_aligned,eval_50011_high,eval_50011,50011,eval,0.05559903293318277,high,0.48177422423558025,blue,aligned,0.5,0.65,0.0,0.0,20,20,129,64,65,"[0.5, 0.65]","[0.0, 0.0]",eval_50011_high_aligned.mp4,eval_50011_high.npy,49d2c23dcbcc0ab24364ce9390adedd71ca8e548bf47387a531a5311c6d1060d
projectile_gravity_v3_fixedpos_freefall,eval_50011_high_conflict,eval_50011_high,eval_50011,50011,eval,0.05559903293318277,high,0.48177422423558025,red,conflict,0.5,0.65,0.0,0.0,20,20,129,64,65,"[0.5, 0.65]","[0.0, 0.0]",eval_50011_high_conflict.mp4,eval_50011_high.npy,49d2c23dcbcc0ab24364ce9390adedd71ca8e548bf47387a531a5311c6d1060d
projectile_gravity_v3_fixedpos_freefall,eval_50012_low_aligned,eval_50012_low,eval_50012,50012,eval,0.012525382764279998,low,0.432971943830909,red,aligned,0.5,0.65,0.0,0.0,20,20,129,64,65,"[0.5, 0.65]","[0.0, 0.0]",eval_50012_low_aligned.mp4,eval_50012_low.npy,49d2c23dcbcc0ab24364ce9390adedd71ca8e548bf47387a531a5311c6d1060d
projectile_gravity_v3_fixedpos_freefall,eval_50012_low_conflict,eval_50012_low,eval_50012,50012,eval,0.012525382764279998,low,0.432971943830909,blue,conflict,0.5,0.65,0.0,0.0,20,20,129,64,65,"[0.5, 0.65]","[0.0, 0.0]",eval_50012_low_conflict.mp4,eval_50012_low.npy,49d2c23dcbcc0ab24364ce9390adedd71ca8e548bf47387a531a5311c6d1060d
projectile_gravity_v3_fixedpos_freefall,eval_50012_high_aligned,eval_50012_high,eval_50012,50012,eval,0.05452538276428,high,0.432971943830909,blue,aligned,0.5,0.65,0.0,0.0,20,20,129,64,65,"[0.5, 0.65]","[0.0, 0.0]",eval_50012_high_aligned.mp4,eval_50012_high.npy,49d2c23dcbcc0ab24364ce9390adedd71ca8e548bf47387a531a5311c6d1060d
projectile_gravity_v3_fixedpos_freefall,eval_50012_high_conflict,eval_50012_high,eval_50012,50012,eval,0.05452538276428,high,0.432971943830909,red,conflict,0.5,0.65,0.0,0.0,20,20,129,64,65,"[0.5, 0.65]","[0.0, 0.0]",eval_50012_high_conflict.mp4,eval_50012_high.npy,49d2c23dcbcc0ab24364ce9390adedd71ca8e548bf47387a531a5311c6d1060d
projectile_gravity_v3_fixedpos_freefall,eval_50013_low_aligned,eval_50013_low,eval_50013,50013,eval,0.017414317598493944,low,0.6551962544769974,red,aligned,0.5,0.65,0.0,0.0,20,20,129,64,65,"[0.5, 0.65]","[0.0, 0.0]",eval_50013_low_aligned.mp4,eval_50013_low.npy,49d2c23dcbcc0ab24364ce9390adedd71ca8e548bf47387a531a5311c6d1060d
projectile_gravity_v3_fixedpos_freefall,eval_50013_low_conflict,eval_50013_low,eval_50013,50013,eval,0.017414317598493944,low,0.6551962544769974,blue,conflict,0.5,0.65,0.0,0.0,20,20,129,64,65,"[0.5, 0.65]","[0.0, 0.0]",eval_50013_low_conflict.mp4,eval_50013_low.npy,49d2c23dcbcc0ab24364ce9390adedd71ca8e548bf47387a531a5311c6d1060d
projectile_gravity_v3_fixedpos_freefall,eval_50013_high_aligned,eval_50013_high,eval_50013,50013,eval,0.05941431759849394,high,0.6551962544769974,blue,aligned,0.5,0.65,0.0,0.0,20,20,129,64,65,"[0.5, 0.65]","[0.0, 0.0]",eval_50013_high_aligned.mp4,eval_50013_high.npy,49d2c23dcbcc0ab24364ce9390adedd71ca8e548bf47387a531a5311c6d1060d
projectile_gravity_v3_fixedpos_freefall,eval_50013_high_conflict,eval_50013_high,eval_50013,50013,eval,0.05941431759849394,high,0.6551962544769974,red,conflict,0.5,0.65,0.0,0.0,20,20,129,64,65,"[0.5, 0.65]","[0.0, 0.0]",eval_50013_high_conflict.mp4,eval_50013_high.npy,49d2c23dcbcc0ab24364ce9390adedd71ca8e548bf47387a531a5311c6d1060d
projectile_gravity_v3_fixedpos_freefall,eval_50014_low_aligned,eval_50014_low,eval_50014,50014,eval,0.022614128595001778,low,0.891551299772808,red,aligned,0.5,0.65,0.0,0.0,20,20,129,64,65,"[0.5, 0.65]","[0.0, 0.0]",eval_50014_low_aligned.mp4,eval_50014_low.npy,49d2c23dcbcc0ab24364ce9390adedd71ca8e548bf47387a531a5311c6d1060d
projectile_gravity_v3_fixedpos_freefall,eval_50014_low_conflict,eval_50014_low,eval_50014,50014,eval,0.022614128595001778,low,0.891551299772808,blue,conflict,0.5,0.65,0.0,0.0,20,20,129,64,65,"[0.5, 0.65]","[0.0, 0.0]",eval_50014_low_conflict.mp4,eval_50014_low.npy,49d2c23dcbcc0ab24364ce9390adedd71ca8e548bf47387a531a5311c6d1060d
projectile_gravity_v3_fixedpos_freefall,eval_50014_high_aligned,eval_50014_high,eval_50014,50014,eval,0.06461412859500178,high,0.891551299772808,blue,aligned,0.5,0.65,0.0,0.0,20,20,129,64,65,"[0.5, 0.65]","[0.0, 0.0]",eval_50014_high_aligned.mp4,eval_50014_high.npy,49d2c23dcbcc0ab24364ce9390adedd71ca8e548bf47387a531a5311c6d1060d
projectile_gravity_v3_fixedpos_freefall,eval_50014_high_conflict,eval_50014_high,eval_50014,50014,eval,0.06461412859500178,high,0.891551299772808,red,conflict,0.5,0.65,0.0,0.0,20,20,129,64,65,"[0.5, 0.65]","[0.0, 0.0]",eval_50014_high_conflict.mp4,eval_50014_high.npy,49d2c23dcbcc0ab24364ce9390adedd71ca8e548bf47387a531a5311c6d1060d
projectile_gravity_v3_fixedpos_freefall,eval_50015_low_aligned,eval_50015_low,eval_50015,50015,eval,0.02469411667584542,low,0.9860962125384282,red,aligned,0.5,0.65,0.0,0.0,20,20,129,64,65,"[0.5, 0.65]","[0.0, 0.0]",eval_50015_low_aligned.mp4,eval_50015_low.npy,49d2c23dcbcc0ab24364ce9390adedd71ca8e548bf47387a531a5311c6d1060d
projectile_gravity_v3_fixedpos_freefall,eval_50015_low_conflict,eval_50015_low,eval_50015,50015,eval,0.02469411667584542,low,0.9860962125384282,blue,conflict,0.5,0.65,0.0,0.0,20,20,129,64,65,"[0.5, 0.65]","[0.0, 0.0]",eval_50015_low_conflict.mp4,eval_50015_low.npy,49d2c23dcbcc0ab24364ce9390adedd71ca8e548bf47387a531a5311c6d1060d
projectile_gravity_v3_fixedpos_freefall,eval_50015_high_aligned,eval_50015_high,eval_50015,50015,eval,0.06669411667584542,high,0.9860962125384282,blue,aligned,0.5,0.65,0.0,0.0,20,20,129,64,65,"[0.5, 0.65]","[0.0, 0.0]",eval_50015_high_aligned.mp4,eval_50015_high.npy,49d2c23dcbcc0ab24364ce9390adedd71ca8e548bf47387a531a5311c6d1060d
projectile_gravity_v3_fixedpos_freefall,eval_50015_high_conflict,eval_50015_high,eval_50015,50015,eval,0.06669411667584542,high,0.9860962125384282,red,conflict,0.5,0.65,0.0,0.0,20,20,129,64,65,"[0.5, 0.65]","[0.0, 0.0]",eval_50015_high_conflict.mp4,eval_50015_high.npy,49d2c23dcbcc0ab24364ce9390adedd71ca8e548bf47387a531a5311c6d1060d
projectile_gravity_v3_fixedpos_freefall,eval_50016_low_aligned,eval_50016_low,eval_50016,50016,eval,0.024402419060996557,low,0.972837230045298,red,aligned,0.5,0.65,0.0,0.0,20,20,129,64,65,"[0.5, 0.65]","[0.0, 0.0]",eval_50016_low_aligned.mp4,eval_50016_low.npy,49d2c23dcbcc0ab24364ce9390adedd71ca8e548bf47387a531a5311c6d1060d
projectile_gravity_v3_fixedpos_freefall,eval_50016_low_conflict,eval_50016_low,eval_50016,50016,eval,0.024402419060996557,low,0.972837230045298,blue,conflict,0.5,0.65,0.0,0.0,20,20,129,64,65,"[0.5, 0.65]","[0.0, 0.0]",eval_50016_low_conflict.mp4,eval_50016_low.npy,49d2c23dcbcc0ab24364ce9390adedd71ca8e548bf47387a531a5311c6d1060d
projectile_gravity_v3_fixedpos_freefall,eval_50016_high_aligned,eval_50016_high,eval_50016,50016,eval,0.06640241906099656,high,0.972837230045298,blue,aligned,0.5,0.65,0.0,0.0,20,20,129,64,65,"[0.5, 0.65]","[0.0, 0.0]",eval_50016_high_aligned.mp4,eval_50016_high.npy,49d2c23dcbcc0ab24364ce9390adedd71ca8e548bf47387a531a5311c6d1060d
projectile_gravity_v3_fixedpos_freefall,eval_50016_high_conflict,eval_50016_high,eval_50016,50016,eval,0.06640241906099656,high,0.972837230045298,red,conflict,0.5,0.65,0.0,0.0,20,20,129,64,65,"[0.5, 0.65]","[0.0, 0.0]",eval_50016_high_conflict.mp4,eval_50016_high.npy,49d2c23dcbcc0ab24364ce9390adedd71ca8e548bf47387a531a5311c6d1060d
projectile_gravity_v3_fixedpos_freefall,eval_50017_low_aligned,eval_50017_low,eval_50017,50017,eval,0.0075862333014470144,low,0.20846515006577337,red,aligned,0.5,0.65,0.0,0.0,20,20,129,64,65,"[0.5, 0.65]","[0.0, 0.0]",eval_50017_low_aligned.mp4,eval_50017_low.npy,49d2c23dcbcc0ab24364ce9390adedd71ca8e548bf47387a531a5311c6d1060d
projectile_gravity_v3_fixedpos_freefall,eval_50017_low_conflict,eval_50017_low,eval_50017,50017,eval,0.0075862333014470144,low,0.20846515006577337,blue,conflict,0.5,0.65,0.0,0.0,20,20,129,64,65,"[0.5, 0.65]","[0.0, 0.0]",eval_50017_low_conflict.mp4,eval_50017_low.npy,49d2c23dcbcc0ab24364ce9390adedd71ca8e548bf47387a531a5311c6d1060d
projectile_gravity_v3_fixedpos_freefall,eval_50017_high_aligned,eval_50017_high,eval_50017,50017,eval,0.049586233301447014,high,0.20846515006577337,blue,aligned,0.5,0.65,0.0,0.0,20,20,129,64,65,"[0.5, 0.65]","[0.0, 0.0]",eval_50017_high_aligned.mp4,eval_50017_high.npy,49d2c23dcbcc0ab24364ce9390adedd71ca8e548bf47387a531a5311c6d1060d
projectile_gravity_v3_fixedpos_freefall,eval_50017_high_conflict,eval_50017_high,eval_50017,50017,eval,0.049586233301447014,high,0.20846515006577337,red,conflict,0.5,0.65,0.0,0.0,20,20,129,64,65,"[0.5, 0.65]","[0.0, 0.0]",eval_50017_high_conflict.mp4,eval_50017_high.npy,49d2c23dcbcc0ab24364ce9390adedd71ca8e548bf47387a531a5311c6d1060d
projectile_gravity_v3_fixedpos_freefall,eval_50018_low_aligned,eval_50018_low,eval_50018,50018,eval,0.010997093215728306,low,0.3635042370785593,red,aligned,0.5,0.65,0.0,0.0,20,20,129,64,65,"[0.5, 0.65]","[0.0, 0.0]",eval_50018_low_aligned.mp4,eval_50018_low.npy,49d2c23dcbcc0ab24364ce9390adedd71ca8e548bf47387a531a5311c6d1060d
projectile_gravity_v3_fixedpos_freefall,eval_50018_low_conflict,eval_50018_low,eval_50018,50018,eval,0.010997093215728306,low,0.3635042370785593,blue,conflict,0.5,0.65,0.0,0.0,20,20,129,64,65,"[0.5, 0.65]","[0.0, 0.0]",eval_50018_low_conflict.mp4,eval_50018_low.npy,49d2c23dcbcc0ab24364ce9390adedd71ca8e548bf47387a531a5311c6d1060d
projectile_gravity_v3_fixedpos_freefall,eval_50018_high_aligned,eval_50018_high,eval_50018,50018,eval,0.052997093215728305,high,0.3635042370785593,blue,aligned,0.5,0.65,0.0,0.0,20,20,129,64,65,"[0.5, 0.65]","[0.0, 0.0]",eval_50018_high_aligned.mp4,eval_50018_high.npy,49d2c23dcbcc0ab24364ce9390adedd71ca8e548bf47387a531a5311c6d1060d
projectile_gravity_v3_fixedpos_freefall,eval_50018_high_conflict,eval_50018_high,eval_50018,50018,eval,0.052997093215728305,high,0.3635042370785593,red,conflict,0.5,0.65,0.0,0.0,20,20,129,64,65,"[0.5, 0.65]","[0.0, 0.0]",eval_50018_high_conflict.mp4,eval_50018_high.npy,49d2c23dcbcc0ab24364ce9390adedd71ca8e548bf47387a531a5311c6d1060d
projectile_gravity_v3_fixedpos_freefall,eval_50019_low_aligned,eval_50019_low,eval_50019,50019,eval,0.020048734694221228,low,0.7749424861009648,red,aligned,0.5,0.65,0.0,0.0,20,20,129,64,65,"[0.5, 0.65]","[0.0, 0.0]",eval_50019_low_aligned.mp4,eval_50019_low.npy,49d2c23dcbcc0ab24364ce9390adedd71ca8e548bf47387a531a5311c6d1060d
projectile_gravity_v3_fixedpos_freefall,eval_50019_low_conflict,eval_50019_low,eval_50019,50019,eval,0.020048734694221228,low,0.7749424861009648,blue,conflict,0.5,0.65,0.0,0.0,20,20,129,64,65,"[0.5, 0.65]","[0.0, 0.0]",eval_50019_low_conflict.mp4,eval_50019_low.npy,49d2c23dcbcc0ab24364ce9390adedd71ca8e548bf47387a531a5311c6d1060d
projectile_gravity_v3_fixedpos_freefall,eval_50019_high_aligned,eval_50019_high,eval_50019,50019,eval,0.06204873469422123,high,0.7749424861009648,blue,aligned,0.5,0.65,0.0,0.0,20,20,129,64,65,"[0.5, 0.65]","[0.0, 0.0]",eval_50019_high_aligned.mp4,eval_50019_high.npy,49d2c23dcbcc0ab24364ce9390adedd71ca8e548bf47387a531a5311c6d1060d
projectile_gravity_v3_fixedpos_freefall,eval_50019_high_conflict,eval_50019_high,eval_50019,50019,eval,0.06204873469422123,high,0.7749424861009648,red,conflict,0.5,0.65,0.0,0.0,20,20,129,64,65,"[0.5, 0.65]","[0.0, 0.0]",eval_50019_high_conflict.mp4,eval_50019_high.npy,49d2c23dcbcc0ab24364ce9390adedd71ca8e548bf47387a531a5311c6d1060d
projectile_gravity_v3_fixedpos_freefall,eval_50020_low_aligned,eval_50020_low,eval_50020,50020,eval,0.016127420481205825,low,0.5967009309639011,red,aligned,0.5,0.65,0.0,0.0,20,20,129,64,65,"[0.5, 0.65]","[0.0, 0.0]",eval_50020_low_aligned.mp4,eval_50020_low.npy,49d2c23dcbcc0ab24364ce9390adedd71ca8e548bf47387a531a5311c6d1060d
projectile_gravity_v3_fixedpos_freefall,eval_50020_low_conflict,eval_50020_low,eval_50020,50020,eval,0.016127420481205825,low,0.5967009309639011,blue,conflict,0.5,0.65,0.0,0.0,20,20,129,64,65,"[0.5, 0.65]","[0.0, 0.0]",eval_50020_low_conflict.mp4,eval_50020_low.npy,49d2c23dcbcc0ab24364ce9390adedd71ca8e548bf47387a531a5311c6d1060d
projectile_gravity_v3_fixedpos_freefall,eval_50020_high_aligned,eval_50020_high,eval_50020,50020,eval,0.058127420481205824,high,0.5967009309639011,blue,aligned,0.5,0.65,0.0,0.0,20,20,129,64,65,"[0.5, 0.65]","[0.0, 0.0]",eval_50020_high_aligned.mp4,eval_50020_high.npy,49d2c23dcbcc0ab24364ce9390adedd71ca8e548bf47387a531a5311c6d1060d
projectile_gravity_v3_fixedpos_freefall,eval_50020_high_conflict,eval_50020_high,eval_50020,50020,eval,0.058127420481205824,high,0.5967009309639011,red,conflict,0.5,0.65,0.0,0.0,20,20,129,64,65,"[0.5, 0.65]","[0.0, 0.0]",eval_50020_high_conflict.mp4,eval_50020_high.npy,49d2c23dcbcc0ab24364ce9390adedd71ca8e548bf47387a531a5311c6d1060d
projectile_gravity_v3_fixedpos_freefall,eval_50021_low_aligned,eval_50021_low,eval_50021,50021,eval,0.012432922066907742,low,0.4287691848594427,red,aligned,0.5,0.65,0.0,0.0,20,20,129,64,65,"[0.5, 0.65]","[0.0, 0.0]",eval_50021_low_aligned.mp4,eval_50021_low.npy,49d2c23dcbcc0ab24364ce9390adedd71ca8e548bf47387a531a5311c6d1060d
projectile_gravity_v3_fixedpos_freefall,eval_50021_low_conflict,eval_50021_low,eval_50021,50021,eval,0.012432922066907742,low,0.4287691848594427,blue,conflict,0.5,0.65,0.0,0.0,20,20,129,64,65,"[0.5, 0.65]","[0.0, 0.0]",eval_50021_low_conflict.mp4,eval_50021_low.npy,49d2c23dcbcc0ab24364ce9390adedd71ca8e548bf47387a531a5311c6d1060d
projectile_gravity_v3_fixedpos_freefall,eval_50021_high_aligned,eval_50021_high,eval_50021,50021,eval,0.05443292206690774,high,0.4287691848594427,blue,aligned,0.5,0.65,0.0,0.0,20,20,129,64,65,"[0.5, 0.65]","[0.0, 0.0]",eval_50021_high_aligned.mp4,eval_50021_high.npy,49d2c23dcbcc0ab24364ce9390adedd71ca8e548bf47387a531a5311c6d1060d
projectile_gravity_v3_fixedpos_freefall,eval_50021_high_conflict,eval_50021_high,eval_50021,50021,eval,0.05443292206690774,high,0.4287691848594427,red,conflict,0.5,0.65,0.0,0.0,20,20,129,64,65,"[0.5, 0.65]","[0.0, 0.0]",eval_50021_high_conflict.mp4,eval_50021_high.npy,49d2c23dcbcc0ab24364ce9390adedd71ca8e548bf47387a531a5311c6d1060d
projectile_gravity_v3_fixedpos_freefall,eval_50022_low_aligned,eval_50022_low,eval_50022,50022,eval,0.016146214477300393,low,0.5975552035136541,red,aligned,0.5,0.65,0.0,0.0,20,20,129,64,65,"[0.5, 0.65]","[0.0, 0.0]",eval_50022_low_aligned.mp4,eval_50022_low.npy,49d2c23dcbcc0ab24364ce9390adedd71ca8e548bf47387a531a5311c6d1060d
projectile_gravity_v3_fixedpos_freefall,eval_50022_low_conflict,eval_50022_low,eval_50022,50022,eval,0.016146214477300393,low,0.5975552035136541,blue,conflict,0.5,0.65,0.0,0.0,20,20,129,64,65,"[0.5, 0.65]","[0.0, 0.0]",eval_50022_low_conflict.mp4,eval_50022_low.npy,49d2c23dcbcc0ab24364ce9390adedd71ca8e548bf47387a531a5311c6d1060d
projectile_gravity_v3_fixedpos_freefall,eval_50022_high_aligned,eval_50022_high,eval_50022,50022,eval,0.058146214477300395,high,0.5975552035136541,blue,aligned,0.5,0.65,0.0,0.0,20,20,129,64,65,"[0.5, 0.65]","[0.0, 0.0]",eval_50022_high_aligned.mp4,eval_50022_high.npy,49d2c23dcbcc0ab24364ce9390adedd71ca8e548bf47387a531a5311c6d1060d
projectile_gravity_v3_fixedpos_freefall,eval_50022_high_conflict,eval_50022_high,eval_50022,50022,eval,0.058146214477300395,high,0.5975552035136541,red,conflict,0.5,0.65,0.0,0.0,20,20,129,64,65,"[0.5, 0.65]","[0.0, 0.0]",eval_50022_high_conflict.mp4,eval_50022_high.npy,49d2c23dcbcc0ab24364ce9390adedd71ca8e548bf47387a531a5311c6d1060d
projectile_gravity_v3_fixedpos_freefall,eval_50023_low_aligned,eval_50023_low,eval_50023,50023,eval,0.01567001929571491,low,0.5759099679870413,red,aligned,0.5,0.65,0.0,0.0,20,20,129,64,65,"[0.5, 0.65]","[0.0, 0.0]",eval_50023_low_aligned.mp4,eval_50023_low.npy,49d2c23dcbcc0ab24364ce9390adedd71ca8e548bf47387a531a5311c6d1060d
projectile_gravity_v3_fixedpos_freefall,eval_50023_low_conflict,eval_50023_low,eval_50023,50023,eval,0.01567001929571491,low,0.5759099679870413,blue,conflict,0.5,0.65,0.0,0.0,20,20,129,64,65,"[0.5, 0.65]","[0.0, 0.0]",eval_50023_low_conflict.mp4,eval_50023_low.npy,49d2c23dcbcc0ab24364ce9390adedd71ca8e548bf47387a531a5311c6d1060d
projectile_gravity_v3_fixedpos_freefall,eval_50023_high_aligned,eval_50023_high,eval_50023,50023,eval,0.057670019295714914,high,0.5759099679870413,blue,aligned,0.5,0.65,0.0,0.0,20,20,129,64,65,"[0.5, 0.65]","[0.0, 0.0]",eval_50023_high_aligned.mp4,eval_50023_high.npy,49d2c23dcbcc0ab24364ce9390adedd71ca8e548bf47387a531a5311c6d1060d
projectile_gravity_v3_fixedpos_freefall,eval_50023_high_conflict,eval_50023_high,eval_50023,50023,eval,0.057670019295714914,high,0.5759099679870413,red,conflict,0.5,0.65,0.0,0.0,20,20,129,64,65,"[0.5, 0.65]","[0.0, 0.0]",eval_50023_high_conflict.mp4,eval_50023_high.npy,49d2c23dcbcc0ab24364ce9390adedd71ca8e548bf47387a531a5311c6d1060d
projectile_gravity_v3_fixedpos_freefall,eval_50024_low_aligned,eval_50024_low,eval_50024,50024,eval,0.005389165559386035,low,0.10859843451754703,red,aligned,0.5,0.65,0.0,0.0,20,20,129,64,65,"[0.5, 0.65]","[0.0, 0.0]",eval_50024_low_aligned.mp4,eval_50024_low.npy,49d2c23dcbcc0ab24364ce9390adedd71ca8e548bf47387a531a5311c6d1060d
projectile_gravity_v3_fixedpos_freefall,eval_50024_low_conflict,eval_50024_low,eval_50024,50024,eval,0.005389165559386035,low,0.10859843451754703,blue,conflict,0.5,0.65,0.0,0.0,20,20,129,64,65,"[0.5, 0.65]","[0.0, 0.0]",eval_50024_low_conflict.mp4,eval_50024_low.npy,49d2c23dcbcc0ab24364ce9390adedd71ca8e548bf47387a531a5311c6d1060d
projectile_gravity_v3_fixedpos_freefall,eval_50024_high_aligned,eval_50024_high,eval_50024,50024,eval,0.047389165559386034,high,0.10859843451754703,blue,aligned,0.5,0.65,0.0,0.0,20,20,129,64,65,"[0.5, 0.65]","[0.0, 0.0]",eval_50024_high_aligned.mp4,eval_50024_high.npy,49d2c23dcbcc0ab24364ce9390adedd71ca8e548bf47387a531a5311c6d1060d
projectile_gravity_v3_fixedpos_freefall,eval_50024_high_conflict,eval_50024_high,eval_50024,50024,eval,0.047389165559386034,high,0.10859843451754703,red,conflict,0.5,0.65,0.0,0.0,20,20,129,64,65,"[0.5, 0.65]","[0.0, 0.0]",eval_50024_high_conflict.mp4,eval_50024_high.npy,49d2c23dcbcc0ab24364ce9390adedd71ca8e548bf47387a531a5311c6d1060d
projectile_gravity_v3_fixedpos_freefall,eval_50025_low_aligned,eval_50025_low,eval_50025,50025,eval,0.019320798479742846,low,0.7418544763519476,red,aligned,0.5,0.65,0.0,0.0,20,20,129,64,65,"[0.5, 0.65]","[0.0, 0.0]",eval_50025_low_aligned.mp4,eval_50025_low.npy,49d2c23dcbcc0ab24364ce9390adedd71ca8e548bf47387a531a5311c6d1060d
projectile_gravity_v3_fixedpos_freefall,eval_50025_low_conflict,eval_50025_low,eval_50025,50025,eval,0.019320798479742846,low,0.7418544763519476,blue,conflict,0.5,0.65,0.0,0.0,20,20,129,64,65,"[0.5, 0.65]","[0.0, 0.0]",eval_50025_low_conflict.mp4,eval_50025_low.npy,49d2c23dcbcc0ab24364ce9390adedd71ca8e548bf47387a531a5311c6d1060d
projectile_gravity_v3_fixedpos_freefall,eval_50025_high_aligned,eval_50025_high,eval_50025,50025,eval,0.06132079847974285,high,0.7418544763519476,blue,aligned,0.5,0.65,0.0,0.0,20,20,129,64,65,"[0.5, 0.65]","[0.0, 0.0]",eval_50025_high_aligned.mp4,eval_50025_high.npy,49d2c23dcbcc0ab24364ce9390adedd71ca8e548bf47387a531a5311c6d1060d
projectile_gravity_v3_fixedpos_freefall,eval_50025_high_conflict,eval_50025_high,eval_50025,50025,eval,0.06132079847974285,high,0.7418544763519476,red,conflict,0.5,0.65,0.0,0.0,20,20,129,64,65,"[0.5, 0.65]","[0.0, 0.0]",eval_50025_high_conflict.mp4,eval_50025_high.npy,49d2c23dcbcc0ab24364ce9390adedd71ca8e548bf47387a531a5311c6d1060d
projectile_gravity_v3_fixedpos_freefall,eval_50026_low_aligned,eval_50026_low,eval_50026,50026,eval,0.020955334314552404,low,0.816151559752382,red,aligned,0.5,0.65,0.0,0.0,20,20,129,64,65,"[0.5, 0.65]","[0.0, 0.0]",eval_50026_low_aligned.mp4,eval_50026_low.npy,49d2c23dcbcc0ab24364ce9390adedd71ca8e548bf47387a531a5311c6d1060d
projectile_gravity_v3_fixedpos_freefall,eval_50026_low_conflict,eval_50026_low,eval_50026,50026,eval,0.020955334314552404,low,0.816151559752382,blue,conflict,0.5,0.65,0.0,0.0,20,20,129,64,65,"[0.5, 0.65]","[0.0, 0.0]",eval_50026_low_conflict.mp4,eval_50026_low.npy,49d2c23dcbcc0ab24364ce9390adedd71ca8e548bf47387a531a5311c6d1060d
projectile_gravity_v3_fixedpos_freefall,eval_50026_high_aligned,eval_50026_high,eval_50026,50026,eval,0.06295533431455241,high,0.816151559752382,blue,aligned,0.5,0.65,0.0,0.0,20,20,129,64,65,"[0.5, 0.65]","[0.0, 0.0]",eval_50026_high_aligned.mp4,eval_50026_high.npy,49d2c23dcbcc0ab24364ce9390adedd71ca8e548bf47387a531a5311c6d1060d
projectile_gravity_v3_fixedpos_freefall,eval_50026_high_conflict,eval_50026_high,eval_50026,50026,eval,0.06295533431455241,high,0.816151559752382,red,conflict,0.5,0.65,0.0,0.0,20,20,129,64,65,"[0.5, 0.65]","[0.0, 0.0]",eval_50026_high_conflict.mp4,eval_50026_high.npy,49d2c23dcbcc0ab24364ce9390adedd71ca8e548bf47387a531a5311c6d1060d
projectile_gravity_v3_fixedpos_freefall,eval_50027_low_aligned,eval_50027_low,eval_50027,50027,eval,0.004705016266898658,low,0.07750073940448443,red,aligned,0.5,0.65,0.0,0.0,20,20,129,64,65,"[0.5, 0.65]","[0.0, 0.0]",eval_50027_low_aligned.mp4,eval_50027_low.npy,49d2c23dcbcc0ab24364ce9390adedd71ca8e548bf47387a531a5311c6d1060d
projectile_gravity_v3_fixedpos_freefall,eval_50027_low_conflict,eval_50027_low,eval_50027,50027,eval,0.004705016266898658,low,0.07750073940448443,blue,conflict,0.5,0.65,0.0,0.0,20,20,129,64,65,"[0.5, 0.65]","[0.0, 0.0]",eval_50027_low_conflict.mp4,eval_50027_low.npy,49d2c23dcbcc0ab24364ce9390adedd71ca8e548bf47387a531a5311c6d1060d
projectile_gravity_v3_fixedpos_freefall,eval_50027_high_aligned,eval_50027_high,eval_50027,50027,eval,0.04670501626689866,high,0.07750073940448443,blue,aligned,0.5,0.65,0.0,0.0,20,20,129,64,65,"[0.5, 0.65]","[0.0, 0.0]",eval_50027_high_aligned.mp4,eval_50027_high.npy,49d2c23dcbcc0ab24364ce9390adedd71ca8e548bf47387a531a5311c6d1060d
projectile_gravity_v3_fixedpos_freefall,eval_50027_high_conflict,eval_50027_high,eval_50027,50027,eval,0.04670501626689866,high,0.07750073940448443,red,conflict,0.5,0.65,0.0,0.0,20,20,129,64,65,"[0.5, 0.65]","[0.0, 0.0]",eval_50027_high_conflict.mp4,eval_50027_high.npy,49d2c23dcbcc0ab24364ce9390adedd71ca8e548bf47387a531a5311c6d1060d
projectile_gravity_v3_fixedpos_freefall,eval_50028_low_aligned,eval_50028_low,eval_50028,50028,eval,0.012439960016839068,low,0.42908909167450304,red,aligned,0.5,0.65,0.0,0.0,20,20,129,64,65,"[0.5, 0.65]","[0.0, 0.0]",eval_50028_low_aligned.mp4,eval_50028_low.npy,49d2c23dcbcc0ab24364ce9390adedd71ca8e548bf47387a531a5311c6d1060d
projectile_gravity_v3_fixedpos_freefall,eval_50028_low_conflict,eval_50028_low,eval_50028,50028,eval,0.012439960016839068,low,0.42908909167450304,blue,conflict,0.5,0.65,0.0,0.0,20,20,129,64,65,"[0.5, 0.65]","[0.0, 0.0]",eval_50028_low_conflict.mp4,eval_50028_low.npy,49d2c23dcbcc0ab24364ce9390adedd71ca8e548bf47387a531a5311c6d1060d
projectile_gravity_v3_fixedpos_freefall,eval_50028_high_aligned,eval_50028_high,eval_50028,50028,eval,0.05443996001683907,high,0.42908909167450304,blue,aligned,0.5,0.65,0.0,0.0,20,20,129,64,65,"[0.5, 0.65]","[0.0, 0.0]",eval_50028_high_aligned.mp4,eval_50028_high.npy,49d2c23dcbcc0ab24364ce9390adedd71ca8e548bf47387a531a5311c6d1060d
projectile_gravity_v3_fixedpos_freefall,eval_50028_high_conflict,eval_50028_high,eval_50028,50028,eval,0.05443996001683907,high,0.42908909167450304,red,conflict,0.5,0.65,0.0,0.0,20,20,129,64,65,"[0.5, 0.65]","[0.0, 0.0]",eval_50028_high_conflict.mp4,eval_50028_high.npy,49d2c23dcbcc0ab24364ce9390adedd71ca8e548bf47387a531a5311c6d1060d
projectile_gravity_v3_fixedpos_freefall,eval_50029_low_aligned,eval_50029_low,eval_50029,50029,eval,0.014681276865603991,low,0.5309671302547269,red,aligned,0.5,0.65,0.0,0.0,20,20,129,64,65,"[0.5, 0.65]","[0.0, 0.0]",eval_50029_low_aligned.mp4,eval_50029_low.npy,49d2c23dcbcc0ab24364ce9390adedd71ca8e548bf47387a531a5311c6d1060d
projectile_gravity_v3_fixedpos_freefall,eval_50029_low_conflict,eval_50029_low,eval_50029,50029,eval,0.014681276865603991,low,0.5309671302547269,blue,conflict,0.5,0.65,0.0,0.0,20,20,129,64,65,"[0.5, 0.65]","[0.0, 0.0]",eval_50029_low_conflict.mp4,eval_50029_low.npy,49d2c23dcbcc0ab24364ce9390adedd71ca8e548bf47387a531a5311c6d1060d
projectile_gravity_v3_fixedpos_freefall,eval_50029_high_aligned,eval_50029_high,eval_50029,50029,eval,0.056681276865603994,high,0.5309671302547269,blue,aligned,0.5,0.65,0.0,0.0,20,20,129,64,65,"[0.5, 0.65]","[0.0, 0.0]",eval_50029_high_aligned.mp4,eval_50029_high.npy,49d2c23dcbcc0ab24364ce9390adedd71ca8e548bf47387a531a5311c6d1060d
projectile_gravity_v3_fixedpos_freefall,eval_50029_high_conflict,eval_50029_high,eval_50029,50029,eval,0.056681276865603994,high,0.5309671302547269,red,conflict,0.5,0.65,0.0,0.0,20,20,129,64,65,"[0.5, 0.65]","[0.0, 0.0]",eval_50029_high_conflict.mp4,eval_50029_high.npy,49d2c23dcbcc0ab24364ce9390adedd71ca8e548bf47387a531a5311c6d1060d
projectile_gravity_v3_fixedpos_freefall,eval_50030_low_aligned,eval_50030_low,eval_50030,50030,eval,0.01939035744066626,low,0.7450162473030117,red,aligned,0.5,0.65,0.0,0.0,20,20,129,64,65,"[0.5, 0.65]","[0.0, 0.0]",eval_50030_low_aligned.mp4,eval_50030_low.npy,49d2c23dcbcc0ab24364ce9390adedd71ca8e548bf47387a531a5311c6d1060d
projectile_gravity_v3_fixedpos_freefall,eval_50030_low_conflict,eval_50030_low,eval_50030,50030,eval,0.01939035744066626,low,0.7450162473030117,blue,conflict,0.5,0.65,0.0,0.0,20,20,129,64,65,"[0.5, 0.65]","[0.0, 0.0]",eval_50030_low_conflict.mp4,eval_50030_low.npy,49d2c23dcbcc0ab24364ce9390adedd71ca8e548bf47387a531a5311c6d1060d
projectile_gravity_v3_fixedpos_freefall,eval_50030_high_aligned,eval_50030_high,eval_50030,50030,eval,0.06139035744066626,high,0.7450162473030117,blue,aligned,0.5,0.65,0.0,0.0,20,20,129,64,65,"[0.5, 0.65]","[0.0, 0.0]",eval_50030_high_aligned.mp4,eval_50030_high.npy,49d2c23dcbcc0ab24364ce9390adedd71ca8e548bf47387a531a5311c6d1060d
projectile_gravity_v3_fixedpos_freefall,eval_50030_high_conflict,eval_50030_high,eval_50030,50030,eval,0.06139035744066626,high,0.7450162473030117,red,conflict,0.5,0.65,0.0,0.0,20,20,129,64,65,"[0.5, 0.65]","[0.0, 0.0]",eval_50030_high_conflict.mp4,eval_50030_high.npy,49d2c23dcbcc0ab24364ce9390adedd71ca8e548bf47387a531a5311c6d1060d
projectile_gravity_v3_fixedpos_freefall,eval_50031_low_aligned,eval_50031_low,eval_50031,50031,eval,0.00775534148743192,low,0.21615188579236,red,aligned,0.5,0.65,0.0,0.0,20,20,129,64,65,"[0.5, 0.65]","[0.0, 0.0]",eval_50031_low_aligned.mp4,eval_50031_low.npy,49d2c23dcbcc0ab24364ce9390adedd71ca8e548bf47387a531a5311c6d1060d
projectile_gravity_v3_fixedpos_freefall,eval_50031_low_conflict,eval_50031_low,eval_50031,50031,eval,0.00775534148743192,low,0.21615188579236,blue,conflict,0.5,0.65,0.0,0.0,20,20,129,64,65,"[0.5, 0.65]","[0.0, 0.0]",eval_50031_low_conflict.mp4,eval_50031_low.npy,49d2c23dcbcc0ab24364ce9390adedd71ca8e548bf47387a531a5311c6d1060d
projectile_gravity_v3_fixedpos_freefall,eval_50031_high_aligned,eval_50031_high,eval_50031,50031,eval,0.04975534148743192,high,0.21615188579236,blue,aligned,0.5,0.65,0.0,0.0,20,20,129,64,65,"[0.5, 0.65]","[0.0, 0.0]",eval_50031_high_aligned.mp4,eval_50031_high.npy,49d2c23dcbcc0ab24364ce9390adedd71ca8e548bf47387a531a5311c6d1060d
projectile_gravity_v3_fixedpos_freefall,eval_50031_high_conflict,eval_50031_high,eval_50031,50031,eval,0.04975534148743192,high,0.21615188579236,red,conflict,0.5,0.65,0.0,0.0,20,20,129,64,65,"[0.5, 0.65]","[0.0, 0.0]",eval_50031_high_conflict.mp4,eval_50031_high.npy,49d2c23dcbcc0ab24364ce9390adedd71ca8e548bf47387a531a5311c6d1060d
projectile_gravity_v3_fixedpos_freefall,eval_50032_low_aligned,eval_50032_low,eval_50032,50032,eval,0.013768197958166802,low,0.48946354355303634,red,aligned,0.5,0.65,0.0,0.0,20,20,129,64,65,"[0.5, 0.65]","[0.0, 0.0]",eval_50032_low_aligned.mp4,eval_50032_low.npy,49d2c23dcbcc0ab24364ce9390adedd71ca8e548bf47387a531a5311c6d1060d
projectile_gravity_v3_fixedpos_freefall,eval_50032_low_conflict,eval_50032_low,eval_50032,50032,eval,0.013768197958166802,low,0.48946354355303634,blue,conflict,0.5,0.65,0.0,0.0,20,20,129,64,65,"[0.5, 0.65]","[0.0, 0.0]",eval_50032_low_conflict.mp4,eval_50032_low.npy,49d2c23dcbcc0ab24364ce9390adedd71ca8e548bf47387a531a5311c6d1060d
projectile_gravity_v3_fixedpos_freefall,eval_50032_high_aligned,eval_50032_high,eval_50032,50032,eval,0.0557681979581668,high,0.48946354355303634,blue,aligned,0.5,0.65,0.0,0.0,20,20,129,64,65,"[0.5, 0.65]","[0.0, 0.0]",eval_50032_high_aligned.mp4,eval_50032_high.npy,49d2c23dcbcc0ab24364ce9390adedd71ca8e548bf47387a531a5311c6d1060d
projectile_gravity_v3_fixedpos_freefall,eval_50032_high_conflict,eval_50032_high,eval_50032,50032,eval,0.0557681979581668,high,0.48946354355303634,red,conflict,0.5,0.65,0.0,0.0,20,20,129,64,65,"[0.5, 0.65]","[0.0, 0.0]",eval_50032_high_conflict.mp4,eval_50032_high.npy,49d2c23dcbcc0ab24364ce9390adedd71ca8e548bf47387a531a5311c6d1060d
projectile_gravity_v3_fixedpos_freefall,eval_50033_low_aligned,eval_50033_low,eval_50033,50033,eval,0.007107263389837832,low,0.18669379044717416,red,aligned,0.5,0.65,0.0,0.0,20,20,129,64,65,"[0.5, 0.65]","[0.0, 0.0]",eval_50033_low_aligned.mp4,eval_50033_low.npy,49d2c23dcbcc0ab24364ce9390adedd71ca8e548bf47387a531a5311c6d1060d
projectile_gravity_v3_fixedpos_freefall,eval_50033_low_conflict,eval_50033_low,eval_50033,50033,eval,0.007107263389837832,low,0.18669379044717416,blue,conflict,0.5,0.65,0.0,0.0,20,20,129,64,65,"[0.5, 0.65]","[0.0, 0.0]",eval_50033_low_conflict.mp4,eval_50033_low.npy,49d2c23dcbcc0ab24364ce9390adedd71ca8e548bf47387a531a5311c6d1060d
projectile_gravity_v3_fixedpos_freefall,eval_50033_high_aligned,eval_50033_high,eval_50033,50033,eval,0.049107263389837834,high,0.18669379044717416,blue,aligned,0.5,0.65,0.0,0.0,20,20,129,64,65,"[0.5, 0.65]","[0.0, 0.0]",eval_50033_high_aligned.mp4,eval_50033_high.npy,49d2c23dcbcc0ab24364ce9390adedd71ca8e548bf47387a531a5311c6d1060d
projectile_gravity_v3_fixedpos_freefall,eval_50033_high_conflict,eval_50033_high,eval_50033,50033,eval,0.049107263389837834,high,0.18669379044717416,red,conflict,0.5,0.65,0.0,0.0,20,20,129,64,65,"[0.5, 0.65]","[0.0, 0.0]",eval_50033_high_conflict.mp4,eval_50033_high.npy,49d2c23dcbcc0ab24364ce9390adedd71ca8e548bf47387a531a5311c6d1060d
projectile_gravity_v3_fixedpos_freefall,eval_50034_low_aligned,eval_50034_low,eval_50034,50034,eval,0.01684377991700454,low,0.6292627235002064,red,aligned,0.5,0.65,0.0,0.0,20,20,129,64,65,"[0.5, 0.65]","[0.0, 0.0]",eval_50034_low_aligned.mp4,eval_50034_low.npy,49d2c23dcbcc0ab24364ce9390adedd71ca8e548bf47387a531a5311c6d1060d
projectile_gravity_v3_fixedpos_freefall,eval_50034_low_conflict,eval_50034_low,eval_50034,50034,eval,0.01684377991700454,low,0.6292627235002064,blue,conflict,0.5,0.65,0.0,0.0,20,20,129,64,65,"[0.5, 0.65]","[0.0, 0.0]",eval_50034_low_conflict.mp4,eval_50034_low.npy,49d2c23dcbcc0ab24364ce9390adedd71ca8e548bf47387a531a5311c6d1060d
projectile_gravity_v3_fixedpos_freefall,eval_50034_high_aligned,eval_50034_high,eval_50034,50034,eval,0.05884377991700454,high,0.6292627235002064,blue,aligned,0.5,0.65,0.0,0.0,20,20,129,64,65,"[0.5, 0.65]","[0.0, 0.0]",eval_50034_high_aligned.mp4,eval_50034_high.npy,49d2c23dcbcc0ab24364ce9390adedd71ca8e548bf47387a531a5311c6d1060d
projectile_gravity_v3_fixedpos_freefall,eval_50034_high_conflict,eval_50034_high,eval_50034,50034,eval,0.05884377991700454,high,0.6292627235002064,red,conflict,0.5,0.65,0.0,0.0,20,20,129,64,65,"[0.5, 0.65]","[0.0, 0.0]",eval_50034_high_conflict.mp4,eval_50034_high.npy,49d2c23dcbcc0ab24364ce9390adedd71ca8e548bf47387a531a5311c6d1060d
projectile_gravity_v3_fixedpos_freefall,eval_50035_low_aligned,eval_50035_low,eval_50035,50035,eval,0.02039539571464667,low,0.7906998052112121,red,aligned,0.5,0.65,0.0,0.0,20,20,129,64,65,"[0.5, 0.65]","[0.0, 0.0]",eval_50035_low_aligned.mp4,eval_50035_low.npy,49d2c23dcbcc0ab24364ce9390adedd71ca8e548bf47387a531a5311c6d1060d
projectile_gravity_v3_fixedpos_freefall,eval_50035_low_conflict,eval_50035_low,eval_50035,50035,eval,0.02039539571464667,low,0.7906998052112121,blue,conflict,0.5,0.65,0.0,0.0,20,20,129,64,65,"[0.5, 0.65]","[0.0, 0.0]",eval_50035_low_conflict.mp4,eval_50035_low.npy,49d2c23dcbcc0ab24364ce9390adedd71ca8e548bf47387a531a5311c6d1060d
projectile_gravity_v3_fixedpos_freefall,eval_50035_high_aligned,eval_50035_high,eval_50035,50035,eval,0.06239539571464667,high,0.7906998052112121,blue,aligned,0.5,0.65,0.0,0.0,20,20,129,64,65,"[0.5, 0.65]","[0.0, 0.0]",eval_50035_high_aligned.mp4,eval_50035_high.npy,49d2c23dcbcc0ab24364ce9390adedd71ca8e548bf47387a531a5311c6d1060d
projectile_gravity_v3_fixedpos_freefall,eval_50035_high_conflict,eval_50035_high,eval_50035,50035,eval,0.06239539571464667,high,0.7906998052112121,red,conflict,0.5,0.65,0.0,0.0,20,20,129,64,65,"[0.5, 0.65]","[0.0, 0.0]",eval_50035_high_conflict.mp4,eval_50035_high.npy,49d2c23dcbcc0ab24364ce9390adedd71ca8e548bf47387a531a5311c6d1060d
projectile_gravity_v3_fixedpos_freefall,eval_50036_low_aligned,eval_50036_low,eval_50036,50036,eval,0.016729537357145465,low,0.6240698798702484,red,aligned,0.5,0.65,0.0,0.0,20,20,129,64,65,"[0.5, 0.65]","[0.0, 0.0]",eval_50036_low_aligned.mp4,eval_50036_low.npy,49d2c23dcbcc0ab24364ce9390adedd71ca8e548bf47387a531a5311c6d1060d
projectile_gravity_v3_fixedpos_freefall,eval_50036_low_conflict,eval_50036_low,eval_50036,50036,eval,0.016729537357145465,low,0.6240698798702484,blue,conflict,0.5,0.65,0.0,0.0,20,20,129,64,65,"[0.5, 0.65]","[0.0, 0.0]",eval_50036_low_conflict.mp4,eval_50036_low.npy,49d2c23dcbcc0ab24364ce9390adedd71ca8e548bf47387a531a5311c6d1060d
projectile_gravity_v3_fixedpos_freefall,eval_50036_high_aligned,eval_50036_high,eval_50036,50036,eval,0.058729537357145464,high,0.6240698798702484,blue,aligned,0.5,0.65,0.0,0.0,20,20,129,64,65,"[0.5, 0.65]","[0.0, 0.0]",eval_50036_high_aligned.mp4,eval_50036_high.npy,49d2c23dcbcc0ab24364ce9390adedd71ca8e548bf47387a531a5311c6d1060d
projectile_gravity_v3_fixedpos_freefall,eval_50036_high_conflict,eval_50036_high,eval_50036,50036,eval,0.058729537357145464,high,0.6240698798702484,red,conflict,0.5,0.65,0.0,0.0,20,20,129,64,65,"[0.5, 0.65]","[0.0, 0.0]",eval_50036_high_conflict.mp4,eval_50036_high.npy,49d2c23dcbcc0ab24364ce9390adedd71ca8e548bf47387a531a5311c6d1060d
projectile_gravity_v3_fixedpos_freefall,eval_50037_low_aligned,eval_50037_low,eval_50037,50037,eval,0.01500280324923723,low,0.5455819658744195,red,aligned,0.5,0.65,0.0,0.0,20,20,129,64,65,"[0.5, 0.65]","[0.0, 0.0]",eval_50037_low_aligned.mp4,eval_50037_low.npy,49d2c23dcbcc0ab24364ce9390adedd71ca8e548bf47387a531a5311c6d1060d
projectile_gravity_v3_fixedpos_freefall,eval_50037_low_conflict,eval_50037_low,eval_50037,50037,eval,0.01500280324923723,low,0.5455819658744195,blue,conflict,0.5,0.65,0.0,0.0,20,20,129,64,65,"[0.5, 0.65]","[0.0, 0.0]",eval_50037_low_conflict.mp4,eval_50037_low.npy,49d2c23dcbcc0ab24364ce9390adedd71ca8e548bf47387a531a5311c6d1060d
projectile_gravity_v3_fixedpos_freefall,eval_50037_high_aligned,eval_50037_high,eval_50037,50037,eval,0.05700280324923723,high,0.5455819658744195,blue,aligned,0.5,0.65,0.0,0.0,20,20,129,64,65,"[0.5, 0.65]","[0.0, 0.0]",eval_50037_high_aligned.mp4,eval_50037_high.npy,49d2c23dcbcc0ab24364ce9390adedd71ca8e548bf47387a531a5311c6d1060d
projectile_gravity_v3_fixedpos_freefall,eval_50037_high_conflict,eval_50037_high,eval_50037,50037,eval,0.05700280324923723,high,0.5455819658744195,red,conflict,0.5,0.65,0.0,0.0,20,20,129,64,65,"[0.5, 0.65]","[0.0, 0.0]",eval_50037_high_conflict.mp4,eval_50037_high.npy,49d2c23dcbcc0ab24364ce9390adedd71ca8e548bf47387a531a5311c6d1060d
projectile_gravity_v3_fixedpos_freefall,eval_50038_low_aligned,eval_50038_low,eval_50038,50038,eval,0.022926801781410436,low,0.9057637173368379,red,aligned,0.5,0.65,0.0,0.0,20,20,129,64,65,"[0.5, 0.65]","[0.0, 0.0]",eval_50038_low_aligned.mp4,eval_50038_low.npy,49d2c23dcbcc0ab24364ce9390adedd71ca8e548bf47387a531a5311c6d1060d
projectile_gravity_v3_fixedpos_freefall,eval_50038_low_conflict,eval_50038_low,eval_50038,50038,eval,0.022926801781410436,low,0.9057637173368379,blue,conflict,0.5,0.65,0.0,0.0,20,20,129,64,65,"[0.5, 0.65]","[0.0, 0.0]",eval_50038_low_conflict.mp4,eval_50038_low.npy,49d2c23dcbcc0ab24364ce9390adedd71ca8e548bf47387a531a5311c6d1060d
projectile_gravity_v3_fixedpos_freefall,eval_50038_high_aligned,eval_50038_high,eval_50038,50038,eval,0.06492680178141044,high,0.9057637173368379,blue,aligned,0.5,0.65,0.0,0.0,20,20,129,64,65,"[0.5, 0.65]","[0.0, 0.0]",eval_50038_high_aligned.mp4,eval_50038_high.npy,49d2c23dcbcc0ab24364ce9390adedd71ca8e548bf47387a531a5311c6d1060d
projectile_gravity_v3_fixedpos_freefall,eval_50038_high_conflict,eval_50038_high,eval_50038,50038,eval,0.06492680178141044,high,0.9057637173368379,red,conflict,0.5,0.65,0.0,0.0,20,20,129,64,65,"[0.5, 0.65]","[0.0, 0.0]",eval_50038_high_conflict.mp4,eval_50038_high.npy,49d2c23dcbcc0ab24364ce9390adedd71ca8e548bf47387a531a5311c6d1060d
projectile_gravity_v3_fixedpos_freefall,eval_50039_low_aligned,eval_50039_low,eval_50039,50039,eval,0.02107950006510863,low,0.8217954575049378,red,aligned,0.5,0.65,0.0,0.0,20,20,129,64,65,"[0.5, 0.65]","[0.0, 0.0]",eval_50039_low_aligned.mp4,eval_50039_low.npy,49d2c23dcbcc0ab24364ce9390adedd71ca8e548bf47387a531a5311c6d1060d
projectile_gravity_v3_fixedpos_freefall,eval_50039_low_conflict,eval_50039_low,eval_50039,50039,eval,0.02107950006510863,low,0.8217954575049378,blue,conflict,0.5,0.65,0.0,0.0,20,20,129,64,65,"[0.5, 0.65]","[0.0, 0.0]",eval_50039_low_conflict.mp4,eval_50039_low.npy,49d2c23dcbcc0ab24364ce9390adedd71ca8e548bf47387a531a5311c6d1060d
projectile_gravity_v3_fixedpos_freefall,eval_50039_high_aligned,eval_50039_high,eval_50039,50039,eval,0.06307950006510864,high,0.8217954575049378,blue,aligned,0.5,0.65,0.0,0.0,20,20,129,64,65,"[0.5, 0.65]","[0.0, 0.0]",eval_50039_high_aligned.mp4,eval_50039_high.npy,49d2c23dcbcc0ab24364ce9390adedd71ca8e548bf47387a531a5311c6d1060d
projectile_gravity_v3_fixedpos_freefall,eval_50039_high_conflict,eval_50039_high,eval_50039,50039,eval,0.06307950006510864,high,0.8217954575049378,red,conflict,0.5,0.65,0.0,0.0,20,20,129,64,65,"[0.5, 0.65]","[0.0, 0.0]",eval_50039_high_conflict.mp4,eval_50039_high.npy,49d2c23dcbcc0ab24364ce9390adedd71ca8e548bf47387a531a5311c6d1060d
projectile_gravity_v3_fixedpos_freefall,eval_50040_low_aligned,eval_50040_low,eval_50040,50040,eval,0.005229737428478482,low,0.10135170129447646,red,aligned,0.5,0.65,0.0,0.0,20,20,129,64,65,"[0.5, 0.65]","[0.0, 0.0]",eval_50040_low_aligned.mp4,eval_50040_low.npy,49d2c23dcbcc0ab24364ce9390adedd71ca8e548bf47387a531a5311c6d1060d
projectile_gravity_v3_fixedpos_freefall,eval_50040_low_conflict,eval_50040_low,eval_50040,50040,eval,0.005229737428478482,low,0.10135170129447646,blue,conflict,0.5,0.65,0.0,0.0,20,20,129,64,65,"[0.5, 0.65]","[0.0, 0.0]",eval_50040_low_conflict.mp4,eval_50040_low.npy,49d2c23dcbcc0ab24364ce9390adedd71ca8e548bf47387a531a5311c6d1060d
projectile_gravity_v3_fixedpos_freefall,eval_50040_high_aligned,eval_50040_high,eval_50040,50040,eval,0.04722973742847848,high,0.10135170129447646,blue,aligned,0.5,0.65,0.0,0.0,20,20,129,64,65,"[0.5, 0.65]","[0.0, 0.0]",eval_50040_high_aligned.mp4,eval_50040_high.npy,49d2c23dcbcc0ab24364ce9390adedd71ca8e548bf47387a531a5311c6d1060d
projectile_gravity_v3_fixedpos_freefall,eval_50040_high_conflict,eval_50040_high,eval_50040,50040,eval,0.04722973742847848,high,0.10135170129447646,red,conflict,0.5,0.65,0.0,0.0,20,20,129,64,65,"[0.5, 0.65]","[0.0, 0.0]",eval_50040_high_conflict.mp4,eval_50040_high.npy,49d2c23dcbcc0ab24364ce9390adedd71ca8e548bf47387a531a5311c6d1060d
projectile_gravity_v3_fixedpos_freefall,eval_50041_low_aligned,eval_50041_low,eval_50041,50041,eval,0.008165696992911243,low,0.2348044087686928,red,aligned,0.5,0.65,0.0,0.0,20,20,129,64,65,"[0.5, 0.65]","[0.0, 0.0]",eval_50041_low_aligned.mp4,eval_50041_low.npy,49d2c23dcbcc0ab24364ce9390adedd71ca8e548bf47387a531a5311c6d1060d
projectile_gravity_v3_fixedpos_freefall,eval_50041_low_conflict,eval_50041_low,eval_50041,50041,eval,0.008165696992911243,low,0.2348044087686928,blue,conflict,0.5,0.65,0.0,0.0,20,20,129,64,65,"[0.5, 0.65]","[0.0, 0.0]",eval_50041_low_conflict.mp4,eval_50041_low.npy,49d2c23dcbcc0ab24364ce9390adedd71ca8e548bf47387a531a5311c6d1060d
projectile_gravity_v3_fixedpos_freefall,eval_50041_high_aligned,eval_50041_high,eval_50041,50041,eval,0.05016569699291124,high,0.2348044087686928,blue,aligned,0.5,0.65,0.0,0.0,20,20,129,64,65,"[0.5, 0.65]","[0.0, 0.0]",eval_50041_high_aligned.mp4,eval_50041_high.npy,49d2c23dcbcc0ab24364ce9390adedd71ca8e548bf47387a531a5311c6d1060d
projectile_gravity_v3_fixedpos_freefall,eval_50041_high_conflict,eval_50041_high,eval_50041,50041,eval,0.05016569699291124,high,0.2348044087686928,red,conflict,0.5,0.65,0.0,0.0,20,20,129,64,65,"[0.5, 0.65]","[0.0, 0.0]",eval_50041_high_conflict.mp4,eval_50041_high.npy,49d2c23dcbcc0ab24364ce9390adedd71ca8e548bf47387a531a5311c6d1060d
projectile_gravity_v3_fixedpos_freefall,eval_50042_low_aligned,eval_50042_low,eval_50042,50042,eval,0.003770047567657883,low,0.03500216216626739,red,aligned,0.5,0.65,0.0,0.0,20,20,129,64,65,"[0.5, 0.65]","[0.0, 0.0]",eval_50042_low_aligned.mp4,eval_50042_low.npy,49d2c23dcbcc0ab24364ce9390adedd71ca8e548bf47387a531a5311c6d1060d
projectile_gravity_v3_fixedpos_freefall,eval_50042_low_conflict,eval_50042_low,eval_50042,50042,eval,0.003770047567657883,low,0.03500216216626739,blue,conflict,0.5,0.65,0.0,0.0,20,20,129,64,65,"[0.5, 0.65]","[0.0, 0.0]",eval_50042_low_conflict.mp4,eval_50042_low.npy,49d2c23dcbcc0ab24364ce9390adedd71ca8e548bf47387a531a5311c6d1060d
projectile_gravity_v3_fixedpos_freefall,eval_50042_high_aligned,eval_50042_high,eval_50042,50042,eval,0.04577004756765788,high,0.03500216216626739,blue,aligned,0.5,0.65,0.0,0.0,20,20,129,64,65,"[0.5, 0.65]","[0.0, 0.0]",eval_50042_high_aligned.mp4,eval_50042_high.npy,49d2c23dcbcc0ab24364ce9390adedd71ca8e548bf47387a531a5311c6d1060d
projectile_gravity_v3_fixedpos_freefall,eval_50042_high_conflict,eval_50042_high,eval_50042,50042,eval,0.04577004756765788,high,0.03500216216626739,red,conflict,0.5,0.65,0.0,0.0,20,20,129,64,65,"[0.5, 0.65]","[0.0, 0.0]",eval_50042_high_conflict.mp4,eval_50042_high.npy,49d2c23dcbcc0ab24364ce9390adedd71ca8e548bf47387a531a5311c6d1060d
projectile_gravity_v3_fixedpos_freefall,eval_50043_low_aligned,eval_50043_low,eval_50043,50043,eval,0.014542040326244732,low,0.5246381966474877,red,aligned,0.5,0.65,0.0,0.0,20,20,129,64,65,"[0.5, 0.65]","[0.0, 0.0]",eval_50043_low_aligned.mp4,eval_50043_low.npy,49d2c23dcbcc0ab24364ce9390adedd71ca8e548bf47387a531a5311c6d1060d
projectile_gravity_v3_fixedpos_freefall,eval_50043_low_conflict,eval_50043_low,eval_50043,50043,eval,0.014542040326244732,low,0.5246381966474877,blue,conflict,0.5,0.65,0.0,0.0,20,20,129,64,65,"[0.5, 0.65]","[0.0, 0.0]",eval_50043_low_conflict.mp4,eval_50043_low.npy,49d2c23dcbcc0ab24364ce9390adedd71ca8e548bf47387a531a5311c6d1060d
projectile_gravity_v3_fixedpos_freefall,eval_50043_high_aligned,eval_50043_high,eval_50043,50043,eval,0.05654204032624473,high,0.5246381966474877,blue,aligned,0.5,0.65,0.0,0.0,20,20,129,64,65,"[0.5, 0.65]","[0.0, 0.0]",eval_50043_high_aligned.mp4,eval_50043_high.npy,49d2c23dcbcc0ab24364ce9390adedd71ca8e548bf47387a531a5311c6d1060d
projectile_gravity_v3_fixedpos_freefall,eval_50043_high_conflict,eval_50043_high,eval_50043,50043,eval,0.05654204032624473,high,0.5246381966474877,red,conflict,0.5,0.65,0.0,0.0,20,20,129,64,65,"[0.5, 0.65]","[0.0, 0.0]",eval_50043_high_conflict.mp4,eval_50043_high.npy,49d2c23dcbcc0ab24364ce9390adedd71ca8e548bf47387a531a5311c6d1060d
projectile_gravity_v3_fixedpos_freefall,eval_50044_low_aligned,eval_50044_low,eval_50044,50044,eval,0.017074621849459255,low,0.6397555386117842,red,aligned,0.5,0.65,0.0,0.0,20,20,129,64,65,"[0.5, 0.65]","[0.0, 0.0]",eval_50044_low_aligned.mp4,eval_50044_low.npy,49d2c23dcbcc0ab24364ce9390adedd71ca8e548bf47387a531a5311c6d1060d
projectile_gravity_v3_fixedpos_freefall,eval_50044_low_conflict,eval_50044_low,eval_50044,50044,eval,0.017074621849459255,low,0.6397555386117842,blue,conflict,0.5,0.65,0.0,0.0,20,20,129,64,65,"[0.5, 0.65]","[0.0, 0.0]",eval_50044_low_conflict.mp4,eval_50044_low.npy,49d2c23dcbcc0ab24364ce9390adedd71ca8e548bf47387a531a5311c6d1060d
projectile_gravity_v3_fixedpos_freefall,eval_50044_high_aligned,eval_50044_high,eval_50044,50044,eval,0.059074621849459254,high,0.6397555386117842,blue,aligned,0.5,0.65,0.0,0.0,20,20,129,64,65,"[0.5, 0.65]","[0.0, 0.0]",eval_50044_high_aligned.mp4,eval_50044_high.npy,49d2c23dcbcc0ab24364ce9390adedd71ca8e548bf47387a531a5311c6d1060d
projectile_gravity_v3_fixedpos_freefall,eval_50044_high_conflict,eval_50044_high,eval_50044,50044,eval,0.059074621849459254,high,0.6397555386117842,red,conflict,0.5,0.65,0.0,0.0,20,20,129,64,65,"[0.5, 0.65]","[0.0, 0.0]",eval_50044_high_conflict.mp4,eval_50044_high.npy,49d2c23dcbcc0ab24364ce9390adedd71ca8e548bf47387a531a5311c6d1060d
projectile_gravity_v3_fixedpos_freefall,eval_50045_low_aligned,eval_50045_low,eval_50045,50045,eval,0.016230869708397367,low,0.6014031685635166,red,aligned,0.5,0.65,0.0,0.0,20,20,129,64,65,"[0.5, 0.65]","[0.0, 0.0]",eval_50045_low_aligned.mp4,eval_50045_low.npy,49d2c23dcbcc0ab24364ce9390adedd71ca8e548bf47387a531a5311c6d1060d
projectile_gravity_v3_fixedpos_freefall,eval_50045_low_conflict,eval_50045_low,eval_50045,50045,eval,0.016230869708397367,low,0.6014031685635166,blue,conflict,0.5,0.65,0.0,0.0,20,20,129,64,65,"[0.5, 0.65]","[0.0, 0.0]",eval_50045_low_conflict.mp4,eval_50045_low.npy,49d2c23dcbcc0ab24364ce9390adedd71ca8e548bf47387a531a5311c6d1060d
projectile_gravity_v3_fixedpos_freefall,eval_50045_high_aligned,eval_50045_high,eval_50045,50045,eval,0.058230869708397366,high,0.6014031685635166,blue,aligned,0.5,0.65,0.0,0.0,20,20,129,64,65,"[0.5, 0.65]","[0.0, 0.0]",eval_50045_high_aligned.mp4,eval_50045_high.npy,49d2c23dcbcc0ab24364ce9390adedd71ca8e548bf47387a531a5311c6d1060d
projectile_gravity_v3_fixedpos_freefall,eval_50045_high_conflict,eval_50045_high,eval_50045,50045,eval,0.058230869708397366,high,0.6014031685635166,red,conflict,0.5,0.65,0.0,0.0,20,20,129,64,65,"[0.5, 0.65]","[0.0, 0.0]",eval_50045_high_conflict.mp4,eval_50045_high.npy,49d2c23dcbcc0ab24364ce9390adedd71ca8e548bf47387a531a5311c6d1060d
projectile_gravity_v3_fixedpos_freefall,eval_50046_low_aligned,eval_50046_low,eval_50046,50046,eval,0.006217279508985502,low,0.14623997768115915,red,aligned,0.5,0.65,0.0,0.0,20,20,129,64,65,"[0.5, 0.65]","[0.0, 0.0]",eval_50046_low_aligned.mp4,eval_50046_low.npy,49d2c23dcbcc0ab24364ce9390adedd71ca8e548bf47387a531a5311c6d1060d
projectile_gravity_v3_fixedpos_freefall,eval_50046_low_conflict,eval_50046_low,eval_50046,50046,eval,0.006217279508985502,low,0.14623997768115915,blue,conflict,0.5,0.65,0.0,0.0,20,20,129,64,65,"[0.5, 0.65]","[0.0, 0.0]",eval_50046_low_conflict.mp4,eval_50046_low.npy,49d2c23dcbcc0ab24364ce9390adedd71ca8e548bf47387a531a5311c6d1060d
projectile_gravity_v3_fixedpos_freefall,eval_50046_high_aligned,eval_50046_high,eval_50046,50046,eval,0.0482172795089855,high,0.14623997768115915,blue,aligned,0.5,0.65,0.0,0.0,20,20,129,64,65,"[0.5, 0.65]","[0.0, 0.0]",eval_50046_high_aligned.mp4,eval_50046_high.npy,49d2c23dcbcc0ab24364ce9390adedd71ca8e548bf47387a531a5311c6d1060d
projectile_gravity_v3_fixedpos_freefall,eval_50046_high_conflict,eval_50046_high,eval_50046,50046,eval,0.0482172795089855,high,0.14623997768115915,red,conflict,0.5,0.65,0.0,0.0,20,20,129,64,65,"[0.5, 0.65]","[0.0, 0.0]",eval_50046_high_conflict.mp4,eval_50046_high.npy,49d2c23dcbcc0ab24364ce9390adedd71ca8e548bf47387a531a5311c6d1060d
projectile_gravity_v3_fixedpos_freefall,eval_50047_low_aligned,eval_50047_low,eval_50047,50047,eval,0.01691397692932508,low,0.6324534967875035,red,aligned,0.5,0.65,0.0,0.0,20,20,129,64,65,"[0.5, 0.65]","[0.0, 0.0]",eval_50047_low_aligned.mp4,eval_50047_low.npy,49d2c23dcbcc0ab24364ce9390adedd71ca8e548bf47387a531a5311c6d1060d
projectile_gravity_v3_fixedpos_freefall,eval_50047_low_conflict,eval_50047_low,eval_50047,50047,eval,0.01691397692932508,low,0.6324534967875035,blue,conflict,0.5,0.65,0.0,0.0,20,20,129,64,65,"[0.5, 0.65]","[0.0, 0.0]",eval_50047_low_conflict.mp4,eval_50047_low.npy,49d2c23dcbcc0ab24364ce9390adedd71ca8e548bf47387a531a5311c6d1060d
projectile_gravity_v3_fixedpos_freefall,eval_50047_high_aligned,eval_50047_high,eval_50047,50047,eval,0.05891397692932508,high,0.6324534967875035,blue,aligned,0.5,0.65,0.0,0.0,20,20,129,64,65,"[0.5, 0.65]","[0.0, 0.0]",eval_50047_high_aligned.mp4,eval_50047_high.npy,49d2c23dcbcc0ab24364ce9390adedd71ca8e548bf47387a531a5311c6d1060d
projectile_gravity_v3_fixedpos_freefall,eval_50047_high_conflict,eval_50047_high,eval_50047,50047,eval,0.05891397692932508,high,0.6324534967875035,red,conflict,0.5,0.65,0.0,0.0,20,20,129,64,65,"[0.5, 0.65]","[0.0, 0.0]",eval_50047_high_conflict.mp4,eval_50047_high.npy,49d2c23dcbcc0ab24364ce9390adedd71ca8e548bf47387a531a5311c6d1060d
projectile_gravity_v3_fixedpos_freefall,eval_50048_low_aligned,eval_50048_low,eval_50048,50048,eval,0.013177005975904005,low,0.4625911807229093,red,aligned,0.5,0.65,0.0,0.0,20,20,129,64,65,"[0.5, 0.65]","[0.0, 0.0]",eval_50048_low_aligned.mp4,eval_50048_low.npy,49d2c23dcbcc0ab24364ce9390adedd71ca8e548bf47387a531a5311c6d1060d
projectile_gravity_v3_fixedpos_freefall,eval_50048_low_conflict,eval_50048_low,eval_50048,50048,eval,0.013177005975904005,low,0.4625911807229093,blue,conflict,0.5,0.65,0.0,0.0,20,20,129,64,65,"[0.5, 0.65]","[0.0, 0.0]",eval_50048_low_conflict.mp4,eval_50048_low.npy,49d2c23dcbcc0ab24364ce9390adedd71ca8e548bf47387a531a5311c6d1060d
projectile_gravity_v3_fixedpos_freefall,eval_50048_high_aligned,eval_50048_high,eval_50048,50048,eval,0.055177005975904005,high,0.4625911807229093,blue,aligned,0.5,0.65,0.0,0.0,20,20,129,64,65,"[0.5, 0.65]","[0.0, 0.0]",eval_50048_high_aligned.mp4,eval_50048_high.npy,49d2c23dcbcc0ab24364ce9390adedd71ca8e548bf47387a531a5311c6d1060d
projectile_gravity_v3_fixedpos_freefall,eval_50048_high_conflict,eval_50048_high,eval_50048,50048,eval,0.055177005975904005,high,0.4625911807229093,red,conflict,0.5,0.65,0.0,0.0,20,20,129,64,65,"[0.5, 0.65]","[0.0, 0.0]",eval_50048_high_conflict.mp4,eval_50048_high.npy,49d2c23dcbcc0ab24364ce9390adedd71ca8e548bf47387a531a5311c6d1060d
projectile_gravity_v3_fixedpos_freefall,eval_50049_low_aligned,eval_50049_low,eval_50049,50049,eval,0.010031481448759646,low,0.31961279312543844,red,aligned,0.5,0.65,0.0,0.0,20,20,129,64,65,"[0.5, 0.65]","[0.0, 0.0]",eval_50049_low_aligned.mp4,eval_50049_low.npy,49d2c23dcbcc0ab24364ce9390adedd71ca8e548bf47387a531a5311c6d1060d
projectile_gravity_v3_fixedpos_freefall,eval_50049_low_conflict,eval_50049_low,eval_50049,50049,eval,0.010031481448759646,low,0.31961279312543844,blue,conflict,0.5,0.65,0.0,0.0,20,20,129,64,65,"[0.5, 0.65]","[0.0, 0.0]",eval_50049_low_conflict.mp4,eval_50049_low.npy,49d2c23dcbcc0ab24364ce9390adedd71ca8e548bf47387a531a5311c6d1060d
projectile_gravity_v3_fixedpos_freefall,eval_50049_high_aligned,eval_50049_high,eval_50049,50049,eval,0.052031481448759645,high,0.31961279312543844,blue,aligned,0.5,0.65,0.0,0.0,20,20,129,64,65,"[0.5, 0.65]","[0.0, 0.0]",eval_50049_high_aligned.mp4,eval_50049_high.npy,49d2c23dcbcc0ab24364ce9390adedd71ca8e548bf47387a531a5311c6d1060d
projectile_gravity_v3_fixedpos_freefall,eval_50049_high_conflict,eval_50049_high,eval_50049,50049,eval,0.052031481448759645,high,0.31961279312543844,red,conflict,0.5,0.65,0.0,0.0,20,20,129,64,65,"[0.5, 0.65]","[0.0, 0.0]",eval_50049_high_conflict.mp4,eval_50049_high.npy,49d2c23dcbcc0ab24364ce9390adedd71ca8e548bf47387a531a5311c6d1060d
projectile_gravity_v3_fixedpos_freefall,eval_50050_low_aligned,eval_50050_low,eval_50050,50050,eval,0.01613570845305002,low,0.597077656956819,red,aligned,0.5,0.65,0.0,0.0,20,20,129,64,65,"[0.5, 0.65]","[0.0, 0.0]",eval_50050_low_aligned.mp4,eval_50050_low.npy,49d2c23dcbcc0ab24364ce9390adedd71ca8e548bf47387a531a5311c6d1060d
projectile_gravity_v3_fixedpos_freefall,eval_50050_low_conflict,eval_50050_low,eval_50050,50050,eval,0.01613570845305002,low,0.597077656956819,blue,conflict,0.5,0.65,0.0,0.0,20,20,129,64,65,"[0.5, 0.65]","[0.0, 0.0]",eval_50050_low_conflict.mp4,eval_50050_low.npy,49d2c23dcbcc0ab24364ce9390adedd71ca8e548bf47387a531a5311c6d1060d
projectile_gravity_v3_fixedpos_freefall,eval_50050_high_aligned,eval_50050_high,eval_50050,50050,eval,0.05813570845305002,high,0.597077656956819,blue,aligned,0.5,0.65,0.0,0.0,20,20,129,64,65,"[0.5, 0.65]","[0.0, 0.0]",eval_50050_high_aligned.mp4,eval_50050_high.npy,49d2c23dcbcc0ab24364ce9390adedd71ca8e548bf47387a531a5311c6d1060d
projectile_gravity_v3_fixedpos_freefall,eval_50050_high_conflict,eval_50050_high,eval_50050,50050,eval,0.05813570845305002,high,0.597077656956819,red,conflict,0.5,0.65,0.0,0.0,20,20,129,64,65,"[0.5, 0.65]","[0.0, 0.0]",eval_50050_high_conflict.mp4,eval_50050_high.npy,49d2c23dcbcc0ab24364ce9390adedd71ca8e548bf47387a531a5311c6d1060d
projectile_gravity_v3_fixedpos_freefall,eval_50051_low_aligned,eval_50051_low,eval_50051,50051,eval,0.012301009529250995,low,0.4227731604204997,red,aligned,0.5,0.65,0.0,0.0,20,20,129,64,65,"[0.5, 0.65]","[0.0, 0.0]",eval_50051_low_aligned.mp4,eval_50051_low.npy,49d2c23dcbcc0ab24364ce9390adedd71ca8e548bf47387a531a5311c6d1060d
projectile_gravity_v3_fixedpos_freefall,eval_50051_low_conflict,eval_50051_low,eval_50051,50051,eval,0.012301009529250995,low,0.4227731604204997,blue,conflict,0.5,0.65,0.0,0.0,20,20,129,64,65,"[0.5, 0.65]","[0.0, 0.0]",eval_50051_low_conflict.mp4,eval_50051_low.npy,49d2c23dcbcc0ab24364ce9390adedd71ca8e548bf47387a531a5311c6d1060d
projectile_gravity_v3_fixedpos_freefall,eval_50051_high_aligned,eval_50051_high,eval_50051,50051,eval,0.054301009529250995,high,0.4227731604204997,blue,aligned,0.5,0.65,0.0,0.0,20,20,129,64,65,"[0.5, 0.65]","[0.0, 0.0]",eval_50051_high_aligned.mp4,eval_50051_high.npy,49d2c23dcbcc0ab24364ce9390adedd71ca8e548bf47387a531a5311c6d1060d
projectile_gravity_v3_fixedpos_freefall,eval_50051_high_conflict,eval_50051_high,eval_50051,50051,eval,0.054301009529250995,high,0.4227731604204997,red,conflict,0.5,0.65,0.0,0.0,20,20,129,64,65,"[0.5, 0.65]","[0.0, 0.0]",eval_50051_high_conflict.mp4,eval_50051_high.npy,49d2c23dcbcc0ab24364ce9390adedd71ca8e548bf47387a531a5311c6d1060d
projectile_gravity_v3_fixedpos_freefall,eval_50052_low_aligned,eval_50052_low,eval_50052,50052,eval,0.012002028029731378,low,0.4091830922605172,red,aligned,0.5,0.65,0.0,0.0,20,20,129,64,65,"[0.5, 0.65]","[0.0, 0.0]",eval_50052_low_aligned.mp4,eval_50052_low.npy,49d2c23dcbcc0ab24364ce9390adedd71ca8e548bf47387a531a5311c6d1060d
projectile_gravity_v3_fixedpos_freefall,eval_50052_low_conflict,eval_50052_low,eval_50052,50052,eval,0.012002028029731378,low,0.4091830922605172,blue,conflict,0.5,0.65,0.0,0.0,20,20,129,64,65,"[0.5, 0.65]","[0.0, 0.0]",eval_50052_low_conflict.mp4,eval_50052_low.npy,49d2c23dcbcc0ab24364ce9390adedd71ca8e548bf47387a531a5311c6d1060d
projectile_gravity_v3_fixedpos_freefall,eval_50052_high_aligned,eval_50052_high,eval_50052,50052,eval,0.05400202802973138,high,0.4091830922605172,blue,aligned,0.5,0.65,0.0,0.0,20,20,129,64,65,"[0.5, 0.65]","[0.0, 0.0]",eval_50052_high_aligned.mp4,eval_50052_high.npy,49d2c23dcbcc0ab24364ce9390adedd71ca8e548bf47387a531a5311c6d1060d
projectile_gravity_v3_fixedpos_freefall,eval_50052_high_conflict,eval_50052_high,eval_50052,50052,eval,0.05400202802973138,high,0.4091830922605172,red,conflict,0.5,0.65,0.0,0.0,20,20,129,64,65,"[0.5, 0.65]","[0.0, 0.0]",eval_50052_high_conflict.mp4,eval_50052_high.npy,49d2c23dcbcc0ab24364ce9390adedd71ca8e548bf47387a531a5311c6d1060d
projectile_gravity_v3_fixedpos_freefall,eval_50053_low_aligned,eval_50053_low,eval_50053,50053,eval,0.018471270957218754,low,0.7032395889644888,red,aligned,0.5,0.65,0.0,0.0,20,20,129,64,65,"[0.5, 0.65]","[0.0, 0.0]",eval_50053_low_aligned.mp4,eval_50053_low.npy,49d2c23dcbcc0ab24364ce9390adedd71ca8e548bf47387a531a5311c6d1060d
projectile_gravity_v3_fixedpos_freefall,eval_50053_low_conflict,eval_50053_low,eval_50053,50053,eval,0.018471270957218754,low,0.7032395889644888,blue,conflict,0.5,0.65,0.0,0.0,20,20,129,64,65,"[0.5, 0.65]","[0.0, 0.0]",eval_50053_low_conflict.mp4,eval_50053_low.npy,49d2c23dcbcc0ab24364ce9390adedd71ca8e548bf47387a531a5311c6d1060d
projectile_gravity_v3_fixedpos_freefall,eval_50053_high_aligned,eval_50053_high,eval_50053,50053,eval,0.060471270957218756,high,0.7032395889644888,blue,aligned,0.5,0.65,0.0,0.0,20,20,129,64,65,"[0.5, 0.65]","[0.0, 0.0]",eval_50053_high_aligned.mp4,eval_50053_high.npy,49d2c23dcbcc0ab24364ce9390adedd71ca8e548bf47387a531a5311c6d1060d
projectile_gravity_v3_fixedpos_freefall,eval_50053_high_conflict,eval_50053_high,eval_50053,50053,eval,0.060471270957218756,high,0.7032395889644888,red,conflict,0.5,0.65,0.0,0.0,20,20,129,64,65,"[0.5, 0.65]","[0.0, 0.0]",eval_50053_high_conflict.mp4,eval_50053_high.npy,49d2c23dcbcc0ab24364ce9390adedd71ca8e548bf47387a531a5311c6d1060d
projectile_gravity_v3_fixedpos_freefall,eval_50054_low_aligned,eval_50054_low,eval_50054,50054,eval,0.016448698423614645,low,0.6113044738006657,red,aligned,0.5,0.65,0.0,0.0,20,20,129,64,65,"[0.5, 0.65]","[0.0, 0.0]",eval_50054_low_aligned.mp4,eval_50054_low.npy,49d2c23dcbcc0ab24364ce9390adedd71ca8e548bf47387a531a5311c6d1060d
projectile_gravity_v3_fixedpos_freefall,eval_50054_low_conflict,eval_50054_low,eval_50054,50054,eval,0.016448698423614645,low,0.6113044738006657,blue,conflict,0.5,0.65,0.0,0.0,20,20,129,64,65,"[0.5, 0.65]","[0.0, 0.0]",eval_50054_low_conflict.mp4,eval_50054_low.npy,49d2c23dcbcc0ab24364ce9390adedd71ca8e548bf47387a531a5311c6d1060d
projectile_gravity_v3_fixedpos_freefall,eval_50054_high_aligned,eval_50054_high,eval_50054,50054,eval,0.05844869842361465,high,0.6113044738006657,blue,aligned,0.5,0.65,0.0,0.0,20,20,129,64,65,"[0.5, 0.65]","[0.0, 0.0]",eval_50054_high_aligned.mp4,eval_50054_high.npy,49d2c23dcbcc0ab24364ce9390adedd71ca8e548bf47387a531a5311c6d1060d
projectile_gravity_v3_fixedpos_freefall,eval_50054_high_conflict,eval_50054_high,eval_50054,50054,eval,0.05844869842361465,high,0.6113044738006657,red,conflict,0.5,0.65,0.0,0.0,20,20,129,64,65,"[0.5, 0.65]","[0.0, 0.0]",eval_50054_high_conflict.mp4,eval_50054_high.npy,49d2c23dcbcc0ab24364ce9390adedd71ca8e548bf47387a531a5311c6d1060d
projectile_gravity_v3_fixedpos_freefall,eval_50055_low_aligned,eval_50055_low,eval_50055,50055,eval,0.02439095284066318,low,0.9723160382119627,red,aligned,0.5,0.65,0.0,0.0,20,20,129,64,65,"[0.5, 0.65]","[0.0, 0.0]",eval_50055_low_aligned.mp4,eval_50055_low.npy,49d2c23dcbcc0ab24364ce9390adedd71ca8e548bf47387a531a5311c6d1060d
projectile_gravity_v3_fixedpos_freefall,eval_50055_low_conflict,eval_50055_low,eval_50055,50055,eval,0.02439095284066318,low,0.9723160382119627,blue,conflict,0.5,0.65,0.0,0.0,20,20,129,64,65,"[0.5, 0.65]","[0.0, 0.0]",eval_50055_low_conflict.mp4,eval_50055_low.npy,49d2c23dcbcc0ab24364ce9390adedd71ca8e548bf47387a531a5311c6d1060d
projectile_gravity_v3_fixedpos_freefall,eval_50055_high_aligned,eval_50055_high,eval_50055,50055,eval,0.06639095284066318,high,0.9723160382119627,blue,aligned,0.5,0.65,0.0,0.0,20,20,129,64,65,"[0.5, 0.65]","[0.0, 0.0]",eval_50055_high_aligned.mp4,eval_50055_high.npy,49d2c23dcbcc0ab24364ce9390adedd71ca8e548bf47387a531a5311c6d1060d
projectile_gravity_v3_fixedpos_freefall,eval_50055_high_conflict,eval_50055_high,eval_50055,50055,eval,0.06639095284066318,high,0.9723160382119627,red,conflict,0.5,0.65,0.0,0.0,20,20,129,64,65,"[0.5, 0.65]","[0.0, 0.0]",eval_50055_high_conflict.mp4,eval_50055_high.npy,49d2c23dcbcc0ab24364ce9390adedd71ca8e548bf47387a531a5311c6d1060d
projectile_gravity_v3_fixedpos_freefall,eval_50056_low_aligned,eval_50056_low,eval_50056,50056,eval,0.009218154062482435,low,0.28264336647647426,red,aligned,0.5,0.65,0.0,0.0,20,20,129,64,65,"[0.5, 0.65]","[0.0, 0.0]",eval_50056_low_aligned.mp4,eval_50056_low.npy,49d2c23dcbcc0ab24364ce9390adedd71ca8e548bf47387a531a5311c6d1060d
projectile_gravity_v3_fixedpos_freefall,eval_50056_low_conflict,eval_50056_low,eval_50056,50056,eval,0.009218154062482435,low,0.28264336647647426,blue,conflict,0.5,0.65,0.0,0.0,20,20,129,64,65,"[0.5, 0.65]","[0.0, 0.0]",eval_50056_low_conflict.mp4,eval_50056_low.npy,49d2c23dcbcc0ab24364ce9390adedd71ca8e548bf47387a531a5311c6d1060d
projectile_gravity_v3_fixedpos_freefall,eval_50056_high_aligned,eval_50056_high,eval_50056,50056,eval,0.05121815406248243,high,0.28264336647647426,blue,aligned,0.5,0.65,0.0,0.0,20,20,129,64,65,"[0.5, 0.65]","[0.0, 0.0]",eval_50056_high_aligned.mp4,eval_50056_high.npy,49d2c23dcbcc0ab24364ce9390adedd71ca8e548bf47387a531a5311c6d1060d
projectile_gravity_v3_fixedpos_freefall,eval_50056_high_conflict,eval_50056_high,eval_50056,50056,eval,0.05121815406248243,high,0.28264336647647426,red,conflict,0.5,0.65,0.0,0.0,20,20,129,64,65,"[0.5, 0.65]","[0.0, 0.0]",eval_50056_high_conflict.mp4,eval_50056_high.npy,49d2c23dcbcc0ab24364ce9390adedd71ca8e548bf47387a531a5311c6d1060d
projectile_gravity_v3_fixedpos_freefall,eval_50057_low_aligned,eval_50057_low,eval_50057,50057,eval,0.014935684726966734,low,0.5425311239530333,red,aligned,0.5,0.65,0.0,0.0,20,20,129,64,65,"[0.5, 0.65]","[0.0, 0.0]",eval_50057_low_aligned.mp4,eval_50057_low.npy,49d2c23dcbcc0ab24364ce9390adedd71ca8e548bf47387a531a5311c6d1060d
projectile_gravity_v3_fixedpos_freefall,eval_50057_low_conflict,eval_50057_low,eval_50057,50057,eval,0.014935684726966734,low,0.5425311239530333,blue,conflict,0.5,0.65,0.0,0.0,20,20,129,64,65,"[0.5, 0.65]","[0.0, 0.0]",eval_50057_low_conflict.mp4,eval_50057_low.npy,49d2c23dcbcc0ab24364ce9390adedd71ca8e548bf47387a531a5311c6d1060d
projectile_gravity_v3_fixedpos_freefall,eval_50057_high_aligned,eval_50057_high,eval_50057,50057,eval,0.05693568472696674,high,0.5425311239530333,blue,aligned,0.5,0.65,0.0,0.0,20,20,129,64,65,"[0.5, 0.65]","[0.0, 0.0]",eval_50057_high_aligned.mp4,eval_50057_high.npy,49d2c23dcbcc0ab24364ce9390adedd71ca8e548bf47387a531a5311c6d1060d
projectile_gravity_v3_fixedpos_freefall,eval_50057_high_conflict,eval_50057_high,eval_50057,50057,eval,0.05693568472696674,high,0.5425311239530333,red,conflict,0.5,0.65,0.0,0.0,20,20,129,64,65,"[0.5, 0.65]","[0.0, 0.0]",eval_50057_high_conflict.mp4,eval_50057_high.npy,49d2c23dcbcc0ab24364ce9390adedd71ca8e548bf47387a531a5311c6d1060d
projectile_gravity_v3_fixedpos_freefall,eval_50058_low_aligned,eval_50058_low,eval_50058,50058,eval,0.012814919351928716,low,0.4461326978149416,red,aligned,0.5,0.65,0.0,0.0,20,20,129,64,65,"[0.5, 0.65]","[0.0, 0.0]",eval_50058_low_aligned.mp4,eval_50058_low.npy,49d2c23dcbcc0ab24364ce9390adedd71ca8e548bf47387a531a5311c6d1060d
projectile_gravity_v3_fixedpos_freefall,eval_50058_low_conflict,eval_50058_low,eval_50058,50058,eval,0.012814919351928716,low,0.4461326978149416,blue,conflict,0.5,0.65,0.0,0.0,20,20,129,64,65,"[0.5, 0.65]","[0.0, 0.0]",eval_50058_low_conflict.mp4,eval_50058_low.npy,49d2c23dcbcc0ab24364ce9390adedd71ca8e548bf47387a531a5311c6d1060d
projectile_gravity_v3_fixedpos_freefall,eval_50058_high_aligned,eval_50058_high,eval_50058,50058,eval,0.05481491935192871,high,0.4461326978149416,blue,aligned,0.5,0.65,0.0,0.0,20,20,129,64,65,"[0.5, 0.65]","[0.0, 0.0]",eval_50058_high_aligned.mp4,eval_50058_high.npy,49d2c23dcbcc0ab24364ce9390adedd71ca8e548bf47387a531a5311c6d1060d
projectile_gravity_v3_fixedpos_freefall,eval_50058_high_conflict,eval_50058_high,eval_50058,50058,eval,0.05481491935192871,high,0.4461326978149416,red,conflict,0.5,0.65,0.0,0.0,20,20,129,64,65,"[0.5, 0.65]","[0.0, 0.0]",eval_50058_high_conflict.mp4,eval_50058_high.npy,49d2c23dcbcc0ab24364ce9390adedd71ca8e548bf47387a531a5311c6d1060d
projectile_gravity_v3_fixedpos_freefall,eval_50059_low_aligned,eval_50059_low,eval_50059,50059,eval,0.018624604746903747,low,0.710209306677443,red,aligned,0.5,0.65,0.0,0.0,20,20,129,64,65,"[0.5, 0.65]","[0.0, 0.0]",eval_50059_low_aligned.mp4,eval_50059_low.npy,49d2c23dcbcc0ab24364ce9390adedd71ca8e548bf47387a531a5311c6d1060d
projectile_gravity_v3_fixedpos_freefall,eval_50059_low_conflict,eval_50059_low,eval_50059,50059,eval,0.018624604746903747,low,0.710209306677443,blue,conflict,0.5,0.65,0.0,0.0,20,20,129,64,65,"[0.5, 0.65]","[0.0, 0.0]",eval_50059_low_conflict.mp4,eval_50059_low.npy,49d2c23dcbcc0ab24364ce9390adedd71ca8e548bf47387a531a5311c6d1060d
projectile_gravity_v3_fixedpos_freefall,eval_50059_high_aligned,eval_50059_high,eval_50059,50059,eval,0.060624604746903746,high,0.710209306677443,blue,aligned,0.5,0.65,0.0,0.0,20,20,129,64,65,"[0.5, 0.65]","[0.0, 0.0]",eval_50059_high_aligned.mp4,eval_50059_high.npy,49d2c23dcbcc0ab24364ce9390adedd71ca8e548bf47387a531a5311c6d1060d
projectile_gravity_v3_fixedpos_freefall,eval_50059_high_conflict,eval_50059_high,eval_50059,50059,eval,0.060624604746903746,high,0.710209306677443,red,conflict,0.5,0.65,0.0,0.0,20,20,129,64,65,"[0.5, 0.65]","[0.0, 0.0]",eval_50059_high_conflict.mp4,eval_50059_high.npy,49d2c23dcbcc0ab24364ce9390adedd71ca8e548bf47387a531a5311c6d1060d
projectile_gravity_v3_fixedpos_freefall,eval_50060_low_aligned,eval_50060_low,eval_50060,50060,eval,0.005894401651397412,low,0.13156371142715506,red,aligned,0.5,0.65,0.0,0.0,20,20,129,64,65,"[0.5, 0.65]","[0.0, 0.0]",eval_50060_low_aligned.mp4,eval_50060_low.npy,49d2c23dcbcc0ab24364ce9390adedd71ca8e548bf47387a531a5311c6d1060d
projectile_gravity_v3_fixedpos_freefall,eval_50060_low_conflict,eval_50060_low,eval_50060,50060,eval,0.005894401651397412,low,0.13156371142715506,blue,conflict,0.5,0.65,0.0,0.0,20,20,129,64,65,"[0.5, 0.65]","[0.0, 0.0]",eval_50060_low_conflict.mp4,eval_50060_low.npy,49d2c23dcbcc0ab24364ce9390adedd71ca8e548bf47387a531a5311c6d1060d
projectile_gravity_v3_fixedpos_freefall,eval_50060_high_aligned,eval_50060_high,eval_50060,50060,eval,0.04789440165139741,high,0.13156371142715506,blue,aligned,0.5,0.65,0.0,0.0,20,20,129,64,65,"[0.5, 0.65]","[0.0, 0.0]",eval_50060_high_aligned.mp4,eval_50060_high.npy,49d2c23dcbcc0ab24364ce9390adedd71ca8e548bf47387a531a5311c6d1060d
projectile_gravity_v3_fixedpos_freefall,eval_50060_high_conflict,eval_50060_high,eval_50060,50060,eval,0.04789440165139741,high,0.13156371142715506,red,conflict,0.5,0.65,0.0,0.0,20,20,129,64,65,"[0.5, 0.65]","[0.0, 0.0]",eval_50060_high_conflict.mp4,eval_50060_high.npy,49d2c23dcbcc0ab24364ce9390adedd71ca8e548bf47387a531a5311c6d1060d
projectile_gravity_v3_fixedpos_freefall,eval_50061_low_aligned,eval_50061_low,eval_50061,50061,eval,0.012777151515777196,low,0.44441597798987253,red,aligned,0.5,0.65,0.0,0.0,20,20,129,64,65,"[0.5, 0.65]","[0.0, 0.0]",eval_50061_low_aligned.mp4,eval_50061_low.npy,49d2c23dcbcc0ab24364ce9390adedd71ca8e548bf47387a531a5311c6d1060d
projectile_gravity_v3_fixedpos_freefall,eval_50061_low_conflict,eval_50061_low,eval_50061,50061,eval,0.012777151515777196,low,0.44441597798987253,blue,conflict,0.5,0.65,0.0,0.0,20,20,129,64,65,"[0.5, 0.65]","[0.0, 0.0]",eval_50061_low_conflict.mp4,eval_50061_low.npy,49d2c23dcbcc0ab24364ce9390adedd71ca8e548bf47387a531a5311c6d1060d
projectile_gravity_v3_fixedpos_freefall,eval_50061_high_aligned,eval_50061_high,eval_50061,50061,eval,0.054777151515777195,high,0.44441597798987253,blue,aligned,0.5,0.65,0.0,0.0,20,20,129,64,65,"[0.5, 0.65]","[0.0, 0.0]",eval_50061_high_aligned.mp4,eval_50061_high.npy,49d2c23dcbcc0ab24364ce9390adedd71ca8e548bf47387a531a5311c6d1060d
projectile_gravity_v3_fixedpos_freefall,eval_50061_high_conflict,eval_50061_high,eval_50061,50061,eval,0.054777151515777195,high,0.44441597798987253,red,conflict,0.5,0.65,0.0,0.0,20,20,129,64,65,"[0.5, 0.65]","[0.0, 0.0]",eval_50061_high_conflict.mp4,eval_50061_high.npy,49d2c23dcbcc0ab24364ce9390adedd71ca8e548bf47387a531a5311c6d1060d
projectile_gravity_v3_fixedpos_freefall,eval_50062_low_aligned,eval_50062_low,eval_50062,50062,eval,0.015377360985167936,low,0.5626073175076335,red,aligned,0.5,0.65,0.0,0.0,20,20,129,64,65,"[0.5, 0.65]","[0.0, 0.0]",eval_50062_low_aligned.mp4,eval_50062_low.npy,49d2c23dcbcc0ab24364ce9390adedd71ca8e548bf47387a531a5311c6d1060d
projectile_gravity_v3_fixedpos_freefall,eval_50062_low_conflict,eval_50062_low,eval_50062,50062,eval,0.015377360985167936,low,0.5626073175076335,blue,conflict,0.5,0.65,0.0,0.0,20,20,129,64,65,"[0.5, 0.65]","[0.0, 0.0]",eval_50062_low_conflict.mp4,eval_50062_low.npy,49d2c23dcbcc0ab24364ce9390adedd71ca8e548bf47387a531a5311c6d1060d
projectile_gravity_v3_fixedpos_freefall,eval_50062_high_aligned,eval_50062_high,eval_50062,50062,eval,0.057377360985167936,high,0.5626073175076335,blue,aligned,0.5,0.65,0.0,0.0,20,20,129,64,65,"[0.5, 0.65]","[0.0, 0.0]",eval_50062_high_aligned.mp4,eval_50062_high.npy,49d2c23dcbcc0ab24364ce9390adedd71ca8e548bf47387a531a5311c6d1060d
projectile_gravity_v3_fixedpos_freefall,eval_50062_high_conflict,eval_50062_high,eval_50062,50062,eval,0.057377360985167936,high,0.5626073175076335,red,conflict,0.5,0.65,0.0,0.0,20,20,129,64,65,"[0.5, 0.65]","[0.0, 0.0]",eval_50062_high_conflict.mp4,eval_50062_high.npy,49d2c23dcbcc0ab24364ce9390adedd71ca8e548bf47387a531a5311c6d1060d
projectile_gravity_v3_fixedpos_freefall,eval_50063_low_aligned,eval_50063_low,eval_50063,50063,eval,0.015299037786598926,low,0.5590471721181329,red,aligned,0.5,0.65,0.0,0.0,20,20,129,64,65,"[0.5, 0.65]","[0.0, 0.0]",eval_50063_low_aligned.mp4,eval_50063_low.npy,49d2c23dcbcc0ab24364ce9390adedd71ca8e548bf47387a531a5311c6d1060d
projectile_gravity_v3_fixedpos_freefall,eval_50063_low_conflict,eval_50063_low,eval_50063,50063,eval,0.015299037786598926,low,0.5590471721181329,blue,conflict,0.5,0.65,0.0,0.0,20,20,129,64,65,"[0.5, 0.65]","[0.0, 0.0]",eval_50063_low_conflict.mp4,eval_50063_low.npy,49d2c23dcbcc0ab24364ce9390adedd71ca8e548bf47387a531a5311c6d1060d
projectile_gravity_v3_fixedpos_freefall,eval_50063_high_aligned,eval_50063_high,eval_50063,50063,eval,0.05729903778659892,high,0.5590471721181329,blue,aligned,0.5,0.65,0.0,0.0,20,20,129,64,65,"[0.5, 0.65]","[0.0, 0.0]",eval_50063_high_aligned.mp4,eval_50063_high.npy,49d2c23dcbcc0ab24364ce9390adedd71ca8e548bf47387a531a5311c6d1060d
projectile_gravity_v3_fixedpos_freefall,eval_50063_high_conflict,eval_50063_high,eval_50063,50063,eval,0.05729903778659892,high,0.5590471721181329,red,conflict,0.5,0.65,0.0,0.0,20,20,129,64,65,"[0.5, 0.65]","[0.0, 0.0]",eval_50063_high_conflict.mp4,eval_50063_high.npy,49d2c23dcbcc0ab24364ce9390adedd71ca8e548bf47387a531a5311c6d1060d
projectile_gravity_v3_fixedpos_freefall,eval_50064_low_aligned,eval_50064_low,eval_50064,50064,eval,0.008894758105679055,low,0.2679435502581389,red,aligned,0.5,0.65,0.0,0.0,20,20,129,64,65,"[0.5, 0.65]","[0.0, 0.0]",eval_50064_low_aligned.mp4,eval_50064_low.npy,49d2c23dcbcc0ab24364ce9390adedd71ca8e548bf47387a531a5311c6d1060d
projectile_gravity_v3_fixedpos_freefall,eval_50064_low_conflict,eval_50064_low,eval_50064,50064,eval,0.008894758105679055,low,0.2679435502581389,blue,conflict,0.5,0.65,0.0,0.0,20,20,129,64,65,"[0.5, 0.65]","[0.0, 0.0]",eval_50064_low_conflict.mp4,eval_50064_low.npy,49d2c23dcbcc0ab24364ce9390adedd71ca8e548bf47387a531a5311c6d1060d
projectile_gravity_v3_fixedpos_freefall,eval_50064_high_aligned,eval_50064_high,eval_50064,50064,eval,0.050894758105679054,high,0.2679435502581389,blue,aligned,0.5,0.65,0.0,0.0,20,20,129,64,65,"[0.5, 0.65]","[0.0, 0.0]",eval_50064_high_aligned.mp4,eval_50064_high.npy,49d2c23dcbcc0ab24364ce9390adedd71ca8e548bf47387a531a5311c6d1060d
projectile_gravity_v3_fixedpos_freefall,eval_50064_high_conflict,eval_50064_high,eval_50064,50064,eval,0.050894758105679054,high,0.2679435502581389,red,conflict,0.5,0.65,0.0,0.0,20,20,129,64,65,"[0.5, 0.65]","[0.0, 0.0]",eval_50064_high_conflict.mp4,eval_50064_high.npy,49d2c23dcbcc0ab24364ce9390adedd71ca8e548bf47387a531a5311c6d1060d
projectile_gravity_v3_fixedpos_freefall,eval_50065_low_aligned,eval_50065_low,eval_50065,50065,eval,0.01636905420938832,low,0.6076842822449235,red,aligned,0.5,0.65,0.0,0.0,20,20,129,64,65,"[0.5, 0.65]","[0.0, 0.0]",eval_50065_low_aligned.mp4,eval_50065_low.npy,49d2c23dcbcc0ab24364ce9390adedd71ca8e548bf47387a531a5311c6d1060d
projectile_gravity_v3_fixedpos_freefall,eval_50065_low_conflict,eval_50065_low,eval_50065,50065,eval,0.01636905420938832,low,0.6076842822449235,blue,conflict,0.5,0.65,0.0,0.0,20,20,129,64,65,"[0.5, 0.65]","[0.0, 0.0]",eval_50065_low_conflict.mp4,eval_50065_low.npy,49d2c23dcbcc0ab24364ce9390adedd71ca8e548bf47387a531a5311c6d1060d
projectile_gravity_v3_fixedpos_freefall,eval_50065_high_aligned,eval_50065_high,eval_50065,50065,eval,0.058369054209388316,high,0.6076842822449235,blue,aligned,0.5,0.65,0.0,0.0,20,20,129,64,65,"[0.5, 0.65]","[0.0, 0.0]",eval_50065_high_aligned.mp4,eval_50065_high.npy,49d2c23dcbcc0ab24364ce9390adedd71ca8e548bf47387a531a5311c6d1060d
projectile_gravity_v3_fixedpos_freefall,eval_50065_high_conflict,eval_50065_high,eval_50065,50065,eval,0.058369054209388316,high,0.6076842822449235,red,conflict,0.5,0.65,0.0,0.0,20,20,129,64,65,"[0.5, 0.65]","[0.0, 0.0]",eval_50065_high_conflict.mp4,eval_50065_high.npy,49d2c23dcbcc0ab24364ce9390adedd71ca8e548bf47387a531a5311c6d1060d
projectile_gravity_v3_fixedpos_freefall,eval_50066_low_aligned,eval_50066_low,eval_50066,50066,eval,0.013595586305149145,low,0.4816175593249611,red,aligned,0.5,0.65,0.0,0.0,20,20,129,64,65,"[0.5, 0.65]","[0.0, 0.0]",eval_50066_low_aligned.mp4,eval_50066_low.npy,49d2c23dcbcc0ab24364ce9390adedd71ca8e548bf47387a531a5311c6d1060d
projectile_gravity_v3_fixedpos_freefall,eval_50066_low_conflict,eval_50066_low,eval_50066,50066,eval,0.013595586305149145,low,0.4816175593249611,blue,conflict,0.5,0.65,0.0,0.0,20,20,129,64,65,"[0.5, 0.65]","[0.0, 0.0]",eval_50066_low_conflict.mp4,eval_50066_low.npy,49d2c23dcbcc0ab24364ce9390adedd71ca8e548bf47387a531a5311c6d1060d
projectile_gravity_v3_fixedpos_freefall,eval_50066_high_aligned,eval_50066_high,eval_50066,50066,eval,0.055595586305149144,high,0.4816175593249611,blue,aligned,0.5,0.65,0.0,0.0,20,20,129,64,65,"[0.5, 0.65]","[0.0, 0.0]",eval_50066_high_aligned.mp4,eval_50066_high.npy,49d2c23dcbcc0ab24364ce9390adedd71ca8e548bf47387a531a5311c6d1060d
projectile_gravity_v3_fixedpos_freefall,eval_50066_high_conflict,eval_50066_high,eval_50066,50066,eval,0.055595586305149144,high,0.4816175593249611,red,conflict,0.5,0.65,0.0,0.0,20,20,129,64,65,"[0.5, 0.65]","[0.0, 0.0]",eval_50066_high_conflict.mp4,eval_50066_high.npy,49d2c23dcbcc0ab24364ce9390adedd71ca8e548bf47387a531a5311c6d1060d
projectile_gravity_v3_fixedpos_freefall,eval_50067_low_aligned,eval_50067_low,eval_50067,50067,eval,0.01709998591120215,low,0.6409084505091885,red,aligned,0.5,0.65,0.0,0.0,20,20,129,64,65,"[0.5, 0.65]","[0.0, 0.0]",eval_50067_low_aligned.mp4,eval_50067_low.npy,49d2c23dcbcc0ab24364ce9390adedd71ca8e548bf47387a531a5311c6d1060d
projectile_gravity_v3_fixedpos_freefall,eval_50067_low_conflict,eval_50067_low,eval_50067,50067,eval,0.01709998591120215,low,0.6409084505091885,blue,conflict,0.5,0.65,0.0,0.0,20,20,129,64,65,"[0.5, 0.65]","[0.0, 0.0]",eval_50067_low_conflict.mp4,eval_50067_low.npy,49d2c23dcbcc0ab24364ce9390adedd71ca8e548bf47387a531a5311c6d1060d
projectile_gravity_v3_fixedpos_freefall,eval_50067_high_aligned,eval_50067_high,eval_50067,50067,eval,0.05909998591120215,high,0.6409084505091885,blue,aligned,0.5,0.65,0.0,0.0,20,20,129,64,65,"[0.5, 0.65]","[0.0, 0.0]",eval_50067_high_aligned.mp4,eval_50067_high.npy,49d2c23dcbcc0ab24364ce9390adedd71ca8e548bf47387a531a5311c6d1060d
projectile_gravity_v3_fixedpos_freefall,eval_50067_high_conflict,eval_50067_high,eval_50067,50067,eval,0.05909998591120215,high,0.6409084505091885,red,conflict,0.5,0.65,0.0,0.0,20,20,129,64,65,"[0.5, 0.65]","[0.0, 0.0]",eval_50067_high_conflict.mp4,eval_50067_high.npy,49d2c23dcbcc0ab24364ce9390adedd71ca8e548bf47387a531a5311c6d1060d
projectile_gravity_v3_fixedpos_freefall,eval_50068_low_aligned,eval_50068_low,eval_50068,50068,eval,0.008302576929119301,low,0.24102622405087726,red,aligned,0.5,0.65,0.0,0.0,20,20,129,64,65,"[0.5, 0.65]","[0.0, 0.0]",eval_50068_low_aligned.mp4,eval_50068_low.npy,49d2c23dcbcc0ab24364ce9390adedd71ca8e548bf47387a531a5311c6d1060d
projectile_gravity_v3_fixedpos_freefall,eval_50068_low_conflict,eval_50068_low,eval_50068,50068,eval,0.008302576929119301,low,0.24102622405087726,blue,conflict,0.5,0.65,0.0,0.0,20,20,129,64,65,"[0.5, 0.65]","[0.0, 0.0]",eval_50068_low_conflict.mp4,eval_50068_low.npy,49d2c23dcbcc0ab24364ce9390adedd71ca8e548bf47387a531a5311c6d1060d
projectile_gravity_v3_fixedpos_freefall,eval_50068_high_aligned,eval_50068_high,eval_50068,50068,eval,0.0503025769291193,high,0.24102622405087726,blue,aligned,0.5,0.65,0.0,0.0,20,20,129,64,65,"[0.5, 0.65]","[0.0, 0.0]",eval_50068_high_aligned.mp4,eval_50068_high.npy,49d2c23dcbcc0ab24364ce9390adedd71ca8e548bf47387a531a5311c6d1060d
projectile_gravity_v3_fixedpos_freefall,eval_50068_high_conflict,eval_50068_high,eval_50068,50068,eval,0.0503025769291193,high,0.24102622405087726,red,conflict,0.5,0.65,0.0,0.0,20,20,129,64,65,"[0.5, 0.65]","[0.0, 0.0]",eval_50068_high_conflict.mp4,eval_50068_high.npy,49d2c23dcbcc0ab24364ce9390adedd71ca8e548bf47387a531a5311c6d1060d
projectile_gravity_v3_fixedpos_freefall,eval_50069_low_aligned,eval_50069_low,eval_50069,50069,eval,0.00982120469139376,low,0.3100547586997163,red,aligned,0.5,0.65,0.0,0.0,20,20,129,64,65,"[0.5, 0.65]","[0.0, 0.0]",eval_50069_low_aligned.mp4,eval_50069_low.npy,49d2c23dcbcc0ab24364ce9390adedd71ca8e548bf47387a531a5311c6d1060d
projectile_gravity_v3_fixedpos_freefall,eval_50069_low_conflict,eval_50069_low,eval_50069,50069,eval,0.00982120469139376,low,0.3100547586997163,blue,conflict,0.5,0.65,0.0,0.0,20,20,129,64,65,"[0.5, 0.65]","[0.0, 0.0]",eval_50069_low_conflict.mp4,eval_50069_low.npy,49d2c23dcbcc0ab24364ce9390adedd71ca8e548bf47387a531a5311c6d1060d
projectile_gravity_v3_fixedpos_freefall,eval_50069_high_aligned,eval_50069_high,eval_50069,50069,eval,0.05182120469139376,high,0.3100547586997163,blue,aligned,0.5,0.65,0.0,0.0,20,20,129,64,65,"[0.5, 0.65]","[0.0, 0.0]",eval_50069_high_aligned.mp4,eval_50069_high.npy,49d2c23dcbcc0ab24364ce9390adedd71ca8e548bf47387a531a5311c6d1060d
projectile_gravity_v3_fixedpos_freefall,eval_50069_high_conflict,eval_50069_high,eval_50069,50069,eval,0.05182120469139376,high,0.3100547586997163,red,conflict,0.5,0.65,0.0,0.0,20,20,129,64,65,"[0.5, 0.65]","[0.0, 0.0]",eval_50069_high_conflict.mp4,eval_50069_high.npy,49d2c23dcbcc0ab24364ce9390adedd71ca8e548bf47387a531a5311c6d1060d
projectile_gravity_v3_fixedpos_freefall,eval_50070_low_aligned,eval_50070_low,eval_50070,50070,eval,0.016619707983994828,low,0.6190776356361285,red,aligned,0.5,0.65,0.0,0.0,20,20,129,64,65,"[0.5, 0.65]","[0.0, 0.0]",eval_50070_low_aligned.mp4,eval_50070_low.npy,49d2c23dcbcc0ab24364ce9390adedd71ca8e548bf47387a531a5311c6d1060d
projectile_gravity_v3_fixedpos_freefall,eval_50070_low_conflict,eval_50070_low,eval_50070,50070,eval,0.016619707983994828,low,0.6190776356361285,blue,conflict,0.5,0.65,0.0,0.0,20,20,129,64,65,"[0.5, 0.65]","[0.0, 0.0]",eval_50070_low_conflict.mp4,eval_50070_low.npy,49d2c23dcbcc0ab24364ce9390adedd71ca8e548bf47387a531a5311c6d1060d
projectile_gravity_v3_fixedpos_freefall,eval_50070_high_aligned,eval_50070_high,eval_50070,50070,eval,0.05861970798399483,high,0.6190776356361285,blue,aligned,0.5,0.65,0.0,0.0,20,20,129,64,65,"[0.5, 0.65]","[0.0, 0.0]",eval_50070_high_aligned.mp4,eval_50070_high.npy,49d2c23dcbcc0ab24364ce9390adedd71ca8e548bf47387a531a5311c6d1060d
projectile_gravity_v3_fixedpos_freefall,eval_50070_high_conflict,eval_50070_high,eval_50070,50070,eval,0.05861970798399483,high,0.6190776356361285,red,conflict,0.5,0.65,0.0,0.0,20,20,129,64,65,"[0.5, 0.65]","[0.0, 0.0]",eval_50070_high_conflict.mp4,eval_50070_high.npy,49d2c23dcbcc0ab24364ce9390adedd71ca8e548bf47387a531a5311c6d1060d
projectile_gravity_v3_fixedpos_freefall,eval_50071_low_aligned,eval_50071_low,eval_50071,50071,eval,0.005281390764774366,low,0.10369958021701664,red,aligned,0.5,0.65,0.0,0.0,20,20,129,64,65,"[0.5, 0.65]","[0.0, 0.0]",eval_50071_low_aligned.mp4,eval_50071_low.npy,49d2c23dcbcc0ab24364ce9390adedd71ca8e548bf47387a531a5311c6d1060d
projectile_gravity_v3_fixedpos_freefall,eval_50071_low_conflict,eval_50071_low,eval_50071,50071,eval,0.005281390764774366,low,0.10369958021701664,blue,conflict,0.5,0.65,0.0,0.0,20,20,129,64,65,"[0.5, 0.65]","[0.0, 0.0]",eval_50071_low_conflict.mp4,eval_50071_low.npy,49d2c23dcbcc0ab24364ce9390adedd71ca8e548bf47387a531a5311c6d1060d
projectile_gravity_v3_fixedpos_freefall,eval_50071_high_aligned,eval_50071_high,eval_50071,50071,eval,0.04728139076477436,high,0.10369958021701664,blue,aligned,0.5,0.65,0.0,0.0,20,20,129,64,65,"[0.5, 0.65]","[0.0, 0.0]",eval_50071_high_aligned.mp4,eval_50071_high.npy,49d2c23dcbcc0ab24364ce9390adedd71ca8e548bf47387a531a5311c6d1060d
projectile_gravity_v3_fixedpos_freefall,eval_50071_high_conflict,eval_50071_high,eval_50071,50071,eval,0.04728139076477436,high,0.10369958021701664,red,conflict,0.5,0.65,0.0,0.0,20,20,129,64,65,"[0.5, 0.65]","[0.0, 0.0]",eval_50071_high_conflict.mp4,eval_50071_high.npy,49d2c23dcbcc0ab24364ce9390adedd71ca8e548bf47387a531a5311c6d1060d
projectile_gravity_v3_fixedpos_freefall,eval_50072_low_aligned,eval_50072_low,eval_50072,50072,eval,0.019923912769052036,low,0.769268762229638,red,aligned,0.5,0.65,0.0,0.0,20,20,129,64,65,"[0.5, 0.65]","[0.0, 0.0]",eval_50072_low_aligned.mp4,eval_50072_low.npy,49d2c23dcbcc0ab24364ce9390adedd71ca8e548bf47387a531a5311c6d1060d
projectile_gravity_v3_fixedpos_freefall,eval_50072_low_conflict,eval_50072_low,eval_50072,50072,eval,0.019923912769052036,low,0.769268762229638,blue,conflict,0.5,0.65,0.0,0.0,20,20,129,64,65,"[0.5, 0.65]","[0.0, 0.0]",eval_50072_low_conflict.mp4,eval_50072_low.npy,49d2c23dcbcc0ab24364ce9390adedd71ca8e548bf47387a531a5311c6d1060d
projectile_gravity_v3_fixedpos_freefall,eval_50072_high_aligned,eval_50072_high,eval_50072,50072,eval,0.06192391276905204,high,0.769268762229638,blue,aligned,0.5,0.65,0.0,0.0,20,20,129,64,65,"[0.5, 0.65]","[0.0, 0.0]",eval_50072_high_aligned.mp4,eval_50072_high.npy,49d2c23dcbcc0ab24364ce9390adedd71ca8e548bf47387a531a5311c6d1060d
projectile_gravity_v3_fixedpos_freefall,eval_50072_high_conflict,eval_50072_high,eval_50072,50072,eval,0.06192391276905204,high,0.769268762229638,red,conflict,0.5,0.65,0.0,0.0,20,20,129,64,65,"[0.5, 0.65]","[0.0, 0.0]",eval_50072_high_conflict.mp4,eval_50072_high.npy,49d2c23dcbcc0ab24364ce9390adedd71ca8e548bf47387a531a5311c6d1060d
projectile_gravity_v3_fixedpos_freefall,eval_50073_low_aligned,eval_50073_low,eval_50073,50073,eval,0.023098836938687764,low,0.9135834972130801,red,aligned,0.5,0.65,0.0,0.0,20,20,129,64,65,"[0.5, 0.65]","[0.0, 0.0]",eval_50073_low_aligned.mp4,eval_50073_low.npy,49d2c23dcbcc0ab24364ce9390adedd71ca8e548bf47387a531a5311c6d1060d
projectile_gravity_v3_fixedpos_freefall,eval_50073_low_conflict,eval_50073_low,eval_50073,50073,eval,0.023098836938687764,low,0.9135834972130801,blue,conflict,0.5,0.65,0.0,0.0,20,20,129,64,65,"[0.5, 0.65]","[0.0, 0.0]",eval_50073_low_conflict.mp4,eval_50073_low.npy,49d2c23dcbcc0ab24364ce9390adedd71ca8e548bf47387a531a5311c6d1060d
projectile_gravity_v3_fixedpos_freefall,eval_50073_high_aligned,eval_50073_high,eval_50073,50073,eval,0.06509883693868776,high,0.9135834972130801,blue,aligned,0.5,0.65,0.0,0.0,20,20,129,64,65,"[0.5, 0.65]","[0.0, 0.0]",eval_50073_high_aligned.mp4,eval_50073_high.npy,49d2c23dcbcc0ab24364ce9390adedd71ca8e548bf47387a531a5311c6d1060d
projectile_gravity_v3_fixedpos_freefall,eval_50073_high_conflict,eval_50073_high,eval_50073,50073,eval,0.06509883693868776,high,0.9135834972130801,red,conflict,0.5,0.65,0.0,0.0,20,20,129,64,65,"[0.5, 0.65]","[0.0, 0.0]",eval_50073_high_conflict.mp4,eval_50073_high.npy,49d2c23dcbcc0ab24364ce9390adedd71ca8e548bf47387a531a5311c6d1060d
projectile_gravity_v3_fixedpos_freefall,eval_50074_low_aligned,eval_50074_low,eval_50074,50074,eval,0.017772778050928664,low,0.6714899114058483,red,aligned,0.5,0.65,0.0,0.0,20,20,129,64,65,"[0.5, 0.65]","[0.0, 0.0]",eval_50074_low_aligned.mp4,eval_50074_low.npy,49d2c23dcbcc0ab24364ce9390adedd71ca8e548bf47387a531a5311c6d1060d
projectile_gravity_v3_fixedpos_freefall,eval_50074_low_conflict,eval_50074_low,eval_50074,50074,eval,0.017772778050928664,low,0.6714899114058483,blue,conflict,0.5,0.65,0.0,0.0,20,20,129,64,65,"[0.5, 0.65]","[0.0, 0.0]",eval_50074_low_conflict.mp4,eval_50074_low.npy,49d2c23dcbcc0ab24364ce9390adedd71ca8e548bf47387a531a5311c6d1060d
projectile_gravity_v3_fixedpos_freefall,eval_50074_high_aligned,eval_50074_high,eval_50074,50074,eval,0.05977277805092866,high,0.6714899114058483,blue,aligned,0.5,0.65,0.0,0.0,20,20,129,64,65,"[0.5, 0.65]","[0.0, 0.0]",eval_50074_high_aligned.mp4,eval_50074_high.npy,49d2c23dcbcc0ab24364ce9390adedd71ca8e548bf47387a531a5311c6d1060d
projectile_gravity_v3_fixedpos_freefall,eval_50074_high_conflict,eval_50074_high,eval_50074,50074,eval,0.05977277805092866,high,0.6714899114058483,red,conflict,0.5,0.65,0.0,0.0,20,20,129,64,65,"[0.5, 0.65]","[0.0, 0.0]",eval_50074_high_conflict.mp4,eval_50074_high.npy,49d2c23dcbcc0ab24364ce9390adedd71ca8e548bf47387a531a5311c6d1060d
projectile_gravity_v3_fixedpos_freefall,eval_50075_low_aligned,eval_50075_low,eval_50075,50075,eval,0.02333152385043917,low,0.9241601750199622,red,aligned,0.5,0.65,0.0,0.0,20,20,129,64,65,"[0.5, 0.65]","[0.0, 0.0]",eval_50075_low_aligned.mp4,eval_50075_low.npy,49d2c23dcbcc0ab24364ce9390adedd71ca8e548bf47387a531a5311c6d1060d
projectile_gravity_v3_fixedpos_freefall,eval_50075_low_conflict,eval_50075_low,eval_50075,50075,eval,0.02333152385043917,low,0.9241601750199622,blue,conflict,0.5,0.65,0.0,0.0,20,20,129,64,65,"[0.5, 0.65]","[0.0, 0.0]",eval_50075_low_conflict.mp4,eval_50075_low.npy,49d2c23dcbcc0ab24364ce9390adedd71ca8e548bf47387a531a5311c6d1060d
projectile_gravity_v3_fixedpos_freefall,eval_50075_high_aligned,eval_50075_high,eval_50075,50075,eval,0.06533152385043917,high,0.9241601750199622,blue,aligned,0.5,0.65,0.0,0.0,20,20,129,64,65,"[0.5, 0.65]","[0.0, 0.0]",eval_50075_high_aligned.mp4,eval_50075_high.npy,49d2c23dcbcc0ab24364ce9390adedd71ca8e548bf47387a531a5311c6d1060d
projectile_gravity_v3_fixedpos_freefall,eval_50075_high_conflict,eval_50075_high,eval_50075,50075,eval,0.06533152385043917,high,0.9241601750199622,red,conflict,0.5,0.65,0.0,0.0,20,20,129,64,65,"[0.5, 0.65]","[0.0, 0.0]",eval_50075_high_conflict.mp4,eval_50075_high.npy,49d2c23dcbcc0ab24364ce9390adedd71ca8e548bf47387a531a5311c6d1060d
projectile_gravity_v3_fixedpos_freefall,eval_50076_low_aligned,eval_50076_low,eval_50076,50076,eval,0.02367481243204965,low,0.9397642014568022,red,aligned,0.5,0.65,0.0,0.0,20,20,129,64,65,"[0.5, 0.65]","[0.0, 0.0]",eval_50076_low_aligned.mp4,eval_50076_low.npy,49d2c23dcbcc0ab24364ce9390adedd71ca8e548bf47387a531a5311c6d1060d
projectile_gravity_v3_fixedpos_freefall,eval_50076_low_conflict,eval_50076_low,eval_50076,50076,eval,0.02367481243204965,low,0.9397642014568022,blue,conflict,0.5,0.65,0.0,0.0,20,20,129,64,65,"[0.5, 0.65]","[0.0, 0.0]",eval_50076_low_conflict.mp4,eval_50076_low.npy,49d2c23dcbcc0ab24364ce9390adedd71ca8e548bf47387a531a5311c6d1060d
projectile_gravity_v3_fixedpos_freefall,eval_50076_high_aligned,eval_50076_high,eval_50076,50076,eval,0.06567481243204965,high,0.9397642014568022,blue,aligned,0.5,0.65,0.0,0.0,20,20,129,64,65,"[0.5, 0.65]","[0.0, 0.0]",eval_50076_high_aligned.mp4,eval_50076_high.npy,49d2c23dcbcc0ab24364ce9390adedd71ca8e548bf47387a531a5311c6d1060d
projectile_gravity_v3_fixedpos_freefall,eval_50076_high_conflict,eval_50076_high,eval_50076,50076,eval,0.06567481243204965,high,0.9397642014568022,red,conflict,0.5,0.65,0.0,0.0,20,20,129,64,65,"[0.5, 0.65]","[0.0, 0.0]",eval_50076_high_conflict.mp4,eval_50076_high.npy,49d2c23dcbcc0ab24364ce9390adedd71ca8e548bf47387a531a5311c6d1060d
projectile_gravity_v3_fixedpos_freefall,eval_50077_low_aligned,eval_50077_low,eval_50077,50077,eval,0.0035135063064422093,low,0.023341195747373145,red,aligned,0.5,0.65,0.0,0.0,20,20,129,64,65,"[0.5, 0.65]","[0.0, 0.0]",eval_50077_low_aligned.mp4,eval_50077_low.npy,49d2c23dcbcc0ab24364ce9390adedd71ca8e548bf47387a531a5311c6d1060d
projectile_gravity_v3_fixedpos_freefall,eval_50077_low_conflict,eval_50077_low,eval_50077,50077,eval,0.0035135063064422093,low,0.023341195747373145,blue,conflict,0.5,0.65,0.0,0.0,20,20,129,64,65,"[0.5, 0.65]","[0.0, 0.0]",eval_50077_low_conflict.mp4,eval_50077_low.npy,49d2c23dcbcc0ab24364ce9390adedd71ca8e548bf47387a531a5311c6d1060d
projectile_gravity_v3_fixedpos_freefall,eval_50077_high_aligned,eval_50077_high,eval_50077,50077,eval,0.04551350630644221,high,0.023341195747373145,blue,aligned,0.5,0.65,0.0,0.0,20,20,129,64,65,"[0.5, 0.65]","[0.0, 0.0]",eval_50077_high_aligned.mp4,eval_50077_high.npy,49d2c23dcbcc0ab24364ce9390adedd71ca8e548bf47387a531a5311c6d1060d
projectile_gravity_v3_fixedpos_freefall,eval_50077_high_conflict,eval_50077_high,eval_50077,50077,eval,0.04551350630644221,high,0.023341195747373145,red,conflict,0.5,0.65,0.0,0.0,20,20,129,64,65,"[0.5, 0.65]","[0.0, 0.0]",eval_50077_high_conflict.mp4,eval_50077_high.npy,49d2c23dcbcc0ab24364ce9390adedd71ca8e548bf47387a531a5311c6d1060d
projectile_gravity_v3_fixedpos_freefall,eval_50078_low_aligned,eval_50078_low,eval_50078,50078,eval,0.018070467498329496,low,0.6850212499240679,red,aligned,0.5,0.65,0.0,0.0,20,20,129,64,65,"[0.5, 0.65]","[0.0, 0.0]",eval_50078_low_aligned.mp4,eval_50078_low.npy,49d2c23dcbcc0ab24364ce9390adedd71ca8e548bf47387a531a5311c6d1060d
projectile_gravity_v3_fixedpos_freefall,eval_50078_low_conflict,eval_50078_low,eval_50078,50078,eval,0.018070467498329496,low,0.6850212499240679,blue,conflict,0.5,0.65,0.0,0.0,20,20,129,64,65,"[0.5, 0.65]","[0.0, 0.0]",eval_50078_low_conflict.mp4,eval_50078_low.npy,49d2c23dcbcc0ab24364ce9390adedd71ca8e548bf47387a531a5311c6d1060d
projectile_gravity_v3_fixedpos_freefall,eval_50078_high_aligned,eval_50078_high,eval_50078,50078,eval,0.06007046749832949,high,0.6850212499240679,blue,aligned,0.5,0.65,0.0,0.0,20,20,129,64,65,"[0.5, 0.65]","[0.0, 0.0]",eval_50078_high_aligned.mp4,eval_50078_high.npy,49d2c23dcbcc0ab24364ce9390adedd71ca8e548bf47387a531a5311c6d1060d
projectile_gravity_v3_fixedpos_freefall,eval_50078_high_conflict,eval_50078_high,eval_50078,50078,eval,0.06007046749832949,high,0.6850212499240679,red,conflict,0.5,0.65,0.0,0.0,20,20,129,64,65,"[0.5, 0.65]","[0.0, 0.0]",eval_50078_high_conflict.mp4,eval_50078_high.npy,49d2c23dcbcc0ab24364ce9390adedd71ca8e548bf47387a531a5311c6d1060d
projectile_gravity_v3_fixedpos_freefall,eval_50079_low_aligned,eval_50079_low,eval_50079,50079,eval,0.013059448688230245,low,0.45724766764682934,red,aligned,0.5,0.65,0.0,0.0,20,20,129,64,65,"[0.5, 0.65]","[0.0, 0.0]",eval_50079_low_aligned.mp4,eval_50079_low.npy,49d2c23dcbcc0ab24364ce9390adedd71ca8e548bf47387a531a5311c6d1060d
projectile_gravity_v3_fixedpos_freefall,eval_50079_low_conflict,eval_50079_low,eval_50079,50079,eval,0.013059448688230245,low,0.45724766764682934,blue,conflict,0.5,0.65,0.0,0.0,20,20,129,64,65,"[0.5, 0.65]","[0.0, 0.0]",eval_50079_low_conflict.mp4,eval_50079_low.npy,49d2c23dcbcc0ab24364ce9390adedd71ca8e548bf47387a531a5311c6d1060d
projectile_gravity_v3_fixedpos_freefall,eval_50079_high_aligned,eval_50079_high,eval_50079,50079,eval,0.05505944868823025,high,0.45724766764682934,blue,aligned,0.5,0.65,0.0,0.0,20,20,129,64,65,"[0.5, 0.65]","[0.0, 0.0]",eval_50079_high_aligned.mp4,eval_50079_high.npy,49d2c23dcbcc0ab24364ce9390adedd71ca8e548bf47387a531a5311c6d1060d
projectile_gravity_v3_fixedpos_freefall,eval_50079_high_conflict,eval_50079_high,eval_50079,50079,eval,0.05505944868823025,high,0.45724766764682934,red,conflict,0.5,0.65,0.0,0.0,20,20,129,64,65,"[0.5, 0.65]","[0.0, 0.0]",eval_50079_high_conflict.mp4,eval_50079_high.npy,49d2c23dcbcc0ab24364ce9390adedd71ca8e548bf47387a531a5311c6d1060d
projectile_gravity_v3_fixedpos_freefall,eval_50080_low_aligned,eval_50080_low,eval_50080,50080,eval,0.02062862779573254,low,0.8013012634423882,red,aligned,0.5,0.65,0.0,0.0,20,20,129,64,65,"[0.5, 0.65]","[0.0, 0.0]",eval_50080_low_aligned.mp4,eval_50080_low.npy,49d2c23dcbcc0ab24364ce9390adedd71ca8e548bf47387a531a5311c6d1060d
projectile_gravity_v3_fixedpos_freefall,eval_50080_low_conflict,eval_50080_low,eval_50080,50080,eval,0.02062862779573254,low,0.8013012634423882,blue,conflict,0.5,0.65,0.0,0.0,20,20,129,64,65,"[0.5, 0.65]","[0.0, 0.0]",eval_50080_low_conflict.mp4,eval_50080_low.npy,49d2c23dcbcc0ab24364ce9390adedd71ca8e548bf47387a531a5311c6d1060d
projectile_gravity_v3_fixedpos_freefall,eval_50080_high_aligned,eval_50080_high,eval_50080,50080,eval,0.06262862779573254,high,0.8013012634423882,blue,aligned,0.5,0.65,0.0,0.0,20,20,129,64,65,"[0.5, 0.65]","[0.0, 0.0]",eval_50080_high_aligned.mp4,eval_50080_high.npy,49d2c23dcbcc0ab24364ce9390adedd71ca8e548bf47387a531a5311c6d1060d
projectile_gravity_v3_fixedpos_freefall,eval_50080_high_conflict,eval_50080_high,eval_50080,50080,eval,0.06262862779573254,high,0.8013012634423882,red,conflict,0.5,0.65,0.0,0.0,20,20,129,64,65,"[0.5, 0.65]","[0.0, 0.0]",eval_50080_high_conflict.mp4,eval_50080_high.npy,49d2c23dcbcc0ab24364ce9390adedd71ca8e548bf47387a531a5311c6d1060d
projectile_gravity_v3_fixedpos_freefall,eval_50081_low_aligned,eval_50081_low,eval_50081,50081,eval,0.003831881469574032,low,0.03781279407154692,red,aligned,0.5,0.65,0.0,0.0,20,20,129,64,65,"[0.5, 0.65]","[0.0, 0.0]",eval_50081_low_aligned.mp4,eval_50081_low.npy,49d2c23dcbcc0ab24364ce9390adedd71ca8e548bf47387a531a5311c6d1060d
projectile_gravity_v3_fixedpos_freefall,eval_50081_low_conflict,eval_50081_low,eval_50081,50081,eval,0.003831881469574032,low,0.03781279407154692,blue,conflict,0.5,0.65,0.0,0.0,20,20,129,64,65,"[0.5, 0.65]","[0.0, 0.0]",eval_50081_low_conflict.mp4,eval_50081_low.npy,49d2c23dcbcc0ab24364ce9390adedd71ca8e548bf47387a531a5311c6d1060d
projectile_gravity_v3_fixedpos_freefall,eval_50081_high_aligned,eval_50081_high,eval_50081,50081,eval,0.04583188146957403,high,0.03781279407154692,blue,aligned,0.5,0.65,0.0,0.0,20,20,129,64,65,"[0.5, 0.65]","[0.0, 0.0]",eval_50081_high_aligned.mp4,eval_50081_high.npy,49d2c23dcbcc0ab24364ce9390adedd71ca8e548bf47387a531a5311c6d1060d
projectile_gravity_v3_fixedpos_freefall,eval_50081_high_conflict,eval_50081_high,eval_50081,50081,eval,0.04583188146957403,high,0.03781279407154692,red,conflict,0.5,0.65,0.0,0.0,20,20,129,64,65,"[0.5, 0.65]","[0.0, 0.0]",eval_50081_high_conflict.mp4,eval_50081_high.npy,49d2c23dcbcc0ab24364ce9390adedd71ca8e548bf47387a531a5311c6d1060d
projectile_gravity_v3_fixedpos_freefall,eval_50082_low_aligned,eval_50082_low,eval_50082,50082,eval,0.004960347045767978,low,0.08910668389854448,red,aligned,0.5,0.65,0.0,0.0,20,20,129,64,65,"[0.5, 0.65]","[0.0, 0.0]",eval_50082_low_aligned.mp4,eval_50082_low.npy,49d2c23dcbcc0ab24364ce9390adedd71ca8e548bf47387a531a5311c6d1060d
projectile_gravity_v3_fixedpos_freefall,eval_50082_low_conflict,eval_50082_low,eval_50082,50082,eval,0.004960347045767978,low,0.08910668389854448,blue,conflict,0.5,0.65,0.0,0.0,20,20,129,64,65,"[0.5, 0.65]","[0.0, 0.0]",eval_50082_low_conflict.mp4,eval_50082_low.npy,49d2c23dcbcc0ab24364ce9390adedd71ca8e548bf47387a531a5311c6d1060d
projectile_gravity_v3_fixedpos_freefall,eval_50082_high_aligned,eval_50082_high,eval_50082,50082,eval,0.04696034704576798,high,0.08910668389854448,blue,aligned,0.5,0.65,0.0,0.0,20,20,129,64,65,"[0.5, 0.65]","[0.0, 0.0]",eval_50082_high_aligned.mp4,eval_50082_high.npy,49d2c23dcbcc0ab24364ce9390adedd71ca8e548bf47387a531a5311c6d1060d
projectile_gravity_v3_fixedpos_freefall,eval_50082_high_conflict,eval_50082_high,eval_50082,50082,eval,0.04696034704576798,high,0.08910668389854448,red,conflict,0.5,0.65,0.0,0.0,20,20,129,64,65,"[0.5, 0.65]","[0.0, 0.0]",eval_50082_high_conflict.mp4,eval_50082_high.npy,49d2c23dcbcc0ab24364ce9390adedd71ca8e548bf47387a531a5311c6d1060d
projectile_gravity_v3_fixedpos_freefall,eval_50083_low_aligned,eval_50083_low,eval_50083,50083,eval,0.005897655666465315,low,0.13171162120296886,red,aligned,0.5,0.65,0.0,0.0,20,20,129,64,65,"[0.5, 0.65]","[0.0, 0.0]",eval_50083_low_aligned.mp4,eval_50083_low.npy,49d2c23dcbcc0ab24364ce9390adedd71ca8e548bf47387a531a5311c6d1060d
projectile_gravity_v3_fixedpos_freefall,eval_50083_low_conflict,eval_50083_low,eval_50083,50083,eval,0.005897655666465315,low,0.13171162120296886,blue,conflict,0.5,0.65,0.0,0.0,20,20,129,64,65,"[0.5, 0.65]","[0.0, 0.0]",eval_50083_low_conflict.mp4,eval_50083_low.npy,49d2c23dcbcc0ab24364ce9390adedd71ca8e548bf47387a531a5311c6d1060d
projectile_gravity_v3_fixedpos_freefall,eval_50083_high_aligned,eval_50083_high,eval_50083,50083,eval,0.04789765566646531,high,0.13171162120296886,blue,aligned,0.5,0.65,0.0,0.0,20,20,129,64,65,"[0.5, 0.65]","[0.0, 0.0]",eval_50083_high_aligned.mp4,eval_50083_high.npy,49d2c23dcbcc0ab24364ce9390adedd71ca8e548bf47387a531a5311c6d1060d
projectile_gravity_v3_fixedpos_freefall,eval_50083_high_conflict,eval_50083_high,eval_50083,50083,eval,0.04789765566646531,high,0.13171162120296886,red,conflict,0.5,0.65,0.0,0.0,20,20,129,64,65,"[0.5, 0.65]","[0.0, 0.0]",eval_50083_high_conflict.mp4,eval_50083_high.npy,49d2c23dcbcc0ab24364ce9390adedd71ca8e548bf47387a531a5311c6d1060d
projectile_gravity_v3_fixedpos_freefall,eval_50084_low_aligned,eval_50084_low,eval_50084,50084,eval,0.005143582295106868,low,0.09743555886849398,red,aligned,0.5,0.65,0.0,0.0,20,20,129,64,65,"[0.5, 0.65]","[0.0, 0.0]",eval_50084_low_aligned.mp4,eval_50084_low.npy,49d2c23dcbcc0ab24364ce9390adedd71ca8e548bf47387a531a5311c6d1060d
projectile_gravity_v3_fixedpos_freefall,eval_50084_low_conflict,eval_50084_low,eval_50084,50084,eval,0.005143582295106868,low,0.09743555886849398,blue,conflict,0.5,0.65,0.0,0.0,20,20,129,64,65,"[0.5, 0.65]","[0.0, 0.0]",eval_50084_low_conflict.mp4,eval_50084_low.npy,49d2c23dcbcc0ab24364ce9390adedd71ca8e548bf47387a531a5311c6d1060d
projectile_gravity_v3_fixedpos_freefall,eval_50084_high_aligned,eval_50084_high,eval_50084,50084,eval,0.047143582295106866,high,0.09743555886849398,blue,aligned,0.5,0.65,0.0,0.0,20,20,129,64,65,"[0.5, 0.65]","[0.0, 0.0]",eval_50084_high_aligned.mp4,eval_50084_high.npy,49d2c23dcbcc0ab24364ce9390adedd71ca8e548bf47387a531a5311c6d1060d
projectile_gravity_v3_fixedpos_freefall,eval_50084_high_conflict,eval_50084_high,eval_50084,50084,eval,0.047143582295106866,high,0.09743555886849398,red,conflict,0.5,0.65,0.0,0.0,20,20,129,64,65,"[0.5, 0.65]","[0.0, 0.0]",eval_50084_high_conflict.mp4,eval_50084_high.npy,49d2c23dcbcc0ab24364ce9390adedd71ca8e548bf47387a531a5311c6d1060d
projectile_gravity_v3_fixedpos_freefall,eval_50085_low_aligned,eval_50085_low,eval_50085,50085,eval,0.019540399664067395,low,0.7518363483666997,red,aligned,0.5,0.65,0.0,0.0,20,20,129,64,65,"[0.5, 0.65]","[0.0, 0.0]",eval_50085_low_aligned.mp4,eval_50085_low.npy,49d2c23dcbcc0ab24364ce9390adedd71ca8e548bf47387a531a5311c6d1060d
projectile_gravity_v3_fixedpos_freefall,eval_50085_low_conflict,eval_50085_low,eval_50085,50085,eval,0.019540399664067395,low,0.7518363483666997,blue,conflict,0.5,0.65,0.0,0.0,20,20,129,64,65,"[0.5, 0.65]","[0.0, 0.0]",eval_50085_low_conflict.mp4,eval_50085_low.npy,49d2c23dcbcc0ab24364ce9390adedd71ca8e548bf47387a531a5311c6d1060d
projectile_gravity_v3_fixedpos_freefall,eval_50085_high_aligned,eval_50085_high,eval_50085,50085,eval,0.061540399664067394,high,0.7518363483666997,blue,aligned,0.5,0.65,0.0,0.0,20,20,129,64,65,"[0.5, 0.65]","[0.0, 0.0]",eval_50085_high_aligned.mp4,eval_50085_high.npy,49d2c23dcbcc0ab24364ce9390adedd71ca8e548bf47387a531a5311c6d1060d
projectile_gravity_v3_fixedpos_freefall,eval_50085_high_conflict,eval_50085_high,eval_50085,50085,eval,0.061540399664067394,high,0.7518363483666997,red,conflict,0.5,0.65,0.0,0.0,20,20,129,64,65,"[0.5, 0.65]","[0.0, 0.0]",eval_50085_high_conflict.mp4,eval_50085_high.npy,49d2c23dcbcc0ab24364ce9390adedd71ca8e548bf47387a531a5311c6d1060d
projectile_gravity_v3_fixedpos_freefall,eval_50086_low_aligned,eval_50086_low,eval_50086,50086,eval,0.004089796912015609,low,0.049536223273436764,red,aligned,0.5,0.65,0.0,0.0,20,20,129,64,65,"[0.5, 0.65]","[0.0, 0.0]",eval_50086_low_aligned.mp4,eval_50086_low.npy,49d2c23dcbcc0ab24364ce9390adedd71ca8e548bf47387a531a5311c6d1060d
projectile_gravity_v3_fixedpos_freefall,eval_50086_low_conflict,eval_50086_low,eval_50086,50086,eval,0.004089796912015609,low,0.049536223273436764,blue,conflict,0.5,0.65,0.0,0.0,20,20,129,64,65,"[0.5, 0.65]","[0.0, 0.0]",eval_50086_low_conflict.mp4,eval_50086_low.npy,49d2c23dcbcc0ab24364ce9390adedd71ca8e548bf47387a531a5311c6d1060d
projectile_gravity_v3_fixedpos_freefall,eval_50086_high_aligned,eval_50086_high,eval_50086,50086,eval,0.046089796912015604,high,0.049536223273436764,blue,aligned,0.5,0.65,0.0,0.0,20,20,129,64,65,"[0.5, 0.65]","[0.0, 0.0]",eval_50086_high_aligned.mp4,eval_50086_high.npy,49d2c23dcbcc0ab24364ce9390adedd71ca8e548bf47387a531a5311c6d1060d
projectile_gravity_v3_fixedpos_freefall,eval_50086_high_conflict,eval_50086_high,eval_50086,50086,eval,0.046089796912015604,high,0.049536223273436764,red,conflict,0.5,0.65,0.0,0.0,20,20,129,64,65,"[0.5, 0.65]","[0.0, 0.0]",eval_50086_high_conflict.mp4,eval_50086_high.npy,49d2c23dcbcc0ab24364ce9390adedd71ca8e548bf47387a531a5311c6d1060d
projectile_gravity_v3_fixedpos_freefall,eval_50087_low_aligned,eval_50087_low,eval_50087,50087,eval,0.01690623040688922,low,0.6321013821313282,red,aligned,0.5,0.65,0.0,0.0,20,20,129,64,65,"[0.5, 0.65]","[0.0, 0.0]",eval_50087_low_aligned.mp4,eval_50087_low.npy,49d2c23dcbcc0ab24364ce9390adedd71ca8e548bf47387a531a5311c6d1060d
projectile_gravity_v3_fixedpos_freefall,eval_50087_low_conflict,eval_50087_low,eval_50087,50087,eval,0.01690623040688922,low,0.6321013821313282,blue,conflict,0.5,0.65,0.0,0.0,20,20,129,64,65,"[0.5, 0.65]","[0.0, 0.0]",eval_50087_low_conflict.mp4,eval_50087_low.npy,49d2c23dcbcc0ab24364ce9390adedd71ca8e548bf47387a531a5311c6d1060d
projectile_gravity_v3_fixedpos_freefall,eval_50087_high_aligned,eval_50087_high,eval_50087,50087,eval,0.05890623040688922,high,0.6321013821313282,blue,aligned,0.5,0.65,0.0,0.0,20,20,129,64,65,"[0.5, 0.65]","[0.0, 0.0]",eval_50087_high_aligned.mp4,eval_50087_high.npy,49d2c23dcbcc0ab24364ce9390adedd71ca8e548bf47387a531a5311c6d1060d
projectile_gravity_v3_fixedpos_freefall,eval_50087_high_conflict,eval_50087_high,eval_50087,50087,eval,0.05890623040688922,high,0.6321013821313282,red,conflict,0.5,0.65,0.0,0.0,20,20,129,64,65,"[0.5, 0.65]","[0.0, 0.0]",eval_50087_high_conflict.mp4,eval_50087_high.npy,49d2c23dcbcc0ab24364ce9390adedd71ca8e548bf47387a531a5311c6d1060d
projectile_gravity_v3_fixedpos_freefall,eval_50088_low_aligned,eval_50088_low,eval_50088,50088,eval,0.0033993632794667365,low,0.018152876339397106,red,aligned,0.5,0.65,0.0,0.0,20,20,129,64,65,"[0.5, 0.65]","[0.0, 0.0]",eval_50088_low_aligned.mp4,eval_50088_low.npy,49d2c23dcbcc0ab24364ce9390adedd71ca8e548bf47387a531a5311c6d1060d
projectile_gravity_v3_fixedpos_freefall,eval_50088_low_conflict,eval_50088_low,eval_50088,50088,eval,0.0033993632794667365,low,0.018152876339397106,blue,conflict,0.5,0.65,0.0,0.0,20,20,129,64,65,"[0.5, 0.65]","[0.0, 0.0]",eval_50088_low_conflict.mp4,eval_50088_low.npy,49d2c23dcbcc0ab24364ce9390adedd71ca8e548bf47387a531a5311c6d1060d
projectile_gravity_v3_fixedpos_freefall,eval_50088_high_aligned,eval_50088_high,eval_50088,50088,eval,0.04539936327946673,high,0.018152876339397106,blue,aligned,0.5,0.65,0.0,0.0,20,20,129,64,65,"[0.5, 0.65]","[0.0, 0.0]",eval_50088_high_aligned.mp4,eval_50088_high.npy,49d2c23dcbcc0ab24364ce9390adedd71ca8e548bf47387a531a5311c6d1060d
projectile_gravity_v3_fixedpos_freefall,eval_50088_high_conflict,eval_50088_high,eval_50088,50088,eval,0.04539936327946673,high,0.018152876339397106,red,conflict,0.5,0.65,0.0,0.0,20,20,129,64,65,"[0.5, 0.65]","[0.0, 0.0]",eval_50088_high_conflict.mp4,eval_50088_high.npy,49d2c23dcbcc0ab24364ce9390adedd71ca8e548bf47387a531a5311c6d1060d
projectile_gravity_v3_fixedpos_freefall,eval_50089_low_aligned,eval_50089_low,eval_50089,50089,eval,0.013218290893797512,low,0.46446776789988686,red,aligned,0.5,0.65,0.0,0.0,20,20,129,64,65,"[0.5, 0.65]","[0.0, 0.0]",eval_50089_low_aligned.mp4,eval_50089_low.npy,49d2c23dcbcc0ab24364ce9390adedd71ca8e548bf47387a531a5311c6d1060d
projectile_gravity_v3_fixedpos_freefall,eval_50089_low_conflict,eval_50089_low,eval_50089,50089,eval,0.013218290893797512,low,0.46446776789988686,blue,conflict,0.5,0.65,0.0,0.0,20,20,129,64,65,"[0.5, 0.65]","[0.0, 0.0]",eval_50089_low_conflict.mp4,eval_50089_low.npy,49d2c23dcbcc0ab24364ce9390adedd71ca8e548bf47387a531a5311c6d1060d
projectile_gravity_v3_fixedpos_freefall,eval_50089_high_aligned,eval_50089_high,eval_50089,50089,eval,0.05521829089379751,high,0.46446776789988686,blue,aligned,0.5,0.65,0.0,0.0,20,20,129,64,65,"[0.5, 0.65]","[0.0, 0.0]",eval_50089_high_aligned.mp4,eval_50089_high.npy,49d2c23dcbcc0ab24364ce9390adedd71ca8e548bf47387a531a5311c6d1060d
projectile_gravity_v3_fixedpos_freefall,eval_50089_high_conflict,eval_50089_high,eval_50089,50089,eval,0.05521829089379751,high,0.46446776789988686,red,conflict,0.5,0.65,0.0,0.0,20,20,129,64,65,"[0.5, 0.65]","[0.0, 0.0]",eval_50089_high_conflict.mp4,eval_50089_high.npy,49d2c23dcbcc0ab24364ce9390adedd71ca8e548bf47387a531a5311c6d1060d
projectile_gravity_v3_fixedpos_freefall,eval_50090_low_aligned,eval_50090_low,eval_50090,50090,eval,0.02405962062435756,low,0.9572554829253436,red,aligned,0.5,0.65,0.0,0.0,20,20,129,64,65,"[0.5, 0.65]","[0.0, 0.0]",eval_50090_low_aligned.mp4,eval_50090_low.npy,49d2c23dcbcc0ab24364ce9390adedd71ca8e548bf47387a531a5311c6d1060d
projectile_gravity_v3_fixedpos_freefall,eval_50090_low_conflict,eval_50090_low,eval_50090,50090,eval,0.02405962062435756,low,0.9572554829253436,blue,conflict,0.5,0.65,0.0,0.0,20,20,129,64,65,"[0.5, 0.65]","[0.0, 0.0]",eval_50090_low_conflict.mp4,eval_50090_low.npy,49d2c23dcbcc0ab24364ce9390adedd71ca8e548bf47387a531a5311c6d1060d
projectile_gravity_v3_fixedpos_freefall,eval_50090_high_aligned,eval_50090_high,eval_50090,50090,eval,0.06605962062435757,high,0.9572554829253436,blue,aligned,0.5,0.65,0.0,0.0,20,20,129,64,65,"[0.5, 0.65]","[0.0, 0.0]",eval_50090_high_aligned.mp4,eval_50090_high.npy,49d2c23dcbcc0ab24364ce9390adedd71ca8e548bf47387a531a5311c6d1060d
projectile_gravity_v3_fixedpos_freefall,eval_50090_high_conflict,eval_50090_high,eval_50090,50090,eval,0.06605962062435757,high,0.9572554829253436,red,conflict,0.5,0.65,0.0,0.0,20,20,129,64,65,"[0.5, 0.65]","[0.0, 0.0]",eval_50090_high_conflict.mp4,eval_50090_high.npy,49d2c23dcbcc0ab24364ce9390adedd71ca8e548bf47387a531a5311c6d1060d
projectile_gravity_v3_fixedpos_freefall,eval_50091_low_aligned,eval_50091_low,eval_50091,50091,eval,0.017743161437391887,low,0.6701437016996311,red,aligned,0.5,0.65,0.0,0.0,20,20,129,64,65,"[0.5, 0.65]","[0.0, 0.0]",eval_50091_low_aligned.mp4,eval_50091_low.npy,49d2c23dcbcc0ab24364ce9390adedd71ca8e548bf47387a531a5311c6d1060d
projectile_gravity_v3_fixedpos_freefall,eval_50091_low_conflict,eval_50091_low,eval_50091,50091,eval,0.017743161437391887,low,0.6701437016996311,blue,conflict,0.5,0.65,0.0,0.0,20,20,129,64,65,"[0.5, 0.65]","[0.0, 0.0]",eval_50091_low_conflict.mp4,eval_50091_low.npy,49d2c23dcbcc0ab24364ce9390adedd71ca8e548bf47387a531a5311c6d1060d
projectile_gravity_v3_fixedpos_freefall,eval_50091_high_aligned,eval_50091_high,eval_50091,50091,eval,0.05974316143739189,high,0.6701437016996311,blue,aligned,0.5,0.65,0.0,0.0,20,20,129,64,65,"[0.5, 0.65]","[0.0, 0.0]",eval_50091_high_aligned.mp4,eval_50091_high.npy,49d2c23dcbcc0ab24364ce9390adedd71ca8e548bf47387a531a5311c6d1060d
projectile_gravity_v3_fixedpos_freefall,eval_50091_high_conflict,eval_50091_high,eval_50091,50091,eval,0.05974316143739189,high,0.6701437016996311,red,conflict,0.5,0.65,0.0,0.0,20,20,129,64,65,"[0.5, 0.65]","[0.0, 0.0]",eval_50091_high_conflict.mp4,eval_50091_high.npy,49d2c23dcbcc0ab24364ce9390adedd71ca8e548bf47387a531a5311c6d1060d
projectile_gravity_v3_fixedpos_freefall,eval_50092_low_aligned,eval_50092_low,eval_50092,50092,eval,0.02137247545209574,low,0.8351125205498063,red,aligned,0.5,0.65,0.0,0.0,20,20,129,64,65,"[0.5, 0.65]","[0.0, 0.0]",eval_50092_low_aligned.mp4,eval_50092_low.npy,49d2c23dcbcc0ab24364ce9390adedd71ca8e548bf47387a531a5311c6d1060d
projectile_gravity_v3_fixedpos_freefall,eval_50092_low_conflict,eval_50092_low,eval_50092,50092,eval,0.02137247545209574,low,0.8351125205498063,blue,conflict,0.5,0.65,0.0,0.0,20,20,129,64,65,"[0.5, 0.65]","[0.0, 0.0]",eval_50092_low_conflict.mp4,eval_50092_low.npy,49d2c23dcbcc0ab24364ce9390adedd71ca8e548bf47387a531a5311c6d1060d
projectile_gravity_v3_fixedpos_freefall,eval_50092_high_aligned,eval_50092_high,eval_50092,50092,eval,0.06337247545209575,high,0.8351125205498063,blue,aligned,0.5,0.65,0.0,0.0,20,20,129,64,65,"[0.5, 0.65]","[0.0, 0.0]",eval_50092_high_aligned.mp4,eval_50092_high.npy,49d2c23dcbcc0ab24364ce9390adedd71ca8e548bf47387a531a5311c6d1060d
projectile_gravity_v3_fixedpos_freefall,eval_50092_high_conflict,eval_50092_high,eval_50092,50092,eval,0.06337247545209575,high,0.8351125205498063,red,conflict,0.5,0.65,0.0,0.0,20,20,129,64,65,"[0.5, 0.65]","[0.0, 0.0]",eval_50092_high_conflict.mp4,eval_50092_high.npy,49d2c23dcbcc0ab24364ce9390adedd71ca8e548bf47387a531a5311c6d1060d
projectile_gravity_v3_fixedpos_freefall,eval_50093_low_aligned,eval_50093_low,eval_50093,50093,eval,0.02123874247208118,low,0.8290337487309627,red,aligned,0.5,0.65,0.0,0.0,20,20,129,64,65,"[0.5, 0.65]","[0.0, 0.0]",eval_50093_low_aligned.mp4,eval_50093_low.npy,49d2c23dcbcc0ab24364ce9390adedd71ca8e548bf47387a531a5311c6d1060d
projectile_gravity_v3_fixedpos_freefall,eval_50093_low_conflict,eval_50093_low,eval_50093,50093,eval,0.02123874247208118,low,0.8290337487309627,blue,conflict,0.5,0.65,0.0,0.0,20,20,129,64,65,"[0.5, 0.65]","[0.0, 0.0]",eval_50093_low_conflict.mp4,eval_50093_low.npy,49d2c23dcbcc0ab24364ce9390adedd71ca8e548bf47387a531a5311c6d1060d
projectile_gravity_v3_fixedpos_freefall,eval_50093_high_aligned,eval_50093_high,eval_50093,50093,eval,0.06323874247208118,high,0.8290337487309627,blue,aligned,0.5,0.65,0.0,0.0,20,20,129,64,65,"[0.5, 0.65]","[0.0, 0.0]",eval_50093_high_aligned.mp4,eval_50093_high.npy,49d2c23dcbcc0ab24364ce9390adedd71ca8e548bf47387a531a5311c6d1060d
projectile_gravity_v3_fixedpos_freefall,eval_50093_high_conflict,eval_50093_high,eval_50093,50093,eval,0.06323874247208118,high,0.8290337487309627,red,conflict,0.5,0.65,0.0,0.0,20,20,129,64,65,"[0.5, 0.65]","[0.0, 0.0]",eval_50093_high_conflict.mp4,eval_50093_high.npy,49d2c23dcbcc0ab24364ce9390adedd71ca8e548bf47387a531a5311c6d1060d
projectile_gravity_v3_fixedpos_freefall,eval_50094_low_aligned,eval_50094_low,eval_50094,50094,eval,0.013824462996421386,low,0.49202104529188107,red,aligned,0.5,0.65,0.0,0.0,20,20,129,64,65,"[0.5, 0.65]","[0.0, 0.0]",eval_50094_low_aligned.mp4,eval_50094_low.npy,49d2c23dcbcc0ab24364ce9390adedd71ca8e548bf47387a531a5311c6d1060d
projectile_gravity_v3_fixedpos_freefall,eval_50094_low_conflict,eval_50094_low,eval_50094,50094,eval,0.013824462996421386,low,0.49202104529188107,blue,conflict,0.5,0.65,0.0,0.0,20,20,129,64,65,"[0.5, 0.65]","[0.0, 0.0]",eval_50094_low_conflict.mp4,eval_50094_low.npy,49d2c23dcbcc0ab24364ce9390adedd71ca8e548bf47387a531a5311c6d1060d
projectile_gravity_v3_fixedpos_freefall,eval_50094_high_aligned,eval_50094_high,eval_50094,50094,eval,0.05582446299642138,high,0.49202104529188107,blue,aligned,0.5,0.65,0.0,0.0,20,20,129,64,65,"[0.5, 0.65]","[0.0, 0.0]",eval_50094_high_aligned.mp4,eval_50094_high.npy,49d2c23dcbcc0ab24364ce9390adedd71ca8e548bf47387a531a5311c6d1060d
projectile_gravity_v3_fixedpos_freefall,eval_50094_high_conflict,eval_50094_high,eval_50094,50094,eval,0.05582446299642138,high,0.49202104529188107,red,conflict,0.5,0.65,0.0,0.0,20,20,129,64,65,"[0.5, 0.65]","[0.0, 0.0]",eval_50094_high_conflict.mp4,eval_50094_high.npy,49d2c23dcbcc0ab24364ce9390adedd71ca8e548bf47387a531a5311c6d1060d
projectile_gravity_v3_fixedpos_freefall,eval_50095_low_aligned,eval_50095_low,eval_50095,50095,eval,0.014056197202487321,low,0.5025544182948782,red,aligned,0.5,0.65,0.0,0.0,20,20,129,64,65,"[0.5, 0.65]","[0.0, 0.0]",eval_50095_low_aligned.mp4,eval_50095_low.npy,49d2c23dcbcc0ab24364ce9390adedd71ca8e548bf47387a531a5311c6d1060d
projectile_gravity_v3_fixedpos_freefall,eval_50095_low_conflict,eval_50095_low,eval_50095,50095,eval,0.014056197202487321,low,0.5025544182948782,blue,conflict,0.5,0.65,0.0,0.0,20,20,129,64,65,"[0.5, 0.65]","[0.0, 0.0]",eval_50095_low_conflict.mp4,eval_50095_low.npy,49d2c23dcbcc0ab24364ce9390adedd71ca8e548bf47387a531a5311c6d1060d
projectile_gravity_v3_fixedpos_freefall,eval_50095_high_aligned,eval_50095_high,eval_50095,50095,eval,0.05605619720248732,high,0.5025544182948782,blue,aligned,0.5,0.65,0.0,0.0,20,20,129,64,65,"[0.5, 0.65]","[0.0, 0.0]",eval_50095_high_aligned.mp4,eval_50095_high.npy,49d2c23dcbcc0ab24364ce9390adedd71ca8e548bf47387a531a5311c6d1060d
projectile_gravity_v3_fixedpos_freefall,eval_50095_high_conflict,eval_50095_high,eval_50095,50095,eval,0.05605619720248732,high,0.5025544182948782,red,conflict,0.5,0.65,0.0,0.0,20,20,129,64,65,"[0.5, 0.65]","[0.0, 0.0]",eval_50095_high_conflict.mp4,eval_50095_high.npy,49d2c23dcbcc0ab24364ce9390adedd71ca8e548bf47387a531a5311c6d1060d
projectile_gravity_v3_fixedpos_freefall,eval_50096_low_aligned,eval_50096_low,eval_50096,50096,eval,0.019030258488791016,low,0.7286481131268643,red,aligned,0.5,0.65,0.0,0.0,20,20,129,64,65,"[0.5, 0.65]","[0.0, 0.0]",eval_50096_low_aligned.mp4,eval_50096_low.npy,49d2c23dcbcc0ab24364ce9390adedd71ca8e548bf47387a531a5311c6d1060d
projectile_gravity_v3_fixedpos_freefall,eval_50096_low_conflict,eval_50096_low,eval_50096,50096,eval,0.019030258488791016,low,0.7286481131268643,blue,conflict,0.5,0.65,0.0,0.0,20,20,129,64,65,"[0.5, 0.65]","[0.0, 0.0]",eval_50096_low_conflict.mp4,eval_50096_low.npy,49d2c23dcbcc0ab24364ce9390adedd71ca8e548bf47387a531a5311c6d1060d
projectile_gravity_v3_fixedpos_freefall,eval_50096_high_aligned,eval_50096_high,eval_50096,50096,eval,0.06103025848879101,high,0.7286481131268643,blue,aligned,0.5,0.65,0.0,0.0,20,20,129,64,65,"[0.5, 0.65]","[0.0, 0.0]",eval_50096_high_aligned.mp4,eval_50096_high.npy,49d2c23dcbcc0ab24364ce9390adedd71ca8e548bf47387a531a5311c6d1060d
projectile_gravity_v3_fixedpos_freefall,eval_50096_high_conflict,eval_50096_high,eval_50096,50096,eval,0.06103025848879101,high,0.7286481131268643,red,conflict,0.5,0.65,0.0,0.0,20,20,129,64,65,"[0.5, 0.65]","[0.0, 0.0]",eval_50096_high_conflict.mp4,eval_50096_high.npy,49d2c23dcbcc0ab24364ce9390adedd71ca8e548bf47387a531a5311c6d1060d
projectile_gravity_v3_fixedpos_freefall,eval_50097_low_aligned,eval_50097_low,eval_50097,50097,eval,0.02495300996135099,low,0.9978640891523177,red,aligned,0.5,0.65,0.0,0.0,20,20,129,64,65,"[0.5, 0.65]","[0.0, 0.0]",eval_50097_low_aligned.mp4,eval_50097_low.npy,49d2c23dcbcc0ab24364ce9390adedd71ca8e548bf47387a531a5311c6d1060d
projectile_gravity_v3_fixedpos_freefall,eval_50097_low_conflict,eval_50097_low,eval_50097,50097,eval,0.02495300996135099,low,0.9978640891523177,blue,conflict,0.5,0.65,0.0,0.0,20,20,129,64,65,"[0.5, 0.65]","[0.0, 0.0]",eval_50097_low_conflict.mp4,eval_50097_low.npy,49d2c23dcbcc0ab24364ce9390adedd71ca8e548bf47387a531a5311c6d1060d
projectile_gravity_v3_fixedpos_freefall,eval_50097_high_aligned,eval_50097_high,eval_50097,50097,eval,0.06695300996135099,high,0.9978640891523177,blue,aligned,0.5,0.65,0.0,0.0,20,20,129,64,65,"[0.5, 0.65]","[0.0, 0.0]",eval_50097_high_aligned.mp4,eval_50097_high.npy,49d2c23dcbcc0ab24364ce9390adedd71ca8e548bf47387a531a5311c6d1060d
projectile_gravity_v3_fixedpos_freefall,eval_50097_high_conflict,eval_50097_high,eval_50097,50097,eval,0.06695300996135099,high,0.9978640891523177,red,conflict,0.5,0.65,0.0,0.0,20,20,129,64,65,"[0.5, 0.65]","[0.0, 0.0]",eval_50097_high_conflict.mp4,eval_50097_high.npy,49d2c23dcbcc0ab24364ce9390adedd71ca8e548bf47387a531a5311c6d1060d
projectile_gravity_v3_fixedpos_freefall,eval_50098_low_aligned,eval_50098_low,eval_50098,50098,eval,0.009325211023735354,low,0.28750959198797055,red,aligned,0.5,0.65,0.0,0.0,20,20,129,64,65,"[0.5, 0.65]","[0.0, 0.0]",eval_50098_low_aligned.mp4,eval_50098_low.npy,49d2c23dcbcc0ab24364ce9390adedd71ca8e548bf47387a531a5311c6d1060d
projectile_gravity_v3_fixedpos_freefall,eval_50098_low_conflict,eval_50098_low,eval_50098,50098,eval,0.009325211023735354,low,0.28750959198797055,blue,conflict,0.5,0.65,0.0,0.0,20,20,129,64,65,"[0.5, 0.65]","[0.0, 0.0]",eval_50098_low_conflict.mp4,eval_50098_low.npy,49d2c23dcbcc0ab24364ce9390adedd71ca8e548bf47387a531a5311c6d1060d
projectile_gravity_v3_fixedpos_freefall,eval_50098_high_aligned,eval_50098_high,eval_50098,50098,eval,0.05132521102373535,high,0.28750959198797055,blue,aligned,0.5,0.65,0.0,0.0,20,20,129,64,65,"[0.5, 0.65]","[0.0, 0.0]",eval_50098_high_aligned.mp4,eval_50098_high.npy,49d2c23dcbcc0ab24364ce9390adedd71ca8e548bf47387a531a5311c6d1060d
projectile_gravity_v3_fixedpos_freefall,eval_50098_high_conflict,eval_50098_high,eval_50098,50098,eval,0.05132521102373535,high,0.28750959198797055,red,conflict,0.5,0.65,0.0,0.0,20,20,129,64,65,"[0.5, 0.65]","[0.0, 0.0]",eval_50098_high_conflict.mp4,eval_50098_high.npy,49d2c23dcbcc0ab24364ce9390adedd71ca8e548bf47387a531a5311c6d1060d
projectile_gravity_v3_fixedpos_freefall,eval_50099_low_aligned,eval_50099_low,eval_50099,50099,eval,0.019648933229291104,low,0.7567696922405047,red,aligned,0.5,0.65,0.0,0.0,20,20,129,64,65,"[0.5, 0.65]","[0.0, 0.0]",eval_50099_low_aligned.mp4,eval_50099_low.npy,49d2c23dcbcc0ab24364ce9390adedd71ca8e548bf47387a531a5311c6d1060d
projectile_gravity_v3_fixedpos_freefall,eval_50099_low_conflict,eval_50099_low,eval_50099,50099,eval,0.019648933229291104,low,0.7567696922405047,blue,conflict,0.5,0.65,0.0,0.0,20,20,129,64,65,"[0.5, 0.65]","[0.0, 0.0]",eval_50099_low_conflict.mp4,eval_50099_low.npy,49d2c23dcbcc0ab24364ce9390adedd71ca8e548bf47387a531a5311c6d1060d
projectile_gravity_v3_fixedpos_freefall,eval_50099_high_aligned,eval_50099_high,eval_50099,50099,eval,0.0616489332292911,high,0.7567696922405047,blue,aligned,0.5,0.65,0.0,0.0,20,20,129,64,65,"[0.5, 0.65]","[0.0, 0.0]",eval_50099_high_aligned.mp4,eval_50099_high.npy,49d2c23dcbcc0ab24364ce9390adedd71ca8e548bf47387a531a5311c6d1060d
projectile_gravity_v3_fixedpos_freefall,eval_50099_high_conflict,eval_50099_high,eval_50099,50099,eval,0.0616489332292911,high,0.7567696922405047,red,conflict,0.5,0.65,0.0,0.0,20,20,129,64,65,"[0.5, 0.65]","[0.0, 0.0]",eval_50099_high_conflict.mp4,eval_50099_high.npy,49d2c23dcbcc0ab24364ce9390adedd71ca8e548bf47387a531a5311c6d1060d
projectile_gravity_v3_fixedpos_freefall,eval_50100_low_aligned,eval_50100_low,eval_50100,50100,eval,0.014249886642906495,low,0.5113584837684769,red,aligned,0.5,0.65,0.0,0.0,20,20,129,64,65,"[0.5, 0.65]","[0.0, 0.0]",eval_50100_low_aligned.mp4,eval_50100_low.npy,49d2c23dcbcc0ab24364ce9390adedd71ca8e548bf47387a531a5311c6d1060d
projectile_gravity_v3_fixedpos_freefall,eval_50100_low_conflict,eval_50100_low,eval_50100,50100,eval,0.014249886642906495,low,0.5113584837684769,blue,conflict,0.5,0.65,0.0,0.0,20,20,129,64,65,"[0.5, 0.65]","[0.0, 0.0]",eval_50100_low_conflict.mp4,eval_50100_low.npy,49d2c23dcbcc0ab24364ce9390adedd71ca8e548bf47387a531a5311c6d1060d
projectile_gravity_v3_fixedpos_freefall,eval_50100_high_aligned,eval_50100_high,eval_50100,50100,eval,0.05624988664290649,high,0.5113584837684769,blue,aligned,0.5,0.65,0.0,0.0,20,20,129,64,65,"[0.5, 0.65]","[0.0, 0.0]",eval_50100_high_aligned.mp4,eval_50100_high.npy,49d2c23dcbcc0ab24364ce9390adedd71ca8e548bf47387a531a5311c6d1060d
projectile_gravity_v3_fixedpos_freefall,eval_50100_high_conflict,eval_50100_high,eval_50100,50100,eval,0.05624988664290649,high,0.5113584837684769,red,conflict,0.5,0.65,0.0,0.0,20,20,129,64,65,"[0.5, 0.65]","[0.0, 0.0]",eval_50100_high_conflict.mp4,eval_50100_high.npy,49d2c23dcbcc0ab24364ce9390adedd71ca8e548bf47387a531a5311c6d1060d
projectile_gravity_v3_fixedpos_freefall,eval_50101_low_aligned,eval_50101_low,eval_50101,50101,eval,0.022697137584724032,low,0.8953244356692741,red,aligned,0.5,0.65,0.0,0.0,20,20,129,64,65,"[0.5, 0.65]","[0.0, 0.0]",eval_50101_low_aligned.mp4,eval_50101_low.npy,49d2c23dcbcc0ab24364ce9390adedd71ca8e548bf47387a531a5311c6d1060d
projectile_gravity_v3_fixedpos_freefall,eval_50101_low_conflict,eval_50101_low,eval_50101,50101,eval,0.022697137584724032,low,0.8953244356692741,blue,conflict,0.5,0.65,0.0,0.0,20,20,129,64,65,"[0.5, 0.65]","[0.0, 0.0]",eval_50101_low_conflict.mp4,eval_50101_low.npy,49d2c23dcbcc0ab24364ce9390adedd71ca8e548bf47387a531a5311c6d1060d
projectile_gravity_v3_fixedpos_freefall,eval_50101_high_aligned,eval_50101_high,eval_50101,50101,eval,0.06469713758472403,high,0.8953244356692741,blue,aligned,0.5,0.65,0.0,0.0,20,20,129,64,65,"[0.5, 0.65]","[0.0, 0.0]",eval_50101_high_aligned.mp4,eval_50101_high.npy,49d2c23dcbcc0ab24364ce9390adedd71ca8e548bf47387a531a5311c6d1060d
projectile_gravity_v3_fixedpos_freefall,eval_50101_high_conflict,eval_50101_high,eval_50101,50101,eval,0.06469713758472403,high,0.8953244356692741,red,conflict,0.5,0.65,0.0,0.0,20,20,129,64,65,"[0.5, 0.65]","[0.0, 0.0]",eval_50101_high_conflict.mp4,eval_50101_high.npy,49d2c23dcbcc0ab24364ce9390adedd71ca8e548bf47387a531a5311c6d1060d
projectile_gravity_v3_fixedpos_freefall,eval_50102_low_aligned,eval_50102_low,eval_50102,50102,eval,0.0046347667830930195,low,0.07430758104968271,red,aligned,0.5,0.65,0.0,0.0,20,20,129,64,65,"[0.5, 0.65]","[0.0, 0.0]",eval_50102_low_aligned.mp4,eval_50102_low.npy,49d2c23dcbcc0ab24364ce9390adedd71ca8e548bf47387a531a5311c6d1060d
projectile_gravity_v3_fixedpos_freefall,eval_50102_low_conflict,eval_50102_low,eval_50102,50102,eval,0.0046347667830930195,low,0.07430758104968271,blue,conflict,0.5,0.65,0.0,0.0,20,20,129,64,65,"[0.5, 0.65]","[0.0, 0.0]",eval_50102_low_conflict.mp4,eval_50102_low.npy,49d2c23dcbcc0ab24364ce9390adedd71ca8e548bf47387a531a5311c6d1060d
projectile_gravity_v3_fixedpos_freefall,eval_50102_high_aligned,eval_50102_high,eval_50102,50102,eval,0.046634766783093015,high,0.07430758104968271,blue,aligned,0.5,0.65,0.0,0.0,20,20,129,64,65,"[0.5, 0.65]","[0.0, 0.0]",eval_50102_high_aligned.mp4,eval_50102_high.npy,49d2c23dcbcc0ab24364ce9390adedd71ca8e548bf47387a531a5311c6d1060d
projectile_gravity_v3_fixedpos_freefall,eval_50102_high_conflict,eval_50102_high,eval_50102,50102,eval,0.046634766783093015,high,0.07430758104968271,red,conflict,0.5,0.65,0.0,0.0,20,20,129,64,65,"[0.5, 0.65]","[0.0, 0.0]",eval_50102_high_conflict.mp4,eval_50102_high.npy,49d2c23dcbcc0ab24364ce9390adedd71ca8e548bf47387a531a5311c6d1060d
projectile_gravity_v3_fixedpos_freefall,eval_50103_low_aligned,eval_50103_low,eval_50103,50103,eval,0.00979216039029511,low,0.3087345631952322,red,aligned,0.5,0.65,0.0,0.0,20,20,129,64,65,"[0.5, 0.65]","[0.0, 0.0]",eval_50103_low_aligned.mp4,eval_50103_low.npy,49d2c23dcbcc0ab24364ce9390adedd71ca8e548bf47387a531a5311c6d1060d
projectile_gravity_v3_fixedpos_freefall,eval_50103_low_conflict,eval_50103_low,eval_50103,50103,eval,0.00979216039029511,low,0.3087345631952322,blue,conflict,0.5,0.65,0.0,0.0,20,20,129,64,65,"[0.5, 0.65]","[0.0, 0.0]",eval_50103_low_conflict.mp4,eval_50103_low.npy,49d2c23dcbcc0ab24364ce9390adedd71ca8e548bf47387a531a5311c6d1060d
projectile_gravity_v3_fixedpos_freefall,eval_50103_high_aligned,eval_50103_high,eval_50103,50103,eval,0.051792160390295106,high,0.3087345631952322,blue,aligned,0.5,0.65,0.0,0.0,20,20,129,64,65,"[0.5, 0.65]","[0.0, 0.0]",eval_50103_high_aligned.mp4,eval_50103_high.npy,49d2c23dcbcc0ab24364ce9390adedd71ca8e548bf47387a531a5311c6d1060d
projectile_gravity_v3_fixedpos_freefall,eval_50103_high_conflict,eval_50103_high,eval_50103,50103,eval,0.051792160390295106,high,0.3087345631952322,red,conflict,0.5,0.65,0.0,0.0,20,20,129,64,65,"[0.5, 0.65]","[0.0, 0.0]",eval_50103_high_conflict.mp4,eval_50103_high.npy,49d2c23dcbcc0ab24364ce9390adedd71ca8e548bf47387a531a5311c6d1060d
projectile_gravity_v3_fixedpos_freefall,eval_50104_low_aligned,eval_50104_low,eval_50104,50104,eval,0.011560006156185763,low,0.3890911889175346,red,aligned,0.5,0.65,0.0,0.0,20,20,129,64,65,"[0.5, 0.65]","[0.0, 0.0]",eval_50104_low_aligned.mp4,eval_50104_low.npy,49d2c23dcbcc0ab24364ce9390adedd71ca8e548bf47387a531a5311c6d1060d
projectile_gravity_v3_fixedpos_freefall,eval_50104_low_conflict,eval_50104_low,eval_50104,50104,eval,0.011560006156185763,low,0.3890911889175346,blue,conflict,0.5,0.65,0.0,0.0,20,20,129,64,65,"[0.5, 0.65]","[0.0, 0.0]",eval_50104_low_conflict.mp4,eval_50104_low.npy,49d2c23dcbcc0ab24364ce9390adedd71ca8e548bf47387a531a5311c6d1060d
projectile_gravity_v3_fixedpos_freefall,eval_50104_high_aligned,eval_50104_high,eval_50104,50104,eval,0.05356000615618576,high,0.3890911889175346,blue,aligned,0.5,0.65,0.0,0.0,20,20,129,64,65,"[0.5, 0.65]","[0.0, 0.0]",eval_50104_high_aligned.mp4,eval_50104_high.npy,49d2c23dcbcc0ab24364ce9390adedd71ca8e548bf47387a531a5311c6d1060d
projectile_gravity_v3_fixedpos_freefall,eval_50104_high_conflict,eval_50104_high,eval_50104,50104,eval,0.05356000615618576,high,0.3890911889175346,red,conflict,0.5,0.65,0.0,0.0,20,20,129,64,65,"[0.5, 0.65]","[0.0, 0.0]",eval_50104_high_conflict.mp4,eval_50104_high.npy,49d2c23dcbcc0ab24364ce9390adedd71ca8e548bf47387a531a5311c6d1060d
projectile_gravity_v3_fixedpos_freefall,eval_50105_low_aligned,eval_50105_low,eval_50105,50105,eval,0.004739994820935277,low,0.07909067367887623,red,aligned,0.5,0.65,0.0,0.0,20,20,129,64,65,"[0.5, 0.65]","[0.0, 0.0]",eval_50105_low_aligned.mp4,eval_50105_low.npy,49d2c23dcbcc0ab24364ce9390adedd71ca8e548bf47387a531a5311c6d1060d
projectile_gravity_v3_fixedpos_freefall,eval_50105_low_conflict,eval_50105_low,eval_50105,50105,eval,0.004739994820935277,low,0.07909067367887623,blue,conflict,0.5,0.65,0.0,0.0,20,20,129,64,65,"[0.5, 0.65]","[0.0, 0.0]",eval_50105_low_conflict.mp4,eval_50105_low.npy,49d2c23dcbcc0ab24364ce9390adedd71ca8e548bf47387a531a5311c6d1060d
projectile_gravity_v3_fixedpos_freefall,eval_50105_high_aligned,eval_50105_high,eval_50105,50105,eval,0.04673999482093528,high,0.07909067367887623,blue,aligned,0.5,0.65,0.0,0.0,20,20,129,64,65,"[0.5, 0.65]","[0.0, 0.0]",eval_50105_high_aligned.mp4,eval_50105_high.npy,49d2c23dcbcc0ab24364ce9390adedd71ca8e548bf47387a531a5311c6d1060d
projectile_gravity_v3_fixedpos_freefall,eval_50105_high_conflict,eval_50105_high,eval_50105,50105,eval,0.04673999482093528,high,0.07909067367887623,red,conflict,0.5,0.65,0.0,0.0,20,20,129,64,65,"[0.5, 0.65]","[0.0, 0.0]",eval_50105_high_conflict.mp4,eval_50105_high.npy,49d2c23dcbcc0ab24364ce9390adedd71ca8e548bf47387a531a5311c6d1060d
projectile_gravity_v3_fixedpos_freefall,eval_50106_low_aligned,eval_50106_low,eval_50106,50106,eval,0.02252919097333171,low,0.887690498787805,red,aligned,0.5,0.65,0.0,0.0,20,20,129,64,65,"[0.5, 0.65]","[0.0, 0.0]",eval_50106_low_aligned.mp4,eval_50106_low.npy,49d2c23dcbcc0ab24364ce9390adedd71ca8e548bf47387a531a5311c6d1060d
projectile_gravity_v3_fixedpos_freefall,eval_50106_low_conflict,eval_50106_low,eval_50106,50106,eval,0.02252919097333171,low,0.887690498787805,blue,conflict,0.5,0.65,0.0,0.0,20,20,129,64,65,"[0.5, 0.65]","[0.0, 0.0]",eval_50106_low_conflict.mp4,eval_50106_low.npy,49d2c23dcbcc0ab24364ce9390adedd71ca8e548bf47387a531a5311c6d1060d
projectile_gravity_v3_fixedpos_freefall,eval_50106_high_aligned,eval_50106_high,eval_50106,50106,eval,0.06452919097333171,high,0.887690498787805,blue,aligned,0.5,0.65,0.0,0.0,20,20,129,64,65,"[0.5, 0.65]","[0.0, 0.0]",eval_50106_high_aligned.mp4,eval_50106_high.npy,49d2c23dcbcc0ab24364ce9390adedd71ca8e548bf47387a531a5311c6d1060d
projectile_gravity_v3_fixedpos_freefall,eval_50106_high_conflict,eval_50106_high,eval_50106,50106,eval,0.06452919097333171,high,0.887690498787805,red,conflict,0.5,0.65,0.0,0.0,20,20,129,64,65,"[0.5, 0.65]","[0.0, 0.0]",eval_50106_high_conflict.mp4,eval_50106_high.npy,49d2c23dcbcc0ab24364ce9390adedd71ca8e548bf47387a531a5311c6d1060d
projectile_gravity_v3_fixedpos_freefall,eval_50107_low_aligned,eval_50107_low,eval_50107,50107,eval,0.011267567639913559,low,0.37579852908697997,red,aligned,0.5,0.65,0.0,0.0,20,20,129,64,65,"[0.5, 0.65]","[0.0, 0.0]",eval_50107_low_aligned.mp4,eval_50107_low.npy,49d2c23dcbcc0ab24364ce9390adedd71ca8e548bf47387a531a5311c6d1060d
projectile_gravity_v3_fixedpos_freefall,eval_50107_low_conflict,eval_50107_low,eval_50107,50107,eval,0.011267567639913559,low,0.37579852908697997,blue,conflict,0.5,0.65,0.0,0.0,20,20,129,64,65,"[0.5, 0.65]","[0.0, 0.0]",eval_50107_low_conflict.mp4,eval_50107_low.npy,49d2c23dcbcc0ab24364ce9390adedd71ca8e548bf47387a531a5311c6d1060d
projectile_gravity_v3_fixedpos_freefall,eval_50107_high_aligned,eval_50107_high,eval_50107,50107,eval,0.05326756763991356,high,0.37579852908697997,blue,aligned,0.5,0.65,0.0,0.0,20,20,129,64,65,"[0.5, 0.65]","[0.0, 0.0]",eval_50107_high_aligned.mp4,eval_50107_high.npy,49d2c23dcbcc0ab24364ce9390adedd71ca8e548bf47387a531a5311c6d1060d
projectile_gravity_v3_fixedpos_freefall,eval_50107_high_conflict,eval_50107_high,eval_50107,50107,eval,0.05326756763991356,high,0.37579852908697997,red,conflict,0.5,0.65,0.0,0.0,20,20,129,64,65,"[0.5, 0.65]","[0.0, 0.0]",eval_50107_high_conflict.mp4,eval_50107_high.npy,49d2c23dcbcc0ab24364ce9390adedd71ca8e548bf47387a531a5311c6d1060d
projectile_gravity_v3_fixedpos_freefall,eval_50108_low_aligned,eval_50108_low,eval_50108,50108,eval,0.011098715479967814,low,0.3681234309076279,red,aligned,0.5,0.65,0.0,0.0,20,20,129,64,65,"[0.5, 0.65]","[0.0, 0.0]",eval_50108_low_aligned.mp4,eval_50108_low.npy,49d2c23dcbcc0ab24364ce9390adedd71ca8e548bf47387a531a5311c6d1060d
projectile_gravity_v3_fixedpos_freefall,eval_50108_low_conflict,eval_50108_low,eval_50108,50108,eval,0.011098715479967814,low,0.3681234309076279,blue,conflict,0.5,0.65,0.0,0.0,20,20,129,64,65,"[0.5, 0.65]","[0.0, 0.0]",eval_50108_low_conflict.mp4,eval_50108_low.npy,49d2c23dcbcc0ab24364ce9390adedd71ca8e548bf47387a531a5311c6d1060d
projectile_gravity_v3_fixedpos_freefall,eval_50108_high_aligned,eval_50108_high,eval_50108,50108,eval,0.05309871547996781,high,0.3681234309076279,blue,aligned,0.5,0.65,0.0,0.0,20,20,129,64,65,"[0.5, 0.65]","[0.0, 0.0]",eval_50108_high_aligned.mp4,eval_50108_high.npy,49d2c23dcbcc0ab24364ce9390adedd71ca8e548bf47387a531a5311c6d1060d
projectile_gravity_v3_fixedpos_freefall,eval_50108_high_conflict,eval_50108_high,eval_50108,50108,eval,0.05309871547996781,high,0.3681234309076279,red,conflict,0.5,0.65,0.0,0.0,20,20,129,64,65,"[0.5, 0.65]","[0.0, 0.0]",eval_50108_high_conflict.mp4,eval_50108_high.npy,49d2c23dcbcc0ab24364ce9390adedd71ca8e548bf47387a531a5311c6d1060d
projectile_gravity_v3_fixedpos_freefall,eval_50109_low_aligned,eval_50109_low,eval_50109,50109,eval,0.023802647010000493,low,0.9455748640909315,red,aligned,0.5,0.65,0.0,0.0,20,20,129,64,65,"[0.5, 0.65]","[0.0, 0.0]",eval_50109_low_aligned.mp4,eval_50109_low.npy,49d2c23dcbcc0ab24364ce9390adedd71ca8e548bf47387a531a5311c6d1060d
projectile_gravity_v3_fixedpos_freefall,eval_50109_low_conflict,eval_50109_low,eval_50109,50109,eval,0.023802647010000493,low,0.9455748640909315,blue,conflict,0.5,0.65,0.0,0.0,20,20,129,64,65,"[0.5, 0.65]","[0.0, 0.0]",eval_50109_low_conflict.mp4,eval_50109_low.npy,49d2c23dcbcc0ab24364ce9390adedd71ca8e548bf47387a531a5311c6d1060d
projectile_gravity_v3_fixedpos_freefall,eval_50109_high_aligned,eval_50109_high,eval_50109,50109,eval,0.06580264701000049,high,0.9455748640909315,blue,aligned,0.5,0.65,0.0,0.0,20,20,129,64,65,"[0.5, 0.65]","[0.0, 0.0]",eval_50109_high_aligned.mp4,eval_50109_high.npy,49d2c23dcbcc0ab24364ce9390adedd71ca8e548bf47387a531a5311c6d1060d
projectile_gravity_v3_fixedpos_freefall,eval_50109_high_conflict,eval_50109_high,eval_50109,50109,eval,0.06580264701000049,high,0.9455748640909315,red,conflict,0.5,0.65,0.0,0.0,20,20,129,64,65,"[0.5, 0.65]","[0.0, 0.0]",eval_50109_high_conflict.mp4,eval_50109_high.npy,49d2c23dcbcc0ab24364ce9390adedd71ca8e548bf47387a531a5311c6d1060d
projectile_gravity_v3_fixedpos_freefall,eval_50110_low_aligned,eval_50110_low,eval_50110,50110,eval,0.015194542695484623,low,0.554297395249301,red,aligned,0.5,0.65,0.0,0.0,20,20,129,64,65,"[0.5, 0.65]","[0.0, 0.0]",eval_50110_low_aligned.mp4,eval_50110_low.npy,49d2c23dcbcc0ab24364ce9390adedd71ca8e548bf47387a531a5311c6d1060d
projectile_gravity_v3_fixedpos_freefall,eval_50110_low_conflict,eval_50110_low,eval_50110,50110,eval,0.015194542695484623,low,0.554297395249301,blue,conflict,0.5,0.65,0.0,0.0,20,20,129,64,65,"[0.5, 0.65]","[0.0, 0.0]",eval_50110_low_conflict.mp4,eval_50110_low.npy,49d2c23dcbcc0ab24364ce9390adedd71ca8e548bf47387a531a5311c6d1060d
projectile_gravity_v3_fixedpos_freefall,eval_50110_high_aligned,eval_50110_high,eval_50110,50110,eval,0.05719454269548462,high,0.554297395249301,blue,aligned,0.5,0.65,0.0,0.0,20,20,129,64,65,"[0.5, 0.65]","[0.0, 0.0]",eval_50110_high_aligned.mp4,eval_50110_high.npy,49d2c23dcbcc0ab24364ce9390adedd71ca8e548bf47387a531a5311c6d1060d
projectile_gravity_v3_fixedpos_freefall,eval_50110_high_conflict,eval_50110_high,eval_50110,50110,eval,0.05719454269548462,high,0.554297395249301,red,conflict,0.5,0.65,0.0,0.0,20,20,129,64,65,"[0.5, 0.65]","[0.0, 0.0]",eval_50110_high_conflict.mp4,eval_50110_high.npy,49d2c23dcbcc0ab24364ce9390adedd71ca8e548bf47387a531a5311c6d1060d
projectile_gravity_v3_fixedpos_freefall,eval_50111_low_aligned,eval_50111_low,eval_50111,50111,eval,0.006162722982037053,low,0.14376013554713873,red,aligned,0.5,0.65,0.0,0.0,20,20,129,64,65,"[0.5, 0.65]","[0.0, 0.0]",eval_50111_low_aligned.mp4,eval_50111_low.npy,49d2c23dcbcc0ab24364ce9390adedd71ca8e548bf47387a531a5311c6d1060d
projectile_gravity_v3_fixedpos_freefall,eval_50111_low_conflict,eval_50111_low,eval_50111,50111,eval,0.006162722982037053,low,0.14376013554713873,blue,conflict,0.5,0.65,0.0,0.0,20,20,129,64,65,"[0.5, 0.65]","[0.0, 0.0]",eval_50111_low_conflict.mp4,eval_50111_low.npy,49d2c23dcbcc0ab24364ce9390adedd71ca8e548bf47387a531a5311c6d1060d
projectile_gravity_v3_fixedpos_freefall,eval_50111_high_aligned,eval_50111_high,eval_50111,50111,eval,0.048162722982037054,high,0.14376013554713873,blue,aligned,0.5,0.65,0.0,0.0,20,20,129,64,65,"[0.5, 0.65]","[0.0, 0.0]",eval_50111_high_aligned.mp4,eval_50111_high.npy,49d2c23dcbcc0ab24364ce9390adedd71ca8e548bf47387a531a5311c6d1060d
projectile_gravity_v3_fixedpos_freefall,eval_50111_high_conflict,eval_50111_high,eval_50111,50111,eval,0.048162722982037054,high,0.14376013554713873,red,conflict,0.5,0.65,0.0,0.0,20,20,129,64,65,"[0.5, 0.65]","[0.0, 0.0]",eval_50111_high_conflict.mp4,eval_50111_high.npy,49d2c23dcbcc0ab24364ce9390adedd71ca8e548bf47387a531a5311c6d1060d
projectile_gravity_v3_fixedpos_freefall,eval_50112_low_aligned,eval_50112_low,eval_50112,50112,eval,0.0038718979795054707,low,0.03963172634115775,red,aligned,0.5,0.65,0.0,0.0,20,20,129,64,65,"[0.5, 0.65]","[0.0, 0.0]",eval_50112_low_aligned.mp4,eval_50112_low.npy,49d2c23dcbcc0ab24364ce9390adedd71ca8e548bf47387a531a5311c6d1060d
projectile_gravity_v3_fixedpos_freefall,eval_50112_low_conflict,eval_50112_low,eval_50112,50112,eval,0.0038718979795054707,low,0.03963172634115775,blue,conflict,0.5,0.65,0.0,0.0,20,20,129,64,65,"[0.5, 0.65]","[0.0, 0.0]",eval_50112_low_conflict.mp4,eval_50112_low.npy,49d2c23dcbcc0ab24364ce9390adedd71ca8e548bf47387a531a5311c6d1060d
projectile_gravity_v3_fixedpos_freefall,eval_50112_high_aligned,eval_50112_high,eval_50112,50112,eval,0.04587189797950547,high,0.03963172634115775,blue,aligned,0.5,0.65,0.0,0.0,20,20,129,64,65,"[0.5, 0.65]","[0.0, 0.0]",eval_50112_high_aligned.mp4,eval_50112_high.npy,49d2c23dcbcc0ab24364ce9390adedd71ca8e548bf47387a531a5311c6d1060d
projectile_gravity_v3_fixedpos_freefall,eval_50112_high_conflict,eval_50112_high,eval_50112,50112,eval,0.04587189797950547,high,0.03963172634115775,red,conflict,0.5,0.65,0.0,0.0,20,20,129,64,65,"[0.5, 0.65]","[0.0, 0.0]",eval_50112_high_conflict.mp4,eval_50112_high.npy,49d2c23dcbcc0ab24364ce9390adedd71ca8e548bf47387a531a5311c6d1060d
projectile_gravity_v3_fixedpos_freefall,eval_50113_low_aligned,eval_50113_low,eval_50113,50113,eval,0.011723980968099727,low,0.39654458945907844,red,aligned,0.5,0.65,0.0,0.0,20,20,129,64,65,"[0.5, 0.65]","[0.0, 0.0]",eval_50113_low_aligned.mp4,eval_50113_low.npy,49d2c23dcbcc0ab24364ce9390adedd71ca8e548bf47387a531a5311c6d1060d
projectile_gravity_v3_fixedpos_freefall,eval_50113_low_conflict,eval_50113_low,eval_50113,50113,eval,0.011723980968099727,low,0.39654458945907844,blue,conflict,0.5,0.65,0.0,0.0,20,20,129,64,65,"[0.5, 0.65]","[0.0, 0.0]",eval_50113_low_conflict.mp4,eval_50113_low.npy,49d2c23dcbcc0ab24364ce9390adedd71ca8e548bf47387a531a5311c6d1060d
projectile_gravity_v3_fixedpos_freefall,eval_50113_high_aligned,eval_50113_high,eval_50113,50113,eval,0.05372398096809973,high,0.39654458945907844,blue,aligned,0.5,0.65,0.0,0.0,20,20,129,64,65,"[0.5, 0.65]","[0.0, 0.0]",eval_50113_high_aligned.mp4,eval_50113_high.npy,49d2c23dcbcc0ab24364ce9390adedd71ca8e548bf47387a531a5311c6d1060d
projectile_gravity_v3_fixedpos_freefall,eval_50113_high_conflict,eval_50113_high,eval_50113,50113,eval,0.05372398096809973,high,0.39654458945907844,red,conflict,0.5,0.65,0.0,0.0,20,20,129,64,65,"[0.5, 0.65]","[0.0, 0.0]",eval_50113_high_conflict.mp4,eval_50113_high.npy,49d2c23dcbcc0ab24364ce9390adedd71ca8e548bf47387a531a5311c6d1060d
projectile_gravity_v3_fixedpos_freefall,eval_50114_low_aligned,eval_50114_low,eval_50114,50114,eval,0.012932577647531113,low,0.451480802160505,red,aligned,0.5,0.65,0.0,0.0,20,20,129,64,65,"[0.5, 0.65]","[0.0, 0.0]",eval_50114_low_aligned.mp4,eval_50114_low.npy,49d2c23dcbcc0ab24364ce9390adedd71ca8e548bf47387a531a5311c6d1060d
projectile_gravity_v3_fixedpos_freefall,eval_50114_low_conflict,eval_50114_low,eval_50114,50114,eval,0.012932577647531113,low,0.451480802160505,blue,conflict,0.5,0.65,0.0,0.0,20,20,129,64,65,"[0.5, 0.65]","[0.0, 0.0]",eval_50114_low_conflict.mp4,eval_50114_low.npy,49d2c23dcbcc0ab24364ce9390adedd71ca8e548bf47387a531a5311c6d1060d
projectile_gravity_v3_fixedpos_freefall,eval_50114_high_aligned,eval_50114_high,eval_50114,50114,eval,0.05493257764753111,high,0.451480802160505,blue,aligned,0.5,0.65,0.0,0.0,20,20,129,64,65,"[0.5, 0.65]","[0.0, 0.0]",eval_50114_high_aligned.mp4,eval_50114_high.npy,49d2c23dcbcc0ab24364ce9390adedd71ca8e548bf47387a531a5311c6d1060d
projectile_gravity_v3_fixedpos_freefall,eval_50114_high_conflict,eval_50114_high,eval_50114,50114,eval,0.05493257764753111,high,0.451480802160505,red,conflict,0.5,0.65,0.0,0.0,20,20,129,64,65,"[0.5, 0.65]","[0.0, 0.0]",eval_50114_high_conflict.mp4,eval_50114_high.npy,49d2c23dcbcc0ab24364ce9390adedd71ca8e548bf47387a531a5311c6d1060d
projectile_gravity_v3_fixedpos_freefall,eval_50115_low_aligned,eval_50115_low,eval_50115,50115,eval,0.02321975927623197,low,0.9190799671014531,red,aligned,0.5,0.65,0.0,0.0,20,20,129,64,65,"[0.5, 0.65]","[0.0, 0.0]",eval_50115_low_aligned.mp4,eval_50115_low.npy,49d2c23dcbcc0ab24364ce9390adedd71ca8e548bf47387a531a5311c6d1060d
projectile_gravity_v3_fixedpos_freefall,eval_50115_low_conflict,eval_50115_low,eval_50115,50115,eval,0.02321975927623197,low,0.9190799671014531,blue,conflict,0.5,0.65,0.0,0.0,20,20,129,64,65,"[0.5, 0.65]","[0.0, 0.0]",eval_50115_low_conflict.mp4,eval_50115_low.npy,49d2c23dcbcc0ab24364ce9390adedd71ca8e548bf47387a531a5311c6d1060d
projectile_gravity_v3_fixedpos_freefall,eval_50115_high_aligned,eval_50115_high,eval_50115,50115,eval,0.06521975927623197,high,0.9190799671014531,blue,aligned,0.5,0.65,0.0,0.0,20,20,129,64,65,"[0.5, 0.65]","[0.0, 0.0]",eval_50115_high_aligned.mp4,eval_50115_high.npy,49d2c23dcbcc0ab24364ce9390adedd71ca8e548bf47387a531a5311c6d1060d
projectile_gravity_v3_fixedpos_freefall,eval_50115_high_conflict,eval_50115_high,eval_50115,50115,eval,0.06521975927623197,high,0.9190799671014531,red,conflict,0.5,0.65,0.0,0.0,20,20,129,64,65,"[0.5, 0.65]","[0.0, 0.0]",eval_50115_high_conflict.mp4,eval_50115_high.npy,49d2c23dcbcc0ab24364ce9390adedd71ca8e548bf47387a531a5311c6d1060d
projectile_gravity_v3_fixedpos_freefall,eval_50116_low_aligned,eval_50116_low,eval_50116,50116,eval,0.02051914079569642,low,0.7963245816225646,red,aligned,0.5,0.65,0.0,0.0,20,20,129,64,65,"[0.5, 0.65]","[0.0, 0.0]",eval_50116_low_aligned.mp4,eval_50116_low.npy,49d2c23dcbcc0ab24364ce9390adedd71ca8e548bf47387a531a5311c6d1060d
projectile_gravity_v3_fixedpos_freefall,eval_50116_low_conflict,eval_50116_low,eval_50116,50116,eval,0.02051914079569642,low,0.7963245816225646,blue,conflict,0.5,0.65,0.0,0.0,20,20,129,64,65,"[0.5, 0.65]","[0.0, 0.0]",eval_50116_low_conflict.mp4,eval_50116_low.npy,49d2c23dcbcc0ab24364ce9390adedd71ca8e548bf47387a531a5311c6d1060d
projectile_gravity_v3_fixedpos_freefall,eval_50116_high_aligned,eval_50116_high,eval_50116,50116,eval,0.06251914079569643,high,0.7963245816225646,blue,aligned,0.5,0.65,0.0,0.0,20,20,129,64,65,"[0.5, 0.65]","[0.0, 0.0]",eval_50116_high_aligned.mp4,eval_50116_high.npy,49d2c23dcbcc0ab24364ce9390adedd71ca8e548bf47387a531a5311c6d1060d
projectile_gravity_v3_fixedpos_freefall,eval_50116_high_conflict,eval_50116_high,eval_50116,50116,eval,0.06251914079569643,high,0.7963245816225646,red,conflict,0.5,0.65,0.0,0.0,20,20,129,64,65,"[0.5, 0.65]","[0.0, 0.0]",eval_50116_high_conflict.mp4,eval_50116_high.npy,49d2c23dcbcc0ab24364ce9390adedd71ca8e548bf47387a531a5311c6d1060d
projectile_gravity_v3_fixedpos_freefall,eval_50117_low_aligned,eval_50117_low,eval_50117,50117,eval,0.017127640494918543,low,0.6421654770417519,red,aligned,0.5,0.65,0.0,0.0,20,20,129,64,65,"[0.5, 0.65]","[0.0, 0.0]",eval_50117_low_aligned.mp4,eval_50117_low.npy,49d2c23dcbcc0ab24364ce9390adedd71ca8e548bf47387a531a5311c6d1060d
projectile_gravity_v3_fixedpos_freefall,eval_50117_low_conflict,eval_50117_low,eval_50117,50117,eval,0.017127640494918543,low,0.6421654770417519,blue,conflict,0.5,0.65,0.0,0.0,20,20,129,64,65,"[0.5, 0.65]","[0.0, 0.0]",eval_50117_low_conflict.mp4,eval_50117_low.npy,49d2c23dcbcc0ab24364ce9390adedd71ca8e548bf47387a531a5311c6d1060d
projectile_gravity_v3_fixedpos_freefall,eval_50117_high_aligned,eval_50117_high,eval_50117,50117,eval,0.059127640494918546,high,0.6421654770417519,blue,aligned,0.5,0.65,0.0,0.0,20,20,129,64,65,"[0.5, 0.65]","[0.0, 0.0]",eval_50117_high_aligned.mp4,eval_50117_high.npy,49d2c23dcbcc0ab24364ce9390adedd71ca8e548bf47387a531a5311c6d1060d
projectile_gravity_v3_fixedpos_freefall,eval_50117_high_conflict,eval_50117_high,eval_50117,50117,eval,0.059127640494918546,high,0.6421654770417519,red,conflict,0.5,0.65,0.0,0.0,20,20,129,64,65,"[0.5, 0.65]","[0.0, 0.0]",eval_50117_high_conflict.mp4,eval_50117_high.npy,49d2c23dcbcc0ab24364ce9390adedd71ca8e548bf47387a531a5311c6d1060d
projectile_gravity_v3_fixedpos_freefall,eval_50118_low_aligned,eval_50118_low,eval_50118,50118,eval,0.003650014233431919,low,0.02954610151963266,red,aligned,0.5,0.65,0.0,0.0,20,20,129,64,65,"[0.5, 0.65]","[0.0, 0.0]",eval_50118_low_aligned.mp4,eval_50118_low.npy,49d2c23dcbcc0ab24364ce9390adedd71ca8e548bf47387a531a5311c6d1060d
projectile_gravity_v3_fixedpos_freefall,eval_50118_low_conflict,eval_50118_low,eval_50118,50118,eval,0.003650014233431919,low,0.02954610151963266,blue,conflict,0.5,0.65,0.0,0.0,20,20,129,64,65,"[0.5, 0.65]","[0.0, 0.0]",eval_50118_low_conflict.mp4,eval_50118_low.npy,49d2c23dcbcc0ab24364ce9390adedd71ca8e548bf47387a531a5311c6d1060d
projectile_gravity_v3_fixedpos_freefall,eval_50118_high_aligned,eval_50118_high,eval_50118,50118,eval,0.045650014233431915,high,0.02954610151963266,blue,aligned,0.5,0.65,0.0,0.0,20,20,129,64,65,"[0.5, 0.65]","[0.0, 0.0]",eval_50118_high_aligned.mp4,eval_50118_high.npy,49d2c23dcbcc0ab24364ce9390adedd71ca8e548bf47387a531a5311c6d1060d
projectile_gravity_v3_fixedpos_freefall,eval_50118_high_conflict,eval_50118_high,eval_50118,50118,eval,0.045650014233431915,high,0.02954610151963266,red,conflict,0.5,0.65,0.0,0.0,20,20,129,64,65,"[0.5, 0.65]","[0.0, 0.0]",eval_50118_high_conflict.mp4,eval_50118_high.npy,49d2c23dcbcc0ab24364ce9390adedd71ca8e548bf47387a531a5311c6d1060d
projectile_gravity_v3_fixedpos_freefall,eval_50119_low_aligned,eval_50119_low,eval_50119,50119,eval,0.023327032889552898,low,0.9239560404342225,red,aligned,0.5,0.65,0.0,0.0,20,20,129,64,65,"[0.5, 0.65]","[0.0, 0.0]",eval_50119_low_aligned.mp4,eval_50119_low.npy,49d2c23dcbcc0ab24364ce9390adedd71ca8e548bf47387a531a5311c6d1060d
projectile_gravity_v3_fixedpos_freefall,eval_50119_low_conflict,eval_50119_low,eval_50119,50119,eval,0.023327032889552898,low,0.9239560404342225,blue,conflict,0.5,0.65,0.0,0.0,20,20,129,64,65,"[0.5, 0.65]","[0.0, 0.0]",eval_50119_low_conflict.mp4,eval_50119_low.npy,49d2c23dcbcc0ab24364ce9390adedd71ca8e548bf47387a531a5311c6d1060d
projectile_gravity_v3_fixedpos_freefall,eval_50119_high_aligned,eval_50119_high,eval_50119,50119,eval,0.0653270328895529,high,0.9239560404342225,blue,aligned,0.5,0.65,0.0,0.0,20,20,129,64,65,"[0.5, 0.65]","[0.0, 0.0]",eval_50119_high_aligned.mp4,eval_50119_high.npy,49d2c23dcbcc0ab24364ce9390adedd71ca8e548bf47387a531a5311c6d1060d
projectile_gravity_v3_fixedpos_freefall,eval_50119_high_conflict,eval_50119_high,eval_50119,50119,eval,0.0653270328895529,high,0.9239560404342225,red,conflict,0.5,0.65,0.0,0.0,20,20,129,64,65,"[0.5, 0.65]","[0.0, 0.0]",eval_50119_high_conflict.mp4,eval_50119_high.npy,49d2c23dcbcc0ab24364ce9390adedd71ca8e548bf47387a531a5311c6d1060d
projectile_gravity_v3_fixedpos_freefall,eval_50120_low_aligned,eval_50120_low,eval_50120,50120,eval,0.02338017222884851,low,0.9263714649476595,red,aligned,0.5,0.65,0.0,0.0,20,20,129,64,65,"[0.5, 0.65]","[0.0, 0.0]",eval_50120_low_aligned.mp4,eval_50120_low.npy,49d2c23dcbcc0ab24364ce9390adedd71ca8e548bf47387a531a5311c6d1060d
projectile_gravity_v3_fixedpos_freefall,eval_50120_low_conflict,eval_50120_low,eval_50120,50120,eval,0.02338017222884851,low,0.9263714649476595,blue,conflict,0.5,0.65,0.0,0.0,20,20,129,64,65,"[0.5, 0.65]","[0.0, 0.0]",eval_50120_low_conflict.mp4,eval_50120_low.npy,49d2c23dcbcc0ab24364ce9390adedd71ca8e548bf47387a531a5311c6d1060d
projectile_gravity_v3_fixedpos_freefall,eval_50120_high_aligned,eval_50120_high,eval_50120,50120,eval,0.06538017222884851,high,0.9263714649476595,blue,aligned,0.5,0.65,0.0,0.0,20,20,129,64,65,"[0.5, 0.65]","[0.0, 0.0]",eval_50120_high_aligned.mp4,eval_50120_high.npy,49d2c23dcbcc0ab24364ce9390adedd71ca8e548bf47387a531a5311c6d1060d
projectile_gravity_v3_fixedpos_freefall,eval_50120_high_conflict,eval_50120_high,eval_50120,50120,eval,0.06538017222884851,high,0.9263714649476595,red,conflict,0.5,0.65,0.0,0.0,20,20,129,64,65,"[0.5, 0.65]","[0.0, 0.0]",eval_50120_high_conflict.mp4,eval_50120_high.npy,49d2c23dcbcc0ab24364ce9390adedd71ca8e548bf47387a531a5311c6d1060d
projectile_gravity_v3_fixedpos_freefall,eval_50121_low_aligned,eval_50121_low,eval_50121,50121,eval,0.022650235956182062,low,0.893192543462821,red,aligned,0.5,0.65,0.0,0.0,20,20,129,64,65,"[0.5, 0.65]","[0.0, 0.0]",eval_50121_low_aligned.mp4,eval_50121_low.npy,49d2c23dcbcc0ab24364ce9390adedd71ca8e548bf47387a531a5311c6d1060d
projectile_gravity_v3_fixedpos_freefall,eval_50121_low_conflict,eval_50121_low,eval_50121,50121,eval,0.022650235956182062,low,0.893192543462821,blue,conflict,0.5,0.65,0.0,0.0,20,20,129,64,65,"[0.5, 0.65]","[0.0, 0.0]",eval_50121_low_conflict.mp4,eval_50121_low.npy,49d2c23dcbcc0ab24364ce9390adedd71ca8e548bf47387a531a5311c6d1060d
projectile_gravity_v3_fixedpos_freefall,eval_50121_high_aligned,eval_50121_high,eval_50121,50121,eval,0.06465023595618206,high,0.893192543462821,blue,aligned,0.5,0.65,0.0,0.0,20,20,129,64,65,"[0.5, 0.65]","[0.0, 0.0]",eval_50121_high_aligned.mp4,eval_50121_high.npy,49d2c23dcbcc0ab24364ce9390adedd71ca8e548bf47387a531a5311c6d1060d
projectile_gravity_v3_fixedpos_freefall,eval_50121_high_conflict,eval_50121_high,eval_50121,50121,eval,0.06465023595618206,high,0.893192543462821,red,conflict,0.5,0.65,0.0,0.0,20,20,129,64,65,"[0.5, 0.65]","[0.0, 0.0]",eval_50121_high_conflict.mp4,eval_50121_high.npy,49d2c23dcbcc0ab24364ce9390adedd71ca8e548bf47387a531a5311c6d1060d
projectile_gravity_v3_fixedpos_freefall,eval_50122_low_aligned,eval_50122_low,eval_50122,50122,eval,0.023721122491688458,low,0.9418692041676571,red,aligned,0.5,0.65,0.0,0.0,20,20,129,64,65,"[0.5, 0.65]","[0.0, 0.0]",eval_50122_low_aligned.mp4,eval_50122_low.npy,49d2c23dcbcc0ab24364ce9390adedd71ca8e548bf47387a531a5311c6d1060d
projectile_gravity_v3_fixedpos_freefall,eval_50122_low_conflict,eval_50122_low,eval_50122,50122,eval,0.023721122491688458,low,0.9418692041676571,blue,conflict,0.5,0.65,0.0,0.0,20,20,129,64,65,"[0.5, 0.65]","[0.0, 0.0]",eval_50122_low_conflict.mp4,eval_50122_low.npy,49d2c23dcbcc0ab24364ce9390adedd71ca8e548bf47387a531a5311c6d1060d
projectile_gravity_v3_fixedpos_freefall,eval_50122_high_aligned,eval_50122_high,eval_50122,50122,eval,0.06572112249168846,high,0.9418692041676571,blue,aligned,0.5,0.65,0.0,0.0,20,20,129,64,65,"[0.5, 0.65]","[0.0, 0.0]",eval_50122_high_aligned.mp4,eval_50122_high.npy,49d2c23dcbcc0ab24364ce9390adedd71ca8e548bf47387a531a5311c6d1060d
projectile_gravity_v3_fixedpos_freefall,eval_50122_high_conflict,eval_50122_high,eval_50122,50122,eval,0.06572112249168846,high,0.9418692041676571,red,conflict,0.5,0.65,0.0,0.0,20,20,129,64,65,"[0.5, 0.65]","[0.0, 0.0]",eval_50122_high_conflict.mp4,eval_50122_high.npy,49d2c23dcbcc0ab24364ce9390adedd71ca8e548bf47387a531a5311c6d1060d
projectile_gravity_v3_fixedpos_freefall,eval_50123_low_aligned,eval_50123_low,eval_50123,50123,eval,0.009579040498443058,low,0.2990472953837753,red,aligned,0.5,0.65,0.0,0.0,20,20,129,64,65,"[0.5, 0.65]","[0.0, 0.0]",eval_50123_low_aligned.mp4,eval_50123_low.npy,49d2c23dcbcc0ab24364ce9390adedd71ca8e548bf47387a531a5311c6d1060d
projectile_gravity_v3_fixedpos_freefall,eval_50123_low_conflict,eval_50123_low,eval_50123,50123,eval,0.009579040498443058,low,0.2990472953837753,blue,conflict,0.5,0.65,0.0,0.0,20,20,129,64,65,"[0.5, 0.65]","[0.0, 0.0]",eval_50123_low_conflict.mp4,eval_50123_low.npy,49d2c23dcbcc0ab24364ce9390adedd71ca8e548bf47387a531a5311c6d1060d
projectile_gravity_v3_fixedpos_freefall,eval_50123_high_aligned,eval_50123_high,eval_50123,50123,eval,0.05157904049844306,high,0.2990472953837753,blue,aligned,0.5,0.65,0.0,0.0,20,20,129,64,65,"[0.5, 0.65]","[0.0, 0.0]",eval_50123_high_aligned.mp4,eval_50123_high.npy,49d2c23dcbcc0ab24364ce9390adedd71ca8e548bf47387a531a5311c6d1060d
projectile_gravity_v3_fixedpos_freefall,eval_50123_high_conflict,eval_50123_high,eval_50123,50123,eval,0.05157904049844306,high,0.2990472953837753,red,conflict,0.5,0.65,0.0,0.0,20,20,129,64,65,"[0.5, 0.65]","[0.0, 0.0]",eval_50123_high_conflict.mp4,eval_50123_high.npy,49d2c23dcbcc0ab24364ce9390adedd71ca8e548bf47387a531a5311c6d1060d
projectile_gravity_v3_fixedpos_freefall,eval_50124_low_aligned,eval_50124_low,eval_50124,50124,eval,0.02421672712945674,low,0.964396687702579,red,aligned,0.5,0.65,0.0,0.0,20,20,129,64,65,"[0.5, 0.65]","[0.0, 0.0]",eval_50124_low_aligned.mp4,eval_50124_low.npy,49d2c23dcbcc0ab24364ce9390adedd71ca8e548bf47387a531a5311c6d1060d
projectile_gravity_v3_fixedpos_freefall,eval_50124_low_conflict,eval_50124_low,eval_50124,50124,eval,0.02421672712945674,low,0.964396687702579,blue,conflict,0.5,0.65,0.0,0.0,20,20,129,64,65,"[0.5, 0.65]","[0.0, 0.0]",eval_50124_low_conflict.mp4,eval_50124_low.npy,49d2c23dcbcc0ab24364ce9390adedd71ca8e548bf47387a531a5311c6d1060d
projectile_gravity_v3_fixedpos_freefall,eval_50124_high_aligned,eval_50124_high,eval_50124,50124,eval,0.06621672712945674,high,0.964396687702579,blue,aligned,0.5,0.65,0.0,0.0,20,20,129,64,65,"[0.5, 0.65]","[0.0, 0.0]",eval_50124_high_aligned.mp4,eval_50124_high.npy,49d2c23dcbcc0ab24364ce9390adedd71ca8e548bf47387a531a5311c6d1060d
projectile_gravity_v3_fixedpos_freefall,eval_50124_high_conflict,eval_50124_high,eval_50124,50124,eval,0.06621672712945674,high,0.964396687702579,red,conflict,0.5,0.65,0.0,0.0,20,20,129,64,65,"[0.5, 0.65]","[0.0, 0.0]",eval_50124_high_conflict.mp4,eval_50124_high.npy,49d2c23dcbcc0ab24364ce9390adedd71ca8e548bf47387a531a5311c6d1060d
projectile_gravity_v3_fixedpos_freefall,eval_50125_low_aligned,eval_50125_low,eval_50125,50125,eval,0.010951549787766014,low,0.3614340812620914,red,aligned,0.5,0.65,0.0,0.0,20,20,129,64,65,"[0.5, 0.65]","[0.0, 0.0]",eval_50125_low_aligned.mp4,eval_50125_low.npy,49d2c23dcbcc0ab24364ce9390adedd71ca8e548bf47387a531a5311c6d1060d
projectile_gravity_v3_fixedpos_freefall,eval_50125_low_conflict,eval_50125_low,eval_50125,50125,eval,0.010951549787766014,low,0.3614340812620914,blue,conflict,0.5,0.65,0.0,0.0,20,20,129,64,65,"[0.5, 0.65]","[0.0, 0.0]",eval_50125_low_conflict.mp4,eval_50125_low.npy,49d2c23dcbcc0ab24364ce9390adedd71ca8e548bf47387a531a5311c6d1060d
projectile_gravity_v3_fixedpos_freefall,eval_50125_high_aligned,eval_50125_high,eval_50125,50125,eval,0.05295154978776601,high,0.3614340812620914,blue,aligned,0.5,0.65,0.0,0.0,20,20,129,64,65,"[0.5, 0.65]","[0.0, 0.0]",eval_50125_high_aligned.mp4,eval_50125_high.npy,49d2c23dcbcc0ab24364ce9390adedd71ca8e548bf47387a531a5311c6d1060d
projectile_gravity_v3_fixedpos_freefall,eval_50125_high_conflict,eval_50125_high,eval_50125,50125,eval,0.05295154978776601,high,0.3614340812620914,red,conflict,0.5,0.65,0.0,0.0,20,20,129,64,65,"[0.5, 0.65]","[0.0, 0.0]",eval_50125_high_conflict.mp4,eval_50125_high.npy,49d2c23dcbcc0ab24364ce9390adedd71ca8e548bf47387a531a5311c6d1060d
projectile_gravity_v3_fixedpos_freefall,eval_50126_low_aligned,eval_50126_low,eval_50126,50126,eval,0.010839371411808962,low,0.35633506417313465,red,aligned,0.5,0.65,0.0,0.0,20,20,129,64,65,"[0.5, 0.65]","[0.0, 0.0]",eval_50126_low_aligned.mp4,eval_50126_low.npy,49d2c23dcbcc0ab24364ce9390adedd71ca8e548bf47387a531a5311c6d1060d
projectile_gravity_v3_fixedpos_freefall,eval_50126_low_conflict,eval_50126_low,eval_50126,50126,eval,0.010839371411808962,low,0.35633506417313465,blue,conflict,0.5,0.65,0.0,0.0,20,20,129,64,65,"[0.5, 0.65]","[0.0, 0.0]",eval_50126_low_conflict.mp4,eval_50126_low.npy,49d2c23dcbcc0ab24364ce9390adedd71ca8e548bf47387a531a5311c6d1060d
projectile_gravity_v3_fixedpos_freefall,eval_50126_high_aligned,eval_50126_high,eval_50126,50126,eval,0.052839371411808965,high,0.35633506417313465,blue,aligned,0.5,0.65,0.0,0.0,20,20,129,64,65,"[0.5, 0.65]","[0.0, 0.0]",eval_50126_high_aligned.mp4,eval_50126_high.npy,49d2c23dcbcc0ab24364ce9390adedd71ca8e548bf47387a531a5311c6d1060d
projectile_gravity_v3_fixedpos_freefall,eval_50126_high_conflict,eval_50126_high,eval_50126,50126,eval,0.052839371411808965,high,0.35633506417313465,red,conflict,0.5,0.65,0.0,0.0,20,20,129,64,65,"[0.5, 0.65]","[0.0, 0.0]",eval_50126_high_conflict.mp4,eval_50126_high.npy,49d2c23dcbcc0ab24364ce9390adedd71ca8e548bf47387a531a5311c6d1060d
projectile_gravity_v3_fixedpos_freefall,eval_50127_low_aligned,eval_50127_low,eval_50127,50127,eval,0.019008954916898687,low,0.7276797689499402,red,aligned,0.5,0.65,0.0,0.0,20,20,129,64,65,"[0.5, 0.65]","[0.0, 0.0]",eval_50127_low_aligned.mp4,eval_50127_low.npy,49d2c23dcbcc0ab24364ce9390adedd71ca8e548bf47387a531a5311c6d1060d
projectile_gravity_v3_fixedpos_freefall,eval_50127_low_conflict,eval_50127_low,eval_50127,50127,eval,0.019008954916898687,low,0.7276797689499402,blue,conflict,0.5,0.65,0.0,0.0,20,20,129,64,65,"[0.5, 0.65]","[0.0, 0.0]",eval_50127_low_conflict.mp4,eval_50127_low.npy,49d2c23dcbcc0ab24364ce9390adedd71ca8e548bf47387a531a5311c6d1060d
projectile_gravity_v3_fixedpos_freefall,eval_50127_high_aligned,eval_50127_high,eval_50127,50127,eval,0.061008954916898686,high,0.7276797689499402,blue,aligned,0.5,0.65,0.0,0.0,20,20,129,64,65,"[0.5, 0.65]","[0.0, 0.0]",eval_50127_high_aligned.mp4,eval_50127_high.npy,49d2c23dcbcc0ab24364ce9390adedd71ca8e548bf47387a531a5311c6d1060d
projectile_gravity_v3_fixedpos_freefall,eval_50127_high_conflict,eval_50127_high,eval_50127,50127,eval,0.061008954916898686,high,0.7276797689499402,red,conflict,0.5,0.65,0.0,0.0,20,20,129,64,65,"[0.5, 0.65]","[0.0, 0.0]",eval_50127_high_conflict.mp4,eval_50127_high.npy,49d2c23dcbcc0ab24364ce9390adedd71ca8e548bf47387a531a5311c6d1060d
projectile_gravity_v3_fixedpos_freefall,eval_50128_low_aligned,eval_50128_low,eval_50128,50128,eval,0.007191669152746098,low,0.19053041603391352,red,aligned,0.5,0.65,0.0,0.0,20,20,129,64,65,"[0.5, 0.65]","[0.0, 0.0]",eval_50128_low_aligned.mp4,eval_50128_low.npy,49d2c23dcbcc0ab24364ce9390adedd71ca8e548bf47387a531a5311c6d1060d
projectile_gravity_v3_fixedpos_freefall,eval_50128_low_conflict,eval_50128_low,eval_50128,50128,eval,0.007191669152746098,low,0.19053041603391352,blue,conflict,0.5,0.65,0.0,0.0,20,20,129,64,65,"[0.5, 0.65]","[0.0, 0.0]",eval_50128_low_conflict.mp4,eval_50128_low.npy,49d2c23dcbcc0ab24364ce9390adedd71ca8e548bf47387a531a5311c6d1060d
projectile_gravity_v3_fixedpos_freefall,eval_50128_high_aligned,eval_50128_high,eval_50128,50128,eval,0.049191669152746094,high,0.19053041603391352,blue,aligned,0.5,0.65,0.0,0.0,20,20,129,64,65,"[0.5, 0.65]","[0.0, 0.0]",eval_50128_high_aligned.mp4,eval_50128_high.npy,49d2c23dcbcc0ab24364ce9390adedd71ca8e548bf47387a531a5311c6d1060d
projectile_gravity_v3_fixedpos_freefall,eval_50128_high_conflict,eval_50128_high,eval_50128,50128,eval,0.049191669152746094,high,0.19053041603391352,red,conflict,0.5,0.65,0.0,0.0,20,20,129,64,65,"[0.5, 0.65]","[0.0, 0.0]",eval_50128_high_conflict.mp4,eval_50128_high.npy,49d2c23dcbcc0ab24364ce9390adedd71ca8e548bf47387a531a5311c6d1060d
projectile_gravity_v3_fixedpos_freefall,eval_50129_low_aligned,eval_50129_low,eval_50129,50129,eval,0.007005354190381867,low,0.18206155410826663,red,aligned,0.5,0.65,0.0,0.0,20,20,129,64,65,"[0.5, 0.65]","[0.0, 0.0]",eval_50129_low_aligned.mp4,eval_50129_low.npy,49d2c23dcbcc0ab24364ce9390adedd71ca8e548bf47387a531a5311c6d1060d
projectile_gravity_v3_fixedpos_freefall,eval_50129_low_conflict,eval_50129_low,eval_50129,50129,eval,0.007005354190381867,low,0.18206155410826663,blue,conflict,0.5,0.65,0.0,0.0,20,20,129,64,65,"[0.5, 0.65]","[0.0, 0.0]",eval_50129_low_conflict.mp4,eval_50129_low.npy,49d2c23dcbcc0ab24364ce9390adedd71ca8e548bf47387a531a5311c6d1060d
projectile_gravity_v3_fixedpos_freefall,eval_50129_high_aligned,eval_50129_high,eval_50129,50129,eval,0.049005354190381864,high,0.18206155410826663,blue,aligned,0.5,0.65,0.0,0.0,20,20,129,64,65,"[0.5, 0.65]","[0.0, 0.0]",eval_50129_high_aligned.mp4,eval_50129_high.npy,49d2c23dcbcc0ab24364ce9390adedd71ca8e548bf47387a531a5311c6d1060d
projectile_gravity_v3_fixedpos_freefall,eval_50129_high_conflict,eval_50129_high,eval_50129,50129,eval,0.049005354190381864,high,0.18206155410826663,red,conflict,0.5,0.65,0.0,0.0,20,20,129,64,65,"[0.5, 0.65]","[0.0, 0.0]",eval_50129_high_conflict.mp4,eval_50129_high.npy,49d2c23dcbcc0ab24364ce9390adedd71ca8e548bf47387a531a5311c6d1060d
projectile_gravity_v3_fixedpos_freefall,eval_50130_low_aligned,eval_50130_low,eval_50130,50130,eval,0.011065502767167737,low,0.366613762143988,red,aligned,0.5,0.65,0.0,0.0,20,20,129,64,65,"[0.5, 0.65]","[0.0, 0.0]",eval_50130_low_aligned.mp4,eval_50130_low.npy,49d2c23dcbcc0ab24364ce9390adedd71ca8e548bf47387a531a5311c6d1060d
projectile_gravity_v3_fixedpos_freefall,eval_50130_low_conflict,eval_50130_low,eval_50130,50130,eval,0.011065502767167737,low,0.366613762143988,blue,conflict,0.5,0.65,0.0,0.0,20,20,129,64,65,"[0.5, 0.65]","[0.0, 0.0]",eval_50130_low_conflict.mp4,eval_50130_low.npy,49d2c23dcbcc0ab24364ce9390adedd71ca8e548bf47387a531a5311c6d1060d
projectile_gravity_v3_fixedpos_freefall,eval_50130_high_aligned,eval_50130_high,eval_50130,50130,eval,0.05306550276716773,high,0.366613762143988,blue,aligned,0.5,0.65,0.0,0.0,20,20,129,64,65,"[0.5, 0.65]","[0.0, 0.0]",eval_50130_high_aligned.mp4,eval_50130_high.npy,49d2c23dcbcc0ab24364ce9390adedd71ca8e548bf47387a531a5311c6d1060d
projectile_gravity_v3_fixedpos_freefall,eval_50130_high_conflict,eval_50130_high,eval_50130,50130,eval,0.05306550276716773,high,0.366613762143988,red,conflict,0.5,0.65,0.0,0.0,20,20,129,64,65,"[0.5, 0.65]","[0.0, 0.0]",eval_50130_high_conflict.mp4,eval_50130_high.npy,49d2c23dcbcc0ab24364ce9390adedd71ca8e548bf47387a531a5311c6d1060d
projectile_gravity_v3_fixedpos_freefall,eval_50131_low_aligned,eval_50131_low,eval_50131,50131,eval,0.01842154618008821,low,0.7009793718221913,red,aligned,0.5,0.65,0.0,0.0,20,20,129,64,65,"[0.5, 0.65]","[0.0, 0.0]",eval_50131_low_aligned.mp4,eval_50131_low.npy,49d2c23dcbcc0ab24364ce9390adedd71ca8e548bf47387a531a5311c6d1060d
projectile_gravity_v3_fixedpos_freefall,eval_50131_low_conflict,eval_50131_low,eval_50131,50131,eval,0.01842154618008821,low,0.7009793718221913,blue,conflict,0.5,0.65,0.0,0.0,20,20,129,64,65,"[0.5, 0.65]","[0.0, 0.0]",eval_50131_low_conflict.mp4,eval_50131_low.npy,49d2c23dcbcc0ab24364ce9390adedd71ca8e548bf47387a531a5311c6d1060d
projectile_gravity_v3_fixedpos_freefall,eval_50131_high_aligned,eval_50131_high,eval_50131,50131,eval,0.06042154618008821,high,0.7009793718221913,blue,aligned,0.5,0.65,0.0,0.0,20,20,129,64,65,"[0.5, 0.65]","[0.0, 0.0]",eval_50131_high_aligned.mp4,eval_50131_high.npy,49d2c23dcbcc0ab24364ce9390adedd71ca8e548bf47387a531a5311c6d1060d
projectile_gravity_v3_fixedpos_freefall,eval_50131_high_conflict,eval_50131_high,eval_50131,50131,eval,0.06042154618008821,high,0.7009793718221913,red,conflict,0.5,0.65,0.0,0.0,20,20,129,64,65,"[0.5, 0.65]","[0.0, 0.0]",eval_50131_high_conflict.mp4,eval_50131_high.npy,49d2c23dcbcc0ab24364ce9390adedd71ca8e548bf47387a531a5311c6d1060d
projectile_gravity_v3_fixedpos_freefall,eval_50132_low_aligned,eval_50132_low,eval_50132,50132,eval,0.013761767259382024,low,0.48917123906281923,red,aligned,0.5,0.65,0.0,0.0,20,20,129,64,65,"[0.5, 0.65]","[0.0, 0.0]",eval_50132_low_aligned.mp4,eval_50132_low.npy,49d2c23dcbcc0ab24364ce9390adedd71ca8e548bf47387a531a5311c6d1060d
projectile_gravity_v3_fixedpos_freefall,eval_50132_low_conflict,eval_50132_low,eval_50132,50132,eval,0.013761767259382024,low,0.48917123906281923,blue,conflict,0.5,0.65,0.0,0.0,20,20,129,64,65,"[0.5, 0.65]","[0.0, 0.0]",eval_50132_low_conflict.mp4,eval_50132_low.npy,49d2c23dcbcc0ab24364ce9390adedd71ca8e548bf47387a531a5311c6d1060d
projectile_gravity_v3_fixedpos_freefall,eval_50132_high_aligned,eval_50132_high,eval_50132,50132,eval,0.05576176725938203,high,0.48917123906281923,blue,aligned,0.5,0.65,0.0,0.0,20,20,129,64,65,"[0.5, 0.65]","[0.0, 0.0]",eval_50132_high_aligned.mp4,eval_50132_high.npy,49d2c23dcbcc0ab24364ce9390adedd71ca8e548bf47387a531a5311c6d1060d
projectile_gravity_v3_fixedpos_freefall,eval_50132_high_conflict,eval_50132_high,eval_50132,50132,eval,0.05576176725938203,high,0.48917123906281923,red,conflict,0.5,0.65,0.0,0.0,20,20,129,64,65,"[0.5, 0.65]","[0.0, 0.0]",eval_50132_high_conflict.mp4,eval_50132_high.npy,49d2c23dcbcc0ab24364ce9390adedd71ca8e548bf47387a531a5311c6d1060d
projectile_gravity_v3_fixedpos_freefall,eval_50133_low_aligned,eval_50133_low,eval_50133,50133,eval,0.019193074877152484,low,0.7360488580523856,red,aligned,0.5,0.65,0.0,0.0,20,20,129,64,65,"[0.5, 0.65]","[0.0, 0.0]",eval_50133_low_aligned.mp4,eval_50133_low.npy,49d2c23dcbcc0ab24364ce9390adedd71ca8e548bf47387a531a5311c6d1060d
projectile_gravity_v3_fixedpos_freefall,eval_50133_low_conflict,eval_50133_low,eval_50133,50133,eval,0.019193074877152484,low,0.7360488580523856,blue,conflict,0.5,0.65,0.0,0.0,20,20,129,64,65,"[0.5, 0.65]","[0.0, 0.0]",eval_50133_low_conflict.mp4,eval_50133_low.npy,49d2c23dcbcc0ab24364ce9390adedd71ca8e548bf47387a531a5311c6d1060d
projectile_gravity_v3_fixedpos_freefall,eval_50133_high_aligned,eval_50133_high,eval_50133,50133,eval,0.06119307487715249,high,0.7360488580523856,blue,aligned,0.5,0.65,0.0,0.0,20,20,129,64,65,"[0.5, 0.65]","[0.0, 0.0]",eval_50133_high_aligned.mp4,eval_50133_high.npy,49d2c23dcbcc0ab24364ce9390adedd71ca8e548bf47387a531a5311c6d1060d
projectile_gravity_v3_fixedpos_freefall,eval_50133_high_conflict,eval_50133_high,eval_50133,50133,eval,0.06119307487715249,high,0.7360488580523856,red,conflict,0.5,0.65,0.0,0.0,20,20,129,64,65,"[0.5, 0.65]","[0.0, 0.0]",eval_50133_high_conflict.mp4,eval_50133_high.npy,49d2c23dcbcc0ab24364ce9390adedd71ca8e548bf47387a531a5311c6d1060d
projectile_gravity_v3_fixedpos_freefall,eval_50134_low_aligned,eval_50134_low,eval_50134,50134,eval,0.007032925038365669,low,0.18331477447116673,red,aligned,0.5,0.65,0.0,0.0,20,20,129,64,65,"[0.5, 0.65]","[0.0, 0.0]",eval_50134_low_aligned.mp4,eval_50134_low.npy,49d2c23dcbcc0ab24364ce9390adedd71ca8e548bf47387a531a5311c6d1060d
projectile_gravity_v3_fixedpos_freefall,eval_50134_low_conflict,eval_50134_low,eval_50134,50134,eval,0.007032925038365669,low,0.18331477447116673,blue,conflict,0.5,0.65,0.0,0.0,20,20,129,64,65,"[0.5, 0.65]","[0.0, 0.0]",eval_50134_low_conflict.mp4,eval_50134_low.npy,49d2c23dcbcc0ab24364ce9390adedd71ca8e548bf47387a531a5311c6d1060d
projectile_gravity_v3_fixedpos_freefall,eval_50134_high_aligned,eval_50134_high,eval_50134,50134,eval,0.04903292503836567,high,0.18331477447116673,blue,aligned,0.5,0.65,0.0,0.0,20,20,129,64,65,"[0.5, 0.65]","[0.0, 0.0]",eval_50134_high_aligned.mp4,eval_50134_high.npy,49d2c23dcbcc0ab24364ce9390adedd71ca8e548bf47387a531a5311c6d1060d
projectile_gravity_v3_fixedpos_freefall,eval_50134_high_conflict,eval_50134_high,eval_50134,50134,eval,0.04903292503836567,high,0.18331477447116673,red,conflict,0.5,0.65,0.0,0.0,20,20,129,64,65,"[0.5, 0.65]","[0.0, 0.0]",eval_50134_high_conflict.mp4,eval_50134_high.npy,49d2c23dcbcc0ab24364ce9390adedd71ca8e548bf47387a531a5311c6d1060d
projectile_gravity_v3_fixedpos_freefall,eval_50135_low_aligned,eval_50135_low,eval_50135,50135,eval,0.011477946659801796,low,0.3853612118091725,red,aligned,0.5,0.65,0.0,0.0,20,20,129,64,65,"[0.5, 0.65]","[0.0, 0.0]",eval_50135_low_aligned.mp4,eval_50135_low.npy,49d2c23dcbcc0ab24364ce9390adedd71ca8e548bf47387a531a5311c6d1060d
projectile_gravity_v3_fixedpos_freefall,eval_50135_low_conflict,eval_50135_low,eval_50135,50135,eval,0.011477946659801796,low,0.3853612118091725,blue,conflict,0.5,0.65,0.0,0.0,20,20,129,64,65,"[0.5, 0.65]","[0.0, 0.0]",eval_50135_low_conflict.mp4,eval_50135_low.npy,49d2c23dcbcc0ab24364ce9390adedd71ca8e548bf47387a531a5311c6d1060d
projectile_gravity_v3_fixedpos_freefall,eval_50135_high_aligned,eval_50135_high,eval_50135,50135,eval,0.053477946659801795,high,0.3853612118091725,blue,aligned,0.5,0.65,0.0,0.0,20,20,129,64,65,"[0.5, 0.65]","[0.0, 0.0]",eval_50135_high_aligned.mp4,eval_50135_high.npy,49d2c23dcbcc0ab24364ce9390adedd71ca8e548bf47387a531a5311c6d1060d
projectile_gravity_v3_fixedpos_freefall,eval_50135_high_conflict,eval_50135_high,eval_50135,50135,eval,0.053477946659801795,high,0.3853612118091725,red,conflict,0.5,0.65,0.0,0.0,20,20,129,64,65,"[0.5, 0.65]","[0.0, 0.0]",eval_50135_high_conflict.mp4,eval_50135_high.npy,49d2c23dcbcc0ab24364ce9390adedd71ca8e548bf47387a531a5311c6d1060d
projectile_gravity_v3_fixedpos_freefall,eval_50136_low_aligned,eval_50136_low,eval_50136,50136,eval,0.008634212133291266,low,0.2561005515132393,red,aligned,0.5,0.65,0.0,0.0,20,20,129,64,65,"[0.5, 0.65]","[0.0, 0.0]",eval_50136_low_aligned.mp4,eval_50136_low.npy,49d2c23dcbcc0ab24364ce9390adedd71ca8e548bf47387a531a5311c6d1060d
projectile_gravity_v3_fixedpos_freefall,eval_50136_low_conflict,eval_50136_low,eval_50136,50136,eval,0.008634212133291266,low,0.2561005515132393,blue,conflict,0.5,0.65,0.0,0.0,20,20,129,64,65,"[0.5, 0.65]","[0.0, 0.0]",eval_50136_low_conflict.mp4,eval_50136_low.npy,49d2c23dcbcc0ab24364ce9390adedd71ca8e548bf47387a531a5311c6d1060d
projectile_gravity_v3_fixedpos_freefall,eval_50136_high_aligned,eval_50136_high,eval_50136,50136,eval,0.050634212133291265,high,0.2561005515132393,blue,aligned,0.5,0.65,0.0,0.0,20,20,129,64,65,"[0.5, 0.65]","[0.0, 0.0]",eval_50136_high_aligned.mp4,eval_50136_high.npy,49d2c23dcbcc0ab24364ce9390adedd71ca8e548bf47387a531a5311c6d1060d
projectile_gravity_v3_fixedpos_freefall,eval_50136_high_conflict,eval_50136_high,eval_50136,50136,eval,0.050634212133291265,high,0.2561005515132393,red,conflict,0.5,0.65,0.0,0.0,20,20,129,64,65,"[0.5, 0.65]","[0.0, 0.0]",eval_50136_high_conflict.mp4,eval_50136_high.npy,49d2c23dcbcc0ab24364ce9390adedd71ca8e548bf47387a531a5311c6d1060d
projectile_gravity_v3_fixedpos_freefall,eval_50137_low_aligned,eval_50137_low,eval_50137,50137,eval,0.018780739128516848,low,0.717306324023493,red,aligned,0.5,0.65,0.0,0.0,20,20,129,64,65,"[0.5, 0.65]","[0.0, 0.0]",eval_50137_low_aligned.mp4,eval_50137_low.npy,49d2c23dcbcc0ab24364ce9390adedd71ca8e548bf47387a531a5311c6d1060d
projectile_gravity_v3_fixedpos_freefall,eval_50137_low_conflict,eval_50137_low,eval_50137,50137,eval,0.018780739128516848,low,0.717306324023493,blue,conflict,0.5,0.65,0.0,0.0,20,20,129,64,65,"[0.5, 0.65]","[0.0, 0.0]",eval_50137_low_conflict.mp4,eval_50137_low.npy,49d2c23dcbcc0ab24364ce9390adedd71ca8e548bf47387a531a5311c6d1060d
projectile_gravity_v3_fixedpos_freefall,eval_50137_high_aligned,eval_50137_high,eval_50137,50137,eval,0.06078073912851685,high,0.717306324023493,blue,aligned,0.5,0.65,0.0,0.0,20,20,129,64,65,"[0.5, 0.65]","[0.0, 0.0]",eval_50137_high_aligned.mp4,eval_50137_high.npy,49d2c23dcbcc0ab24364ce9390adedd71ca8e548bf47387a531a5311c6d1060d
projectile_gravity_v3_fixedpos_freefall,eval_50137_high_conflict,eval_50137_high,eval_50137,50137,eval,0.06078073912851685,high,0.717306324023493,red,conflict,0.5,0.65,0.0,0.0,20,20,129,64,65,"[0.5, 0.65]","[0.0, 0.0]",eval_50137_high_conflict.mp4,eval_50137_high.npy,49d2c23dcbcc0ab24364ce9390adedd71ca8e548bf47387a531a5311c6d1060d
projectile_gravity_v3_fixedpos_freefall,eval_50138_low_aligned,eval_50138_low,eval_50138,50138,eval,0.0034086348735981294,low,0.018574312436278606,red,aligned,0.5,0.65,0.0,0.0,20,20,129,64,65,"[0.5, 0.65]","[0.0, 0.0]",eval_50138_low_aligned.mp4,eval_50138_low.npy,49d2c23dcbcc0ab24364ce9390adedd71ca8e548bf47387a531a5311c6d1060d
projectile_gravity_v3_fixedpos_freefall,eval_50138_low_conflict,eval_50138_low,eval_50138,50138,eval,0.0034086348735981294,low,0.018574312436278606,blue,conflict,0.5,0.65,0.0,0.0,20,20,129,64,65,"[0.5, 0.65]","[0.0, 0.0]",eval_50138_low_conflict.mp4,eval_50138_low.npy,49d2c23dcbcc0ab24364ce9390adedd71ca8e548bf47387a531a5311c6d1060d
projectile_gravity_v3_fixedpos_freefall,eval_50138_high_aligned,eval_50138_high,eval_50138,50138,eval,0.04540863487359813,high,0.018574312436278606,blue,aligned,0.5,0.65,0.0,0.0,20,20,129,64,65,"[0.5, 0.65]","[0.0, 0.0]",eval_50138_high_aligned.mp4,eval_50138_high.npy,49d2c23dcbcc0ab24364ce9390adedd71ca8e548bf47387a531a5311c6d1060d
projectile_gravity_v3_fixedpos_freefall,eval_50138_high_conflict,eval_50138_high,eval_50138,50138,eval,0.04540863487359813,high,0.018574312436278606,red,conflict,0.5,0.65,0.0,0.0,20,20,129,64,65,"[0.5, 0.65]","[0.0, 0.0]",eval_50138_high_conflict.mp4,eval_50138_high.npy,49d2c23dcbcc0ab24364ce9390adedd71ca8e548bf47387a531a5311c6d1060d
projectile_gravity_v3_fixedpos_freefall,eval_50139_low_aligned,eval_50139_low,eval_50139,50139,eval,0.017944059332662184,low,0.6792754242119174,red,aligned,0.5,0.65,0.0,0.0,20,20,129,64,65,"[0.5, 0.65]","[0.0, 0.0]",eval_50139_low_aligned.mp4,eval_50139_low.npy,49d2c23dcbcc0ab24364ce9390adedd71ca8e548bf47387a531a5311c6d1060d
projectile_gravity_v3_fixedpos_freefall,eval_50139_low_conflict,eval_50139_low,eval_50139,50139,eval,0.017944059332662184,low,0.6792754242119174,blue,conflict,0.5,0.65,0.0,0.0,20,20,129,64,65,"[0.5, 0.65]","[0.0, 0.0]",eval_50139_low_conflict.mp4,eval_50139_low.npy,49d2c23dcbcc0ab24364ce9390adedd71ca8e548bf47387a531a5311c6d1060d
projectile_gravity_v3_fixedpos_freefall,eval_50139_high_aligned,eval_50139_high,eval_50139,50139,eval,0.05994405933266218,high,0.6792754242119174,blue,aligned,0.5,0.65,0.0,0.0,20,20,129,64,65,"[0.5, 0.65]","[0.0, 0.0]",eval_50139_high_aligned.mp4,eval_50139_high.npy,49d2c23dcbcc0ab24364ce9390adedd71ca8e548bf47387a531a5311c6d1060d
projectile_gravity_v3_fixedpos_freefall,eval_50139_high_conflict,eval_50139_high,eval_50139,50139,eval,0.05994405933266218,high,0.6792754242119174,red,conflict,0.5,0.65,0.0,0.0,20,20,129,64,65,"[0.5, 0.65]","[0.0, 0.0]",eval_50139_high_conflict.mp4,eval_50139_high.npy,49d2c23dcbcc0ab24364ce9390adedd71ca8e548bf47387a531a5311c6d1060d
projectile_gravity_v3_fixedpos_freefall,eval_50140_low_aligned,eval_50140_low,eval_50140,50140,eval,0.01876803654828368,low,0.7167289340128945,red,aligned,0.5,0.65,0.0,0.0,20,20,129,64,65,"[0.5, 0.65]","[0.0, 0.0]",eval_50140_low_aligned.mp4,eval_50140_low.npy,49d2c23dcbcc0ab24364ce9390adedd71ca8e548bf47387a531a5311c6d1060d
projectile_gravity_v3_fixedpos_freefall,eval_50140_low_conflict,eval_50140_low,eval_50140,50140,eval,0.01876803654828368,low,0.7167289340128945,blue,conflict,0.5,0.65,0.0,0.0,20,20,129,64,65,"[0.5, 0.65]","[0.0, 0.0]",eval_50140_low_conflict.mp4,eval_50140_low.npy,49d2c23dcbcc0ab24364ce9390adedd71ca8e548bf47387a531a5311c6d1060d
projectile_gravity_v3_fixedpos_freefall,eval_50140_high_aligned,eval_50140_high,eval_50140,50140,eval,0.06076803654828368,high,0.7167289340128945,blue,aligned,0.5,0.65,0.0,0.0,20,20,129,64,65,"[0.5, 0.65]","[0.0, 0.0]",eval_50140_high_aligned.mp4,eval_50140_high.npy,49d2c23dcbcc0ab24364ce9390adedd71ca8e548bf47387a531a5311c6d1060d
projectile_gravity_v3_fixedpos_freefall,eval_50140_high_conflict,eval_50140_high,eval_50140,50140,eval,0.06076803654828368,high,0.7167289340128945,red,conflict,0.5,0.65,0.0,0.0,20,20,129,64,65,"[0.5, 0.65]","[0.0, 0.0]",eval_50140_high_conflict.mp4,eval_50140_high.npy,49d2c23dcbcc0ab24364ce9390adedd71ca8e548bf47387a531a5311c6d1060d
projectile_gravity_v3_fixedpos_freefall,eval_50141_low_aligned,eval_50141_low,eval_50141,50141,eval,0.00808497266781721,low,0.2311351212644186,red,aligned,0.5,0.65,0.0,0.0,20,20,129,64,65,"[0.5, 0.65]","[0.0, 0.0]",eval_50141_low_aligned.mp4,eval_50141_low.npy,49d2c23dcbcc0ab24364ce9390adedd71ca8e548bf47387a531a5311c6d1060d
projectile_gravity_v3_fixedpos_freefall,eval_50141_low_conflict,eval_50141_low,eval_50141,50141,eval,0.00808497266781721,low,0.2311351212644186,blue,conflict,0.5,0.65,0.0,0.0,20,20,129,64,65,"[0.5, 0.65]","[0.0, 0.0]",eval_50141_low_conflict.mp4,eval_50141_low.npy,49d2c23dcbcc0ab24364ce9390adedd71ca8e548bf47387a531a5311c6d1060d
projectile_gravity_v3_fixedpos_freefall,eval_50141_high_aligned,eval_50141_high,eval_50141,50141,eval,0.05008497266781721,high,0.2311351212644186,blue,aligned,0.5,0.65,0.0,0.0,20,20,129,64,65,"[0.5, 0.65]","[0.0, 0.0]",eval_50141_high_aligned.mp4,eval_50141_high.npy,49d2c23dcbcc0ab24364ce9390adedd71ca8e548bf47387a531a5311c6d1060d
projectile_gravity_v3_fixedpos_freefall,eval_50141_high_conflict,eval_50141_high,eval_50141,50141,eval,0.05008497266781721,high,0.2311351212644186,red,conflict,0.5,0.65,0.0,0.0,20,20,129,64,65,"[0.5, 0.65]","[0.0, 0.0]",eval_50141_high_conflict.mp4,eval_50141_high.npy,49d2c23dcbcc0ab24364ce9390adedd71ca8e548bf47387a531a5311c6d1060d
projectile_gravity_v3_fixedpos_freefall,eval_50142_low_aligned,eval_50142_low,eval_50142,50142,eval,0.003419693060143414,low,0.019076957279246076,red,aligned,0.5,0.65,0.0,0.0,20,20,129,64,65,"[0.5, 0.65]","[0.0, 0.0]",eval_50142_low_aligned.mp4,eval_50142_low.npy,49d2c23dcbcc0ab24364ce9390adedd71ca8e548bf47387a531a5311c6d1060d
projectile_gravity_v3_fixedpos_freefall,eval_50142_low_conflict,eval_50142_low,eval_50142,50142,eval,0.003419693060143414,low,0.019076957279246076,blue,conflict,0.5,0.65,0.0,0.0,20,20,129,64,65,"[0.5, 0.65]","[0.0, 0.0]",eval_50142_low_conflict.mp4,eval_50142_low.npy,49d2c23dcbcc0ab24364ce9390adedd71ca8e548bf47387a531a5311c6d1060d
projectile_gravity_v3_fixedpos_freefall,eval_50142_high_aligned,eval_50142_high,eval_50142,50142,eval,0.045419693060143415,high,0.019076957279246076,blue,aligned,0.5,0.65,0.0,0.0,20,20,129,64,65,"[0.5, 0.65]","[0.0, 0.0]",eval_50142_high_aligned.mp4,eval_50142_high.npy,49d2c23dcbcc0ab24364ce9390adedd71ca8e548bf47387a531a5311c6d1060d
projectile_gravity_v3_fixedpos_freefall,eval_50142_high_conflict,eval_50142_high,eval_50142,50142,eval,0.045419693060143415,high,0.019076957279246076,red,conflict,0.5,0.65,0.0,0.0,20,20,129,64,65,"[0.5, 0.65]","[0.0, 0.0]",eval_50142_high_conflict.mp4,eval_50142_high.npy,49d2c23dcbcc0ab24364ce9390adedd71ca8e548bf47387a531a5311c6d1060d
projectile_gravity_v3_fixedpos_freefall,eval_50143_low_aligned,eval_50143_low,eval_50143,50143,eval,0.02331368708892389,low,0.923349413132904,red,aligned,0.5,0.65,0.0,0.0,20,20,129,64,65,"[0.5, 0.65]","[0.0, 0.0]",eval_50143_low_aligned.mp4,eval_50143_low.npy,49d2c23dcbcc0ab24364ce9390adedd71ca8e548bf47387a531a5311c6d1060d
projectile_gravity_v3_fixedpos_freefall,eval_50143_low_conflict,eval_50143_low,eval_50143,50143,eval,0.02331368708892389,low,0.923349413132904,blue,conflict,0.5,0.65,0.0,0.0,20,20,129,64,65,"[0.5, 0.65]","[0.0, 0.0]",eval_50143_low_conflict.mp4,eval_50143_low.npy,49d2c23dcbcc0ab24364ce9390adedd71ca8e548bf47387a531a5311c6d1060d
projectile_gravity_v3_fixedpos_freefall,eval_50143_high_aligned,eval_50143_high,eval_50143,50143,eval,0.06531368708892389,high,0.923349413132904,blue,aligned,0.5,0.65,0.0,0.0,20,20,129,64,65,"[0.5, 0.65]","[0.0, 0.0]",eval_50143_high_aligned.mp4,eval_50143_high.npy,49d2c23dcbcc0ab24364ce9390adedd71ca8e548bf47387a531a5311c6d1060d
projectile_gravity_v3_fixedpos_freefall,eval_50143_high_conflict,eval_50143_high,eval_50143,50143,eval,0.06531368708892389,high,0.923349413132904,red,conflict,0.5,0.65,0.0,0.0,20,20,129,64,65,"[0.5, 0.65]","[0.0, 0.0]",eval_50143_high_conflict.mp4,eval_50143_high.npy,49d2c23dcbcc0ab24364ce9390adedd71ca8e548bf47387a531a5311c6d1060d
projectile_gravity_v3_fixedpos_freefall,eval_50144_low_aligned,eval_50144_low,eval_50144,50144,eval,0.0035365780907056937,low,0.024389913213895165,red,aligned,0.5,0.65,0.0,0.0,20,20,129,64,65,"[0.5, 0.65]","[0.0, 0.0]",eval_50144_low_aligned.mp4,eval_50144_low.npy,49d2c23dcbcc0ab24364ce9390adedd71ca8e548bf47387a531a5311c6d1060d
projectile_gravity_v3_fixedpos_freefall,eval_50144_low_conflict,eval_50144_low,eval_50144,50144,eval,0.0035365780907056937,low,0.024389913213895165,blue,conflict,0.5,0.65,0.0,0.0,20,20,129,64,65,"[0.5, 0.65]","[0.0, 0.0]",eval_50144_low_conflict.mp4,eval_50144_low.npy,49d2c23dcbcc0ab24364ce9390adedd71ca8e548bf47387a531a5311c6d1060d
projectile_gravity_v3_fixedpos_freefall,eval_50144_high_aligned,eval_50144_high,eval_50144,50144,eval,0.045536578090705694,high,0.024389913213895165,blue,aligned,0.5,0.65,0.0,0.0,20,20,129,64,65,"[0.5, 0.65]","[0.0, 0.0]",eval_50144_high_aligned.mp4,eval_50144_high.npy,49d2c23dcbcc0ab24364ce9390adedd71ca8e548bf47387a531a5311c6d1060d
projectile_gravity_v3_fixedpos_freefall,eval_50144_high_conflict,eval_50144_high,eval_50144,50144,eval,0.045536578090705694,high,0.024389913213895165,red,conflict,0.5,0.65,0.0,0.0,20,20,129,64,65,"[0.5, 0.65]","[0.0, 0.0]",eval_50144_high_conflict.mp4,eval_50144_high.npy,49d2c23dcbcc0ab24364ce9390adedd71ca8e548bf47387a531a5311c6d1060d
projectile_gravity_v3_fixedpos_freefall,eval_50145_low_aligned,eval_50145_low,eval_50145,50145,eval,0.020666601941699364,low,0.8030273609863348,red,aligned,0.5,0.65,0.0,0.0,20,20,129,64,65,"[0.5, 0.65]","[0.0, 0.0]",eval_50145_low_aligned.mp4,eval_50145_low.npy,49d2c23dcbcc0ab24364ce9390adedd71ca8e548bf47387a531a5311c6d1060d
projectile_gravity_v3_fixedpos_freefall,eval_50145_low_conflict,eval_50145_low,eval_50145,50145,eval,0.020666601941699364,low,0.8030273609863348,blue,conflict,0.5,0.65,0.0,0.0,20,20,129,64,65,"[0.5, 0.65]","[0.0, 0.0]",eval_50145_low_conflict.mp4,eval_50145_low.npy,49d2c23dcbcc0ab24364ce9390adedd71ca8e548bf47387a531a5311c6d1060d
projectile_gravity_v3_fixedpos_freefall,eval_50145_high_aligned,eval_50145_high,eval_50145,50145,eval,0.06266660194169937,high,0.8030273609863348,blue,aligned,0.5,0.65,0.0,0.0,20,20,129,64,65,"[0.5, 0.65]","[0.0, 0.0]",eval_50145_high_aligned.mp4,eval_50145_high.npy,49d2c23dcbcc0ab24364ce9390adedd71ca8e548bf47387a531a5311c6d1060d
projectile_gravity_v3_fixedpos_freefall,eval_50145_high_conflict,eval_50145_high,eval_50145,50145,eval,0.06266660194169937,high,0.8030273609863348,red,conflict,0.5,0.65,0.0,0.0,20,20,129,64,65,"[0.5, 0.65]","[0.0, 0.0]",eval_50145_high_conflict.mp4,eval_50145_high.npy,49d2c23dcbcc0ab24364ce9390adedd71ca8e548bf47387a531a5311c6d1060d
projectile_gravity_v3_fixedpos_freefall,eval_50146_low_aligned,eval_50146_low,eval_50146,50146,eval,0.00593522170707521,low,0.13341916850341862,red,aligned,0.5,0.65,0.0,0.0,20,20,129,64,65,"[0.5, 0.65]","[0.0, 0.0]",eval_50146_low_aligned.mp4,eval_50146_low.npy,49d2c23dcbcc0ab24364ce9390adedd71ca8e548bf47387a531a5311c6d1060d
projectile_gravity_v3_fixedpos_freefall,eval_50146_low_conflict,eval_50146_low,eval_50146,50146,eval,0.00593522170707521,low,0.13341916850341862,blue,conflict,0.5,0.65,0.0,0.0,20,20,129,64,65,"[0.5, 0.65]","[0.0, 0.0]",eval_50146_low_conflict.mp4,eval_50146_low.npy,49d2c23dcbcc0ab24364ce9390adedd71ca8e548bf47387a531a5311c6d1060d
projectile_gravity_v3_fixedpos_freefall,eval_50146_high_aligned,eval_50146_high,eval_50146,50146,eval,0.04793522170707521,high,0.13341916850341862,blue,aligned,0.5,0.65,0.0,0.0,20,20,129,64,65,"[0.5, 0.65]","[0.0, 0.0]",eval_50146_high_aligned.mp4,eval_50146_high.npy,49d2c23dcbcc0ab24364ce9390adedd71ca8e548bf47387a531a5311c6d1060d
projectile_gravity_v3_fixedpos_freefall,eval_50146_high_conflict,eval_50146_high,eval_50146,50146,eval,0.04793522170707521,high,0.13341916850341862,red,conflict,0.5,0.65,0.0,0.0,20,20,129,64,65,"[0.5, 0.65]","[0.0, 0.0]",eval_50146_high_conflict.mp4,eval_50146_high.npy,49d2c23dcbcc0ab24364ce9390adedd71ca8e548bf47387a531a5311c6d1060d
projectile_gravity_v3_fixedpos_freefall,eval_50147_low_aligned,eval_50147_low,eval_50147,50147,eval,0.005561112980319833,low,0.11641422637817422,red,aligned,0.5,0.65,0.0,0.0,20,20,129,64,65,"[0.5, 0.65]","[0.0, 0.0]",eval_50147_low_aligned.mp4,eval_50147_low.npy,49d2c23dcbcc0ab24364ce9390adedd71ca8e548bf47387a531a5311c6d1060d
projectile_gravity_v3_fixedpos_freefall,eval_50147_low_conflict,eval_50147_low,eval_50147,50147,eval,0.005561112980319833,low,0.11641422637817422,blue,conflict,0.5,0.65,0.0,0.0,20,20,129,64,65,"[0.5, 0.65]","[0.0, 0.0]",eval_50147_low_conflict.mp4,eval_50147_low.npy,49d2c23dcbcc0ab24364ce9390adedd71ca8e548bf47387a531a5311c6d1060d
projectile_gravity_v3_fixedpos_freefall,eval_50147_high_aligned,eval_50147_high,eval_50147,50147,eval,0.047561112980319835,high,0.11641422637817422,blue,aligned,0.5,0.65,0.0,0.0,20,20,129,64,65,"[0.5, 0.65]","[0.0, 0.0]",eval_50147_high_aligned.mp4,eval_50147_high.npy,49d2c23dcbcc0ab24364ce9390adedd71ca8e548bf47387a531a5311c6d1060d
projectile_gravity_v3_fixedpos_freefall,eval_50147_high_conflict,eval_50147_high,eval_50147,50147,eval,0.047561112980319835,high,0.11641422637817422,red,conflict,0.5,0.65,0.0,0.0,20,20,129,64,65,"[0.5, 0.65]","[0.0, 0.0]",eval_50147_high_conflict.mp4,eval_50147_high.npy,49d2c23dcbcc0ab24364ce9390adedd71ca8e548bf47387a531a5311c6d1060d
projectile_gravity_v3_fixedpos_freefall,eval_50148_low_aligned,eval_50148_low,eval_50148,50148,eval,0.004961573478663052,low,0.08916243084832054,red,aligned,0.5,0.65,0.0,0.0,20,20,129,64,65,"[0.5, 0.65]","[0.0, 0.0]",eval_50148_low_aligned.mp4,eval_50148_low.npy,49d2c23dcbcc0ab24364ce9390adedd71ca8e548bf47387a531a5311c6d1060d
projectile_gravity_v3_fixedpos_freefall,eval_50148_low_conflict,eval_50148_low,eval_50148,50148,eval,0.004961573478663052,low,0.08916243084832054,blue,conflict,0.5,0.65,0.0,0.0,20,20,129,64,65,"[0.5, 0.65]","[0.0, 0.0]",eval_50148_low_conflict.mp4,eval_50148_low.npy,49d2c23dcbcc0ab24364ce9390adedd71ca8e548bf47387a531a5311c6d1060d
projectile_gravity_v3_fixedpos_freefall,eval_50148_high_aligned,eval_50148_high,eval_50148,50148,eval,0.04696157347866305,high,0.08916243084832054,blue,aligned,0.5,0.65,0.0,0.0,20,20,129,64,65,"[0.5, 0.65]","[0.0, 0.0]",eval_50148_high_aligned.mp4,eval_50148_high.npy,49d2c23dcbcc0ab24364ce9390adedd71ca8e548bf47387a531a5311c6d1060d
projectile_gravity_v3_fixedpos_freefall,eval_50148_high_conflict,eval_50148_high,eval_50148,50148,eval,0.04696157347866305,high,0.08916243084832054,red,conflict,0.5,0.65,0.0,0.0,20,20,129,64,65,"[0.5, 0.65]","[0.0, 0.0]",eval_50148_high_conflict.mp4,eval_50148_high.npy,49d2c23dcbcc0ab24364ce9390adedd71ca8e548bf47387a531a5311c6d1060d
projectile_gravity_v3_fixedpos_freefall,eval_50149_low_aligned,eval_50149_low,eval_50149,50149,eval,0.023683772806796236,low,0.9401714912180107,red,aligned,0.5,0.65,0.0,0.0,20,20,129,64,65,"[0.5, 0.65]","[0.0, 0.0]",eval_50149_low_aligned.mp4,eval_50149_low.npy,49d2c23dcbcc0ab24364ce9390adedd71ca8e548bf47387a531a5311c6d1060d
projectile_gravity_v3_fixedpos_freefall,eval_50149_low_conflict,eval_50149_low,eval_50149,50149,eval,0.023683772806796236,low,0.9401714912180107,blue,conflict,0.5,0.65,0.0,0.0,20,20,129,64,65,"[0.5, 0.65]","[0.0, 0.0]",eval_50149_low_conflict.mp4,eval_50149_low.npy,49d2c23dcbcc0ab24364ce9390adedd71ca8e548bf47387a531a5311c6d1060d
projectile_gravity_v3_fixedpos_freefall,eval_50149_high_aligned,eval_50149_high,eval_50149,50149,eval,0.06568377280679624,high,0.9401714912180107,blue,aligned,0.5,0.65,0.0,0.0,20,20,129,64,65,"[0.5, 0.65]","[0.0, 0.0]",eval_50149_high_aligned.mp4,eval_50149_high.npy,49d2c23dcbcc0ab24364ce9390adedd71ca8e548bf47387a531a5311c6d1060d
projectile_gravity_v3_fixedpos_freefall,eval_50149_high_conflict,eval_50149_high,eval_50149,50149,eval,0.06568377280679624,high,0.9401714912180107,red,conflict,0.5,0.65,0.0,0.0,20,20,129,64,65,"[0.5, 0.65]","[0.0, 0.0]",eval_50149_high_conflict.mp4,eval_50149_high.npy,49d2c23dcbcc0ab24364ce9390adedd71ca8e548bf47387a531a5311c6d1060d
projectile_gravity_v3_fixedpos_freefall,eval_50150_low_aligned,eval_50150_low,eval_50150,50150,eval,0.012332364101686148,low,0.42419836825846113,red,aligned,0.5,0.65,0.0,0.0,20,20,129,64,65,"[0.5, 0.65]","[0.0, 0.0]",eval_50150_low_aligned.mp4,eval_50150_low.npy,49d2c23dcbcc0ab24364ce9390adedd71ca8e548bf47387a531a5311c6d1060d
projectile_gravity_v3_fixedpos_freefall,eval_50150_low_conflict,eval_50150_low,eval_50150,50150,eval,0.012332364101686148,low,0.42419836825846113,blue,conflict,0.5,0.65,0.0,0.0,20,20,129,64,65,"[0.5, 0.65]","[0.0, 0.0]",eval_50150_low_conflict.mp4,eval_50150_low.npy,49d2c23dcbcc0ab24364ce9390adedd71ca8e548bf47387a531a5311c6d1060d
projectile_gravity_v3_fixedpos_freefall,eval_50150_high_aligned,eval_50150_high,eval_50150,50150,eval,0.05433236410168615,high,0.42419836825846113,blue,aligned,0.5,0.65,0.0,0.0,20,20,129,64,65,"[0.5, 0.65]","[0.0, 0.0]",eval_50150_high_aligned.mp4,eval_50150_high.npy,49d2c23dcbcc0ab24364ce9390adedd71ca8e548bf47387a531a5311c6d1060d
projectile_gravity_v3_fixedpos_freefall,eval_50150_high_conflict,eval_50150_high,eval_50150,50150,eval,0.05433236410168615,high,0.42419836825846113,red,conflict,0.5,0.65,0.0,0.0,20,20,129,64,65,"[0.5, 0.65]","[0.0, 0.0]",eval_50150_high_conflict.mp4,eval_50150_high.npy,49d2c23dcbcc0ab24364ce9390adedd71ca8e548bf47387a531a5311c6d1060d
projectile_gravity_v3_fixedpos_freefall,eval_50151_low_aligned,eval_50151_low,eval_50151,50151,eval,0.007706679005174449,low,0.21393995478065675,red,aligned,0.5,0.65,0.0,0.0,20,20,129,64,65,"[0.5, 0.65]","[0.0, 0.0]",eval_50151_low_aligned.mp4,eval_50151_low.npy,49d2c23dcbcc0ab24364ce9390adedd71ca8e548bf47387a531a5311c6d1060d
projectile_gravity_v3_fixedpos_freefall,eval_50151_low_conflict,eval_50151_low,eval_50151,50151,eval,0.007706679005174449,low,0.21393995478065675,blue,conflict,0.5,0.65,0.0,0.0,20,20,129,64,65,"[0.5, 0.65]","[0.0, 0.0]",eval_50151_low_conflict.mp4,eval_50151_low.npy,49d2c23dcbcc0ab24364ce9390adedd71ca8e548bf47387a531a5311c6d1060d
projectile_gravity_v3_fixedpos_freefall,eval_50151_high_aligned,eval_50151_high,eval_50151,50151,eval,0.04970667900517445,high,0.21393995478065675,blue,aligned,0.5,0.65,0.0,0.0,20,20,129,64,65,"[0.5, 0.65]","[0.0, 0.0]",eval_50151_high_aligned.mp4,eval_50151_high.npy,49d2c23dcbcc0ab24364ce9390adedd71ca8e548bf47387a531a5311c6d1060d
projectile_gravity_v3_fixedpos_freefall,eval_50151_high_conflict,eval_50151_high,eval_50151,50151,eval,0.04970667900517445,high,0.21393995478065675,red,conflict,0.5,0.65,0.0,0.0,20,20,129,64,65,"[0.5, 0.65]","[0.0, 0.0]",eval_50151_high_conflict.mp4,eval_50151_high.npy,49d2c23dcbcc0ab24364ce9390adedd71ca8e548bf47387a531a5311c6d1060d
projectile_gravity_v3_fixedpos_freefall,eval_50152_low_aligned,eval_50152_low,eval_50152,50152,eval,0.005418760272717647,low,0.10994364875989304,red,aligned,0.5,0.65,0.0,0.0,20,20,129,64,65,"[0.5, 0.65]","[0.0, 0.0]",eval_50152_low_aligned.mp4,eval_50152_low.npy,49d2c23dcbcc0ab24364ce9390adedd71ca8e548bf47387a531a5311c6d1060d
projectile_gravity_v3_fixedpos_freefall,eval_50152_low_conflict,eval_50152_low,eval_50152,50152,eval,0.005418760272717647,low,0.10994364875989304,blue,conflict,0.5,0.65,0.0,0.0,20,20,129,64,65,"[0.5, 0.65]","[0.0, 0.0]",eval_50152_low_conflict.mp4,eval_50152_low.npy,49d2c23dcbcc0ab24364ce9390adedd71ca8e548bf47387a531a5311c6d1060d
projectile_gravity_v3_fixedpos_freefall,eval_50152_high_aligned,eval_50152_high,eval_50152,50152,eval,0.047418760272717644,high,0.10994364875989304,blue,aligned,0.5,0.65,0.0,0.0,20,20,129,64,65,"[0.5, 0.65]","[0.0, 0.0]",eval_50152_high_aligned.mp4,eval_50152_high.npy,49d2c23dcbcc0ab24364ce9390adedd71ca8e548bf47387a531a5311c6d1060d
projectile_gravity_v3_fixedpos_freefall,eval_50152_high_conflict,eval_50152_high,eval_50152,50152,eval,0.047418760272717644,high,0.10994364875989304,red,conflict,0.5,0.65,0.0,0.0,20,20,129,64,65,"[0.5, 0.65]","[0.0, 0.0]",eval_50152_high_conflict.mp4,eval_50152_high.npy,49d2c23dcbcc0ab24364ce9390adedd71ca8e548bf47387a531a5311c6d1060d
projectile_gravity_v3_fixedpos_freefall,eval_50153_low_aligned,eval_50153_low,eval_50153,50153,eval,0.004825156577535588,low,0.08296166261525395,red,aligned,0.5,0.65,0.0,0.0,20,20,129,64,65,"[0.5, 0.65]","[0.0, 0.0]",eval_50153_low_aligned.mp4,eval_50153_low.npy,49d2c23dcbcc0ab24364ce9390adedd71ca8e548bf47387a531a5311c6d1060d
projectile_gravity_v3_fixedpos_freefall,eval_50153_low_conflict,eval_50153_low,eval_50153,50153,eval,0.004825156577535588,low,0.08296166261525395,blue,conflict,0.5,0.65,0.0,0.0,20,20,129,64,65,"[0.5, 0.65]","[0.0, 0.0]",eval_50153_low_conflict.mp4,eval_50153_low.npy,49d2c23dcbcc0ab24364ce9390adedd71ca8e548bf47387a531a5311c6d1060d
projectile_gravity_v3_fixedpos_freefall,eval_50153_high_aligned,eval_50153_high,eval_50153,50153,eval,0.04682515657753559,high,0.08296166261525395,blue,aligned,0.5,0.65,0.0,0.0,20,20,129,64,65,"[0.5, 0.65]","[0.0, 0.0]",eval_50153_high_aligned.mp4,eval_50153_high.npy,49d2c23dcbcc0ab24364ce9390adedd71ca8e548bf47387a531a5311c6d1060d
projectile_gravity_v3_fixedpos_freefall,eval_50153_high_conflict,eval_50153_high,eval_50153,50153,eval,0.04682515657753559,high,0.08296166261525395,red,conflict,0.5,0.65,0.0,0.0,20,20,129,64,65,"[0.5, 0.65]","[0.0, 0.0]",eval_50153_high_conflict.mp4,eval_50153_high.npy,49d2c23dcbcc0ab24364ce9390adedd71ca8e548bf47387a531a5311c6d1060d
projectile_gravity_v3_fixedpos_freefall,eval_50154_low_aligned,eval_50154_low,eval_50154,50154,eval,0.007296912814822938,low,0.19531421885558808,red,aligned,0.5,0.65,0.0,0.0,20,20,129,64,65,"[0.5, 0.65]","[0.0, 0.0]",eval_50154_low_aligned.mp4,eval_50154_low.npy,49d2c23dcbcc0ab24364ce9390adedd71ca8e548bf47387a531a5311c6d1060d
projectile_gravity_v3_fixedpos_freefall,eval_50154_low_conflict,eval_50154_low,eval_50154,50154,eval,0.007296912814822938,low,0.19531421885558808,blue,conflict,0.5,0.65,0.0,0.0,20,20,129,64,65,"[0.5, 0.65]","[0.0, 0.0]",eval_50154_low_conflict.mp4,eval_50154_low.npy,49d2c23dcbcc0ab24364ce9390adedd71ca8e548bf47387a531a5311c6d1060d
projectile_gravity_v3_fixedpos_freefall,eval_50154_high_aligned,eval_50154_high,eval_50154,50154,eval,0.04929691281482294,high,0.19531421885558808,blue,aligned,0.5,0.65,0.0,0.0,20,20,129,64,65,"[0.5, 0.65]","[0.0, 0.0]",eval_50154_high_aligned.mp4,eval_50154_high.npy,49d2c23dcbcc0ab24364ce9390adedd71ca8e548bf47387a531a5311c6d1060d
projectile_gravity_v3_fixedpos_freefall,eval_50154_high_conflict,eval_50154_high,eval_50154,50154,eval,0.04929691281482294,high,0.19531421885558808,red,conflict,0.5,0.65,0.0,0.0,20,20,129,64,65,"[0.5, 0.65]","[0.0, 0.0]",eval_50154_high_conflict.mp4,eval_50154_high.npy,49d2c23dcbcc0ab24364ce9390adedd71ca8e548bf47387a531a5311c6d1060d
projectile_gravity_v3_fixedpos_freefall,eval_50155_low_aligned,eval_50155_low,eval_50155,50155,eval,0.0051271084206409075,low,0.09668674639276853,red,aligned,0.5,0.65,0.0,0.0,20,20,129,64,65,"[0.5, 0.65]","[0.0, 0.0]",eval_50155_low_aligned.mp4,eval_50155_low.npy,49d2c23dcbcc0ab24364ce9390adedd71ca8e548bf47387a531a5311c6d1060d
projectile_gravity_v3_fixedpos_freefall,eval_50155_low_conflict,eval_50155_low,eval_50155,50155,eval,0.0051271084206409075,low,0.09668674639276853,blue,conflict,0.5,0.65,0.0,0.0,20,20,129,64,65,"[0.5, 0.65]","[0.0, 0.0]",eval_50155_low_conflict.mp4,eval_50155_low.npy,49d2c23dcbcc0ab24364ce9390adedd71ca8e548bf47387a531a5311c6d1060d
projectile_gravity_v3_fixedpos_freefall,eval_50155_high_aligned,eval_50155_high,eval_50155,50155,eval,0.047127108420640905,high,0.09668674639276853,blue,aligned,0.5,0.65,0.0,0.0,20,20,129,64,65,"[0.5, 0.65]","[0.0, 0.0]",eval_50155_high_aligned.mp4,eval_50155_high.npy,49d2c23dcbcc0ab24364ce9390adedd71ca8e548bf47387a531a5311c6d1060d
projectile_gravity_v3_fixedpos_freefall,eval_50155_high_conflict,eval_50155_high,eval_50155,50155,eval,0.047127108420640905,high,0.09668674639276853,red,conflict,0.5,0.65,0.0,0.0,20,20,129,64,65,"[0.5, 0.65]","[0.0, 0.0]",eval_50155_high_conflict.mp4,eval_50155_high.npy,49d2c23dcbcc0ab24364ce9390adedd71ca8e548bf47387a531a5311c6d1060d
projectile_gravity_v3_fixedpos_freefall,eval_50156_low_aligned,eval_50156_low,eval_50156,50156,eval,0.00783312111183486,low,0.2196873232652209,red,aligned,0.5,0.65,0.0,0.0,20,20,129,64,65,"[0.5, 0.65]","[0.0, 0.0]",eval_50156_low_aligned.mp4,eval_50156_low.npy,49d2c23dcbcc0ab24364ce9390adedd71ca8e548bf47387a531a5311c6d1060d
projectile_gravity_v3_fixedpos_freefall,eval_50156_low_conflict,eval_50156_low,eval_50156,50156,eval,0.00783312111183486,low,0.2196873232652209,blue,conflict,0.5,0.65,0.0,0.0,20,20,129,64,65,"[0.5, 0.65]","[0.0, 0.0]",eval_50156_low_conflict.mp4,eval_50156_low.npy,49d2c23dcbcc0ab24364ce9390adedd71ca8e548bf47387a531a5311c6d1060d
projectile_gravity_v3_fixedpos_freefall,eval_50156_high_aligned,eval_50156_high,eval_50156,50156,eval,0.04983312111183486,high,0.2196873232652209,blue,aligned,0.5,0.65,0.0,0.0,20,20,129,64,65,"[0.5, 0.65]","[0.0, 0.0]",eval_50156_high_aligned.mp4,eval_50156_high.npy,49d2c23dcbcc0ab24364ce9390adedd71ca8e548bf47387a531a5311c6d1060d
projectile_gravity_v3_fixedpos_freefall,eval_50156_high_conflict,eval_50156_high,eval_50156,50156,eval,0.04983312111183486,high,0.2196873232652209,red,conflict,0.5,0.65,0.0,0.0,20,20,129,64,65,"[0.5, 0.65]","[0.0, 0.0]",eval_50156_high_conflict.mp4,eval_50156_high.npy,49d2c23dcbcc0ab24364ce9390adedd71ca8e548bf47387a531a5311c6d1060d
projectile_gravity_v3_fixedpos_freefall,eval_50157_low_aligned,eval_50157_low,eval_50157,50157,eval,0.016315865911531346,low,0.6052666323423339,red,aligned,0.5,0.65,0.0,0.0,20,20,129,64,65,"[0.5, 0.65]","[0.0, 0.0]",eval_50157_low_aligned.mp4,eval_50157_low.npy,49d2c23dcbcc0ab24364ce9390adedd71ca8e548bf47387a531a5311c6d1060d
projectile_gravity_v3_fixedpos_freefall,eval_50157_low_conflict,eval_50157_low,eval_50157,50157,eval,0.016315865911531346,low,0.6052666323423339,blue,conflict,0.5,0.65,0.0,0.0,20,20,129,64,65,"[0.5, 0.65]","[0.0, 0.0]",eval_50157_low_conflict.mp4,eval_50157_low.npy,49d2c23dcbcc0ab24364ce9390adedd71ca8e548bf47387a531a5311c6d1060d
projectile_gravity_v3_fixedpos_freefall,eval_50157_high_aligned,eval_50157_high,eval_50157,50157,eval,0.058315865911531345,high,0.6052666323423339,blue,aligned,0.5,0.65,0.0,0.0,20,20,129,64,65,"[0.5, 0.65]","[0.0, 0.0]",eval_50157_high_aligned.mp4,eval_50157_high.npy,49d2c23dcbcc0ab24364ce9390adedd71ca8e548bf47387a531a5311c6d1060d
projectile_gravity_v3_fixedpos_freefall,eval_50157_high_conflict,eval_50157_high,eval_50157,50157,eval,0.058315865911531345,high,0.6052666323423339,red,conflict,0.5,0.65,0.0,0.0,20,20,129,64,65,"[0.5, 0.65]","[0.0, 0.0]",eval_50157_high_conflict.mp4,eval_50157_high.npy,49d2c23dcbcc0ab24364ce9390adedd71ca8e548bf47387a531a5311c6d1060d
projectile_gravity_v3_fixedpos_freefall,eval_50158_low_aligned,eval_50158_low,eval_50158,50158,eval,0.00932645133835128,low,0.28756596992505823,red,aligned,0.5,0.65,0.0,0.0,20,20,129,64,65,"[0.5, 0.65]","[0.0, 0.0]",eval_50158_low_aligned.mp4,eval_50158_low.npy,49d2c23dcbcc0ab24364ce9390adedd71ca8e548bf47387a531a5311c6d1060d
projectile_gravity_v3_fixedpos_freefall,eval_50158_low_conflict,eval_50158_low,eval_50158,50158,eval,0.00932645133835128,low,0.28756596992505823,blue,conflict,0.5,0.65,0.0,0.0,20,20,129,64,65,"[0.5, 0.65]","[0.0, 0.0]",eval_50158_low_conflict.mp4,eval_50158_low.npy,49d2c23dcbcc0ab24364ce9390adedd71ca8e548bf47387a531a5311c6d1060d
projectile_gravity_v3_fixedpos_freefall,eval_50158_high_aligned,eval_50158_high,eval_50158,50158,eval,0.05132645133835128,high,0.28756596992505823,blue,aligned,0.5,0.65,0.0,0.0,20,20,129,64,65,"[0.5, 0.65]","[0.0, 0.0]",eval_50158_high_aligned.mp4,eval_50158_high.npy,49d2c23dcbcc0ab24364ce9390adedd71ca8e548bf47387a531a5311c6d1060d
projectile_gravity_v3_fixedpos_freefall,eval_50158_high_conflict,eval_50158_high,eval_50158,50158,eval,0.05132645133835128,high,0.28756596992505823,red,conflict,0.5,0.65,0.0,0.0,20,20,129,64,65,"[0.5, 0.65]","[0.0, 0.0]",eval_50158_high_conflict.mp4,eval_50158_high.npy,49d2c23dcbcc0ab24364ce9390adedd71ca8e548bf47387a531a5311c6d1060d
projectile_gravity_v3_fixedpos_freefall,eval_50159_low_aligned,eval_50159_low,eval_50159,50159,eval,0.008124818867475455,low,0.23294631215797523,red,aligned,0.5,0.65,0.0,0.0,20,20,129,64,65,"[0.5, 0.65]","[0.0, 0.0]",eval_50159_low_aligned.mp4,eval_50159_low.npy,49d2c23dcbcc0ab24364ce9390adedd71ca8e548bf47387a531a5311c6d1060d
projectile_gravity_v3_fixedpos_freefall,eval_50159_low_conflict,eval_50159_low,eval_50159,50159,eval,0.008124818867475455,low,0.23294631215797523,blue,conflict,0.5,0.65,0.0,0.0,20,20,129,64,65,"[0.5, 0.65]","[0.0, 0.0]",eval_50159_low_conflict.mp4,eval_50159_low.npy,49d2c23dcbcc0ab24364ce9390adedd71ca8e548bf47387a531a5311c6d1060d
projectile_gravity_v3_fixedpos_freefall,eval_50159_high_aligned,eval_50159_high,eval_50159,50159,eval,0.050124818867475454,high,0.23294631215797523,blue,aligned,0.5,0.65,0.0,0.0,20,20,129,64,65,"[0.5, 0.65]","[0.0, 0.0]",eval_50159_high_aligned.mp4,eval_50159_high.npy,49d2c23dcbcc0ab24364ce9390adedd71ca8e548bf47387a531a5311c6d1060d
projectile_gravity_v3_fixedpos_freefall,eval_50159_high_conflict,eval_50159_high,eval_50159,50159,eval,0.050124818867475454,high,0.23294631215797523,red,conflict,0.5,0.65,0.0,0.0,20,20,129,64,65,"[0.5, 0.65]","[0.0, 0.0]",eval_50159_high_conflict.mp4,eval_50159_high.npy,49d2c23dcbcc0ab24364ce9390adedd71ca8e548bf47387a531a5311c6d1060d
projectile_gravity_v3_fixedpos_freefall,eval_50160_low_aligned,eval_50160_low,eval_50160,50160,eval,0.017417115033405733,low,0.6553234106093515,red,aligned,0.5,0.65,0.0,0.0,20,20,129,64,65,"[0.5, 0.65]","[0.0, 0.0]",eval_50160_low_aligned.mp4,eval_50160_low.npy,49d2c23dcbcc0ab24364ce9390adedd71ca8e548bf47387a531a5311c6d1060d
projectile_gravity_v3_fixedpos_freefall,eval_50160_low_conflict,eval_50160_low,eval_50160,50160,eval,0.017417115033405733,low,0.6553234106093515,blue,conflict,0.5,0.65,0.0,0.0,20,20,129,64,65,"[0.5, 0.65]","[0.0, 0.0]",eval_50160_low_conflict.mp4,eval_50160_low.npy,49d2c23dcbcc0ab24364ce9390adedd71ca8e548bf47387a531a5311c6d1060d
projectile_gravity_v3_fixedpos_freefall,eval_50160_high_aligned,eval_50160_high,eval_50160,50160,eval,0.059417115033405736,high,0.6553234106093515,blue,aligned,0.5,0.65,0.0,0.0,20,20,129,64,65,"[0.5, 0.65]","[0.0, 0.0]",eval_50160_high_aligned.mp4,eval_50160_high.npy,49d2c23dcbcc0ab24364ce9390adedd71ca8e548bf47387a531a5311c6d1060d
projectile_gravity_v3_fixedpos_freefall,eval_50160_high_conflict,eval_50160_high,eval_50160,50160,eval,0.059417115033405736,high,0.6553234106093515,red,conflict,0.5,0.65,0.0,0.0,20,20,129,64,65,"[0.5, 0.65]","[0.0, 0.0]",eval_50160_high_conflict.mp4,eval_50160_high.npy,49d2c23dcbcc0ab24364ce9390adedd71ca8e548bf47387a531a5311c6d1060d
projectile_gravity_v3_fixedpos_freefall,eval_50161_low_aligned,eval_50161_low,eval_50161,50161,eval,0.014120502819669076,low,0.5054774008940489,red,aligned,0.5,0.65,0.0,0.0,20,20,129,64,65,"[0.5, 0.65]","[0.0, 0.0]",eval_50161_low_aligned.mp4,eval_50161_low.npy,49d2c23dcbcc0ab24364ce9390adedd71ca8e548bf47387a531a5311c6d1060d
projectile_gravity_v3_fixedpos_freefall,eval_50161_low_conflict,eval_50161_low,eval_50161,50161,eval,0.014120502819669076,low,0.5054774008940489,blue,conflict,0.5,0.65,0.0,0.0,20,20,129,64,65,"[0.5, 0.65]","[0.0, 0.0]",eval_50161_low_conflict.mp4,eval_50161_low.npy,49d2c23dcbcc0ab24364ce9390adedd71ca8e548bf47387a531a5311c6d1060d
projectile_gravity_v3_fixedpos_freefall,eval_50161_high_aligned,eval_50161_high,eval_50161,50161,eval,0.05612050281966908,high,0.5054774008940489,blue,aligned,0.5,0.65,0.0,0.0,20,20,129,64,65,"[0.5, 0.65]","[0.0, 0.0]",eval_50161_high_aligned.mp4,eval_50161_high.npy,49d2c23dcbcc0ab24364ce9390adedd71ca8e548bf47387a531a5311c6d1060d
projectile_gravity_v3_fixedpos_freefall,eval_50161_high_conflict,eval_50161_high,eval_50161,50161,eval,0.05612050281966908,high,0.5054774008940489,red,conflict,0.5,0.65,0.0,0.0,20,20,129,64,65,"[0.5, 0.65]","[0.0, 0.0]",eval_50161_high_conflict.mp4,eval_50161_high.npy,49d2c23dcbcc0ab24364ce9390adedd71ca8e548bf47387a531a5311c6d1060d
projectile_gravity_v3_fixedpos_freefall,eval_50162_low_aligned,eval_50162_low,eval_50162,50162,eval,0.010158059688923929,low,0.3253663494965422,red,aligned,0.5,0.65,0.0,0.0,20,20,129,64,65,"[0.5, 0.65]","[0.0, 0.0]",eval_50162_low_aligned.mp4,eval_50162_low.npy,49d2c23dcbcc0ab24364ce9390adedd71ca8e548bf47387a531a5311c6d1060d
projectile_gravity_v3_fixedpos_freefall,eval_50162_low_conflict,eval_50162_low,eval_50162,50162,eval,0.010158059688923929,low,0.3253663494965422,blue,conflict,0.5,0.65,0.0,0.0,20,20,129,64,65,"[0.5, 0.65]","[0.0, 0.0]",eval_50162_low_conflict.mp4,eval_50162_low.npy,49d2c23dcbcc0ab24364ce9390adedd71ca8e548bf47387a531a5311c6d1060d
projectile_gravity_v3_fixedpos_freefall,eval_50162_high_aligned,eval_50162_high,eval_50162,50162,eval,0.05215805968892393,high,0.3253663494965422,blue,aligned,0.5,0.65,0.0,0.0,20,20,129,64,65,"[0.5, 0.65]","[0.0, 0.0]",eval_50162_high_aligned.mp4,eval_50162_high.npy,49d2c23dcbcc0ab24364ce9390adedd71ca8e548bf47387a531a5311c6d1060d
projectile_gravity_v3_fixedpos_freefall,eval_50162_high_conflict,eval_50162_high,eval_50162,50162,eval,0.05215805968892393,high,0.3253663494965422,red,conflict,0.5,0.65,0.0,0.0,20,20,129,64,65,"[0.5, 0.65]","[0.0, 0.0]",eval_50162_high_conflict.mp4,eval_50162_high.npy,49d2c23dcbcc0ab24364ce9390adedd71ca8e548bf47387a531a5311c6d1060d
projectile_gravity_v3_fixedpos_freefall,eval_50163_low_aligned,eval_50163_low,eval_50163,50163,eval,0.022804140291303426,low,0.9001881950592466,red,aligned,0.5,0.65,0.0,0.0,20,20,129,64,65,"[0.5, 0.65]","[0.0, 0.0]",eval_50163_low_aligned.mp4,eval_50163_low.npy,49d2c23dcbcc0ab24364ce9390adedd71ca8e548bf47387a531a5311c6d1060d
projectile_gravity_v3_fixedpos_freefall,eval_50163_low_conflict,eval_50163_low,eval_50163,50163,eval,0.022804140291303426,low,0.9001881950592466,blue,conflict,0.5,0.65,0.0,0.0,20,20,129,64,65,"[0.5, 0.65]","[0.0, 0.0]",eval_50163_low_conflict.mp4,eval_50163_low.npy,49d2c23dcbcc0ab24364ce9390adedd71ca8e548bf47387a531a5311c6d1060d
projectile_gravity_v3_fixedpos_freefall,eval_50163_high_aligned,eval_50163_high,eval_50163,50163,eval,0.06480414029130344,high,0.9001881950592466,blue,aligned,0.5,0.65,0.0,0.0,20,20,129,64,65,"[0.5, 0.65]","[0.0, 0.0]",eval_50163_high_aligned.mp4,eval_50163_high.npy,49d2c23dcbcc0ab24364ce9390adedd71ca8e548bf47387a531a5311c6d1060d
projectile_gravity_v3_fixedpos_freefall,eval_50163_high_conflict,eval_50163_high,eval_50163,50163,eval,0.06480414029130344,high,0.9001881950592466,red,conflict,0.5,0.65,0.0,0.0,20,20,129,64,65,"[0.5, 0.65]","[0.0, 0.0]",eval_50163_high_conflict.mp4,eval_50163_high.npy,49d2c23dcbcc0ab24364ce9390adedd71ca8e548bf47387a531a5311c6d1060d
projectile_gravity_v3_fixedpos_freefall,eval_50164_low_aligned,eval_50164_low,eval_50164,50164,eval,0.006207463764273826,low,0.1457938074669921,red,aligned,0.5,0.65,0.0,0.0,20,20,129,64,65,"[0.5, 0.65]","[0.0, 0.0]",eval_50164_low_aligned.mp4,eval_50164_low.npy,49d2c23dcbcc0ab24364ce9390adedd71ca8e548bf47387a531a5311c6d1060d
projectile_gravity_v3_fixedpos_freefall,eval_50164_low_conflict,eval_50164_low,eval_50164,50164,eval,0.006207463764273826,low,0.1457938074669921,blue,conflict,0.5,0.65,0.0,0.0,20,20,129,64,65,"[0.5, 0.65]","[0.0, 0.0]",eval_50164_low_conflict.mp4,eval_50164_low.npy,49d2c23dcbcc0ab24364ce9390adedd71ca8e548bf47387a531a5311c6d1060d
projectile_gravity_v3_fixedpos_freefall,eval_50164_high_aligned,eval_50164_high,eval_50164,50164,eval,0.048207463764273824,high,0.1457938074669921,blue,aligned,0.5,0.65,0.0,0.0,20,20,129,64,65,"[0.5, 0.65]","[0.0, 0.0]",eval_50164_high_aligned.mp4,eval_50164_high.npy,49d2c23dcbcc0ab24364ce9390adedd71ca8e548bf47387a531a5311c6d1060d
projectile_gravity_v3_fixedpos_freefall,eval_50164_high_conflict,eval_50164_high,eval_50164,50164,eval,0.048207463764273824,high,0.1457938074669921,red,conflict,0.5,0.65,0.0,0.0,20,20,129,64,65,"[0.5, 0.65]","[0.0, 0.0]",eval_50164_high_conflict.mp4,eval_50164_high.npy,49d2c23dcbcc0ab24364ce9390adedd71ca8e548bf47387a531a5311c6d1060d
projectile_gravity_v3_fixedpos_freefall,eval_50165_low_aligned,eval_50165_low,eval_50165,50165,eval,0.00858057741720621,low,0.2536626098730095,red,aligned,0.5,0.65,0.0,0.0,20,20,129,64,65,"[0.5, 0.65]","[0.0, 0.0]",eval_50165_low_aligned.mp4,eval_50165_low.npy,49d2c23dcbcc0ab24364ce9390adedd71ca8e548bf47387a531a5311c6d1060d
projectile_gravity_v3_fixedpos_freefall,eval_50165_low_conflict,eval_50165_low,eval_50165,50165,eval,0.00858057741720621,low,0.2536626098730095,blue,conflict,0.5,0.65,0.0,0.0,20,20,129,64,65,"[0.5, 0.65]","[0.0, 0.0]",eval_50165_low_conflict.mp4,eval_50165_low.npy,49d2c23dcbcc0ab24364ce9390adedd71ca8e548bf47387a531a5311c6d1060d
projectile_gravity_v3_fixedpos_freefall,eval_50165_high_aligned,eval_50165_high,eval_50165,50165,eval,0.05058057741720621,high,0.2536626098730095,blue,aligned,0.5,0.65,0.0,0.0,20,20,129,64,65,"[0.5, 0.65]","[0.0, 0.0]",eval_50165_high_aligned.mp4,eval_50165_high.npy,49d2c23dcbcc0ab24364ce9390adedd71ca8e548bf47387a531a5311c6d1060d
projectile_gravity_v3_fixedpos_freefall,eval_50165_high_conflict,eval_50165_high,eval_50165,50165,eval,0.05058057741720621,high,0.2536626098730095,red,conflict,0.5,0.65,0.0,0.0,20,20,129,64,65,"[0.5, 0.65]","[0.0, 0.0]",eval_50165_high_conflict.mp4,eval_50165_high.npy,49d2c23dcbcc0ab24364ce9390adedd71ca8e548bf47387a531a5311c6d1060d
projectile_gravity_v3_fixedpos_freefall,eval_50166_low_aligned,eval_50166_low,eval_50166,50166,eval,0.01698468356965825,low,0.635667434984466,red,aligned,0.5,0.65,0.0,0.0,20,20,129,64,65,"[0.5, 0.65]","[0.0, 0.0]",eval_50166_low_aligned.mp4,eval_50166_low.npy,49d2c23dcbcc0ab24364ce9390adedd71ca8e548bf47387a531a5311c6d1060d
projectile_gravity_v3_fixedpos_freefall,eval_50166_low_conflict,eval_50166_low,eval_50166,50166,eval,0.01698468356965825,low,0.635667434984466,blue,conflict,0.5,0.65,0.0,0.0,20,20,129,64,65,"[0.5, 0.65]","[0.0, 0.0]",eval_50166_low_conflict.mp4,eval_50166_low.npy,49d2c23dcbcc0ab24364ce9390adedd71ca8e548bf47387a531a5311c6d1060d
projectile_gravity_v3_fixedpos_freefall,eval_50166_high_aligned,eval_50166_high,eval_50166,50166,eval,0.058984683569658254,high,0.635667434984466,blue,aligned,0.5,0.65,0.0,0.0,20,20,129,64,65,"[0.5, 0.65]","[0.0, 0.0]",eval_50166_high_aligned.mp4,eval_50166_high.npy,49d2c23dcbcc0ab24364ce9390adedd71ca8e548bf47387a531a5311c6d1060d
projectile_gravity_v3_fixedpos_freefall,eval_50166_high_conflict,eval_50166_high,eval_50166,50166,eval,0.058984683569658254,high,0.635667434984466,red,conflict,0.5,0.65,0.0,0.0,20,20,129,64,65,"[0.5, 0.65]","[0.0, 0.0]",eval_50166_high_conflict.mp4,eval_50166_high.npy,49d2c23dcbcc0ab24364ce9390adedd71ca8e548bf47387a531a5311c6d1060d
projectile_gravity_v3_fixedpos_freefall,eval_50167_low_aligned,eval_50167_low,eval_50167,50167,eval,0.02313486086877031,low,0.9152209485804685,red,aligned,0.5,0.65,0.0,0.0,20,20,129,64,65,"[0.5, 0.65]","[0.0, 0.0]",eval_50167_low_aligned.mp4,eval_50167_low.npy,49d2c23dcbcc0ab24364ce9390adedd71ca8e548bf47387a531a5311c6d1060d
projectile_gravity_v3_fixedpos_freefall,eval_50167_low_conflict,eval_50167_low,eval_50167,50167,eval,0.02313486086877031,low,0.9152209485804685,blue,conflict,0.5,0.65,0.0,0.0,20,20,129,64,65,"[0.5, 0.65]","[0.0, 0.0]",eval_50167_low_conflict.mp4,eval_50167_low.npy,49d2c23dcbcc0ab24364ce9390adedd71ca8e548bf47387a531a5311c6d1060d
projectile_gravity_v3_fixedpos_freefall,eval_50167_high_aligned,eval_50167_high,eval_50167,50167,eval,0.06513486086877031,high,0.9152209485804685,blue,aligned,0.5,0.65,0.0,0.0,20,20,129,64,65,"[0.5, 0.65]","[0.0, 0.0]",eval_50167_high_aligned.mp4,eval_50167_high.npy,49d2c23dcbcc0ab24364ce9390adedd71ca8e548bf47387a531a5311c6d1060d
projectile_gravity_v3_fixedpos_freefall,eval_50167_high_conflict,eval_50167_high,eval_50167,50167,eval,0.06513486086877031,high,0.9152209485804685,red,conflict,0.5,0.65,0.0,0.0,20,20,129,64,65,"[0.5, 0.65]","[0.0, 0.0]",eval_50167_high_conflict.mp4,eval_50167_high.npy,49d2c23dcbcc0ab24364ce9390adedd71ca8e548bf47387a531a5311c6d1060d
projectile_gravity_v3_fixedpos_freefall,eval_50168_low_aligned,eval_50168_low,eval_50168,50168,eval,0.004949743462651742,low,0.08862470284780644,red,aligned,0.5,0.65,0.0,0.0,20,20,129,64,65,"[0.5, 0.65]","[0.0, 0.0]",eval_50168_low_aligned.mp4,eval_50168_low.npy,49d2c23dcbcc0ab24364ce9390adedd71ca8e548bf47387a531a5311c6d1060d
projectile_gravity_v3_fixedpos_freefall,eval_50168_low_conflict,eval_50168_low,eval_50168,50168,eval,0.004949743462651742,low,0.08862470284780644,blue,conflict,0.5,0.65,0.0,0.0,20,20,129,64,65,"[0.5, 0.65]","[0.0, 0.0]",eval_50168_low_conflict.mp4,eval_50168_low.npy,49d2c23dcbcc0ab24364ce9390adedd71ca8e548bf47387a531a5311c6d1060d
projectile_gravity_v3_fixedpos_freefall,eval_50168_high_aligned,eval_50168_high,eval_50168,50168,eval,0.04694974346265174,high,0.08862470284780644,blue,aligned,0.5,0.65,0.0,0.0,20,20,129,64,65,"[0.5, 0.65]","[0.0, 0.0]",eval_50168_high_aligned.mp4,eval_50168_high.npy,49d2c23dcbcc0ab24364ce9390adedd71ca8e548bf47387a531a5311c6d1060d
projectile_gravity_v3_fixedpos_freefall,eval_50168_high_conflict,eval_50168_high,eval_50168,50168,eval,0.04694974346265174,high,0.08862470284780644,red,conflict,0.5,0.65,0.0,0.0,20,20,129,64,65,"[0.5, 0.65]","[0.0, 0.0]",eval_50168_high_conflict.mp4,eval_50168_high.npy,49d2c23dcbcc0ab24364ce9390adedd71ca8e548bf47387a531a5311c6d1060d
projectile_gravity_v3_fixedpos_freefall,eval_50169_low_aligned,eval_50169_low,eval_50169,50169,eval,0.022619111790788574,low,0.8917778086722078,red,aligned,0.5,0.65,0.0,0.0,20,20,129,64,65,"[0.5, 0.65]","[0.0, 0.0]",eval_50169_low_aligned.mp4,eval_50169_low.npy,49d2c23dcbcc0ab24364ce9390adedd71ca8e548bf47387a531a5311c6d1060d
projectile_gravity_v3_fixedpos_freefall,eval_50169_low_conflict,eval_50169_low,eval_50169,50169,eval,0.022619111790788574,low,0.8917778086722078,blue,conflict,0.5,0.65,0.0,0.0,20,20,129,64,65,"[0.5, 0.65]","[0.0, 0.0]",eval_50169_low_conflict.mp4,eval_50169_low.npy,49d2c23dcbcc0ab24364ce9390adedd71ca8e548bf47387a531a5311c6d1060d
projectile_gravity_v3_fixedpos_freefall,eval_50169_high_aligned,eval_50169_high,eval_50169,50169,eval,0.06461911179078858,high,0.8917778086722078,blue,aligned,0.5,0.65,0.0,0.0,20,20,129,64,65,"[0.5, 0.65]","[0.0, 0.0]",eval_50169_high_aligned.mp4,eval_50169_high.npy,49d2c23dcbcc0ab24364ce9390adedd71ca8e548bf47387a531a5311c6d1060d
projectile_gravity_v3_fixedpos_freefall,eval_50169_high_conflict,eval_50169_high,eval_50169,50169,eval,0.06461911179078858,high,0.8917778086722078,red,conflict,0.5,0.65,0.0,0.0,20,20,129,64,65,"[0.5, 0.65]","[0.0, 0.0]",eval_50169_high_conflict.mp4,eval_50169_high.npy,49d2c23dcbcc0ab24364ce9390adedd71ca8e548bf47387a531a5311c6d1060d
projectile_gravity_v3_fixedpos_freefall,eval_50170_low_aligned,eval_50170_low,eval_50170,50170,eval,0.005480474178678156,low,0.11274882630355254,red,aligned,0.5,0.65,0.0,0.0,20,20,129,64,65,"[0.5, 0.65]","[0.0, 0.0]",eval_50170_low_aligned.mp4,eval_50170_low.npy,49d2c23dcbcc0ab24364ce9390adedd71ca8e548bf47387a531a5311c6d1060d
projectile_gravity_v3_fixedpos_freefall,eval_50170_low_conflict,eval_50170_low,eval_50170,50170,eval,0.005480474178678156,low,0.11274882630355254,blue,conflict,0.5,0.65,0.0,0.0,20,20,129,64,65,"[0.5, 0.65]","[0.0, 0.0]",eval_50170_low_conflict.mp4,eval_50170_low.npy,49d2c23dcbcc0ab24364ce9390adedd71ca8e548bf47387a531a5311c6d1060d
projectile_gravity_v3_fixedpos_freefall,eval_50170_high_aligned,eval_50170_high,eval_50170,50170,eval,0.04748047417867816,high,0.11274882630355254,blue,aligned,0.5,0.65,0.0,0.0,20,20,129,64,65,"[0.5, 0.65]","[0.0, 0.0]",eval_50170_high_aligned.mp4,eval_50170_high.npy,49d2c23dcbcc0ab24364ce9390adedd71ca8e548bf47387a531a5311c6d1060d
projectile_gravity_v3_fixedpos_freefall,eval_50170_high_conflict,eval_50170_high,eval_50170,50170,eval,0.04748047417867816,high,0.11274882630355254,red,conflict,0.5,0.65,0.0,0.0,20,20,129,64,65,"[0.5, 0.65]","[0.0, 0.0]",eval_50170_high_conflict.mp4,eval_50170_high.npy,49d2c23dcbcc0ab24364ce9390adedd71ca8e548bf47387a531a5311c6d1060d
projectile_gravity_v3_fixedpos_freefall,eval_50171_low_aligned,eval_50171_low,eval_50171,50171,eval,0.006429110690354137,low,0.15586866774336983,red,aligned,0.5,0.65,0.0,0.0,20,20,129,64,65,"[0.5, 0.65]","[0.0, 0.0]",eval_50171_low_aligned.mp4,eval_50171_low.npy,49d2c23dcbcc0ab24364ce9390adedd71ca8e548bf47387a531a5311c6d1060d
projectile_gravity_v3_fixedpos_freefall,eval_50171_low_conflict,eval_50171_low,eval_50171,50171,eval,0.006429110690354137,low,0.15586866774336983,blue,conflict,0.5,0.65,0.0,0.0,20,20,129,64,65,"[0.5, 0.65]","[0.0, 0.0]",eval_50171_low_conflict.mp4,eval_50171_low.npy,49d2c23dcbcc0ab24364ce9390adedd71ca8e548bf47387a531a5311c6d1060d
projectile_gravity_v3_fixedpos_freefall,eval_50171_high_aligned,eval_50171_high,eval_50171,50171,eval,0.04842911069035413,high,0.15586866774336983,blue,aligned,0.5,0.65,0.0,0.0,20,20,129,64,65,"[0.5, 0.65]","[0.0, 0.0]",eval_50171_high_aligned.mp4,eval_50171_high.npy,49d2c23dcbcc0ab24364ce9390adedd71ca8e548bf47387a531a5311c6d1060d
projectile_gravity_v3_fixedpos_freefall,eval_50171_high_conflict,eval_50171_high,eval_50171,50171,eval,0.04842911069035413,high,0.15586866774336983,red,conflict,0.5,0.65,0.0,0.0,20,20,129,64,65,"[0.5, 0.65]","[0.0, 0.0]",eval_50171_high_conflict.mp4,eval_50171_high.npy,49d2c23dcbcc0ab24364ce9390adedd71ca8e548bf47387a531a5311c6d1060d
projectile_gravity_v3_fixedpos_freefall,eval_50172_low_aligned,eval_50172_low,eval_50172,50172,eval,0.004459434405987143,low,0.06633792754487011,red,aligned,0.5,0.65,0.0,0.0,20,20,129,64,65,"[0.5, 0.65]","[0.0, 0.0]",eval_50172_low_aligned.mp4,eval_50172_low.npy,49d2c23dcbcc0ab24364ce9390adedd71ca8e548bf47387a531a5311c6d1060d
projectile_gravity_v3_fixedpos_freefall,eval_50172_low_conflict,eval_50172_low,eval_50172,50172,eval,0.004459434405987143,low,0.06633792754487011,blue,conflict,0.5,0.65,0.0,0.0,20,20,129,64,65,"[0.5, 0.65]","[0.0, 0.0]",eval_50172_low_conflict.mp4,eval_50172_low.npy,49d2c23dcbcc0ab24364ce9390adedd71ca8e548bf47387a531a5311c6d1060d
projectile_gravity_v3_fixedpos_freefall,eval_50172_high_aligned,eval_50172_high,eval_50172,50172,eval,0.04645943440598714,high,0.06633792754487011,blue,aligned,0.5,0.65,0.0,0.0,20,20,129,64,65,"[0.5, 0.65]","[0.0, 0.0]",eval_50172_high_aligned.mp4,eval_50172_high.npy,49d2c23dcbcc0ab24364ce9390adedd71ca8e548bf47387a531a5311c6d1060d
projectile_gravity_v3_fixedpos_freefall,eval_50172_high_conflict,eval_50172_high,eval_50172,50172,eval,0.04645943440598714,high,0.06633792754487011,red,conflict,0.5,0.65,0.0,0.0,20,20,129,64,65,"[0.5, 0.65]","[0.0, 0.0]",eval_50172_high_conflict.mp4,eval_50172_high.npy,49d2c23dcbcc0ab24364ce9390adedd71ca8e548bf47387a531a5311c6d1060d
projectile_gravity_v3_fixedpos_freefall,eval_50173_low_aligned,eval_50173_low,eval_50173,50173,eval,0.011614784160657182,low,0.39158109821169007,red,aligned,0.5,0.65,0.0,0.0,20,20,129,64,65,"[0.5, 0.65]","[0.0, 0.0]",eval_50173_low_aligned.mp4,eval_50173_low.npy,49d2c23dcbcc0ab24364ce9390adedd71ca8e548bf47387a531a5311c6d1060d
projectile_gravity_v3_fixedpos_freefall,eval_50173_low_conflict,eval_50173_low,eval_50173,50173,eval,0.011614784160657182,low,0.39158109821169007,blue,conflict,0.5,0.65,0.0,0.0,20,20,129,64,65,"[0.5, 0.65]","[0.0, 0.0]",eval_50173_low_conflict.mp4,eval_50173_low.npy,49d2c23dcbcc0ab24364ce9390adedd71ca8e548bf47387a531a5311c6d1060d
projectile_gravity_v3_fixedpos_freefall,eval_50173_high_aligned,eval_50173_high,eval_50173,50173,eval,0.05361478416065718,high,0.39158109821169007,blue,aligned,0.5,0.65,0.0,0.0,20,20,129,64,65,"[0.5, 0.65]","[0.0, 0.0]",eval_50173_high_aligned.mp4,eval_50173_high.npy,49d2c23dcbcc0ab24364ce9390adedd71ca8e548bf47387a531a5311c6d1060d
projectile_gravity_v3_fixedpos_freefall,eval_50173_high_conflict,eval_50173_high,eval_50173,50173,eval,0.05361478416065718,high,0.39158109821169007,red,conflict,0.5,0.65,0.0,0.0,20,20,129,64,65,"[0.5, 0.65]","[0.0, 0.0]",eval_50173_high_conflict.mp4,eval_50173_high.npy,49d2c23dcbcc0ab24364ce9390adedd71ca8e548bf47387a531a5311c6d1060d
projectile_gravity_v3_fixedpos_freefall,eval_50174_low_aligned,eval_50174_low,eval_50174,50174,eval,0.024138344815200094,low,0.9608338552363679,red,aligned,0.5,0.65,0.0,0.0,20,20,129,64,65,"[0.5, 0.65]","[0.0, 0.0]",eval_50174_low_aligned.mp4,eval_50174_low.npy,49d2c23dcbcc0ab24364ce9390adedd71ca8e548bf47387a531a5311c6d1060d
projectile_gravity_v3_fixedpos_freefall,eval_50174_low_conflict,eval_50174_low,eval_50174,50174,eval,0.024138344815200094,low,0.9608338552363679,blue,conflict,0.5,0.65,0.0,0.0,20,20,129,64,65,"[0.5, 0.65]","[0.0, 0.0]",eval_50174_low_conflict.mp4,eval_50174_low.npy,49d2c23dcbcc0ab24364ce9390adedd71ca8e548bf47387a531a5311c6d1060d
projectile_gravity_v3_fixedpos_freefall,eval_50174_high_aligned,eval_50174_high,eval_50174,50174,eval,0.06613834481520009,high,0.9608338552363679,blue,aligned,0.5,0.65,0.0,0.0,20,20,129,64,65,"[0.5, 0.65]","[0.0, 0.0]",eval_50174_high_aligned.mp4,eval_50174_high.npy,49d2c23dcbcc0ab24364ce9390adedd71ca8e548bf47387a531a5311c6d1060d
projectile_gravity_v3_fixedpos_freefall,eval_50174_high_conflict,eval_50174_high,eval_50174,50174,eval,0.06613834481520009,high,0.9608338552363679,red,conflict,0.5,0.65,0.0,0.0,20,20,129,64,65,"[0.5, 0.65]","[0.0, 0.0]",eval_50174_high_conflict.mp4,eval_50174_high.npy,49d2c23dcbcc0ab24364ce9390adedd71ca8e548bf47387a531a5311c6d1060d
projectile_gravity_v3_fixedpos_freefall,eval_50175_low_aligned,eval_50175_low,eval_50175,50175,eval,0.017509853182082515,low,0.6595387810037505,red,aligned,0.5,0.65,0.0,0.0,20,20,129,64,65,"[0.5, 0.65]","[0.0, 0.0]",eval_50175_low_aligned.mp4,eval_50175_low.npy,49d2c23dcbcc0ab24364ce9390adedd71ca8e548bf47387a531a5311c6d1060d
projectile_gravity_v3_fixedpos_freefall,eval_50175_low_conflict,eval_50175_low,eval_50175,50175,eval,0.017509853182082515,low,0.6595387810037505,blue,conflict,0.5,0.65,0.0,0.0,20,20,129,64,65,"[0.5, 0.65]","[0.0, 0.0]",eval_50175_low_conflict.mp4,eval_50175_low.npy,49d2c23dcbcc0ab24364ce9390adedd71ca8e548bf47387a531a5311c6d1060d
projectile_gravity_v3_fixedpos_freefall,eval_50175_high_aligned,eval_50175_high,eval_50175,50175,eval,0.05950985318208252,high,0.6595387810037505,blue,aligned,0.5,0.65,0.0,0.0,20,20,129,64,65,"[0.5, 0.65]","[0.0, 0.0]",eval_50175_high_aligned.mp4,eval_50175_high.npy,49d2c23dcbcc0ab24364ce9390adedd71ca8e548bf47387a531a5311c6d1060d
projectile_gravity_v3_fixedpos_freefall,eval_50175_high_conflict,eval_50175_high,eval_50175,50175,eval,0.05950985318208252,high,0.6595387810037505,red,conflict,0.5,0.65,0.0,0.0,20,20,129,64,65,"[0.5, 0.65]","[0.0, 0.0]",eval_50175_high_conflict.mp4,eval_50175_high.npy,49d2c23dcbcc0ab24364ce9390adedd71ca8e548bf47387a531a5311c6d1060d
projectile_gravity_v3_fixedpos_freefall,eval_50176_low_aligned,eval_50176_low,eval_50176,50176,eval,0.01983336791523145,low,0.765153087055975,red,aligned,0.5,0.65,0.0,0.0,20,20,129,64,65,"[0.5, 0.65]","[0.0, 0.0]",eval_50176_low_aligned.mp4,eval_50176_low.npy,49d2c23dcbcc0ab24364ce9390adedd71ca8e548bf47387a531a5311c6d1060d
projectile_gravity_v3_fixedpos_freefall,eval_50176_low_conflict,eval_50176_low,eval_50176,50176,eval,0.01983336791523145,low,0.765153087055975,blue,conflict,0.5,0.65,0.0,0.0,20,20,129,64,65,"[0.5, 0.65]","[0.0, 0.0]",eval_50176_low_conflict.mp4,eval_50176_low.npy,49d2c23dcbcc0ab24364ce9390adedd71ca8e548bf47387a531a5311c6d1060d
projectile_gravity_v3_fixedpos_freefall,eval_50176_high_aligned,eval_50176_high,eval_50176,50176,eval,0.06183336791523145,high,0.765153087055975,blue,aligned,0.5,0.65,0.0,0.0,20,20,129,64,65,"[0.5, 0.65]","[0.0, 0.0]",eval_50176_high_aligned.mp4,eval_50176_high.npy,49d2c23dcbcc0ab24364ce9390adedd71ca8e548bf47387a531a5311c6d1060d
projectile_gravity_v3_fixedpos_freefall,eval_50176_high_conflict,eval_50176_high,eval_50176,50176,eval,0.06183336791523145,high,0.765153087055975,red,conflict,0.5,0.65,0.0,0.0,20,20,129,64,65,"[0.5, 0.65]","[0.0, 0.0]",eval_50176_high_conflict.mp4,eval_50176_high.npy,49d2c23dcbcc0ab24364ce9390adedd71ca8e548bf47387a531a5311c6d1060d
projectile_gravity_v3_fixedpos_freefall,eval_50177_low_aligned,eval_50177_low,eval_50177,50177,eval,0.012214856455137865,low,0.41885711159717565,red,aligned,0.5,0.65,0.0,0.0,20,20,129,64,65,"[0.5, 0.65]","[0.0, 0.0]",eval_50177_low_aligned.mp4,eval_50177_low.npy,49d2c23dcbcc0ab24364ce9390adedd71ca8e548bf47387a531a5311c6d1060d
projectile_gravity_v3_fixedpos_freefall,eval_50177_low_conflict,eval_50177_low,eval_50177,50177,eval,0.012214856455137865,low,0.41885711159717565,blue,conflict,0.5,0.65,0.0,0.0,20,20,129,64,65,"[0.5, 0.65]","[0.0, 0.0]",eval_50177_low_conflict.mp4,eval_50177_low.npy,49d2c23dcbcc0ab24364ce9390adedd71ca8e548bf47387a531a5311c6d1060d
projectile_gravity_v3_fixedpos_freefall,eval_50177_high_aligned,eval_50177_high,eval_50177,50177,eval,0.054214856455137864,high,0.41885711159717565,blue,aligned,0.5,0.65,0.0,0.0,20,20,129,64,65,"[0.5, 0.65]","[0.0, 0.0]",eval_50177_high_aligned.mp4,eval_50177_high.npy,49d2c23dcbcc0ab24364ce9390adedd71ca8e548bf47387a531a5311c6d1060d
projectile_gravity_v3_fixedpos_freefall,eval_50177_high_conflict,eval_50177_high,eval_50177,50177,eval,0.054214856455137864,high,0.41885711159717565,red,conflict,0.5,0.65,0.0,0.0,20,20,129,64,65,"[0.5, 0.65]","[0.0, 0.0]",eval_50177_high_conflict.mp4,eval_50177_high.npy,49d2c23dcbcc0ab24364ce9390adedd71ca8e548bf47387a531a5311c6d1060d
projectile_gravity_v3_fixedpos_freefall,eval_50178_low_aligned,eval_50178_low,eval_50178,50178,eval,0.017229663400812972,low,0.646802881855135,red,aligned,0.5,0.65,0.0,0.0,20,20,129,64,65,"[0.5, 0.65]","[0.0, 0.0]",eval_50178_low_aligned.mp4,eval_50178_low.npy,49d2c23dcbcc0ab24364ce9390adedd71ca8e548bf47387a531a5311c6d1060d
projectile_gravity_v3_fixedpos_freefall,eval_50178_low_conflict,eval_50178_low,eval_50178,50178,eval,0.017229663400812972,low,0.646802881855135,blue,conflict,0.5,0.65,0.0,0.0,20,20,129,64,65,"[0.5, 0.65]","[0.0, 0.0]",eval_50178_low_conflict.mp4,eval_50178_low.npy,49d2c23dcbcc0ab24364ce9390adedd71ca8e548bf47387a531a5311c6d1060d
projectile_gravity_v3_fixedpos_freefall,eval_50178_high_aligned,eval_50178_high,eval_50178,50178,eval,0.05922966340081297,high,0.646802881855135,blue,aligned,0.5,0.65,0.0,0.0,20,20,129,64,65,"[0.5, 0.65]","[0.0, 0.0]",eval_50178_high_aligned.mp4,eval_50178_high.npy,49d2c23dcbcc0ab24364ce9390adedd71ca8e548bf47387a531a5311c6d1060d
projectile_gravity_v3_fixedpos_freefall,eval_50178_high_conflict,eval_50178_high,eval_50178,50178,eval,0.05922966340081297,high,0.646802881855135,red,conflict,0.5,0.65,0.0,0.0,20,20,129,64,65,"[0.5, 0.65]","[0.0, 0.0]",eval_50178_high_conflict.mp4,eval_50178_high.npy,49d2c23dcbcc0ab24364ce9390adedd71ca8e548bf47387a531a5311c6d1060d
projectile_gravity_v3_fixedpos_freefall,eval_50179_low_aligned,eval_50179_low,eval_50179,50179,eval,0.00658329522921988,low,0.16287705587363088,red,aligned,0.5,0.65,0.0,0.0,20,20,129,64,65,"[0.5, 0.65]","[0.0, 0.0]",eval_50179_low_aligned.mp4,eval_50179_low.npy,49d2c23dcbcc0ab24364ce9390adedd71ca8e548bf47387a531a5311c6d1060d
projectile_gravity_v3_fixedpos_freefall,eval_50179_low_conflict,eval_50179_low,eval_50179,50179,eval,0.00658329522921988,low,0.16287705587363088,blue,conflict,0.5,0.65,0.0,0.0,20,20,129,64,65,"[0.5, 0.65]","[0.0, 0.0]",eval_50179_low_conflict.mp4,eval_50179_low.npy,49d2c23dcbcc0ab24364ce9390adedd71ca8e548bf47387a531a5311c6d1060d
projectile_gravity_v3_fixedpos_freefall,eval_50179_high_aligned,eval_50179_high,eval_50179,50179,eval,0.04858329522921988,high,0.16287705587363088,blue,aligned,0.5,0.65,0.0,0.0,20,20,129,64,65,"[0.5, 0.65]","[0.0, 0.0]",eval_50179_high_aligned.mp4,eval_50179_high.npy,49d2c23dcbcc0ab24364ce9390adedd71ca8e548bf47387a531a5311c6d1060d
projectile_gravity_v3_fixedpos_freefall,eval_50179_high_conflict,eval_50179_high,eval_50179,50179,eval,0.04858329522921988,high,0.16287705587363088,red,conflict,0.5,0.65,0.0,0.0,20,20,129,64,65,"[0.5, 0.65]","[0.0, 0.0]",eval_50179_high_conflict.mp4,eval_50179_high.npy,49d2c23dcbcc0ab24364ce9390adedd71ca8e548bf47387a531a5311c6d1060d
projectile_gravity_v3_fixedpos_freefall,eval_50180_low_aligned,eval_50180_low,eval_50180,50180,eval,0.02072534944872404,low,0.805697702214729,red,aligned,0.5,0.65,0.0,0.0,20,20,129,64,65,"[0.5, 0.65]","[0.0, 0.0]",eval_50180_low_aligned.mp4,eval_50180_low.npy,49d2c23dcbcc0ab24364ce9390adedd71ca8e548bf47387a531a5311c6d1060d
projectile_gravity_v3_fixedpos_freefall,eval_50180_low_conflict,eval_50180_low,eval_50180,50180,eval,0.02072534944872404,low,0.805697702214729,blue,conflict,0.5,0.65,0.0,0.0,20,20,129,64,65,"[0.5, 0.65]","[0.0, 0.0]",eval_50180_low_conflict.mp4,eval_50180_low.npy,49d2c23dcbcc0ab24364ce9390adedd71ca8e548bf47387a531a5311c6d1060d
projectile_gravity_v3_fixedpos_freefall,eval_50180_high_aligned,eval_50180_high,eval_50180,50180,eval,0.06272534944872404,high,0.805697702214729,blue,aligned,0.5,0.65,0.0,0.0,20,20,129,64,65,"[0.5, 0.65]","[0.0, 0.0]",eval_50180_high_aligned.mp4,eval_50180_high.npy,49d2c23dcbcc0ab24364ce9390adedd71ca8e548bf47387a531a5311c6d1060d
projectile_gravity_v3_fixedpos_freefall,eval_50180_high_conflict,eval_50180_high,eval_50180,50180,eval,0.06272534944872404,high,0.805697702214729,red,conflict,0.5,0.65,0.0,0.0,20,20,129,64,65,"[0.5, 0.65]","[0.0, 0.0]",eval_50180_high_conflict.mp4,eval_50180_high.npy,49d2c23dcbcc0ab24364ce9390adedd71ca8e548bf47387a531a5311c6d1060d
projectile_gravity_v3_fixedpos_freefall,eval_50181_low_aligned,eval_50181_low,eval_50181,50181,eval,0.020379957323213457,low,0.7899980601460662,red,aligned,0.5,0.65,0.0,0.0,20,20,129,64,65,"[0.5, 0.65]","[0.0, 0.0]",eval_50181_low_aligned.mp4,eval_50181_low.npy,49d2c23dcbcc0ab24364ce9390adedd71ca8e548bf47387a531a5311c6d1060d
projectile_gravity_v3_fixedpos_freefall,eval_50181_low_conflict,eval_50181_low,eval_50181,50181,eval,0.020379957323213457,low,0.7899980601460662,blue,conflict,0.5,0.65,0.0,0.0,20,20,129,64,65,"[0.5, 0.65]","[0.0, 0.0]",eval_50181_low_conflict.mp4,eval_50181_low.npy,49d2c23dcbcc0ab24364ce9390adedd71ca8e548bf47387a531a5311c6d1060d
projectile_gravity_v3_fixedpos_freefall,eval_50181_high_aligned,eval_50181_high,eval_50181,50181,eval,0.062379957323213456,high,0.7899980601460662,blue,aligned,0.5,0.65,0.0,0.0,20,20,129,64,65,"[0.5, 0.65]","[0.0, 0.0]",eval_50181_high_aligned.mp4,eval_50181_high.npy,49d2c23dcbcc0ab24364ce9390adedd71ca8e548bf47387a531a5311c6d1060d
projectile_gravity_v3_fixedpos_freefall,eval_50181_high_conflict,eval_50181_high,eval_50181,50181,eval,0.062379957323213456,high,0.7899980601460662,red,conflict,0.5,0.65,0.0,0.0,20,20,129,64,65,"[0.5, 0.65]","[0.0, 0.0]",eval_50181_high_conflict.mp4,eval_50181_high.npy,49d2c23dcbcc0ab24364ce9390adedd71ca8e548bf47387a531a5311c6d1060d
projectile_gravity_v3_fixedpos_freefall,eval_50182_low_aligned,eval_50182_low,eval_50182,50182,eval,0.007557518511731051,low,0.2071599323514114,red,aligned,0.5,0.65,0.0,0.0,20,20,129,64,65,"[0.5, 0.65]","[0.0, 0.0]",eval_50182_low_aligned.mp4,eval_50182_low.npy,49d2c23dcbcc0ab24364ce9390adedd71ca8e548bf47387a531a5311c6d1060d
projectile_gravity_v3_fixedpos_freefall,eval_50182_low_conflict,eval_50182_low,eval_50182,50182,eval,0.007557518511731051,low,0.2071599323514114,blue,conflict,0.5,0.65,0.0,0.0,20,20,129,64,65,"[0.5, 0.65]","[0.0, 0.0]",eval_50182_low_conflict.mp4,eval_50182_low.npy,49d2c23dcbcc0ab24364ce9390adedd71ca8e548bf47387a531a5311c6d1060d
projectile_gravity_v3_fixedpos_freefall,eval_50182_high_aligned,eval_50182_high,eval_50182,50182,eval,0.04955751851173105,high,0.2071599323514114,blue,aligned,0.5,0.65,0.0,0.0,20,20,129,64,65,"[0.5, 0.65]","[0.0, 0.0]",eval_50182_high_aligned.mp4,eval_50182_high.npy,49d2c23dcbcc0ab24364ce9390adedd71ca8e548bf47387a531a5311c6d1060d
projectile_gravity_v3_fixedpos_freefall,eval_50182_high_conflict,eval_50182_high,eval_50182,50182,eval,0.04955751851173105,high,0.2071599323514114,red,conflict,0.5,0.65,0.0,0.0,20,20,129,64,65,"[0.5, 0.65]","[0.0, 0.0]",eval_50182_high_conflict.mp4,eval_50182_high.npy,49d2c23dcbcc0ab24364ce9390adedd71ca8e548bf47387a531a5311c6d1060d
projectile_gravity_v3_fixedpos_freefall,eval_50183_low_aligned,eval_50183_low,eval_50183,50183,eval,0.014892190755968784,low,0.5405541252713083,red,aligned,0.5,0.65,0.0,0.0,20,20,129,64,65,"[0.5, 0.65]","[0.0, 0.0]",eval_50183_low_aligned.mp4,eval_50183_low.npy,49d2c23dcbcc0ab24364ce9390adedd71ca8e548bf47387a531a5311c6d1060d
projectile_gravity_v3_fixedpos_freefall,eval_50183_low_conflict,eval_50183_low,eval_50183,50183,eval,0.014892190755968784,low,0.5405541252713083,blue,conflict,0.5,0.65,0.0,0.0,20,20,129,64,65,"[0.5, 0.65]","[0.0, 0.0]",eval_50183_low_conflict.mp4,eval_50183_low.npy,49d2c23dcbcc0ab24364ce9390adedd71ca8e548bf47387a531a5311c6d1060d
projectile_gravity_v3_fixedpos_freefall,eval_50183_high_aligned,eval_50183_high,eval_50183,50183,eval,0.05689219075596878,high,0.5405541252713083,blue,aligned,0.5,0.65,0.0,0.0,20,20,129,64,65,"[0.5, 0.65]","[0.0, 0.0]",eval_50183_high_aligned.mp4,eval_50183_high.npy,49d2c23dcbcc0ab24364ce9390adedd71ca8e548bf47387a531a5311c6d1060d
projectile_gravity_v3_fixedpos_freefall,eval_50183_high_conflict,eval_50183_high,eval_50183,50183,eval,0.05689219075596878,high,0.5405541252713083,red,conflict,0.5,0.65,0.0,0.0,20,20,129,64,65,"[0.5, 0.65]","[0.0, 0.0]",eval_50183_high_conflict.mp4,eval_50183_high.npy,49d2c23dcbcc0ab24364ce9390adedd71ca8e548bf47387a531a5311c6d1060d
projectile_gravity_v3_fixedpos_freefall,eval_50184_low_aligned,eval_50184_low,eval_50184,50184,eval,0.01853046171405327,low,0.7059300779115122,red,aligned,0.5,0.65,0.0,0.0,20,20,129,64,65,"[0.5, 0.65]","[0.0, 0.0]",eval_50184_low_aligned.mp4,eval_50184_low.npy,49d2c23dcbcc0ab24364ce9390adedd71ca8e548bf47387a531a5311c6d1060d
projectile_gravity_v3_fixedpos_freefall,eval_50184_low_conflict,eval_50184_low,eval_50184,50184,eval,0.01853046171405327,low,0.7059300779115122,blue,conflict,0.5,0.65,0.0,0.0,20,20,129,64,65,"[0.5, 0.65]","[0.0, 0.0]",eval_50184_low_conflict.mp4,eval_50184_low.npy,49d2c23dcbcc0ab24364ce9390adedd71ca8e548bf47387a531a5311c6d1060d
projectile_gravity_v3_fixedpos_freefall,eval_50184_high_aligned,eval_50184_high,eval_50184,50184,eval,0.06053046171405327,high,0.7059300779115122,blue,aligned,0.5,0.65,0.0,0.0,20,20,129,64,65,"[0.5, 0.65]","[0.0, 0.0]",eval_50184_high_aligned.mp4,eval_50184_high.npy,49d2c23dcbcc0ab24364ce9390adedd71ca8e548bf47387a531a5311c6d1060d
projectile_gravity_v3_fixedpos_freefall,eval_50184_high_conflict,eval_50184_high,eval_50184,50184,eval,0.06053046171405327,high,0.7059300779115122,red,conflict,0.5,0.65,0.0,0.0,20,20,129,64,65,"[0.5, 0.65]","[0.0, 0.0]",eval_50184_high_conflict.mp4,eval_50184_high.npy,49d2c23dcbcc0ab24364ce9390adedd71ca8e548bf47387a531a5311c6d1060d
projectile_gravity_v3_fixedpos_freefall,eval_50185_low_aligned,eval_50185_low,eval_50185,50185,eval,0.01944111729752216,low,0.7473235135237345,red,aligned,0.5,0.65,0.0,0.0,20,20,129,64,65,"[0.5, 0.65]","[0.0, 0.0]",eval_50185_low_aligned.mp4,eval_50185_low.npy,49d2c23dcbcc0ab24364ce9390adedd71ca8e548bf47387a531a5311c6d1060d
projectile_gravity_v3_fixedpos_freefall,eval_50185_low_conflict,eval_50185_low,eval_50185,50185,eval,0.01944111729752216,low,0.7473235135237345,blue,conflict,0.5,0.65,0.0,0.0,20,20,129,64,65,"[0.5, 0.65]","[0.0, 0.0]",eval_50185_low_conflict.mp4,eval_50185_low.npy,49d2c23dcbcc0ab24364ce9390adedd71ca8e548bf47387a531a5311c6d1060d
projectile_gravity_v3_fixedpos_freefall,eval_50185_high_aligned,eval_50185_high,eval_50185,50185,eval,0.06144111729752216,high,0.7473235135237345,blue,aligned,0.5,0.65,0.0,0.0,20,20,129,64,65,"[0.5, 0.65]","[0.0, 0.0]",eval_50185_high_aligned.mp4,eval_50185_high.npy,49d2c23dcbcc0ab24364ce9390adedd71ca8e548bf47387a531a5311c6d1060d
projectile_gravity_v3_fixedpos_freefall,eval_50185_high_conflict,eval_50185_high,eval_50185,50185,eval,0.06144111729752216,high,0.7473235135237345,red,conflict,0.5,0.65,0.0,0.0,20,20,129,64,65,"[0.5, 0.65]","[0.0, 0.0]",eval_50185_high_conflict.mp4,eval_50185_high.npy,49d2c23dcbcc0ab24364ce9390adedd71ca8e548bf47387a531a5311c6d1060d
projectile_gravity_v3_fixedpos_freefall,eval_50186_low_aligned,eval_50186_low,eval_50186,50186,eval,0.024589866435938464,low,0.9813575652699301,red,aligned,0.5,0.65,0.0,0.0,20,20,129,64,65,"[0.5, 0.65]","[0.0, 0.0]",eval_50186_low_aligned.mp4,eval_50186_low.npy,49d2c23dcbcc0ab24364ce9390adedd71ca8e548bf47387a531a5311c6d1060d
projectile_gravity_v3_fixedpos_freefall,eval_50186_low_conflict,eval_50186_low,eval_50186,50186,eval,0.024589866435938464,low,0.9813575652699301,blue,conflict,0.5,0.65,0.0,0.0,20,20,129,64,65,"[0.5, 0.65]","[0.0, 0.0]",eval_50186_low_conflict.mp4,eval_50186_low.npy,49d2c23dcbcc0ab24364ce9390adedd71ca8e548bf47387a531a5311c6d1060d
projectile_gravity_v3_fixedpos_freefall,eval_50186_high_aligned,eval_50186_high,eval_50186,50186,eval,0.06658986643593846,high,0.9813575652699301,blue,aligned,0.5,0.65,0.0,0.0,20,20,129,64,65,"[0.5, 0.65]","[0.0, 0.0]",eval_50186_high_aligned.mp4,eval_50186_high.npy,49d2c23dcbcc0ab24364ce9390adedd71ca8e548bf47387a531a5311c6d1060d
projectile_gravity_v3_fixedpos_freefall,eval_50186_high_conflict,eval_50186_high,eval_50186,50186,eval,0.06658986643593846,high,0.9813575652699301,red,conflict,0.5,0.65,0.0,0.0,20,20,129,64,65,"[0.5, 0.65]","[0.0, 0.0]",eval_50186_high_conflict.mp4,eval_50186_high.npy,49d2c23dcbcc0ab24364ce9390adedd71ca8e548bf47387a531a5311c6d1060d
projectile_gravity_v3_fixedpos_freefall,eval_50187_low_aligned,eval_50187_low,eval_50187,50187,eval,0.022586031722836648,low,0.8902741692198476,red,aligned,0.5,0.65,0.0,0.0,20,20,129,64,65,"[0.5, 0.65]","[0.0, 0.0]",eval_50187_low_aligned.mp4,eval_50187_low.npy,49d2c23dcbcc0ab24364ce9390adedd71ca8e548bf47387a531a5311c6d1060d
projectile_gravity_v3_fixedpos_freefall,eval_50187_low_conflict,eval_50187_low,eval_50187,50187,eval,0.022586031722836648,low,0.8902741692198476,blue,conflict,0.5,0.65,0.0,0.0,20,20,129,64,65,"[0.5, 0.65]","[0.0, 0.0]",eval_50187_low_conflict.mp4,eval_50187_low.npy,49d2c23dcbcc0ab24364ce9390adedd71ca8e548bf47387a531a5311c6d1060d
projectile_gravity_v3_fixedpos_freefall,eval_50187_high_aligned,eval_50187_high,eval_50187,50187,eval,0.06458603172283665,high,0.8902741692198476,blue,aligned,0.5,0.65,0.0,0.0,20,20,129,64,65,"[0.5, 0.65]","[0.0, 0.0]",eval_50187_high_aligned.mp4,eval_50187_high.npy,49d2c23dcbcc0ab24364ce9390adedd71ca8e548bf47387a531a5311c6d1060d
projectile_gravity_v3_fixedpos_freefall,eval_50187_high_conflict,eval_50187_high,eval_50187,50187,eval,0.06458603172283665,high,0.8902741692198476,red,conflict,0.5,0.65,0.0,0.0,20,20,129,64,65,"[0.5, 0.65]","[0.0, 0.0]",eval_50187_high_conflict.mp4,eval_50187_high.npy,49d2c23dcbcc0ab24364ce9390adedd71ca8e548bf47387a531a5311c6d1060d
projectile_gravity_v3_fixedpos_freefall,eval_50188_low_aligned,eval_50188_low,eval_50188,50188,eval,0.02352714237257962,low,0.9330519260263463,red,aligned,0.5,0.65,0.0,0.0,20,20,129,64,65,"[0.5, 0.65]","[0.0, 0.0]",eval_50188_low_aligned.mp4,eval_50188_low.npy,49d2c23dcbcc0ab24364ce9390adedd71ca8e548bf47387a531a5311c6d1060d
projectile_gravity_v3_fixedpos_freefall,eval_50188_low_conflict,eval_50188_low,eval_50188,50188,eval,0.02352714237257962,low,0.9330519260263463,blue,conflict,0.5,0.65,0.0,0.0,20,20,129,64,65,"[0.5, 0.65]","[0.0, 0.0]",eval_50188_low_conflict.mp4,eval_50188_low.npy,49d2c23dcbcc0ab24364ce9390adedd71ca8e548bf47387a531a5311c6d1060d
projectile_gravity_v3_fixedpos_freefall,eval_50188_high_aligned,eval_50188_high,eval_50188,50188,eval,0.06552714237257962,high,0.9330519260263463,blue,aligned,0.5,0.65,0.0,0.0,20,20,129,64,65,"[0.5, 0.65]","[0.0, 0.0]",eval_50188_high_aligned.mp4,eval_50188_high.npy,49d2c23dcbcc0ab24364ce9390adedd71ca8e548bf47387a531a5311c6d1060d
projectile_gravity_v3_fixedpos_freefall,eval_50188_high_conflict,eval_50188_high,eval_50188,50188,eval,0.06552714237257962,high,0.9330519260263463,red,conflict,0.5,0.65,0.0,0.0,20,20,129,64,65,"[0.5, 0.65]","[0.0, 0.0]",eval_50188_high_conflict.mp4,eval_50188_high.npy,49d2c23dcbcc0ab24364ce9390adedd71ca8e548bf47387a531a5311c6d1060d
projectile_gravity_v3_fixedpos_freefall,eval_50189_low_aligned,eval_50189_low,eval_50189,50189,eval,0.011772058145477104,low,0.3987299157035047,red,aligned,0.5,0.65,0.0,0.0,20,20,129,64,65,"[0.5, 0.65]","[0.0, 0.0]",eval_50189_low_aligned.mp4,eval_50189_low.npy,49d2c23dcbcc0ab24364ce9390adedd71ca8e548bf47387a531a5311c6d1060d
projectile_gravity_v3_fixedpos_freefall,eval_50189_low_conflict,eval_50189_low,eval_50189,50189,eval,0.011772058145477104,low,0.3987299157035047,blue,conflict,0.5,0.65,0.0,0.0,20,20,129,64,65,"[0.5, 0.65]","[0.0, 0.0]",eval_50189_low_conflict.mp4,eval_50189_low.npy,49d2c23dcbcc0ab24364ce9390adedd71ca8e548bf47387a531a5311c6d1060d
projectile_gravity_v3_fixedpos_freefall,eval_50189_high_aligned,eval_50189_high,eval_50189,50189,eval,0.0537720581454771,high,0.3987299157035047,blue,aligned,0.5,0.65,0.0,0.0,20,20,129,64,65,"[0.5, 0.65]","[0.0, 0.0]",eval_50189_high_aligned.mp4,eval_50189_high.npy,49d2c23dcbcc0ab24364ce9390adedd71ca8e548bf47387a531a5311c6d1060d
projectile_gravity_v3_fixedpos_freefall,eval_50189_high_conflict,eval_50189_high,eval_50189,50189,eval,0.0537720581454771,high,0.3987299157035047,red,conflict,0.5,0.65,0.0,0.0,20,20,129,64,65,"[0.5, 0.65]","[0.0, 0.0]",eval_50189_high_conflict.mp4,eval_50189_high.npy,49d2c23dcbcc0ab24364ce9390adedd71ca8e548bf47387a531a5311c6d1060d
projectile_gravity_v3_fixedpos_freefall,eval_50190_low_aligned,eval_50190_low,eval_50190,50190,eval,0.010476485954355099,low,0.33984027065250444,red,aligned,0.5,0.65,0.0,0.0,20,20,129,64,65,"[0.5, 0.65]","[0.0, 0.0]",eval_50190_low_aligned.mp4,eval_50190_low.npy,49d2c23dcbcc0ab24364ce9390adedd71ca8e548bf47387a531a5311c6d1060d
projectile_gravity_v3_fixedpos_freefall,eval_50190_low_conflict,eval_50190_low,eval_50190,50190,eval,0.010476485954355099,low,0.33984027065250444,blue,conflict,0.5,0.65,0.0,0.0,20,20,129,64,65,"[0.5, 0.65]","[0.0, 0.0]",eval_50190_low_conflict.mp4,eval_50190_low.npy,49d2c23dcbcc0ab24364ce9390adedd71ca8e548bf47387a531a5311c6d1060d
projectile_gravity_v3_fixedpos_freefall,eval_50190_high_aligned,eval_50190_high,eval_50190,50190,eval,0.0524764859543551,high,0.33984027065250444,blue,aligned,0.5,0.65,0.0,0.0,20,20,129,64,65,"[0.5, 0.65]","[0.0, 0.0]",eval_50190_high_aligned.mp4,eval_50190_high.npy,49d2c23dcbcc0ab24364ce9390adedd71ca8e548bf47387a531a5311c6d1060d
projectile_gravity_v3_fixedpos_freefall,eval_50190_high_conflict,eval_50190_high,eval_50190,50190,eval,0.0524764859543551,high,0.33984027065250444,red,conflict,0.5,0.65,0.0,0.0,20,20,129,64,65,"[0.5, 0.65]","[0.0, 0.0]",eval_50190_high_conflict.mp4,eval_50190_high.npy,49d2c23dcbcc0ab24364ce9390adedd71ca8e548bf47387a531a5311c6d1060d
projectile_gravity_v3_fixedpos_freefall,eval_50191_low_aligned,eval_50191_low,eval_50191,50191,eval,0.0197348629740461,low,0.7606755897293681,red,aligned,0.5,0.65,0.0,0.0,20,20,129,64,65,"[0.5, 0.65]","[0.0, 0.0]",eval_50191_low_aligned.mp4,eval_50191_low.npy,49d2c23dcbcc0ab24364ce9390adedd71ca8e548bf47387a531a5311c6d1060d
projectile_gravity_v3_fixedpos_freefall,eval_50191_low_conflict,eval_50191_low,eval_50191,50191,eval,0.0197348629740461,low,0.7606755897293681,blue,conflict,0.5,0.65,0.0,0.0,20,20,129,64,65,"[0.5, 0.65]","[0.0, 0.0]",eval_50191_low_conflict.mp4,eval_50191_low.npy,49d2c23dcbcc0ab24364ce9390adedd71ca8e548bf47387a531a5311c6d1060d
projectile_gravity_v3_fixedpos_freefall,eval_50191_high_aligned,eval_50191_high,eval_50191,50191,eval,0.0617348629740461,high,0.7606755897293681,blue,aligned,0.5,0.65,0.0,0.0,20,20,129,64,65,"[0.5, 0.65]","[0.0, 0.0]",eval_50191_high_aligned.mp4,eval_50191_high.npy,49d2c23dcbcc0ab24364ce9390adedd71ca8e548bf47387a531a5311c6d1060d
projectile_gravity_v3_fixedpos_freefall,eval_50191_high_conflict,eval_50191_high,eval_50191,50191,eval,0.0617348629740461,high,0.7606755897293681,red,conflict,0.5,0.65,0.0,0.0,20,20,129,64,65,"[0.5, 0.65]","[0.0, 0.0]",eval_50191_high_conflict.mp4,eval_50191_high.npy,49d2c23dcbcc0ab24364ce9390adedd71ca8e548bf47387a531a5311c6d1060d
projectile_gravity_v3_fixedpos_freefall,eval_50192_low_aligned,eval_50192_low,eval_50192,50192,eval,0.005758066720627286,low,0.12536666911942207,red,aligned,0.5,0.65,0.0,0.0,20,20,129,64,65,"[0.5, 0.65]","[0.0, 0.0]",eval_50192_low_aligned.mp4,eval_50192_low.npy,49d2c23dcbcc0ab24364ce9390adedd71ca8e548bf47387a531a5311c6d1060d
projectile_gravity_v3_fixedpos_freefall,eval_50192_low_conflict,eval_50192_low,eval_50192,50192,eval,0.005758066720627286,low,0.12536666911942207,blue,conflict,0.5,0.65,0.0,0.0,20,20,129,64,65,"[0.5, 0.65]","[0.0, 0.0]",eval_50192_low_conflict.mp4,eval_50192_low.npy,49d2c23dcbcc0ab24364ce9390adedd71ca8e548bf47387a531a5311c6d1060d
projectile_gravity_v3_fixedpos_freefall,eval_50192_high_aligned,eval_50192_high,eval_50192,50192,eval,0.04775806672062728,high,0.12536666911942207,blue,aligned,0.5,0.65,0.0,0.0,20,20,129,64,65,"[0.5, 0.65]","[0.0, 0.0]",eval_50192_high_aligned.mp4,eval_50192_high.npy,49d2c23dcbcc0ab24364ce9390adedd71ca8e548bf47387a531a5311c6d1060d
projectile_gravity_v3_fixedpos_freefall,eval_50192_high_conflict,eval_50192_high,eval_50192,50192,eval,0.04775806672062728,high,0.12536666911942207,red,conflict,0.5,0.65,0.0,0.0,20,20,129,64,65,"[0.5, 0.65]","[0.0, 0.0]",eval_50192_high_conflict.mp4,eval_50192_high.npy,49d2c23dcbcc0ab24364ce9390adedd71ca8e548bf47387a531a5311c6d1060d
projectile_gravity_v3_fixedpos_freefall,eval_50193_low_aligned,eval_50193_low,eval_50193,50193,eval,0.0030567594630960893,low,0.0025799755952767844,red,aligned,0.5,0.65,0.0,0.0,20,20,129,64,65,"[0.5, 0.65]","[0.0, 0.0]",eval_50193_low_aligned.mp4,eval_50193_low.npy,49d2c23dcbcc0ab24364ce9390adedd71ca8e548bf47387a531a5311c6d1060d
projectile_gravity_v3_fixedpos_freefall,eval_50193_low_conflict,eval_50193_low,eval_50193,50193,eval,0.0030567594630960893,low,0.0025799755952767844,blue,conflict,0.5,0.65,0.0,0.0,20,20,129,64,65,"[0.5, 0.65]","[0.0, 0.0]",eval_50193_low_conflict.mp4,eval_50193_low.npy,49d2c23dcbcc0ab24364ce9390adedd71ca8e548bf47387a531a5311c6d1060d
projectile_gravity_v3_fixedpos_freefall,eval_50193_high_aligned,eval_50193_high,eval_50193,50193,eval,0.04505675946309609,high,0.0025799755952767844,blue,aligned,0.5,0.65,0.0,0.0,20,20,129,64,65,"[0.5, 0.65]","[0.0, 0.0]",eval_50193_high_aligned.mp4,eval_50193_high.npy,49d2c23dcbcc0ab24364ce9390adedd71ca8e548bf47387a531a5311c6d1060d
projectile_gravity_v3_fixedpos_freefall,eval_50193_high_conflict,eval_50193_high,eval_50193,50193,eval,0.04505675946309609,high,0.0025799755952767844,red,conflict,0.5,0.65,0.0,0.0,20,20,129,64,65,"[0.5, 0.65]","[0.0, 0.0]",eval_50193_high_conflict.mp4,eval_50193_high.npy,49d2c23dcbcc0ab24364ce9390adedd71ca8e548bf47387a531a5311c6d1060d
projectile_gravity_v3_fixedpos_freefall,eval_50194_low_aligned,eval_50194_low,eval_50194,50194,eval,0.015808136250662082,low,0.5821880113937309,red,aligned,0.5,0.65,0.0,0.0,20,20,129,64,65,"[0.5, 0.65]","[0.0, 0.0]",eval_50194_low_aligned.mp4,eval_50194_low.npy,49d2c23dcbcc0ab24364ce9390adedd71ca8e548bf47387a531a5311c6d1060d
projectile_gravity_v3_fixedpos_freefall,eval_50194_low_conflict,eval_50194_low,eval_50194,50194,eval,0.015808136250662082,low,0.5821880113937309,blue,conflict,0.5,0.65,0.0,0.0,20,20,129,64,65,"[0.5, 0.65]","[0.0, 0.0]",eval_50194_low_conflict.mp4,eval_50194_low.npy,49d2c23dcbcc0ab24364ce9390adedd71ca8e548bf47387a531a5311c6d1060d
projectile_gravity_v3_fixedpos_freefall,eval_50194_high_aligned,eval_50194_high,eval_50194,50194,eval,0.057808136250662084,high,0.5821880113937309,blue,aligned,0.5,0.65,0.0,0.0,20,20,129,64,65,"[0.5, 0.65]","[0.0, 0.0]",eval_50194_high_aligned.mp4,eval_50194_high.npy,49d2c23dcbcc0ab24364ce9390adedd71ca8e548bf47387a531a5311c6d1060d
projectile_gravity_v3_fixedpos_freefall,eval_50194_high_conflict,eval_50194_high,eval_50194,50194,eval,0.057808136250662084,high,0.5821880113937309,red,conflict,0.5,0.65,0.0,0.0,20,20,129,64,65,"[0.5, 0.65]","[0.0, 0.0]",eval_50194_high_conflict.mp4,eval_50194_high.npy,49d2c23dcbcc0ab24364ce9390adedd71ca8e548bf47387a531a5311c6d1060d
projectile_gravity_v3_fixedpos_freefall,eval_50195_low_aligned,eval_50195_low,eval_50195,50195,eval,0.024204750743830623,low,0.9638523065377554,red,aligned,0.5,0.65,0.0,0.0,20,20,129,64,65,"[0.5, 0.65]","[0.0, 0.0]",eval_50195_low_aligned.mp4,eval_50195_low.npy,49d2c23dcbcc0ab24364ce9390adedd71ca8e548bf47387a531a5311c6d1060d
projectile_gravity_v3_fixedpos_freefall,eval_50195_low_conflict,eval_50195_low,eval_50195,50195,eval,0.024204750743830623,low,0.9638523065377554,blue,conflict,0.5,0.65,0.0,0.0,20,20,129,64,65,"[0.5, 0.65]","[0.0, 0.0]",eval_50195_low_conflict.mp4,eval_50195_low.npy,49d2c23dcbcc0ab24364ce9390adedd71ca8e548bf47387a531a5311c6d1060d
projectile_gravity_v3_fixedpos_freefall,eval_50195_high_aligned,eval_50195_high,eval_50195,50195,eval,0.06620475074383063,high,0.9638523065377554,blue,aligned,0.5,0.65,0.0,0.0,20,20,129,64,65,"[0.5, 0.65]","[0.0, 0.0]",eval_50195_high_aligned.mp4,eval_50195_high.npy,49d2c23dcbcc0ab24364ce9390adedd71ca8e548bf47387a531a5311c6d1060d
projectile_gravity_v3_fixedpos_freefall,eval_50195_high_conflict,eval_50195_high,eval_50195,50195,eval,0.06620475074383063,high,0.9638523065377554,red,conflict,0.5,0.65,0.0,0.0,20,20,129,64,65,"[0.5, 0.65]","[0.0, 0.0]",eval_50195_high_conflict.mp4,eval_50195_high.npy,49d2c23dcbcc0ab24364ce9390adedd71ca8e548bf47387a531a5311c6d1060d
projectile_gravity_v3_fixedpos_freefall,eval_50196_low_aligned,eval_50196_low,eval_50196,50196,eval,0.024431679102500027,low,0.9741672319318193,red,aligned,0.5,0.65,0.0,0.0,20,20,129,64,65,"[0.5, 0.65]","[0.0, 0.0]",eval_50196_low_aligned.mp4,eval_50196_low.npy,49d2c23dcbcc0ab24364ce9390adedd71ca8e548bf47387a531a5311c6d1060d
projectile_gravity_v3_fixedpos_freefall,eval_50196_low_conflict,eval_50196_low,eval_50196,50196,eval,0.024431679102500027,low,0.9741672319318193,blue,conflict,0.5,0.65,0.0,0.0,20,20,129,64,65,"[0.5, 0.65]","[0.0, 0.0]",eval_50196_low_conflict.mp4,eval_50196_low.npy,49d2c23dcbcc0ab24364ce9390adedd71ca8e548bf47387a531a5311c6d1060d
projectile_gravity_v3_fixedpos_freefall,eval_50196_high_aligned,eval_50196_high,eval_50196,50196,eval,0.06643167910250003,high,0.9741672319318193,blue,aligned,0.5,0.65,0.0,0.0,20,20,129,64,65,"[0.5, 0.65]","[0.0, 0.0]",eval_50196_high_aligned.mp4,eval_50196_high.npy,49d2c23dcbcc0ab24364ce9390adedd71ca8e548bf47387a531a5311c6d1060d
projectile_gravity_v3_fixedpos_freefall,eval_50196_high_conflict,eval_50196_high,eval_50196,50196,eval,0.06643167910250003,high,0.9741672319318193,red,conflict,0.5,0.65,0.0,0.0,20,20,129,64,65,"[0.5, 0.65]","[0.0, 0.0]",eval_50196_high_conflict.mp4,eval_50196_high.npy,49d2c23dcbcc0ab24364ce9390adedd71ca8e548bf47387a531a5311c6d1060d
projectile_gravity_v3_fixedpos_freefall,eval_50197_low_aligned,eval_50197_low,eval_50197,50197,eval,0.009415762696458402,low,0.2916255771117455,red,aligned,0.5,0.65,0.0,0.0,20,20,129,64,65,"[0.5, 0.65]","[0.0, 0.0]",eval_50197_low_aligned.mp4,eval_50197_low.npy,49d2c23dcbcc0ab24364ce9390adedd71ca8e548bf47387a531a5311c6d1060d
projectile_gravity_v3_fixedpos_freefall,eval_50197_low_conflict,eval_50197_low,eval_50197,50197,eval,0.009415762696458402,low,0.2916255771117455,blue,conflict,0.5,0.65,0.0,0.0,20,20,129,64,65,"[0.5, 0.65]","[0.0, 0.0]",eval_50197_low_conflict.mp4,eval_50197_low.npy,49d2c23dcbcc0ab24364ce9390adedd71ca8e548bf47387a531a5311c6d1060d
projectile_gravity_v3_fixedpos_freefall,eval_50197_high_aligned,eval_50197_high,eval_50197,50197,eval,0.0514157626964584,high,0.2916255771117455,blue,aligned,0.5,0.65,0.0,0.0,20,20,129,64,65,"[0.5, 0.65]","[0.0, 0.0]",eval_50197_high_aligned.mp4,eval_50197_high.npy,49d2c23dcbcc0ab24364ce9390adedd71ca8e548bf47387a531a5311c6d1060d
projectile_gravity_v3_fixedpos_freefall,eval_50197_high_conflict,eval_50197_high,eval_50197,50197,eval,0.0514157626964584,high,0.2916255771117455,red,conflict,0.5,0.65,0.0,0.0,20,20,129,64,65,"[0.5, 0.65]","[0.0, 0.0]",eval_50197_high_conflict.mp4,eval_50197_high.npy,49d2c23dcbcc0ab24364ce9390adedd71ca8e548bf47387a531a5311c6d1060d
projectile_gravity_v3_fixedpos_freefall,eval_50198_low_aligned,eval_50198_low,eval_50198,50198,eval,0.016874775906804973,low,0.6306716321274987,red,aligned,0.5,0.65,0.0,0.0,20,20,129,64,65,"[0.5, 0.65]","[0.0, 0.0]",eval_50198_low_aligned.mp4,eval_50198_low.npy,49d2c23dcbcc0ab24364ce9390adedd71ca8e548bf47387a531a5311c6d1060d
projectile_gravity_v3_fixedpos_freefall,eval_50198_low_conflict,eval_50198_low,eval_50198,50198,eval,0.016874775906804973,low,0.6306716321274987,blue,conflict,0.5,0.65,0.0,0.0,20,20,129,64,65,"[0.5, 0.65]","[0.0, 0.0]",eval_50198_low_conflict.mp4,eval_50198_low.npy,49d2c23dcbcc0ab24364ce9390adedd71ca8e548bf47387a531a5311c6d1060d
projectile_gravity_v3_fixedpos_freefall,eval_50198_high_aligned,eval_50198_high,eval_50198,50198,eval,0.05887477590680497,high,0.6306716321274987,blue,aligned,0.5,0.65,0.0,0.0,20,20,129,64,65,"[0.5, 0.65]","[0.0, 0.0]",eval_50198_high_aligned.mp4,eval_50198_high.npy,49d2c23dcbcc0ab24364ce9390adedd71ca8e548bf47387a531a5311c6d1060d
projectile_gravity_v3_fixedpos_freefall,eval_50198_high_conflict,eval_50198_high,eval_50198,50198,eval,0.05887477590680497,high,0.6306716321274987,red,conflict,0.5,0.65,0.0,0.0,20,20,129,64,65,"[0.5, 0.65]","[0.0, 0.0]",eval_50198_high_conflict.mp4,eval_50198_high.npy,49d2c23dcbcc0ab24364ce9390adedd71ca8e548bf47387a531a5311c6d1060d
projectile_gravity_v3_fixedpos_freefall,eval_50199_low_aligned,eval_50199_low,eval_50199,50199,eval,0.021594719086980182,low,0.8452145039536446,red,aligned,0.5,0.65,0.0,0.0,20,20,129,64,65,"[0.5, 0.65]","[0.0, 0.0]",eval_50199_low_aligned.mp4,eval_50199_low.npy,49d2c23dcbcc0ab24364ce9390adedd71ca8e548bf47387a531a5311c6d1060d
projectile_gravity_v3_fixedpos_freefall,eval_50199_low_conflict,eval_50199_low,eval_50199,50199,eval,0.021594719086980182,low,0.8452145039536446,blue,conflict,0.5,0.65,0.0,0.0,20,20,129,64,65,"[0.5, 0.65]","[0.0, 0.0]",eval_50199_low_conflict.mp4,eval_50199_low.npy,49d2c23dcbcc0ab24364ce9390adedd71ca8e548bf47387a531a5311c6d1060d
projectile_gravity_v3_fixedpos_freefall,eval_50199_high_aligned,eval_50199_high,eval_50199,50199,eval,0.06359471908698018,high,0.8452145039536446,blue,aligned,0.5,0.65,0.0,0.0,20,20,129,64,65,"[0.5, 0.65]","[0.0, 0.0]",eval_50199_high_aligned.mp4,eval_50199_high.npy,49d2c23dcbcc0ab24364ce9390adedd71ca8e548bf47387a531a5311c6d1060d
projectile_gravity_v3_fixedpos_freefall,eval_50199_high_conflict,eval_50199_high,eval_50199,50199,eval,0.06359471908698018,high,0.8452145039536446,red,conflict,0.5,0.65,0.0,0.0,20,20,129,64,65,"[0.5, 0.65]","[0.0, 0.0]",eval_50199_high_conflict.mp4,eval_50199_high.npy,49d2c23dcbcc0ab24364ce9390adedd71ca8e548bf47387a531a5311c6d1060d
projectile_gravity_v3_fixedpos_freefall,eval_50200_low_aligned,eval_50200_low,eval_50200,50200,eval,0.01834736937925216,low,0.6976076990569162,red,aligned,0.5,0.65,0.0,0.0,20,20,129,64,65,"[0.5, 0.65]","[0.0, 0.0]",eval_50200_low_aligned.mp4,eval_50200_low.npy,49d2c23dcbcc0ab24364ce9390adedd71ca8e548bf47387a531a5311c6d1060d
projectile_gravity_v3_fixedpos_freefall,eval_50200_low_conflict,eval_50200_low,eval_50200,50200,eval,0.01834736937925216,low,0.6976076990569162,blue,conflict,0.5,0.65,0.0,0.0,20,20,129,64,65,"[0.5, 0.65]","[0.0, 0.0]",eval_50200_low_conflict.mp4,eval_50200_low.npy,49d2c23dcbcc0ab24364ce9390adedd71ca8e548bf47387a531a5311c6d1060d
projectile_gravity_v3_fixedpos_freefall,eval_50200_high_aligned,eval_50200_high,eval_50200,50200,eval,0.060347369379252155,high,0.6976076990569162,blue,aligned,0.5,0.65,0.0,0.0,20,20,129,64,65,"[0.5, 0.65]","[0.0, 0.0]",eval_50200_high_aligned.mp4,eval_50200_high.npy,49d2c23dcbcc0ab24364ce9390adedd71ca8e548bf47387a531a5311c6d1060d
projectile_gravity_v3_fixedpos_freefall,eval_50200_high_conflict,eval_50200_high,eval_50200,50200,eval,0.060347369379252155,high,0.6976076990569162,red,conflict,0.5,0.65,0.0,0.0,20,20,129,64,65,"[0.5, 0.65]","[0.0, 0.0]",eval_50200_high_conflict.mp4,eval_50200_high.npy,49d2c23dcbcc0ab24364ce9390adedd71ca8e548bf47387a531a5311c6d1060d
projectile_gravity_v3_fixedpos_freefall,eval_50201_low_aligned,eval_50201_low,eval_50201,50201,eval,0.011338483103322746,low,0.37902195924194293,red,aligned,0.5,0.65,0.0,0.0,20,20,129,64,65,"[0.5, 0.65]","[0.0, 0.0]",eval_50201_low_aligned.mp4,eval_50201_low.npy,49d2c23dcbcc0ab24364ce9390adedd71ca8e548bf47387a531a5311c6d1060d
projectile_gravity_v3_fixedpos_freefall,eval_50201_low_conflict,eval_50201_low,eval_50201,50201,eval,0.011338483103322746,low,0.37902195924194293,blue,conflict,0.5,0.65,0.0,0.0,20,20,129,64,65,"[0.5, 0.65]","[0.0, 0.0]",eval_50201_low_conflict.mp4,eval_50201_low.npy,49d2c23dcbcc0ab24364ce9390adedd71ca8e548bf47387a531a5311c6d1060d
projectile_gravity_v3_fixedpos_freefall,eval_50201_high_aligned,eval_50201_high,eval_50201,50201,eval,0.053338483103322745,high,0.37902195924194293,blue,aligned,0.5,0.65,0.0,0.0,20,20,129,64,65,"[0.5, 0.65]","[0.0, 0.0]",eval_50201_high_aligned.mp4,eval_50201_high.npy,49d2c23dcbcc0ab24364ce9390adedd71ca8e548bf47387a531a5311c6d1060d
projectile_gravity_v3_fixedpos_freefall,eval_50201_high_conflict,eval_50201_high,eval_50201,50201,eval,0.053338483103322745,high,0.37902195924194293,red,conflict,0.5,0.65,0.0,0.0,20,20,129,64,65,"[0.5, 0.65]","[0.0, 0.0]",eval_50201_high_conflict.mp4,eval_50201_high.npy,49d2c23dcbcc0ab24364ce9390adedd71ca8e548bf47387a531a5311c6d1060d
projectile_gravity_v3_fixedpos_freefall,eval_50202_low_aligned,eval_50202_low,eval_50202,50202,eval,0.024303118707309623,low,0.9683235776049828,red,aligned,0.5,0.65,0.0,0.0,20,20,129,64,65,"[0.5, 0.65]","[0.0, 0.0]",eval_50202_low_aligned.mp4,eval_50202_low.npy,49d2c23dcbcc0ab24364ce9390adedd71ca8e548bf47387a531a5311c6d1060d
projectile_gravity_v3_fixedpos_freefall,eval_50202_low_conflict,eval_50202_low,eval_50202,50202,eval,0.024303118707309623,low,0.9683235776049828,blue,conflict,0.5,0.65,0.0,0.0,20,20,129,64,65,"[0.5, 0.65]","[0.0, 0.0]",eval_50202_low_conflict.mp4,eval_50202_low.npy,49d2c23dcbcc0ab24364ce9390adedd71ca8e548bf47387a531a5311c6d1060d
projectile_gravity_v3_fixedpos_freefall,eval_50202_high_aligned,eval_50202_high,eval_50202,50202,eval,0.06630311870730962,high,0.9683235776049828,blue,aligned,0.5,0.65,0.0,0.0,20,20,129,64,65,"[0.5, 0.65]","[0.0, 0.0]",eval_50202_high_aligned.mp4,eval_50202_high.npy,49d2c23dcbcc0ab24364ce9390adedd71ca8e548bf47387a531a5311c6d1060d
projectile_gravity_v3_fixedpos_freefall,eval_50202_high_conflict,eval_50202_high,eval_50202,50202,eval,0.06630311870730962,high,0.9683235776049828,red,conflict,0.5,0.65,0.0,0.0,20,20,129,64,65,"[0.5, 0.65]","[0.0, 0.0]",eval_50202_high_conflict.mp4,eval_50202_high.npy,49d2c23dcbcc0ab24364ce9390adedd71ca8e548bf47387a531a5311c6d1060d
projectile_gravity_v3_fixedpos_freefall,eval_50203_low_aligned,eval_50203_low,eval_50203,50203,eval,0.018581733741853602,low,0.7082606246297091,red,aligned,0.5,0.65,0.0,0.0,20,20,129,64,65,"[0.5, 0.65]","[0.0, 0.0]",eval_50203_low_aligned.mp4,eval_50203_low.npy,49d2c23dcbcc0ab24364ce9390adedd71ca8e548bf47387a531a5311c6d1060d
projectile_gravity_v3_fixedpos_freefall,eval_50203_low_conflict,eval_50203_low,eval_50203,50203,eval,0.018581733741853602,low,0.7082606246297091,blue,conflict,0.5,0.65,0.0,0.0,20,20,129,64,65,"[0.5, 0.65]","[0.0, 0.0]",eval_50203_low_conflict.mp4,eval_50203_low.npy,49d2c23dcbcc0ab24364ce9390adedd71ca8e548bf47387a531a5311c6d1060d
projectile_gravity_v3_fixedpos_freefall,eval_50203_high_aligned,eval_50203_high,eval_50203,50203,eval,0.060581733741853605,high,0.7082606246297091,blue,aligned,0.5,0.65,0.0,0.0,20,20,129,64,65,"[0.5, 0.65]","[0.0, 0.0]",eval_50203_high_aligned.mp4,eval_50203_high.npy,49d2c23dcbcc0ab24364ce9390adedd71ca8e548bf47387a531a5311c6d1060d
projectile_gravity_v3_fixedpos_freefall,eval_50203_high_conflict,eval_50203_high,eval_50203,50203,eval,0.060581733741853605,high,0.7082606246297091,red,conflict,0.5,0.65,0.0,0.0,20,20,129,64,65,"[0.5, 0.65]","[0.0, 0.0]",eval_50203_high_conflict.mp4,eval_50203_high.npy,49d2c23dcbcc0ab24364ce9390adedd71ca8e548bf47387a531a5311c6d1060d
projectile_gravity_v3_fixedpos_freefall,eval_50204_low_aligned,eval_50204_low,eval_50204,50204,eval,0.010085546178167065,low,0.3220702808257757,red,aligned,0.5,0.65,0.0,0.0,20,20,129,64,65,"[0.5, 0.65]","[0.0, 0.0]",eval_50204_low_aligned.mp4,eval_50204_low.npy,49d2c23dcbcc0ab24364ce9390adedd71ca8e548bf47387a531a5311c6d1060d
projectile_gravity_v3_fixedpos_freefall,eval_50204_low_conflict,eval_50204_low,eval_50204,50204,eval,0.010085546178167065,low,0.3220702808257757,blue,conflict,0.5,0.65,0.0,0.0,20,20,129,64,65,"[0.5, 0.65]","[0.0, 0.0]",eval_50204_low_conflict.mp4,eval_50204_low.npy,49d2c23dcbcc0ab24364ce9390adedd71ca8e548bf47387a531a5311c6d1060d
projectile_gravity_v3_fixedpos_freefall,eval_50204_high_aligned,eval_50204_high,eval_50204,50204,eval,0.05208554617816707,high,0.3220702808257757,blue,aligned,0.5,0.65,0.0,0.0,20,20,129,64,65,"[0.5, 0.65]","[0.0, 0.0]",eval_50204_high_aligned.mp4,eval_50204_high.npy,49d2c23dcbcc0ab24364ce9390adedd71ca8e548bf47387a531a5311c6d1060d
projectile_gravity_v3_fixedpos_freefall,eval_50204_high_conflict,eval_50204_high,eval_50204,50204,eval,0.05208554617816707,high,0.3220702808257757,red,conflict,0.5,0.65,0.0,0.0,20,20,129,64,65,"[0.5, 0.65]","[0.0, 0.0]",eval_50204_high_conflict.mp4,eval_50204_high.npy,49d2c23dcbcc0ab24364ce9390adedd71ca8e548bf47387a531a5311c6d1060d
projectile_gravity_v3_fixedpos_freefall,eval_50205_low_aligned,eval_50205_low,eval_50205,50205,eval,0.011936873073673027,low,0.40622150334877394,red,aligned,0.5,0.65,0.0,0.0,20,20,129,64,65,"[0.5, 0.65]","[0.0, 0.0]",eval_50205_low_aligned.mp4,eval_50205_low.npy,49d2c23dcbcc0ab24364ce9390adedd71ca8e548bf47387a531a5311c6d1060d
projectile_gravity_v3_fixedpos_freefall,eval_50205_low_conflict,eval_50205_low,eval_50205,50205,eval,0.011936873073673027,low,0.40622150334877394,blue,conflict,0.5,0.65,0.0,0.0,20,20,129,64,65,"[0.5, 0.65]","[0.0, 0.0]",eval_50205_low_conflict.mp4,eval_50205_low.npy,49d2c23dcbcc0ab24364ce9390adedd71ca8e548bf47387a531a5311c6d1060d
projectile_gravity_v3_fixedpos_freefall,eval_50205_high_aligned,eval_50205_high,eval_50205,50205,eval,0.05393687307367303,high,0.40622150334877394,blue,aligned,0.5,0.65,0.0,0.0,20,20,129,64,65,"[0.5, 0.65]","[0.0, 0.0]",eval_50205_high_aligned.mp4,eval_50205_high.npy,49d2c23dcbcc0ab24364ce9390adedd71ca8e548bf47387a531a5311c6d1060d
projectile_gravity_v3_fixedpos_freefall,eval_50205_high_conflict,eval_50205_high,eval_50205,50205,eval,0.05393687307367303,high,0.40622150334877394,red,conflict,0.5,0.65,0.0,0.0,20,20,129,64,65,"[0.5, 0.65]","[0.0, 0.0]",eval_50205_high_conflict.mp4,eval_50205_high.npy,49d2c23dcbcc0ab24364ce9390adedd71ca8e548bf47387a531a5311c6d1060d
projectile_gravity_v3_fixedpos_freefall,eval_50206_low_aligned,eval_50206_low,eval_50206,50206,eval,0.007476477314355099,low,0.20347624156159538,red,aligned,0.5,0.65,0.0,0.0,20,20,129,64,65,"[0.5, 0.65]","[0.0, 0.0]",eval_50206_low_aligned.mp4,eval_50206_low.npy,49d2c23dcbcc0ab24364ce9390adedd71ca8e548bf47387a531a5311c6d1060d
projectile_gravity_v3_fixedpos_freefall,eval_50206_low_conflict,eval_50206_low,eval_50206,50206,eval,0.007476477314355099,low,0.20347624156159538,blue,conflict,0.5,0.65,0.0,0.0,20,20,129,64,65,"[0.5, 0.65]","[0.0, 0.0]",eval_50206_low_conflict.mp4,eval_50206_low.npy,49d2c23dcbcc0ab24364ce9390adedd71ca8e548bf47387a531a5311c6d1060d
projectile_gravity_v3_fixedpos_freefall,eval_50206_high_aligned,eval_50206_high,eval_50206,50206,eval,0.049476477314355095,high,0.20347624156159538,blue,aligned,0.5,0.65,0.0,0.0,20,20,129,64,65,"[0.5, 0.65]","[0.0, 0.0]",eval_50206_high_aligned.mp4,eval_50206_high.npy,49d2c23dcbcc0ab24364ce9390adedd71ca8e548bf47387a531a5311c6d1060d
projectile_gravity_v3_fixedpos_freefall,eval_50206_high_conflict,eval_50206_high,eval_50206,50206,eval,0.049476477314355095,high,0.20347624156159538,red,conflict,0.5,0.65,0.0,0.0,20,20,129,64,65,"[0.5, 0.65]","[0.0, 0.0]",eval_50206_high_conflict.mp4,eval_50206_high.npy,49d2c23dcbcc0ab24364ce9390adedd71ca8e548bf47387a531a5311c6d1060d
projectile_gravity_v3_fixedpos_freefall,eval_50207_low_aligned,eval_50207_low,eval_50207,50207,eval,0.021879149139247534,low,0.8581431426930697,red,aligned,0.5,0.65,0.0,0.0,20,20,129,64,65,"[0.5, 0.65]","[0.0, 0.0]",eval_50207_low_aligned.mp4,eval_50207_low.npy,49d2c23dcbcc0ab24364ce9390adedd71ca8e548bf47387a531a5311c6d1060d
projectile_gravity_v3_fixedpos_freefall,eval_50207_low_conflict,eval_50207_low,eval_50207,50207,eval,0.021879149139247534,low,0.8581431426930697,blue,conflict,0.5,0.65,0.0,0.0,20,20,129,64,65,"[0.5, 0.65]","[0.0, 0.0]",eval_50207_low_conflict.mp4,eval_50207_low.npy,49d2c23dcbcc0ab24364ce9390adedd71ca8e548bf47387a531a5311c6d1060d
projectile_gravity_v3_fixedpos_freefall,eval_50207_high_aligned,eval_50207_high,eval_50207,50207,eval,0.06387914913924754,high,0.8581431426930697,blue,aligned,0.5,0.65,0.0,0.0,20,20,129,64,65,"[0.5, 0.65]","[0.0, 0.0]",eval_50207_high_aligned.mp4,eval_50207_high.npy,49d2c23dcbcc0ab24364ce9390adedd71ca8e548bf47387a531a5311c6d1060d
projectile_gravity_v3_fixedpos_freefall,eval_50207_high_conflict,eval_50207_high,eval_50207,50207,eval,0.06387914913924754,high,0.8581431426930697,red,conflict,0.5,0.65,0.0,0.0,20,20,129,64,65,"[0.5, 0.65]","[0.0, 0.0]",eval_50207_high_conflict.mp4,eval_50207_high.npy,49d2c23dcbcc0ab24364ce9390adedd71ca8e548bf47387a531a5311c6d1060d
projectile_gravity_v3_fixedpos_freefall,eval_50208_low_aligned,eval_50208_low,eval_50208,50208,eval,0.022685937211471878,low,0.8948153277941762,red,aligned,0.5,0.65,0.0,0.0,20,20,129,64,65,"[0.5, 0.65]","[0.0, 0.0]",eval_50208_low_aligned.mp4,eval_50208_low.npy,49d2c23dcbcc0ab24364ce9390adedd71ca8e548bf47387a531a5311c6d1060d
projectile_gravity_v3_fixedpos_freefall,eval_50208_low_conflict,eval_50208_low,eval_50208,50208,eval,0.022685937211471878,low,0.8948153277941762,blue,conflict,0.5,0.65,0.0,0.0,20,20,129,64,65,"[0.5, 0.65]","[0.0, 0.0]",eval_50208_low_conflict.mp4,eval_50208_low.npy,49d2c23dcbcc0ab24364ce9390adedd71ca8e548bf47387a531a5311c6d1060d
projectile_gravity_v3_fixedpos_freefall,eval_50208_high_aligned,eval_50208_high,eval_50208,50208,eval,0.06468593721147188,high,0.8948153277941762,blue,aligned,0.5,0.65,0.0,0.0,20,20,129,64,65,"[0.5, 0.65]","[0.0, 0.0]",eval_50208_high_aligned.mp4,eval_50208_high.npy,49d2c23dcbcc0ab24364ce9390adedd71ca8e548bf47387a531a5311c6d1060d
projectile_gravity_v3_fixedpos_freefall,eval_50208_high_conflict,eval_50208_high,eval_50208,50208,eval,0.06468593721147188,high,0.8948153277941762,red,conflict,0.5,0.65,0.0,0.0,20,20,129,64,65,"[0.5, 0.65]","[0.0, 0.0]",eval_50208_high_conflict.mp4,eval_50208_high.npy,49d2c23dcbcc0ab24364ce9390adedd71ca8e548bf47387a531a5311c6d1060d
projectile_gravity_v3_fixedpos_freefall,eval_50209_low_aligned,eval_50209_low,eval_50209,50209,eval,0.013602031671591956,low,0.481910530526907,red,aligned,0.5,0.65,0.0,0.0,20,20,129,64,65,"[0.5, 0.65]","[0.0, 0.0]",eval_50209_low_aligned.mp4,eval_50209_low.npy,49d2c23dcbcc0ab24364ce9390adedd71ca8e548bf47387a531a5311c6d1060d
projectile_gravity_v3_fixedpos_freefall,eval_50209_low_conflict,eval_50209_low,eval_50209,50209,eval,0.013602031671591956,low,0.481910530526907,blue,conflict,0.5,0.65,0.0,0.0,20,20,129,64,65,"[0.5, 0.65]","[0.0, 0.0]",eval_50209_low_conflict.mp4,eval_50209_low.npy,49d2c23dcbcc0ab24364ce9390adedd71ca8e548bf47387a531a5311c6d1060d
projectile_gravity_v3_fixedpos_freefall,eval_50209_high_aligned,eval_50209_high,eval_50209,50209,eval,0.05560203167159196,high,0.481910530526907,blue,aligned,0.5,0.65,0.0,0.0,20,20,129,64,65,"[0.5, 0.65]","[0.0, 0.0]",eval_50209_high_aligned.mp4,eval_50209_high.npy,49d2c23dcbcc0ab24364ce9390adedd71ca8e548bf47387a531a5311c6d1060d
projectile_gravity_v3_fixedpos_freefall,eval_50209_high_conflict,eval_50209_high,eval_50209,50209,eval,0.05560203167159196,high,0.481910530526907,red,conflict,0.5,0.65,0.0,0.0,20,20,129,64,65,"[0.5, 0.65]","[0.0, 0.0]",eval_50209_high_conflict.mp4,eval_50209_high.npy,49d2c23dcbcc0ab24364ce9390adedd71ca8e548bf47387a531a5311c6d1060d
projectile_gravity_v3_fixedpos_freefall,eval_50210_low_aligned,eval_50210_low,eval_50210,50210,eval,0.010357319098692953,low,0.3344235953951342,red,aligned,0.5,0.65,0.0,0.0,20,20,129,64,65,"[0.5, 0.65]","[0.0, 0.0]",eval_50210_low_aligned.mp4,eval_50210_low.npy,49d2c23dcbcc0ab24364ce9390adedd71ca8e548bf47387a531a5311c6d1060d
projectile_gravity_v3_fixedpos_freefall,eval_50210_low_conflict,eval_50210_low,eval_50210,50210,eval,0.010357319098692953,low,0.3344235953951342,blue,conflict,0.5,0.65,0.0,0.0,20,20,129,64,65,"[0.5, 0.65]","[0.0, 0.0]",eval_50210_low_conflict.mp4,eval_50210_low.npy,49d2c23dcbcc0ab24364ce9390adedd71ca8e548bf47387a531a5311c6d1060d
projectile_gravity_v3_fixedpos_freefall,eval_50210_high_aligned,eval_50210_high,eval_50210,50210,eval,0.052357319098692956,high,0.3344235953951342,blue,aligned,0.5,0.65,0.0,0.0,20,20,129,64,65,"[0.5, 0.65]","[0.0, 0.0]",eval_50210_high_aligned.mp4,eval_50210_high.npy,49d2c23dcbcc0ab24364ce9390adedd71ca8e548bf47387a531a5311c6d1060d
projectile_gravity_v3_fixedpos_freefall,eval_50210_high_conflict,eval_50210_high,eval_50210,50210,eval,0.052357319098692956,high,0.3344235953951342,red,conflict,0.5,0.65,0.0,0.0,20,20,129,64,65,"[0.5, 0.65]","[0.0, 0.0]",eval_50210_high_conflict.mp4,eval_50210_high.npy,49d2c23dcbcc0ab24364ce9390adedd71ca8e548bf47387a531a5311c6d1060d
projectile_gravity_v3_fixedpos_freefall,eval_50211_low_aligned,eval_50211_low,eval_50211,50211,eval,0.01260259823109654,low,0.4364817377771155,red,aligned,0.5,0.65,0.0,0.0,20,20,129,64,65,"[0.5, 0.65]","[0.0, 0.0]",eval_50211_low_aligned.mp4,eval_50211_low.npy,49d2c23dcbcc0ab24364ce9390adedd71ca8e548bf47387a531a5311c6d1060d
projectile_gravity_v3_fixedpos_freefall,eval_50211_low_conflict,eval_50211_low,eval_50211,50211,eval,0.01260259823109654,low,0.4364817377771155,blue,conflict,0.5,0.65,0.0,0.0,20,20,129,64,65,"[0.5, 0.65]","[0.0, 0.0]",eval_50211_low_conflict.mp4,eval_50211_low.npy,49d2c23dcbcc0ab24364ce9390adedd71ca8e548bf47387a531a5311c6d1060d
projectile_gravity_v3_fixedpos_freefall,eval_50211_high_aligned,eval_50211_high,eval_50211,50211,eval,0.05460259823109654,high,0.4364817377771155,blue,aligned,0.5,0.65,0.0,0.0,20,20,129,64,65,"[0.5, 0.65]","[0.0, 0.0]",eval_50211_high_aligned.mp4,eval_50211_high.npy,49d2c23dcbcc0ab24364ce9390adedd71ca8e548bf47387a531a5311c6d1060d
projectile_gravity_v3_fixedpos_freefall,eval_50211_high_conflict,eval_50211_high,eval_50211,50211,eval,0.05460259823109654,high,0.4364817377771155,red,conflict,0.5,0.65,0.0,0.0,20,20,129,64,65,"[0.5, 0.65]","[0.0, 0.0]",eval_50211_high_conflict.mp4,eval_50211_high.npy,49d2c23dcbcc0ab24364ce9390adedd71ca8e548bf47387a531a5311c6d1060d
projectile_gravity_v3_fixedpos_freefall,eval_50212_low_aligned,eval_50212_low,eval_50212,50212,eval,0.010091462729541185,low,0.32233921497914475,red,aligned,0.5,0.65,0.0,0.0,20,20,129,64,65,"[0.5, 0.65]","[0.0, 0.0]",eval_50212_low_aligned.mp4,eval_50212_low.npy,49d2c23dcbcc0ab24364ce9390adedd71ca8e548bf47387a531a5311c6d1060d
projectile_gravity_v3_fixedpos_freefall,eval_50212_low_conflict,eval_50212_low,eval_50212,50212,eval,0.010091462729541185,low,0.32233921497914475,blue,conflict,0.5,0.65,0.0,0.0,20,20,129,64,65,"[0.5, 0.65]","[0.0, 0.0]",eval_50212_low_conflict.mp4,eval_50212_low.npy,49d2c23dcbcc0ab24364ce9390adedd71ca8e548bf47387a531a5311c6d1060d
projectile_gravity_v3_fixedpos_freefall,eval_50212_high_aligned,eval_50212_high,eval_50212,50212,eval,0.05209146272954118,high,0.32233921497914475,blue,aligned,0.5,0.65,0.0,0.0,20,20,129,64,65,"[0.5, 0.65]","[0.0, 0.0]",eval_50212_high_aligned.mp4,eval_50212_high.npy,49d2c23dcbcc0ab24364ce9390adedd71ca8e548bf47387a531a5311c6d1060d
projectile_gravity_v3_fixedpos_freefall,eval_50212_high_conflict,eval_50212_high,eval_50212,50212,eval,0.05209146272954118,high,0.32233921497914475,red,conflict,0.5,0.65,0.0,0.0,20,20,129,64,65,"[0.5, 0.65]","[0.0, 0.0]",eval_50212_high_conflict.mp4,eval_50212_high.npy,49d2c23dcbcc0ab24364ce9390adedd71ca8e548bf47387a531a5311c6d1060d
projectile_gravity_v3_fixedpos_freefall,eval_50213_low_aligned,eval_50213_low,eval_50213,50213,eval,0.01864117267448391,low,0.7109623942947232,red,aligned,0.5,0.65,0.0,0.0,20,20,129,64,65,"[0.5, 0.65]","[0.0, 0.0]",eval_50213_low_aligned.mp4,eval_50213_low.npy,49d2c23dcbcc0ab24364ce9390adedd71ca8e548bf47387a531a5311c6d1060d
projectile_gravity_v3_fixedpos_freefall,eval_50213_low_conflict,eval_50213_low,eval_50213,50213,eval,0.01864117267448391,low,0.7109623942947232,blue,conflict,0.5,0.65,0.0,0.0,20,20,129,64,65,"[0.5, 0.65]","[0.0, 0.0]",eval_50213_low_conflict.mp4,eval_50213_low.npy,49d2c23dcbcc0ab24364ce9390adedd71ca8e548bf47387a531a5311c6d1060d
projectile_gravity_v3_fixedpos_freefall,eval_50213_high_aligned,eval_50213_high,eval_50213,50213,eval,0.06064117267448391,high,0.7109623942947232,blue,aligned,0.5,0.65,0.0,0.0,20,20,129,64,65,"[0.5, 0.65]","[0.0, 0.0]",eval_50213_high_aligned.mp4,eval_50213_high.npy,49d2c23dcbcc0ab24364ce9390adedd71ca8e548bf47387a531a5311c6d1060d
projectile_gravity_v3_fixedpos_freefall,eval_50213_high_conflict,eval_50213_high,eval_50213,50213,eval,0.06064117267448391,high,0.7109623942947232,red,conflict,0.5,0.65,0.0,0.0,20,20,129,64,65,"[0.5, 0.65]","[0.0, 0.0]",eval_50213_high_conflict.mp4,eval_50213_high.npy,49d2c23dcbcc0ab24364ce9390adedd71ca8e548bf47387a531a5311c6d1060d
projectile_gravity_v3_fixedpos_freefall,eval_50214_low_aligned,eval_50214_low,eval_50214,50214,eval,0.01823725170606745,low,0.6926023502757931,red,aligned,0.5,0.65,0.0,0.0,20,20,129,64,65,"[0.5, 0.65]","[0.0, 0.0]",eval_50214_low_aligned.mp4,eval_50214_low.npy,49d2c23dcbcc0ab24364ce9390adedd71ca8e548bf47387a531a5311c6d1060d
projectile_gravity_v3_fixedpos_freefall,eval_50214_low_conflict,eval_50214_low,eval_50214,50214,eval,0.01823725170606745,low,0.6926023502757931,blue,conflict,0.5,0.65,0.0,0.0,20,20,129,64,65,"[0.5, 0.65]","[0.0, 0.0]",eval_50214_low_conflict.mp4,eval_50214_low.npy,49d2c23dcbcc0ab24364ce9390adedd71ca8e548bf47387a531a5311c6d1060d
projectile_gravity_v3_fixedpos_freefall,eval_50214_high_aligned,eval_50214_high,eval_50214,50214,eval,0.060237251706067446,high,0.6926023502757931,blue,aligned,0.5,0.65,0.0,0.0,20,20,129,64,65,"[0.5, 0.65]","[0.0, 0.0]",eval_50214_high_aligned.mp4,eval_50214_high.npy,49d2c23dcbcc0ab24364ce9390adedd71ca8e548bf47387a531a5311c6d1060d
projectile_gravity_v3_fixedpos_freefall,eval_50214_high_conflict,eval_50214_high,eval_50214,50214,eval,0.060237251706067446,high,0.6926023502757931,red,conflict,0.5,0.65,0.0,0.0,20,20,129,64,65,"[0.5, 0.65]","[0.0, 0.0]",eval_50214_high_conflict.mp4,eval_50214_high.npy,49d2c23dcbcc0ab24364ce9390adedd71ca8e548bf47387a531a5311c6d1060d
projectile_gravity_v3_fixedpos_freefall,eval_50215_low_aligned,eval_50215_low,eval_50215,50215,eval,0.01736878322886951,low,0.6531265104031594,red,aligned,0.5,0.65,0.0,0.0,20,20,129,64,65,"[0.5, 0.65]","[0.0, 0.0]",eval_50215_low_aligned.mp4,eval_50215_low.npy,49d2c23dcbcc0ab24364ce9390adedd71ca8e548bf47387a531a5311c6d1060d
projectile_gravity_v3_fixedpos_freefall,eval_50215_low_conflict,eval_50215_low,eval_50215,50215,eval,0.01736878322886951,low,0.6531265104031594,blue,conflict,0.5,0.65,0.0,0.0,20,20,129,64,65,"[0.5, 0.65]","[0.0, 0.0]",eval_50215_low_conflict.mp4,eval_50215_low.npy,49d2c23dcbcc0ab24364ce9390adedd71ca8e548bf47387a531a5311c6d1060d
projectile_gravity_v3_fixedpos_freefall,eval_50215_high_aligned,eval_50215_high,eval_50215,50215,eval,0.05936878322886951,high,0.6531265104031594,blue,aligned,0.5,0.65,0.0,0.0,20,20,129,64,65,"[0.5, 0.65]","[0.0, 0.0]",eval_50215_high_aligned.mp4,eval_50215_high.npy,49d2c23dcbcc0ab24364ce9390adedd71ca8e548bf47387a531a5311c6d1060d
projectile_gravity_v3_fixedpos_freefall,eval_50215_high_conflict,eval_50215_high,eval_50215,50215,eval,0.05936878322886951,high,0.6531265104031594,red,conflict,0.5,0.65,0.0,0.0,20,20,129,64,65,"[0.5, 0.65]","[0.0, 0.0]",eval_50215_high_conflict.mp4,eval_50215_high.npy,49d2c23dcbcc0ab24364ce9390adedd71ca8e548bf47387a531a5311c6d1060d
projectile_gravity_v3_fixedpos_freefall,eval_50216_low_aligned,eval_50216_low,eval_50216,50216,eval,0.022629405038694348,low,0.8922456835770157,red,aligned,0.5,0.65,0.0,0.0,20,20,129,64,65,"[0.5, 0.65]","[0.0, 0.0]",eval_50216_low_aligned.mp4,eval_50216_low.npy,49d2c23dcbcc0ab24364ce9390adedd71ca8e548bf47387a531a5311c6d1060d
projectile_gravity_v3_fixedpos_freefall,eval_50216_low_conflict,eval_50216_low,eval_50216,50216,eval,0.022629405038694348,low,0.8922456835770157,blue,conflict,0.5,0.65,0.0,0.0,20,20,129,64,65,"[0.5, 0.65]","[0.0, 0.0]",eval_50216_low_conflict.mp4,eval_50216_low.npy,49d2c23dcbcc0ab24364ce9390adedd71ca8e548bf47387a531a5311c6d1060d
projectile_gravity_v3_fixedpos_freefall,eval_50216_high_aligned,eval_50216_high,eval_50216,50216,eval,0.06462940503869435,high,0.8922456835770157,blue,aligned,0.5,0.65,0.0,0.0,20,20,129,64,65,"[0.5, 0.65]","[0.0, 0.0]",eval_50216_high_aligned.mp4,eval_50216_high.npy,49d2c23dcbcc0ab24364ce9390adedd71ca8e548bf47387a531a5311c6d1060d
projectile_gravity_v3_fixedpos_freefall,eval_50216_high_conflict,eval_50216_high,eval_50216,50216,eval,0.06462940503869435,high,0.8922456835770157,red,conflict,0.5,0.65,0.0,0.0,20,20,129,64,65,"[0.5, 0.65]","[0.0, 0.0]",eval_50216_high_conflict.mp4,eval_50216_high.npy,49d2c23dcbcc0ab24364ce9390adedd71ca8e548bf47387a531a5311c6d1060d
projectile_gravity_v3_fixedpos_freefall,eval_50217_low_aligned,eval_50217_low,eval_50217,50217,eval,0.009934803666074087,low,0.3152183484579131,red,aligned,0.5,0.65,0.0,0.0,20,20,129,64,65,"[0.5, 0.65]","[0.0, 0.0]",eval_50217_low_aligned.mp4,eval_50217_low.npy,49d2c23dcbcc0ab24364ce9390adedd71ca8e548bf47387a531a5311c6d1060d
projectile_gravity_v3_fixedpos_freefall,eval_50217_low_conflict,eval_50217_low,eval_50217,50217,eval,0.009934803666074087,low,0.3152183484579131,blue,conflict,0.5,0.65,0.0,0.0,20,20,129,64,65,"[0.5, 0.65]","[0.0, 0.0]",eval_50217_low_conflict.mp4,eval_50217_low.npy,49d2c23dcbcc0ab24364ce9390adedd71ca8e548bf47387a531a5311c6d1060d
projectile_gravity_v3_fixedpos_freefall,eval_50217_high_aligned,eval_50217_high,eval_50217,50217,eval,0.051934803666074086,high,0.3152183484579131,blue,aligned,0.5,0.65,0.0,0.0,20,20,129,64,65,"[0.5, 0.65]","[0.0, 0.0]",eval_50217_high_aligned.mp4,eval_50217_high.npy,49d2c23dcbcc0ab24364ce9390adedd71ca8e548bf47387a531a5311c6d1060d
projectile_gravity_v3_fixedpos_freefall,eval_50217_high_conflict,eval_50217_high,eval_50217,50217,eval,0.051934803666074086,high,0.3152183484579131,red,conflict,0.5,0.65,0.0,0.0,20,20,129,64,65,"[0.5, 0.65]","[0.0, 0.0]",eval_50217_high_conflict.mp4,eval_50217_high.npy,49d2c23dcbcc0ab24364ce9390adedd71ca8e548bf47387a531a5311c6d1060d
projectile_gravity_v3_fixedpos_freefall,eval_50218_low_aligned,eval_50218_low,eval_50218,50218,eval,0.003793834067403845,low,0.03608336670017476,red,aligned,0.5,0.65,0.0,0.0,20,20,129,64,65,"[0.5, 0.65]","[0.0, 0.0]",eval_50218_low_aligned.mp4,eval_50218_low.npy,49d2c23dcbcc0ab24364ce9390adedd71ca8e548bf47387a531a5311c6d1060d
projectile_gravity_v3_fixedpos_freefall,eval_50218_low_conflict,eval_50218_low,eval_50218,50218,eval,0.003793834067403845,low,0.03608336670017476,blue,conflict,0.5,0.65,0.0,0.0,20,20,129,64,65,"[0.5, 0.65]","[0.0, 0.0]",eval_50218_low_conflict.mp4,eval_50218_low.npy,49d2c23dcbcc0ab24364ce9390adedd71ca8e548bf47387a531a5311c6d1060d
projectile_gravity_v3_fixedpos_freefall,eval_50218_high_aligned,eval_50218_high,eval_50218,50218,eval,0.045793834067403845,high,0.03608336670017476,blue,aligned,0.5,0.65,0.0,0.0,20,20,129,64,65,"[0.5, 0.65]","[0.0, 0.0]",eval_50218_high_aligned.mp4,eval_50218_high.npy,49d2c23dcbcc0ab24364ce9390adedd71ca8e548bf47387a531a5311c6d1060d
projectile_gravity_v3_fixedpos_freefall,eval_50218_high_conflict,eval_50218_high,eval_50218,50218,eval,0.045793834067403845,high,0.03608336670017476,red,conflict,0.5,0.65,0.0,0.0,20,20,129,64,65,"[0.5, 0.65]","[0.0, 0.0]",eval_50218_high_conflict.mp4,eval_50218_high.npy,49d2c23dcbcc0ab24364ce9390adedd71ca8e548bf47387a531a5311c6d1060d
projectile_gravity_v3_fixedpos_freefall,eval_50219_low_aligned,eval_50219_low,eval_50219,50219,eval,0.006400545336124242,low,0.15457024255110186,red,aligned,0.5,0.65,0.0,0.0,20,20,129,64,65,"[0.5, 0.65]","[0.0, 0.0]",eval_50219_low_aligned.mp4,eval_50219_low.npy,49d2c23dcbcc0ab24364ce9390adedd71ca8e548bf47387a531a5311c6d1060d
projectile_gravity_v3_fixedpos_freefall,eval_50219_low_conflict,eval_50219_low,eval_50219,50219,eval,0.006400545336124242,low,0.15457024255110186,blue,conflict,0.5,0.65,0.0,0.0,20,20,129,64,65,"[0.5, 0.65]","[0.0, 0.0]",eval_50219_low_conflict.mp4,eval_50219_low.npy,49d2c23dcbcc0ab24364ce9390adedd71ca8e548bf47387a531a5311c6d1060d
projectile_gravity_v3_fixedpos_freefall,eval_50219_high_aligned,eval_50219_high,eval_50219,50219,eval,0.04840054533612424,high,0.15457024255110186,blue,aligned,0.5,0.65,0.0,0.0,20,20,129,64,65,"[0.5, 0.65]","[0.0, 0.0]",eval_50219_high_aligned.mp4,eval_50219_high.npy,49d2c23dcbcc0ab24364ce9390adedd71ca8e548bf47387a531a5311c6d1060d
projectile_gravity_v3_fixedpos_freefall,eval_50219_high_conflict,eval_50219_high,eval_50219,50219,eval,0.04840054533612424,high,0.15457024255110186,red,conflict,0.5,0.65,0.0,0.0,20,20,129,64,65,"[0.5, 0.65]","[0.0, 0.0]",eval_50219_high_conflict.mp4,eval_50219_high.npy,49d2c23dcbcc0ab24364ce9390adedd71ca8e548bf47387a531a5311c6d1060d
projectile_gravity_v3_fixedpos_freefall,eval_50220_low_aligned,eval_50220_low,eval_50220,50220,eval,0.011591688106971327,low,0.3905312775896057,red,aligned,0.5,0.65,0.0,0.0,20,20,129,64,65,"[0.5, 0.65]","[0.0, 0.0]",eval_50220_low_aligned.mp4,eval_50220_low.npy,49d2c23dcbcc0ab24364ce9390adedd71ca8e548bf47387a531a5311c6d1060d
projectile_gravity_v3_fixedpos_freefall,eval_50220_low_conflict,eval_50220_low,eval_50220,50220,eval,0.011591688106971327,low,0.3905312775896057,blue,conflict,0.5,0.65,0.0,0.0,20,20,129,64,65,"[0.5, 0.65]","[0.0, 0.0]",eval_50220_low_conflict.mp4,eval_50220_low.npy,49d2c23dcbcc0ab24364ce9390adedd71ca8e548bf47387a531a5311c6d1060d
projectile_gravity_v3_fixedpos_freefall,eval_50220_high_aligned,eval_50220_high,eval_50220,50220,eval,0.053591688106971326,high,0.3905312775896057,blue,aligned,0.5,0.65,0.0,0.0,20,20,129,64,65,"[0.5, 0.65]","[0.0, 0.0]",eval_50220_high_aligned.mp4,eval_50220_high.npy,49d2c23dcbcc0ab24364ce9390adedd71ca8e548bf47387a531a5311c6d1060d
projectile_gravity_v3_fixedpos_freefall,eval_50220_high_conflict,eval_50220_high,eval_50220,50220,eval,0.053591688106971326,high,0.3905312775896057,red,conflict,0.5,0.65,0.0,0.0,20,20,129,64,65,"[0.5, 0.65]","[0.0, 0.0]",eval_50220_high_conflict.mp4,eval_50220_high.npy,49d2c23dcbcc0ab24364ce9390adedd71ca8e548bf47387a531a5311c6d1060d
projectile_gravity_v3_fixedpos_freefall,eval_50221_low_aligned,eval_50221_low,eval_50221,50221,eval,0.0034507126417910017,low,0.02048693826322734,red,aligned,0.5,0.65,0.0,0.0,20,20,129,64,65,"[0.5, 0.65]","[0.0, 0.0]",eval_50221_low_aligned.mp4,eval_50221_low.npy,49d2c23dcbcc0ab24364ce9390adedd71ca8e548bf47387a531a5311c6d1060d
projectile_gravity_v3_fixedpos_freefall,eval_50221_low_conflict,eval_50221_low,eval_50221,50221,eval,0.0034507126417910017,low,0.02048693826322734,blue,conflict,0.5,0.65,0.0,0.0,20,20,129,64,65,"[0.5, 0.65]","[0.0, 0.0]",eval_50221_low_conflict.mp4,eval_50221_low.npy,49d2c23dcbcc0ab24364ce9390adedd71ca8e548bf47387a531a5311c6d1060d
projectile_gravity_v3_fixedpos_freefall,eval_50221_high_aligned,eval_50221_high,eval_50221,50221,eval,0.045450712641791,high,0.02048693826322734,blue,aligned,0.5,0.65,0.0,0.0,20,20,129,64,65,"[0.5, 0.65]","[0.0, 0.0]",eval_50221_high_aligned.mp4,eval_50221_high.npy,49d2c23dcbcc0ab24364ce9390adedd71ca8e548bf47387a531a5311c6d1060d
projectile_gravity_v3_fixedpos_freefall,eval_50221_high_conflict,eval_50221_high,eval_50221,50221,eval,0.045450712641791,high,0.02048693826322734,red,conflict,0.5,0.65,0.0,0.0,20,20,129,64,65,"[0.5, 0.65]","[0.0, 0.0]",eval_50221_high_conflict.mp4,eval_50221_high.npy,49d2c23dcbcc0ab24364ce9390adedd71ca8e548bf47387a531a5311c6d1060d
projectile_gravity_v3_fixedpos_freefall,eval_50222_low_aligned,eval_50222_low,eval_50222,50222,eval,0.01294343673115195,low,0.4519743968705432,red,aligned,0.5,0.65,0.0,0.0,20,20,129,64,65,"[0.5, 0.65]","[0.0, 0.0]",eval_50222_low_aligned.mp4,eval_50222_low.npy,49d2c23dcbcc0ab24364ce9390adedd71ca8e548bf47387a531a5311c6d1060d
projectile_gravity_v3_fixedpos_freefall,eval_50222_low_conflict,eval_50222_low,eval_50222,50222,eval,0.01294343673115195,low,0.4519743968705432,blue,conflict,0.5,0.65,0.0,0.0,20,20,129,64,65,"[0.5, 0.65]","[0.0, 0.0]",eval_50222_low_conflict.mp4,eval_50222_low.npy,49d2c23dcbcc0ab24364ce9390adedd71ca8e548bf47387a531a5311c6d1060d
projectile_gravity_v3_fixedpos_freefall,eval_50222_high_aligned,eval_50222_high,eval_50222,50222,eval,0.05494343673115195,high,0.4519743968705432,blue,aligned,0.5,0.65,0.0,0.0,20,20,129,64,65,"[0.5, 0.65]","[0.0, 0.0]",eval_50222_high_aligned.mp4,eval_50222_high.npy,49d2c23dcbcc0ab24364ce9390adedd71ca8e548bf47387a531a5311c6d1060d
projectile_gravity_v3_fixedpos_freefall,eval_50222_high_conflict,eval_50222_high,eval_50222,50222,eval,0.05494343673115195,high,0.4519743968705432,red,conflict,0.5,0.65,0.0,0.0,20,20,129,64,65,"[0.5, 0.65]","[0.0, 0.0]",eval_50222_high_conflict.mp4,eval_50222_high.npy,49d2c23dcbcc0ab24364ce9390adedd71ca8e548bf47387a531a5311c6d1060d
projectile_gravity_v3_fixedpos_freefall,eval_50223_low_aligned,eval_50223_low,eval_50223,50223,eval,0.005045567633440037,low,0.09298034697454716,red,aligned,0.5,0.65,0.0,0.0,20,20,129,64,65,"[0.5, 0.65]","[0.0, 0.0]",eval_50223_low_aligned.mp4,eval_50223_low.npy,49d2c23dcbcc0ab24364ce9390adedd71ca8e548bf47387a531a5311c6d1060d
projectile_gravity_v3_fixedpos_freefall,eval_50223_low_conflict,eval_50223_low,eval_50223,50223,eval,0.005045567633440037,low,0.09298034697454716,blue,conflict,0.5,0.65,0.0,0.0,20,20,129,64,65,"[0.5, 0.65]","[0.0, 0.0]",eval_50223_low_conflict.mp4,eval_50223_low.npy,49d2c23dcbcc0ab24364ce9390adedd71ca8e548bf47387a531a5311c6d1060d
projectile_gravity_v3_fixedpos_freefall,eval_50223_high_aligned,eval_50223_high,eval_50223,50223,eval,0.04704556763344003,high,0.09298034697454716,blue,aligned,0.5,0.65,0.0,0.0,20,20,129,64,65,"[0.5, 0.65]","[0.0, 0.0]",eval_50223_high_aligned.mp4,eval_50223_high.npy,49d2c23dcbcc0ab24364ce9390adedd71ca8e548bf47387a531a5311c6d1060d
projectile_gravity_v3_fixedpos_freefall,eval_50223_high_conflict,eval_50223_high,eval_50223,50223,eval,0.04704556763344003,high,0.09298034697454716,red,conflict,0.5,0.65,0.0,0.0,20,20,129,64,65,"[0.5, 0.65]","[0.0, 0.0]",eval_50223_high_conflict.mp4,eval_50223_high.npy,49d2c23dcbcc0ab24364ce9390adedd71ca8e548bf47387a531a5311c6d1060d
projectile_gravity_v3_fixedpos_freefall,eval_50224_low_aligned,eval_50224_low,eval_50224,50224,eval,0.016963296439720825,low,0.6346952927145829,red,aligned,0.5,0.65,0.0,0.0,20,20,129,64,65,"[0.5, 0.65]","[0.0, 0.0]",eval_50224_low_aligned.mp4,eval_50224_low.npy,49d2c23dcbcc0ab24364ce9390adedd71ca8e548bf47387a531a5311c6d1060d
projectile_gravity_v3_fixedpos_freefall,eval_50224_low_conflict,eval_50224_low,eval_50224,50224,eval,0.016963296439720825,low,0.6346952927145829,blue,conflict,0.5,0.65,0.0,0.0,20,20,129,64,65,"[0.5, 0.65]","[0.0, 0.0]",eval_50224_low_conflict.mp4,eval_50224_low.npy,49d2c23dcbcc0ab24364ce9390adedd71ca8e548bf47387a531a5311c6d1060d
projectile_gravity_v3_fixedpos_freefall,eval_50224_high_aligned,eval_50224_high,eval_50224,50224,eval,0.05896329643972083,high,0.6346952927145829,blue,aligned,0.5,0.65,0.0,0.0,20,20,129,64,65,"[0.5, 0.65]","[0.0, 0.0]",eval_50224_high_aligned.mp4,eval_50224_high.npy,49d2c23dcbcc0ab24364ce9390adedd71ca8e548bf47387a531a5311c6d1060d
projectile_gravity_v3_fixedpos_freefall,eval_50224_high_conflict,eval_50224_high,eval_50224,50224,eval,0.05896329643972083,high,0.6346952927145829,red,conflict,0.5,0.65,0.0,0.0,20,20,129,64,65,"[0.5, 0.65]","[0.0, 0.0]",eval_50224_high_conflict.mp4,eval_50224_high.npy,49d2c23dcbcc0ab24364ce9390adedd71ca8e548bf47387a531a5311c6d1060d
projectile_gravity_v3_fixedpos_freefall,eval_50225_low_aligned,eval_50225_low,eval_50225,50225,eval,0.01692305087599929,low,0.6328659489090586,red,aligned,0.5,0.65,0.0,0.0,20,20,129,64,65,"[0.5, 0.65]","[0.0, 0.0]",eval_50225_low_aligned.mp4,eval_50225_low.npy,49d2c23dcbcc0ab24364ce9390adedd71ca8e548bf47387a531a5311c6d1060d
projectile_gravity_v3_fixedpos_freefall,eval_50225_low_conflict,eval_50225_low,eval_50225,50225,eval,0.01692305087599929,low,0.6328659489090586,blue,conflict,0.5,0.65,0.0,0.0,20,20,129,64,65,"[0.5, 0.65]","[0.0, 0.0]",eval_50225_low_conflict.mp4,eval_50225_low.npy,49d2c23dcbcc0ab24364ce9390adedd71ca8e548bf47387a531a5311c6d1060d
projectile_gravity_v3_fixedpos_freefall,eval_50225_high_aligned,eval_50225_high,eval_50225,50225,eval,0.05892305087599929,high,0.6328659489090586,blue,aligned,0.5,0.65,0.0,0.0,20,20,129,64,65,"[0.5, 0.65]","[0.0, 0.0]",eval_50225_high_aligned.mp4,eval_50225_high.npy,49d2c23dcbcc0ab24364ce9390adedd71ca8e548bf47387a531a5311c6d1060d
projectile_gravity_v3_fixedpos_freefall,eval_50225_high_conflict,eval_50225_high,eval_50225,50225,eval,0.05892305087599929,high,0.6328659489090586,red,conflict,0.5,0.65,0.0,0.0,20,20,129,64,65,"[0.5, 0.65]","[0.0, 0.0]",eval_50225_high_conflict.mp4,eval_50225_high.npy,49d2c23dcbcc0ab24364ce9390adedd71ca8e548bf47387a531a5311c6d1060d
projectile_gravity_v3_fixedpos_freefall,eval_50226_low_aligned,eval_50226_low,eval_50226,50226,eval,0.016711546831141396,low,0.6232521286882452,red,aligned,0.5,0.65,0.0,0.0,20,20,129,64,65,"[0.5, 0.65]","[0.0, 0.0]",eval_50226_low_aligned.mp4,eval_50226_low.npy,49d2c23dcbcc0ab24364ce9390adedd71ca8e548bf47387a531a5311c6d1060d
projectile_gravity_v3_fixedpos_freefall,eval_50226_low_conflict,eval_50226_low,eval_50226,50226,eval,0.016711546831141396,low,0.6232521286882452,blue,conflict,0.5,0.65,0.0,0.0,20,20,129,64,65,"[0.5, 0.65]","[0.0, 0.0]",eval_50226_low_conflict.mp4,eval_50226_low.npy,49d2c23dcbcc0ab24364ce9390adedd71ca8e548bf47387a531a5311c6d1060d
projectile_gravity_v3_fixedpos_freefall,eval_50226_high_aligned,eval_50226_high,eval_50226,50226,eval,0.058711546831141395,high,0.6232521286882452,blue,aligned,0.5,0.65,0.0,0.0,20,20,129,64,65,"[0.5, 0.65]","[0.0, 0.0]",eval_50226_high_aligned.mp4,eval_50226_high.npy,49d2c23dcbcc0ab24364ce9390adedd71ca8e548bf47387a531a5311c6d1060d
projectile_gravity_v3_fixedpos_freefall,eval_50226_high_conflict,eval_50226_high,eval_50226,50226,eval,0.058711546831141395,high,0.6232521286882452,red,conflict,0.5,0.65,0.0,0.0,20,20,129,64,65,"[0.5, 0.65]","[0.0, 0.0]",eval_50226_high_conflict.mp4,eval_50226_high.npy,49d2c23dcbcc0ab24364ce9390adedd71ca8e548bf47387a531a5311c6d1060d
projectile_gravity_v3_fixedpos_freefall,eval_50227_low_aligned,eval_50227_low,eval_50227,50227,eval,0.019896904921610628,low,0.768041132800483,red,aligned,0.5,0.65,0.0,0.0,20,20,129,64,65,"[0.5, 0.65]","[0.0, 0.0]",eval_50227_low_aligned.mp4,eval_50227_low.npy,49d2c23dcbcc0ab24364ce9390adedd71ca8e548bf47387a531a5311c6d1060d
projectile_gravity_v3_fixedpos_freefall,eval_50227_low_conflict,eval_50227_low,eval_50227,50227,eval,0.019896904921610628,low,0.768041132800483,blue,conflict,0.5,0.65,0.0,0.0,20,20,129,64,65,"[0.5, 0.65]","[0.0, 0.0]",eval_50227_low_conflict.mp4,eval_50227_low.npy,49d2c23dcbcc0ab24364ce9390adedd71ca8e548bf47387a531a5311c6d1060d
projectile_gravity_v3_fixedpos_freefall,eval_50227_high_aligned,eval_50227_high,eval_50227,50227,eval,0.06189690492161063,high,0.768041132800483,blue,aligned,0.5,0.65,0.0,0.0,20,20,129,64,65,"[0.5, 0.65]","[0.0, 0.0]",eval_50227_high_aligned.mp4,eval_50227_high.npy,49d2c23dcbcc0ab24364ce9390adedd71ca8e548bf47387a531a5311c6d1060d
projectile_gravity_v3_fixedpos_freefall,eval_50227_high_conflict,eval_50227_high,eval_50227,50227,eval,0.06189690492161063,high,0.768041132800483,red,conflict,0.5,0.65,0.0,0.0,20,20,129,64,65,"[0.5, 0.65]","[0.0, 0.0]",eval_50227_high_conflict.mp4,eval_50227_high.npy,49d2c23dcbcc0ab24364ce9390adedd71ca8e548bf47387a531a5311c6d1060d
projectile_gravity_v3_fixedpos_freefall,eval_50228_low_aligned,eval_50228_low,eval_50228,50228,eval,0.018311187955736684,low,0.695963088897122,red,aligned,0.5,0.65,0.0,0.0,20,20,129,64,65,"[0.5, 0.65]","[0.0, 0.0]",eval_50228_low_aligned.mp4,eval_50228_low.npy,49d2c23dcbcc0ab24364ce9390adedd71ca8e548bf47387a531a5311c6d1060d
projectile_gravity_v3_fixedpos_freefall,eval_50228_low_conflict,eval_50228_low,eval_50228,50228,eval,0.018311187955736684,low,0.695963088897122,blue,conflict,0.5,0.65,0.0,0.0,20,20,129,64,65,"[0.5, 0.65]","[0.0, 0.0]",eval_50228_low_conflict.mp4,eval_50228_low.npy,49d2c23dcbcc0ab24364ce9390adedd71ca8e548bf47387a531a5311c6d1060d
projectile_gravity_v3_fixedpos_freefall,eval_50228_high_aligned,eval_50228_high,eval_50228,50228,eval,0.060311187955736686,high,0.695963088897122,blue,aligned,0.5,0.65,0.0,0.0,20,20,129,64,65,"[0.5, 0.65]","[0.0, 0.0]",eval_50228_high_aligned.mp4,eval_50228_high.npy,49d2c23dcbcc0ab24364ce9390adedd71ca8e548bf47387a531a5311c6d1060d
projectile_gravity_v3_fixedpos_freefall,eval_50228_high_conflict,eval_50228_high,eval_50228,50228,eval,0.060311187955736686,high,0.695963088897122,red,conflict,0.5,0.65,0.0,0.0,20,20,129,64,65,"[0.5, 0.65]","[0.0, 0.0]",eval_50228_high_conflict.mp4,eval_50228_high.npy,49d2c23dcbcc0ab24364ce9390adedd71ca8e548bf47387a531a5311c6d1060d
projectile_gravity_v3_fixedpos_freefall,eval_50229_low_aligned,eval_50229_low,eval_50229,50229,eval,0.024749628117743235,low,0.9886194598974197,red,aligned,0.5,0.65,0.0,0.0,20,20,129,64,65,"[0.5, 0.65]","[0.0, 0.0]",eval_50229_low_aligned.mp4,eval_50229_low.npy,49d2c23dcbcc0ab24364ce9390adedd71ca8e548bf47387a531a5311c6d1060d
projectile_gravity_v3_fixedpos_freefall,eval_50229_low_conflict,eval_50229_low,eval_50229,50229,eval,0.024749628117743235,low,0.9886194598974197,blue,conflict,0.5,0.65,0.0,0.0,20,20,129,64,65,"[0.5, 0.65]","[0.0, 0.0]",eval_50229_low_conflict.mp4,eval_50229_low.npy,49d2c23dcbcc0ab24364ce9390adedd71ca8e548bf47387a531a5311c6d1060d
projectile_gravity_v3_fixedpos_freefall,eval_50229_high_aligned,eval_50229_high,eval_50229,50229,eval,0.06674962811774324,high,0.9886194598974197,blue,aligned,0.5,0.65,0.0,0.0,20,20,129,64,65,"[0.5, 0.65]","[0.0, 0.0]",eval_50229_high_aligned.mp4,eval_50229_high.npy,49d2c23dcbcc0ab24364ce9390adedd71ca8e548bf47387a531a5311c6d1060d
projectile_gravity_v3_fixedpos_freefall,eval_50229_high_conflict,eval_50229_high,eval_50229,50229,eval,0.06674962811774324,high,0.9886194598974197,red,conflict,0.5,0.65,0.0,0.0,20,20,129,64,65,"[0.5, 0.65]","[0.0, 0.0]",eval_50229_high_conflict.mp4,eval_50229_high.npy,49d2c23dcbcc0ab24364ce9390adedd71ca8e548bf47387a531a5311c6d1060d
projectile_gravity_v3_fixedpos_freefall,eval_50230_low_aligned,eval_50230_low,eval_50230,50230,eval,0.024196065057834833,low,0.963457502628856,red,aligned,0.5,0.65,0.0,0.0,20,20,129,64,65,"[0.5, 0.65]","[0.0, 0.0]",eval_50230_low_aligned.mp4,eval_50230_low.npy,49d2c23dcbcc0ab24364ce9390adedd71ca8e548bf47387a531a5311c6d1060d
projectile_gravity_v3_fixedpos_freefall,eval_50230_low_conflict,eval_50230_low,eval_50230,50230,eval,0.024196065057834833,low,0.963457502628856,blue,conflict,0.5,0.65,0.0,0.0,20,20,129,64,65,"[0.5, 0.65]","[0.0, 0.0]",eval_50230_low_conflict.mp4,eval_50230_low.npy,49d2c23dcbcc0ab24364ce9390adedd71ca8e548bf47387a531a5311c6d1060d
projectile_gravity_v3_fixedpos_freefall,eval_50230_high_aligned,eval_50230_high,eval_50230,50230,eval,0.06619606505783483,high,0.963457502628856,blue,aligned,0.5,0.65,0.0,0.0,20,20,129,64,65,"[0.5, 0.65]","[0.0, 0.0]",eval_50230_high_aligned.mp4,eval_50230_high.npy,49d2c23dcbcc0ab24364ce9390adedd71ca8e548bf47387a531a5311c6d1060d
projectile_gravity_v3_fixedpos_freefall,eval_50230_high_conflict,eval_50230_high,eval_50230,50230,eval,0.06619606505783483,high,0.963457502628856,red,conflict,0.5,0.65,0.0,0.0,20,20,129,64,65,"[0.5, 0.65]","[0.0, 0.0]",eval_50230_high_conflict.mp4,eval_50230_high.npy,49d2c23dcbcc0ab24364ce9390adedd71ca8e548bf47387a531a5311c6d1060d
projectile_gravity_v3_fixedpos_freefall,eval_50231_low_aligned,eval_50231_low,eval_50231,50231,eval,0.00591459152489698,low,0.1324814329498627,red,aligned,0.5,0.65,0.0,0.0,20,20,129,64,65,"[0.5, 0.65]","[0.0, 0.0]",eval_50231_low_aligned.mp4,eval_50231_low.npy,49d2c23dcbcc0ab24364ce9390adedd71ca8e548bf47387a531a5311c6d1060d
projectile_gravity_v3_fixedpos_freefall,eval_50231_low_conflict,eval_50231_low,eval_50231,50231,eval,0.00591459152489698,low,0.1324814329498627,blue,conflict,0.5,0.65,0.0,0.0,20,20,129,64,65,"[0.5, 0.65]","[0.0, 0.0]",eval_50231_low_conflict.mp4,eval_50231_low.npy,49d2c23dcbcc0ab24364ce9390adedd71ca8e548bf47387a531a5311c6d1060d
projectile_gravity_v3_fixedpos_freefall,eval_50231_high_aligned,eval_50231_high,eval_50231,50231,eval,0.04791459152489698,high,0.1324814329498627,blue,aligned,0.5,0.65,0.0,0.0,20,20,129,64,65,"[0.5, 0.65]","[0.0, 0.0]",eval_50231_high_aligned.mp4,eval_50231_high.npy,49d2c23dcbcc0ab24364ce9390adedd71ca8e548bf47387a531a5311c6d1060d
projectile_gravity_v3_fixedpos_freefall,eval_50231_high_conflict,eval_50231_high,eval_50231,50231,eval,0.04791459152489698,high,0.1324814329498627,red,conflict,0.5,0.65,0.0,0.0,20,20,129,64,65,"[0.5, 0.65]","[0.0, 0.0]",eval_50231_high_conflict.mp4,eval_50231_high.npy,49d2c23dcbcc0ab24364ce9390adedd71ca8e548bf47387a531a5311c6d1060d
projectile_gravity_v3_fixedpos_freefall,eval_50232_low_aligned,eval_50232_low,eval_50232,50232,eval,0.02479261490450204,low,0.9905734047500927,red,aligned,0.5,0.65,0.0,0.0,20,20,129,64,65,"[0.5, 0.65]","[0.0, 0.0]",eval_50232_low_aligned.mp4,eval_50232_low.npy,49d2c23dcbcc0ab24364ce9390adedd71ca8e548bf47387a531a5311c6d1060d
projectile_gravity_v3_fixedpos_freefall,eval_50232_low_conflict,eval_50232_low,eval_50232,50232,eval,0.02479261490450204,low,0.9905734047500927,blue,conflict,0.5,0.65,0.0,0.0,20,20,129,64,65,"[0.5, 0.65]","[0.0, 0.0]",eval_50232_low_conflict.mp4,eval_50232_low.npy,49d2c23dcbcc0ab24364ce9390adedd71ca8e548bf47387a531a5311c6d1060d
projectile_gravity_v3_fixedpos_freefall,eval_50232_high_aligned,eval_50232_high,eval_50232,50232,eval,0.06679261490450204,high,0.9905734047500927,blue,aligned,0.5,0.65,0.0,0.0,20,20,129,64,65,"[0.5, 0.65]","[0.0, 0.0]",eval_50232_high_aligned.mp4,eval_50232_high.npy,49d2c23dcbcc0ab24364ce9390adedd71ca8e548bf47387a531a5311c6d1060d
projectile_gravity_v3_fixedpos_freefall,eval_50232_high_conflict,eval_50232_high,eval_50232,50232,eval,0.06679261490450204,high,0.9905734047500927,red,conflict,0.5,0.65,0.0,0.0,20,20,129,64,65,"[0.5, 0.65]","[0.0, 0.0]",eval_50232_high_conflict.mp4,eval_50232_high.npy,49d2c23dcbcc0ab24364ce9390adedd71ca8e548bf47387a531a5311c6d1060d
projectile_gravity_v3_fixedpos_freefall,eval_50233_low_aligned,eval_50233_low,eval_50233,50233,eval,0.011178339098639929,low,0.37174268630181495,red,aligned,0.5,0.65,0.0,0.0,20,20,129,64,65,"[0.5, 0.65]","[0.0, 0.0]",eval_50233_low_aligned.mp4,eval_50233_low.npy,49d2c23dcbcc0ab24364ce9390adedd71ca8e548bf47387a531a5311c6d1060d
projectile_gravity_v3_fixedpos_freefall,eval_50233_low_conflict,eval_50233_low,eval_50233,50233,eval,0.011178339098639929,low,0.37174268630181495,blue,conflict,0.5,0.65,0.0,0.0,20,20,129,64,65,"[0.5, 0.65]","[0.0, 0.0]",eval_50233_low_conflict.mp4,eval_50233_low.npy,49d2c23dcbcc0ab24364ce9390adedd71ca8e548bf47387a531a5311c6d1060d
projectile_gravity_v3_fixedpos_freefall,eval_50233_high_aligned,eval_50233_high,eval_50233,50233,eval,0.05317833909863993,high,0.37174268630181495,blue,aligned,0.5,0.65,0.0,0.0,20,20,129,64,65,"[0.5, 0.65]","[0.0, 0.0]",eval_50233_high_aligned.mp4,eval_50233_high.npy,49d2c23dcbcc0ab24364ce9390adedd71ca8e548bf47387a531a5311c6d1060d
projectile_gravity_v3_fixedpos_freefall,eval_50233_high_conflict,eval_50233_high,eval_50233,50233,eval,0.05317833909863993,high,0.37174268630181495,red,conflict,0.5,0.65,0.0,0.0,20,20,129,64,65,"[0.5, 0.65]","[0.0, 0.0]",eval_50233_high_conflict.mp4,eval_50233_high.npy,49d2c23dcbcc0ab24364ce9390adedd71ca8e548bf47387a531a5311c6d1060d
projectile_gravity_v3_fixedpos_freefall,eval_50234_low_aligned,eval_50234_low,eval_50234,50234,eval,0.0042093760715203495,low,0.05497163961456131,red,aligned,0.5,0.65,0.0,0.0,20,20,129,64,65,"[0.5, 0.65]","[0.0, 0.0]",eval_50234_low_aligned.mp4,eval_50234_low.npy,49d2c23dcbcc0ab24364ce9390adedd71ca8e548bf47387a531a5311c6d1060d
projectile_gravity_v3_fixedpos_freefall,eval_50234_low_conflict,eval_50234_low,eval_50234,50234,eval,0.0042093760715203495,low,0.05497163961456131,blue,conflict,0.5,0.65,0.0,0.0,20,20,129,64,65,"[0.5, 0.65]","[0.0, 0.0]",eval_50234_low_conflict.mp4,eval_50234_low.npy,49d2c23dcbcc0ab24364ce9390adedd71ca8e548bf47387a531a5311c6d1060d
projectile_gravity_v3_fixedpos_freefall,eval_50234_high_aligned,eval_50234_high,eval_50234,50234,eval,0.04620937607152035,high,0.05497163961456131,blue,aligned,0.5,0.65,0.0,0.0,20,20,129,64,65,"[0.5, 0.65]","[0.0, 0.0]",eval_50234_high_aligned.mp4,eval_50234_high.npy,49d2c23dcbcc0ab24364ce9390adedd71ca8e548bf47387a531a5311c6d1060d
projectile_gravity_v3_fixedpos_freefall,eval_50234_high_conflict,eval_50234_high,eval_50234,50234,eval,0.04620937607152035,high,0.05497163961456131,red,conflict,0.5,0.65,0.0,0.0,20,20,129,64,65,"[0.5, 0.65]","[0.0, 0.0]",eval_50234_high_conflict.mp4,eval_50234_high.npy,49d2c23dcbcc0ab24364ce9390adedd71ca8e548bf47387a531a5311c6d1060d
projectile_gravity_v3_fixedpos_freefall,eval_50235_low_aligned,eval_50235_low,eval_50235,50235,eval,0.00908236611068915,low,0.2764711868495068,red,aligned,0.5,0.65,0.0,0.0,20,20,129,64,65,"[0.5, 0.65]","[0.0, 0.0]",eval_50235_low_aligned.mp4,eval_50235_low.npy,49d2c23dcbcc0ab24364ce9390adedd71ca8e548bf47387a531a5311c6d1060d
projectile_gravity_v3_fixedpos_freefall,eval_50235_low_conflict,eval_50235_low,eval_50235,50235,eval,0.00908236611068915,low,0.2764711868495068,blue,conflict,0.5,0.65,0.0,0.0,20,20,129,64,65,"[0.5, 0.65]","[0.0, 0.0]",eval_50235_low_conflict.mp4,eval_50235_low.npy,49d2c23dcbcc0ab24364ce9390adedd71ca8e548bf47387a531a5311c6d1060d
projectile_gravity_v3_fixedpos_freefall,eval_50235_high_aligned,eval_50235_high,eval_50235,50235,eval,0.05108236611068915,high,0.2764711868495068,blue,aligned,0.5,0.65,0.0,0.0,20,20,129,64,65,"[0.5, 0.65]","[0.0, 0.0]",eval_50235_high_aligned.mp4,eval_50235_high.npy,49d2c23dcbcc0ab24364ce9390adedd71ca8e548bf47387a531a5311c6d1060d
projectile_gravity_v3_fixedpos_freefall,eval_50235_high_conflict,eval_50235_high,eval_50235,50235,eval,0.05108236611068915,high,0.2764711868495068,red,conflict,0.5,0.65,0.0,0.0,20,20,129,64,65,"[0.5, 0.65]","[0.0, 0.0]",eval_50235_high_conflict.mp4,eval_50235_high.npy,49d2c23dcbcc0ab24364ce9390adedd71ca8e548bf47387a531a5311c6d1060d
projectile_gravity_v3_fixedpos_freefall,eval_50236_low_aligned,eval_50236_low,eval_50236,50236,eval,0.013388351269657473,low,0.47219778498443055,red,aligned,0.5,0.65,0.0,0.0,20,20,129,64,65,"[0.5, 0.65]","[0.0, 0.0]",eval_50236_low_aligned.mp4,eval_50236_low.npy,49d2c23dcbcc0ab24364ce9390adedd71ca8e548bf47387a531a5311c6d1060d
projectile_gravity_v3_fixedpos_freefall,eval_50236_low_conflict,eval_50236_low,eval_50236,50236,eval,0.013388351269657473,low,0.47219778498443055,blue,conflict,0.5,0.65,0.0,0.0,20,20,129,64,65,"[0.5, 0.65]","[0.0, 0.0]",eval_50236_low_conflict.mp4,eval_50236_low.npy,49d2c23dcbcc0ab24364ce9390adedd71ca8e548bf47387a531a5311c6d1060d
projectile_gravity_v3_fixedpos_freefall,eval_50236_high_aligned,eval_50236_high,eval_50236,50236,eval,0.05538835126965747,high,0.47219778498443055,blue,aligned,0.5,0.65,0.0,0.0,20,20,129,64,65,"[0.5, 0.65]","[0.0, 0.0]",eval_50236_high_aligned.mp4,eval_50236_high.npy,49d2c23dcbcc0ab24364ce9390adedd71ca8e548bf47387a531a5311c6d1060d
projectile_gravity_v3_fixedpos_freefall,eval_50236_high_conflict,eval_50236_high,eval_50236,50236,eval,0.05538835126965747,high,0.47219778498443055,red,conflict,0.5,0.65,0.0,0.0,20,20,129,64,65,"[0.5, 0.65]","[0.0, 0.0]",eval_50236_high_conflict.mp4,eval_50236_high.npy,49d2c23dcbcc0ab24364ce9390adedd71ca8e548bf47387a531a5311c6d1060d
projectile_gravity_v3_fixedpos_freefall,eval_50237_low_aligned,eval_50237_low,eval_50237,50237,eval,0.0035059938129038794,low,0.022999718768358157,red,aligned,0.5,0.65,0.0,0.0,20,20,129,64,65,"[0.5, 0.65]","[0.0, 0.0]",eval_50237_low_aligned.mp4,eval_50237_low.npy,49d2c23dcbcc0ab24364ce9390adedd71ca8e548bf47387a531a5311c6d1060d
projectile_gravity_v3_fixedpos_freefall,eval_50237_low_conflict,eval_50237_low,eval_50237,50237,eval,0.0035059938129038794,low,0.022999718768358157,blue,conflict,0.5,0.65,0.0,0.0,20,20,129,64,65,"[0.5, 0.65]","[0.0, 0.0]",eval_50237_low_conflict.mp4,eval_50237_low.npy,49d2c23dcbcc0ab24364ce9390adedd71ca8e548bf47387a531a5311c6d1060d
projectile_gravity_v3_fixedpos_freefall,eval_50237_high_aligned,eval_50237_high,eval_50237,50237,eval,0.04550599381290388,high,0.022999718768358157,blue,aligned,0.5,0.65,0.0,0.0,20,20,129,64,65,"[0.5, 0.65]","[0.0, 0.0]",eval_50237_high_aligned.mp4,eval_50237_high.npy,49d2c23dcbcc0ab24364ce9390adedd71ca8e548bf47387a531a5311c6d1060d
projectile_gravity_v3_fixedpos_freefall,eval_50237_high_conflict,eval_50237_high,eval_50237,50237,eval,0.04550599381290388,high,0.022999718768358157,red,conflict,0.5,0.65,0.0,0.0,20,20,129,64,65,"[0.5, 0.65]","[0.0, 0.0]",eval_50237_high_conflict.mp4,eval_50237_high.npy,49d2c23dcbcc0ab24364ce9390adedd71ca8e548bf47387a531a5311c6d1060d
projectile_gravity_v3_fixedpos_freefall,eval_50238_low_aligned,eval_50238_low,eval_50238,50238,eval,0.009308303226231546,low,0.2867410557377975,red,aligned,0.5,0.65,0.0,0.0,20,20,129,64,65,"[0.5, 0.65]","[0.0, 0.0]",eval_50238_low_aligned.mp4,eval_50238_low.npy,49d2c23dcbcc0ab24364ce9390adedd71ca8e548bf47387a531a5311c6d1060d
projectile_gravity_v3_fixedpos_freefall,eval_50238_low_conflict,eval_50238_low,eval_50238,50238,eval,0.009308303226231546,low,0.2867410557377975,blue,conflict,0.5,0.65,0.0,0.0,20,20,129,64,65,"[0.5, 0.65]","[0.0, 0.0]",eval_50238_low_conflict.mp4,eval_50238_low.npy,49d2c23dcbcc0ab24364ce9390adedd71ca8e548bf47387a531a5311c6d1060d
projectile_gravity_v3_fixedpos_freefall,eval_50238_high_aligned,eval_50238_high,eval_50238,50238,eval,0.05130830322623155,high,0.2867410557377975,blue,aligned,0.5,0.65,0.0,0.0,20,20,129,64,65,"[0.5, 0.65]","[0.0, 0.0]",eval_50238_high_aligned.mp4,eval_50238_high.npy,49d2c23dcbcc0ab24364ce9390adedd71ca8e548bf47387a531a5311c6d1060d
projectile_gravity_v3_fixedpos_freefall,eval_50238_high_conflict,eval_50238_high,eval_50238,50238,eval,0.05130830322623155,high,0.2867410557377975,red,conflict,0.5,0.65,0.0,0.0,20,20,129,64,65,"[0.5, 0.65]","[0.0, 0.0]",eval_50238_high_conflict.mp4,eval_50238_high.npy,49d2c23dcbcc0ab24364ce9390adedd71ca8e548bf47387a531a5311c6d1060d
projectile_gravity_v3_fixedpos_freefall,eval_50239_low_aligned,eval_50239_low,eval_50239,50239,eval,0.007238929844142488,low,0.19267862927920398,red,aligned,0.5,0.65,0.0,0.0,20,20,129,64,65,"[0.5, 0.65]","[0.0, 0.0]",eval_50239_low_aligned.mp4,eval_50239_low.npy,49d2c23dcbcc0ab24364ce9390adedd71ca8e548bf47387a531a5311c6d1060d
projectile_gravity_v3_fixedpos_freefall,eval_50239_low_conflict,eval_50239_low,eval_50239,50239,eval,0.007238929844142488,low,0.19267862927920398,blue,conflict,0.5,0.65,0.0,0.0,20,20,129,64,65,"[0.5, 0.65]","[0.0, 0.0]",eval_50239_low_conflict.mp4,eval_50239_low.npy,49d2c23dcbcc0ab24364ce9390adedd71ca8e548bf47387a531a5311c6d1060d
projectile_gravity_v3_fixedpos_freefall,eval_50239_high_aligned,eval_50239_high,eval_50239,50239,eval,0.049238929844142486,high,0.19267862927920398,blue,aligned,0.5,0.65,0.0,0.0,20,20,129,64,65,"[0.5, 0.65]","[0.0, 0.0]",eval_50239_high_aligned.mp4,eval_50239_high.npy,49d2c23dcbcc0ab24364ce9390adedd71ca8e548bf47387a531a5311c6d1060d
projectile_gravity_v3_fixedpos_freefall,eval_50239_high_conflict,eval_50239_high,eval_50239,50239,eval,0.049238929844142486,high,0.19267862927920398,red,conflict,0.5,0.65,0.0,0.0,20,20,129,64,65,"[0.5, 0.65]","[0.0, 0.0]",eval_50239_high_conflict.mp4,eval_50239_high.npy,49d2c23dcbcc0ab24364ce9390adedd71ca8e548bf47387a531a5311c6d1060d
projectile_gravity_v3_fixedpos_freefall,eval_50240_low_aligned,eval_50240_low,eval_50240,50240,eval,0.013369482472766689,low,0.47134011239848583,red,aligned,0.5,0.65,0.0,0.0,20,20,129,64,65,"[0.5, 0.65]","[0.0, 0.0]",eval_50240_low_aligned.mp4,eval_50240_low.npy,49d2c23dcbcc0ab24364ce9390adedd71ca8e548bf47387a531a5311c6d1060d
projectile_gravity_v3_fixedpos_freefall,eval_50240_low_conflict,eval_50240_low,eval_50240,50240,eval,0.013369482472766689,low,0.47134011239848583,blue,conflict,0.5,0.65,0.0,0.0,20,20,129,64,65,"[0.5, 0.65]","[0.0, 0.0]",eval_50240_low_conflict.mp4,eval_50240_low.npy,49d2c23dcbcc0ab24364ce9390adedd71ca8e548bf47387a531a5311c6d1060d
projectile_gravity_v3_fixedpos_freefall,eval_50240_high_aligned,eval_50240_high,eval_50240,50240,eval,0.05536948247276669,high,0.47134011239848583,blue,aligned,0.5,0.65,0.0,0.0,20,20,129,64,65,"[0.5, 0.65]","[0.0, 0.0]",eval_50240_high_aligned.mp4,eval_50240_high.npy,49d2c23dcbcc0ab24364ce9390adedd71ca8e548bf47387a531a5311c6d1060d
projectile_gravity_v3_fixedpos_freefall,eval_50240_high_conflict,eval_50240_high,eval_50240,50240,eval,0.05536948247276669,high,0.47134011239848583,red,conflict,0.5,0.65,0.0,0.0,20,20,129,64,65,"[0.5, 0.65]","[0.0, 0.0]",eval_50240_high_conflict.mp4,eval_50240_high.npy,49d2c23dcbcc0ab24364ce9390adedd71ca8e548bf47387a531a5311c6d1060d
projectile_gravity_v3_fixedpos_freefall,eval_50241_low_aligned,eval_50241_low,eval_50241,50241,eval,0.024336627400693117,low,0.9698467000315052,red,aligned,0.5,0.65,0.0,0.0,20,20,129,64,65,"[0.5, 0.65]","[0.0, 0.0]",eval_50241_low_aligned.mp4,eval_50241_low.npy,49d2c23dcbcc0ab24364ce9390adedd71ca8e548bf47387a531a5311c6d1060d
projectile_gravity_v3_fixedpos_freefall,eval_50241_low_conflict,eval_50241_low,eval_50241,50241,eval,0.024336627400693117,low,0.9698467000315052,blue,conflict,0.5,0.65,0.0,0.0,20,20,129,64,65,"[0.5, 0.65]","[0.0, 0.0]",eval_50241_low_conflict.mp4,eval_50241_low.npy,49d2c23dcbcc0ab24364ce9390adedd71ca8e548bf47387a531a5311c6d1060d
projectile_gravity_v3_fixedpos_freefall,eval_50241_high_aligned,eval_50241_high,eval_50241,50241,eval,0.06633662740069313,high,0.9698467000315052,blue,aligned,0.5,0.65,0.0,0.0,20,20,129,64,65,"[0.5, 0.65]","[0.0, 0.0]",eval_50241_high_aligned.mp4,eval_50241_high.npy,49d2c23dcbcc0ab24364ce9390adedd71ca8e548bf47387a531a5311c6d1060d
projectile_gravity_v3_fixedpos_freefall,eval_50241_high_conflict,eval_50241_high,eval_50241,50241,eval,0.06633662740069313,high,0.9698467000315052,red,conflict,0.5,0.65,0.0,0.0,20,20,129,64,65,"[0.5, 0.65]","[0.0, 0.0]",eval_50241_high_conflict.mp4,eval_50241_high.npy,49d2c23dcbcc0ab24364ce9390adedd71ca8e548bf47387a531a5311c6d1060d
projectile_gravity_v3_fixedpos_freefall,eval_50242_low_aligned,eval_50242_low,eval_50242,50242,eval,0.009325023191769187,low,0.28750105417132665,red,aligned,0.5,0.65,0.0,0.0,20,20,129,64,65,"[0.5, 0.65]","[0.0, 0.0]",eval_50242_low_aligned.mp4,eval_50242_low.npy,49d2c23dcbcc0ab24364ce9390adedd71ca8e548bf47387a531a5311c6d1060d
projectile_gravity_v3_fixedpos_freefall,eval_50242_low_conflict,eval_50242_low,eval_50242,50242,eval,0.009325023191769187,low,0.28750105417132665,blue,conflict,0.5,0.65,0.0,0.0,20,20,129,64,65,"[0.5, 0.65]","[0.0, 0.0]",eval_50242_low_conflict.mp4,eval_50242_low.npy,49d2c23dcbcc0ab24364ce9390adedd71ca8e548bf47387a531a5311c6d1060d
projectile_gravity_v3_fixedpos_freefall,eval_50242_high_aligned,eval_50242_high,eval_50242,50242,eval,0.05132502319176919,high,0.28750105417132665,blue,aligned,0.5,0.65,0.0,0.0,20,20,129,64,65,"[0.5, 0.65]","[0.0, 0.0]",eval_50242_high_aligned.mp4,eval_50242_high.npy,49d2c23dcbcc0ab24364ce9390adedd71ca8e548bf47387a531a5311c6d1060d
projectile_gravity_v3_fixedpos_freefall,eval_50242_high_conflict,eval_50242_high,eval_50242,50242,eval,0.05132502319176919,high,0.28750105417132665,red,conflict,0.5,0.65,0.0,0.0,20,20,129,64,65,"[0.5, 0.65]","[0.0, 0.0]",eval_50242_high_conflict.mp4,eval_50242_high.npy,49d2c23dcbcc0ab24364ce9390adedd71ca8e548bf47387a531a5311c6d1060d
projectile_gravity_v3_fixedpos_freefall,eval_50243_low_aligned,eval_50243_low,eval_50243,50243,eval,0.009462233477101688,low,0.293737885322804,red,aligned,0.5,0.65,0.0,0.0,20,20,129,64,65,"[0.5, 0.65]","[0.0, 0.0]",eval_50243_low_aligned.mp4,eval_50243_low.npy,49d2c23dcbcc0ab24364ce9390adedd71ca8e548bf47387a531a5311c6d1060d
projectile_gravity_v3_fixedpos_freefall,eval_50243_low_conflict,eval_50243_low,eval_50243,50243,eval,0.009462233477101688,low,0.293737885322804,blue,conflict,0.5,0.65,0.0,0.0,20,20,129,64,65,"[0.5, 0.65]","[0.0, 0.0]",eval_50243_low_conflict.mp4,eval_50243_low.npy,49d2c23dcbcc0ab24364ce9390adedd71ca8e548bf47387a531a5311c6d1060d
projectile_gravity_v3_fixedpos_freefall,eval_50243_high_aligned,eval_50243_high,eval_50243,50243,eval,0.05146223347710169,high,0.293737885322804,blue,aligned,0.5,0.65,0.0,0.0,20,20,129,64,65,"[0.5, 0.65]","[0.0, 0.0]",eval_50243_high_aligned.mp4,eval_50243_high.npy,49d2c23dcbcc0ab24364ce9390adedd71ca8e548bf47387a531a5311c6d1060d
projectile_gravity_v3_fixedpos_freefall,eval_50243_high_conflict,eval_50243_high,eval_50243,50243,eval,0.05146223347710169,high,0.293737885322804,red,conflict,0.5,0.65,0.0,0.0,20,20,129,64,65,"[0.5, 0.65]","[0.0, 0.0]",eval_50243_high_conflict.mp4,eval_50243_high.npy,49d2c23dcbcc0ab24364ce9390adedd71ca8e548bf47387a531a5311c6d1060d
projectile_gravity_v3_fixedpos_freefall,eval_50244_low_aligned,eval_50244_low,eval_50244,50244,eval,0.02257142905837936,low,0.8896104117445164,red,aligned,0.5,0.65,0.0,0.0,20,20,129,64,65,"[0.5, 0.65]","[0.0, 0.0]",eval_50244_low_aligned.mp4,eval_50244_low.npy,49d2c23dcbcc0ab24364ce9390adedd71ca8e548bf47387a531a5311c6d1060d
projectile_gravity_v3_fixedpos_freefall,eval_50244_low_conflict,eval_50244_low,eval_50244,50244,eval,0.02257142905837936,low,0.8896104117445164,blue,conflict,0.5,0.65,0.0,0.0,20,20,129,64,65,"[0.5, 0.65]","[0.0, 0.0]",eval_50244_low_conflict.mp4,eval_50244_low.npy,49d2c23dcbcc0ab24364ce9390adedd71ca8e548bf47387a531a5311c6d1060d
projectile_gravity_v3_fixedpos_freefall,eval_50244_high_aligned,eval_50244_high,eval_50244,50244,eval,0.06457142905837937,high,0.8896104117445164,blue,aligned,0.5,0.65,0.0,0.0,20,20,129,64,65,"[0.5, 0.65]","[0.0, 0.0]",eval_50244_high_aligned.mp4,eval_50244_high.npy,49d2c23dcbcc0ab24364ce9390adedd71ca8e548bf47387a531a5311c6d1060d
projectile_gravity_v3_fixedpos_freefall,eval_50244_high_conflict,eval_50244_high,eval_50244,50244,eval,0.06457142905837937,high,0.8896104117445164,red,conflict,0.5,0.65,0.0,0.0,20,20,129,64,65,"[0.5, 0.65]","[0.0, 0.0]",eval_50244_high_conflict.mp4,eval_50244_high.npy,49d2c23dcbcc0ab24364ce9390adedd71ca8e548bf47387a531a5311c6d1060d
projectile_gravity_v3_fixedpos_freefall,eval_50245_low_aligned,eval_50245_low,eval_50245,50245,eval,0.010714931512635018,low,0.3506787051197735,red,aligned,0.5,0.65,0.0,0.0,20,20,129,64,65,"[0.5, 0.65]","[0.0, 0.0]",eval_50245_low_aligned.mp4,eval_50245_low.npy,49d2c23dcbcc0ab24364ce9390adedd71ca8e548bf47387a531a5311c6d1060d
projectile_gravity_v3_fixedpos_freefall,eval_50245_low_conflict,eval_50245_low,eval_50245,50245,eval,0.010714931512635018,low,0.3506787051197735,blue,conflict,0.5,0.65,0.0,0.0,20,20,129,64,65,"[0.5, 0.65]","[0.0, 0.0]",eval_50245_low_conflict.mp4,eval_50245_low.npy,49d2c23dcbcc0ab24364ce9390adedd71ca8e548bf47387a531a5311c6d1060d
projectile_gravity_v3_fixedpos_freefall,eval_50245_high_aligned,eval_50245_high,eval_50245,50245,eval,0.05271493151263502,high,0.3506787051197735,blue,aligned,0.5,0.65,0.0,0.0,20,20,129,64,65,"[0.5, 0.65]","[0.0, 0.0]",eval_50245_high_aligned.mp4,eval_50245_high.npy,49d2c23dcbcc0ab24364ce9390adedd71ca8e548bf47387a531a5311c6d1060d
projectile_gravity_v3_fixedpos_freefall,eval_50245_high_conflict,eval_50245_high,eval_50245,50245,eval,0.05271493151263502,high,0.3506787051197735,red,conflict,0.5,0.65,0.0,0.0,20,20,129,64,65,"[0.5, 0.65]","[0.0, 0.0]",eval_50245_high_conflict.mp4,eval_50245_high.npy,49d2c23dcbcc0ab24364ce9390adedd71ca8e548bf47387a531a5311c6d1060d
projectile_gravity_v3_fixedpos_freefall,eval_50246_low_aligned,eval_50246_low,eval_50246,50246,eval,0.013294381761817999,low,0.46792644371899994,red,aligned,0.5,0.65,0.0,0.0,20,20,129,64,65,"[0.5, 0.65]","[0.0, 0.0]",eval_50246_low_aligned.mp4,eval_50246_low.npy,49d2c23dcbcc0ab24364ce9390adedd71ca8e548bf47387a531a5311c6d1060d
projectile_gravity_v3_fixedpos_freefall,eval_50246_low_conflict,eval_50246_low,eval_50246,50246,eval,0.013294381761817999,low,0.46792644371899994,blue,conflict,0.5,0.65,0.0,0.0,20,20,129,64,65,"[0.5, 0.65]","[0.0, 0.0]",eval_50246_low_conflict.mp4,eval_50246_low.npy,49d2c23dcbcc0ab24364ce9390adedd71ca8e548bf47387a531a5311c6d1060d
projectile_gravity_v3_fixedpos_freefall,eval_50246_high_aligned,eval_50246_high,eval_50246,50246,eval,0.055294381761818,high,0.46792644371899994,blue,aligned,0.5,0.65,0.0,0.0,20,20,129,64,65,"[0.5, 0.65]","[0.0, 0.0]",eval_50246_high_aligned.mp4,eval_50246_high.npy,49d2c23dcbcc0ab24364ce9390adedd71ca8e548bf47387a531a5311c6d1060d
projectile_gravity_v3_fixedpos_freefall,eval_50246_high_conflict,eval_50246_high,eval_50246,50246,eval,0.055294381761818,high,0.46792644371899994,red,conflict,0.5,0.65,0.0,0.0,20,20,129,64,65,"[0.5, 0.65]","[0.0, 0.0]",eval_50246_high_conflict.mp4,eval_50246_high.npy,49d2c23dcbcc0ab24364ce9390adedd71ca8e548bf47387a531a5311c6d1060d
projectile_gravity_v3_fixedpos_freefall,eval_50247_low_aligned,eval_50247_low,eval_50247,50247,eval,0.022109242855951252,low,0.8686019479977841,red,aligned,0.5,0.65,0.0,0.0,20,20,129,64,65,"[0.5, 0.65]","[0.0, 0.0]",eval_50247_low_aligned.mp4,eval_50247_low.npy,49d2c23dcbcc0ab24364ce9390adedd71ca8e548bf47387a531a5311c6d1060d
projectile_gravity_v3_fixedpos_freefall,eval_50247_low_conflict,eval_50247_low,eval_50247,50247,eval,0.022109242855951252,low,0.8686019479977841,blue,conflict,0.5,0.65,0.0,0.0,20,20,129,64,65,"[0.5, 0.65]","[0.0, 0.0]",eval_50247_low_conflict.mp4,eval_50247_low.npy,49d2c23dcbcc0ab24364ce9390adedd71ca8e548bf47387a531a5311c6d1060d
projectile_gravity_v3_fixedpos_freefall,eval_50247_high_aligned,eval_50247_high,eval_50247,50247,eval,0.06410924285595125,high,0.8686019479977841,blue,aligned,0.5,0.65,0.0,0.0,20,20,129,64,65,"[0.5, 0.65]","[0.0, 0.0]",eval_50247_high_aligned.mp4,eval_50247_high.npy,49d2c23dcbcc0ab24364ce9390adedd71ca8e548bf47387a531a5311c6d1060d
projectile_gravity_v3_fixedpos_freefall,eval_50247_high_conflict,eval_50247_high,eval_50247,50247,eval,0.06410924285595125,high,0.8686019479977841,red,conflict,0.5,0.65,0.0,0.0,20,20,129,64,65,"[0.5, 0.65]","[0.0, 0.0]",eval_50247_high_conflict.mp4,eval_50247_high.npy,49d2c23dcbcc0ab24364ce9390adedd71ca8e548bf47387a531a5311c6d1060d
projectile_gravity_v3_fixedpos_freefall,eval_50248_low_aligned,eval_50248_low,eval_50248,50248,eval,0.014908453957815069,low,0.5412933617188667,red,aligned,0.5,0.65,0.0,0.0,20,20,129,64,65,"[0.5, 0.65]","[0.0, 0.0]",eval_50248_low_aligned.mp4,eval_50248_low.npy,49d2c23dcbcc0ab24364ce9390adedd71ca8e548bf47387a531a5311c6d1060d
projectile_gravity_v3_fixedpos_freefall,eval_50248_low_conflict,eval_50248_low,eval_50248,50248,eval,0.014908453957815069,low,0.5412933617188667,blue,conflict,0.5,0.65,0.0,0.0,20,20,129,64,65,"[0.5, 0.65]","[0.0, 0.0]",eval_50248_low_conflict.mp4,eval_50248_low.npy,49d2c23dcbcc0ab24364ce9390adedd71ca8e548bf47387a531a5311c6d1060d
projectile_gravity_v3_fixedpos_freefall,eval_50248_high_aligned,eval_50248_high,eval_50248,50248,eval,0.05690845395781507,high,0.5412933617188667,blue,aligned,0.5,0.65,0.0,0.0,20,20,129,64,65,"[0.5, 0.65]","[0.0, 0.0]",eval_50248_high_aligned.mp4,eval_50248_high.npy,49d2c23dcbcc0ab24364ce9390adedd71ca8e548bf47387a531a5311c6d1060d
projectile_gravity_v3_fixedpos_freefall,eval_50248_high_conflict,eval_50248_high,eval_50248,50248,eval,0.05690845395781507,high,0.5412933617188667,red,conflict,0.5,0.65,0.0,0.0,20,20,129,64,65,"[0.5, 0.65]","[0.0, 0.0]",eval_50248_high_conflict.mp4,eval_50248_high.npy,49d2c23dcbcc0ab24364ce9390adedd71ca8e548bf47387a531a5311c6d1060d
projectile_gravity_v3_fixedpos_freefall,eval_50249_low_aligned,eval_50249_low,eval_50249,50249,eval,0.005794921478080093,low,0.1270418853672769,red,aligned,0.5,0.65,0.0,0.0,20,20,129,64,65,"[0.5, 0.65]","[0.0, 0.0]",eval_50249_low_aligned.mp4,eval_50249_low.npy,49d2c23dcbcc0ab24364ce9390adedd71ca8e548bf47387a531a5311c6d1060d
projectile_gravity_v3_fixedpos_freefall,eval_50249_low_conflict,eval_50249_low,eval_50249,50249,eval,0.005794921478080093,low,0.1270418853672769,blue,conflict,0.5,0.65,0.0,0.0,20,20,129,64,65,"[0.5, 0.65]","[0.0, 0.0]",eval_50249_low_conflict.mp4,eval_50249_low.npy,49d2c23dcbcc0ab24364ce9390adedd71ca8e548bf47387a531a5311c6d1060d
projectile_gravity_v3_fixedpos_freefall,eval_50249_high_aligned,eval_50249_high,eval_50249,50249,eval,0.047794921478080094,high,0.1270418853672769,blue,aligned,0.5,0.65,0.0,0.0,20,20,129,64,65,"[0.5, 0.65]","[0.0, 0.0]",eval_50249_high_aligned.mp4,eval_50249_high.npy,49d2c23dcbcc0ab24364ce9390adedd71ca8e548bf47387a531a5311c6d1060d
projectile_gravity_v3_fixedpos_freefall,eval_50249_high_conflict,eval_50249_high,eval_50249,50249,eval,0.047794921478080094,high,0.1270418853672769,red,conflict,0.5,0.65,0.0,0.0,20,20,129,64,65,"[0.5, 0.65]","[0.0, 0.0]",eval_50249_high_conflict.mp4,eval_50249_high.npy,49d2c23dcbcc0ab24364ce9390adedd71ca8e548bf47387a531a5311c6d1060d
projectile_gravity_v3_fixedpos_freefall,eval_50250_low_aligned,eval_50250_low,eval_50250,50250,eval,0.01202245372294498,low,0.41011153286113544,red,aligned,0.5,0.65,0.0,0.0,20,20,129,64,65,"[0.5, 0.65]","[0.0, 0.0]",eval_50250_low_aligned.mp4,eval_50250_low.npy,49d2c23dcbcc0ab24364ce9390adedd71ca8e548bf47387a531a5311c6d1060d
projectile_gravity_v3_fixedpos_freefall,eval_50250_low_conflict,eval_50250_low,eval_50250,50250,eval,0.01202245372294498,low,0.41011153286113544,blue,conflict,0.5,0.65,0.0,0.0,20,20,129,64,65,"[0.5, 0.65]","[0.0, 0.0]",eval_50250_low_conflict.mp4,eval_50250_low.npy,49d2c23dcbcc0ab24364ce9390adedd71ca8e548bf47387a531a5311c6d1060d
projectile_gravity_v3_fixedpos_freefall,eval_50250_high_aligned,eval_50250_high,eval_50250,50250,eval,0.05402245372294498,high,0.41011153286113544,blue,aligned,0.5,0.65,0.0,0.0,20,20,129,64,65,"[0.5, 0.65]","[0.0, 0.0]",eval_50250_high_aligned.mp4,eval_50250_high.npy,49d2c23dcbcc0ab24364ce9390adedd71ca8e548bf47387a531a5311c6d1060d
projectile_gravity_v3_fixedpos_freefall,eval_50250_high_conflict,eval_50250_high,eval_50250,50250,eval,0.05402245372294498,high,0.41011153286113544,red,conflict,0.5,0.65,0.0,0.0,20,20,129,64,65,"[0.5, 0.65]","[0.0, 0.0]",eval_50250_high_conflict.mp4,eval_50250_high.npy,49d2c23dcbcc0ab24364ce9390adedd71ca8e548bf47387a531a5311c6d1060d
projectile_gravity_v3_fixedpos_freefall,eval_50251_low_aligned,eval_50251_low,eval_50251,50251,eval,0.019800845715932294,low,0.7636748052696496,red,aligned,0.5,0.65,0.0,0.0,20,20,129,64,65,"[0.5, 0.65]","[0.0, 0.0]",eval_50251_low_aligned.mp4,eval_50251_low.npy,49d2c23dcbcc0ab24364ce9390adedd71ca8e548bf47387a531a5311c6d1060d
projectile_gravity_v3_fixedpos_freefall,eval_50251_low_conflict,eval_50251_low,eval_50251,50251,eval,0.019800845715932294,low,0.7636748052696496,blue,conflict,0.5,0.65,0.0,0.0,20,20,129,64,65,"[0.5, 0.65]","[0.0, 0.0]",eval_50251_low_conflict.mp4,eval_50251_low.npy,49d2c23dcbcc0ab24364ce9390adedd71ca8e548bf47387a531a5311c6d1060d
projectile_gravity_v3_fixedpos_freefall,eval_50251_high_aligned,eval_50251_high,eval_50251,50251,eval,0.06180084571593229,high,0.7636748052696496,blue,aligned,0.5,0.65,0.0,0.0,20,20,129,64,65,"[0.5, 0.65]","[0.0, 0.0]",eval_50251_high_aligned.mp4,eval_50251_high.npy,49d2c23dcbcc0ab24364ce9390adedd71ca8e548bf47387a531a5311c6d1060d
projectile_gravity_v3_fixedpos_freefall,eval_50251_high_conflict,eval_50251_high,eval_50251,50251,eval,0.06180084571593229,high,0.7636748052696496,red,conflict,0.5,0.65,0.0,0.0,20,20,129,64,65,"[0.5, 0.65]","[0.0, 0.0]",eval_50251_high_conflict.mp4,eval_50251_high.npy,49d2c23dcbcc0ab24364ce9390adedd71ca8e548bf47387a531a5311c6d1060d
projectile_gravity_v3_fixedpos_freefall,eval_50252_low_aligned,eval_50252_low,eval_50252,50252,eval,0.014953830131553884,low,0.543355915070631,red,aligned,0.5,0.65,0.0,0.0,20,20,129,64,65,"[0.5, 0.65]","[0.0, 0.0]",eval_50252_low_aligned.mp4,eval_50252_low.npy,49d2c23dcbcc0ab24364ce9390adedd71ca8e548bf47387a531a5311c6d1060d
projectile_gravity_v3_fixedpos_freefall,eval_50252_low_conflict,eval_50252_low,eval_50252,50252,eval,0.014953830131553884,low,0.543355915070631,blue,conflict,0.5,0.65,0.0,0.0,20,20,129,64,65,"[0.5, 0.65]","[0.0, 0.0]",eval_50252_low_conflict.mp4,eval_50252_low.npy,49d2c23dcbcc0ab24364ce9390adedd71ca8e548bf47387a531a5311c6d1060d
projectile_gravity_v3_fixedpos_freefall,eval_50252_high_aligned,eval_50252_high,eval_50252,50252,eval,0.05695383013155388,high,0.543355915070631,blue,aligned,0.5,0.65,0.0,0.0,20,20,129,64,65,"[0.5, 0.65]","[0.0, 0.0]",eval_50252_high_aligned.mp4,eval_50252_high.npy,49d2c23dcbcc0ab24364ce9390adedd71ca8e548bf47387a531a5311c6d1060d
projectile_gravity_v3_fixedpos_freefall,eval_50252_high_conflict,eval_50252_high,eval_50252,50252,eval,0.05695383013155388,high,0.543355915070631,red,conflict,0.5,0.65,0.0,0.0,20,20,129,64,65,"[0.5, 0.65]","[0.0, 0.0]",eval_50252_high_conflict.mp4,eval_50252_high.npy,49d2c23dcbcc0ab24364ce9390adedd71ca8e548bf47387a531a5311c6d1060d
projectile_gravity_v3_fixedpos_freefall,eval_50253_low_aligned,eval_50253_low,eval_50253,50253,eval,0.010180135572193966,low,0.3263697987360893,red,aligned,0.5,0.65,0.0,0.0,20,20,129,64,65,"[0.5, 0.65]","[0.0, 0.0]",eval_50253_low_aligned.mp4,eval_50253_low.npy,49d2c23dcbcc0ab24364ce9390adedd71ca8e548bf47387a531a5311c6d1060d
projectile_gravity_v3_fixedpos_freefall,eval_50253_low_conflict,eval_50253_low,eval_50253,50253,eval,0.010180135572193966,low,0.3263697987360893,blue,conflict,0.5,0.65,0.0,0.0,20,20,129,64,65,"[0.5, 0.65]","[0.0, 0.0]",eval_50253_low_conflict.mp4,eval_50253_low.npy,49d2c23dcbcc0ab24364ce9390adedd71ca8e548bf47387a531a5311c6d1060d
projectile_gravity_v3_fixedpos_freefall,eval_50253_high_aligned,eval_50253_high,eval_50253,50253,eval,0.05218013557219396,high,0.3263697987360893,blue,aligned,0.5,0.65,0.0,0.0,20,20,129,64,65,"[0.5, 0.65]","[0.0, 0.0]",eval_50253_high_aligned.mp4,eval_50253_high.npy,49d2c23dcbcc0ab24364ce9390adedd71ca8e548bf47387a531a5311c6d1060d
projectile_gravity_v3_fixedpos_freefall,eval_50253_high_conflict,eval_50253_high,eval_50253,50253,eval,0.05218013557219396,high,0.3263697987360893,red,conflict,0.5,0.65,0.0,0.0,20,20,129,64,65,"[0.5, 0.65]","[0.0, 0.0]",eval_50253_high_conflict.mp4,eval_50253_high.npy,49d2c23dcbcc0ab24364ce9390adedd71ca8e548bf47387a531a5311c6d1060d
projectile_gravity_v3_fixedpos_freefall,eval_50254_low_aligned,eval_50254_low,eval_50254,50254,eval,0.019549472662318778,low,0.7522487573781262,red,aligned,0.5,0.65,0.0,0.0,20,20,129,64,65,"[0.5, 0.65]","[0.0, 0.0]",eval_50254_low_aligned.mp4,eval_50254_low.npy,49d2c23dcbcc0ab24364ce9390adedd71ca8e548bf47387a531a5311c6d1060d
projectile_gravity_v3_fixedpos_freefall,eval_50254_low_conflict,eval_50254_low,eval_50254,50254,eval,0.019549472662318778,low,0.7522487573781262,blue,conflict,0.5,0.65,0.0,0.0,20,20,129,64,65,"[0.5, 0.65]","[0.0, 0.0]",eval_50254_low_conflict.mp4,eval_50254_low.npy,49d2c23dcbcc0ab24364ce9390adedd71ca8e548bf47387a531a5311c6d1060d
projectile_gravity_v3_fixedpos_freefall,eval_50254_high_aligned,eval_50254_high,eval_50254,50254,eval,0.06154947266231878,high,0.7522487573781262,blue,aligned,0.5,0.65,0.0,0.0,20,20,129,64,65,"[0.5, 0.65]","[0.0, 0.0]",eval_50254_high_aligned.mp4,eval_50254_high.npy,49d2c23dcbcc0ab24364ce9390adedd71ca8e548bf47387a531a5311c6d1060d
projectile_gravity_v3_fixedpos_freefall,eval_50254_high_conflict,eval_50254_high,eval_50254,50254,eval,0.06154947266231878,high,0.7522487573781262,red,conflict,0.5,0.65,0.0,0.0,20,20,129,64,65,"[0.5, 0.65]","[0.0, 0.0]",eval_50254_high_conflict.mp4,eval_50254_high.npy,49d2c23dcbcc0ab24364ce9390adedd71ca8e548bf47387a531a5311c6d1060d
projectile_gravity_v3_fixedpos_freefall,eval_50255_low_aligned,eval_50255_low,eval_50255,50255,eval,0.009280763112673477,low,0.28548923239424895,red,aligned,0.5,0.65,0.0,0.0,20,20,129,64,65,"[0.5, 0.65]","[0.0, 0.0]",eval_50255_low_aligned.mp4,eval_50255_low.npy,49d2c23dcbcc0ab24364ce9390adedd71ca8e548bf47387a531a5311c6d1060d
projectile_gravity_v3_fixedpos_freefall,eval_50255_low_conflict,eval_50255_low,eval_50255,50255,eval,0.009280763112673477,low,0.28548923239424895,blue,conflict,0.5,0.65,0.0,0.0,20,20,129,64,65,"[0.5, 0.65]","[0.0, 0.0]",eval_50255_low_conflict.mp4,eval_50255_low.npy,49d2c23dcbcc0ab24364ce9390adedd71ca8e548bf47387a531a5311c6d1060d
projectile_gravity_v3_fixedpos_freefall,eval_50255_high_aligned,eval_50255_high,eval_50255,50255,eval,0.051280763112673475,high,0.28548923239424895,blue,aligned,0.5,0.65,0.0,0.0,20,20,129,64,65,"[0.5, 0.65]","[0.0, 0.0]",eval_50255_high_aligned.mp4,eval_50255_high.npy,49d2c23dcbcc0ab24364ce9390adedd71ca8e548bf47387a531a5311c6d1060d
projectile_gravity_v3_fixedpos_freefall,eval_50255_high_conflict,eval_50255_high,eval_50255,50255,eval,0.051280763112673475,high,0.28548923239424895,red,conflict,0.5,0.65,0.0,0.0,20,20,129,64,65,"[0.5, 0.65]","[0.0, 0.0]",eval_50255_high_conflict.mp4,eval_50255_high.npy,49d2c23dcbcc0ab24364ce9390adedd71ca8e548bf47387a531a5311c6d1060d
projectile_gravity_v3_fixedpos_freefall,eval_50256_low_aligned,eval_50256_low,eval_50256,50256,eval,0.004323695343118625,low,0.06016797014175568,red,aligned,0.5,0.65,0.0,0.0,20,20,129,64,65,"[0.5, 0.65]","[0.0, 0.0]",eval_50256_low_aligned.mp4,eval_50256_low.npy,49d2c23dcbcc0ab24364ce9390adedd71ca8e548bf47387a531a5311c6d1060d
projectile_gravity_v3_fixedpos_freefall,eval_50256_low_conflict,eval_50256_low,eval_50256,50256,eval,0.004323695343118625,low,0.06016797014175568,blue,conflict,0.5,0.65,0.0,0.0,20,20,129,64,65,"[0.5, 0.65]","[0.0, 0.0]",eval_50256_low_conflict.mp4,eval_50256_low.npy,49d2c23dcbcc0ab24364ce9390adedd71ca8e548bf47387a531a5311c6d1060d
projectile_gravity_v3_fixedpos_freefall,eval_50256_high_aligned,eval_50256_high,eval_50256,50256,eval,0.04632369534311862,high,0.06016797014175568,blue,aligned,0.5,0.65,0.0,0.0,20,20,129,64,65,"[0.5, 0.65]","[0.0, 0.0]",eval_50256_high_aligned.mp4,eval_50256_high.npy,49d2c23dcbcc0ab24364ce9390adedd71ca8e548bf47387a531a5311c6d1060d
projectile_gravity_v3_fixedpos_freefall,eval_50256_high_conflict,eval_50256_high,eval_50256,50256,eval,0.04632369534311862,high,0.06016797014175568,red,conflict,0.5,0.65,0.0,0.0,20,20,129,64,65,"[0.5, 0.65]","[0.0, 0.0]",eval_50256_high_conflict.mp4,eval_50256_high.npy,49d2c23dcbcc0ab24364ce9390adedd71ca8e548bf47387a531a5311c6d1060d
projectile_gravity_v3_fixedpos_freefall,eval_50257_low_aligned,eval_50257_low,eval_50257,50257,eval,0.016179008259124644,low,0.599045829960211,red,aligned,0.5,0.65,0.0,0.0,20,20,129,64,65,"[0.5, 0.65]","[0.0, 0.0]",eval_50257_low_aligned.mp4,eval_50257_low.npy,49d2c23dcbcc0ab24364ce9390adedd71ca8e548bf47387a531a5311c6d1060d
projectile_gravity_v3_fixedpos_freefall,eval_50257_low_conflict,eval_50257_low,eval_50257,50257,eval,0.016179008259124644,low,0.599045829960211,blue,conflict,0.5,0.65,0.0,0.0,20,20,129,64,65,"[0.5, 0.65]","[0.0, 0.0]",eval_50257_low_conflict.mp4,eval_50257_low.npy,49d2c23dcbcc0ab24364ce9390adedd71ca8e548bf47387a531a5311c6d1060d
projectile_gravity_v3_fixedpos_freefall,eval_50257_high_aligned,eval_50257_high,eval_50257,50257,eval,0.05817900825912464,high,0.599045829960211,blue,aligned,0.5,0.65,0.0,0.0,20,20,129,64,65,"[0.5, 0.65]","[0.0, 0.0]",eval_50257_high_aligned.mp4,eval_50257_high.npy,49d2c23dcbcc0ab24364ce9390adedd71ca8e548bf47387a531a5311c6d1060d
projectile_gravity_v3_fixedpos_freefall,eval_50257_high_conflict,eval_50257_high,eval_50257,50257,eval,0.05817900825912464,high,0.599045829960211,red,conflict,0.5,0.65,0.0,0.0,20,20,129,64,65,"[0.5, 0.65]","[0.0, 0.0]",eval_50257_high_conflict.mp4,eval_50257_high.npy,49d2c23dcbcc0ab24364ce9390adedd71ca8e548bf47387a531a5311c6d1060d
projectile_gravity_v3_fixedpos_freefall,eval_50258_low_aligned,eval_50258_low,eval_50258,50258,eval,0.015737728899326883,low,0.5789876772421311,red,aligned,0.5,0.65,0.0,0.0,20,20,129,64,65,"[0.5, 0.65]","[0.0, 0.0]",eval_50258_low_aligned.mp4,eval_50258_low.npy,49d2c23dcbcc0ab24364ce9390adedd71ca8e548bf47387a531a5311c6d1060d
projectile_gravity_v3_fixedpos_freefall,eval_50258_low_conflict,eval_50258_low,eval_50258,50258,eval,0.015737728899326883,low,0.5789876772421311,blue,conflict,0.5,0.65,0.0,0.0,20,20,129,64,65,"[0.5, 0.65]","[0.0, 0.0]",eval_50258_low_conflict.mp4,eval_50258_low.npy,49d2c23dcbcc0ab24364ce9390adedd71ca8e548bf47387a531a5311c6d1060d
projectile_gravity_v3_fixedpos_freefall,eval_50258_high_aligned,eval_50258_high,eval_50258,50258,eval,0.057737728899326886,high,0.5789876772421311,blue,aligned,0.5,0.65,0.0,0.0,20,20,129,64,65,"[0.5, 0.65]","[0.0, 0.0]",eval_50258_high_aligned.mp4,eval_50258_high.npy,49d2c23dcbcc0ab24364ce9390adedd71ca8e548bf47387a531a5311c6d1060d
projectile_gravity_v3_fixedpos_freefall,eval_50258_high_conflict,eval_50258_high,eval_50258,50258,eval,0.057737728899326886,high,0.5789876772421311,red,conflict,0.5,0.65,0.0,0.0,20,20,129,64,65,"[0.5, 0.65]","[0.0, 0.0]",eval_50258_high_conflict.mp4,eval_50258_high.npy,49d2c23dcbcc0ab24364ce9390adedd71ca8e548bf47387a531a5311c6d1060d
projectile_gravity_v3_fixedpos_freefall,eval_50259_low_aligned,eval_50259_low,eval_50259,50259,eval,0.021324544614688294,low,0.8329338461221951,red,aligned,0.5,0.65,0.0,0.0,20,20,129,64,65,"[0.5, 0.65]","[0.0, 0.0]",eval_50259_low_aligned.mp4,eval_50259_low.npy,49d2c23dcbcc0ab24364ce9390adedd71ca8e548bf47387a531a5311c6d1060d
projectile_gravity_v3_fixedpos_freefall,eval_50259_low_conflict,eval_50259_low,eval_50259,50259,eval,0.021324544614688294,low,0.8329338461221951,blue,conflict,0.5,0.65,0.0,0.0,20,20,129,64,65,"[0.5, 0.65]","[0.0, 0.0]",eval_50259_low_conflict.mp4,eval_50259_low.npy,49d2c23dcbcc0ab24364ce9390adedd71ca8e548bf47387a531a5311c6d1060d
projectile_gravity_v3_fixedpos_freefall,eval_50259_high_aligned,eval_50259_high,eval_50259,50259,eval,0.0633245446146883,high,0.8329338461221951,blue,aligned,0.5,0.65,0.0,0.0,20,20,129,64,65,"[0.5, 0.65]","[0.0, 0.0]",eval_50259_high_aligned.mp4,eval_50259_high.npy,49d2c23dcbcc0ab24364ce9390adedd71ca8e548bf47387a531a5311c6d1060d
projectile_gravity_v3_fixedpos_freefall,eval_50259_high_conflict,eval_50259_high,eval_50259,50259,eval,0.0633245446146883,high,0.8329338461221951,red,conflict,0.5,0.65,0.0,0.0,20,20,129,64,65,"[0.5, 0.65]","[0.0, 0.0]",eval_50259_high_conflict.mp4,eval_50259_high.npy,49d2c23dcbcc0ab24364ce9390adedd71ca8e548bf47387a531a5311c6d1060d
projectile_gravity_v3_fixedpos_freefall,eval_50260_low_aligned,eval_50260_low,eval_50260,50260,eval,0.01886026334602609,low,0.7209210611830039,red,aligned,0.5,0.65,0.0,0.0,20,20,129,64,65,"[0.5, 0.65]","[0.0, 0.0]",eval_50260_low_aligned.mp4,eval_50260_low.npy,49d2c23dcbcc0ab24364ce9390adedd71ca8e548bf47387a531a5311c6d1060d
projectile_gravity_v3_fixedpos_freefall,eval_50260_low_conflict,eval_50260_low,eval_50260,50260,eval,0.01886026334602609,low,0.7209210611830039,blue,conflict,0.5,0.65,0.0,0.0,20,20,129,64,65,"[0.5, 0.65]","[0.0, 0.0]",eval_50260_low_conflict.mp4,eval_50260_low.npy,49d2c23dcbcc0ab24364ce9390adedd71ca8e548bf47387a531a5311c6d1060d
projectile_gravity_v3_fixedpos_freefall,eval_50260_high_aligned,eval_50260_high,eval_50260,50260,eval,0.06086026334602609,high,0.7209210611830039,blue,aligned,0.5,0.65,0.0,0.0,20,20,129,64,65,"[0.5, 0.65]","[0.0, 0.0]",eval_50260_high_aligned.mp4,eval_50260_high.npy,49d2c23dcbcc0ab24364ce9390adedd71ca8e548bf47387a531a5311c6d1060d
projectile_gravity_v3_fixedpos_freefall,eval_50260_high_conflict,eval_50260_high,eval_50260,50260,eval,0.06086026334602609,high,0.7209210611830039,red,conflict,0.5,0.65,0.0,0.0,20,20,129,64,65,"[0.5, 0.65]","[0.0, 0.0]",eval_50260_high_conflict.mp4,eval_50260_high.npy,49d2c23dcbcc0ab24364ce9390adedd71ca8e548bf47387a531a5311c6d1060d
projectile_gravity_v3_fixedpos_freefall,eval_50261_low_aligned,eval_50261_low,eval_50261,50261,eval,0.024458868781992462,low,0.9754031264542027,red,aligned,0.5,0.65,0.0,0.0,20,20,129,64,65,"[0.5, 0.65]","[0.0, 0.0]",eval_50261_low_aligned.mp4,eval_50261_low.npy,49d2c23dcbcc0ab24364ce9390adedd71ca8e548bf47387a531a5311c6d1060d
projectile_gravity_v3_fixedpos_freefall,eval_50261_low_conflict,eval_50261_low,eval_50261,50261,eval,0.024458868781992462,low,0.9754031264542027,blue,conflict,0.5,0.65,0.0,0.0,20,20,129,64,65,"[0.5, 0.65]","[0.0, 0.0]",eval_50261_low_conflict.mp4,eval_50261_low.npy,49d2c23dcbcc0ab24364ce9390adedd71ca8e548bf47387a531a5311c6d1060d
projectile_gravity_v3_fixedpos_freefall,eval_50261_high_aligned,eval_50261_high,eval_50261,50261,eval,0.06645886878199246,high,0.9754031264542027,blue,aligned,0.5,0.65,0.0,0.0,20,20,129,64,65,"[0.5, 0.65]","[0.0, 0.0]",eval_50261_high_aligned.mp4,eval_50261_high.npy,49d2c23dcbcc0ab24364ce9390adedd71ca8e548bf47387a531a5311c6d1060d
projectile_gravity_v3_fixedpos_freefall,eval_50261_high_conflict,eval_50261_high,eval_50261,50261,eval,0.06645886878199246,high,0.9754031264542027,red,conflict,0.5,0.65,0.0,0.0,20,20,129,64,65,"[0.5, 0.65]","[0.0, 0.0]",eval_50261_high_conflict.mp4,eval_50261_high.npy,49d2c23dcbcc0ab24364ce9390adedd71ca8e548bf47387a531a5311c6d1060d
projectile_gravity_v3_fixedpos_freefall,eval_50262_low_aligned,eval_50262_low,eval_50262,50262,eval,0.013190376584161445,low,0.46319893564370196,red,aligned,0.5,0.65,0.0,0.0,20,20,129,64,65,"[0.5, 0.65]","[0.0, 0.0]",eval_50262_low_aligned.mp4,eval_50262_low.npy,49d2c23dcbcc0ab24364ce9390adedd71ca8e548bf47387a531a5311c6d1060d
projectile_gravity_v3_fixedpos_freefall,eval_50262_low_conflict,eval_50262_low,eval_50262,50262,eval,0.013190376584161445,low,0.46319893564370196,blue,conflict,0.5,0.65,0.0,0.0,20,20,129,64,65,"[0.5, 0.65]","[0.0, 0.0]",eval_50262_low_conflict.mp4,eval_50262_low.npy,49d2c23dcbcc0ab24364ce9390adedd71ca8e548bf47387a531a5311c6d1060d
projectile_gravity_v3_fixedpos_freefall,eval_50262_high_aligned,eval_50262_high,eval_50262,50262,eval,0.05519037658416144,high,0.46319893564370196,blue,aligned,0.5,0.65,0.0,0.0,20,20,129,64,65,"[0.5, 0.65]","[0.0, 0.0]",eval_50262_high_aligned.mp4,eval_50262_high.npy,49d2c23dcbcc0ab24364ce9390adedd71ca8e548bf47387a531a5311c6d1060d
projectile_gravity_v3_fixedpos_freefall,eval_50262_high_conflict,eval_50262_high,eval_50262,50262,eval,0.05519037658416144,high,0.46319893564370196,red,conflict,0.5,0.65,0.0,0.0,20,20,129,64,65,"[0.5, 0.65]","[0.0, 0.0]",eval_50262_high_conflict.mp4,eval_50262_high.npy,49d2c23dcbcc0ab24364ce9390adedd71ca8e548bf47387a531a5311c6d1060d
projectile_gravity_v3_fixedpos_freefall,eval_50263_low_aligned,eval_50263_low,eval_50263,50263,eval,0.01319957858939045,low,0.46361720860865674,red,aligned,0.5,0.65,0.0,0.0,20,20,129,64,65,"[0.5, 0.65]","[0.0, 0.0]",eval_50263_low_aligned.mp4,eval_50263_low.npy,49d2c23dcbcc0ab24364ce9390adedd71ca8e548bf47387a531a5311c6d1060d
projectile_gravity_v3_fixedpos_freefall,eval_50263_low_conflict,eval_50263_low,eval_50263,50263,eval,0.01319957858939045,low,0.46361720860865674,blue,conflict,0.5,0.65,0.0,0.0,20,20,129,64,65,"[0.5, 0.65]","[0.0, 0.0]",eval_50263_low_conflict.mp4,eval_50263_low.npy,49d2c23dcbcc0ab24364ce9390adedd71ca8e548bf47387a531a5311c6d1060d
projectile_gravity_v3_fixedpos_freefall,eval_50263_high_aligned,eval_50263_high,eval_50263,50263,eval,0.05519957858939045,high,0.46361720860865674,blue,aligned,0.5,0.65,0.0,0.0,20,20,129,64,65,"[0.5, 0.65]","[0.0, 0.0]",eval_50263_high_aligned.mp4,eval_50263_high.npy,49d2c23dcbcc0ab24364ce9390adedd71ca8e548bf47387a531a5311c6d1060d
projectile_gravity_v3_fixedpos_freefall,eval_50263_high_conflict,eval_50263_high,eval_50263,50263,eval,0.05519957858939045,high,0.46361720860865674,red,conflict,0.5,0.65,0.0,0.0,20,20,129,64,65,"[0.5, 0.65]","[0.0, 0.0]",eval_50263_high_conflict.mp4,eval_50263_high.npy,49d2c23dcbcc0ab24364ce9390adedd71ca8e548bf47387a531a5311c6d1060d
projectile_gravity_v3_fixedpos_freefall,eval_50264_low_aligned,eval_50264_low,eval_50264,50264,eval,0.023454306390351558,low,0.9297411995614344,red,aligned,0.5,0.65,0.0,0.0,20,20,129,64,65,"[0.5, 0.65]","[0.0, 0.0]",eval_50264_low_aligned.mp4,eval_50264_low.npy,49d2c23dcbcc0ab24364ce9390adedd71ca8e548bf47387a531a5311c6d1060d
projectile_gravity_v3_fixedpos_freefall,eval_50264_low_conflict,eval_50264_low,eval_50264,50264,eval,0.023454306390351558,low,0.9297411995614344,blue,conflict,0.5,0.65,0.0,0.0,20,20,129,64,65,"[0.5, 0.65]","[0.0, 0.0]",eval_50264_low_conflict.mp4,eval_50264_low.npy,49d2c23dcbcc0ab24364ce9390adedd71ca8e548bf47387a531a5311c6d1060d
projectile_gravity_v3_fixedpos_freefall,eval_50264_high_aligned,eval_50264_high,eval_50264,50264,eval,0.06545430639035156,high,0.9297411995614344,blue,aligned,0.5,0.65,0.0,0.0,20,20,129,64,65,"[0.5, 0.65]","[0.0, 0.0]",eval_50264_high_aligned.mp4,eval_50264_high.npy,49d2c23dcbcc0ab24364ce9390adedd71ca8e548bf47387a531a5311c6d1060d
projectile_gravity_v3_fixedpos_freefall,eval_50264_high_conflict,eval_50264_high,eval_50264,50264,eval,0.06545430639035156,high,0.9297411995614344,red,conflict,0.5,0.65,0.0,0.0,20,20,129,64,65,"[0.5, 0.65]","[0.0, 0.0]",eval_50264_high_conflict.mp4,eval_50264_high.npy,49d2c23dcbcc0ab24364ce9390adedd71ca8e548bf47387a531a5311c6d1060d
projectile_gravity_v3_fixedpos_freefall,eval_50265_low_aligned,eval_50265_low,eval_50265,50265,eval,0.004399579105831937,low,0.06361723208326986,red,aligned,0.5,0.65,0.0,0.0,20,20,129,64,65,"[0.5, 0.65]","[0.0, 0.0]",eval_50265_low_aligned.mp4,eval_50265_low.npy,49d2c23dcbcc0ab24364ce9390adedd71ca8e548bf47387a531a5311c6d1060d
projectile_gravity_v3_fixedpos_freefall,eval_50265_low_conflict,eval_50265_low,eval_50265,50265,eval,0.004399579105831937,low,0.06361723208326986,blue,conflict,0.5,0.65,0.0,0.0,20,20,129,64,65,"[0.5, 0.65]","[0.0, 0.0]",eval_50265_low_conflict.mp4,eval_50265_low.npy,49d2c23dcbcc0ab24364ce9390adedd71ca8e548bf47387a531a5311c6d1060d
projectile_gravity_v3_fixedpos_freefall,eval_50265_high_aligned,eval_50265_high,eval_50265,50265,eval,0.04639957910583194,high,0.06361723208326986,blue,aligned,0.5,0.65,0.0,0.0,20,20,129,64,65,"[0.5, 0.65]","[0.0, 0.0]",eval_50265_high_aligned.mp4,eval_50265_high.npy,49d2c23dcbcc0ab24364ce9390adedd71ca8e548bf47387a531a5311c6d1060d
projectile_gravity_v3_fixedpos_freefall,eval_50265_high_conflict,eval_50265_high,eval_50265,50265,eval,0.04639957910583194,high,0.06361723208326986,red,conflict,0.5,0.65,0.0,0.0,20,20,129,64,65,"[0.5, 0.65]","[0.0, 0.0]",eval_50265_high_conflict.mp4,eval_50265_high.npy,49d2c23dcbcc0ab24364ce9390adedd71ca8e548bf47387a531a5311c6d1060d
projectile_gravity_v3_fixedpos_freefall,eval_50266_low_aligned,eval_50266_low,eval_50266,50266,eval,0.011955912363381851,low,0.40708692560826587,red,aligned,0.5,0.65,0.0,0.0,20,20,129,64,65,"[0.5, 0.65]","[0.0, 0.0]",eval_50266_low_aligned.mp4,eval_50266_low.npy,49d2c23dcbcc0ab24364ce9390adedd71ca8e548bf47387a531a5311c6d1060d
projectile_gravity_v3_fixedpos_freefall,eval_50266_low_conflict,eval_50266_low,eval_50266,50266,eval,0.011955912363381851,low,0.40708692560826587,blue,conflict,0.5,0.65,0.0,0.0,20,20,129,64,65,"[0.5, 0.65]","[0.0, 0.0]",eval_50266_low_conflict.mp4,eval_50266_low.npy,49d2c23dcbcc0ab24364ce9390adedd71ca8e548bf47387a531a5311c6d1060d
projectile_gravity_v3_fixedpos_freefall,eval_50266_high_aligned,eval_50266_high,eval_50266,50266,eval,0.05395591236338185,high,0.40708692560826587,blue,aligned,0.5,0.65,0.0,0.0,20,20,129,64,65,"[0.5, 0.65]","[0.0, 0.0]",eval_50266_high_aligned.mp4,eval_50266_high.npy,49d2c23dcbcc0ab24364ce9390adedd71ca8e548bf47387a531a5311c6d1060d
projectile_gravity_v3_fixedpos_freefall,eval_50266_high_conflict,eval_50266_high,eval_50266,50266,eval,0.05395591236338185,high,0.40708692560826587,red,conflict,0.5,0.65,0.0,0.0,20,20,129,64,65,"[0.5, 0.65]","[0.0, 0.0]",eval_50266_high_conflict.mp4,eval_50266_high.npy,49d2c23dcbcc0ab24364ce9390adedd71ca8e548bf47387a531a5311c6d1060d
projectile_gravity_v3_fixedpos_freefall,eval_50267_low_aligned,eval_50267_low,eval_50267,50267,eval,0.008999358402259067,low,0.27269810919359394,red,aligned,0.5,0.65,0.0,0.0,20,20,129,64,65,"[0.5, 0.65]","[0.0, 0.0]",eval_50267_low_aligned.mp4,eval_50267_low.npy,49d2c23dcbcc0ab24364ce9390adedd71ca8e548bf47387a531a5311c6d1060d
projectile_gravity_v3_fixedpos_freefall,eval_50267_low_conflict,eval_50267_low,eval_50267,50267,eval,0.008999358402259067,low,0.27269810919359394,blue,conflict,0.5,0.65,0.0,0.0,20,20,129,64,65,"[0.5, 0.65]","[0.0, 0.0]",eval_50267_low_conflict.mp4,eval_50267_low.npy,49d2c23dcbcc0ab24364ce9390adedd71ca8e548bf47387a531a5311c6d1060d
projectile_gravity_v3_fixedpos_freefall,eval_50267_high_aligned,eval_50267_high,eval_50267,50267,eval,0.05099935840225907,high,0.27269810919359394,blue,aligned,0.5,0.65,0.0,0.0,20,20,129,64,65,"[0.5, 0.65]","[0.0, 0.0]",eval_50267_high_aligned.mp4,eval_50267_high.npy,49d2c23dcbcc0ab24364ce9390adedd71ca8e548bf47387a531a5311c6d1060d
projectile_gravity_v3_fixedpos_freefall,eval_50267_high_conflict,eval_50267_high,eval_50267,50267,eval,0.05099935840225907,high,0.27269810919359394,red,conflict,0.5,0.65,0.0,0.0,20,20,129,64,65,"[0.5, 0.65]","[0.0, 0.0]",eval_50267_high_conflict.mp4,eval_50267_high.npy,49d2c23dcbcc0ab24364ce9390adedd71ca8e548bf47387a531a5311c6d1060d
projectile_gravity_v3_fixedpos_freefall,eval_50268_low_aligned,eval_50268_low,eval_50268,50268,eval,0.011509781688794012,low,0.386808258581546,red,aligned,0.5,0.65,0.0,0.0,20,20,129,64,65,"[0.5, 0.65]","[0.0, 0.0]",eval_50268_low_aligned.mp4,eval_50268_low.npy,49d2c23dcbcc0ab24364ce9390adedd71ca8e548bf47387a531a5311c6d1060d
projectile_gravity_v3_fixedpos_freefall,eval_50268_low_conflict,eval_50268_low,eval_50268,50268,eval,0.011509781688794012,low,0.386808258581546,blue,conflict,0.5,0.65,0.0,0.0,20,20,129,64,65,"[0.5, 0.65]","[0.0, 0.0]",eval_50268_low_conflict.mp4,eval_50268_low.npy,49d2c23dcbcc0ab24364ce9390adedd71ca8e548bf47387a531a5311c6d1060d
projectile_gravity_v3_fixedpos_freefall,eval_50268_high_aligned,eval_50268_high,eval_50268,50268,eval,0.053509781688794014,high,0.386808258581546,blue,aligned,0.5,0.65,0.0,0.0,20,20,129,64,65,"[0.5, 0.65]","[0.0, 0.0]",eval_50268_high_aligned.mp4,eval_50268_high.npy,49d2c23dcbcc0ab24364ce9390adedd71ca8e548bf47387a531a5311c6d1060d
projectile_gravity_v3_fixedpos_freefall,eval_50268_high_conflict,eval_50268_high,eval_50268,50268,eval,0.053509781688794014,high,0.386808258581546,red,conflict,0.5,0.65,0.0,0.0,20,20,129,64,65,"[0.5, 0.65]","[0.0, 0.0]",eval_50268_high_conflict.mp4,eval_50268_high.npy,49d2c23dcbcc0ab24364ce9390adedd71ca8e548bf47387a531a5311c6d1060d
projectile_gravity_v3_fixedpos_freefall,eval_50269_low_aligned,eval_50269_low,eval_50269,50269,eval,0.020396176746371897,low,0.790735306653268,red,aligned,0.5,0.65,0.0,0.0,20,20,129,64,65,"[0.5, 0.65]","[0.0, 0.0]",eval_50269_low_aligned.mp4,eval_50269_low.npy,49d2c23dcbcc0ab24364ce9390adedd71ca8e548bf47387a531a5311c6d1060d
projectile_gravity_v3_fixedpos_freefall,eval_50269_low_conflict,eval_50269_low,eval_50269,50269,eval,0.020396176746371897,low,0.790735306653268,blue,conflict,0.5,0.65,0.0,0.0,20,20,129,64,65,"[0.5, 0.65]","[0.0, 0.0]",eval_50269_low_conflict.mp4,eval_50269_low.npy,49d2c23dcbcc0ab24364ce9390adedd71ca8e548bf47387a531a5311c6d1060d
projectile_gravity_v3_fixedpos_freefall,eval_50269_high_aligned,eval_50269_high,eval_50269,50269,eval,0.0623961767463719,high,0.790735306653268,blue,aligned,0.5,0.65,0.0,0.0,20,20,129,64,65,"[0.5, 0.65]","[0.0, 0.0]",eval_50269_high_aligned.mp4,eval_50269_high.npy,49d2c23dcbcc0ab24364ce9390adedd71ca8e548bf47387a531a5311c6d1060d
projectile_gravity_v3_fixedpos_freefall,eval_50269_high_conflict,eval_50269_high,eval_50269,50269,eval,0.0623961767463719,high,0.790735306653268,red,conflict,0.5,0.65,0.0,0.0,20,20,129,64,65,"[0.5, 0.65]","[0.0, 0.0]",eval_50269_high_conflict.mp4,eval_50269_high.npy,49d2c23dcbcc0ab24364ce9390adedd71ca8e548bf47387a531a5311c6d1060d
projectile_gravity_v3_fixedpos_freefall,eval_50270_low_aligned,eval_50270_low,eval_50270,50270,eval,0.012171615938340461,low,0.41689163356092995,red,aligned,0.5,0.65,0.0,0.0,20,20,129,64,65,"[0.5, 0.65]","[0.0, 0.0]",eval_50270_low_aligned.mp4,eval_50270_low.npy,49d2c23dcbcc0ab24364ce9390adedd71ca8e548bf47387a531a5311c6d1060d
projectile_gravity_v3_fixedpos_freefall,eval_50270_low_conflict,eval_50270_low,eval_50270,50270,eval,0.012171615938340461,low,0.41689163356092995,blue,conflict,0.5,0.65,0.0,0.0,20,20,129,64,65,"[0.5, 0.65]","[0.0, 0.0]",eval_50270_low_conflict.mp4,eval_50270_low.npy,49d2c23dcbcc0ab24364ce9390adedd71ca8e548bf47387a531a5311c6d1060d
projectile_gravity_v3_fixedpos_freefall,eval_50270_high_aligned,eval_50270_high,eval_50270,50270,eval,0.05417161593834046,high,0.41689163356092995,blue,aligned,0.5,0.65,0.0,0.0,20,20,129,64,65,"[0.5, 0.65]","[0.0, 0.0]",eval_50270_high_aligned.mp4,eval_50270_high.npy,49d2c23dcbcc0ab24364ce9390adedd71ca8e548bf47387a531a5311c6d1060d
projectile_gravity_v3_fixedpos_freefall,eval_50270_high_conflict,eval_50270_high,eval_50270,50270,eval,0.05417161593834046,high,0.41689163356092995,red,conflict,0.5,0.65,0.0,0.0,20,20,129,64,65,"[0.5, 0.65]","[0.0, 0.0]",eval_50270_high_conflict.mp4,eval_50270_high.npy,49d2c23dcbcc0ab24364ce9390adedd71ca8e548bf47387a531a5311c6d1060d
projectile_gravity_v3_fixedpos_freefall,eval_50271_low_aligned,eval_50271_low,eval_50271,50271,eval,0.007171514061202522,low,0.1896142755092055,red,aligned,0.5,0.65,0.0,0.0,20,20,129,64,65,"[0.5, 0.65]","[0.0, 0.0]",eval_50271_low_aligned.mp4,eval_50271_low.npy,49d2c23dcbcc0ab24364ce9390adedd71ca8e548bf47387a531a5311c6d1060d
projectile_gravity_v3_fixedpos_freefall,eval_50271_low_conflict,eval_50271_low,eval_50271,50271,eval,0.007171514061202522,low,0.1896142755092055,blue,conflict,0.5,0.65,0.0,0.0,20,20,129,64,65,"[0.5, 0.65]","[0.0, 0.0]",eval_50271_low_conflict.mp4,eval_50271_low.npy,49d2c23dcbcc0ab24364ce9390adedd71ca8e548bf47387a531a5311c6d1060d
projectile_gravity_v3_fixedpos_freefall,eval_50271_high_aligned,eval_50271_high,eval_50271,50271,eval,0.04917151406120252,high,0.1896142755092055,blue,aligned,0.5,0.65,0.0,0.0,20,20,129,64,65,"[0.5, 0.65]","[0.0, 0.0]",eval_50271_high_aligned.mp4,eval_50271_high.npy,49d2c23dcbcc0ab24364ce9390adedd71ca8e548bf47387a531a5311c6d1060d
projectile_gravity_v3_fixedpos_freefall,eval_50271_high_conflict,eval_50271_high,eval_50271,50271,eval,0.04917151406120252,high,0.1896142755092055,red,conflict,0.5,0.65,0.0,0.0,20,20,129,64,65,"[0.5, 0.65]","[0.0, 0.0]",eval_50271_high_conflict.mp4,eval_50271_high.npy,49d2c23dcbcc0ab24364ce9390adedd71ca8e548bf47387a531a5311c6d1060d
projectile_gravity_v3_fixedpos_freefall,eval_50272_low_aligned,eval_50272_low,eval_50272,50272,eval,0.01815852250333489,low,0.6890237501515859,red,aligned,0.5,0.65,0.0,0.0,20,20,129,64,65,"[0.5, 0.65]","[0.0, 0.0]",eval_50272_low_aligned.mp4,eval_50272_low.npy,49d2c23dcbcc0ab24364ce9390adedd71ca8e548bf47387a531a5311c6d1060d
projectile_gravity_v3_fixedpos_freefall,eval_50272_low_conflict,eval_50272_low,eval_50272,50272,eval,0.01815852250333489,low,0.6890237501515859,blue,conflict,0.5,0.65,0.0,0.0,20,20,129,64,65,"[0.5, 0.65]","[0.0, 0.0]",eval_50272_low_conflict.mp4,eval_50272_low.npy,49d2c23dcbcc0ab24364ce9390adedd71ca8e548bf47387a531a5311c6d1060d
projectile_gravity_v3_fixedpos_freefall,eval_50272_high_aligned,eval_50272_high,eval_50272,50272,eval,0.060158522503334894,high,0.6890237501515859,blue,aligned,0.5,0.65,0.0,0.0,20,20,129,64,65,"[0.5, 0.65]","[0.0, 0.0]",eval_50272_high_aligned.mp4,eval_50272_high.npy,49d2c23dcbcc0ab24364ce9390adedd71ca8e548bf47387a531a5311c6d1060d
projectile_gravity_v3_fixedpos_freefall,eval_50272_high_conflict,eval_50272_high,eval_50272,50272,eval,0.060158522503334894,high,0.6890237501515859,red,conflict,0.5,0.65,0.0,0.0,20,20,129,64,65,"[0.5, 0.65]","[0.0, 0.0]",eval_50272_high_conflict.mp4,eval_50272_high.npy,49d2c23dcbcc0ab24364ce9390adedd71ca8e548bf47387a531a5311c6d1060d
projectile_gravity_v3_fixedpos_freefall,eval_50273_low_aligned,eval_50273_low,eval_50273,50273,eval,0.011787248854855697,low,0.3994204024934408,red,aligned,0.5,0.65,0.0,0.0,20,20,129,64,65,"[0.5, 0.65]","[0.0, 0.0]",eval_50273_low_aligned.mp4,eval_50273_low.npy,49d2c23dcbcc0ab24364ce9390adedd71ca8e548bf47387a531a5311c6d1060d
projectile_gravity_v3_fixedpos_freefall,eval_50273_low_conflict,eval_50273_low,eval_50273,50273,eval,0.011787248854855697,low,0.3994204024934408,blue,conflict,0.5,0.65,0.0,0.0,20,20,129,64,65,"[0.5, 0.65]","[0.0, 0.0]",eval_50273_low_conflict.mp4,eval_50273_low.npy,49d2c23dcbcc0ab24364ce9390adedd71ca8e548bf47387a531a5311c6d1060d
projectile_gravity_v3_fixedpos_freefall,eval_50273_high_aligned,eval_50273_high,eval_50273,50273,eval,0.053787248854855696,high,0.3994204024934408,blue,aligned,0.5,0.65,0.0,0.0,20,20,129,64,65,"[0.5, 0.65]","[0.0, 0.0]",eval_50273_high_aligned.mp4,eval_50273_high.npy,49d2c23dcbcc0ab24364ce9390adedd71ca8e548bf47387a531a5311c6d1060d
projectile_gravity_v3_fixedpos_freefall,eval_50273_high_conflict,eval_50273_high,eval_50273,50273,eval,0.053787248854855696,high,0.3994204024934408,red,conflict,0.5,0.65,0.0,0.0,20,20,129,64,65,"[0.5, 0.65]","[0.0, 0.0]",eval_50273_high_conflict.mp4,eval_50273_high.npy,49d2c23dcbcc0ab24364ce9390adedd71ca8e548bf47387a531a5311c6d1060d
projectile_gravity_v3_fixedpos_freefall,eval_50274_low_aligned,eval_50274_low,eval_50274,50274,eval,0.014549329864212281,low,0.5249695392823764,red,aligned,0.5,0.65,0.0,0.0,20,20,129,64,65,"[0.5, 0.65]","[0.0, 0.0]",eval_50274_low_aligned.mp4,eval_50274_low.npy,49d2c23dcbcc0ab24364ce9390adedd71ca8e548bf47387a531a5311c6d1060d
projectile_gravity_v3_fixedpos_freefall,eval_50274_low_conflict,eval_50274_low,eval_50274,50274,eval,0.014549329864212281,low,0.5249695392823764,blue,conflict,0.5,0.65,0.0,0.0,20,20,129,64,65,"[0.5, 0.65]","[0.0, 0.0]",eval_50274_low_conflict.mp4,eval_50274_low.npy,49d2c23dcbcc0ab24364ce9390adedd71ca8e548bf47387a531a5311c6d1060d
projectile_gravity_v3_fixedpos_freefall,eval_50274_high_aligned,eval_50274_high,eval_50274,50274,eval,0.05654932986421228,high,0.5249695392823764,blue,aligned,0.5,0.65,0.0,0.0,20,20,129,64,65,"[0.5, 0.65]","[0.0, 0.0]",eval_50274_high_aligned.mp4,eval_50274_high.npy,49d2c23dcbcc0ab24364ce9390adedd71ca8e548bf47387a531a5311c6d1060d
projectile_gravity_v3_fixedpos_freefall,eval_50274_high_conflict,eval_50274_high,eval_50274,50274,eval,0.05654932986421228,high,0.5249695392823764,red,conflict,0.5,0.65,0.0,0.0,20,20,129,64,65,"[0.5, 0.65]","[0.0, 0.0]",eval_50274_high_conflict.mp4,eval_50274_high.npy,49d2c23dcbcc0ab24364ce9390adedd71ca8e548bf47387a531a5311c6d1060d
projectile_gravity_v3_fixedpos_freefall,eval_50275_low_aligned,eval_50275_low,eval_50275,50275,eval,0.014808420935636678,low,0.5367464061653036,red,aligned,0.5,0.65,0.0,0.0,20,20,129,64,65,"[0.5, 0.65]","[0.0, 0.0]",eval_50275_low_aligned.mp4,eval_50275_low.npy,49d2c23dcbcc0ab24364ce9390adedd71ca8e548bf47387a531a5311c6d1060d
projectile_gravity_v3_fixedpos_freefall,eval_50275_low_conflict,eval_50275_low,eval_50275,50275,eval,0.014808420935636678,low,0.5367464061653036,blue,conflict,0.5,0.65,0.0,0.0,20,20,129,64,65,"[0.5, 0.65]","[0.0, 0.0]",eval_50275_low_conflict.mp4,eval_50275_low.npy,49d2c23dcbcc0ab24364ce9390adedd71ca8e548bf47387a531a5311c6d1060d
projectile_gravity_v3_fixedpos_freefall,eval_50275_high_aligned,eval_50275_high,eval_50275,50275,eval,0.05680842093563668,high,0.5367464061653036,blue,aligned,0.5,0.65,0.0,0.0,20,20,129,64,65,"[0.5, 0.65]","[0.0, 0.0]",eval_50275_high_aligned.mp4,eval_50275_high.npy,49d2c23dcbcc0ab24364ce9390adedd71ca8e548bf47387a531a5311c6d1060d
projectile_gravity_v3_fixedpos_freefall,eval_50275_high_conflict,eval_50275_high,eval_50275,50275,eval,0.05680842093563668,high,0.5367464061653036,red,conflict,0.5,0.65,0.0,0.0,20,20,129,64,65,"[0.5, 0.65]","[0.0, 0.0]",eval_50275_high_conflict.mp4,eval_50275_high.npy,49d2c23dcbcc0ab24364ce9390adedd71ca8e548bf47387a531a5311c6d1060d
projectile_gravity_v3_fixedpos_freefall,eval_50276_low_aligned,eval_50276_low,eval_50276,50276,eval,0.023609824006991877,low,0.9368101821359944,red,aligned,0.5,0.65,0.0,0.0,20,20,129,64,65,"[0.5, 0.65]","[0.0, 0.0]",eval_50276_low_aligned.mp4,eval_50276_low.npy,49d2c23dcbcc0ab24364ce9390adedd71ca8e548bf47387a531a5311c6d1060d
projectile_gravity_v3_fixedpos_freefall,eval_50276_low_conflict,eval_50276_low,eval_50276,50276,eval,0.023609824006991877,low,0.9368101821359944,blue,conflict,0.5,0.65,0.0,0.0,20,20,129,64,65,"[0.5, 0.65]","[0.0, 0.0]",eval_50276_low_conflict.mp4,eval_50276_low.npy,49d2c23dcbcc0ab24364ce9390adedd71ca8e548bf47387a531a5311c6d1060d
projectile_gravity_v3_fixedpos_freefall,eval_50276_high_aligned,eval_50276_high,eval_50276,50276,eval,0.06560982400699188,high,0.9368101821359944,blue,aligned,0.5,0.65,0.0,0.0,20,20,129,64,65,"[0.5, 0.65]","[0.0, 0.0]",eval_50276_high_aligned.mp4,eval_50276_high.npy,49d2c23dcbcc0ab24364ce9390adedd71ca8e548bf47387a531a5311c6d1060d
projectile_gravity_v3_fixedpos_freefall,eval_50276_high_conflict,eval_50276_high,eval_50276,50276,eval,0.06560982400699188,high,0.9368101821359944,red,conflict,0.5,0.65,0.0,0.0,20,20,129,64,65,"[0.5, 0.65]","[0.0, 0.0]",eval_50276_high_conflict.mp4,eval_50276_high.npy,49d2c23dcbcc0ab24364ce9390adedd71ca8e548bf47387a531a5311c6d1060d
projectile_gravity_v3_fixedpos_freefall,eval_50277_low_aligned,eval_50277_low,eval_50277,50277,eval,0.010575882171108417,low,0.344358280504928,red,aligned,0.5,0.65,0.0,0.0,20,20,129,64,65,"[0.5, 0.65]","[0.0, 0.0]",eval_50277_low_aligned.mp4,eval_50277_low.npy,49d2c23dcbcc0ab24364ce9390adedd71ca8e548bf47387a531a5311c6d1060d
projectile_gravity_v3_fixedpos_freefall,eval_50277_low_conflict,eval_50277_low,eval_50277,50277,eval,0.010575882171108417,low,0.344358280504928,blue,conflict,0.5,0.65,0.0,0.0,20,20,129,64,65,"[0.5, 0.65]","[0.0, 0.0]",eval_50277_low_conflict.mp4,eval_50277_low.npy,49d2c23dcbcc0ab24364ce9390adedd71ca8e548bf47387a531a5311c6d1060d
projectile_gravity_v3_fixedpos_freefall,eval_50277_high_aligned,eval_50277_high,eval_50277,50277,eval,0.052575882171108416,high,0.344358280504928,blue,aligned,0.5,0.65,0.0,0.0,20,20,129,64,65,"[0.5, 0.65]","[0.0, 0.0]",eval_50277_high_aligned.mp4,eval_50277_high.npy,49d2c23dcbcc0ab24364ce9390adedd71ca8e548bf47387a531a5311c6d1060d
projectile_gravity_v3_fixedpos_freefall,eval_50277_high_conflict,eval_50277_high,eval_50277,50277,eval,0.052575882171108416,high,0.344358280504928,red,conflict,0.5,0.65,0.0,0.0,20,20,129,64,65,"[0.5, 0.65]","[0.0, 0.0]",eval_50277_high_conflict.mp4,eval_50277_high.npy,49d2c23dcbcc0ab24364ce9390adedd71ca8e548bf47387a531a5311c6d1060d
projectile_gravity_v3_fixedpos_freefall,eval_50278_low_aligned,eval_50278_low,eval_50278,50278,eval,0.017242628514442623,low,0.6473922052019374,red,aligned,0.5,0.65,0.0,0.0,20,20,129,64,65,"[0.5, 0.65]","[0.0, 0.0]",eval_50278_low_aligned.mp4,eval_50278_low.npy,49d2c23dcbcc0ab24364ce9390adedd71ca8e548bf47387a531a5311c6d1060d
projectile_gravity_v3_fixedpos_freefall,eval_50278_low_conflict,eval_50278_low,eval_50278,50278,eval,0.017242628514442623,low,0.6473922052019374,blue,conflict,0.5,0.65,0.0,0.0,20,20,129,64,65,"[0.5, 0.65]","[0.0, 0.0]",eval_50278_low_conflict.mp4,eval_50278_low.npy,49d2c23dcbcc0ab24364ce9390adedd71ca8e548bf47387a531a5311c6d1060d
projectile_gravity_v3_fixedpos_freefall,eval_50278_high_aligned,eval_50278_high,eval_50278,50278,eval,0.059242628514442626,high,0.6473922052019374,blue,aligned,0.5,0.65,0.0,0.0,20,20,129,64,65,"[0.5, 0.65]","[0.0, 0.0]",eval_50278_high_aligned.mp4,eval_50278_high.npy,49d2c23dcbcc0ab24364ce9390adedd71ca8e548bf47387a531a5311c6d1060d
projectile_gravity_v3_fixedpos_freefall,eval_50278_high_conflict,eval_50278_high,eval_50278,50278,eval,0.059242628514442626,high,0.6473922052019374,red,conflict,0.5,0.65,0.0,0.0,20,20,129,64,65,"[0.5, 0.65]","[0.0, 0.0]",eval_50278_high_conflict.mp4,eval_50278_high.npy,49d2c23dcbcc0ab24364ce9390adedd71ca8e548bf47387a531a5311c6d1060d
projectile_gravity_v3_fixedpos_freefall,eval_50279_low_aligned,eval_50279_low,eval_50279,50279,eval,0.011311870277390647,low,0.37781228533593847,red,aligned,0.5,0.65,0.0,0.0,20,20,129,64,65,"[0.5, 0.65]","[0.0, 0.0]",eval_50279_low_aligned.mp4,eval_50279_low.npy,49d2c23dcbcc0ab24364ce9390adedd71ca8e548bf47387a531a5311c6d1060d
projectile_gravity_v3_fixedpos_freefall,eval_50279_low_conflict,eval_50279_low,eval_50279,50279,eval,0.011311870277390647,low,0.37781228533593847,blue,conflict,0.5,0.65,0.0,0.0,20,20,129,64,65,"[0.5, 0.65]","[0.0, 0.0]",eval_50279_low_conflict.mp4,eval_50279_low.npy,49d2c23dcbcc0ab24364ce9390adedd71ca8e548bf47387a531a5311c6d1060d
projectile_gravity_v3_fixedpos_freefall,eval_50279_high_aligned,eval_50279_high,eval_50279,50279,eval,0.05331187027739065,high,0.37781228533593847,blue,aligned,0.5,0.65,0.0,0.0,20,20,129,64,65,"[0.5, 0.65]","[0.0, 0.0]",eval_50279_high_aligned.mp4,eval_50279_high.npy,49d2c23dcbcc0ab24364ce9390adedd71ca8e548bf47387a531a5311c6d1060d
projectile_gravity_v3_fixedpos_freefall,eval_50279_high_conflict,eval_50279_high,eval_50279,50279,eval,0.05331187027739065,high,0.37781228533593847,red,conflict,0.5,0.65,0.0,0.0,20,20,129,64,65,"[0.5, 0.65]","[0.0, 0.0]",eval_50279_high_conflict.mp4,eval_50279_high.npy,49d2c23dcbcc0ab24364ce9390adedd71ca8e548bf47387a531a5311c6d1060d
projectile_gravity_v3_fixedpos_freefall,eval_50280_low_aligned,eval_50280_low,eval_50280,50280,eval,0.024034331461389707,low,0.9561059755177139,red,aligned,0.5,0.65,0.0,0.0,20,20,129,64,65,"[0.5, 0.65]","[0.0, 0.0]",eval_50280_low_aligned.mp4,eval_50280_low.npy,49d2c23dcbcc0ab24364ce9390adedd71ca8e548bf47387a531a5311c6d1060d
projectile_gravity_v3_fixedpos_freefall,eval_50280_low_conflict,eval_50280_low,eval_50280,50280,eval,0.024034331461389707,low,0.9561059755177139,blue,conflict,0.5,0.65,0.0,0.0,20,20,129,64,65,"[0.5, 0.65]","[0.0, 0.0]",eval_50280_low_conflict.mp4,eval_50280_low.npy,49d2c23dcbcc0ab24364ce9390adedd71ca8e548bf47387a531a5311c6d1060d
projectile_gravity_v3_fixedpos_freefall,eval_50280_high_aligned,eval_50280_high,eval_50280,50280,eval,0.0660343314613897,high,0.9561059755177139,blue,aligned,0.5,0.65,0.0,0.0,20,20,129,64,65,"[0.5, 0.65]","[0.0, 0.0]",eval_50280_high_aligned.mp4,eval_50280_high.npy,49d2c23dcbcc0ab24364ce9390adedd71ca8e548bf47387a531a5311c6d1060d
projectile_gravity_v3_fixedpos_freefall,eval_50280_high_conflict,eval_50280_high,eval_50280,50280,eval,0.0660343314613897,high,0.9561059755177139,red,conflict,0.5,0.65,0.0,0.0,20,20,129,64,65,"[0.5, 0.65]","[0.0, 0.0]",eval_50280_high_conflict.mp4,eval_50280_high.npy,49d2c23dcbcc0ab24364ce9390adedd71ca8e548bf47387a531a5311c6d1060d
projectile_gravity_v3_fixedpos_freefall,eval_50281_low_aligned,eval_50281_low,eval_50281,50281,eval,0.01366498664374326,low,0.48477212017014815,red,aligned,0.5,0.65,0.0,0.0,20,20,129,64,65,"[0.5, 0.65]","[0.0, 0.0]",eval_50281_low_aligned.mp4,eval_50281_low.npy,49d2c23dcbcc0ab24364ce9390adedd71ca8e548bf47387a531a5311c6d1060d
projectile_gravity_v3_fixedpos_freefall,eval_50281_low_conflict,eval_50281_low,eval_50281,50281,eval,0.01366498664374326,low,0.48477212017014815,blue,conflict,0.5,0.65,0.0,0.0,20,20,129,64,65,"[0.5, 0.65]","[0.0, 0.0]",eval_50281_low_conflict.mp4,eval_50281_low.npy,49d2c23dcbcc0ab24364ce9390adedd71ca8e548bf47387a531a5311c6d1060d
projectile_gravity_v3_fixedpos_freefall,eval_50281_high_aligned,eval_50281_high,eval_50281,50281,eval,0.05566498664374326,high,0.48477212017014815,blue,aligned,0.5,0.65,0.0,0.0,20,20,129,64,65,"[0.5, 0.65]","[0.0, 0.0]",eval_50281_high_aligned.mp4,eval_50281_high.npy,49d2c23dcbcc0ab24364ce9390adedd71ca8e548bf47387a531a5311c6d1060d
projectile_gravity_v3_fixedpos_freefall,eval_50281_high_conflict,eval_50281_high,eval_50281,50281,eval,0.05566498664374326,high,0.48477212017014815,red,conflict,0.5,0.65,0.0,0.0,20,20,129,64,65,"[0.5, 0.65]","[0.0, 0.0]",eval_50281_high_conflict.mp4,eval_50281_high.npy,49d2c23dcbcc0ab24364ce9390adedd71ca8e548bf47387a531a5311c6d1060d
projectile_gravity_v3_fixedpos_freefall,eval_50282_low_aligned,eval_50282_low,eval_50282,50282,eval,0.024406618192735523,low,0.9730280996697965,red,aligned,0.5,0.65,0.0,0.0,20,20,129,64,65,"[0.5, 0.65]","[0.0, 0.0]",eval_50282_low_aligned.mp4,eval_50282_low.npy,49d2c23dcbcc0ab24364ce9390adedd71ca8e548bf47387a531a5311c6d1060d
projectile_gravity_v3_fixedpos_freefall,eval_50282_low_conflict,eval_50282_low,eval_50282,50282,eval,0.024406618192735523,low,0.9730280996697965,blue,conflict,0.5,0.65,0.0,0.0,20,20,129,64,65,"[0.5, 0.65]","[0.0, 0.0]",eval_50282_low_conflict.mp4,eval_50282_low.npy,49d2c23dcbcc0ab24364ce9390adedd71ca8e548bf47387a531a5311c6d1060d
projectile_gravity_v3_fixedpos_freefall,eval_50282_high_aligned,eval_50282_high,eval_50282,50282,eval,0.06640661819273552,high,0.9730280996697965,blue,aligned,0.5,0.65,0.0,0.0,20,20,129,64,65,"[0.5, 0.65]","[0.0, 0.0]",eval_50282_high_aligned.mp4,eval_50282_high.npy,49d2c23dcbcc0ab24364ce9390adedd71ca8e548bf47387a531a5311c6d1060d
projectile_gravity_v3_fixedpos_freefall,eval_50282_high_conflict,eval_50282_high,eval_50282,50282,eval,0.06640661819273552,high,0.9730280996697965,red,conflict,0.5,0.65,0.0,0.0,20,20,129,64,65,"[0.5, 0.65]","[0.0, 0.0]",eval_50282_high_conflict.mp4,eval_50282_high.npy,49d2c23dcbcc0ab24364ce9390adedd71ca8e548bf47387a531a5311c6d1060d
projectile_gravity_v3_fixedpos_freefall,eval_50283_low_aligned,eval_50283_low,eval_50283,50283,eval,0.01826988786384577,low,0.6940858119929896,red,aligned,0.5,0.65,0.0,0.0,20,20,129,64,65,"[0.5, 0.65]","[0.0, 0.0]",eval_50283_low_aligned.mp4,eval_50283_low.npy,49d2c23dcbcc0ab24364ce9390adedd71ca8e548bf47387a531a5311c6d1060d
projectile_gravity_v3_fixedpos_freefall,eval_50283_low_conflict,eval_50283_low,eval_50283,50283,eval,0.01826988786384577,low,0.6940858119929896,blue,conflict,0.5,0.65,0.0,0.0,20,20,129,64,65,"[0.5, 0.65]","[0.0, 0.0]",eval_50283_low_conflict.mp4,eval_50283_low.npy,49d2c23dcbcc0ab24364ce9390adedd71ca8e548bf47387a531a5311c6d1060d
projectile_gravity_v3_fixedpos_freefall,eval_50283_high_aligned,eval_50283_high,eval_50283,50283,eval,0.060269887863845774,high,0.6940858119929896,blue,aligned,0.5,0.65,0.0,0.0,20,20,129,64,65,"[0.5, 0.65]","[0.0, 0.0]",eval_50283_high_aligned.mp4,eval_50283_high.npy,49d2c23dcbcc0ab24364ce9390adedd71ca8e548bf47387a531a5311c6d1060d
projectile_gravity_v3_fixedpos_freefall,eval_50283_high_conflict,eval_50283_high,eval_50283,50283,eval,0.060269887863845774,high,0.6940858119929896,red,conflict,0.5,0.65,0.0,0.0,20,20,129,64,65,"[0.5, 0.65]","[0.0, 0.0]",eval_50283_high_conflict.mp4,eval_50283_high.npy,49d2c23dcbcc0ab24364ce9390adedd71ca8e548bf47387a531a5311c6d1060d
projectile_gravity_v3_fixedpos_freefall,eval_50284_low_aligned,eval_50284_low,eval_50284,50284,eval,0.004900928530228974,low,0.08640584228313519,red,aligned,0.5,0.65,0.0,0.0,20,20,129,64,65,"[0.5, 0.65]","[0.0, 0.0]",eval_50284_low_aligned.mp4,eval_50284_low.npy,49d2c23dcbcc0ab24364ce9390adedd71ca8e548bf47387a531a5311c6d1060d
projectile_gravity_v3_fixedpos_freefall,eval_50284_low_conflict,eval_50284_low,eval_50284,50284,eval,0.004900928530228974,low,0.08640584228313519,blue,conflict,0.5,0.65,0.0,0.0,20,20,129,64,65,"[0.5, 0.65]","[0.0, 0.0]",eval_50284_low_conflict.mp4,eval_50284_low.npy,49d2c23dcbcc0ab24364ce9390adedd71ca8e548bf47387a531a5311c6d1060d
projectile_gravity_v3_fixedpos_freefall,eval_50284_high_aligned,eval_50284_high,eval_50284,50284,eval,0.04690092853022897,high,0.08640584228313519,blue,aligned,0.5,0.65,0.0,0.0,20,20,129,64,65,"[0.5, 0.65]","[0.0, 0.0]",eval_50284_high_aligned.mp4,eval_50284_high.npy,49d2c23dcbcc0ab24364ce9390adedd71ca8e548bf47387a531a5311c6d1060d
projectile_gravity_v3_fixedpos_freefall,eval_50284_high_conflict,eval_50284_high,eval_50284,50284,eval,0.04690092853022897,high,0.08640584228313519,red,conflict,0.5,0.65,0.0,0.0,20,20,129,64,65,"[0.5, 0.65]","[0.0, 0.0]",eval_50284_high_conflict.mp4,eval_50284_high.npy,49d2c23dcbcc0ab24364ce9390adedd71ca8e548bf47387a531a5311c6d1060d
projectile_gravity_v3_fixedpos_freefall,eval_50285_low_aligned,eval_50285_low,eval_50285,50285,eval,0.008649858953274487,low,0.2568117706033858,red,aligned,0.5,0.65,0.0,0.0,20,20,129,64,65,"[0.5, 0.65]","[0.0, 0.0]",eval_50285_low_aligned.mp4,eval_50285_low.npy,49d2c23dcbcc0ab24364ce9390adedd71ca8e548bf47387a531a5311c6d1060d
projectile_gravity_v3_fixedpos_freefall,eval_50285_low_conflict,eval_50285_low,eval_50285,50285,eval,0.008649858953274487,low,0.2568117706033858,blue,conflict,0.5,0.65,0.0,0.0,20,20,129,64,65,"[0.5, 0.65]","[0.0, 0.0]",eval_50285_low_conflict.mp4,eval_50285_low.npy,49d2c23dcbcc0ab24364ce9390adedd71ca8e548bf47387a531a5311c6d1060d
projectile_gravity_v3_fixedpos_freefall,eval_50285_high_aligned,eval_50285_high,eval_50285,50285,eval,0.050649858953274486,high,0.2568117706033858,blue,aligned,0.5,0.65,0.0,0.0,20,20,129,64,65,"[0.5, 0.65]","[0.0, 0.0]",eval_50285_high_aligned.mp4,eval_50285_high.npy,49d2c23dcbcc0ab24364ce9390adedd71ca8e548bf47387a531a5311c6d1060d
projectile_gravity_v3_fixedpos_freefall,eval_50285_high_conflict,eval_50285_high,eval_50285,50285,eval,0.050649858953274486,high,0.2568117706033858,red,conflict,0.5,0.65,0.0,0.0,20,20,129,64,65,"[0.5, 0.65]","[0.0, 0.0]",eval_50285_high_conflict.mp4,eval_50285_high.npy,49d2c23dcbcc0ab24364ce9390adedd71ca8e548bf47387a531a5311c6d1060d
projectile_gravity_v3_fixedpos_freefall,eval_50286_low_aligned,eval_50286_low,eval_50286,50286,eval,0.019533362312451397,low,0.7515164687477907,red,aligned,0.5,0.65,0.0,0.0,20,20,129,64,65,"[0.5, 0.65]","[0.0, 0.0]",eval_50286_low_aligned.mp4,eval_50286_low.npy,49d2c23dcbcc0ab24364ce9390adedd71ca8e548bf47387a531a5311c6d1060d
projectile_gravity_v3_fixedpos_freefall,eval_50286_low_conflict,eval_50286_low,eval_50286,50286,eval,0.019533362312451397,low,0.7515164687477907,blue,conflict,0.5,0.65,0.0,0.0,20,20,129,64,65,"[0.5, 0.65]","[0.0, 0.0]",eval_50286_low_conflict.mp4,eval_50286_low.npy,49d2c23dcbcc0ab24364ce9390adedd71ca8e548bf47387a531a5311c6d1060d
projectile_gravity_v3_fixedpos_freefall,eval_50286_high_aligned,eval_50286_high,eval_50286,50286,eval,0.06153336231245139,high,0.7515164687477907,blue,aligned,0.5,0.65,0.0,0.0,20,20,129,64,65,"[0.5, 0.65]","[0.0, 0.0]",eval_50286_high_aligned.mp4,eval_50286_high.npy,49d2c23dcbcc0ab24364ce9390adedd71ca8e548bf47387a531a5311c6d1060d
projectile_gravity_v3_fixedpos_freefall,eval_50286_high_conflict,eval_50286_high,eval_50286,50286,eval,0.06153336231245139,high,0.7515164687477907,red,conflict,0.5,0.65,0.0,0.0,20,20,129,64,65,"[0.5, 0.65]","[0.0, 0.0]",eval_50286_high_conflict.mp4,eval_50286_high.npy,49d2c23dcbcc0ab24364ce9390adedd71ca8e548bf47387a531a5311c6d1060d
projectile_gravity_v3_fixedpos_freefall,eval_50287_low_aligned,eval_50287_low,eval_50287,50287,eval,0.02050857216562828,low,0.7958441893467401,red,aligned,0.5,0.65,0.0,0.0,20,20,129,64,65,"[0.5, 0.65]","[0.0, 0.0]",eval_50287_low_aligned.mp4,eval_50287_low.npy,49d2c23dcbcc0ab24364ce9390adedd71ca8e548bf47387a531a5311c6d1060d
projectile_gravity_v3_fixedpos_freefall,eval_50287_low_conflict,eval_50287_low,eval_50287,50287,eval,0.02050857216562828,low,0.7958441893467401,blue,conflict,0.5,0.65,0.0,0.0,20,20,129,64,65,"[0.5, 0.65]","[0.0, 0.0]",eval_50287_low_conflict.mp4,eval_50287_low.npy,49d2c23dcbcc0ab24364ce9390adedd71ca8e548bf47387a531a5311c6d1060d
projectile_gravity_v3_fixedpos_freefall,eval_50287_high_aligned,eval_50287_high,eval_50287,50287,eval,0.06250857216562829,high,0.7958441893467401,blue,aligned,0.5,0.65,0.0,0.0,20,20,129,64,65,"[0.5, 0.65]","[0.0, 0.0]",eval_50287_high_aligned.mp4,eval_50287_high.npy,49d2c23dcbcc0ab24364ce9390adedd71ca8e548bf47387a531a5311c6d1060d
projectile_gravity_v3_fixedpos_freefall,eval_50287_high_conflict,eval_50287_high,eval_50287,50287,eval,0.06250857216562829,high,0.7958441893467401,red,conflict,0.5,0.65,0.0,0.0,20,20,129,64,65,"[0.5, 0.65]","[0.0, 0.0]",eval_50287_high_conflict.mp4,eval_50287_high.npy,49d2c23dcbcc0ab24364ce9390adedd71ca8e548bf47387a531a5311c6d1060d
projectile_gravity_v3_fixedpos_freefall,eval_50288_low_aligned,eval_50288_low,eval_50288,50288,eval,0.003063736618096823,low,0.0028971190044010386,red,aligned,0.5,0.65,0.0,0.0,20,20,129,64,65,"[0.5, 0.65]","[0.0, 0.0]",eval_50288_low_aligned.mp4,eval_50288_low.npy,49d2c23dcbcc0ab24364ce9390adedd71ca8e548bf47387a531a5311c6d1060d
projectile_gravity_v3_fixedpos_freefall,eval_50288_low_conflict,eval_50288_low,eval_50288,50288,eval,0.003063736618096823,low,0.0028971190044010386,blue,conflict,0.5,0.65,0.0,0.0,20,20,129,64,65,"[0.5, 0.65]","[0.0, 0.0]",eval_50288_low_conflict.mp4,eval_50288_low.npy,49d2c23dcbcc0ab24364ce9390adedd71ca8e548bf47387a531a5311c6d1060d
projectile_gravity_v3_fixedpos_freefall,eval_50288_high_aligned,eval_50288_high,eval_50288,50288,eval,0.045063736618096824,high,0.0028971190044010386,blue,aligned,0.5,0.65,0.0,0.0,20,20,129,64,65,"[0.5, 0.65]","[0.0, 0.0]",eval_50288_high_aligned.mp4,eval_50288_high.npy,49d2c23dcbcc0ab24364ce9390adedd71ca8e548bf47387a531a5311c6d1060d
projectile_gravity_v3_fixedpos_freefall,eval_50288_high_conflict,eval_50288_high,eval_50288,50288,eval,0.045063736618096824,high,0.0028971190044010386,red,conflict,0.5,0.65,0.0,0.0,20,20,129,64,65,"[0.5, 0.65]","[0.0, 0.0]",eval_50288_high_conflict.mp4,eval_50288_high.npy,49d2c23dcbcc0ab24364ce9390adedd71ca8e548bf47387a531a5311c6d1060d
projectile_gravity_v3_fixedpos_freefall,eval_50289_low_aligned,eval_50289_low,eval_50289,50289,eval,0.005531147462119978,low,0.11505215736908991,red,aligned,0.5,0.65,0.0,0.0,20,20,129,64,65,"[0.5, 0.65]","[0.0, 0.0]",eval_50289_low_aligned.mp4,eval_50289_low.npy,49d2c23dcbcc0ab24364ce9390adedd71ca8e548bf47387a531a5311c6d1060d
projectile_gravity_v3_fixedpos_freefall,eval_50289_low_conflict,eval_50289_low,eval_50289,50289,eval,0.005531147462119978,low,0.11505215736908991,blue,conflict,0.5,0.65,0.0,0.0,20,20,129,64,65,"[0.5, 0.65]","[0.0, 0.0]",eval_50289_low_conflict.mp4,eval_50289_low.npy,49d2c23dcbcc0ab24364ce9390adedd71ca8e548bf47387a531a5311c6d1060d
projectile_gravity_v3_fixedpos_freefall,eval_50289_high_aligned,eval_50289_high,eval_50289,50289,eval,0.04753114746211998,high,0.11505215736908991,blue,aligned,0.5,0.65,0.0,0.0,20,20,129,64,65,"[0.5, 0.65]","[0.0, 0.0]",eval_50289_high_aligned.mp4,eval_50289_high.npy,49d2c23dcbcc0ab24364ce9390adedd71ca8e548bf47387a531a5311c6d1060d
projectile_gravity_v3_fixedpos_freefall,eval_50289_high_conflict,eval_50289_high,eval_50289,50289,eval,0.04753114746211998,high,0.11505215736908991,red,conflict,0.5,0.65,0.0,0.0,20,20,129,64,65,"[0.5, 0.65]","[0.0, 0.0]",eval_50289_high_conflict.mp4,eval_50289_high.npy,49d2c23dcbcc0ab24364ce9390adedd71ca8e548bf47387a531a5311c6d1060d
projectile_gravity_v3_fixedpos_freefall,eval_50290_low_aligned,eval_50290_low,eval_50290,50290,eval,0.013046781559980253,low,0.45667188909001155,red,aligned,0.5,0.65,0.0,0.0,20,20,129,64,65,"[0.5, 0.65]","[0.0, 0.0]",eval_50290_low_aligned.mp4,eval_50290_low.npy,49d2c23dcbcc0ab24364ce9390adedd71ca8e548bf47387a531a5311c6d1060d
projectile_gravity_v3_fixedpos_freefall,eval_50290_low_conflict,eval_50290_low,eval_50290,50290,eval,0.013046781559980253,low,0.45667188909001155,blue,conflict,0.5,0.65,0.0,0.0,20,20,129,64,65,"[0.5, 0.65]","[0.0, 0.0]",eval_50290_low_conflict.mp4,eval_50290_low.npy,49d2c23dcbcc0ab24364ce9390adedd71ca8e548bf47387a531a5311c6d1060d
projectile_gravity_v3_fixedpos_freefall,eval_50290_high_aligned,eval_50290_high,eval_50290,50290,eval,0.05504678155998025,high,0.45667188909001155,blue,aligned,0.5,0.65,0.0,0.0,20,20,129,64,65,"[0.5, 0.65]","[0.0, 0.0]",eval_50290_high_aligned.mp4,eval_50290_high.npy,49d2c23dcbcc0ab24364ce9390adedd71ca8e548bf47387a531a5311c6d1060d
projectile_gravity_v3_fixedpos_freefall,eval_50290_high_conflict,eval_50290_high,eval_50290,50290,eval,0.05504678155998025,high,0.45667188909001155,red,conflict,0.5,0.65,0.0,0.0,20,20,129,64,65,"[0.5, 0.65]","[0.0, 0.0]",eval_50290_high_conflict.mp4,eval_50290_high.npy,49d2c23dcbcc0ab24364ce9390adedd71ca8e548bf47387a531a5311c6d1060d
projectile_gravity_v3_fixedpos_freefall,eval_50291_low_aligned,eval_50291_low,eval_50291,50291,eval,0.0160198133311661,low,0.5918096968711862,red,aligned,0.5,0.65,0.0,0.0,20,20,129,64,65,"[0.5, 0.65]","[0.0, 0.0]",eval_50291_low_aligned.mp4,eval_50291_low.npy,49d2c23dcbcc0ab24364ce9390adedd71ca8e548bf47387a531a5311c6d1060d
projectile_gravity_v3_fixedpos_freefall,eval_50291_low_conflict,eval_50291_low,eval_50291,50291,eval,0.0160198133311661,low,0.5918096968711862,blue,conflict,0.5,0.65,0.0,0.0,20,20,129,64,65,"[0.5, 0.65]","[0.0, 0.0]",eval_50291_low_conflict.mp4,eval_50291_low.npy,49d2c23dcbcc0ab24364ce9390adedd71ca8e548bf47387a531a5311c6d1060d
projectile_gravity_v3_fixedpos_freefall,eval_50291_high_aligned,eval_50291_high,eval_50291,50291,eval,0.0580198133311661,high,0.5918096968711862,blue,aligned,0.5,0.65,0.0,0.0,20,20,129,64,65,"[0.5, 0.65]","[0.0, 0.0]",eval_50291_high_aligned.mp4,eval_50291_high.npy,49d2c23dcbcc0ab24364ce9390adedd71ca8e548bf47387a531a5311c6d1060d
projectile_gravity_v3_fixedpos_freefall,eval_50291_high_conflict,eval_50291_high,eval_50291,50291,eval,0.0580198133311661,high,0.5918096968711862,red,conflict,0.5,0.65,0.0,0.0,20,20,129,64,65,"[0.5, 0.65]","[0.0, 0.0]",eval_50291_high_conflict.mp4,eval_50291_high.npy,49d2c23dcbcc0ab24364ce9390adedd71ca8e548bf47387a531a5311c6d1060d
projectile_gravity_v3_fixedpos_freefall,eval_50292_low_aligned,eval_50292_low,eval_50292,50292,eval,0.003732307664588469,low,0.0332867120267486,red,aligned,0.5,0.65,0.0,0.0,20,20,129,64,65,"[0.5, 0.65]","[0.0, 0.0]",eval_50292_low_aligned.mp4,eval_50292_low.npy,49d2c23dcbcc0ab24364ce9390adedd71ca8e548bf47387a531a5311c6d1060d
projectile_gravity_v3_fixedpos_freefall,eval_50292_low_conflict,eval_50292_low,eval_50292,50292,eval,0.003732307664588469,low,0.0332867120267486,blue,conflict,0.5,0.65,0.0,0.0,20,20,129,64,65,"[0.5, 0.65]","[0.0, 0.0]",eval_50292_low_conflict.mp4,eval_50292_low.npy,49d2c23dcbcc0ab24364ce9390adedd71ca8e548bf47387a531a5311c6d1060d
projectile_gravity_v3_fixedpos_freefall,eval_50292_high_aligned,eval_50292_high,eval_50292,50292,eval,0.04573230766458847,high,0.0332867120267486,blue,aligned,0.5,0.65,0.0,0.0,20,20,129,64,65,"[0.5, 0.65]","[0.0, 0.0]",eval_50292_high_aligned.mp4,eval_50292_high.npy,49d2c23dcbcc0ab24364ce9390adedd71ca8e548bf47387a531a5311c6d1060d
projectile_gravity_v3_fixedpos_freefall,eval_50292_high_conflict,eval_50292_high,eval_50292,50292,eval,0.04573230766458847,high,0.0332867120267486,red,conflict,0.5,0.65,0.0,0.0,20,20,129,64,65,"[0.5, 0.65]","[0.0, 0.0]",eval_50292_high_conflict.mp4,eval_50292_high.npy,49d2c23dcbcc0ab24364ce9390adedd71ca8e548bf47387a531a5311c6d1060d
projectile_gravity_v3_fixedpos_freefall,eval_50293_low_aligned,eval_50293_low,eval_50293,50293,eval,0.006964915567285674,low,0.1802234348766215,red,aligned,0.5,0.65,0.0,0.0,20,20,129,64,65,"[0.5, 0.65]","[0.0, 0.0]",eval_50293_low_aligned.mp4,eval_50293_low.npy,49d2c23dcbcc0ab24364ce9390adedd71ca8e548bf47387a531a5311c6d1060d
projectile_gravity_v3_fixedpos_freefall,eval_50293_low_conflict,eval_50293_low,eval_50293,50293,eval,0.006964915567285674,low,0.1802234348766215,blue,conflict,0.5,0.65,0.0,0.0,20,20,129,64,65,"[0.5, 0.65]","[0.0, 0.0]",eval_50293_low_conflict.mp4,eval_50293_low.npy,49d2c23dcbcc0ab24364ce9390adedd71ca8e548bf47387a531a5311c6d1060d
projectile_gravity_v3_fixedpos_freefall,eval_50293_high_aligned,eval_50293_high,eval_50293,50293,eval,0.048964915567285675,high,0.1802234348766215,blue,aligned,0.5,0.65,0.0,0.0,20,20,129,64,65,"[0.5, 0.65]","[0.0, 0.0]",eval_50293_high_aligned.mp4,eval_50293_high.npy,49d2c23dcbcc0ab24364ce9390adedd71ca8e548bf47387a531a5311c6d1060d
projectile_gravity_v3_fixedpos_freefall,eval_50293_high_conflict,eval_50293_high,eval_50293,50293,eval,0.048964915567285675,high,0.1802234348766215,red,conflict,0.5,0.65,0.0,0.0,20,20,129,64,65,"[0.5, 0.65]","[0.0, 0.0]",eval_50293_high_conflict.mp4,eval_50293_high.npy,49d2c23dcbcc0ab24364ce9390adedd71ca8e548bf47387a531a5311c6d1060d
projectile_gravity_v3_fixedpos_freefall,eval_50294_low_aligned,eval_50294_low,eval_50294,50294,eval,0.013980489152904955,low,0.4991131433138615,red,aligned,0.5,0.65,0.0,0.0,20,20,129,64,65,"[0.5, 0.65]","[0.0, 0.0]",eval_50294_low_aligned.mp4,eval_50294_low.npy,49d2c23dcbcc0ab24364ce9390adedd71ca8e548bf47387a531a5311c6d1060d
projectile_gravity_v3_fixedpos_freefall,eval_50294_low_conflict,eval_50294_low,eval_50294,50294,eval,0.013980489152904955,low,0.4991131433138615,blue,conflict,0.5,0.65,0.0,0.0,20,20,129,64,65,"[0.5, 0.65]","[0.0, 0.0]",eval_50294_low_conflict.mp4,eval_50294_low.npy,49d2c23dcbcc0ab24364ce9390adedd71ca8e548bf47387a531a5311c6d1060d
projectile_gravity_v3_fixedpos_freefall,eval_50294_high_aligned,eval_50294_high,eval_50294,50294,eval,0.055980489152904954,high,0.4991131433138615,blue,aligned,0.5,0.65,0.0,0.0,20,20,129,64,65,"[0.5, 0.65]","[0.0, 0.0]",eval_50294_high_aligned.mp4,eval_50294_high.npy,49d2c23dcbcc0ab24364ce9390adedd71ca8e548bf47387a531a5311c6d1060d
projectile_gravity_v3_fixedpos_freefall,eval_50294_high_conflict,eval_50294_high,eval_50294,50294,eval,0.055980489152904954,high,0.4991131433138615,red,conflict,0.5,0.65,0.0,0.0,20,20,129,64,65,"[0.5, 0.65]","[0.0, 0.0]",eval_50294_high_conflict.mp4,eval_50294_high.npy,49d2c23dcbcc0ab24364ce9390adedd71ca8e548bf47387a531a5311c6d1060d
projectile_gravity_v3_fixedpos_freefall,eval_50295_low_aligned,eval_50295_low,eval_50295,50295,eval,0.016188035206049136,low,0.5994561457295061,red,aligned,0.5,0.65,0.0,0.0,20,20,129,64,65,"[0.5, 0.65]","[0.0, 0.0]",eval_50295_low_aligned.mp4,eval_50295_low.npy,49d2c23dcbcc0ab24364ce9390adedd71ca8e548bf47387a531a5311c6d1060d
projectile_gravity_v3_fixedpos_freefall,eval_50295_low_conflict,eval_50295_low,eval_50295,50295,eval,0.016188035206049136,low,0.5994561457295061,blue,conflict,0.5,0.65,0.0,0.0,20,20,129,64,65,"[0.5, 0.65]","[0.0, 0.0]",eval_50295_low_conflict.mp4,eval_50295_low.npy,49d2c23dcbcc0ab24364ce9390adedd71ca8e548bf47387a531a5311c6d1060d
projectile_gravity_v3_fixedpos_freefall,eval_50295_high_aligned,eval_50295_high,eval_50295,50295,eval,0.058188035206049135,high,0.5994561457295061,blue,aligned,0.5,0.65,0.0,0.0,20,20,129,64,65,"[0.5, 0.65]","[0.0, 0.0]",eval_50295_high_aligned.mp4,eval_50295_high.npy,49d2c23dcbcc0ab24364ce9390adedd71ca8e548bf47387a531a5311c6d1060d
projectile_gravity_v3_fixedpos_freefall,eval_50295_high_conflict,eval_50295_high,eval_50295,50295,eval,0.058188035206049135,high,0.5994561457295061,red,conflict,0.5,0.65,0.0,0.0,20,20,129,64,65,"[0.5, 0.65]","[0.0, 0.0]",eval_50295_high_conflict.mp4,eval_50295_high.npy,49d2c23dcbcc0ab24364ce9390adedd71ca8e548bf47387a531a5311c6d1060d
projectile_gravity_v3_fixedpos_freefall,eval_50296_low_aligned,eval_50296_low,eval_50296,50296,eval,0.004911893490069298,low,0.08690424954860443,red,aligned,0.5,0.65,0.0,0.0,20,20,129,64,65,"[0.5, 0.65]","[0.0, 0.0]",eval_50296_low_aligned.mp4,eval_50296_low.npy,49d2c23dcbcc0ab24364ce9390adedd71ca8e548bf47387a531a5311c6d1060d
projectile_gravity_v3_fixedpos_freefall,eval_50296_low_conflict,eval_50296_low,eval_50296,50296,eval,0.004911893490069298,low,0.08690424954860443,blue,conflict,0.5,0.65,0.0,0.0,20,20,129,64,65,"[0.5, 0.65]","[0.0, 0.0]",eval_50296_low_conflict.mp4,eval_50296_low.npy,49d2c23dcbcc0ab24364ce9390adedd71ca8e548bf47387a531a5311c6d1060d
projectile_gravity_v3_fixedpos_freefall,eval_50296_high_aligned,eval_50296_high,eval_50296,50296,eval,0.046911893490069294,high,0.08690424954860443,blue,aligned,0.5,0.65,0.0,0.0,20,20,129,64,65,"[0.5, 0.65]","[0.0, 0.0]",eval_50296_high_aligned.mp4,eval_50296_high.npy,49d2c23dcbcc0ab24364ce9390adedd71ca8e548bf47387a531a5311c6d1060d
projectile_gravity_v3_fixedpos_freefall,eval_50296_high_conflict,eval_50296_high,eval_50296,50296,eval,0.046911893490069294,high,0.08690424954860443,red,conflict,0.5,0.65,0.0,0.0,20,20,129,64,65,"[0.5, 0.65]","[0.0, 0.0]",eval_50296_high_conflict.mp4,eval_50296_high.npy,49d2c23dcbcc0ab24364ce9390adedd71ca8e548bf47387a531a5311c6d1060d
projectile_gravity_v3_fixedpos_freefall,eval_50297_low_aligned,eval_50297_low,eval_50297,50297,eval,0.01237733009780552,low,0.42624227717297813,red,aligned,0.5,0.65,0.0,0.0,20,20,129,64,65,"[0.5, 0.65]","[0.0, 0.0]",eval_50297_low_aligned.mp4,eval_50297_low.npy,49d2c23dcbcc0ab24364ce9390adedd71ca8e548bf47387a531a5311c6d1060d
projectile_gravity_v3_fixedpos_freefall,eval_50297_low_conflict,eval_50297_low,eval_50297,50297,eval,0.01237733009780552,low,0.42624227717297813,blue,conflict,0.5,0.65,0.0,0.0,20,20,129,64,65,"[0.5, 0.65]","[0.0, 0.0]",eval_50297_low_conflict.mp4,eval_50297_low.npy,49d2c23dcbcc0ab24364ce9390adedd71ca8e548bf47387a531a5311c6d1060d
projectile_gravity_v3_fixedpos_freefall,eval_50297_high_aligned,eval_50297_high,eval_50297,50297,eval,0.05437733009780552,high,0.42624227717297813,blue,aligned,0.5,0.65,0.0,0.0,20,20,129,64,65,"[0.5, 0.65]","[0.0, 0.0]",eval_50297_high_aligned.mp4,eval_50297_high.npy,49d2c23dcbcc0ab24364ce9390adedd71ca8e548bf47387a531a5311c6d1060d
projectile_gravity_v3_fixedpos_freefall,eval_50297_high_conflict,eval_50297_high,eval_50297,50297,eval,0.05437733009780552,high,0.42624227717297813,red,conflict,0.5,0.65,0.0,0.0,20,20,129,64,65,"[0.5, 0.65]","[0.0, 0.0]",eval_50297_high_conflict.mp4,eval_50297_high.npy,49d2c23dcbcc0ab24364ce9390adedd71ca8e548bf47387a531a5311c6d1060d
projectile_gravity_v3_fixedpos_freefall,eval_50298_low_aligned,eval_50298_low,eval_50298,50298,eval,0.01522716962311263,low,0.5557804374142105,red,aligned,0.5,0.65,0.0,0.0,20,20,129,64,65,"[0.5, 0.65]","[0.0, 0.0]",eval_50298_low_aligned.mp4,eval_50298_low.npy,49d2c23dcbcc0ab24364ce9390adedd71ca8e548bf47387a531a5311c6d1060d
projectile_gravity_v3_fixedpos_freefall,eval_50298_low_conflict,eval_50298_low,eval_50298,50298,eval,0.01522716962311263,low,0.5557804374142105,blue,conflict,0.5,0.65,0.0,0.0,20,20,129,64,65,"[0.5, 0.65]","[0.0, 0.0]",eval_50298_low_conflict.mp4,eval_50298_low.npy,49d2c23dcbcc0ab24364ce9390adedd71ca8e548bf47387a531a5311c6d1060d
projectile_gravity_v3_fixedpos_freefall,eval_50298_high_aligned,eval_50298_high,eval_50298,50298,eval,0.05722716962311263,high,0.5557804374142105,blue,aligned,0.5,0.65,0.0,0.0,20,20,129,64,65,"[0.5, 0.65]","[0.0, 0.0]",eval_50298_high_aligned.mp4,eval_50298_high.npy,49d2c23dcbcc0ab24364ce9390adedd71ca8e548bf47387a531a5311c6d1060d
projectile_gravity_v3_fixedpos_freefall,eval_50298_high_conflict,eval_50298_high,eval_50298,50298,eval,0.05722716962311263,high,0.5557804374142105,red,conflict,0.5,0.65,0.0,0.0,20,20,129,64,65,"[0.5, 0.65]","[0.0, 0.0]",eval_50298_high_conflict.mp4,eval_50298_high.npy,49d2c23dcbcc0ab24364ce9390adedd71ca8e548bf47387a531a5311c6d1060d
projectile_gravity_v3_fixedpos_freefall,eval_50299_low_aligned,eval_50299_low,eval_50299,50299,eval,0.012054687519959448,low,0.4115767054527021,red,aligned,0.5,0.65,0.0,0.0,20,20,129,64,65,"[0.5, 0.65]","[0.0, 0.0]",eval_50299_low_aligned.mp4,eval_50299_low.npy,49d2c23dcbcc0ab24364ce9390adedd71ca8e548bf47387a531a5311c6d1060d
projectile_gravity_v3_fixedpos_freefall,eval_50299_low_conflict,eval_50299_low,eval_50299,50299,eval,0.012054687519959448,low,0.4115767054527021,blue,conflict,0.5,0.65,0.0,0.0,20,20,129,64,65,"[0.5, 0.65]","[0.0, 0.0]",eval_50299_low_conflict.mp4,eval_50299_low.npy,49d2c23dcbcc0ab24364ce9390adedd71ca8e548bf47387a531a5311c6d1060d
projectile_gravity_v3_fixedpos_freefall,eval_50299_high_aligned,eval_50299_high,eval_50299,50299,eval,0.05405468751995945,high,0.4115767054527021,blue,aligned,0.5,0.65,0.0,0.0,20,20,129,64,65,"[0.5, 0.65]","[0.0, 0.0]",eval_50299_high_aligned.mp4,eval_50299_high.npy,49d2c23dcbcc0ab24364ce9390adedd71ca8e548bf47387a531a5311c6d1060d
projectile_gravity_v3_fixedpos_freefall,eval_50299_high_conflict,eval_50299_high,eval_50299,50299,eval,0.05405468751995945,high,0.4115767054527021,red,conflict,0.5,0.65,0.0,0.0,20,20,129,64,65,"[0.5, 0.65]","[0.0, 0.0]",eval_50299_high_conflict.mp4,eval_50299_high.npy,49d2c23dcbcc0ab24364ce9390adedd71ca8e548bf47387a531a5311c6d1060d
projectile_gravity_v3_fixedpos_freefall,eval_50300_low_aligned,eval_50300_low,eval_50300,50300,eval,0.006517293775313102,low,0.1598769897869592,red,aligned,0.5,0.65,0.0,0.0,20,20,129,64,65,"[0.5, 0.65]","[0.0, 0.0]",eval_50300_low_aligned.mp4,eval_50300_low.npy,49d2c23dcbcc0ab24364ce9390adedd71ca8e548bf47387a531a5311c6d1060d
projectile_gravity_v3_fixedpos_freefall,eval_50300_low_conflict,eval_50300_low,eval_50300,50300,eval,0.006517293775313102,low,0.1598769897869592,blue,conflict,0.5,0.65,0.0,0.0,20,20,129,64,65,"[0.5, 0.65]","[0.0, 0.0]",eval_50300_low_conflict.mp4,eval_50300_low.npy,49d2c23dcbcc0ab24364ce9390adedd71ca8e548bf47387a531a5311c6d1060d
projectile_gravity_v3_fixedpos_freefall,eval_50300_high_aligned,eval_50300_high,eval_50300,50300,eval,0.0485172937753131,high,0.1598769897869592,blue,aligned,0.5,0.65,0.0,0.0,20,20,129,64,65,"[0.5, 0.65]","[0.0, 0.0]",eval_50300_high_aligned.mp4,eval_50300_high.npy,49d2c23dcbcc0ab24364ce9390adedd71ca8e548bf47387a531a5311c6d1060d
projectile_gravity_v3_fixedpos_freefall,eval_50300_high_conflict,eval_50300_high,eval_50300,50300,eval,0.0485172937753131,high,0.1598769897869592,red,conflict,0.5,0.65,0.0,0.0,20,20,129,64,65,"[0.5, 0.65]","[0.0, 0.0]",eval_50300_high_conflict.mp4,eval_50300_high.npy,49d2c23dcbcc0ab24364ce9390adedd71ca8e548bf47387a531a5311c6d1060d
projectile_gravity_v3_fixedpos_freefall,eval_50301_low_aligned,eval_50301_low,eval_50301,50301,eval,0.024882556512776866,low,0.9946616596716756,red,aligned,0.5,0.65,0.0,0.0,20,20,129,64,65,"[0.5, 0.65]","[0.0, 0.0]",eval_50301_low_aligned.mp4,eval_50301_low.npy,49d2c23dcbcc0ab24364ce9390adedd71ca8e548bf47387a531a5311c6d1060d
projectile_gravity_v3_fixedpos_freefall,eval_50301_low_conflict,eval_50301_low,eval_50301,50301,eval,0.024882556512776866,low,0.9946616596716756,blue,conflict,0.5,0.65,0.0,0.0,20,20,129,64,65,"[0.5, 0.65]","[0.0, 0.0]",eval_50301_low_conflict.mp4,eval_50301_low.npy,49d2c23dcbcc0ab24364ce9390adedd71ca8e548bf47387a531a5311c6d1060d
projectile_gravity_v3_fixedpos_freefall,eval_50301_high_aligned,eval_50301_high,eval_50301,50301,eval,0.06688255651277687,high,0.9946616596716756,blue,aligned,0.5,0.65,0.0,0.0,20,20,129,64,65,"[0.5, 0.65]","[0.0, 0.0]",eval_50301_high_aligned.mp4,eval_50301_high.npy,49d2c23dcbcc0ab24364ce9390adedd71ca8e548bf47387a531a5311c6d1060d
projectile_gravity_v3_fixedpos_freefall,eval_50301_high_conflict,eval_50301_high,eval_50301,50301,eval,0.06688255651277687,high,0.9946616596716756,red,conflict,0.5,0.65,0.0,0.0,20,20,129,64,65,"[0.5, 0.65]","[0.0, 0.0]",eval_50301_high_conflict.mp4,eval_50301_high.npy,49d2c23dcbcc0ab24364ce9390adedd71ca8e548bf47387a531a5311c6d1060d
projectile_gravity_v3_fixedpos_freefall,eval_50302_low_aligned,eval_50302_low,eval_50302,50302,eval,0.020033943825197905,low,0.7742701738726321,red,aligned,0.5,0.65,0.0,0.0,20,20,129,64,65,"[0.5, 0.65]","[0.0, 0.0]",eval_50302_low_aligned.mp4,eval_50302_low.npy,49d2c23dcbcc0ab24364ce9390adedd71ca8e548bf47387a531a5311c6d1060d
projectile_gravity_v3_fixedpos_freefall,eval_50302_low_conflict,eval_50302_low,eval_50302,50302,eval,0.020033943825197905,low,0.7742701738726321,blue,conflict,0.5,0.65,0.0,0.0,20,20,129,64,65,"[0.5, 0.65]","[0.0, 0.0]",eval_50302_low_conflict.mp4,eval_50302_low.npy,49d2c23dcbcc0ab24364ce9390adedd71ca8e548bf47387a531a5311c6d1060d
projectile_gravity_v3_fixedpos_freefall,eval_50302_high_aligned,eval_50302_high,eval_50302,50302,eval,0.062033943825197904,high,0.7742701738726321,blue,aligned,0.5,0.65,0.0,0.0,20,20,129,64,65,"[0.5, 0.65]","[0.0, 0.0]",eval_50302_high_aligned.mp4,eval_50302_high.npy,49d2c23dcbcc0ab24364ce9390adedd71ca8e548bf47387a531a5311c6d1060d
projectile_gravity_v3_fixedpos_freefall,eval_50302_high_conflict,eval_50302_high,eval_50302,50302,eval,0.062033943825197904,high,0.7742701738726321,red,conflict,0.5,0.65,0.0,0.0,20,20,129,64,65,"[0.5, 0.65]","[0.0, 0.0]",eval_50302_high_conflict.mp4,eval_50302_high.npy,49d2c23dcbcc0ab24364ce9390adedd71ca8e548bf47387a531a5311c6d1060d
projectile_gravity_v3_fixedpos_freefall,eval_50303_low_aligned,eval_50303_low,eval_50303,50303,eval,0.01739184871434714,low,0.6541749415612335,red,aligned,0.5,0.65,0.0,0.0,20,20,129,64,65,"[0.5, 0.65]","[0.0, 0.0]",eval_50303_low_aligned.mp4,eval_50303_low.npy,49d2c23dcbcc0ab24364ce9390adedd71ca8e548bf47387a531a5311c6d1060d
projectile_gravity_v3_fixedpos_freefall,eval_50303_low_conflict,eval_50303_low,eval_50303,50303,eval,0.01739184871434714,low,0.6541749415612335,blue,conflict,0.5,0.65,0.0,0.0,20,20,129,64,65,"[0.5, 0.65]","[0.0, 0.0]",eval_50303_low_conflict.mp4,eval_50303_low.npy,49d2c23dcbcc0ab24364ce9390adedd71ca8e548bf47387a531a5311c6d1060d
projectile_gravity_v3_fixedpos_freefall,eval_50303_high_aligned,eval_50303_high,eval_50303,50303,eval,0.059391848714347134,high,0.6541749415612335,blue,aligned,0.5,0.65,0.0,0.0,20,20,129,64,65,"[0.5, 0.65]","[0.0, 0.0]",eval_50303_high_aligned.mp4,eval_50303_high.npy,49d2c23dcbcc0ab24364ce9390adedd71ca8e548bf47387a531a5311c6d1060d
projectile_gravity_v3_fixedpos_freefall,eval_50303_high_conflict,eval_50303_high,eval_50303,50303,eval,0.059391848714347134,high,0.6541749415612335,red,conflict,0.5,0.65,0.0,0.0,20,20,129,64,65,"[0.5, 0.65]","[0.0, 0.0]",eval_50303_high_conflict.mp4,eval_50303_high.npy,49d2c23dcbcc0ab24364ce9390adedd71ca8e548bf47387a531a5311c6d1060d
projectile_gravity_v3_fixedpos_freefall,eval_50304_low_aligned,eval_50304_low,eval_50304,50304,eval,0.005343309461952666,low,0.10651406645239392,red,aligned,0.5,0.65,0.0,0.0,20,20,129,64,65,"[0.5, 0.65]","[0.0, 0.0]",eval_50304_low_aligned.mp4,eval_50304_low.npy,49d2c23dcbcc0ab24364ce9390adedd71ca8e548bf47387a531a5311c6d1060d
projectile_gravity_v3_fixedpos_freefall,eval_50304_low_conflict,eval_50304_low,eval_50304,50304,eval,0.005343309461952666,low,0.10651406645239392,blue,conflict,0.5,0.65,0.0,0.0,20,20,129,64,65,"[0.5, 0.65]","[0.0, 0.0]",eval_50304_low_conflict.mp4,eval_50304_low.npy,49d2c23dcbcc0ab24364ce9390adedd71ca8e548bf47387a531a5311c6d1060d
projectile_gravity_v3_fixedpos_freefall,eval_50304_high_aligned,eval_50304_high,eval_50304,50304,eval,0.047343309461952664,high,0.10651406645239392,blue,aligned,0.5,0.65,0.0,0.0,20,20,129,64,65,"[0.5, 0.65]","[0.0, 0.0]",eval_50304_high_aligned.mp4,eval_50304_high.npy,49d2c23dcbcc0ab24364ce9390adedd71ca8e548bf47387a531a5311c6d1060d
projectile_gravity_v3_fixedpos_freefall,eval_50304_high_conflict,eval_50304_high,eval_50304,50304,eval,0.047343309461952664,high,0.10651406645239392,red,conflict,0.5,0.65,0.0,0.0,20,20,129,64,65,"[0.5, 0.65]","[0.0, 0.0]",eval_50304_high_conflict.mp4,eval_50304_high.npy,49d2c23dcbcc0ab24364ce9390adedd71ca8e548bf47387a531a5311c6d1060d
projectile_gravity_v3_fixedpos_freefall,eval_50305_low_aligned,eval_50305_low,eval_50305,50305,eval,0.012543004433214437,low,0.4337729287824743,red,aligned,0.5,0.65,0.0,0.0,20,20,129,64,65,"[0.5, 0.65]","[0.0, 0.0]",eval_50305_low_aligned.mp4,eval_50305_low.npy,49d2c23dcbcc0ab24364ce9390adedd71ca8e548bf47387a531a5311c6d1060d
projectile_gravity_v3_fixedpos_freefall,eval_50305_low_conflict,eval_50305_low,eval_50305,50305,eval,0.012543004433214437,low,0.4337729287824743,blue,conflict,0.5,0.65,0.0,0.0,20,20,129,64,65,"[0.5, 0.65]","[0.0, 0.0]",eval_50305_low_conflict.mp4,eval_50305_low.npy,49d2c23dcbcc0ab24364ce9390adedd71ca8e548bf47387a531a5311c6d1060d
projectile_gravity_v3_fixedpos_freefall,eval_50305_high_aligned,eval_50305_high,eval_50305,50305,eval,0.054543004433214436,high,0.4337729287824743,blue,aligned,0.5,0.65,0.0,0.0,20,20,129,64,65,"[0.5, 0.65]","[0.0, 0.0]",eval_50305_high_aligned.mp4,eval_50305_high.npy,49d2c23dcbcc0ab24364ce9390adedd71ca8e548bf47387a531a5311c6d1060d
projectile_gravity_v3_fixedpos_freefall,eval_50305_high_conflict,eval_50305_high,eval_50305,50305,eval,0.054543004433214436,high,0.4337729287824743,red,conflict,0.5,0.65,0.0,0.0,20,20,129,64,65,"[0.5, 0.65]","[0.0, 0.0]",eval_50305_high_conflict.mp4,eval_50305_high.npy,49d2c23dcbcc0ab24364ce9390adedd71ca8e548bf47387a531a5311c6d1060d
projectile_gravity_v3_fixedpos_freefall,eval_50306_low_aligned,eval_50306_low,eval_50306,50306,eval,0.004591784435635975,low,0.0723538379834534,red,aligned,0.5,0.65,0.0,0.0,20,20,129,64,65,"[0.5, 0.65]","[0.0, 0.0]",eval_50306_low_aligned.mp4,eval_50306_low.npy,49d2c23dcbcc0ab24364ce9390adedd71ca8e548bf47387a531a5311c6d1060d
projectile_gravity_v3_fixedpos_freefall,eval_50306_low_conflict,eval_50306_low,eval_50306,50306,eval,0.004591784435635975,low,0.0723538379834534,blue,conflict,0.5,0.65,0.0,0.0,20,20,129,64,65,"[0.5, 0.65]","[0.0, 0.0]",eval_50306_low_conflict.mp4,eval_50306_low.npy,49d2c23dcbcc0ab24364ce9390adedd71ca8e548bf47387a531a5311c6d1060d
projectile_gravity_v3_fixedpos_freefall,eval_50306_high_aligned,eval_50306_high,eval_50306,50306,eval,0.046591784435635976,high,0.0723538379834534,blue,aligned,0.5,0.65,0.0,0.0,20,20,129,64,65,"[0.5, 0.65]","[0.0, 0.0]",eval_50306_high_aligned.mp4,eval_50306_high.npy,49d2c23dcbcc0ab24364ce9390adedd71ca8e548bf47387a531a5311c6d1060d
projectile_gravity_v3_fixedpos_freefall,eval_50306_high_conflict,eval_50306_high,eval_50306,50306,eval,0.046591784435635976,high,0.0723538379834534,red,conflict,0.5,0.65,0.0,0.0,20,20,129,64,65,"[0.5, 0.65]","[0.0, 0.0]",eval_50306_high_conflict.mp4,eval_50306_high.npy,49d2c23dcbcc0ab24364ce9390adedd71ca8e548bf47387a531a5311c6d1060d
projectile_gravity_v3_fixedpos_freefall,eval_50307_low_aligned,eval_50307_low,eval_50307,50307,eval,0.023652784713998596,low,0.9387629415453906,red,aligned,0.5,0.65,0.0,0.0,20,20,129,64,65,"[0.5, 0.65]","[0.0, 0.0]",eval_50307_low_aligned.mp4,eval_50307_low.npy,49d2c23dcbcc0ab24364ce9390adedd71ca8e548bf47387a531a5311c6d1060d
projectile_gravity_v3_fixedpos_freefall,eval_50307_low_conflict,eval_50307_low,eval_50307,50307,eval,0.023652784713998596,low,0.9387629415453906,blue,conflict,0.5,0.65,0.0,0.0,20,20,129,64,65,"[0.5, 0.65]","[0.0, 0.0]",eval_50307_low_conflict.mp4,eval_50307_low.npy,49d2c23dcbcc0ab24364ce9390adedd71ca8e548bf47387a531a5311c6d1060d
projectile_gravity_v3_fixedpos_freefall,eval_50307_high_aligned,eval_50307_high,eval_50307,50307,eval,0.0656527847139986,high,0.9387629415453906,blue,aligned,0.5,0.65,0.0,0.0,20,20,129,64,65,"[0.5, 0.65]","[0.0, 0.0]",eval_50307_high_aligned.mp4,eval_50307_high.npy,49d2c23dcbcc0ab24364ce9390adedd71ca8e548bf47387a531a5311c6d1060d
projectile_gravity_v3_fixedpos_freefall,eval_50307_high_conflict,eval_50307_high,eval_50307,50307,eval,0.0656527847139986,high,0.9387629415453906,red,conflict,0.5,0.65,0.0,0.0,20,20,129,64,65,"[0.5, 0.65]","[0.0, 0.0]",eval_50307_high_conflict.mp4,eval_50307_high.npy,49d2c23dcbcc0ab24364ce9390adedd71ca8e548bf47387a531a5311c6d1060d
projectile_gravity_v3_fixedpos_freefall,eval_50308_low_aligned,eval_50308_low,eval_50308,50308,eval,0.007236293156049693,low,0.19255877982044056,red,aligned,0.5,0.65,0.0,0.0,20,20,129,64,65,"[0.5, 0.65]","[0.0, 0.0]",eval_50308_low_aligned.mp4,eval_50308_low.npy,49d2c23dcbcc0ab24364ce9390adedd71ca8e548bf47387a531a5311c6d1060d
projectile_gravity_v3_fixedpos_freefall,eval_50308_low_conflict,eval_50308_low,eval_50308,50308,eval,0.007236293156049693,low,0.19255877982044056,blue,conflict,0.5,0.65,0.0,0.0,20,20,129,64,65,"[0.5, 0.65]","[0.0, 0.0]",eval_50308_low_conflict.mp4,eval_50308_low.npy,49d2c23dcbcc0ab24364ce9390adedd71ca8e548bf47387a531a5311c6d1060d
projectile_gravity_v3_fixedpos_freefall,eval_50308_high_aligned,eval_50308_high,eval_50308,50308,eval,0.049236293156049694,high,0.19255877982044056,blue,aligned,0.5,0.65,0.0,0.0,20,20,129,64,65,"[0.5, 0.65]","[0.0, 0.0]",eval_50308_high_aligned.mp4,eval_50308_high.npy,49d2c23dcbcc0ab24364ce9390adedd71ca8e548bf47387a531a5311c6d1060d
projectile_gravity_v3_fixedpos_freefall,eval_50308_high_conflict,eval_50308_high,eval_50308,50308,eval,0.049236293156049694,high,0.19255877982044056,red,conflict,0.5,0.65,0.0,0.0,20,20,129,64,65,"[0.5, 0.65]","[0.0, 0.0]",eval_50308_high_conflict.mp4,eval_50308_high.npy,49d2c23dcbcc0ab24364ce9390adedd71ca8e548bf47387a531a5311c6d1060d
projectile_gravity_v3_fixedpos_freefall,eval_50309_low_aligned,eval_50309_low,eval_50309,50309,eval,0.019630827259616755,low,0.7559466936189434,red,aligned,0.5,0.65,0.0,0.0,20,20,129,64,65,"[0.5, 0.65]","[0.0, 0.0]",eval_50309_low_aligned.mp4,eval_50309_low.npy,49d2c23dcbcc0ab24364ce9390adedd71ca8e548bf47387a531a5311c6d1060d
projectile_gravity_v3_fixedpos_freefall,eval_50309_low_conflict,eval_50309_low,eval_50309,50309,eval,0.019630827259616755,low,0.7559466936189434,blue,conflict,0.5,0.65,0.0,0.0,20,20,129,64,65,"[0.5, 0.65]","[0.0, 0.0]",eval_50309_low_conflict.mp4,eval_50309_low.npy,49d2c23dcbcc0ab24364ce9390adedd71ca8e548bf47387a531a5311c6d1060d
projectile_gravity_v3_fixedpos_freefall,eval_50309_high_aligned,eval_50309_high,eval_50309,50309,eval,0.06163082725961676,high,0.7559466936189434,blue,aligned,0.5,0.65,0.0,0.0,20,20,129,64,65,"[0.5, 0.65]","[0.0, 0.0]",eval_50309_high_aligned.mp4,eval_50309_high.npy,49d2c23dcbcc0ab24364ce9390adedd71ca8e548bf47387a531a5311c6d1060d
projectile_gravity_v3_fixedpos_freefall,eval_50309_high_conflict,eval_50309_high,eval_50309,50309,eval,0.06163082725961676,high,0.7559466936189434,red,conflict,0.5,0.65,0.0,0.0,20,20,129,64,65,"[0.5, 0.65]","[0.0, 0.0]",eval_50309_high_conflict.mp4,eval_50309_high.npy,49d2c23dcbcc0ab24364ce9390adedd71ca8e548bf47387a531a5311c6d1060d
projectile_gravity_v3_fixedpos_freefall,eval_50310_low_aligned,eval_50310_low,eval_50310,50310,eval,0.003833560764685914,low,0.037889125667541546,red,aligned,0.5,0.65,0.0,0.0,20,20,129,64,65,"[0.5, 0.65]","[0.0, 0.0]",eval_50310_low_aligned.mp4,eval_50310_low.npy,49d2c23dcbcc0ab24364ce9390adedd71ca8e548bf47387a531a5311c6d1060d
projectile_gravity_v3_fixedpos_freefall,eval_50310_low_conflict,eval_50310_low,eval_50310,50310,eval,0.003833560764685914,low,0.037889125667541546,blue,conflict,0.5,0.65,0.0,0.0,20,20,129,64,65,"[0.5, 0.65]","[0.0, 0.0]",eval_50310_low_conflict.mp4,eval_50310_low.npy,49d2c23dcbcc0ab24364ce9390adedd71ca8e548bf47387a531a5311c6d1060d
projectile_gravity_v3_fixedpos_freefall,eval_50310_high_aligned,eval_50310_high,eval_50310,50310,eval,0.045833560764685914,high,0.037889125667541546,blue,aligned,0.5,0.65,0.0,0.0,20,20,129,64,65,"[0.5, 0.65]","[0.0, 0.0]",eval_50310_high_aligned.mp4,eval_50310_high.npy,49d2c23dcbcc0ab24364ce9390adedd71ca8e548bf47387a531a5311c6d1060d
projectile_gravity_v3_fixedpos_freefall,eval_50310_high_conflict,eval_50310_high,eval_50310,50310,eval,0.045833560764685914,high,0.037889125667541546,red,conflict,0.5,0.65,0.0,0.0,20,20,129,64,65,"[0.5, 0.65]","[0.0, 0.0]",eval_50310_high_conflict.mp4,eval_50310_high.npy,49d2c23dcbcc0ab24364ce9390adedd71ca8e548bf47387a531a5311c6d1060d
projectile_gravity_v3_fixedpos_freefall,eval_50311_low_aligned,eval_50311_low,eval_50311,50311,eval,0.02141799987234451,low,0.8371818123792959,red,aligned,0.5,0.65,0.0,0.0,20,20,129,64,65,"[0.5, 0.65]","[0.0, 0.0]",eval_50311_low_aligned.mp4,eval_50311_low.npy,49d2c23dcbcc0ab24364ce9390adedd71ca8e548bf47387a531a5311c6d1060d
projectile_gravity_v3_fixedpos_freefall,eval_50311_low_conflict,eval_50311_low,eval_50311,50311,eval,0.02141799987234451,low,0.8371818123792959,blue,conflict,0.5,0.65,0.0,0.0,20,20,129,64,65,"[0.5, 0.65]","[0.0, 0.0]",eval_50311_low_conflict.mp4,eval_50311_low.npy,49d2c23dcbcc0ab24364ce9390adedd71ca8e548bf47387a531a5311c6d1060d
projectile_gravity_v3_fixedpos_freefall,eval_50311_high_aligned,eval_50311_high,eval_50311,50311,eval,0.0634179998723445,high,0.8371818123792959,blue,aligned,0.5,0.65,0.0,0.0,20,20,129,64,65,"[0.5, 0.65]","[0.0, 0.0]",eval_50311_high_aligned.mp4,eval_50311_high.npy,49d2c23dcbcc0ab24364ce9390adedd71ca8e548bf47387a531a5311c6d1060d
projectile_gravity_v3_fixedpos_freefall,eval_50311_high_conflict,eval_50311_high,eval_50311,50311,eval,0.0634179998723445,high,0.8371818123792959,red,conflict,0.5,0.65,0.0,0.0,20,20,129,64,65,"[0.5, 0.65]","[0.0, 0.0]",eval_50311_high_conflict.mp4,eval_50311_high.npy,49d2c23dcbcc0ab24364ce9390adedd71ca8e548bf47387a531a5311c6d1060d
projectile_gravity_v3_fixedpos_freefall,eval_50312_low_aligned,eval_50312_low,eval_50312,50312,eval,0.018351812575718395,low,0.6978096625326543,red,aligned,0.5,0.65,0.0,0.0,20,20,129,64,65,"[0.5, 0.65]","[0.0, 0.0]",eval_50312_low_aligned.mp4,eval_50312_low.npy,49d2c23dcbcc0ab24364ce9390adedd71ca8e548bf47387a531a5311c6d1060d
projectile_gravity_v3_fixedpos_freefall,eval_50312_low_conflict,eval_50312_low,eval_50312,50312,eval,0.018351812575718395,low,0.6978096625326543,blue,conflict,0.5,0.65,0.0,0.0,20,20,129,64,65,"[0.5, 0.65]","[0.0, 0.0]",eval_50312_low_conflict.mp4,eval_50312_low.npy,49d2c23dcbcc0ab24364ce9390adedd71ca8e548bf47387a531a5311c6d1060d
projectile_gravity_v3_fixedpos_freefall,eval_50312_high_aligned,eval_50312_high,eval_50312,50312,eval,0.060351812575718394,high,0.6978096625326543,blue,aligned,0.5,0.65,0.0,0.0,20,20,129,64,65,"[0.5, 0.65]","[0.0, 0.0]",eval_50312_high_aligned.mp4,eval_50312_high.npy,49d2c23dcbcc0ab24364ce9390adedd71ca8e548bf47387a531a5311c6d1060d
projectile_gravity_v3_fixedpos_freefall,eval_50312_high_conflict,eval_50312_high,eval_50312,50312,eval,0.060351812575718394,high,0.6978096625326543,red,conflict,0.5,0.65,0.0,0.0,20,20,129,64,65,"[0.5, 0.65]","[0.0, 0.0]",eval_50312_high_conflict.mp4,eval_50312_high.npy,49d2c23dcbcc0ab24364ce9390adedd71ca8e548bf47387a531a5311c6d1060d
projectile_gravity_v3_fixedpos_freefall,eval_50313_low_aligned,eval_50313_low,eval_50313,50313,eval,0.015171393088071257,low,0.5532451403668753,red,aligned,0.5,0.65,0.0,0.0,20,20,129,64,65,"[0.5, 0.65]","[0.0, 0.0]",eval_50313_low_aligned.mp4,eval_50313_low.npy,49d2c23dcbcc0ab24364ce9390adedd71ca8e548bf47387a531a5311c6d1060d
projectile_gravity_v3_fixedpos_freefall,eval_50313_low_conflict,eval_50313_low,eval_50313,50313,eval,0.015171393088071257,low,0.5532451403668753,blue,conflict,0.5,0.65,0.0,0.0,20,20,129,64,65,"[0.5, 0.65]","[0.0, 0.0]",eval_50313_low_conflict.mp4,eval_50313_low.npy,49d2c23dcbcc0ab24364ce9390adedd71ca8e548bf47387a531a5311c6d1060d
projectile_gravity_v3_fixedpos_freefall,eval_50313_high_aligned,eval_50313_high,eval_50313,50313,eval,0.05717139308807126,high,0.5532451403668753,blue,aligned,0.5,0.65,0.0,0.0,20,20,129,64,65,"[0.5, 0.65]","[0.0, 0.0]",eval_50313_high_aligned.mp4,eval_50313_high.npy,49d2c23dcbcc0ab24364ce9390adedd71ca8e548bf47387a531a5311c6d1060d
projectile_gravity_v3_fixedpos_freefall,eval_50313_high_conflict,eval_50313_high,eval_50313,50313,eval,0.05717139308807126,high,0.5532451403668753,red,conflict,0.5,0.65,0.0,0.0,20,20,129,64,65,"[0.5, 0.65]","[0.0, 0.0]",eval_50313_high_conflict.mp4,eval_50313_high.npy,49d2c23dcbcc0ab24364ce9390adedd71ca8e548bf47387a531a5311c6d1060d
projectile_gravity_v3_fixedpos_freefall,eval_50314_low_aligned,eval_50314_low,eval_50314,50314,eval,0.02465965524373195,low,0.9845297838059976,red,aligned,0.5,0.65,0.0,0.0,20,20,129,64,65,"[0.5, 0.65]","[0.0, 0.0]",eval_50314_low_aligned.mp4,eval_50314_low.npy,49d2c23dcbcc0ab24364ce9390adedd71ca8e548bf47387a531a5311c6d1060d
projectile_gravity_v3_fixedpos_freefall,eval_50314_low_conflict,eval_50314_low,eval_50314,50314,eval,0.02465965524373195,low,0.9845297838059976,blue,conflict,0.5,0.65,0.0,0.0,20,20,129,64,65,"[0.5, 0.65]","[0.0, 0.0]",eval_50314_low_conflict.mp4,eval_50314_low.npy,49d2c23dcbcc0ab24364ce9390adedd71ca8e548bf47387a531a5311c6d1060d
projectile_gravity_v3_fixedpos_freefall,eval_50314_high_aligned,eval_50314_high,eval_50314,50314,eval,0.06665965524373195,high,0.9845297838059976,blue,aligned,0.5,0.65,0.0,0.0,20,20,129,64,65,"[0.5, 0.65]","[0.0, 0.0]",eval_50314_high_aligned.mp4,eval_50314_high.npy,49d2c23dcbcc0ab24364ce9390adedd71ca8e548bf47387a531a5311c6d1060d
projectile_gravity_v3_fixedpos_freefall,eval_50314_high_conflict,eval_50314_high,eval_50314,50314,eval,0.06665965524373195,high,0.9845297838059976,red,conflict,0.5,0.65,0.0,0.0,20,20,129,64,65,"[0.5, 0.65]","[0.0, 0.0]",eval_50314_high_conflict.mp4,eval_50314_high.npy,49d2c23dcbcc0ab24364ce9390adedd71ca8e548bf47387a531a5311c6d1060d
projectile_gravity_v3_fixedpos_freefall,eval_50315_low_aligned,eval_50315_low,eval_50315,50315,eval,0.007061247489096685,low,0.18460215859530382,red,aligned,0.5,0.65,0.0,0.0,20,20,129,64,65,"[0.5, 0.65]","[0.0, 0.0]",eval_50315_low_aligned.mp4,eval_50315_low.npy,49d2c23dcbcc0ab24364ce9390adedd71ca8e548bf47387a531a5311c6d1060d
projectile_gravity_v3_fixedpos_freefall,eval_50315_low_conflict,eval_50315_low,eval_50315,50315,eval,0.007061247489096685,low,0.18460215859530382,blue,conflict,0.5,0.65,0.0,0.0,20,20,129,64,65,"[0.5, 0.65]","[0.0, 0.0]",eval_50315_low_conflict.mp4,eval_50315_low.npy,49d2c23dcbcc0ab24364ce9390adedd71ca8e548bf47387a531a5311c6d1060d
projectile_gravity_v3_fixedpos_freefall,eval_50315_high_aligned,eval_50315_high,eval_50315,50315,eval,0.04906124748909668,high,0.18460215859530382,blue,aligned,0.5,0.65,0.0,0.0,20,20,129,64,65,"[0.5, 0.65]","[0.0, 0.0]",eval_50315_high_aligned.mp4,eval_50315_high.npy,49d2c23dcbcc0ab24364ce9390adedd71ca8e548bf47387a531a5311c6d1060d
projectile_gravity_v3_fixedpos_freefall,eval_50315_high_conflict,eval_50315_high,eval_50315,50315,eval,0.04906124748909668,high,0.18460215859530382,red,conflict,0.5,0.65,0.0,0.0,20,20,129,64,65,"[0.5, 0.65]","[0.0, 0.0]",eval_50315_high_conflict.mp4,eval_50315_high.npy,49d2c23dcbcc0ab24364ce9390adedd71ca8e548bf47387a531a5311c6d1060d
projectile_gravity_v3_fixedpos_freefall,eval_50316_low_aligned,eval_50316_low,eval_50316,50316,eval,0.016432461722628765,low,0.6105664419376711,red,aligned,0.5,0.65,0.0,0.0,20,20,129,64,65,"[0.5, 0.65]","[0.0, 0.0]",eval_50316_low_aligned.mp4,eval_50316_low.npy,49d2c23dcbcc0ab24364ce9390adedd71ca8e548bf47387a531a5311c6d1060d
projectile_gravity_v3_fixedpos_freefall,eval_50316_low_conflict,eval_50316_low,eval_50316,50316,eval,0.016432461722628765,low,0.6105664419376711,blue,conflict,0.5,0.65,0.0,0.0,20,20,129,64,65,"[0.5, 0.65]","[0.0, 0.0]",eval_50316_low_conflict.mp4,eval_50316_low.npy,49d2c23dcbcc0ab24364ce9390adedd71ca8e548bf47387a531a5311c6d1060d
projectile_gravity_v3_fixedpos_freefall,eval_50316_high_aligned,eval_50316_high,eval_50316,50316,eval,0.05843246172262877,high,0.6105664419376711,blue,aligned,0.5,0.65,0.0,0.0,20,20,129,64,65,"[0.5, 0.65]","[0.0, 0.0]",eval_50316_high_aligned.mp4,eval_50316_high.npy,49d2c23dcbcc0ab24364ce9390adedd71ca8e548bf47387a531a5311c6d1060d
projectile_gravity_v3_fixedpos_freefall,eval_50316_high_conflict,eval_50316_high,eval_50316,50316,eval,0.05843246172262877,high,0.6105664419376711,red,conflict,0.5,0.65,0.0,0.0,20,20,129,64,65,"[0.5, 0.65]","[0.0, 0.0]",eval_50316_high_conflict.mp4,eval_50316_high.npy,49d2c23dcbcc0ab24364ce9390adedd71ca8e548bf47387a531a5311c6d1060d
projectile_gravity_v3_fixedpos_freefall,eval_50317_low_aligned,eval_50317_low,eval_50317,50317,eval,0.017832612727350136,low,0.6742096694250062,red,aligned,0.5,0.65,0.0,0.0,20,20,129,64,65,"[0.5, 0.65]","[0.0, 0.0]",eval_50317_low_aligned.mp4,eval_50317_low.npy,49d2c23dcbcc0ab24364ce9390adedd71ca8e548bf47387a531a5311c6d1060d
projectile_gravity_v3_fixedpos_freefall,eval_50317_low_conflict,eval_50317_low,eval_50317,50317,eval,0.017832612727350136,low,0.6742096694250062,blue,conflict,0.5,0.65,0.0,0.0,20,20,129,64,65,"[0.5, 0.65]","[0.0, 0.0]",eval_50317_low_conflict.mp4,eval_50317_low.npy,49d2c23dcbcc0ab24364ce9390adedd71ca8e548bf47387a531a5311c6d1060d
projectile_gravity_v3_fixedpos_freefall,eval_50317_high_aligned,eval_50317_high,eval_50317,50317,eval,0.05983261272735014,high,0.6742096694250062,blue,aligned,0.5,0.65,0.0,0.0,20,20,129,64,65,"[0.5, 0.65]","[0.0, 0.0]",eval_50317_high_aligned.mp4,eval_50317_high.npy,49d2c23dcbcc0ab24364ce9390adedd71ca8e548bf47387a531a5311c6d1060d
projectile_gravity_v3_fixedpos_freefall,eval_50317_high_conflict,eval_50317_high,eval_50317,50317,eval,0.05983261272735014,high,0.6742096694250062,red,conflict,0.5,0.65,0.0,0.0,20,20,129,64,65,"[0.5, 0.65]","[0.0, 0.0]",eval_50317_high_conflict.mp4,eval_50317_high.npy,49d2c23dcbcc0ab24364ce9390adedd71ca8e548bf47387a531a5311c6d1060d
projectile_gravity_v3_fixedpos_freefall,eval_50318_low_aligned,eval_50318_low,eval_50318,50318,eval,0.015848794358254106,low,0.5840361071933684,red,aligned,0.5,0.65,0.0,0.0,20,20,129,64,65,"[0.5, 0.65]","[0.0, 0.0]",eval_50318_low_aligned.mp4,eval_50318_low.npy,49d2c23dcbcc0ab24364ce9390adedd71ca8e548bf47387a531a5311c6d1060d
projectile_gravity_v3_fixedpos_freefall,eval_50318_low_conflict,eval_50318_low,eval_50318,50318,eval,0.015848794358254106,low,0.5840361071933684,blue,conflict,0.5,0.65,0.0,0.0,20,20,129,64,65,"[0.5, 0.65]","[0.0, 0.0]",eval_50318_low_conflict.mp4,eval_50318_low.npy,49d2c23dcbcc0ab24364ce9390adedd71ca8e548bf47387a531a5311c6d1060d
projectile_gravity_v3_fixedpos_freefall,eval_50318_high_aligned,eval_50318_high,eval_50318,50318,eval,0.05784879435825411,high,0.5840361071933684,blue,aligned,0.5,0.65,0.0,0.0,20,20,129,64,65,"[0.5, 0.65]","[0.0, 0.0]",eval_50318_high_aligned.mp4,eval_50318_high.npy,49d2c23dcbcc0ab24364ce9390adedd71ca8e548bf47387a531a5311c6d1060d
projectile_gravity_v3_fixedpos_freefall,eval_50318_high_conflict,eval_50318_high,eval_50318,50318,eval,0.05784879435825411,high,0.5840361071933684,red,conflict,0.5,0.65,0.0,0.0,20,20,129,64,65,"[0.5, 0.65]","[0.0, 0.0]",eval_50318_high_conflict.mp4,eval_50318_high.npy,49d2c23dcbcc0ab24364ce9390adedd71ca8e548bf47387a531a5311c6d1060d
projectile_gravity_v3_fixedpos_freefall,eval_50319_low_aligned,eval_50319_low,eval_50319,50319,eval,0.008708683929153905,low,0.25948563314335926,red,aligned,0.5,0.65,0.0,0.0,20,20,129,64,65,"[0.5, 0.65]","[0.0, 0.0]",eval_50319_low_aligned.mp4,eval_50319_low.npy,49d2c23dcbcc0ab24364ce9390adedd71ca8e548bf47387a531a5311c6d1060d
projectile_gravity_v3_fixedpos_freefall,eval_50319_low_conflict,eval_50319_low,eval_50319,50319,eval,0.008708683929153905,low,0.25948563314335926,blue,conflict,0.5,0.65,0.0,0.0,20,20,129,64,65,"[0.5, 0.65]","[0.0, 0.0]",eval_50319_low_conflict.mp4,eval_50319_low.npy,49d2c23dcbcc0ab24364ce9390adedd71ca8e548bf47387a531a5311c6d1060d
projectile_gravity_v3_fixedpos_freefall,eval_50319_high_aligned,eval_50319_high,eval_50319,50319,eval,0.050708683929153904,high,0.25948563314335926,blue,aligned,0.5,0.65,0.0,0.0,20,20,129,64,65,"[0.5, 0.65]","[0.0, 0.0]",eval_50319_high_aligned.mp4,eval_50319_high.npy,49d2c23dcbcc0ab24364ce9390adedd71ca8e548bf47387a531a5311c6d1060d
projectile_gravity_v3_fixedpos_freefall,eval_50319_high_conflict,eval_50319_high,eval_50319,50319,eval,0.050708683929153904,high,0.25948563314335926,red,conflict,0.5,0.65,0.0,0.0,20,20,129,64,65,"[0.5, 0.65]","[0.0, 0.0]",eval_50319_high_conflict.mp4,eval_50319_high.npy,49d2c23dcbcc0ab24364ce9390adedd71ca8e548bf47387a531a5311c6d1060d
