receiver_id,condition,omega_hat,valid,detected_color,omega_true,trajectory_rmse,omega_class
A_000,aligned,5.74925,True,blue,5.903332751930776,0.028581645625692827,fast
A_000,conflict,2.932125,True,red,5.903332751930776,0.1535937930640745,slow
A_001,aligned,5.695,True,blue,6.037197633367658,0.06549802335852399,fast
A_001,conflict,3.029,True,red,6.037197633367658,0.16036427969470035,
A_002,aligned,5.939125,True,blue,5.967585685556493,0.006984655810650699,fast
A_002,conflict,2.9825,True,red,5.967585685556493,0.1378987262037371,slow
A_003,aligned,5.48575,True,blue,5.435452891061592,0.013541032400228643,fast
A_003,conflict,2.8275,True,red,5.435452891061592,0.16439193022264306,slow
A_004,aligned,5.664000000000001,True,blue,5.889154870419685,0.04233190425346342,fast
A_004,conflict,2.513625,True,red,5.889154870419685,0.1272751266368348,slow
A_005,aligned,5.6175,True,blue,5.252344349929279,0.080057017277575,fast
A_005,conflict,2.629875,True,red,5.252344349929279,0.16955243192353,slow
A_006,aligned,6.24525,True,blue,5.994997208928847,0.04363702256663028,fast
A_006,conflict,2.769375,True,red,5.994997208928847,0.17582810840598376,slow
A_007,aligned,5.42375,True,blue,5.910217675633647,0.09620595603248296,fast
A_007,conflict,2.9398750000000002,True,red,5.910217675633647,0.16281168839402194,slow
A_008,aligned,5.23,True,blue,5.580062424918823,0.06332866996404134,fast
A_008,conflict,3.009625,True,red,5.580062424918823,0.13693687000240304,
A_009,aligned,5.559375,True,blue,5.561586512038221,0.013683845702209173,fast
A_009,conflict,2.75,True,red,5.561586512038221,0.14511386903776918,slow
A_010,aligned,6.187125,True,blue,5.704487769792512,0.06155709114812517,fast
A_010,conflict,2.9011250000000004,True,red,5.704487769792512,0.13344710726821354,slow
A_011,aligned,5.788,True,blue,5.932983984221261,0.028201644851185342,fast
A_011,conflict,2.8236250000000003,True,red,5.932983984221261,0.134836002320088,slow
A_012,aligned,5.57875,True,blue,5.2464624676663965,0.05783567260711613,fast
A_012,conflict,2.9282500000000002,True,red,5.2464624676663965,0.12144926499180803,slow
A_013,aligned,6.086375,True,blue,5.494775732094047,0.10913412056584612,fast
A_013,conflict,2.9476250000000004,True,red,5.494775732094047,0.1502738427226601,slow
A_014,aligned,6.2995,True,blue,6.107215482878128,0.058973512286519016,fast
A_014,conflict,2.8701250000000003,True,red,6.107215482878128,0.16220929701108466,slow
A_015,aligned,6.1135,True,blue,5.370634108182793,0.11034520042968628,fast
A_015,conflict,2.753875,True,red,5.370634108182793,0.13933121922018443,slow
A_016,aligned,5.419875,True,blue,5.419461373806479,0.012315165926799617,fast
A_016,conflict,2.7345,True,red,5.419461373806479,0.10943799394048066,slow
A_017,aligned,5.81125,True,blue,6.054841439721005,0.05279988736593132,fast
A_017,conflict,2.81975,True,red,6.054841439721005,0.16883620269253663,slow
A_018,aligned,5.629125,True,blue,5.487932583603139,0.02448851719446262,fast
A_018,conflict,3.048375,True,red,5.487932583603139,0.12970588723130416,
A_019,aligned,5.908125,True,blue,5.872104775403887,0.01174237542384371,fast
A_019,conflict,2.8313750000000004,True,red,5.872104775403887,0.16461798481907253,slow
A_020,aligned,5.908125,True,blue,5.72217128685468,0.0413484281657791,fast
A_020,conflict,2.8352500000000003,True,red,5.72217128685468,0.14379659260679672,slow
A_021,aligned,5.93525,True,blue,5.976405941229569,0.017952886362588596,fast
A_021,conflict,2.7190000000000003,True,red,5.976405941229569,0.16044825033793192,slow
A_022,aligned,6.2995,True,blue,5.599126013810987,0.13259662618333695,fast
A_022,conflict,2.81975,True,red,5.599126013810987,0.16162689881796805,slow
A_023,aligned,6.19875,True,blue,6.103609185978564,0.013311195525308388,fast
A_023,conflict,2.936,True,red,6.103609185978564,0.13496791506591507,slow
A_024,aligned,5.6446250000000004,True,blue,5.450517538995902,0.04088567676525958,fast
A_024,conflict,3.091,True,red,5.450517538995902,0.1424842718417481,
A_025,aligned,5.28425,True,blue,6.11134379461327,0.11031564543290495,fast
A_025,conflict,2.7151250000000005,True,red,6.11134379461327,0.14832985024016093,slow
A_026,aligned,5.830625,True,blue,6.277617309203974,0.06329137439495927,fast
A_026,conflict,2.595,True,red,6.277617309203974,0.13197729808488667,slow
A_027,aligned,5.350125,True,blue,5.77791754554688,0.07526621738712069,fast
A_027,conflict,2.998,True,red,5.77791754554688,0.13604929627533494,slow
A_028,aligned,5.722125,True,blue,5.750940975809126,0.015415610872207467,fast
A_028,conflict,3.0832500000000005,True,red,5.750940975809126,0.16753770397081846,
A_029,aligned,5.2455,True,blue,5.420678093143041,0.02451047060460766,fast
A_029,conflict,2.8778750000000004,True,red,5.420678093143041,0.15041646801628095,slow
A_030,aligned,5.6485,True,blue,5.248756973672216,0.0816262673021484,fast
A_030,conflict,2.6918750000000005,True,red,5.248756973672216,0.15952865697762933,slow
A_031,aligned,5.9895000000000005,True,blue,5.649831650404885,0.06757985082943092,fast
A_031,conflict,2.781,True,red,5.649831650404885,0.1521813903963816,slow
A_032,aligned,6.225875,True,blue,6.192736999220664,0.017709160980362144,fast
A_032,conflict,3.2305,True,red,6.192736999220664,0.15175006552457482,
A_033,aligned,6.3615,True,blue,5.465138637167369,0.1554610403884921,fast
A_033,conflict,2.8313750000000004,True,red,5.465138637167369,0.1685944604868892,slow
A_034,aligned,6.109625,True,blue,5.5332898344097075,0.0827759571236561,fast
A_034,conflict,2.6260000000000003,True,red,5.5332898344097075,0.14676948830512127,slow
A_035,aligned,6.675375,True,blue,6.2735602500026975,0.05376502710743234,
A_035,conflict,2.936,True,red,6.2735602500026975,0.15063524039548062,slow
A_036,aligned,5.512875,True,blue,5.9949579023077275,0.08047150852094442,fast
A_036,conflict,2.8817500000000003,True,red,5.9949579023077275,0.14163667666024843,slow
A_037,aligned,5.67175,True,blue,6.187178559350707,0.07113145113451018,fast
A_037,conflict,2.8585000000000003,True,red,6.187178559350707,0.1119744201171977,slow
A_038,aligned,6.163875,True,blue,6.288505378158094,0.024904383313127876,fast
A_038,conflict,2.746125,True,red,6.288505378158094,0.16472248729174221,slow
A_039,aligned,5.99725,True,blue,6.020840206185896,0.022853481453190782,fast
A_039,conflict,3.09875,True,red,6.020840206185896,0.1575513576380611,
A_040,aligned,6.272375,True,blue,5.36975635647785,0.1130385038219893,fast
A_040,conflict,2.68025,True,red,5.36975635647785,0.14673794635631812,slow
A_041,aligned,5.51675,True,blue,5.7515297945877,0.04362633928116576,fast
A_041,conflict,2.792625,True,red,5.7515297945877,0.14376872329291288,slow
A_042,aligned,6.202625,True,blue,5.267355520813855,0.17688573824000262,fast
A_042,conflict,3.091,True,red,5.267355520813855,0.16277981033864355,
A_043,aligned,5.9895000000000005,True,blue,5.235631386798606,0.09419160455183377,fast
A_043,conflict,2.839125,True,red,5.235631386798606,0.09319969496978449,slow
A_044,aligned,5.8267500000000005,True,blue,5.898060334140399,0.01520556286817401,fast
A_044,conflict,2.9631250000000002,True,red,5.898060334140399,0.16565779316182067,slow
A_045,aligned,5.3075,True,blue,5.236709686688435,0.012232472507452342,fast
A_045,conflict,2.8585000000000003,True,red,5.236709686688435,0.12749702211472308,slow
A_046,aligned,5.822875,True,blue,5.449826295258108,0.06851076181489901,fast
A_046,conflict,2.777125,True,red,5.449826295258108,0.14837270067634636,slow
A_047,aligned,6.0825000000000005,True,blue,5.377816221939628,0.11416477244531281,fast
A_047,conflict,2.94375,True,red,5.377816221939628,0.13446270018861908,slow
A_048,aligned,5.9585,True,blue,6.088501158127696,0.020220585972035347,fast
A_048,conflict,2.699625,True,red,6.088501158127696,0.15408309306222648,slow
A_049,aligned,5.56325,True,blue,6.166962967441793,0.08756875050844813,fast
A_049,conflict,2.688,True,red,6.166962967441793,0.1482925226802602,slow
A_050,aligned,5.8345,True,blue,5.692678489335936,0.0296592170948747,fast
A_050,conflict,2.505875,True,red,5.692678489335936,0.17535995185165662,slow
A_051,aligned,5.261,True,blue,5.4346993798045755,0.035571017253424965,fast
A_051,conflict,3.2382500000000003,True,red,5.4346993798045755,0.15560858613496445,
A_052,aligned,6.067,True,blue,6.0098418292223,0.014164104048496336,fast
A_052,conflict,3.1568750000000003,True,red,6.0098418292223,0.17461813343326948,
A_053,aligned,5.65625,True,blue,6.319883868150503,0.09364551508250321,fast
A_053,conflict,2.91275,True,red,6.319883868150503,0.1398328256209666,slow
A_054,aligned,6.1445,True,blue,5.426535111396915,0.13689332407109747,fast
A_054,conflict,2.8313750000000004,True,red,5.426535111396915,0.15748340092265353,slow
A_055,aligned,5.9197500000000005,True,blue,6.270308170898653,0.05599800776121262,fast
A_055,conflict,3.094875,True,red,6.270308170898653,0.11563052023223727,
A_056,aligned,5.869375,True,blue,5.621444960536518,0.02972934085484658,fast
A_056,conflict,2.94375,True,red,5.621444960536518,0.12939845904920855,slow
A_057,aligned,6.047625,True,blue,5.542124660564574,0.07880797611111333,fast
A_057,conflict,2.932125,True,red,5.542124660564574,0.1358760046690413,slow
A_058,aligned,6.84975,True,blue,6.396934606540163,0.04783967860293077,
A_058,conflict,2.6686250000000005,True,red,6.396934606540163,0.1619786857879976,slow
A_059,aligned,5.385,True,blue,5.350203291135681,0.008427074583801396,fast
A_059,conflict,2.8933750000000003,True,red,5.350203291135681,0.1195350770255905,slow
A_060,aligned,6.24525,True,blue,6.094096058335997,0.020066458739791147,fast
A_060,conflict,3.0638750000000003,True,red,6.094096058335997,0.1586960532574386,
A_061,aligned,5.884875,True,blue,5.270574178270212,0.08984484633784588,fast
A_061,conflict,2.7616250000000004,True,red,5.270574178270212,0.12092949513614809,slow
A_062,aligned,5.323,True,blue,5.701861851002373,0.09311929141100703,fast
A_062,conflict,3.001875,True,red,5.701861851002373,0.17273453981894163,
A_063,aligned,5.675625,True,blue,6.2670181689767555,0.07926429505512335,fast
A_063,conflict,2.769375,True,red,6.2670181689767555,0.13770893431512915,slow
A_064,aligned,6.016625,True,blue,5.772897317645678,0.04158156407826151,fast
A_064,conflict,2.839125,True,red,5.772897317645678,0.1631470704577143,slow
A_065,aligned,5.8035000000000005,True,blue,5.958200988438064,0.02491193029008296,fast
A_065,conflict,2.839125,True,red,5.958200988438064,0.15975090066018943,slow
A_066,aligned,6.21425,True,blue,5.769291032252763,0.07589015778274855,fast
A_066,conflict,3.0755,True,red,5.769291032252763,0.15515237730477754,
A_067,aligned,5.3695,True,blue,5.486052708987572,0.020174210780504954,fast
A_067,conflict,2.9631250000000002,True,red,5.486052708987572,0.13891073785612965,slow
A_068,aligned,5.900375,True,blue,5.744182150764462,0.026832438667887207,fast
A_068,conflict,2.8817500000000003,True,red,5.744182150764462,0.1331379724424494,slow
A_069,aligned,5.675625,True,blue,5.201821709903876,0.08132913464235425,fast
A_069,conflict,2.7383750000000004,True,red,5.201821709903876,0.11720599273630497,slow
A_070,aligned,5.5283750000000005,True,blue,5.457113901516212,0.013356877969520472,fast
A_070,conflict,2.978625,True,red,5.457113901516212,0.1319501757418138,slow
A_071,aligned,5.675625,True,blue,5.793961122410589,0.015326584344742242,fast
A_071,conflict,2.9205,True,red,5.793961122410589,0.14071829371600827,slow
A_072,aligned,5.261,True,blue,6.2522989781906775,0.11991709165184965,fast
A_072,conflict,2.7616250000000004,True,red,6.2522989781906775,0.140701547533985,slow
A_073,aligned,6.055375,True,blue,5.7680323200279675,0.0420391003171633,fast
A_073,conflict,2.86625,True,red,5.7680323200279675,0.12080347240274415,slow
A_074,aligned,6.19875,True,blue,5.88059167585704,0.05629502097375819,fast
A_074,conflict,2.908875,True,red,5.88059167585704,0.13891273833964443,slow
A_075,aligned,5.381125,True,blue,5.948763937480663,0.09699477748703812,fast
A_075,conflict,2.839125,True,red,5.948763937480663,0.14408525073520212,slow
A_076,aligned,5.683375,True,blue,6.338979663689331,0.10823332430150769,fast
A_076,conflict,2.660875,True,red,6.338979663689331,0.16560232841219125,slow
A_077,aligned,5.757000000000001,True,blue,5.570816394733123,0.027379170311954415,fast
A_077,conflict,2.94375,True,red,5.570816394733123,0.13735645443949765,slow
A_078,aligned,6.117375,True,blue,6.169276485281639,0.014614485566816444,fast
A_078,conflict,2.77325,True,red,6.169276485281639,0.13175313661096896,slow
A_079,aligned,5.954625,True,blue,5.570615236098548,0.03387353858121317,fast
A_079,conflict,2.4400000000000004,True,red,5.570615236098548,0.13060981820659917,slow
A_080,aligned,5.373375,True,blue,5.485516517108338,0.024438942851625258,fast
A_080,conflict,2.9011250000000004,True,red,5.485516517108338,0.15789121876811477,slow
A_081,aligned,5.652375,True,blue,5.684928568560638,0.008064057877608239,fast
A_081,conflict,3.0638750000000003,True,red,5.684928568560638,0.13346392389651102,
A_082,aligned,6.070875,True,blue,5.218033512010252,0.08592563194518248,fast
A_082,conflict,2.75,True,red,5.218033512010252,0.1018579586681396,slow
A_083,aligned,5.602,True,blue,5.280418739969292,0.042636868855992764,fast
A_083,conflict,2.552375,True,red,5.280418739969292,0.1486405014253101,slow
A_084,aligned,5.3656250000000005,True,blue,5.278631595533422,0.017924791217047757,fast
A_084,conflict,2.862375,True,red,5.278631595533422,0.14930149497239295,slow
A_085,aligned,5.8345,True,blue,6.007712577170118,0.027466617742887434,fast
A_085,conflict,2.482625,True,red,6.007712577170118,0.13098232729489762,slow
A_086,aligned,5.807375,True,blue,6.000965386387646,0.03563931377849319,fast
A_086,conflict,3.001875,True,red,6.000965386387646,0.17215517320965906,
A_087,aligned,5.95075,True,blue,5.57155178706719,0.07312845826891472,fast
A_087,conflict,2.9205,True,red,5.57155178706719,0.16241198276040744,slow
A_088,aligned,5.67175,True,blue,5.308144394121877,0.0691402092031696,fast
A_088,conflict,2.769375,True,red,5.308144394121877,0.16116373419911345,slow
A_089,aligned,5.2958750000000006,True,blue,5.310428958626949,0.007579309201066633,fast
A_089,conflict,2.9205,True,red,5.310428958626949,0.12470453718865679,slow
A_090,aligned,6.19875,True,blue,6.039955430287016,0.04149538863998968,fast
A_090,conflict,2.9825,True,red,6.039955430287016,0.18610032356482342,slow
A_091,aligned,6.50875,True,blue,6.3091843602904945,0.02078982698128528,
A_091,conflict,2.6415,True,red,6.3091843602904945,0.1416500269228505,slow
A_092,aligned,5.838375,True,blue,6.001562501135653,0.0375407693848644,fast
A_092,conflict,2.8933750000000003,True,red,6.001562501135653,0.1642465590836528,slow
A_093,aligned,5.4625,True,blue,5.970129939688755,0.11495638183087503,fast
A_093,conflict,2.9863750000000002,True,red,5.970129939688755,0.17746884360188347,slow
A_094,aligned,6.3615,True,blue,5.361781692818063,0.10903372201129817,fast
A_094,conflict,2.358625,True,red,5.361781692818063,0.110274790253337,slow
A_095,aligned,5.373375,True,blue,5.391561874310894,0.020096967255687034,fast
A_095,conflict,2.843,True,red,5.391561874310894,0.15118123162861785,slow
A_096,aligned,5.939125,True,blue,5.218872782871086,0.14044937033314414,fast
A_096,conflict,2.657,True,red,5.218872782871086,0.14499484646230704,slow
A_097,aligned,6.039875,True,blue,5.319223447245136,0.1083967000969096,fast
A_097,conflict,2.9515000000000002,True,red,5.319223447245136,0.13609134639007178,slow
A_098,aligned,6.191,True,blue,5.411981530305952,0.0941448896006032,fast
A_098,conflict,2.595,True,red,5.411981530305952,0.13148540617318238,slow
A_099,aligned,6.07475,True,blue,5.880905661708813,0.022058566171137228,fast
A_099,conflict,2.8468750000000003,True,red,5.880905661708813,0.13958892424398023,slow
A_100,aligned,6.086375,True,blue,5.819664842560883,0.05407942553701154,fast
A_100,conflict,2.9050000000000002,True,red,5.819664842560883,0.16389420644181765,slow
A_101,aligned,6.148375,True,blue,6.161313479193194,0.008859844856661246,fast
A_101,conflict,3.118125,True,red,6.161313479193194,0.18643093891918816,
A_102,aligned,5.881,True,blue,5.9736421138639235,0.03437170785215321,fast
A_102,conflict,3.00575,True,red,5.9736421138639235,0.15782567910867237,
A_103,aligned,5.47025,True,blue,5.322188550421953,0.036551225590097214,fast
A_103,conflict,2.9476250000000004,True,red,5.322188550421953,0.14636753172691455,slow
A_104,aligned,6.18325,True,blue,6.010049644428966,0.016660126375848242,fast
A_104,conflict,2.8585000000000003,True,red,6.010049644428966,0.14278556644286927,slow
A_105,aligned,6.12125,True,blue,6.293227948205338,0.04067221161381825,fast
A_105,conflict,2.8081250000000004,True,red,6.293227948205338,0.16990022780836694,slow
A_106,aligned,5.474125,True,blue,5.86045592188688,0.06172901997947541,fast
A_106,conflict,3.0638750000000003,True,red,5.86045592188688,0.13000499078198086,
A_107,aligned,5.311375,True,blue,5.89149977426997,0.07460186300328397,fast
A_107,conflict,3.00575,True,red,5.89149977426997,0.1320289258749294,
A_108,aligned,5.571,True,blue,5.3513778512120505,0.032875196669868954,fast
A_108,conflict,3.001875,True,red,5.3513778512120505,0.14087092401178608,
A_109,aligned,6.0360000000000005,True,blue,5.57223275838763,0.07069162061177962,fast
A_109,conflict,2.8236250000000003,True,red,5.57223275838763,0.14604213550058018,slow
A_110,aligned,5.884875,True,blue,5.41522720276962,0.06372528197610768,fast
A_110,conflict,2.908875,True,red,5.41522720276962,0.10376906996833526,slow
A_111,aligned,5.8655,True,blue,5.882238879230835,0.007425100825141765,fast
A_111,conflict,2.57175,True,red,5.882238879230835,0.17012139447288763,slow
A_112,aligned,5.288125,True,blue,5.434802500900078,0.021598149229356038,fast
A_112,conflict,2.4787500000000002,True,red,5.434802500900078,0.12243658359531753,slow
A_113,aligned,5.3888750000000005,True,blue,5.6083716497565534,0.04075708959625792,fast
A_113,conflict,2.8546250000000004,True,red,5.6083716497565534,0.1279040627041318,slow
A_114,aligned,5.9197500000000005,True,blue,6.34145423944736,0.09336602943770772,fast
A_114,conflict,3.056125,True,red,6.34145423944736,0.1797107813086803,
A_115,aligned,6.346,True,blue,5.859559005714468,0.07711136749171638,fast
A_115,conflict,2.8275,True,red,5.859559005714468,0.14119610702926969,slow
A_116,aligned,5.37725,True,blue,5.344230077515669,0.007986356810418732,fast
A_116,conflict,2.967,True,red,5.344230077515669,0.15683384819948384,slow
A_117,aligned,5.29975,True,blue,5.97363511701657,0.12519096806237484,fast
A_117,conflict,2.815875,True,red,5.97363511701657,0.1576922797095696,slow
A_118,aligned,6.039875,True,blue,5.606651619972494,0.07098390742629736,fast
A_118,conflict,2.68025,True,red,5.606651619972494,0.15654700369352936,slow
A_119,aligned,5.65625,True,blue,6.08129840468193,0.06617631399006006,fast
A_119,conflict,2.94375,True,red,6.08129840468193,0.13679306327161278,slow
A_120,aligned,6.09025,True,blue,6.166663144469958,0.011316269837613947,fast
A_120,conflict,2.8468750000000003,True,red,6.166663144469958,0.1401579552540814,slow
A_121,aligned,5.819,True,blue,5.388330051086206,0.08218144839373802,fast
A_121,conflict,2.885625,True,red,5.388330051086206,0.13862455822141365,slow
A_122,aligned,5.8500000000000005,True,blue,6.129957573104453,0.05047910960908193,fast
A_122,conflict,2.9011250000000004,True,red,6.129957573104453,0.16765906893371554,slow
A_123,aligned,6.055375,True,blue,5.5605112787400675,0.057576919582107394,fast
A_123,conflict,2.552375,True,red,5.5605112787400675,0.10882971519477619,slow
A_124,aligned,6.0592500000000005,True,blue,5.208146193927902,0.13708606809002832,fast
A_124,conflict,2.8081250000000004,True,red,5.208146193927902,0.150115527577921,slow
A_125,aligned,6.210375,True,blue,5.970269502603594,0.05231072911367067,fast
A_125,conflict,2.66475,True,red,5.970269502603594,0.15190079219405037,slow
A_126,aligned,5.667875,True,blue,5.652435835427481,0.013154243682770335,fast
A_126,conflict,2.9941250000000004,True,red,5.652435835427481,0.15296837351928072,slow
A_127,aligned,5.6485,True,blue,6.126998904281742,0.06920994407702759,fast
A_127,conflict,2.936,True,red,6.126998904281742,0.13686895155459808,slow
A_128,aligned,5.4121250000000005,True,blue,5.265266964631235,0.019362160973305814,fast
A_128,conflict,2.57175,True,red,5.265266964631235,0.12713325221910612,slow
A_129,aligned,6.21425,True,blue,6.14353775850582,0.007116597706989673,fast
A_129,conflict,2.513625,True,red,6.14353775850582,0.1443639731035751,slow
A_130,aligned,5.9430000000000005,True,blue,6.089384332994541,0.029700593085174615,fast
A_130,conflict,2.8778750000000004,True,red,6.089384332994541,0.14194526588477324,slow
A_131,aligned,5.923625,True,blue,5.388967563974951,0.06786193755264093,fast
A_131,conflict,2.606625,True,red,5.388967563974951,0.11421861925734132,slow
A_132,aligned,5.249375000000001,True,blue,5.321858407752199,0.007484095758356936,fast
A_132,conflict,3.025125,True,red,5.321858407752199,0.0978712479149015,
A_133,aligned,5.613625,True,blue,5.96238452219226,0.05967619497950438,fast
A_133,conflict,2.6918750000000005,True,red,5.96238452219226,0.1599142249951329,slow
A_134,aligned,6.0592500000000005,True,blue,5.487204418642362,0.10490666503736706,fast
A_134,conflict,2.583375,True,red,5.487204418642362,0.18198711919379293,slow
A_135,aligned,5.757000000000001,True,blue,5.6866721052969895,0.01584966981688786,fast
A_135,conflict,2.9398750000000002,True,red,5.6866721052969895,0.16448646583645984,slow
A_136,aligned,6.528125,True,blue,5.890691768367623,0.13357632770340094,
A_136,conflict,2.7383750000000004,True,red,5.890691768367623,0.18246464087182407,slow
A_137,aligned,5.962375,True,blue,5.458975781891328,0.08164492853493727,fast
A_137,conflict,2.707375,True,red,5.458975781891328,0.1523295295818372,slow
A_138,aligned,6.29175,True,blue,5.856636007794986,0.055987717779102705,fast
A_138,conflict,2.8701250000000003,True,red,5.856636007794986,0.12009703878168447,slow
A_139,aligned,5.846125,True,blue,5.256943778702955,0.10855499119989784,fast
A_139,conflict,2.7655000000000003,True,red,5.256943778702955,0.15300532960628266,slow
A_140,aligned,5.915875,True,blue,6.053334802415051,0.02749988508438346,fast
A_140,conflict,2.91275,True,red,6.053334802415051,0.12458459570906028,slow
A_141,aligned,5.946875,True,blue,6.101122596394413,0.029907519992029327,fast
A_141,conflict,2.862375,True,red,6.101122596394413,0.16910448632891995,slow
A_142,aligned,6.09025,True,blue,6.1159539117823165,0.01713780455479932,fast
A_142,conflict,2.792625,True,red,6.1159539117823165,0.15596137622583273,slow
A_143,aligned,6.280125,True,blue,5.907474886767761,0.07698166899439456,fast
A_143,conflict,2.9243750000000004,True,red,5.907474886767761,0.16779656093242806,slow
A_144,aligned,5.6446250000000004,True,blue,5.611377880037573,0.005550137769173918,fast
A_144,conflict,2.637625,True,red,5.611377880037573,0.17760873325457294,slow
A_145,aligned,5.5748750000000005,True,blue,5.575587632808819,0.015259973531212393,fast
A_145,conflict,2.978625,True,red,5.575587632808819,0.16681395305009342,slow
A_146,aligned,5.4586250000000005,True,blue,5.243543737697927,0.04694960134397557,fast
A_146,conflict,2.6260000000000003,True,red,5.243543737697927,0.1382679824428352,slow
A_147,aligned,6.12125,True,blue,6.018933691262555,0.018695538479067398,fast
A_147,conflict,2.688,True,red,6.018933691262555,0.17912533396858493,slow
A_148,aligned,6.094125,True,blue,6.125132469991941,0.010638450061615632,fast
A_148,conflict,2.8895,True,red,6.125132469991941,0.16078646461483492,slow
A_149,aligned,5.56325,True,blue,6.1061050323001975,0.11795733533195911,fast
A_149,conflict,2.80425,True,red,6.1061050323001975,0.17815000465177286,slow
A_150,aligned,5.520625,True,blue,6.215756392669775,0.12162571119809652,fast
A_150,conflict,2.936,True,red,6.215756392669775,0.16153198361322557,slow
A_151,aligned,5.9430000000000005,True,blue,6.050721150650307,0.02474428741897053,fast
A_151,conflict,2.653125,True,red,6.050721150650307,0.1221630087296583,slow
A_152,aligned,5.861625,True,blue,5.378997976310217,0.07096190110195974,fast
A_152,conflict,2.58725,True,red,5.378997976310217,0.12519034279635494,slow
A_153,aligned,5.753125,True,blue,5.630600330389142,0.02265925414091742,fast
A_153,conflict,2.885625,True,red,5.630600330389142,0.12456507419963779,slow
A_154,aligned,6.388625,True,blue,6.088440734077584,0.05268180939357297,fast
A_154,conflict,2.5988750000000005,True,red,6.088440734077584,0.13802218466131635,slow
A_155,aligned,5.536125,True,blue,6.017059559901798,0.07012089777697342,fast
A_155,conflict,2.8120000000000003,True,red,6.017059559901798,0.13170674661424253,slow
A_156,aligned,5.629125,True,blue,5.8679766110737654,0.0240200555186949,fast
A_156,conflict,2.843,True,red,5.8679766110737654,0.15836645613929232,slow
A_157,aligned,5.900375,True,blue,6.055345579781005,0.033059889090673526,fast
A_157,conflict,2.6492500000000003,True,red,6.055345579781005,0.1760404611256985,slow
A_158,aligned,6.140625,True,blue,5.895924767757135,0.034358182103758704,fast
A_158,conflict,2.567875,True,red,5.895924767757135,0.1686132891858214,slow
A_159,aligned,5.571,True,blue,5.2764576971327,0.05734186924757934,fast
A_159,conflict,2.95925,True,red,5.2764576971327,0.13970153891140644,slow
A_160,aligned,5.489625,True,blue,6.014655279248448,0.08120905823184567,fast
A_160,conflict,2.8313750000000004,True,red,6.014655279248448,0.14292419007163837,slow
A_161,aligned,5.977875,True,blue,5.883014859257062,0.022684180940315515,fast
A_161,conflict,2.35475,True,red,5.883014859257062,0.1492609727615971,slow
A_162,aligned,5.559375,True,blue,5.958612904583625,0.07979695851314897,fast
A_162,conflict,2.9398750000000002,True,red,5.958612904583625,0.16086422505395787,slow
A_163,aligned,6.109625,True,blue,6.279446714655555,0.039972070845796744,fast
A_163,conflict,2.862375,True,red,6.279446714655555,0.15221519821763102,slow
A_164,aligned,5.582625,True,blue,5.820334702927327,0.061907768099834753,fast
A_164,conflict,2.730625,True,red,5.820334702927327,0.16665947775190168,slow
A_165,aligned,5.54775,True,blue,5.31807396201885,0.04104164433050628,fast
A_165,conflict,2.44775,True,red,5.31807396201885,0.1450723804311489,slow
A_166,aligned,5.79575,True,blue,5.221566802149393,0.11431031181175326,fast
A_166,conflict,2.99025,True,red,5.221566802149393,0.13558686287870012,slow
A_167,aligned,5.497375,True,blue,6.10180573415542,0.09150884358202278,fast
A_167,conflict,2.7151250000000005,True,red,6.10180573415542,0.14930936892126934,slow
A_168,aligned,5.79575,True,blue,5.245888399978682,0.09780578009540367,fast
A_168,conflict,2.955375,True,red,5.245888399978682,0.14959364217324314,slow
A_169,aligned,5.8500000000000005,True,blue,6.019717268106065,0.02541365410762069,fast
A_169,conflict,2.8817500000000003,True,red,6.019717268106065,0.1714242921918026,slow
A_170,aligned,6.284,True,blue,6.020139210955799,0.058904293364720466,fast
A_170,conflict,2.8081250000000004,True,red,6.020139210955799,0.17121850618993148,slow
A_171,aligned,6.1290000000000004,True,blue,6.27398370162296,0.04483836493415227,fast
A_171,conflict,2.6260000000000003,True,red,6.27398370162296,0.16388610440161652,slow
A_172,aligned,5.9895000000000005,True,blue,6.149452083529531,0.02434418746258904,fast
A_172,conflict,2.8468750000000003,True,red,6.149452083529531,0.16865405501090425,slow
A_173,aligned,5.753125,True,blue,5.811042041689759,0.006146925295233516,fast
A_173,conflict,2.8778750000000004,True,red,5.811042041689759,0.12961811616975458,slow
A_174,aligned,6.32275,True,blue,6.355752989318333,0.0181845105107458,fast
A_174,conflict,2.614375,True,red,6.355752989318333,0.1537267761595646,slow
A_175,aligned,6.21425,True,blue,6.203895710891384,0.016657338954829983,fast
A_175,conflict,2.75775,True,red,6.203895710891384,0.1571796562087007,slow
A_176,aligned,6.26075,True,blue,6.343715281683147,0.01208830790345835,fast
A_176,conflict,2.6686250000000005,True,red,6.343715281683147,0.11765774213250912,slow
A_177,aligned,5.6795,True,blue,5.903959306301818,0.029617596373231758,fast
A_177,conflict,2.9941250000000004,True,red,5.903959306301818,0.1440160764545459,slow
A_178,aligned,5.9895000000000005,True,blue,6.026013033566167,0.007280473686521473,fast
A_178,conflict,3.0406250000000004,True,red,6.026013033566167,0.12875223623256662,
A_179,aligned,6.156125,True,blue,5.610916228350678,0.08314184113051067,fast
A_179,conflict,2.58725,True,red,5.610916228350678,0.13384037624053338,slow
A_180,aligned,5.37725,True,blue,5.934640953927149,0.09121960166996947,fast
A_180,conflict,2.85075,True,red,5.934640953927149,0.1280036824610619,slow
A_181,aligned,5.350125,True,blue,5.867544189140886,0.08676293270008066,fast
A_181,conflict,2.8468750000000003,True,red,5.867544189140886,0.15293128578839968,slow
A_182,aligned,5.819,True,blue,6.295859991645526,0.08532269519009572,fast
A_182,conflict,2.753875,True,red,6.295859991645526,0.16025905327336035,slow
A_183,aligned,5.757000000000001,True,blue,6.169497492683523,0.056009486724194736,fast
A_183,conflict,2.8585000000000003,True,red,6.169497492683523,0.14045050212339663,slow
A_184,aligned,5.99725,True,blue,5.834252538044376,0.02518091346913635,fast
A_184,conflict,3.094875,True,red,5.834252538044376,0.142537653845198,
A_185,aligned,5.993375,True,blue,5.958418702996302,0.0184220462666309,fast
A_185,conflict,2.769375,True,red,5.958418702996302,0.17086351445067938,slow
A_186,aligned,5.536125,True,blue,5.2341006402565196,0.07135243057732073,fast
A_186,conflict,2.68025,True,red,5.2341006402565196,0.14728676689980577,slow
A_187,aligned,5.54775,True,blue,5.311548058750191,0.04027036794298237,fast
A_187,conflict,2.3315,True,red,5.311548058750191,0.14413574897164383,slow
A_188,aligned,5.36175,True,blue,5.254079658720078,0.02785170170477768,fast
A_188,conflict,2.8895,True,red,5.254079658720078,0.15125142608337372,slow
A_189,aligned,5.404375,True,blue,5.815846400464447,0.08544146202811029,fast
A_189,conflict,2.6492500000000003,True,red,5.815846400464447,0.1808648083808546,slow
A_190,aligned,6.2065,True,blue,5.971308911779584,0.04626303255240324,fast
A_190,conflict,2.81975,True,red,5.971308911779584,0.17487331784595678,slow
A_191,aligned,5.667875,True,blue,6.03892112856206,0.07934236729556378,fast
A_191,conflict,3.149125,True,red,6.03892112856206,0.17267852490185306,
A_192,aligned,5.664000000000001,True,blue,6.1353521535945035,0.07742448610248755,fast
A_192,conflict,2.474875,True,red,6.1353521535945035,0.14460772213817774,slow
A_193,aligned,5.427625,True,blue,5.683778901646878,0.04908983559253983,fast
A_193,conflict,2.428375,True,red,5.683778901646878,0.144773083328275,slow
A_194,aligned,6.342125,True,blue,6.072578764144283,0.05050352505262774,fast
A_194,conflict,2.66475,True,red,6.072578764144283,0.1653779397467973,slow
A_195,aligned,5.807375,True,blue,5.610532608328005,0.03609890170206492,fast
A_195,conflict,2.7422500000000003,True,red,5.610532608328005,0.15949375682813627,slow
A_196,aligned,6.210375,True,blue,6.193823169716637,0.029228166829718332,fast
A_196,conflict,2.9205,True,red,6.193823169716637,0.15913513950118488,slow
A_197,aligned,5.931375,True,blue,6.108224773350617,0.02787266810565312,fast
A_197,conflict,2.7383750000000004,True,red,6.108224773350617,0.1536882750201409,slow
A_198,aligned,6.125125,True,blue,6.274862965555622,0.020834071857873344,fast
A_198,conflict,2.5330000000000004,True,red,6.274862965555622,0.15341434109627244,slow
A_199,aligned,5.838375,True,blue,5.336957018241273,0.09602586027048275,fast
A_199,conflict,2.746125,True,red,5.336957018241273,0.16740459574664635,slow
A_200,aligned,5.396625,True,blue,5.927956515777346,0.10595046902934975,fast
A_200,conflict,2.684125,True,red,5.927956515777346,0.163155115771031,slow
A_201,aligned,6.09025,True,blue,5.808541961607685,0.07469358928498965,fast
A_201,conflict,2.498125,True,red,5.808541961607685,0.16447421031992054,slow
A_202,aligned,5.954625,True,blue,5.953492331940239,0.010810358099130555,fast
A_202,conflict,2.9476250000000004,True,red,5.953492331940239,0.13195106730093642,slow
A_203,aligned,5.520625,True,blue,6.147002470580025,0.1330717791289998,fast
A_203,conflict,2.7035,True,red,6.147002470580025,0.17551191191483845,slow
A_204,aligned,5.396625,True,blue,6.1940969529889625,0.11391455335170765,fast
A_204,conflict,2.9515000000000002,True,red,6.1940969529889625,0.14654587617976544,slow
A_205,aligned,6.2065,True,blue,5.860462909847944,0.04983719583583461,fast
A_205,conflict,2.8313750000000004,True,red,5.860462909847944,0.13455863708032223,slow
A_206,aligned,5.6175,True,blue,5.856216318501927,0.0383301499693416,fast
A_206,conflict,2.567875,True,red,5.856216318501927,0.14582718711210618,slow
A_207,aligned,5.489625,True,blue,6.038778901407918,0.08458907445624288,fast
A_207,conflict,2.657,True,red,6.038778901407918,0.14798790961179698,slow
A_208,aligned,6.039875,True,blue,6.063418941332665,0.010634188663190249,fast
A_208,conflict,2.5020000000000002,True,red,6.063418941332665,0.15582535682712537,slow
A_209,aligned,6.26075,True,blue,5.8256276394701505,0.10174753322492205,fast
A_209,conflict,2.769375,True,red,5.8256276394701505,0.17623973238480473,slow
A_210,aligned,5.47025,True,blue,5.345553686244472,0.022660191909301908,fast
A_210,conflict,2.505875,True,red,5.345553686244472,0.17867425005971968,slow
A_211,aligned,5.590375,True,blue,5.566517218571293,0.015464947017316199,fast
A_211,conflict,2.815875,True,red,5.566517218571293,0.16053941617616646,slow
A_212,aligned,6.33825,True,blue,5.725938174738664,0.07719895804368364,fast
A_212,conflict,2.529125,True,red,5.725938174738664,0.1406708092232776,slow
A_213,aligned,5.737625,True,blue,5.809382097793553,0.013142457002731235,fast
A_213,conflict,2.769375,True,red,5.809382097793553,0.1752744085398413,slow
A_214,aligned,5.64075,True,blue,5.908724964375369,0.055302320444130915,fast
A_214,conflict,2.792625,True,red,5.908724964375369,0.1679235717842063,slow
A_215,aligned,5.714375,True,blue,6.043031351432499,0.07234352817433526,fast
A_215,conflict,2.3392500000000003,True,red,6.043031351432499,0.16039621296473014,slow
A_216,aligned,5.633,True,blue,5.471951318907306,0.02598959015489787,fast
A_216,conflict,3.079375,True,red,5.471951318907306,0.10295867132008561,
A_217,aligned,6.4273750000000005,True,blue,6.091639894841288,0.06933353175666802,
A_217,conflict,2.8468750000000003,True,red,6.091639894841288,0.15985924508353497,slow
A_218,aligned,5.520625,True,blue,6.299149874769827,0.142504158750385,fast
A_218,conflict,2.843,True,red,6.299149874769827,0.16356069412672497,slow
A_219,aligned,5.5051250000000005,True,blue,5.652279136469484,0.04282244561262253,fast
A_219,conflict,2.5020000000000002,True,red,5.652279136469484,0.16449717789426607,slow
A_220,aligned,5.509,True,blue,5.698641987431393,0.038616081406522895,fast
A_220,conflict,2.6221250000000005,True,red,5.698641987431393,0.15924016020508394,slow
A_221,aligned,5.42375,True,blue,6.070759767267115,0.09962346504115616,fast
A_221,conflict,2.637625,True,red,6.070759767267115,0.14693969017159425,slow
A_222,aligned,6.1755,True,blue,6.322772996218217,0.0234771893998495,fast
A_222,conflict,2.862375,True,red,6.322772996218217,0.18142942805679216,slow
A_223,aligned,5.729875,True,blue,5.306484131815698,0.06263284679344977,fast
A_223,conflict,2.769375,True,red,5.306484131815698,0.10875636597801638,slow
A_224,aligned,6.295625,True,blue,5.630429326149973,0.13349370245371414,fast
A_224,conflict,2.6492500000000003,True,red,5.630429326149973,0.17235042147043506,slow
A_225,aligned,5.977875,True,blue,6.393381876567729,0.07334626409398072,fast
A_225,conflict,2.9050000000000002,True,red,6.393381876567729,0.14617149906697688,slow
A_226,aligned,5.5748750000000005,True,blue,5.705021593181554,0.027301121476558058,fast
A_226,conflict,2.89725,True,red,5.705021593181554,0.14957890613102745,slow
A_227,aligned,5.602,True,blue,5.77466009207819,0.02941039470399498,fast
A_227,conflict,3.071625,True,red,5.77466009207819,0.1212259841631083,
A_228,aligned,6.489375,True,blue,6.108073539191642,0.08423364856412535,
A_228,conflict,2.660875,True,red,6.108073539191642,0.17614810851734994,slow
A_229,aligned,5.726,True,blue,5.829312879914673,0.023608558465035536,fast
A_229,conflict,3.1568750000000003,True,red,5.829312879914673,0.14142198335988354,
A_230,aligned,5.698875,True,blue,5.957659684876923,0.045957750265886374,fast
A_230,conflict,2.6453750000000005,True,red,5.957659684876923,0.13914014269931632,slow
A_231,aligned,5.5555,True,blue,5.897321621439886,0.04340873744277132,fast
A_231,conflict,2.8468750000000003,True,red,5.897321621439886,0.1407367575227387,slow
A_232,aligned,6.6133750000000004,True,blue,6.292564279895933,0.05661197096431641,
A_232,conflict,3.14525,True,red,6.292564279895933,0.151879389629577,
A_233,aligned,5.22225,True,blue,5.509826288376311,0.055703862582295684,fast
A_233,conflict,3.009625,True,red,5.509826288376311,0.15916893995311981,
A_234,aligned,5.9662500000000005,True,blue,5.236579638557113,0.11534380399158012,fast
A_234,conflict,2.753875,True,red,5.236579638557113,0.13712778063277561,slow
A_235,aligned,5.40825,True,blue,6.155375306351012,0.15448036790483344,fast
A_235,conflict,2.8933750000000003,True,red,6.155375306351012,0.18443572712007356,slow
A_236,aligned,5.993375,True,blue,6.311784924190442,0.05726426265057747,fast
A_236,conflict,3.0406250000000004,True,red,6.311784924190442,0.15592855217303087,
A_237,aligned,6.1057500000000005,True,blue,6.11795084285537,0.005438665630682771,fast
A_237,conflict,3.1801250000000003,True,red,6.11795084285537,0.14264201073207866,
A_238,aligned,5.652375,True,blue,5.281991664214525,0.04462193703385257,fast
A_238,conflict,2.800375,True,red,5.281991664214525,0.12921394571559103,slow
A_239,aligned,5.776375,True,blue,5.309916062558822,0.08846459772281041,fast
A_239,conflict,2.81975,True,red,5.309916062558822,0.13430113616555392,slow
A_240,aligned,5.822875,True,blue,6.015714491876691,0.033903359928121775,fast
A_240,conflict,2.91275,True,red,6.015714491876691,0.16183434288965812,slow
A_241,aligned,5.954625,True,blue,5.279775033208932,0.07903735488789058,fast
A_241,conflict,2.8313750000000004,True,red,5.279775033208932,0.11815439417040974,slow
A_242,aligned,5.334625,True,blue,5.2025061425064605,0.03513861747364604,fast
A_242,conflict,2.7655000000000003,True,red,5.2025061425064605,0.14739352945218498,slow
A_243,aligned,5.88875,True,blue,5.82958277980059,0.015501424955790766,fast
A_243,conflict,2.9205,True,red,5.82958277980059,0.1547735169469999,slow
A_244,aligned,6.055375,True,blue,5.971519759839176,0.014714358832832985,fast
A_244,conflict,2.874,True,red,5.971519759839176,0.17670426257094668,slow
A_245,aligned,6.0205,True,blue,6.165428137669278,0.024977023878000555,fast
A_245,conflict,2.9708750000000004,True,red,6.165428137669278,0.13603307613110618,slow
A_246,aligned,5.60975,True,blue,5.538384754422437,0.008729499209499723,fast
A_246,conflict,3.1530000000000005,True,red,5.538384754422437,0.1299084733068257,
A_247,aligned,6.222,True,blue,6.151798055578236,0.01273211476806234,fast
A_247,conflict,2.72675,True,red,6.151798055578236,0.13864192321372745,slow
A_248,aligned,6.156125,True,blue,6.1655788654634405,0.004923486497761612,fast
A_248,conflict,2.564,True,red,6.1655788654634405,0.15770757643070987,slow
A_249,aligned,5.710500000000001,True,blue,5.2623392150242,0.09221377069491372,fast
A_249,conflict,2.9050000000000002,True,red,5.2623392150242,0.15922399760767636,slow
A_250,aligned,5.970125,True,blue,6.307481316783373,0.06703159692155428,fast
A_250,conflict,2.7616250000000004,True,red,6.307481316783373,0.1689061498495021,slow
A_251,aligned,6.132875,True,blue,5.631825431495979,0.07866139735401108,fast
A_251,conflict,2.8081250000000004,True,red,5.631825431495979,0.1539320876029953,slow
A_252,aligned,5.79575,True,blue,5.953742189885483,0.016532896516772654,fast
A_252,conflict,2.8081250000000004,True,red,5.953742189885483,0.14774125422891404,slow
A_253,aligned,5.396625,True,blue,5.601484760913169,0.05100571851541769,fast
A_253,conflict,2.57175,True,red,5.601484760913169,0.16498113891038862,slow
A_254,aligned,5.443125,True,blue,5.31131857028699,0.030252531548356915,fast
A_254,conflict,2.6415,True,red,5.31131857028699,0.1523086577692751,slow
A_255,aligned,5.489625,True,blue,5.388536695055052,0.013467777666533856,fast
A_255,conflict,2.9205,True,red,5.388536695055052,0.1375081322978716,slow
A_256,aligned,5.4121250000000005,True,blue,5.883183467180861,0.07611452863033821,fast
A_256,conflict,2.777125,True,red,5.883183467180861,0.16016038952007064,slow
A_257,aligned,5.722125,True,blue,6.351932374976582,0.10017728499463587,fast
A_257,conflict,2.843,True,red,6.351932374976582,0.1290523255795764,slow
A_258,aligned,5.7725,True,blue,5.5341315958561115,0.028915963827408745,fast
A_258,conflict,3.009625,True,red,5.5341315958561115,0.1160559584324366,
A_259,aligned,5.79575,True,blue,6.255655519775658,0.0886022362787594,fast
A_259,conflict,2.862375,True,red,6.255655519775658,0.16200562311597125,slow
A_260,aligned,5.760875,True,blue,5.317656190670988,0.07644855865126253,fast
A_260,conflict,2.9011250000000004,True,red,5.317656190670988,0.12631742687471745,slow
A_261,aligned,5.908125,True,blue,6.273124349016954,0.07956894038445889,fast
A_261,conflict,2.9515000000000002,True,red,6.273124349016954,0.16546823000576588,slow
A_262,aligned,5.350125,True,blue,5.517720009343337,0.04282553642173876,fast
A_262,conflict,2.7345,True,red,5.517720009343337,0.1661758144483991,slow
A_263,aligned,5.664000000000001,True,blue,5.281971765646771,0.06244991451049117,fast
A_263,conflict,2.95925,True,red,5.281971765646771,0.1308904517794576,slow
A_264,aligned,5.385,True,blue,6.253060672105156,0.10993107722134134,fast
A_264,conflict,3.187875,True,red,6.253060672105156,0.13084409450522524,
A_265,aligned,5.846125,True,blue,6.067838994234379,0.041561513143966576,fast
A_265,conflict,2.9205,True,red,6.067838994234379,0.13816110624577793,slow
A_266,aligned,4.877375000000001,True,blue,5.508157300414394,0.09201756594541802,
A_266,conflict,3.091,True,red,5.508157300414394,0.13177036634757985,
A_267,aligned,5.396625,True,blue,5.3296073400836335,0.015503703408829565,fast
A_267,conflict,2.908875,True,red,5.3296073400836335,0.13784944868078802,slow
A_268,aligned,5.838375,True,blue,6.196854348407835,0.07406135031136356,fast
A_268,conflict,2.8275,True,red,6.196854348407835,0.17574401826340957,slow
A_269,aligned,5.9275,True,blue,6.032692501429241,0.01864618831070928,fast
A_269,conflict,2.8352500000000003,True,red,6.032692501429241,0.14733841409125834,slow
A_270,aligned,5.861625,True,blue,5.927186366921322,0.011814772713357886,fast
A_270,conflict,2.7965,True,red,5.927186366921322,0.1340403622085938,slow
A_271,aligned,6.001125,True,blue,6.012585074015215,0.02576508147230898,fast
A_271,conflict,2.908875,True,red,6.012585074015215,0.17581175033782984,slow
A_272,aligned,6.16,True,blue,6.298370580304083,0.021527576205006525,fast
A_272,conflict,2.8933750000000003,True,red,6.298370580304083,0.17438179103973742,slow
A_273,aligned,5.846125,True,blue,5.544295972727657,0.05244826191508059,fast
A_273,conflict,2.8933750000000003,True,red,5.544295972727657,0.12691060703138157,slow
A_274,aligned,5.9662500000000005,True,blue,5.286201929383589,0.09374410842079878,fast
A_274,conflict,2.591125,True,red,5.286201929383589,0.12450578452233388,slow
A_275,aligned,6.2375,True,blue,6.344696357806226,0.01471716886683693,fast
A_275,conflict,2.653125,True,red,6.344696357806226,0.1326583582358161,slow
A_276,aligned,5.5865,True,blue,5.725295577068593,0.03328682012863369,fast
A_276,conflict,3.032875,True,red,5.725295577068593,0.16908289773393653,
A_277,aligned,5.962375,True,blue,5.758523205957055,0.06447739929677468,fast
A_277,conflict,3.0406250000000004,True,red,5.758523205957055,0.15717754733455205,
A_278,aligned,5.109875000000001,True,blue,5.259631060131768,0.035513526452603486,
A_278,conflict,2.7848750000000004,True,red,5.259631060131768,0.16301724129903047,slow
A_279,aligned,6.3576250000000005,True,blue,6.285554848759275,0.01347432326786201,fast
A_279,conflict,2.498125,True,red,6.285554848759275,0.12678705324659512,slow
A_280,aligned,6.125125,True,blue,5.497991755049775,0.10640496512465286,fast
A_280,conflict,2.7422500000000003,True,red,5.497991755049775,0.16343707269456734,slow
A_281,aligned,5.4586250000000005,True,blue,6.05072102873973,0.09545137807586342,fast
A_281,conflict,2.8236250000000003,True,red,6.05072102873973,0.13818345675748964,slow
A_282,aligned,6.078625,True,blue,5.483645647821877,0.08181333310574984,fast
A_282,conflict,2.75775,True,red,5.483645647821877,0.1487928017534144,slow
A_283,aligned,5.249375000000001,True,blue,5.507114472052315,0.0414820460832338,fast
A_283,conflict,2.955375,True,red,5.507114472052315,0.12131558850833174,slow
A_284,aligned,5.5051250000000005,True,blue,5.707926064285003,0.06257676548673771,fast
A_284,conflict,2.8895,True,red,5.707926064285003,0.13352728281479526,slow
A_285,aligned,5.970125,True,blue,5.627417814742345,0.059743119848316414,fast
A_285,conflict,2.637625,True,red,5.627417814742345,0.14399106970332437,slow
A_286,aligned,5.881,True,blue,5.7436616015115565,0.03352070763505628,fast
A_286,conflict,2.9205,True,red,5.7436616015115565,0.16153593034090447,slow
A_287,aligned,5.4935,True,blue,6.099042294570065,0.11160469847503865,fast
A_287,conflict,2.8313750000000004,True,red,6.099042294570065,0.1652805321986896,slow
A_288,aligned,5.85775,True,blue,5.4961727594423095,0.05544706227913462,fast
A_288,conflict,2.9708750000000004,True,red,5.4961727594423095,0.1039262257442458,slow
A_289,aligned,6.12125,True,blue,5.216930595644591,0.11376575412758386,fast
A_289,conflict,2.9515000000000002,True,red,5.216930595644591,0.12393439875620464,slow
A_290,aligned,6.284,True,blue,6.284390437255499,0.00990891125683479,fast
A_290,conflict,3.05225,True,red,6.284390437255499,0.1798936080668159,
A_291,aligned,5.443125,True,blue,5.854639455383752,0.0701347917335409,fast
A_291,conflict,2.777125,True,red,5.854639455383752,0.15478390912388018,slow
A_292,aligned,5.50125,True,blue,5.408245923920303,0.020371392043557042,fast
A_292,conflict,2.8313750000000004,True,red,5.408245923920303,0.14725599672164058,slow
A_293,aligned,6.2646250000000006,True,blue,5.483706768094611,0.11579567949993577,fast
A_293,conflict,2.2578750000000003,True,red,5.483706768094611,0.14202423799622552,slow
A_294,aligned,6.15225,True,blue,5.4352769631705895,0.1421758203118248,fast
A_294,conflict,3.06,True,red,5.4352769631705895,0.15336587273345448,
A_295,aligned,5.5516250000000005,True,blue,5.577507081423962,0.018391717304525483,fast
A_295,conflict,3.071625,True,red,5.577507081423962,0.15509385710542115,
A_296,aligned,6.1290000000000004,True,blue,5.963417376527211,0.026831463585855815,fast
A_296,conflict,2.8352500000000003,True,red,5.963417376527211,0.15460393063873956,slow
A_297,aligned,6.163875,True,blue,5.993790301354295,0.022934181813813122,fast
A_297,conflict,2.89725,True,red,5.993790301354295,0.11879850698851405,slow
A_298,aligned,5.582625,True,blue,5.922652439776914,0.07465186389865097,fast
A_298,conflict,2.8933750000000003,True,red,5.922652439776914,0.15243984055937024,slow
A_299,aligned,5.675625,True,blue,5.934569540740724,0.03861904320651929,fast
A_299,conflict,2.544625,True,red,5.934569540740724,0.13481237401743001,slow
A_300,aligned,6.005,True,blue,5.573924330666303,0.06191574268146046,fast
A_300,conflict,2.8778750000000004,True,red,5.573924330666303,0.12392192658058321,slow
A_301,aligned,5.74925,True,blue,5.602001910379972,0.017952619082145647,fast
A_301,conflict,2.7887500000000003,True,red,5.602001910379972,0.12606147888948274,slow
A_302,aligned,5.3075,True,blue,6.028942160585902,0.11912907508282843,fast
A_302,conflict,2.6260000000000003,True,red,6.028942160585902,0.1606702613505484,slow
A_303,aligned,6.187125,True,blue,6.304422136547114,0.023025214255292047,fast
A_303,conflict,3.009625,True,red,6.304422136547114,0.1681199472131504,
A_304,aligned,6.349875,True,blue,5.483969887109649,0.10471186718378418,fast
A_304,conflict,2.769375,True,red,5.483969887109649,0.13952810276885919,slow
A_305,aligned,6.094125,True,blue,5.544400989402126,0.09807508311457512,fast
A_305,conflict,2.7422500000000003,True,red,5.544400989402126,0.12296739216002311,slow
A_306,aligned,5.799625,True,blue,6.077293646522512,0.06020721217984083,fast
A_306,conflict,2.614375,True,red,6.077293646522512,0.17866816569449218,slow
A_307,aligned,5.443125,True,blue,5.537310288187671,0.010472590626641597,fast
A_307,conflict,2.80425,True,red,5.537310288187671,0.13479775251830992,slow
A_308,aligned,5.9585,True,blue,5.457833509166436,0.0844071386167464,fast
A_308,conflict,2.657,True,red,5.457833509166436,0.15979509884608387,slow
A_309,aligned,6.1057500000000005,True,blue,5.602213667530717,0.08256822474955988,fast
A_309,conflict,2.707375,True,red,5.602213667530717,0.13978750656561137,slow
A_310,aligned,5.512875,True,blue,6.206365728771521,0.10913800051734741,fast
A_310,conflict,2.7035,True,red,6.206365728771521,0.15712358269149912,slow
A_311,aligned,6.098,True,blue,5.816924313348446,0.043840495304962146,fast
A_311,conflict,2.955375,True,red,5.816924313348446,0.14325523909891077,slow
A_312,aligned,5.900375,True,blue,5.763951216783564,0.035743459582075164,fast
A_312,conflict,2.68025,True,red,5.763951216783564,0.1735316781105093,slow
A_313,aligned,4.8115000000000006,True,blue,5.609278452971898,0.11489538561255594,
A_313,conflict,2.9747500000000002,True,red,5.609278452971898,0.12279028214856601,slow
A_314,aligned,5.4818750000000005,True,blue,5.760254454915192,0.06433095583777668,fast
A_314,conflict,3.00575,True,red,5.760254454915192,0.15771479594189733,
A_315,aligned,6.2685,True,blue,5.707103045410838,0.10989242298890496,fast
A_315,conflict,3.0173750000000004,True,red,5.707103045410838,0.15120507066174615,
A_316,aligned,6.156125,True,blue,6.381734232032426,0.03357576518524982,fast
A_316,conflict,3.091,True,red,6.381734232032426,0.16030115421331387,
A_317,aligned,6.063125,True,blue,6.36391407562108,0.06097031531967866,fast
A_317,conflict,2.862375,True,red,6.36391407562108,0.16065253176398547,slow
A_318,aligned,5.912,True,blue,6.348101847722128,0.06371434018627771,fast
A_318,conflict,2.3160000000000003,True,red,6.348101847722128,0.10964531042041589,slow
A_319,aligned,6.0515,True,blue,5.813129420400124,0.04994482014154984,fast
A_319,conflict,3.02125,True,red,5.813129420400124,0.17245925773225373,
A_320,aligned,5.6213750000000005,True,blue,5.881592949262911,0.04873807203122206,fast
A_320,conflict,3.0406250000000004,True,red,5.881592949262911,0.1766359030165031,
A_321,aligned,5.636875,True,blue,5.752153598590104,0.021443225094155388,fast
A_321,conflict,2.8352500000000003,True,red,5.752153598590104,0.16372026889651733,slow
A_322,aligned,6.256875,True,blue,6.201490490713892,0.010975854382380584,fast
A_322,conflict,2.660875,True,red,6.201490490713892,0.17619267988818607,slow
A_323,aligned,5.807375,True,blue,5.317427452297605,0.07837228125529498,fast
A_323,conflict,2.7887500000000003,True,red,5.317427452297605,0.10805340150954328,slow
A_324,aligned,5.71825,True,blue,5.350147361770034,0.04448690979455705,fast
A_324,conflict,2.885625,True,red,5.350147361770034,0.1111023270359457,slow
A_325,aligned,6.26075,True,blue,5.981151603854532,0.0752451159100197,fast
A_325,conflict,2.7655000000000003,True,red,5.981151603854532,0.17339925797757397,slow
A_326,aligned,5.900375,True,blue,5.229091775181697,0.09885883114108819,fast
A_326,conflict,2.653125,True,red,5.229091775181697,0.15402371358707204,slow
A_327,aligned,5.698875,True,blue,6.189901235868838,0.08752115495164162,fast
A_327,conflict,2.955375,True,red,6.189901235868838,0.15075822008878678,slow
A_328,aligned,6.055375,True,blue,5.576529305806827,0.0924713187072817,fast
A_328,conflict,2.722875,True,red,5.576529305806827,0.17707502898953803,slow
A_329,aligned,6.2375,True,blue,5.999243644207214,0.03296973025631789,fast
A_329,conflict,2.746125,True,red,5.999243644207214,0.11134655636017547,slow
A_330,aligned,5.698875,True,blue,6.204427095655659,0.07528801025543605,fast
A_330,conflict,2.66475,True,red,6.204427095655659,0.13184204079589218,slow
A_331,aligned,5.354,True,blue,5.479348065988614,0.018852811465287295,fast
A_331,conflict,2.68025,True,red,5.479348065988614,0.1767726853632509,slow
A_332,aligned,5.8655,True,blue,6.3003971516243915,0.0676518546020811,fast
A_332,conflict,3.172375,True,red,6.3003971516243915,0.1437858043374929,
A_333,aligned,5.8965000000000005,True,blue,5.328320772251305,0.10879272095123872,fast
A_333,conflict,2.9243750000000004,True,red,5.328320772251305,0.15703089738623002,slow
A_334,aligned,5.334625,True,blue,6.134170285772129,0.10293556523171432,fast
A_334,conflict,2.6105,True,red,6.134170285772129,0.15070791682255738,slow
A_335,aligned,5.7802500000000006,True,blue,5.473122483163738,0.05972837117439143,fast
A_335,conflict,2.482625,True,red,5.473122483163738,0.16266060989022385,slow
A_336,aligned,5.931375,True,blue,5.218866987646056,0.10558356442308553,fast
A_336,conflict,2.8275,True,red,5.218866987646056,0.15439551422164155,slow
A_337,aligned,6.07475,True,blue,6.124022704413734,0.012926381815915178,fast
A_337,conflict,2.85075,True,red,6.124022704413734,0.1588343370135873,slow
A_338,aligned,6.2878750000000005,True,blue,5.92980318217834,0.05462684961991316,fast
A_338,conflict,2.8352500000000003,True,red,5.92980318217834,0.14669218562618913,slow
A_339,aligned,6.256875,True,blue,6.189349557012556,0.010005152314232206,fast
A_339,conflict,2.81975,True,red,6.189349557012556,0.12687025494871887,slow
A_340,aligned,5.8345,True,blue,6.370381108856461,0.10540230520904345,fast
A_340,conflict,2.9050000000000002,True,red,6.370381108856461,0.175552509768965,slow
A_341,aligned,6.067,True,blue,5.440435676932655,0.09815993917515786,fast
A_341,conflict,2.792625,True,red,5.440435676932655,0.13732393521469205,slow
A_342,aligned,5.881,True,blue,5.57265823116829,0.061832980761183716,fast
A_342,conflict,2.8701250000000003,True,red,5.57265823116829,0.15799885562353191,slow
A_343,aligned,5.567125,True,blue,5.444132394450903,0.02922581987840925,fast
A_343,conflict,2.8468750000000003,True,red,5.444132394450903,0.15994816898974956,slow
A_344,aligned,5.4121250000000005,True,blue,6.027778213388947,0.12265589534208628,fast
A_344,conflict,2.4903750000000002,True,red,6.027778213388947,0.17358530609863065,slow
A_345,aligned,5.520625,True,blue,5.287502615878848,0.04001720346566446,fast
A_345,conflict,2.5756250000000005,True,red,5.287502615878848,0.16937194987300458,slow
A_346,aligned,6.303375,True,blue,6.346425198540982,0.012886858668454853,fast
A_346,conflict,2.9747500000000002,True,red,6.346425198540982,0.1423352044497508,slow
A_347,aligned,5.807375,True,blue,5.934076765230274,0.04164241475145717,fast
A_347,conflict,2.6453750000000005,True,red,5.934076765230274,0.16241018681232974,slow
A_348,aligned,5.26875,True,blue,5.611883840373732,0.057394021186543756,fast
A_348,conflict,2.8585000000000003,True,red,5.611883840373732,0.13933670493342334,slow
A_349,aligned,5.652375,True,blue,5.679935046435499,0.023792154641865154,fast
A_349,conflict,2.9205,True,red,5.679935046435499,0.1679187818025404,slow
A_350,aligned,5.629125,True,blue,6.243635782431719,0.09624306070285404,fast
A_350,conflict,3.06775,True,red,6.243635782431719,0.1495415179328796,
A_351,aligned,5.722125,True,blue,5.571475113180624,0.03202464361869471,fast
A_351,conflict,2.7383750000000004,True,red,5.571475113180624,0.12034316131872437,slow
A_352,aligned,6.055375,True,blue,5.892259539772519,0.01854182924251923,fast
A_352,conflict,2.68025,True,red,5.892259539772519,0.14678656496549783,slow
A_353,aligned,6.33825,True,blue,6.103848281986625,0.03809020249907511,fast
A_353,conflict,2.5020000000000002,True,red,6.103848281986625,0.12431342991506408,slow
A_354,aligned,6.442875,True,blue,6.142984371161554,0.07164505142994448,
A_354,conflict,2.885625,True,red,6.142984371161554,0.16116184329341576,slow
A_355,aligned,6.22975,True,blue,6.193874359941718,0.012925246239885495,fast
A_355,conflict,3.1568750000000003,True,red,6.193874359941718,0.14471153949396315,
A_356,aligned,5.95075,True,blue,5.729869493264203,0.041438500203496265,fast
A_356,conflict,3.048375,True,red,5.729869493264203,0.15585095409987917,
A_357,aligned,5.745375,True,blue,5.92240715442985,0.04709805155964549,fast
A_357,conflict,2.6260000000000003,True,red,5.92240715442985,0.1704601294942677,slow
A_358,aligned,6.32275,True,blue,5.342711190861142,0.07955687113203057,fast
A_358,conflict,2.8081250000000004,True,red,5.342711190861142,0.10937097437597056,slow
A_359,aligned,5.65625,True,blue,5.226639148642551,0.07911582158170223,fast
A_359,conflict,3.1297500000000005,True,red,5.226639148642551,0.10888028731824123,
A_360,aligned,6.086375,True,blue,5.865772789955082,0.04043344223974584,fast
A_360,conflict,2.91275,True,red,5.865772789955082,0.1630530326588057,slow
A_361,aligned,5.4818750000000005,True,blue,5.529180892599227,0.032559636487132095,fast
A_361,conflict,2.978625,True,red,5.529180892599227,0.15369440718383914,slow
A_362,aligned,5.79575,True,blue,5.627784470342892,0.03223318574588575,fast
A_362,conflict,2.843,True,red,5.627784470342892,0.14676935310082273,slow
A_363,aligned,6.039875,True,blue,6.057228426197755,0.0072518510238334345,fast
A_363,conflict,2.7887500000000003,True,red,6.057228426197755,0.1392450908014044,slow
A_364,aligned,5.99725,True,blue,5.66933451146626,0.07398806910024197,fast
A_364,conflict,2.6686250000000005,True,red,5.66933451146626,0.1755447138723009,slow
A_365,aligned,5.954625,True,blue,6.136945749923978,0.04694570958289699,fast
A_365,conflict,2.955375,True,red,6.136945749923978,0.15466017691731535,slow
A_366,aligned,5.536125,True,blue,5.917603766657942,0.04498554918289185,fast
A_366,conflict,2.746125,True,red,5.917603766657942,0.11408203308809205,slow
A_367,aligned,6.04375,True,blue,5.8007809217787845,0.04422280621652218,fast
A_367,conflict,3.009625,True,red,5.8007809217787845,0.1614184567723817,
A_368,aligned,6.349875,True,blue,5.97531847749768,0.06838408780940793,fast
A_368,conflict,2.77325,True,red,5.97531847749768,0.1732032291302851,slow
A_369,aligned,5.404375,True,blue,5.945842373839336,0.07669956891286484,fast
A_369,conflict,2.9205,True,red,5.945842373839336,0.12404210578356689,slow
A_370,aligned,5.33075,True,blue,5.698381989186372,0.054512803448716805,fast
A_370,conflict,2.505875,True,red,5.698381989186372,0.15294296731521054,slow
A_371,aligned,5.76475,True,blue,5.5182618866785695,0.039967257434534026,fast
A_371,conflict,2.8275,True,red,5.5182618866785695,0.10980330326590015,slow
A_372,aligned,5.74925,True,blue,5.790854307025157,0.010538493734350953,fast
A_372,conflict,2.9747500000000002,True,red,5.790854307025157,0.16023117093055972,slow
A_373,aligned,6.2375,True,blue,5.743733526343553,0.08211458234091353,fast
A_373,conflict,2.529125,True,red,5.743733526343553,0.16852167262811263,slow
A_374,aligned,5.288125,True,blue,5.914641908775924,0.15194562384129215,fast
A_374,conflict,3.056125,True,red,5.914641908775924,0.16944598563566937,
A_375,aligned,5.745375,True,blue,6.044921595814142,0.05944911226019216,fast
A_375,conflict,3.00575,True,red,6.044921595814142,0.17214887987769661,
A_376,aligned,5.450875,True,blue,6.273149425146661,0.1370102360415867,fast
A_376,conflict,3.056125,True,red,6.273149425146661,0.1657277328052269,
A_377,aligned,5.4625,True,blue,5.428775672553444,0.004916629375347873,fast
A_377,conflict,2.7965,True,red,5.428775672553444,0.13570239907041884,slow
A_378,aligned,5.29975,True,blue,5.21021737915577,0.02938032258265607,fast
A_378,conflict,2.75775,True,red,5.21021737915577,0.16028910411445926,slow
A_379,aligned,5.381125,True,blue,6.202521846406072,0.12392858358670332,fast
A_379,conflict,2.8081250000000004,True,red,6.202521846406072,0.13262376300948667,slow
A_380,aligned,5.695,True,blue,6.214725498844685,0.0934949432323436,fast
A_380,conflict,3.0406250000000004,True,red,6.214725498844685,0.1708858480867494,
A_381,aligned,5.687250000000001,True,blue,5.4460477368733455,0.03853174793590032,fast
A_381,conflict,2.8313750000000004,True,red,5.4460477368733455,0.14385219731151536,slow
A_382,aligned,5.419875,True,blue,5.30465120901218,0.025610923452886333,fast
A_382,conflict,3.02125,True,red,5.30465120901218,0.12554162111403908,
A_383,aligned,6.2375,True,blue,5.623119675722742,0.10663453529111293,fast
A_383,conflict,2.591125,True,red,5.623119675722742,0.16579398101176165,slow
B_000,aligned,2.35475,True,red,2.6150682187772154,0.045735327167940855,slow
B_000,conflict,5.466375,True,blue,2.6150682187772154,0.11943752075968773,fast
B_001,aligned,2.606625,True,red,2.7028775558117464,0.037588912833416664,slow
B_001,conflict,5.3191250000000005,True,blue,2.7028775558117464,0.12524242231755484,fast
B_002,aligned,2.513625,True,red,2.3281417495092174,0.027441114586169532,slow
B_002,conflict,5.6175,True,blue,2.3281417495092174,0.11134697606314914,fast
B_003,aligned,2.5097500000000004,True,red,2.4739467604667036,0.013361234377364964,slow
B_003,conflict,5.447,True,blue,2.4739467604667036,0.12016071954548475,fast
B_004,aligned,2.2385,True,red,2.228327834330999,0.005375446195201046,slow
B_004,conflict,5.3385,True,blue,2.228327834330999,0.12509351674035285,fast
B_005,aligned,2.653125,True,red,2.4064405969389258,0.059068038386911756,slow
B_005,conflict,5.261,True,blue,2.4064405969389258,0.16523093955822676,fast
B_006,aligned,2.63375,True,red,2.811350773200703,0.04191737236912696,slow
B_006,conflict,5.350125,True,blue,2.811350773200703,0.15457363635946478,fast
B_007,aligned,2.35475,True,red,2.3987842549268747,0.020793901870323386,slow
B_007,conflict,5.559375,True,blue,2.3987842549268747,0.11202813919250094,fast
B_008,aligned,2.44775,True,red,2.3388115779991496,0.028206750722218402,slow
B_008,conflict,5.3075,True,blue,2.3388115779991496,0.13687842725496757,fast
B_009,aligned,2.874,True,red,2.280989305853029,0.12822220233620987,slow
B_009,conflict,5.109875000000001,True,blue,2.280989305853029,0.17296502781255402,
B_010,aligned,2.428375,True,red,2.4918715816500145,0.019628298384473202,slow
B_010,conflict,6.070875,True,blue,2.4918715816500145,0.14391513825551028,fast
B_011,aligned,2.428375,True,red,2.9543166913904093,0.06976124004392721,slow
B_011,conflict,5.199,True,blue,2.9543166913904093,0.1009498621695658,
B_012,aligned,2.7190000000000003,True,red,2.358526759419515,0.06684445155923634,slow
B_012,conflict,5.443125,True,blue,2.358526759419515,0.14505682885050808,fast
B_013,aligned,2.936,True,red,2.794385359115597,0.03583872160912698,slow
B_013,conflict,5.567125,True,blue,2.794385359115597,0.12037424761877152,fast
B_014,aligned,2.226875,True,red,2.729858948441132,0.07950278614992987,slow
B_014,conflict,5.334625,True,blue,2.729858948441132,0.11731928781412412,fast
B_015,aligned,2.3935000000000004,True,red,2.6262369242071575,0.04295808682888695,slow
B_015,conflict,5.37725,True,blue,2.6262369242071575,0.12556732854001396,fast
B_016,aligned,2.3470000000000004,True,red,2.4668594468815153,0.03530811897378048,slow
B_016,conflict,5.311375,True,blue,2.4668594468815153,0.12314883088139483,fast
B_017,aligned,2.7190000000000003,True,red,2.7921232531110856,0.02211294773863789,slow
B_017,conflict,5.450875,True,blue,2.7921232531110856,0.14544208445108614,fast
B_018,aligned,2.61825,True,red,2.8432662648021116,0.05401059546681045,slow
B_018,conflict,5.29975,True,blue,2.8432662648021116,0.15454045719852558,fast
B_019,aligned,2.451625,True,red,2.5132007240978456,0.016275396119072177,slow
B_019,conflict,6.086375,True,blue,2.5132007240978456,0.10962468748506486,fast
B_020,aligned,2.722875,True,red,2.972898076238495,0.04087312605844907,slow
B_020,conflict,5.629125,True,blue,2.972898076238495,0.09614676904400665,fast
B_021,aligned,2.389625,True,red,2.5799487590776162,0.052813141146660525,slow
B_021,conflict,5.350125,True,blue,2.5799487590776162,0.1304737496515285,fast
B_022,aligned,2.688,True,red,2.80584706871452,0.03291166195113193,slow
B_022,conflict,5.381125,True,blue,2.80584706871452,0.1499613060562951,fast
B_023,aligned,2.4671250000000002,True,red,2.5169938540020986,0.02479446404620978,slow
B_023,conflict,5.65625,True,blue,2.5169938540020986,0.14105358269889123,fast
B_024,aligned,2.4400000000000004,True,red,2.244685101787572,0.03015776802756861,slow
B_024,conflict,5.354,True,blue,2.244685101787572,0.1129115497430687,fast
B_025,aligned,2.86625,True,red,2.602446362144197,0.060263876451048366,slow
B_025,conflict,5.404375,True,blue,2.602446362144197,0.1664538210843742,fast
B_026,aligned,2.6686250000000005,True,red,2.3456166170265655,0.057051766251410375,slow
B_026,conflict,5.29975,True,blue,2.3456166170265655,0.11851226673915786,fast
B_027,aligned,2.3741250000000003,True,red,2.8973369285220523,0.10965307948545985,slow
B_027,conflict,5.946875,True,blue,2.8973369285220523,0.1162977201947146,fast
B_028,aligned,2.4865000000000004,True,red,2.650846162394123,0.02797360808918862,slow
B_028,conflict,6.179375,True,blue,2.650846162394123,0.10911718765175812,fast
B_029,aligned,2.505875,True,red,2.489448063144464,0.004883718260141542,slow
B_029,conflict,5.404375,True,blue,2.489448063144464,0.0928244187739325,fast
B_030,aligned,2.49425,True,red,2.8592229394352073,0.06764066629901119,slow
B_030,conflict,5.264875,True,blue,2.8592229394352073,0.10876455474528376,fast
B_031,aligned,2.6725000000000003,True,red,2.321443551376996,0.05428632065031258,slow
B_031,conflict,5.23775,True,blue,2.321443551376996,0.16709755795596776,fast
B_032,aligned,2.4206250000000002,True,red,2.8445097509731405,0.09508997095406216,slow
B_032,conflict,5.350125,True,blue,2.8445097509731405,0.14649498087237087,fast
B_033,aligned,2.8546250000000004,True,red,2.4316648103587726,0.057118268566884844,slow
B_033,conflict,5.404375,True,blue,2.4316648103587726,0.11693157625199838,fast
B_034,aligned,2.4322500000000002,True,red,2.414988156630852,0.014755796336536914,slow
B_034,conflict,6.156125,True,blue,2.414988156630852,0.13462084134343513,fast
B_035,aligned,2.378,True,red,2.941626846887009,0.07002772027304119,slow
B_035,conflict,5.726,True,blue,2.941626846887009,0.10992522215133968,fast
B_036,aligned,2.81975,True,red,2.731069043608804,0.018742051801583722,slow
B_036,conflict,5.28425,True,blue,2.731069043608804,0.1215005486911292,fast
B_037,aligned,2.49425,True,red,2.518347266716739,0.010425495106585431,slow
B_037,conflict,5.11375,True,blue,2.518347266716739,0.12825983242226321,
B_038,aligned,2.560125,True,red,2.56154590342986,0.009446910363439703,slow
B_038,conflict,5.474125,True,blue,2.56154590342986,0.15941651920402503,fast
B_039,aligned,2.777125,True,red,2.8954136045136583,0.024118768066373558,slow
B_039,conflict,5.536125,True,blue,2.8954136045136583,0.13074955528161866,fast
B_040,aligned,2.684125,True,red,2.4432154764586125,0.03117679270345396,slow
B_040,conflict,5.48575,True,blue,2.4432154764586125,0.10019350447535506,fast
B_041,aligned,2.591125,True,red,2.4642668772262626,0.02453489167070806,slow
B_041,conflict,5.140875,True,blue,2.4642668772262626,0.1127452170540592,
B_042,aligned,2.688,True,red,2.4159640800125124,0.05302374498624395,slow
B_042,conflict,5.404375,True,blue,2.4159640800125124,0.1548551237724109,fast
B_043,aligned,2.9243750000000004,True,red,2.420164275530089,0.060550391952275726,slow
B_043,conflict,5.23775,True,blue,2.420164275530089,0.11526524979311918,fast
B_044,aligned,2.5330000000000004,True,red,2.7091293803228433,0.0333913076281755,slow
B_044,conflict,5.22225,True,blue,2.7091293803228433,0.1194410666738382,fast
B_045,aligned,2.77325,True,red,2.8532198507844835,0.028111291621495175,slow
B_045,conflict,5.633,True,blue,2.8532198507844835,0.13533538967373396,fast
B_046,aligned,2.68025,True,red,2.5759325396811477,0.02219592007968227,slow
B_046,conflict,5.19125,True,blue,2.5759325396811477,0.10188442437300543,
B_047,aligned,2.24625,True,red,2.7726314112568256,0.08444457392904119,slow
B_047,conflict,5.9662500000000005,True,blue,2.7726314112568256,0.11622392468160403,fast
B_048,aligned,2.68025,True,red,2.8166734608036035,0.022384435961196627,slow
B_048,conflict,5.54775,True,blue,2.8166734608036035,0.15302523849552008,fast
B_049,aligned,2.7383750000000004,True,red,2.8278699058695542,0.022676567592336654,slow
B_049,conflict,5.629125,True,blue,2.8278699058695542,0.09838250897768068,fast
B_050,aligned,2.161,True,red,2.4551322009683214,0.02993207031742351,
B_050,conflict,5.326875,True,blue,2.4551322009683214,0.12272722505329296,fast
B_051,aligned,2.366375,True,red,2.554825157035772,0.039213829760703534,slow
B_051,conflict,5.40825,True,blue,2.554825157035772,0.13241580507140532,fast
B_052,aligned,2.6957500000000003,True,red,2.319586795500296,0.052690425700152844,slow
B_052,conflict,5.323,True,blue,2.319586795500296,0.12119884237896403,fast
B_053,aligned,2.5485,True,red,2.77863882495273,0.04555267505834218,slow
B_053,conflict,5.93525,True,blue,2.77863882495273,0.10955194083849812,fast
B_054,aligned,2.68025,True,red,2.3259307935794213,0.051542923956529256,slow
B_054,conflict,5.3191250000000005,True,blue,2.3259307935794213,0.12310347743125506,fast
B_055,aligned,2.44775,True,red,2.6185014441190453,0.03325047454720073,slow
B_055,conflict,5.977875,True,blue,2.6185014441190453,0.09279193890111169,fast
B_056,aligned,2.312125,True,red,2.748010459141722,0.06928362605639304,slow
B_056,conflict,4.931625,True,blue,2.748010459141722,0.11238134589520672,
B_057,aligned,2.288875,True,red,2.3292995278217106,0.010173398230922923,slow
B_057,conflict,5.094375,True,blue,2.3292995278217106,0.17646928139827242,
B_058,aligned,2.75775,True,red,2.616522251068823,0.05341157233943958,slow
B_058,conflict,5.19125,True,blue,2.616522251068823,0.1539656442575098,
B_059,aligned,2.4865000000000004,True,red,2.9590142520709994,0.09407535193940934,slow
B_059,conflict,5.474125,True,blue,2.9590142520709994,0.13803887604297407,fast
B_060,aligned,2.389625,True,red,2.584838947290835,0.03251473961393636,slow
B_060,conflict,5.784125,True,blue,2.584838947290835,0.10489279842417311,fast
B_061,aligned,2.6725000000000003,True,red,2.3915991391268,0.07408622414312258,slow
B_061,conflict,5.102125,True,blue,2.3915991391268,0.17013321913328133,
B_062,aligned,2.7345,True,red,2.5304911849899563,0.04794453729655624,slow
B_062,conflict,5.753125,True,blue,2.5304911849899563,0.14478898195794324,fast
B_063,aligned,2.405125,True,red,2.248179295764967,0.02935959693321577,slow
B_063,conflict,5.20675,True,blue,2.248179295764967,0.17493033213910633,fast
B_064,aligned,2.9941250000000004,True,red,2.936350102027272,0.015050205955261848,slow
B_064,conflict,5.4353750000000005,True,blue,2.936350102027272,0.1151451872533047,fast
B_065,aligned,2.3276250000000003,True,red,2.6879639122839265,0.07182536245893939,slow
B_065,conflict,5.3423750000000005,True,blue,2.6879639122839265,0.12292221953516107,fast
B_066,aligned,2.312125,True,red,2.21947477805641,0.023487540166541105,slow
B_066,conflict,5.26875,True,blue,2.21947477805641,0.1420561014432805,fast
B_067,aligned,2.72675,True,red,2.4877500518830167,0.028767215349321414,slow
B_067,conflict,5.4353750000000005,True,blue,2.4877500518830167,0.12566150153330005,fast
B_068,aligned,2.4322500000000002,True,red,2.2196818240570164,0.048529628719183565,slow
B_068,conflict,5.179625,True,blue,2.2196818240570164,0.13452566443966746,
B_069,aligned,2.40125,True,red,2.221620652927139,0.05044416400641191,slow
B_069,conflict,5.3656250000000005,True,blue,2.221620652927139,0.14797651890800262,fast
B_070,aligned,2.378,True,red,2.73040624493811,0.07122353653983664,slow
B_070,conflict,5.334625,True,blue,2.73040624493811,0.1048464887411038,fast
B_071,aligned,2.753875,True,red,2.2002392173089116,0.10121880867226367,slow
B_071,conflict,5.249375000000001,True,blue,2.2002392173089116,0.17110918277493853,fast
B_072,aligned,2.688,True,red,2.669467639272024,0.011911835026631854,slow
B_072,conflict,5.187375,True,blue,2.669467639272024,0.09817640944955613,
B_073,aligned,2.436125,True,red,2.3986823604268794,0.012511969555368792,slow
B_073,conflict,5.819,True,blue,2.3986823604268794,0.12544073477848697,fast
B_074,aligned,2.8585000000000003,True,red,2.325132176392358,0.1113854941766992,slow
B_074,conflict,5.06725,True,blue,2.325132176392358,0.17209642412432588,
B_075,aligned,2.657,True,red,2.3580932313381737,0.042780319325947065,slow
B_075,conflict,5.249375000000001,True,blue,2.3580932313381737,0.11282748448928638,fast
B_076,aligned,2.40125,True,red,2.226639061628924,0.018172756032496018,slow
B_076,conflict,5.3656250000000005,True,blue,2.226639061628924,0.14530468077512684,fast
B_077,aligned,2.471,True,red,2.643047682262342,0.04392388352436834,slow
B_077,conflict,5.4818750000000005,True,blue,2.643047682262342,0.15145671264036362,fast
B_078,aligned,2.343125,True,red,2.5469422500295766,0.047672747782739736,slow
B_078,conflict,5.25325,True,blue,2.5469422500295766,0.10823087318474772,fast
B_079,aligned,2.560125,True,red,2.7278343755414505,0.04764565064917489,slow
B_079,conflict,5.264875,True,blue,2.7278343755414505,0.13748759854290063,fast
B_080,aligned,2.451625,True,red,2.4978698351711848,0.010952140494271895,slow
B_080,conflict,5.218375,True,blue,2.4978698351711848,0.10987574797968377,fast
B_081,aligned,2.3392500000000003,True,red,2.2155251585953493,0.028734794506823414,slow
B_081,conflict,5.39275,True,blue,2.2155251585953493,0.17961618285707937,fast
B_082,aligned,2.567875,True,red,2.39937209860666,0.025136973859697643,slow
B_082,conflict,5.381125,True,blue,2.39937209860666,0.11605615960505446,fast
B_083,aligned,2.606625,True,red,2.5343902347035714,0.031964639776266776,slow
B_083,conflict,5.23,True,blue,2.5343902347035714,0.11811022338520999,fast
B_084,aligned,2.3508750000000003,True,red,2.868899040902204,0.0680711014988476,slow
B_084,conflict,5.354,True,blue,2.868899040902204,0.1125666516461314,fast
B_085,aligned,2.629875,True,red,2.3568667258765714,0.04851084320183983,slow
B_085,conflict,5.25325,True,blue,2.3568667258765714,0.10929261962526983,fast
B_086,aligned,2.5330000000000004,True,red,2.8595210312789394,0.06851935293208863,slow
B_086,conflict,5.233875,True,blue,2.8595210312789394,0.13556794135020625,fast
B_087,aligned,2.9398750000000002,True,red,2.8680314526063624,0.028343743150690208,slow
B_087,conflict,5.50125,True,blue,2.8680314526063624,0.15496305195227286,fast
B_088,aligned,2.4555000000000002,True,red,2.7812815925953,0.05645815822901338,slow
B_088,conflict,5.419875,True,blue,2.7812815925953,0.1440647220483052,fast
B_089,aligned,2.8817500000000003,True,red,2.810140205454177,0.01896404709242931,slow
B_089,conflict,5.416,True,blue,2.810140205454177,0.13268555840507115,fast
B_090,aligned,2.6260000000000003,True,red,2.5216567690953378,0.010586586129459556,slow
B_090,conflict,5.326875,True,blue,2.5216567690953378,0.12993817103835587,fast
B_091,aligned,2.2307500000000005,True,red,2.4593693159506147,0.03711929743000699,slow
B_091,conflict,5.1525,True,blue,2.4593693159506147,0.11028389651775106,
B_092,aligned,2.2075000000000005,True,red,2.7309034684457387,0.0949061168400433,slow
B_092,conflict,6.12125,True,blue,2.7309034684457387,0.1325137818763254,fast
B_093,aligned,2.3857500000000003,True,red,2.9454460756701675,0.07576628118588788,slow
B_093,conflict,5.4353750000000005,True,blue,2.9454460756701675,0.10310106094453537,fast
B_094,aligned,2.9747500000000002,True,red,2.42127106412703,0.09966126622555184,slow
B_094,conflict,5.47025,True,blue,2.42127106412703,0.14267451243873974,fast
B_095,aligned,2.815875,True,red,2.3322890662235234,0.08591631073844423,slow
B_095,conflict,5.745375,True,blue,2.3322890662235234,0.13218995925929145,fast
B_096,aligned,2.843,True,red,2.8372506147135312,0.005520997349969576,slow
B_096,conflict,5.6446250000000004,True,blue,2.8372506147135312,0.09997374877443518,fast
B_097,aligned,2.44775,True,red,2.438163197851045,0.0109081067474478,slow
B_097,conflict,5.168,True,blue,2.438163197851045,0.1534275417513307,
B_098,aligned,2.9515000000000002,True,red,2.536775678078653,0.07429994355983112,slow
B_098,conflict,5.404375,True,blue,2.536775678078653,0.139787396051691,fast
B_099,aligned,2.250125,True,red,2.3952753897484818,0.03638647947902599,slow
B_099,conflict,6.163875,True,blue,2.3952753897484818,0.11508633920273871,fast
B_100,aligned,2.3470000000000004,True,red,2.4744772520058165,0.021338023351590067,slow
B_100,conflict,6.02825,True,blue,2.4744772520058165,0.10108107267331735,fast
B_101,aligned,2.777125,True,red,2.731235910241782,0.015553081685450587,slow
B_101,conflict,5.257125,True,blue,2.731235910241782,0.14681434677465718,fast
B_102,aligned,2.7887500000000003,True,red,2.3239042758726156,0.11035600672450907,slow
B_102,conflict,5.25325,True,blue,2.3239042758726156,0.17186938892228157,fast
B_103,aligned,2.529125,True,red,2.5249020926712364,0.014807871674405068,slow
B_103,conflict,5.129250000000001,True,blue,2.5249020926712364,0.14562873711011623,
B_104,aligned,2.35475,True,red,2.315007687234768,0.009618497368159794,slow
B_104,conflict,5.34625,True,blue,2.315007687234768,0.11063366510546685,fast
B_105,aligned,2.521375,True,red,2.528108464199357,0.010823761479717536,slow
B_105,conflict,5.40825,True,blue,2.528108464199357,0.11993979071041187,fast
B_106,aligned,2.75775,True,red,2.6288195125030325,0.0292141368245813,slow
B_106,conflict,5.37725,True,blue,2.6288195125030325,0.13608001191521585,fast
B_107,aligned,2.68025,True,red,2.8557812547088917,0.042054705660890174,slow
B_107,conflict,5.28425,True,blue,2.8557812547088917,0.13906398493661107,fast
B_108,aligned,2.862375,True,red,2.759466995485308,0.01865818381745585,slow
B_108,conflict,5.2145,True,blue,2.759466995485308,0.1423818640348649,fast
B_109,aligned,2.3702500000000004,True,red,2.7502419184393374,0.0833609967036954,slow
B_109,conflict,5.42375,True,blue,2.7502419184393374,0.12169744489773299,fast
B_110,aligned,2.3005000000000004,True,red,2.912102342984758,0.09216756527115713,slow
B_110,conflict,5.202875000000001,True,blue,2.912102342984758,0.10535365596988108,fast
B_111,aligned,2.85075,True,red,2.613887244678565,0.05140756528074957,slow
B_111,conflict,5.29975,True,blue,2.613887244678565,0.1630924882935083,fast
B_112,aligned,2.366375,True,red,2.809078405962206,0.07194131634547356,slow
B_112,conflict,5.450875,True,blue,2.809078405962206,0.13137661149115695,fast
B_113,aligned,2.660875,True,red,2.4208730051383305,0.028013475350462086,slow
B_113,conflict,5.354,True,blue,2.4208730051383305,0.09443837520826795,fast
B_114,aligned,3.0445,True,red,2.458933465220578,0.10840482134735752,
B_114,conflict,5.667875,True,blue,2.458933465220578,0.14822228949855704,fast
B_115,aligned,2.8468750000000003,True,red,2.6218694207119504,0.05563414417364054,slow
B_115,conflict,5.261,True,blue,2.6218694207119504,0.12115518984502678,fast
B_116,aligned,2.285,True,red,2.3103382829431536,0.014815597199797066,slow
B_116,conflict,5.261,True,blue,2.3103382829431536,0.16718361005884758,fast
B_117,aligned,2.7151250000000005,True,red,2.547413731549619,0.04518121891518922,slow
B_117,conflict,5.28425,True,blue,2.547413731549619,0.11406500404216352,fast
B_118,aligned,2.637625,True,red,2.286359743940872,0.07822854653317142,slow
B_118,conflict,5.2145,True,blue,2.286359743940872,0.1835179569906978,fast
B_119,aligned,2.68025,True,red,2.5634271728211475,0.03679270699518307,slow
B_119,conflict,5.37725,True,blue,2.5634271728211475,0.15712531340626418,fast
B_120,aligned,2.71125,True,red,2.7228395013924502,0.012400456001925256,slow
B_120,conflict,5.559375,True,blue,2.7228395013924502,0.13634588527203573,fast
B_121,aligned,2.7848750000000004,True,red,2.944527256753111,0.02855527409831746,slow
B_121,conflict,5.54,True,blue,2.944527256753111,0.16521963800779454,fast
B_122,aligned,2.4167500000000004,True,red,2.5935384263707975,0.039890561053761334,slow
B_122,conflict,5.34625,True,blue,2.5935384263707975,0.15772495969225897,fast
B_123,aligned,2.8701250000000003,True,red,2.791628904256377,0.028082718007449135,slow
B_123,conflict,5.53225,True,blue,2.791628904256377,0.16654023219150557,fast
B_124,aligned,2.29275,True,red,2.799967875725006,0.08016016742192422,slow
B_124,conflict,5.5748750000000005,True,blue,2.799967875725006,0.11374062373680116,fast
B_125,aligned,2.366375,True,red,2.215753623285525,0.027008467851470028,slow
B_125,conflict,5.60975,True,blue,2.215753623285525,0.125594054701423,fast
B_126,aligned,2.657,True,red,2.4396957356101376,0.045446731483444636,slow
B_126,conflict,5.42375,True,blue,2.4396957356101376,0.11579959498068393,fast
B_127,aligned,2.513625,True,red,2.8792174636867425,0.07450013229039258,slow
B_127,conflict,5.373375,True,blue,2.8792174636867425,0.16821315267995077,fast
B_128,aligned,2.839125,True,red,2.554176487120668,0.06407844182227389,slow
B_128,conflict,5.416,True,blue,2.554176487120668,0.1442286312796823,fast
B_129,aligned,3.001875,True,red,2.6263818667900822,0.06403135701334248,
B_129,conflict,5.26875,True,blue,2.6263818667900822,0.14042007274807905,fast
B_130,aligned,2.6918750000000005,True,red,2.7112066042628182,0.008366632215942553,slow
B_130,conflict,5.636875,True,blue,2.7112066042628182,0.14250361758578445,fast
B_131,aligned,2.250125,True,red,2.543932221928491,0.06245709935368412,slow
B_131,conflict,5.4315,True,blue,2.543932221928491,0.11354647997830275,fast
B_132,aligned,2.3741250000000003,True,red,2.6518347214700424,0.06968388173794221,slow
B_132,conflict,5.11375,True,blue,2.6518347214700424,0.15695080621868507,
B_133,aligned,2.505875,True,red,2.8065120444949265,0.050004385509123464,slow
B_133,conflict,5.032375,True,blue,2.8065120444949265,0.12545411372840667,
B_134,aligned,2.366375,True,red,2.436730943935343,0.011666368736389706,slow
B_134,conflict,5.3695,True,blue,2.436730943935343,0.10621148426731357,fast
B_135,aligned,2.44775,True,red,2.444460998694496,0.009757021934217302,slow
B_135,conflict,5.16025,True,blue,2.444460998694496,0.10490223226183171,
B_136,aligned,2.8817500000000003,True,red,2.8177325607584276,0.017938349949642465,slow
B_136,conflict,5.42375,True,blue,2.8177325607584276,0.14806221333698885,fast
B_137,aligned,2.699625,True,red,2.595599777265887,0.016559980401791834,slow
B_137,conflict,5.695,True,blue,2.595599777265887,0.10727539464907315,fast
B_138,aligned,2.4787500000000002,True,red,2.9495178375386453,0.07647878442306116,slow
B_138,conflict,5.373375,True,blue,2.9495178375386453,0.12206247338988949,fast
B_139,aligned,3.091,True,red,2.4491828798583777,0.07839907629260472,
B_139,conflict,5.846125,True,blue,2.4491828798583777,0.09787947209564977,fast
B_140,aligned,2.552375,True,red,2.929787112996426,0.0487186545028258,slow
B_140,conflict,5.311375,True,blue,2.929787112996426,0.09349780877932364,fast
B_141,aligned,2.6260000000000003,True,red,2.4349857894229054,0.04692222836874865,slow
B_141,conflict,5.233875,True,blue,2.4349857894229054,0.1684120937048633,fast
B_142,aligned,2.978625,True,red,2.5370674066861914,0.08000930718373024,slow
B_142,conflict,5.478,True,blue,2.5370674066861914,0.15023545679098962,fast
B_143,aligned,2.498125,True,red,2.826416484500315,0.07588587989608489,slow
B_143,conflict,6.22975,True,blue,2.826416484500315,0.1392498328412875,fast
B_144,aligned,2.552375,True,red,2.6591283962747805,0.03375381893267624,slow
B_144,conflict,5.819,True,blue,2.6591283962747805,0.14285709187439002,fast
B_145,aligned,2.3315,True,red,2.7831503025359337,0.06827506325593677,slow
B_145,conflict,5.082750000000001,True,blue,2.7831503025359337,0.11942228224837549,
B_146,aligned,2.5020000000000002,True,red,2.821775475659525,0.04050281085028942,slow
B_146,conflict,5.466375,True,blue,2.821775475659525,0.10671908436661881,fast
B_147,aligned,2.815875,True,red,2.518876097648621,0.042993959390331314,slow
B_147,conflict,5.171875,True,blue,2.518876097648621,0.12359240834788546,
B_148,aligned,2.405125,True,red,2.591328001939601,0.029878914015281057,slow
B_148,conflict,5.323,True,blue,2.591328001939601,0.13694476651789272,fast
B_149,aligned,2.521375,True,red,2.4342384030001014,0.01092183007862582,slow
B_149,conflict,5.5051250000000005,True,blue,2.4342384030001014,0.10137033977503508,fast
B_150,aligned,2.781,True,red,2.8798234353759016,0.02346306962002532,slow
B_150,conflict,5.931375,True,blue,2.8798234353759016,0.13467185949018032,fast
B_151,aligned,2.3392500000000003,True,red,2.5744230147291463,0.060937799408632906,slow
B_151,conflict,5.478,True,blue,2.5744230147291463,0.11795247191529319,fast
B_152,aligned,2.653125,True,red,2.4892875209756546,0.03429317882593639,slow
B_152,conflict,5.29975,True,blue,2.4892875209756546,0.12005340734051259,fast
B_153,aligned,2.521375,True,red,2.607604136492806,0.020475050117356074,slow
B_153,conflict,5.354,True,blue,2.607604136492806,0.14949998901545944,fast
B_154,aligned,2.58725,True,red,2.7790484746512263,0.042553167818499264,slow
B_154,conflict,6.24525,True,blue,2.7790484746512263,0.11556162521421541,fast
B_155,aligned,2.653125,True,red,2.646018186920384,0.011077411960536167,slow
B_155,conflict,6.047625,True,blue,2.646018186920384,0.10373275010451398,fast
B_156,aligned,2.595,True,red,2.990430798044205,0.06680267865973184,slow
B_156,conflict,5.264875,True,blue,2.990430798044205,0.11637820163180794,fast
B_157,aligned,2.195875,True,red,2.831132472697155,0.09749439358881531,
B_157,conflict,5.520625,True,blue,2.831132472697155,0.11226369581433196,fast
B_158,aligned,2.482625,True,red,2.271066866933851,0.026447418312017065,slow
B_158,conflict,5.536125,True,blue,2.271066866933851,0.09944193669493709,fast
B_159,aligned,2.513625,True,red,2.911806612277098,0.06841445621921342,slow
B_159,conflict,5.303625,True,blue,2.911806612277098,0.12782661534529235,fast
B_160,aligned,2.4865000000000004,True,red,2.737446715150632,0.037882935211921404,slow
B_160,conflict,6.698625,True,blue,2.737446715150632,0.10319994188283295,
B_161,aligned,2.583375,True,red,2.794532473648764,0.024004469917991666,slow
B_161,conflict,6.0360000000000005,True,blue,2.794532473648764,0.10005700015907366,fast
B_162,aligned,2.273375,True,red,2.915466915374579,0.12896876254505732,slow
B_162,conflict,5.33075,True,blue,2.915466915374579,0.15840165298800318,fast
B_163,aligned,2.6686250000000005,True,red,2.7638546641520394,0.022656695290520234,slow
B_163,conflict,5.51675,True,blue,2.7638546641520394,0.13278838506204216,fast
B_164,aligned,2.7422500000000003,True,red,2.447315360973315,0.05172416969938039,slow
B_164,conflict,5.2765,True,blue,2.447315360973315,0.14118636460032777,fast
B_165,aligned,2.3935000000000004,True,red,2.8056402635953717,0.07484719750053097,slow
B_165,conflict,5.34625,True,blue,2.8056402635953717,0.10232665567610544,fast
B_166,aligned,2.285,True,red,2.846482674003389,0.10359305812874701,slow
B_166,conflict,6.125125,True,blue,2.846482674003389,0.11209632208822996,fast
B_167,aligned,2.7383750000000004,True,red,2.816512415728767,0.03122461968422681,slow
B_167,conflict,5.450875,True,blue,2.816512415728767,0.1195862037965872,fast
B_168,aligned,2.4090000000000003,True,red,2.5614546600719255,0.0206333680132324,slow
B_168,conflict,5.4005,True,blue,2.5614546600719255,0.13460541169921453,fast
B_169,aligned,2.4671250000000002,True,red,2.462018111828705,0.014740812172549349,slow
B_169,conflict,5.1215,True,blue,2.462018111828705,0.12360518517217799,
B_170,aligned,2.4632500000000004,True,red,2.3752513392337864,0.010787016619452623,slow
B_170,conflict,5.1215,True,blue,2.3752513392337864,0.09138346126003687,
B_171,aligned,2.57175,True,red,2.678239655644871,0.030658452524244737,slow
B_171,conflict,5.156375000000001,True,blue,2.678239655644871,0.1246749762193336,
B_172,aligned,2.3973750000000003,True,red,2.5690389196566548,0.03922825137886423,slow
B_172,conflict,5.133125,True,blue,2.5690389196566548,0.13425054164086134,
B_173,aligned,2.5756250000000005,True,red,2.2620571163313477,0.05011762453906438,slow
B_173,conflict,5.760875,True,blue,2.2620571163313477,0.12009723528249794,fast
B_174,aligned,2.482625,True,red,2.988272788678745,0.07618938433699302,slow
B_174,conflict,5.5555,True,blue,2.988272788678745,0.09156409096885271,fast
B_175,aligned,2.4167500000000004,True,red,2.354011128192131,0.006759239626587698,slow
B_175,conflict,5.323,True,blue,2.354011128192131,0.10300563657259804,fast
B_176,aligned,2.3625000000000003,True,red,2.655205438274347,0.060734952054681865,slow
B_176,conflict,5.474125,True,blue,2.655205438274347,0.1347466845230117,fast
B_177,aligned,2.7422500000000003,True,red,2.345622291244516,0.064108747118964,slow
B_177,conflict,5.350125,True,blue,2.345622291244516,0.14312214390932082,fast
B_178,aligned,2.8236250000000003,True,red,2.4860494159572677,0.061087708207066646,slow
B_178,conflict,5.22225,True,blue,2.4860494159572677,0.14688441696892365,fast
B_179,aligned,2.4322500000000002,True,red,2.7630931344684733,0.06702592840277517,slow
B_179,conflict,5.34625,True,blue,2.7630931344684733,0.11670090251381565,fast
B_180,aligned,2.8352500000000003,True,red,2.9017593993285127,0.02519035295353304,slow
B_180,conflict,5.474125,True,blue,2.9017593993285127,0.118405685287257,fast
B_181,aligned,2.85075,True,red,2.9896794886264497,0.021258251771585666,slow
B_181,conflict,6.005,True,blue,2.9896794886264497,0.13444313470705418,fast
B_182,aligned,2.3702500000000004,True,red,2.3660839123308968,0.019434928844066737,slow
B_182,conflict,5.29975,True,blue,2.3660839123308968,0.15237855503733833,fast
B_183,aligned,2.567875,True,red,2.2473713312593193,0.0369347622133781,slow
B_183,conflict,5.179625,True,blue,2.2473713312593193,0.10923492107293438,
B_184,aligned,2.358625,True,red,2.6688300771435673,0.07635180897212607,slow
B_184,conflict,5.272625000000001,True,blue,2.6688300771435673,0.15000522109766387,fast
B_185,aligned,2.389625,True,red,2.610454546287312,0.050911077374501866,slow
B_185,conflict,5.869375,True,blue,2.610454546287312,0.12709899556093698,fast
B_186,aligned,2.544625,True,red,2.34668323628878,0.01718625253403263,slow
B_186,conflict,5.3191250000000005,True,blue,2.34668323628878,0.14132694764778383,fast
B_187,aligned,2.6453750000000005,True,red,2.3332893791675255,0.046210404915596366,slow
B_187,conflict,5.733750000000001,True,blue,2.3332893791675255,0.10996986952098346,fast
B_188,aligned,2.80425,True,red,2.783923562647801,0.013505158079696196,slow
B_188,conflict,5.7725,True,blue,2.783923562647801,0.13308219645917546,fast
B_189,aligned,2.5988750000000005,True,red,2.373074147397655,0.0372869794355423,slow
B_189,conflict,5.23,True,blue,2.373074147397655,0.12080451869224804,fast
B_190,aligned,2.40125,True,red,2.602391897778876,0.030845239875567153,slow
B_190,conflict,5.474125,True,blue,2.602391897778876,0.0990298962058545,fast
B_191,aligned,2.8546250000000004,True,red,2.674918990971262,0.020954370158609407,slow
B_191,conflict,5.4625,True,blue,2.674918990971262,0.13131324257620922,fast
B_192,aligned,2.381875,True,red,2.4881428652482263,0.014619559521181177,slow
B_192,conflict,5.1835,True,blue,2.4881428652482263,0.11252481871133636,
B_193,aligned,2.35475,True,red,2.364294482289853,0.008397478590292176,slow
B_193,conflict,5.39275,True,blue,2.364294482289853,0.10793909208216473,fast
B_194,aligned,2.72675,True,red,2.2001851088658193,0.08190503321622175,slow
B_194,conflict,5.74925,True,blue,2.2001851088658193,0.12729490143274327,fast
B_195,aligned,2.1881250000000003,True,red,2.4536893542561495,0.04663905027124925,
B_195,conflict,5.93525,True,blue,2.4536893542561495,0.11022757050585306,fast
B_196,aligned,2.730625,True,red,2.9102865178713637,0.028686552536083137,slow
B_196,conflict,5.416,True,blue,2.9102865178713637,0.13572686039653303,fast
B_197,aligned,2.8895,True,red,2.8965226473792045,0.011792094614084514,slow
B_197,conflict,5.2958750000000006,True,blue,2.8965226473792045,0.1549247523957746,fast
B_198,aligned,2.629875,True,red,2.456408751432405,0.02166089085458727,slow
B_198,conflict,5.687250000000001,True,blue,2.456408751432405,0.11023129622748731,fast
B_199,aligned,2.86625,True,red,2.8679287872514996,0.014936246177960057,slow
B_199,conflict,5.660125,True,blue,2.8679287872514996,0.1400512331983529,fast
B_200,aligned,2.451625,True,red,2.690950871977117,0.05083784506814401,slow
B_200,conflict,5.373375,True,blue,2.690950871977117,0.15181816211302476,fast
B_201,aligned,2.8352500000000003,True,red,2.2435787721645566,0.06515450844140323,slow
B_201,conflict,5.4818750000000005,True,blue,2.2435787721645566,0.10377885762798057,fast
B_202,aligned,2.564,True,red,2.5683362287403977,0.0066980132629064675,slow
B_202,conflict,5.288125,True,blue,2.5683362287403977,0.13553868721680462,fast
B_203,aligned,3.05225,True,red,2.5594863436488304,0.07657909354096788,
B_203,conflict,5.264875,True,blue,2.5594863436488304,0.11256932695756802,fast
B_204,aligned,3.20725,True,red,2.9900675027388477,0.043930917114362186,
B_204,conflict,5.171875,True,blue,2.9900675027388477,0.12524332400037438,
B_205,aligned,2.4400000000000004,True,red,2.3821164119701272,0.010035882680875498,slow
B_205,conflict,5.0905000000000005,True,blue,2.3821164119701272,0.11683554453145517,
B_206,aligned,2.9941250000000004,True,red,2.299287846049436,0.0823085546432994,slow
B_206,conflict,5.357875,True,blue,2.299287846049436,0.11629900677016178,fast
B_207,aligned,2.312125,True,red,2.2555303382463805,0.014169042211849581,slow
B_207,conflict,5.171875,True,blue,2.2555303382463805,0.1455692038873662,
B_208,aligned,2.3857500000000003,True,red,2.681171310237142,0.05039050023734864,slow
B_208,conflict,4.81925,True,blue,2.681171310237142,0.09538038562787957,
B_209,aligned,2.95925,True,red,2.531175048389805,0.09214954361174428,slow
B_209,conflict,5.45475,True,blue,2.531175048389805,0.14954238212247054,fast
B_210,aligned,2.536875,True,red,2.459852523697214,0.026141294600454248,slow
B_210,conflict,5.776375,True,blue,2.459852523697214,0.13815287367542928,fast
B_211,aligned,2.5330000000000004,True,red,2.8061229645926216,0.0694888030274325,slow
B_211,conflict,5.5981250000000005,True,blue,2.8061229645926216,0.16208240036658406,fast
B_212,aligned,2.4206250000000002,True,red,2.611363627258413,0.03960055080165709,slow
B_212,conflict,5.311375,True,blue,2.611363627258413,0.11839563572952379,fast
B_213,aligned,2.459375,True,red,2.4846622350274274,0.019416242365708172,slow
B_213,conflict,5.65625,True,blue,2.4846622350274274,0.14286694896376873,fast
B_214,aligned,2.862375,True,red,2.2263256118360575,0.11091720672540213,slow
B_214,conflict,5.3695,True,blue,2.2263256118360575,0.14954767716006748,fast
B_215,aligned,2.5485,True,red,2.46273830172245,0.017809933806094344,slow
B_215,conflict,5.5245,True,blue,2.46273830172245,0.17111595432097,fast
B_216,aligned,2.6918750000000005,True,red,2.8644943508761735,0.046136415755217264,slow
B_216,conflict,5.326875,True,blue,2.8644943508761735,0.10671190739215518,fast
B_217,aligned,2.7848750000000004,True,red,2.6149614268251877,0.030704871864758055,slow
B_217,conflict,5.629125,True,blue,2.6149614268251877,0.12013779657395701,fast
B_218,aligned,2.343125,True,red,2.6397878234160177,0.07779769350527987,slow
B_218,conflict,5.3385,True,blue,2.6397878234160177,0.14335131919257096,fast
B_219,aligned,2.7965,True,red,2.7713958167560184,0.0050466769280940495,slow
B_219,conflict,5.478,True,blue,2.7713958167560184,0.10579580596555291,fast
B_220,aligned,2.707375,True,red,2.3162490082857494,0.061758129340951116,slow
B_220,conflict,5.42375,True,blue,2.3162490082857494,0.11944038871500265,fast
B_221,aligned,2.862375,True,red,2.4754312355752277,0.06633328452112336,slow
B_221,conflict,5.48575,True,blue,2.4754312355752277,0.14708725642756312,fast
B_222,aligned,2.4787500000000002,True,red,2.8447085199398807,0.07800522074666938,slow
B_222,conflict,6.1057500000000005,True,blue,2.8447085199398807,0.14206577933546705,fast
B_223,aligned,2.5020000000000002,True,red,2.8140920383689627,0.04426804742059717,slow
B_223,conflict,5.6175,True,blue,2.8140920383689627,0.09932882416886538,fast
B_224,aligned,2.498125,True,red,2.76893588375165,0.05449913314240262,slow
B_224,conflict,5.512875,True,blue,2.76893588375165,0.13291454141932382,fast
B_225,aligned,2.4438750000000002,True,red,2.946074758812407,0.0907214104696321,slow
B_225,conflict,5.22225,True,blue,2.946074758812407,0.15650195690342458,fast
B_226,aligned,2.3160000000000003,True,red,2.335356579086605,0.007573867729682021,slow
B_226,conflict,5.22225,True,blue,2.335356579086605,0.12651754643009125,fast
B_227,aligned,2.2540000000000004,True,red,2.7949498863353224,0.06331867968779738,slow
B_227,conflict,5.40825,True,blue,2.7949498863353224,0.0991598807174588,fast
B_228,aligned,2.7190000000000003,True,red,2.942132002468196,0.030168669095847245,slow
B_228,conflict,5.37725,True,blue,2.942132002468196,0.10601403469051388,fast
B_229,aligned,2.7655000000000003,True,red,2.5364717069526317,0.04373534335177078,slow
B_229,conflict,5.47025,True,blue,2.5364717069526317,0.14470961575538643,fast
B_230,aligned,2.4903750000000002,True,red,2.510777989057731,0.026909535104398658,slow
B_230,conflict,5.19125,True,blue,2.510777989057731,0.1347557391020199,
B_231,aligned,2.30825,True,red,2.6716284613275834,0.09187465392680877,slow
B_231,conflict,5.5748750000000005,True,blue,2.6716284613275834,0.16207155471951074,fast
B_232,aligned,2.7383750000000004,True,red,2.682903715107616,0.0187598570537979,slow
B_232,conflict,5.40825,True,blue,2.682903715107616,0.1261029245620416,fast
B_233,aligned,2.8275,True,red,2.234524891167457,0.09047471581830681,slow
B_233,conflict,6.32275,True,blue,2.234524891167457,0.10885779687583293,fast
B_234,aligned,2.722875,True,red,2.7289236346551657,0.011314255467183348,slow
B_234,conflict,5.31525,True,blue,2.7289236346551657,0.15121243580436644,fast
B_235,aligned,2.3741250000000003,True,red,2.2441594400998044,0.029702577767389708,slow
B_235,conflict,5.3656250000000005,True,blue,2.2441594400998044,0.13544879645554203,fast
B_236,aligned,2.9398750000000002,True,red,2.5910099222379386,0.05972626059880731,slow
B_236,conflict,5.2145,True,blue,2.5910099222379386,0.11128468767802449,fast
B_237,aligned,2.6725000000000003,True,red,2.4659971248584136,0.0416051942848833,slow
B_237,conflict,5.404375,True,blue,2.4659971248584136,0.11853699436536631,fast
B_238,aligned,2.366375,True,red,2.8036373121055673,0.07112498240427027,slow
B_238,conflict,5.357875,True,blue,2.8036373121055673,0.09961182867354147,fast
B_239,aligned,2.1765000000000003,True,red,2.6504132521139305,0.09875225697776027,
B_239,conflict,5.357875,True,blue,2.6504132521139305,0.13174066639040038,fast
B_240,aligned,2.335375,True,red,2.457981828769527,0.02532810980576433,slow
B_240,conflict,5.722125,True,blue,2.457981828769527,0.12786903567124647,fast
B_241,aligned,2.5330000000000004,True,red,2.5695967364853507,0.007402435508528295,slow
B_241,conflict,5.357875,True,blue,2.5695967364853507,0.14537405740753945,fast
B_242,aligned,2.451625,True,red,2.955395882518486,0.10885976550515591,slow
B_242,conflict,5.404375,True,blue,2.955395882518486,0.12726015513105773,fast
B_243,aligned,2.3005000000000004,True,red,2.6762083455452443,0.0621788689999596,slow
B_243,conflict,5.4625,True,blue,2.6762083455452443,0.1344420714182177,fast
B_244,aligned,2.366375,True,red,2.227052704686754,0.025130489307809735,slow
B_244,conflict,5.28425,True,blue,2.227052704686754,0.09325083219910753,fast
B_245,aligned,2.6686250000000005,True,red,2.511854242763314,0.0310002078916032,slow
B_245,conflict,5.288125,True,blue,2.511854242763314,0.1255153904181326,fast
B_246,aligned,2.7345,True,red,2.9098696078888295,0.038289446056853,slow
B_246,conflict,5.29975,True,blue,2.9098696078888295,0.15484695229405407,fast
B_247,aligned,2.8817500000000003,True,red,2.883514003264542,0.0124368433643068,slow
B_247,conflict,5.687250000000001,True,blue,2.883514003264542,0.14996341927984597,fast
B_248,aligned,2.7383750000000004,True,red,2.8424653582110007,0.021129340419777917,slow
B_248,conflict,5.23,True,blue,2.8424653582110007,0.12647366394918313,fast
B_249,aligned,2.769375,True,red,2.850705705302486,0.014600504648644465,slow
B_249,conflict,5.4935,True,blue,2.850705705302486,0.13426842742045714,fast
B_250,aligned,2.932125,True,red,2.690556171255504,0.05723039840173009,slow
B_250,conflict,5.25325,True,blue,2.690556171255504,0.14981696430449987,fast
B_251,aligned,3.00575,True,red,2.9805842742155013,0.011720077634850726,
B_251,conflict,5.354,True,blue,2.9805842742155013,0.10851095248667808,fast
B_252,aligned,2.3237500000000004,True,red,2.3005194459545226,0.006424632222377152,slow
B_252,conflict,5.3888750000000005,True,blue,2.3005194459545226,0.11977053666602372,fast
B_253,aligned,2.781,True,red,2.9583698180287827,0.04937677778047185,slow
B_253,conflict,5.280375,True,blue,2.9583698180287827,0.16362991448127673,fast
B_254,aligned,2.7035,True,red,2.8177115710569183,0.029950664865545536,slow
B_254,conflict,5.218375,True,blue,2.8177115710569183,0.16154232730539733,fast
B_255,aligned,2.250125,True,red,2.9410907673966746,0.12416905563763209,slow
B_255,conflict,5.88875,True,blue,2.9410907673966746,0.12757145577908632,fast
B_256,aligned,3.009625,True,red,2.3730666709215718,0.1040493070376013,
B_256,conflict,5.726,True,blue,2.3730666709215718,0.12451675294608865,fast
B_257,aligned,3.032875,True,red,2.2897026457282785,0.1334442899559091,
B_257,conflict,4.823125,True,blue,2.2897026457282785,0.1375666276650715,
B_258,aligned,2.753875,True,red,2.7515499726259414,0.009439177585911715,slow
B_258,conflict,5.47025,True,blue,2.7515499726259414,0.14699411591199388,fast
B_259,aligned,2.595,True,red,2.481291404261917,0.017187037104960144,slow
B_259,conflict,5.37725,True,blue,2.481291404261917,0.09983826009946677,fast
B_260,aligned,2.955375,True,red,2.6867830970259474,0.0566985204549233,slow
B_260,conflict,5.20675,True,blue,2.6867830970259474,0.15287579478038643,fast
B_261,aligned,2.7190000000000003,True,red,2.722215448999674,0.01931467238791732,slow
B_261,conflict,5.3075,True,blue,2.722215448999674,0.13951471619689915,fast
B_262,aligned,2.7035,True,red,2.617292249303928,0.017613960525956724,slow
B_262,conflict,5.34625,True,blue,2.617292249303928,0.16207550779208948,fast
B_263,aligned,2.94375,True,red,2.26986239528714,0.09879144871492063,slow
B_263,conflict,5.53225,True,blue,2.26986239528714,0.1182528303193289,fast
B_264,aligned,2.521375,True,red,2.869643830894396,0.059926024480850264,slow
B_264,conflict,5.311375,True,blue,2.869643830894396,0.13296112639213156,fast
B_265,aligned,2.6260000000000003,True,red,2.6081281732648502,0.011836563502385666,slow
B_265,conflict,5.2765,True,blue,2.6081281732648502,0.15701815949123818,fast
B_266,aligned,2.769375,True,red,2.722810343315916,0.02056669000036814,slow
B_266,conflict,5.25325,True,blue,2.722810343315916,0.14189552441594175,fast
B_267,aligned,2.8933750000000003,True,red,2.9861337964298493,0.024923613219183696,slow
B_267,conflict,5.133125,True,blue,2.9861337964298493,0.10408695803839063,
B_268,aligned,3.048375,True,red,2.994718198397617,0.01317795524606309,
B_268,conflict,5.629125,True,blue,2.994718198397617,0.11165429403454644,fast
B_269,aligned,2.8933750000000003,True,red,2.9974288846385075,0.027938358202197384,slow
B_269,conflict,5.419875,True,blue,2.9974288846385075,0.10320910838413443,fast
B_270,aligned,2.536875,True,red,2.9849253459087866,0.09159843346773384,slow
B_270,conflict,5.443125,True,blue,2.9849253459087866,0.12927819027073412,fast
B_271,aligned,2.536875,True,red,2.94950054156028,0.059018825058205396,slow
B_271,conflict,5.199,True,blue,2.94950054156028,0.08633385335878997,
B_272,aligned,2.4206250000000002,True,red,2.890357010982031,0.10742482912285967,slow
B_272,conflict,5.218375,True,blue,2.890357010982031,0.1451270554814811,fast
B_273,aligned,2.9476250000000004,True,red,2.476898535360248,0.08018605365527778,slow
B_273,conflict,5.36175,True,blue,2.476898535360248,0.13273051635767064,fast
B_274,aligned,2.49425,True,red,2.953547065777066,0.08452254567774573,slow
B_274,conflict,5.737625,True,blue,2.953547065777066,0.09948032054664874,fast
B_275,aligned,2.8468750000000003,True,red,2.8134566696816043,0.009950508043154633,slow
B_275,conflict,5.26875,True,blue,2.8134566696816043,0.11900302535970762,fast
B_276,aligned,2.564,True,red,2.2083687050138923,0.06674827282636553,slow
B_276,conflict,5.3423750000000005,True,blue,2.2083687050138923,0.17798641347579014,fast
B_277,aligned,2.66475,True,red,2.840246693126768,0.01982356559462716,slow
B_277,conflict,6.2646250000000006,True,blue,2.840246693126768,0.09993177621723297,fast
B_278,aligned,2.358625,True,red,2.2244376103053045,0.01167746956602059,slow
B_278,conflict,5.4005,True,blue,2.2244376103053045,0.14131765385337497,fast
B_279,aligned,2.3392500000000003,True,red,2.3381390579707175,0.018965829991135174,slow
B_279,conflict,5.257125,True,blue,2.3381390579707175,0.15677852777377188,fast
B_280,aligned,2.9282500000000002,True,red,2.9847175807132897,0.02954500885477593,slow
B_280,conflict,5.4935,True,blue,2.9847175807132897,0.12147849861030931,fast
B_281,aligned,2.49425,True,red,2.673794765394291,0.04710660177211178,slow
B_281,conflict,5.357875,True,blue,2.673794765394291,0.13218196476196528,fast
B_282,aligned,2.7035,True,red,2.433154228473991,0.03597514409955042,slow
B_282,conflict,5.334625,True,blue,2.433154228473991,0.14006024555052973,fast
B_283,aligned,2.7190000000000003,True,red,2.937563383695726,0.033467140112464266,slow
B_283,conflict,5.4005,True,blue,2.937563383695726,0.10695767700748914,fast
B_284,aligned,2.71125,True,red,2.9449224903567464,0.053947398294384004,slow
B_284,conflict,5.257125,True,blue,2.9449224903567464,0.13291582630766952,fast
B_285,aligned,2.7848750000000004,True,red,2.5156917708446973,0.03628256967696846,slow
B_285,conflict,5.34625,True,blue,2.5156917708446973,0.11296556612156587,fast
B_286,aligned,2.61825,True,red,2.5810241564462775,0.011496770618593687,slow
B_286,conflict,5.57875,True,blue,2.5810241564462775,0.12325637940941063,fast
B_287,aligned,2.436125,True,red,2.737096389900691,0.043990364680917333,slow
B_287,conflict,5.2145,True,blue,2.737096389900691,0.11464107983568218,fast
B_288,aligned,2.8546250000000004,True,red,2.4624318538882184,0.05586270962984262,slow
B_288,conflict,5.56325,True,blue,2.4624318538882184,0.10824414535271175,fast
B_289,aligned,2.63375,True,red,2.8991773570002124,0.05536959783030035,slow
B_289,conflict,5.9895000000000005,True,blue,2.8991773570002124,0.11979945454987515,fast
B_290,aligned,2.9398750000000002,True,red,2.883149220834762,0.015991941301218608,slow
B_290,conflict,5.40825,True,blue,2.883149220834762,0.13438619241490996,fast
B_291,aligned,2.2075000000000005,True,red,2.281079383140261,0.007477185418805218,slow
B_291,conflict,5.8267500000000005,True,blue,2.281079383140261,0.09894635138929975,fast
B_292,aligned,2.8236250000000003,True,red,2.329296206228501,0.08143733225438145,slow
B_292,conflict,5.633,True,blue,2.329296206228501,0.1455647960109088,fast
B_293,aligned,2.5330000000000004,True,red,2.394124590163564,0.029901184815988597,slow
B_293,conflict,5.303625,True,blue,2.394124590163564,0.14991895666407645,fast
B_294,aligned,2.75,True,red,2.723841010203973,0.014772912825781569,slow
B_294,conflict,5.334625,True,blue,2.723841010203973,0.16205528258071786,fast
B_295,aligned,2.57175,True,red,2.59901243074723,0.007946094886465206,slow
B_295,conflict,5.474125,True,blue,2.59901243074723,0.139041726300608,fast
B_296,aligned,2.5562500000000004,True,red,2.6327794303498147,0.008565991156924304,slow
B_296,conflict,5.226125000000001,True,blue,2.6327794303498147,0.11354719507758623,fast
B_297,aligned,2.653125,True,red,2.759021958581076,0.03473945392070957,slow
B_297,conflict,5.31525,True,blue,2.759021958581076,0.15506787734013947,fast
B_298,aligned,2.6221250000000005,True,red,2.9727375389230164,0.07119720299119817,slow
B_298,conflict,5.443125,True,blue,2.9727375389230164,0.13018605052481008,fast
B_299,aligned,2.781,True,red,2.873380202036466,0.015928722698648094,slow
B_299,conflict,5.4121250000000005,True,blue,2.873380202036466,0.14752314779367878,fast
B_300,aligned,2.5020000000000002,True,red,2.742079453714555,0.04094376911607948,slow
B_300,conflict,5.311375,True,blue,2.742079453714555,0.12113719176850046,fast
B_301,aligned,2.6221250000000005,True,red,2.2828690579534596,0.05901700517342487,slow
B_301,conflict,5.22225,True,blue,2.2828690579534596,0.1287843149411136,fast
B_302,aligned,2.707375,True,red,2.9989779247419364,0.06879198531398503,slow
B_302,conflict,6.07475,True,blue,2.9989779247419364,0.13566515985030464,fast
B_303,aligned,2.4167500000000004,True,red,2.5285657418684746,0.026827553074657565,slow
B_303,conflict,5.4121250000000005,True,blue,2.5285657418684746,0.14234085215886164,fast
B_304,aligned,2.3237500000000004,True,red,2.430624559438521,0.011424504953093929,slow
B_304,conflict,6.2646250000000006,True,blue,2.430624559438521,0.09167305946522765,fast
B_305,aligned,2.8236250000000003,True,red,2.2953096150635064,0.10243280502659387,slow
B_305,conflict,5.42375,True,blue,2.2953096150635064,0.1593286835456122,fast
B_306,aligned,2.26175,True,red,2.689494021880791,0.06314978500687145,slow
B_306,conflict,6.41575,True,blue,2.689494021880791,0.09345840012641914,
B_307,aligned,2.44775,True,red,2.491094251239132,0.012752840356820363,slow
B_307,conflict,5.071125,True,blue,2.491094251239132,0.15308759634262958,
B_308,aligned,3.0406250000000004,True,red,2.645727994962933,0.043724554003333936,
B_308,conflict,5.288125,True,blue,2.645727994962933,0.10641020376233312,fast
B_309,aligned,2.68025,True,red,2.8617034093855187,0.038845493432445505,slow
B_309,conflict,5.175750000000001,True,blue,2.8617034093855187,0.14736280220142656,
B_310,aligned,2.319875,True,red,2.5961372284699147,0.046420756115311136,slow
B_310,conflict,5.559375,True,blue,2.5961372284699147,0.14554273593888983,fast
B_311,aligned,2.722875,True,red,2.962742833181832,0.05792364362170794,slow
B_311,conflict,5.311375,True,blue,2.962742833181832,0.12273812996695663,fast
B_312,aligned,2.8585000000000003,True,red,2.6379263182299133,0.05254092320269471,slow
B_312,conflict,5.536125,True,blue,2.6379263182299133,0.14890511076410615,fast
B_313,aligned,2.226875,True,red,2.212744270080598,0.023251483737312856,slow
B_313,conflict,5.90425,True,blue,2.212744270080598,0.13603949667016588,fast
B_314,aligned,2.335375,True,red,2.6831980211866653,0.06800515794394149,slow
B_314,conflict,5.2958750000000006,True,blue,2.6831980211866653,0.11979499826847637,fast
B_315,aligned,2.9863750000000002,True,red,2.863482986175258,0.01864529957632824,slow
B_315,conflict,5.133125,True,blue,2.863482986175258,0.09755520481179525,
B_316,aligned,2.7616250000000004,True,red,2.878313899718598,0.01933665394430621,slow
B_316,conflict,5.51675,True,blue,2.878313899718598,0.11239908694059203,fast
B_317,aligned,2.6918750000000005,True,red,2.797856044371013,0.018667106624419887,slow
B_317,conflict,5.36175,True,blue,2.797856044371013,0.10465594460740676,fast
B_318,aligned,2.6105,True,red,2.914148246380493,0.08087104748473888,slow
B_318,conflict,5.102125,True,blue,2.914148246380493,0.15546569019262785,
B_319,aligned,2.7151250000000005,True,red,2.722943800907391,0.006572417472527419,slow
B_319,conflict,5.536125,True,blue,2.722943800907391,0.12941009019599223,fast
B_320,aligned,2.529125,True,red,2.7388084236738517,0.04243460728871679,slow
B_320,conflict,5.3695,True,blue,2.7388084236738517,0.1059578912795104,fast
B_321,aligned,2.637625,True,red,2.225630492199157,0.06902815624018209,slow
B_321,conflict,5.31525,True,blue,2.225630492199157,0.1359510352221055,fast
B_322,aligned,2.5330000000000004,True,red,2.482491387218784,0.013271211181448533,slow
B_322,conflict,6.0360000000000005,True,blue,2.482491387218784,0.14083272307041578,fast
B_323,aligned,2.637625,True,red,2.6770067620655893,0.018738839646540228,slow
B_323,conflict,5.447,True,blue,2.6770067620655893,0.1448277165026927,fast
B_324,aligned,2.471,True,red,2.385615347550262,0.016201763096439382,slow
B_324,conflict,5.2765,True,blue,2.385615347550262,0.12434405355336353,fast
B_325,aligned,2.8585000000000003,True,red,2.990544713013444,0.014869126821134856,slow
B_325,conflict,5.303625,True,blue,2.990544713013444,0.1012062244535728,fast
B_326,aligned,2.707375,True,red,2.6732550563085957,0.00898715356487365,slow
B_326,conflict,5.3888750000000005,True,blue,2.6732550563085957,0.0970655796849925,fast
B_327,aligned,2.684125,True,red,2.3739624539607953,0.031486596453983724,slow
B_327,conflict,5.226125000000001,True,blue,2.3739624539607953,0.09731151393654554,fast
B_328,aligned,2.35475,True,red,2.6953369250686983,0.08617896260565325,slow
B_328,conflict,5.261,True,blue,2.6953369250686983,0.15682429398535214,fast
B_329,aligned,2.5485,True,red,2.5663721236850408,0.00649848263309444,slow
B_329,conflict,5.25325,True,blue,2.5663721236850408,0.12900448920362503,fast
B_330,aligned,2.288875,True,red,2.7189419378650044,0.07876727773194857,slow
B_330,conflict,5.14475,True,blue,2.7189419378650044,0.13252202913439537,
B_331,aligned,2.3625000000000003,True,red,2.3995637573961464,0.02455498389875016,slow
B_331,conflict,5.4005,True,blue,2.3995637573961464,0.11140195719265666,fast
B_332,aligned,2.335375,True,red,2.389986828435913,0.02347357448059239,slow
B_332,conflict,6.047625,True,blue,2.389986828435913,0.12354815232144147,fast
B_333,aligned,2.381875,True,red,2.815652147872674,0.06409148163388817,slow
B_333,conflict,6.001125,True,blue,2.815652147872674,0.115067061514127,fast
B_334,aligned,2.936,True,red,2.9687181849468818,0.020519967133547614,slow
B_334,conflict,5.47025,True,blue,2.9687181849468818,0.15268374934565176,fast
B_335,aligned,2.6260000000000003,True,red,2.251724758591694,0.06312003018278016,slow
B_335,conflict,5.171875,True,blue,2.251724758591694,0.13017516017902672,
B_336,aligned,2.8120000000000003,True,red,2.621459088305775,0.02991270612312723,slow
B_336,conflict,5.977875,True,blue,2.621459088305775,0.10973231425566199,fast
B_337,aligned,2.5795000000000003,True,red,2.226122778568058,0.0615073430518332,slow
B_337,conflict,5.7415,True,blue,2.226122778568058,0.12742182262596527,fast
B_338,aligned,2.4438750000000002,True,red,2.4954933410904983,0.01316704726683008,slow
B_338,conflict,6.1290000000000004,True,blue,2.4954933410904983,0.13431205213921238,fast
B_339,aligned,2.4322500000000002,True,red,2.6968141818340032,0.04628356939063279,slow
B_339,conflict,6.295625,True,blue,2.6968141818340032,0.09666955159122123,fast
B_340,aligned,3.0638750000000003,True,red,2.392921549274701,0.11226590011830298,
B_340,conflict,5.199,True,blue,2.392921549274701,0.11947124383691582,
B_341,aligned,2.8546250000000004,True,red,2.6821660677234647,0.03551041838405784,slow
B_341,conflict,5.652375,True,blue,2.6821660677234647,0.11609281002010922,fast
B_342,aligned,2.5988750000000005,True,red,2.9304991476248996,0.06735064737619462,slow
B_342,conflict,5.241625,True,blue,2.9304991476248996,0.12318116882115643,fast
B_343,aligned,2.75775,True,red,2.668090749826458,0.025444168199121025,slow
B_343,conflict,5.48575,True,blue,2.668090749826458,0.17390894880768087,fast
B_344,aligned,2.8701250000000003,True,red,2.373152579927578,0.1288533580437717,slow
B_344,conflict,5.354,True,blue,2.373152579927578,0.161475013345364,fast
B_345,aligned,2.9476250000000004,True,red,2.6642188495218373,0.058687211823650144,slow
B_345,conflict,5.757000000000001,True,blue,2.6642188495218373,0.11984522279378731,fast
B_346,aligned,2.9631250000000002,True,red,2.946115721181945,0.016798092136519158,slow
B_346,conflict,5.447,True,blue,2.946115721181945,0.1379444765441263,fast
B_347,aligned,2.552375,True,red,2.233008429592022,0.04941650505177602,slow
B_347,conflict,5.28425,True,blue,2.233008429592022,0.10862209158211925,fast
B_348,aligned,2.71125,True,red,2.232060540475203,0.10412092996424488,slow
B_348,conflict,5.22225,True,blue,2.232060540475203,0.1721201583554616,fast
B_349,aligned,2.61825,True,red,2.9679130495058867,0.068685588833144,slow
B_349,conflict,5.20675,True,blue,2.9679130495058867,0.13138931836979342,fast
B_350,aligned,2.378,True,red,2.382654044665334,0.01290557039751484,slow
B_350,conflict,5.489625,True,blue,2.382654044665334,0.1388641422236601,fast
B_351,aligned,2.72675,True,red,2.734095861533191,0.007734132543030644,slow
B_351,conflict,5.40825,True,blue,2.734095861533191,0.13360876926716098,fast
B_352,aligned,2.9166250000000002,True,red,2.3006390030646116,0.0961046064805074,slow
B_352,conflict,5.81125,True,blue,2.3006390030646116,0.11491375863293342,fast
B_353,aligned,3.032875,True,red,2.4331238844728205,0.11115019217079056,
B_353,conflict,5.48575,True,blue,2.4331238844728205,0.1538677863306706,fast
B_354,aligned,2.412875,True,red,2.3764695536835925,0.018190456875979484,slow
B_354,conflict,5.71825,True,blue,2.3764695536835925,0.11210750076043398,fast
B_355,aligned,2.7616250000000004,True,red,2.856546708841779,0.01886380222680934,slow
B_355,conflict,5.199,True,blue,2.856546708841779,0.1464594109321397,
B_356,aligned,2.3470000000000004,True,red,2.6739836426352244,0.05142813236745779,slow
B_356,conflict,5.36175,True,blue,2.6739836426352244,0.12277581472095486,fast
B_357,aligned,2.688,True,red,2.2861056713008843,0.05620178819065946,slow
B_357,conflict,5.23775,True,blue,2.2861056713008843,0.11787226074377447,fast
B_358,aligned,2.653125,True,red,2.5780608733515677,0.013231494816867643,slow
B_358,conflict,5.47025,True,blue,2.5780608733515677,0.13434687251714145,fast
B_359,aligned,2.792625,True,red,2.3000267327791724,0.11408371422396413,slow
B_359,conflict,5.34625,True,blue,2.3000267327791724,0.16766689870207666,fast
B_360,aligned,3.032875,True,red,2.896209148897011,0.04609383734626053,
B_360,conflict,5.23775,True,blue,2.896209148897011,0.15234175719008008,fast
B_361,aligned,2.6027500000000003,True,red,2.507028583146716,0.016920317884601892,slow
B_361,conflict,5.29975,True,blue,2.507028583146716,0.12512258540748633,fast
B_362,aligned,2.5330000000000004,True,red,2.5348965367137244,0.013558507323274375,slow
B_362,conflict,5.45475,True,blue,2.5348965367137244,0.1197182516377854,fast
B_363,aligned,2.521375,True,red,2.439049844965185,0.007528237122092972,slow
B_363,conflict,5.427625,True,blue,2.439049844965185,0.10942695503144817,fast
B_364,aligned,2.753875,True,red,2.479803186776181,0.04261571225772955,slow
B_364,conflict,5.354,True,blue,2.479803186776181,0.11881056335519861,fast
B_365,aligned,2.3702500000000004,True,red,2.5126511474154674,0.02111911961830594,slow
B_365,conflict,5.3385,True,blue,2.5126511474154674,0.12795469411564175,fast
B_366,aligned,2.6492500000000003,True,red,2.308948954528839,0.05527651920537859,slow
B_366,conflict,5.6795,True,blue,2.308948954528839,0.135008654091345,fast
B_367,aligned,2.777125,True,red,2.4296908246547297,0.04373656005630984,slow
B_367,conflict,5.334625,True,blue,2.4296908246547297,0.1314522829102107,fast
B_368,aligned,2.637625,True,red,2.3785137887236836,0.07066611149898135,slow
B_368,conflict,5.419875,True,blue,2.3785137887236836,0.17091326426902945,fast
B_369,aligned,2.459375,True,red,2.7623077496535062,0.04485021762232126,slow
B_369,conflict,5.34625,True,blue,2.7623077496535062,0.11343451754107194,fast
B_370,aligned,2.5988750000000005,True,red,2.4779880484940913,0.03313077364383254,slow
B_370,conflict,5.45475,True,blue,2.4779880484940913,0.14193785008828338,fast
B_371,aligned,2.3625000000000003,True,red,2.872414999271667,0.0897321110630879,slow
B_371,conflict,5.1215,True,blue,2.872414999271667,0.10500675554644677,
B_372,aligned,2.967,True,red,2.783956884693893,0.03328131000783863,slow
B_372,conflict,5.3423750000000005,True,blue,2.783956884693893,0.10081089678049489,fast
B_373,aligned,2.4400000000000004,True,red,2.542566642582086,0.021600205494619922,slow
B_373,conflict,5.474125,True,blue,2.542566642582086,0.16974889858608297,fast
B_374,aligned,2.2075000000000005,True,red,2.3467274048083526,0.032677845025985565,slow
B_374,conflict,5.37725,True,blue,2.3467274048083526,0.1520918318333943,fast
B_375,aligned,2.49425,True,red,2.597002895969494,0.028243884057596487,slow
B_375,conflict,5.350125,True,blue,2.597002895969494,0.16443602925769846,fast
B_376,aligned,2.29275,True,red,2.2040715636167407,0.01885023625448338,slow
B_376,conflict,5.40825,True,blue,2.2040715636167407,0.11145609634912691,fast
B_377,aligned,2.6415,True,red,2.2525673086974085,0.05941207567912873,slow
B_377,conflict,6.29175,True,blue,2.2525673086974085,0.10594787333062944,fast
B_378,aligned,2.319875,True,red,2.834506247248571,0.10024431146726547,slow
B_378,conflict,5.261,True,blue,2.834506247248571,0.13517275393640302,fast
B_379,aligned,2.58725,True,red,2.899431769649081,0.061091701436068555,slow
B_379,conflict,5.357875,True,blue,2.899431769649081,0.11751437871688324,fast
B_380,aligned,2.7383750000000004,True,red,2.9899955728818965,0.06014914373772805,slow
B_380,conflict,5.33075,True,blue,2.9899955728818965,0.14776875076539708,fast
B_381,aligned,2.4787500000000002,True,red,2.515587912234655,0.011002867840065789,slow
B_381,conflict,5.334625,True,blue,2.515587912234655,0.1287080958590826,fast
B_382,aligned,2.2385,True,red,2.5686972853367687,0.055702991866019666,slow
B_382,conflict,5.11375,True,blue,2.5686972853367687,0.11674960513599948,
B_383,aligned,2.482625,True,red,2.8601705851664017,0.061285245136588166,slow
B_383,conflict,5.509,True,blue,2.8601705851664017,0.14203748498840948,fast
